F                                                                        [100%]
=================================== FAILURES ===================================
_______________ TestXorGrammarLearnsXor.test_xor_class_accuracy ________________
test/test_explicit_dimensions.py:236: in test_xor_class_accuracy
    self.assertTrue(
E   AssertionError: False is not true : XOR_grammar requires all four answers correct: [0.2240181565284729, 0.32130923867225647, 0.9121899604797363, 0.2564021348953247]
----------------------------- Captured stdout call -----------------------------
Device: cpu
Peer pipeline: static PS/WS stage bodies compiled separately; legacy compatibility scheduler remains outside fullgraph capture


==== BasicModel ====

Trial [1/1]
Baseline test pass skipped (--test not specified). Re-invoke train.py with --test to include baseline + post-epoch evaluation.
Epoch [1/400]
[AMP] off (fp32, MODEL_AMP unset or =off)
batch = 0 (warm-up, 100.00%)
Training throughput: 1 batches in 107.552s; word units 100.0% of 8 words (letters-only 100.0% of 8).
Train Loss: output=0.1774, reconstruction=2.3030
Epoch [2/400]
batch = 0 (Δ=0.346s, 100.00%)
Training throughput: 1 batches in 0.346s; word units 100.0% of 8 words (letters-only 100.0% of 8).
Train Loss: output=0.1821, reconstruction=5.2098
Epoch [3/400]
batch = 0 (Δ=0.383s, 100.00%)
Training throughput: 1 batches in 0.382s; word units 100.0% of 8 words (letters-only 100.0% of 8).
Train Loss: output=0.1672, reconstruction=9.2364
Epoch [4/400]
batch = 0 (Δ=0.345s, 100.00%)
Training throughput: 1 batches in 0.345s; word units 100.0% of 8 words (letters-only 100.0% of 8).
Train Loss: output=0.1510, reconstruction=7.5663
Epoch [5/400]
batch = 0 (Δ=0.340s, 100.00%)
Training throughput: 1 batches in 0.340s; word units 100.0% of 8 words (letters-only 100.0% of 8).
Train Loss: output=0.1540, reconstruction=6.9923
Epoch [6/400]
batch = 0 (Δ=0.339s, 100.00%)
Training throughput: 1 batches in 0.338s; word units 100.0% of 8 words (letters-only 100.0% of 8).
Train Loss: output=0.1515, reconstruction=9.8468
Epoch [7/400]
batch = 0 (Δ=0.338s, 100.00%)
Training throughput: 1 batches in 0.338s; word units 100.0% of 8 words (letters-only 100.0% of 8).
Train Loss: output=0.1433, reconstruction=9.0829
Epoch [8/400]
batch = 0 (Δ=0.338s, 100.00%)
Training throughput: 1 batches in 0.337s; word units 100.0% of 8 words (letters-only 100.0% of 8).
Train Loss: output=0.1329, reconstruction=7.3222
Epoch [9/400]
batch = 0 (Δ=0.345s, 100.00%)
Training throughput: 1 batches in 0.344s; word units 100.0% of 8 words (letters-only 100.0% of 8).
Train Loss: output=0.1537, reconstruction=2.3074
Epoch [10/400]
batch = 0 (Δ=0.342s, 100.00%)
Training throughput: 1 batches in 0.341s; word units 100.0% of 8 words (letters-only 100.0% of 8).
Train Loss: output=0.1350, reconstruction=2.3092
Epoch [11/400]
batch = 0 (Δ=0.344s, 100.00%)
Training throughput: 1 batches in 0.343s; word units 100.0% of 8 words (letters-only 100.0% of 8).
Train Loss: output=0.1673, reconstruction=7.4029
Epoch [12/400]
batch = 0 (Δ=0.345s, 100.00%)
Training throughput: 1 batches in 0.345s; word units 100.0% of 8 words (letters-only 100.0% of 8).
Train Loss: output=0.1661, reconstruction=7.3252
Epoch [13/400]
batch = 0 (Δ=0.347s, 100.00%)
Training throughput: 1 batches in 0.346s; word units 100.0% of 8 words (letters-only 100.0% of 8).
Train Loss: output=0.1629, reconstruction=7.3275
Epoch [14/400]
batch = 0 (Δ=0.344s, 100.00%)
Training throughput: 1 batches in 0.344s; word units 100.0% of 8 words (letters-only 100.0% of 8).
Train Loss: output=0.1670, reconstruction=7.8648
Epoch [15/400]
batch = 0 (Δ=0.344s, 100.00%)
Training throughput: 1 batches in 0.344s; word units 100.0% of 8 words (letters-only 100.0% of 8).
Train Loss: output=0.1254, reconstruction=8.1282
Epoch [16/400]
batch = 0 (Δ=0.349s, 100.00%)
Training throughput: 1 batches in 0.348s; word units 100.0% of 8 words (letters-only 100.0% of 8).
Train Loss: output=0.1681, reconstruction=4.9215
Epoch [17/400]
batch = 0 (Δ=0.342s, 100.00%)
Training throughput: 1 batches in 0.342s; word units 100.0% of 8 words (letters-only 100.0% of 8).
Train Loss: output=0.1612, reconstruction=5.2679
Epoch [18/400]
batch = 0 (Δ=0.345s, 100.00%)
Training throughput: 1 batches in 0.345s; word units 100.0% of 8 words (letters-only 100.0% of 8).
Train Loss: output=0.1852, reconstruction=3.8785
Epoch [19/400]
batch = 0 (Δ=0.342s, 100.00%)
Training throughput: 1 batches in 0.341s; word units 100.0% of 8 words (letters-only 100.0% of 8).
Train Loss: output=0.1267, reconstruction=2.9312
Epoch [20/400]
batch = 0 (Δ=0.347s, 100.00%)
Training throughput: 1 batches in 0.346s; word units 100.0% of 8 words (letters-only 100.0% of 8).
Train Loss: output=0.0962, reconstruction=8.3789
Epoch [21/400]
batch = 0 (Δ=0.343s, 100.00%)
Training throughput: 1 batches in 0.343s; word units 100.0% of 8 words (letters-only 100.0% of 8).
Train Loss: output=0.1264, reconstruction=5.8879
Epoch [22/400]
batch = 0 (Δ=0.344s, 100.00%)
Training throughput: 1 batches in 0.343s; word units 100.0% of 8 words (letters-only 100.0% of 8).
Train Loss: output=0.1415, reconstruction=5.0025
Epoch [23/400]
batch = 0 (Δ=0.348s, 100.00%)
Training throughput: 1 batches in 0.348s; word units 100.0% of 8 words (letters-only 100.0% of 8).
Train Loss: output=0.1138, reconstruction=5.5478
Epoch [24/400]
batch = 0 (Δ=0.348s, 100.00%)
Training throughput: 1 batches in 0.347s; word units 100.0% of 8 words (letters-only 100.0% of 8).
Train Loss: output=0.1485, reconstruction=7.0438
Epoch [25/400]
batch = 0 (Δ=0.343s, 100.00%)
Training throughput: 1 batches in 0.343s; word units 100.0% of 8 words (letters-only 100.0% of 8).
Train Loss: output=0.1467, reconstruction=6.5795
Epoch [26/400]
batch = 0 (Δ=0.344s, 100.00%)
Training throughput: 1 batches in 0.344s; word units 100.0% of 8 words (letters-only 100.0% of 8).
Train Loss: output=0.1557, reconstruction=6.2736
Epoch [27/400]
batch = 0 (Δ=0.345s, 100.00%)
Training throughput: 1 batches in 0.345s; word units 100.0% of 8 words (letters-only 100.0% of 8).
Train Loss: output=0.1542, reconstruction=6.7181
Epoch [28/400]
batch = 0 (Δ=0.362s, 100.00%)
Training throughput: 1 batches in 0.362s; word units 100.0% of 8 words (letters-only 100.0% of 8).
Train Loss: output=0.1567, reconstruction=3.7329
Epoch [29/400]
batch = 0 (Δ=0.346s, 100.00%)
Training throughput: 1 batches in 0.346s; word units 100.0% of 8 words (letters-only 100.0% of 8).
Train Loss: output=0.1472, reconstruction=6.1710
Epoch [30/400]
batch = 0 (Δ=0.347s, 100.00%)
Training throughput: 1 batches in 0.346s; word units 100.0% of 8 words (letters-only 100.0% of 8).
Train Loss: output=0.1498, reconstruction=6.6550
Epoch [31/400]
batch = 0 (Δ=0.346s, 100.00%)
Training throughput: 1 batches in 0.346s; word units 100.0% of 8 words (letters-only 100.0% of 8).
Train Loss: output=0.1439, reconstruction=6.7394
Epoch [32/400]
batch = 0 (Δ=0.343s, 100.00%)
Training throughput: 1 batches in 0.343s; word units 100.0% of 8 words (letters-only 100.0% of 8).
Train Loss: output=0.1764, reconstruction=3.0169
Epoch [33/400]
batch = 0 (Δ=0.348s, 100.00%)
Training throughput: 1 batches in 0.347s; word units 100.0% of 8 words (letters-only 100.0% of 8).
Train Loss: output=0.1728, reconstruction=6.0325
Epoch [34/400]
batch = 0 (Δ=0.345s, 100.00%)
Training throughput: 1 batches in 0.344s; word units 100.0% of 8 words (letters-only 100.0% of 8).
Train Loss: output=0.1259, reconstruction=5.5212
Epoch [35/400]
batch = 0 (Δ=0.345s, 100.00%)
Training throughput: 1 batches in 0.345s; word units 100.0% of 8 words (letters-only 100.0% of 8).
Train Loss: output=0.1333, reconstruction=3.1936
Epoch [36/400]
batch = 0 (Δ=0.343s, 100.00%)
Training throughput: 1 batches in 0.342s; word units 100.0% of 8 words (letters-only 100.0% of 8).
Train Loss: output=0.1944, reconstruction=3.0276
Epoch [37/400]
batch = 0 (Δ=0.345s, 100.00%)
Training throughput: 1 batches in 0.344s; word units 100.0% of 8 words (letters-only 100.0% of 8).
Train Loss: output=0.1877, reconstruction=3.0143
Epoch [38/400]
batch = 0 (Δ=0.361s, 100.00%)
Training throughput: 1 batches in 0.360s; word units 100.0% of 8 words (letters-only 100.0% of 8).
Train Loss: output=0.1387, reconstruction=5.8924
Epoch [39/400]
batch = 0 (Δ=0.347s, 100.00%)
Training throughput: 1 batches in 0.347s; word units 100.0% of 8 words (letters-only 100.0% of 8).
Train Loss: output=0.1225, reconstruction=3.0173
Epoch [40/400]
batch = 0 (Δ=0.340s, 100.00%)
Training throughput: 1 batches in 0.339s; word units 100.0% of 8 words (letters-only 100.0% of 8).
Train Loss: output=0.1744, reconstruction=5.9149
Epoch [41/400]
batch = 0 (Δ=0.342s, 100.00%)
Training throughput: 1 batches in 0.341s; word units 100.0% of 8 words (letters-only 100.0% of 8).
Train Loss: output=0.1386, reconstruction=6.1027
Epoch [42/400]
batch = 0 (Δ=0.346s, 100.00%)
Training throughput: 1 batches in 0.345s; word units 100.0% of 8 words (letters-only 100.0% of 8).
Train Loss: output=0.0878, reconstruction=6.2438
Epoch [43/400]
batch = 0 (Δ=0.344s, 100.00%)
Training throughput: 1 batches in 0.344s; word units 100.0% of 8 words (letters-only 100.0% of 8).
Train Loss: output=0.1027, reconstruction=6.0413
Epoch [44/400]
batch = 0 (Δ=0.344s, 100.00%)
Training throughput: 1 batches in 0.344s; word units 100.0% of 8 words (letters-only 100.0% of 8).
Train Loss: output=0.1204, reconstruction=5.9090
Epoch [45/400]
batch = 0 (Δ=0.344s, 100.00%)
Training throughput: 1 batches in 0.344s; word units 100.0% of 8 words (letters-only 100.0% of 8).
Train Loss: output=0.1312, reconstruction=5.8980
Epoch [46/400]
batch = 0 (Δ=0.340s, 100.00%)
Training throughput: 1 batches in 0.340s; word units 100.0% of 8 words (letters-only 100.0% of 8).
Train Loss: output=0.1240, reconstruction=5.8984
Epoch [47/400]
batch = 0 (Δ=0.343s, 100.00%)
Training throughput: 1 batches in 0.343s; word units 100.0% of 8 words (letters-only 100.0% of 8).
Train Loss: output=0.0834, reconstruction=4.8843
Epoch [48/400]
batch = 0 (Δ=0.343s, 100.00%)
Training throughput: 1 batches in 0.343s; word units 100.0% of 8 words (letters-only 100.0% of 8).
Train Loss: output=0.1460, reconstruction=5.9939
Epoch [49/400]
batch = 0 (Δ=0.343s, 100.00%)
Training throughput: 1 batches in 0.343s; word units 100.0% of 8 words (letters-only 100.0% of 8).
Train Loss: output=0.0757, reconstruction=6.1064
Epoch [50/400]
batch = 0 (Δ=0.345s, 100.00%)
Training throughput: 1 batches in 0.344s; word units 100.0% of 8 words (letters-only 100.0% of 8).
Train Loss: output=0.1264, reconstruction=5.9946
Epoch [51/400]
batch = 0 (Δ=0.343s, 100.00%)
Training throughput: 1 batches in 0.343s; word units 100.0% of 8 words (letters-only 100.0% of 8).
Train Loss: output=0.0744, reconstruction=5.9084
Epoch [52/400]
batch = 0 (Δ=0.345s, 100.00%)
Training throughput: 1 batches in 0.344s; word units 100.0% of 8 words (letters-only 100.0% of 8).
Train Loss: output=0.1476, reconstruction=4.8508
Epoch [53/400]
batch = 0 (Δ=0.347s, 100.00%)
Training throughput: 1 batches in 0.347s; word units 100.0% of 8 words (letters-only 100.0% of 8).
Train Loss: output=0.1410, reconstruction=4.8430
Epoch [54/400]
batch = 0 (Δ=0.348s, 100.00%)
Training throughput: 1 batches in 0.348s; word units 100.0% of 8 words (letters-only 100.0% of 8).
Train Loss: output=0.2329, reconstruction=5.8959
Epoch [55/400]
batch = 0 (Δ=0.344s, 100.00%)
Training throughput: 1 batches in 0.344s; word units 100.0% of 8 words (letters-only 100.0% of 8).
Train Loss: output=0.1742, reconstruction=5.9023
Epoch [56/400]
batch = 0 (Δ=0.348s, 100.00%)
Training throughput: 1 batches in 0.348s; word units 100.0% of 8 words (letters-only 100.0% of 8).
Train Loss: output=0.0642, reconstruction=5.9672
Epoch [57/400]
batch = 0 (Δ=0.346s, 100.00%)
Training throughput: 1 batches in 0.346s; word units 100.0% of 8 words (letters-only 100.0% of 8).
Train Loss: output=0.0749, reconstruction=6.2389
Epoch [58/400]
batch = 0 (Δ=0.346s, 100.00%)
Training throughput: 1 batches in 0.345s; word units 100.0% of 8 words (letters-only 100.0% of 8).
Train Loss: output=0.1447, reconstruction=6.3082
Epoch [59/400]
batch = 0 (Δ=0.346s, 100.00%)
Training throughput: 1 batches in 0.345s; word units 100.0% of 8 words (letters-only 100.0% of 8).
Train Loss: output=0.2020, reconstruction=6.1152
Epoch [60/400]
batch = 0 (Δ=0.344s, 100.00%)
Training throughput: 1 batches in 0.344s; word units 100.0% of 8 words (letters-only 100.0% of 8).
Train Loss: output=0.2257, reconstruction=5.9263
Epoch [61/400]
batch = 0 (Δ=0.339s, 100.00%)
Training throughput: 1 batches in 0.339s; word units 100.0% of 8 words (letters-only 100.0% of 8).
Train Loss: output=0.1588, reconstruction=5.9011
Epoch [62/400]
batch = 0 (Δ=0.342s, 100.00%)
Training throughput: 1 batches in 0.342s; word units 100.0% of 8 words (letters-only 100.0% of 8).
Train Loss: output=0.2067, reconstruction=4.7986
Epoch [63/400]
batch = 0 (Δ=0.344s, 100.00%)
Training throughput: 1 batches in 0.344s; word units 100.0% of 8 words (letters-only 100.0% of 8).
Train Loss: output=0.1590, reconstruction=5.8985
Epoch [64/400]
batch = 0 (Δ=0.341s, 100.00%)
Training throughput: 1 batches in 0.341s; word units 100.0% of 8 words (letters-only 100.0% of 8).
Train Loss: output=0.1086, reconstruction=5.9006
Epoch [65/400]
batch = 0 (Δ=0.343s, 100.00%)
Training throughput: 1 batches in 0.343s; word units 100.0% of 8 words (letters-only 100.0% of 8).
Train Loss: output=0.1133, reconstruction=5.9042
Epoch [66/400]
batch = 0 (Δ=0.347s, 100.00%)
Training throughput: 1 batches in 0.347s; word units 100.0% of 8 words (letters-only 100.0% of 8).
Train Loss: output=0.1477, reconstruction=5.9105
Epoch [67/400]
batch = 0 (Δ=0.343s, 100.00%)
Training throughput: 1 batches in 0.343s; word units 100.0% of 8 words (letters-only 100.0% of 8).
Train Loss: output=0.1469, reconstruction=5.9368
Epoch [68/400]
batch = 0 (Δ=0.341s, 100.00%)
Training throughput: 1 batches in 0.340s; word units 100.0% of 8 words (letters-only 100.0% of 8).
Train Loss: output=0.1434, reconstruction=6.0574
Epoch [69/400]
batch = 0 (Δ=0.344s, 100.00%)
Training throughput: 1 batches in 0.343s; word units 100.0% of 8 words (letters-only 100.0% of 8).
Train Loss: output=0.0781, reconstruction=5.0856
Epoch [70/400]
batch = 0 (Δ=0.344s, 100.00%)
Training throughput: 1 batches in 0.343s; word units 100.0% of 8 words (letters-only 100.0% of 8).
Train Loss: output=0.1028, reconstruction=5.0778
Epoch [71/400]
batch = 0 (Δ=0.346s, 100.00%)
Training throughput: 1 batches in 0.345s; word units 100.0% of 8 words (letters-only 100.0% of 8).
Train Loss: output=0.1147, reconstruction=5.9973
Epoch [72/400]
batch = 0 (Δ=0.346s, 100.00%)
Training throughput: 1 batches in 0.345s; word units 100.0% of 8 words (letters-only 100.0% of 8).
Train Loss: output=0.1362, reconstruction=3.0332
Epoch [73/400]
batch = 0 (Δ=1.599s, 100.00%)
Training throughput: 1 batches in 1.599s; word units 100.0% of 8 words (letters-only 100.0% of 8).
Train Loss: output=0.0817, reconstruction=4.7651
Epoch [74/400]
batch = 0 (Δ=0.343s, 100.00%)
Training throughput: 1 batches in 0.343s; word units 100.0% of 8 words (letters-only 100.0% of 8).
Train Loss: output=0.0773, reconstruction=5.9014
Epoch [75/400]
batch = 0 (Δ=0.341s, 100.00%)
Training throughput: 1 batches in 0.340s; word units 100.0% of 8 words (letters-only 100.0% of 8).
Train Loss: output=0.0887, reconstruction=5.9009
Epoch [76/400]
batch = 0 (Δ=0.343s, 100.00%)
Training throughput: 1 batches in 0.342s; word units 100.0% of 8 words (letters-only 100.0% of 8).
Train Loss: output=0.0946, reconstruction=1.8599
Epoch [77/400]
batch = 0 (Δ=0.343s, 100.00%)
Training throughput: 1 batches in 0.343s; word units 100.0% of 8 words (letters-only 100.0% of 8).
Train Loss: output=0.1080, reconstruction=0.1041
Epoch [78/400]
batch = 0 (Δ=0.338s, 100.00%)
Training throughput: 1 batches in 0.337s; word units 100.0% of 8 words (letters-only 100.0% of 8).
Train Loss: output=0.0721, reconstruction=2.9835
Epoch [79/400]
batch = 0 (Δ=0.338s, 100.00%)
Training throughput: 1 batches in 0.338s; word units 100.0% of 8 words (letters-only 100.0% of 8).
Train Loss: output=0.0693, reconstruction=4.7310
Epoch [80/400]
batch = 0 (Δ=0.341s, 100.00%)
Training throughput: 1 batches in 0.340s; word units 100.0% of 8 words (letters-only 100.0% of 8).
Train Loss: output=0.0986, reconstruction=3.0348
Epoch [81/400]
batch = 0 (Δ=0.342s, 100.00%)
Training throughput: 1 batches in 0.342s; word units 100.0% of 8 words (letters-only 100.0% of 8).
Train Loss: output=0.0675, reconstruction=5.9779
Epoch [82/400]
batch = 0 (Δ=0.348s, 100.00%)
Training throughput: 1 batches in 0.347s; word units 100.0% of 8 words (letters-only 100.0% of 8).
Train Loss: output=0.0638, reconstruction=6.0938
Epoch [83/400]
batch = 0 (Δ=0.341s, 100.00%)
Training throughput: 1 batches in 0.341s; word units 100.0% of 8 words (letters-only 100.0% of 8).
Train Loss: output=0.0902, reconstruction=6.0912
Epoch [84/400]
batch = 0 (Δ=0.345s, 100.00%)
Training throughput: 1 batches in 0.345s; word units 100.0% of 8 words (letters-only 100.0% of 8).
Train Loss: output=0.0719, reconstruction=5.9730
Epoch [85/400]
batch = 0 (Δ=0.389s, 100.00%)
Training throughput: 1 batches in 0.389s; word units 100.0% of 8 words (letters-only 100.0% of 8).
Train Loss: output=0.0769, reconstruction=5.9221
Epoch [86/400]
batch = 0 (Δ=0.347s, 100.00%)
Training throughput: 1 batches in 0.347s; word units 100.0% of 8 words (letters-only 100.0% of 8).
Train Loss: output=0.0765, reconstruction=1.8520
Epoch [87/400]
batch = 0 (Δ=0.349s, 100.00%)
Training throughput: 1 batches in 0.349s; word units 100.0% of 8 words (letters-only 100.0% of 8).
Train Loss: output=0.0681, reconstruction=5.9261
Epoch [88/400]
batch = 0 (Δ=0.340s, 100.00%)
Training throughput: 1 batches in 0.340s; word units 100.0% of 8 words (letters-only 100.0% of 8).
Train Loss: output=0.0662, reconstruction=5.9886
Epoch [89/400]
batch = 0 (Δ=0.343s, 100.00%)
Training throughput: 1 batches in 0.343s; word units 100.0% of 8 words (letters-only 100.0% of 8).
Train Loss: output=0.0705, reconstruction=3.1952
Epoch [90/400]
batch = 0 (Δ=0.341s, 100.00%)
Training throughput: 1 batches in 0.340s; word units 100.0% of 8 words (letters-only 100.0% of 8).
Train Loss: output=0.0569, reconstruction=5.9904
Epoch [91/400]
batch = 0 (Δ=0.349s, 100.00%)
Training throughput: 1 batches in 0.349s; word units 100.0% of 8 words (letters-only 100.0% of 8).
Train Loss: output=0.0534, reconstruction=5.9190
Epoch [92/400]
batch = 0 (Δ=0.344s, 100.00%)
Training throughput: 1 batches in 0.343s; word units 100.0% of 8 words (letters-only 100.0% of 8).
Train Loss: output=0.0491, reconstruction=5.9079
Epoch [93/400]
batch = 0 (Δ=0.347s, 100.00%)
Training throughput: 1 batches in 0.346s; word units 100.0% of 8 words (letters-only 100.0% of 8).
Train Loss: output=0.0604, reconstruction=4.7089
Epoch [94/400]
batch = 0 (Δ=0.344s, 100.00%)
Training throughput: 1 batches in 0.343s; word units 100.0% of 8 words (letters-only 100.0% of 8).
Train Loss: output=0.0606, reconstruction=5.9058
Epoch [95/400]
batch = 0 (Δ=0.345s, 100.00%)
Training throughput: 1 batches in 0.345s; word units 100.0% of 8 words (letters-only 100.0% of 8).
Train Loss: output=0.0663, reconstruction=5.9076
Epoch [96/400]
batch = 0 (Δ=0.351s, 100.00%)
Training throughput: 1 batches in 0.350s; word units 100.0% of 8 words (letters-only 100.0% of 8).
Train Loss: output=0.0623, reconstruction=5.9124
Epoch [97/400]
batch = 0 (Δ=0.350s, 100.00%)
Training throughput: 1 batches in 0.349s; word units 100.0% of 8 words (letters-only 100.0% of 8).
Train Loss: output=0.0521, reconstruction=5.9713
Epoch [98/400]
batch = 0 (Δ=0.342s, 100.00%)
Training throughput: 1 batches in 0.341s; word units 100.0% of 8 words (letters-only 100.0% of 8).
Train Loss: output=0.0589, reconstruction=4.7406
Epoch [99/400]
batch = 0 (Δ=0.341s, 100.00%)
Training throughput: 1 batches in 0.341s; word units 100.0% of 8 words (letters-only 100.0% of 8).
Train Loss: output=0.0814, reconstruction=4.7273
Epoch [100/400]
batch = 0 (Δ=0.343s, 100.00%)
Training throughput: 1 batches in 0.342s; word units 100.0% of 8 words (letters-only 100.0% of 8).
Train Loss: output=0.1049, reconstruction=4.7300
Epoch [101/400]
batch = 0 (Δ=0.345s, 100.00%)
Training throughput: 1 batches in 0.345s; word units 100.0% of 8 words (letters-only 100.0% of 8).
Train Loss: output=0.0610, reconstruction=4.7325
Epoch [102/400]
batch = 0 (Δ=0.342s, 100.00%)
Training throughput: 1 batches in 0.341s; word units 100.0% of 8 words (letters-only 100.0% of 8).
Train Loss: output=0.0724, reconstruction=4.7344
Epoch [103/400]
batch = 0 (Δ=0.343s, 100.00%)
Training throughput: 1 batches in 0.343s; word units 100.0% of 8 words (letters-only 100.0% of 8).
Train Loss: output=0.0891, reconstruction=4.7357
Epoch [104/400]
batch = 0 (Δ=0.343s, 100.00%)
Training throughput: 1 batches in 0.343s; word units 100.0% of 8 words (letters-only 100.0% of 8).
Train Loss: output=0.0905, reconstruction=4.7365
Epoch [105/400]
batch = 0 (Δ=0.339s, 100.00%)
Training throughput: 1 batches in 0.339s; word units 100.0% of 8 words (letters-only 100.0% of 8).
Train Loss: output=0.0805, reconstruction=4.7372
Epoch [106/400]
batch = 0 (Δ=0.344s, 100.00%)
Training throughput: 1 batches in 0.343s; word units 100.0% of 8 words (letters-only 100.0% of 8).
Train Loss: output=0.0911, reconstruction=4.7378
Epoch [107/400]
batch = 0 (Δ=0.339s, 100.00%)
Training throughput: 1 batches in 0.338s; word units 100.0% of 8 words (letters-only 100.0% of 8).
Train Loss: output=0.0953, reconstruction=4.7381
Epoch [108/400]
batch = 0 (Δ=0.346s, 100.00%)
Training throughput: 1 batches in 0.345s; word units 100.0% of 8 words (letters-only 100.0% of 8).
Train Loss: output=0.1604, reconstruction=4.7381
Epoch [109/400]
batch = 0 (Δ=0.341s, 100.00%)
Training throughput: 1 batches in 0.340s; word units 100.0% of 8 words (letters-only 100.0% of 8).
Train Loss: output=0.1446, reconstruction=4.7380
Epoch [110/400]
batch = 0 (Δ=0.345s, 100.00%)
Training throughput: 1 batches in 0.345s; word units 100.0% of 8 words (letters-only 100.0% of 8).
Train Loss: output=0.0765, reconstruction=4.7378
Epoch [111/400]
batch = 0 (Δ=0.339s, 100.00%)
Training throughput: 1 batches in 0.339s; word units 100.0% of 8 words (letters-only 100.0% of 8).
Train Loss: output=0.1272, reconstruction=4.7376
Epoch [112/400]
batch = 0 (Δ=0.341s, 100.00%)
Training throughput: 1 batches in 0.340s; word units 100.0% of 8 words (letters-only 100.0% of 8).
Train Loss: output=0.1421, reconstruction=4.7373
Epoch [113/400]
batch = 0 (Δ=0.343s, 100.00%)
Training throughput: 1 batches in 0.342s; word units 100.0% of 8 words (letters-only 100.0% of 8).
Train Loss: output=0.1189, reconstruction=4.7370
Epoch [114/400]
batch = 0 (Δ=0.344s, 100.00%)
Training throughput: 1 batches in 0.344s; word units 100.0% of 8 words (letters-only 100.0% of 8).
Train Loss: output=0.0963, reconstruction=4.7367
Epoch [115/400]
batch = 0 (Δ=0.345s, 100.00%)
Training throughput: 1 batches in 0.345s; word units 100.0% of 8 words (letters-only 100.0% of 8).
Train Loss: output=0.0901, reconstruction=4.7367
Epoch [116/400]
batch = 0 (Δ=0.344s, 100.00%)
Training throughput: 1 batches in 0.344s; word units 100.0% of 8 words (letters-only 100.0% of 8).
Train Loss: output=0.0704, reconstruction=4.7368
Epoch [117/400]
batch = 0 (Δ=0.339s, 100.00%)
Training throughput: 1 batches in 0.338s; word units 100.0% of 8 words (letters-only 100.0% of 8).
Train Loss: output=0.1078, reconstruction=4.7362
Epoch [118/400]
batch = 0 (Δ=0.341s, 100.00%)
Training throughput: 1 batches in 0.341s; word units 100.0% of 8 words (letters-only 100.0% of 8).
Train Loss: output=0.0510, reconstruction=4.7351
Epoch [119/400]
batch = 0 (Δ=0.344s, 100.00%)
Training throughput: 1 batches in 0.344s; word units 100.0% of 8 words (letters-only 100.0% of 8).
Train Loss: output=0.0773, reconstruction=4.7343
Epoch [120/400]
batch = 0 (Δ=0.345s, 100.00%)
Training throughput: 1 batches in 0.344s; word units 100.0% of 8 words (letters-only 100.0% of 8).
Train Loss: output=0.1229, reconstruction=4.7336
Epoch [121/400]
batch = 0 (Δ=0.346s, 100.00%)
Training throughput: 1 batches in 0.346s; word units 100.0% of 8 words (letters-only 100.0% of 8).
Train Loss: output=0.0669, reconstruction=4.7326
Epoch [122/400]
batch = 0 (Δ=0.344s, 100.00%)
Training throughput: 1 batches in 0.343s; word units 100.0% of 8 words (letters-only 100.0% of 8).
Train Loss: output=0.0979, reconstruction=4.7311
Epoch [123/400]
batch = 0 (Δ=0.342s, 100.00%)
Training throughput: 1 batches in 0.341s; word units 100.0% of 8 words (letters-only 100.0% of 8).
Train Loss: output=0.1140, reconstruction=4.7292
Epoch [124/400]
batch = 0 (Δ=0.339s, 100.00%)
Training throughput: 1 batches in 0.338s; word units 100.0% of 8 words (letters-only 100.0% of 8).
Train Loss: output=0.1020, reconstruction=4.7275
Epoch [125/400]
batch = 0 (Δ=0.346s, 100.00%)
Training throughput: 1 batches in 0.346s; word units 100.0% of 8 words (letters-only 100.0% of 8).
Train Loss: output=0.0822, reconstruction=4.7254
Epoch [126/400]
batch = 0 (Δ=0.344s, 100.00%)
Training throughput: 1 batches in 0.343s; word units 100.0% of 8 words (letters-only 100.0% of 8).
Train Loss: output=0.0857, reconstruction=4.7228
Epoch [127/400]
batch = 0 (Δ=0.345s, 100.00%)
Training throughput: 1 batches in 0.345s; word units 100.0% of 8 words (letters-only 100.0% of 8).
Train Loss: output=0.0886, reconstruction=4.7203
Epoch [128/400]
batch = 0 (Δ=0.346s, 100.00%)
Training throughput: 1 batches in 0.346s; word units 100.0% of 8 words (letters-only 100.0% of 8).
Train Loss: output=0.0748, reconstruction=4.7180
Epoch [129/400]
batch = 0 (Δ=0.348s, 100.00%)
Training throughput: 1 batches in 0.347s; word units 100.0% of 8 words (letters-only 100.0% of 8).
Train Loss: output=0.0741, reconstruction=4.7159
Epoch [130/400]
batch = 0 (Δ=0.345s, 100.00%)
Training throughput: 1 batches in 0.344s; word units 100.0% of 8 words (letters-only 100.0% of 8).
Train Loss: output=0.0899, reconstruction=4.7140
Epoch [131/400]
batch = 0 (Δ=0.342s, 100.00%)
Training throughput: 1 batches in 0.342s; word units 100.0% of 8 words (letters-only 100.0% of 8).
Train Loss: output=0.0775, reconstruction=4.7122
Epoch [132/400]
batch = 0 (Δ=0.347s, 100.00%)
Training throughput: 1 batches in 0.347s; word units 100.0% of 8 words (letters-only 100.0% of 8).
Train Loss: output=0.0647, reconstruction=4.7103
Epoch [133/400]
batch = 0 (Δ=0.344s, 100.00%)
Training throughput: 1 batches in 0.344s; word units 100.0% of 8 words (letters-only 100.0% of 8).
Train Loss: output=0.0634, reconstruction=4.7085
Epoch [134/400]
batch = 0 (Δ=0.347s, 100.00%)
Training throughput: 1 batches in 0.347s; word units 100.0% of 8 words (letters-only 100.0% of 8).
Train Loss: output=0.0558, reconstruction=4.7065
Epoch [135/400]
batch = 0 (Δ=0.343s, 100.00%)
Training throughput: 1 batches in 0.342s; word units 100.0% of 8 words (letters-only 100.0% of 8).
Train Loss: output=0.0801, reconstruction=4.7045
Epoch [136/400]
batch = 0 (Δ=0.342s, 100.00%)
Training throughput: 1 batches in 0.342s; word units 100.0% of 8 words (letters-only 100.0% of 8).
Train Loss: output=0.0599, reconstruction=3.7958
Epoch [137/400]
batch = 0 (Δ=0.345s, 100.00%)
Training throughput: 1 batches in 0.344s; word units 100.0% of 8 words (letters-only 100.0% of 8).
Train Loss: output=0.0788, reconstruction=4.7002
Epoch [138/400]
batch = 0 (Δ=0.346s, 100.00%)
Training throughput: 1 batches in 0.346s; word units 100.0% of 8 words (letters-only 100.0% of 8).
Train Loss: output=0.0861, reconstruction=4.6981
Epoch [139/400]
batch = 0 (Δ=0.346s, 100.00%)
Training throughput: 1 batches in 0.346s; word units 100.0% of 8 words (letters-only 100.0% of 8).
Train Loss: output=0.0541, reconstruction=4.6962
Epoch [140/400]
batch = 0 (Δ=0.346s, 100.00%)
Training throughput: 1 batches in 0.345s; word units 100.0% of 8 words (letters-only 100.0% of 8).
Train Loss: output=0.0765, reconstruction=4.6949
Epoch [141/400]
batch = 0 (Δ=0.344s, 100.00%)
Training throughput: 1 batches in 0.344s; word units 100.0% of 8 words (letters-only 100.0% of 8).
Train Loss: output=0.1042, reconstruction=4.6936
Epoch [142/400]
batch = 0 (Δ=0.345s, 100.00%)
Training throughput: 1 batches in 0.344s; word units 100.0% of 8 words (letters-only 100.0% of 8).
Train Loss: output=0.0410, reconstruction=4.6923
Epoch [143/400]
batch = 0 (Δ=0.346s, 100.00%)
Training throughput: 1 batches in 0.345s; word units 100.0% of 8 words (letters-only 100.0% of 8).
Train Loss: output=0.0961, reconstruction=4.6914
Epoch [144/400]
batch = 0 (Δ=0.346s, 100.00%)
Training throughput: 1 batches in 0.345s; word units 100.0% of 8 words (letters-only 100.0% of 8).
Train Loss: output=0.0818, reconstruction=4.6909
Epoch [145/400]
batch = 0 (Δ=0.341s, 100.00%)
Training throughput: 1 batches in 0.341s; word units 100.0% of 8 words (letters-only 100.0% of 8).
Train Loss: output=0.0672, reconstruction=4.6901
Epoch [146/400]
batch = 0 (Δ=0.344s, 100.00%)
Training throughput: 1 batches in 0.344s; word units 100.0% of 8 words (letters-only 100.0% of 8).
Train Loss: output=0.0711, reconstruction=4.6892
Epoch [147/400]
batch = 0 (Δ=0.346s, 100.00%)
Training throughput: 1 batches in 0.345s; word units 100.0% of 8 words (letters-only 100.0% of 8).
Train Loss: output=0.0789, reconstruction=4.6845
Epoch [148/400]
batch = 0 (Δ=0.344s, 100.00%)
Training throughput: 1 batches in 0.343s; word units 100.0% of 8 words (letters-only 100.0% of 8).
Train Loss: output=0.0663, reconstruction=3.4490
Epoch [149/400]
batch = 0 (Δ=0.345s, 100.00%)
Training throughput: 1 batches in 0.345s; word units 100.0% of 8 words (letters-only 100.0% of 8).
Train Loss: output=0.0977, reconstruction=2.9394
Epoch [150/400]
batch = 0 (Δ=0.344s, 100.00%)
Training throughput: 1 batches in 0.343s; word units 100.0% of 8 words (letters-only 100.0% of 8).
Train Loss: output=0.0652, reconstruction=2.9342
Epoch [151/400]
batch = 0 (Δ=0.347s, 100.00%)
Training throughput: 1 batches in 0.346s; word units 100.0% of 8 words (letters-only 100.0% of 8).
Train Loss: output=0.0614, reconstruction=2.9317
Epoch [152/400]
batch = 0 (Δ=0.343s, 100.00%)
Training throughput: 1 batches in 0.343s; word units 100.0% of 8 words (letters-only 100.0% of 8).
Train Loss: output=0.1020, reconstruction=2.9298
Epoch [153/400]
batch = 0 (Δ=0.343s, 100.00%)
Training throughput: 1 batches in 0.343s; word units 100.0% of 8 words (letters-only 100.0% of 8).
Train Loss: output=0.0550, reconstruction=2.9285
Epoch [154/400]
batch = 0 (Δ=0.346s, 100.00%)
Training throughput: 1 batches in 0.346s; word units 100.0% of 8 words (letters-only 100.0% of 8).
Train Loss: output=0.0386, reconstruction=2.9278
Epoch [155/400]
batch = 0 (Δ=0.343s, 100.00%)
Training throughput: 1 batches in 0.343s; word units 100.0% of 8 words (letters-only 100.0% of 8).
Train Loss: output=0.0240, reconstruction=2.9271
Epoch [156/400]
batch = 0 (Δ=0.344s, 100.00%)
Training throughput: 1 batches in 0.343s; word units 100.0% of 8 words (letters-only 100.0% of 8).
Train Loss: output=0.0523, reconstruction=2.9264
Epoch [157/400]
batch = 0 (Δ=0.344s, 100.00%)
Training throughput: 1 batches in 0.343s; word units 100.0% of 8 words (letters-only 100.0% of 8).
Train Loss: output=0.0733, reconstruction=2.9259
Epoch [158/400]
batch = 0 (Δ=0.345s, 100.00%)
Training throughput: 1 batches in 0.345s; word units 100.0% of 8 words (letters-only 100.0% of 8).
Train Loss: output=0.0358, reconstruction=2.9262
Epoch [159/400]
batch = 0 (Δ=0.345s, 100.00%)
Training throughput: 1 batches in 0.344s; word units 100.0% of 8 words (letters-only 100.0% of 8).
Train Loss: output=0.0536, reconstruction=2.9267
Epoch [160/400]
batch = 0 (Δ=0.343s, 100.00%)
Training throughput: 1 batches in 0.343s; word units 100.0% of 8 words (letters-only 100.0% of 8).
Train Loss: output=0.0671, reconstruction=2.9265
Epoch [161/400]
batch = 0 (Δ=0.348s, 100.00%)
Training throughput: 1 batches in 0.348s; word units 100.0% of 8 words (letters-only 100.0% of 8).
Train Loss: output=0.0442, reconstruction=2.9259
Epoch [162/400]
batch = 0 (Δ=0.347s, 100.00%)
Training throughput: 1 batches in 0.347s; word units 100.0% of 8 words (letters-only 100.0% of 8).
Train Loss: output=0.0611, reconstruction=2.9258
Epoch [163/400]
batch = 0 (Δ=0.344s, 100.00%)
Training throughput: 1 batches in 0.344s; word units 100.0% of 8 words (letters-only 100.0% of 8).
Train Loss: output=0.0222, reconstruction=2.9256
Epoch [164/400]
batch = 0 (Δ=0.345s, 100.00%)
Training throughput: 1 batches in 0.344s; word units 100.0% of 8 words (letters-only 100.0% of 8).
Train Loss: output=0.0335, reconstruction=2.9253
Epoch [165/400]
batch = 0 (Δ=0.345s, 100.00%)
Training throughput: 1 batches in 0.344s; word units 100.0% of 8 words (letters-only 100.0% of 8).
Train Loss: output=0.0363, reconstruction=2.9252
Epoch [166/400]
batch = 0 (Δ=0.350s, 100.00%)
Training throughput: 1 batches in 0.350s; word units 100.0% of 8 words (letters-only 100.0% of 8).
Train Loss: output=0.0932, reconstruction=2.9248
Epoch [167/400]
batch = 0 (Δ=0.346s, 100.00%)
Training throughput: 1 batches in 0.345s; word units 100.0% of 8 words (letters-only 100.0% of 8).
Train Loss: output=0.0529, reconstruction=2.9249
Epoch [168/400]
batch = 0 (Δ=0.346s, 100.00%)
Training throughput: 1 batches in 0.345s; word units 100.0% of 8 words (letters-only 100.0% of 8).
Train Loss: output=0.0885, reconstruction=2.9248
Epoch [169/400]
batch = 0 (Δ=0.346s, 100.00%)
Training throughput: 1 batches in 0.346s; word units 100.0% of 8 words (letters-only 100.0% of 8).
Train Loss: output=0.0379, reconstruction=2.9240
Epoch [170/400]
batch = 0 (Δ=0.349s, 100.00%)
Training throughput: 1 batches in 0.349s; word units 100.0% of 8 words (letters-only 100.0% of 8).
Train Loss: output=0.0733, reconstruction=2.9234
Epoch [171/400]
batch = 0 (Δ=0.343s, 100.00%)
Training throughput: 1 batches in 0.342s; word units 100.0% of 8 words (letters-only 100.0% of 8).
Train Loss: output=0.0552, reconstruction=2.9228
Epoch [172/400]
batch = 0 (Δ=0.374s, 100.00%)
Training throughput: 1 batches in 0.373s; word units 100.0% of 8 words (letters-only 100.0% of 8).
Train Loss: output=0.0467, reconstruction=2.9220
Epoch [173/400]
batch = 0 (Δ=0.346s, 100.00%)
Training throughput: 1 batches in 0.346s; word units 100.0% of 8 words (letters-only 100.0% of 8).
Train Loss: output=0.0188, reconstruction=2.9210
Epoch [174/400]
batch = 0 (Δ=0.345s, 100.00%)
Training throughput: 1 batches in 0.345s; word units 100.0% of 8 words (letters-only 100.0% of 8).
Train Loss: output=0.0649, reconstruction=2.9201
Epoch [175/400]
batch = 0 (Δ=0.345s, 100.00%)
Training throughput: 1 batches in 0.345s; word units 100.0% of 8 words (letters-only 100.0% of 8).
Train Loss: output=0.0272, reconstruction=2.9193
Epoch [176/400]
batch = 0 (Δ=0.345s, 100.00%)
Training throughput: 1 batches in 0.345s; word units 100.0% of 8 words (letters-only 100.0% of 8).
Train Loss: output=0.0346, reconstruction=2.9185
Epoch [177/400]
batch = 0 (Δ=0.342s, 100.00%)
Training throughput: 1 batches in 0.341s; word units 100.0% of 8 words (letters-only 100.0% of 8).
Train Loss: output=0.0592, reconstruction=2.9179
Epoch [178/400]
batch = 0 (Δ=0.348s, 100.00%)
Training throughput: 1 batches in 0.348s; word units 100.0% of 8 words (letters-only 100.0% of 8).
Train Loss: output=0.0350, reconstruction=2.9175
Epoch [179/400]
batch = 0 (Δ=0.343s, 100.00%)
Training throughput: 1 batches in 0.343s; word units 100.0% of 8 words (letters-only 100.0% of 8).
Train Loss: output=0.0423, reconstruction=2.9172
Epoch [180/400]
batch = 0 (Δ=0.346s, 100.00%)
Training throughput: 1 batches in 0.345s; word units 100.0% of 8 words (letters-only 100.0% of 8).
Train Loss: output=0.0167, reconstruction=2.9168
Epoch [181/400]
batch = 0 (Δ=0.347s, 100.00%)
Training throughput: 1 batches in 0.346s; word units 100.0% of 8 words (letters-only 100.0% of 8).
Train Loss: output=0.0336, reconstruction=2.9165
Epoch [182/400]
batch = 0 (Δ=0.343s, 100.00%)
Training throughput: 1 batches in 0.343s; word units 100.0% of 8 words (letters-only 100.0% of 8).
Train Loss: output=0.0579, reconstruction=2.9164
Epoch [183/400]
batch = 0 (Δ=0.346s, 100.00%)
Training throughput: 1 batches in 0.346s; word units 100.0% of 8 words (letters-only 100.0% of 8).
Train Loss: output=0.0405, reconstruction=2.9165
Epoch [184/400]
batch = 0 (Δ=0.343s, 100.00%)
Training throughput: 1 batches in 0.343s; word units 100.0% of 8 words (letters-only 100.0% of 8).
Train Loss: output=0.0267, reconstruction=2.9168
Epoch [185/400]
batch = 0 (Δ=0.350s, 100.00%)
Training throughput: 1 batches in 0.349s; word units 100.0% of 8 words (letters-only 100.0% of 8).
Train Loss: output=0.0424, reconstruction=2.9173
Epoch [186/400]
batch = 0 (Δ=0.347s, 100.00%)
Training throughput: 1 batches in 0.347s; word units 100.0% of 8 words (letters-only 100.0% of 8).
Train Loss: output=0.0496, reconstruction=2.9178
Epoch [187/400]
batch = 0 (Δ=0.348s, 100.00%)
Training throughput: 1 batches in 0.348s; word units 100.0% of 8 words (letters-only 100.0% of 8).
Train Loss: output=0.0185, reconstruction=2.9183
Epoch [188/400]
batch = 0 (Δ=0.347s, 100.00%)
Training throughput: 1 batches in 0.346s; word units 100.0% of 8 words (letters-only 100.0% of 8).
Train Loss: output=0.0430, reconstruction=2.9186
Epoch [189/400]
batch = 0 (Δ=0.348s, 100.00%)
Training throughput: 1 batches in 0.347s; word units 100.0% of 8 words (letters-only 100.0% of 8).
Train Loss: output=0.0401, reconstruction=2.9187
Epoch [190/400]
batch = 0 (Δ=0.346s, 100.00%)
Training throughput: 1 batches in 0.346s; word units 100.0% of 8 words (letters-only 100.0% of 8).
Train Loss: output=0.0433, reconstruction=2.9184
Epoch [191/400]
batch = 0 (Δ=0.345s, 100.00%)
Training throughput: 1 batches in 0.345s; word units 100.0% of 8 words (letters-only 100.0% of 8).
Train Loss: output=0.0519, reconstruction=2.9181
Epoch [192/400]
batch = 0 (Δ=0.343s, 100.00%)
Training throughput: 1 batches in 0.343s; word units 100.0% of 8 words (letters-only 100.0% of 8).
Train Loss: output=0.0425, reconstruction=2.9178
Epoch [193/400]
batch = 0 (Δ=0.348s, 100.00%)
Training throughput: 1 batches in 0.347s; word units 100.0% of 8 words (letters-only 100.0% of 8).
Train Loss: output=0.0582, reconstruction=2.9177
Epoch [194/400]
batch = 0 (Δ=0.345s, 100.00%)
Training throughput: 1 batches in 0.344s; word units 100.0% of 8 words (letters-only 100.0% of 8).
Train Loss: output=0.0361, reconstruction=2.9179
Epoch [195/400]
batch = 0 (Δ=0.345s, 100.00%)
Training throughput: 1 batches in 0.344s; word units 100.0% of 8 words (letters-only 100.0% of 8).
Train Loss: output=0.0323, reconstruction=2.9187
Epoch [196/400]
batch = 0 (Δ=0.343s, 100.00%)
Training throughput: 1 batches in 0.343s; word units 100.0% of 8 words (letters-only 100.0% of 8).
Train Loss: output=0.0320, reconstruction=2.9198
Epoch [197/400]
batch = 0 (Δ=0.349s, 100.00%)
Training throughput: 1 batches in 0.349s; word units 100.0% of 8 words (letters-only 100.0% of 8).
Train Loss: output=0.0204, reconstruction=2.8010
Epoch [198/400]
batch = 0 (Δ=1.224s, 100.00%)
Training throughput: 1 batches in 1.223s; word units 100.0% of 8 words (letters-only 100.0% of 8).
Train Loss: output=0.0222, reconstruction=1.4988
Epoch [199/400]
batch = 0 (Δ=0.343s, 100.00%)
Training throughput: 1 batches in 0.343s; word units 100.0% of 8 words (letters-only 100.0% of 8).
Train Loss: output=0.1183, reconstruction=4.9792
Epoch [200/400]
batch = 0 (Δ=0.339s, 100.00%)
Training throughput: 1 batches in 0.339s; word units 100.0% of 8 words (letters-only 100.0% of 8).
Train Loss: output=0.0670, reconstruction=5.0005
Epoch [201/400]
batch = 0 (Δ=0.346s, 100.00%)
Training throughput: 1 batches in 0.345s; word units 100.0% of 8 words (letters-only 100.0% of 8).
Train Loss: output=0.0830, reconstruction=5.0118
Epoch [202/400]
batch = 0 (Δ=0.338s, 100.00%)
Training throughput: 1 batches in 0.337s; word units 100.0% of 8 words (letters-only 100.0% of 8).
Train Loss: output=0.0673, reconstruction=5.0144
Epoch [203/400]
batch = 0 (Δ=0.340s, 100.00%)
Training throughput: 1 batches in 0.340s; word units 100.0% of 8 words (letters-only 100.0% of 8).
Train Loss: output=0.0897, reconstruction=1.5578
Epoch [204/400]
batch = 0 (Δ=0.341s, 100.00%)
Training throughput: 1 batches in 0.341s; word units 100.0% of 8 words (letters-only 100.0% of 8).
Train Loss: output=0.0807, reconstruction=5.0060
Epoch [205/400]
batch = 0 (Δ=0.342s, 100.00%)
Training throughput: 1 batches in 0.341s; word units 100.0% of 8 words (letters-only 100.0% of 8).
Train Loss: output=0.0658, reconstruction=1.5446
Epoch [206/400]
batch = 0 (Δ=0.340s, 100.00%)
Training throughput: 1 batches in 0.341s; word units 100.0% of 8 words (letters-only 100.0% of 8).
Train Loss: output=0.1040, reconstruction=1.5360
Epoch [207/400]
batch = 0 (Δ=0.342s, 100.00%)
Training throughput: 1 batches in 0.342s; word units 100.0% of 8 words (letters-only 100.0% of 8).
Train Loss: output=0.0662, reconstruction=4.9808
Epoch [208/400]
batch = 0 (Δ=0.350s, 100.00%)
Training throughput: 1 batches in 0.349s; word units 100.0% of 8 words (letters-only 100.0% of 8).
Train Loss: output=0.0202, reconstruction=1.5180
Epoch [209/400]
batch = 0 (Δ=0.344s, 100.00%)
Training throughput: 1 batches in 0.343s; word units 100.0% of 8 words (letters-only 100.0% of 8).
Train Loss: output=0.0962, reconstruction=4.9634
Epoch [210/400]
batch = 0 (Δ=0.341s, 100.00%)
Training throughput: 1 batches in 0.340s; word units 100.0% of 8 words (letters-only 100.0% of 8).
Train Loss: output=0.1035, reconstruction=1.5016
Epoch [211/400]
batch = 0 (Δ=0.340s, 100.00%)
Training throughput: 1 batches in 0.339s; word units 100.0% of 8 words (letters-only 100.0% of 8).
Train Loss: output=0.0762, reconstruction=4.9482
Epoch [212/400]
batch = 0 (Δ=0.341s, 100.00%)
Training throughput: 1 batches in 0.341s; word units 100.0% of 8 words (letters-only 100.0% of 8).
Train Loss: output=0.1060, reconstruction=4.9419
Epoch [213/400]
batch = 0 (Δ=0.343s, 100.00%)
Training throughput: 1 batches in 0.343s; word units 100.0% of 8 words (letters-only 100.0% of 8).
Train Loss: output=0.0956, reconstruction=4.9364
Epoch [214/400]
batch = 0 (Δ=0.340s, 100.00%)
Training throughput: 1 batches in 0.339s; word units 100.0% of 8 words (letters-only 100.0% of 8).
Train Loss: output=0.1003, reconstruction=4.6602
Epoch [215/400]
batch = 0 (Δ=0.341s, 100.00%)
Training throughput: 1 batches in 0.340s; word units 100.0% of 8 words (letters-only 100.0% of 8).
Train Loss: output=0.0377, reconstruction=1.6900
Epoch [216/400]
batch = 0 (Δ=0.338s, 100.00%)
Training throughput: 1 batches in 0.338s; word units 100.0% of 8 words (letters-only 100.0% of 8).
Train Loss: output=0.0981, reconstruction=1.4756
Epoch [217/400]
batch = 0 (Δ=0.341s, 100.00%)
Training throughput: 1 batches in 0.340s; word units 100.0% of 8 words (letters-only 100.0% of 8).
Train Loss: output=0.0892, reconstruction=4.3225
Epoch [218/400]
batch = 0 (Δ=0.344s, 100.00%)
Training throughput: 1 batches in 0.344s; word units 100.0% of 8 words (letters-only 100.0% of 8).
Train Loss: output=0.0774, reconstruction=4.9981
Epoch [219/400]
batch = 0 (Δ=0.346s, 100.00%)
Training throughput: 1 batches in 0.346s; word units 100.0% of 8 words (letters-only 100.0% of 8).
Train Loss: output=0.0523, reconstruction=3.4838
Epoch [220/400]
batch = 0 (Δ=0.337s, 100.00%)
Training throughput: 1 batches in 0.337s; word units 100.0% of 8 words (letters-only 100.0% of 8).
Train Loss: output=0.1007, reconstruction=5.7439
Epoch [221/400]
batch = 0 (Δ=0.338s, 100.00%)
Training throughput: 1 batches in 0.337s; word units 100.0% of 8 words (letters-only 100.0% of 8).
Train Loss: output=0.0572, reconstruction=0.1016
Epoch [222/400]
batch = 0 (Δ=0.341s, 100.00%)
Training throughput: 1 batches in 0.340s; word units 100.0% of 8 words (letters-only 100.0% of 8).
Train Loss: output=0.0556, reconstruction=0.9037
Epoch [223/400]
batch = 0 (Δ=0.332s, 100.00%)
Training throughput: 1 batches in 0.332s; word units 100.0% of 8 words (letters-only 100.0% of 8).
Train Loss: output=0.0864, reconstruction=0.2042
Epoch [224/400]
batch = 0 (Δ=0.334s, 100.00%)
Training throughput: 1 batches in 0.333s; word units 100.0% of 8 words (letters-only 100.0% of 8).
Train Loss: output=0.0835, reconstruction=0.0294
Epoch [225/400]
batch = 0 (Δ=0.343s, 100.00%)
Training throughput: 1 batches in 0.342s; word units 100.0% of 8 words (letters-only 100.0% of 8).
Train Loss: output=0.0859, reconstruction=0.0241
Epoch [226/400]
batch = 0 (Δ=0.336s, 100.00%)
Training throughput: 1 batches in 0.335s; word units 100.0% of 8 words (letters-only 100.0% of 8).
Train Loss: output=0.0674, reconstruction=0.0209
Epoch [227/400]
batch = 0 (Δ=0.329s, 100.00%)
Training throughput: 1 batches in 0.329s; word units 100.0% of 8 words (letters-only 100.0% of 8).
Train Loss: output=0.0438, reconstruction=0.0190
Epoch [228/400]
batch = 0 (Δ=0.339s, 100.00%)
Training throughput: 1 batches in 0.338s; word units 100.0% of 8 words (letters-only 100.0% of 8).
Train Loss: output=0.2041, reconstruction=0.0176
Epoch [229/400]
batch = 0 (Δ=0.339s, 100.00%)
Training throughput: 1 batches in 0.338s; word units 100.0% of 8 words (letters-only 100.0% of 8).
Train Loss: output=0.0816, reconstruction=0.0168
Epoch [230/400]
batch = 0 (Δ=0.333s, 100.00%)
Training throughput: 1 batches in 0.333s; word units 100.0% of 8 words (letters-only 100.0% of 8).
Train Loss: output=0.1246, reconstruction=0.0162
Epoch [231/400]
batch = 0 (Δ=0.336s, 100.00%)
Training throughput: 1 batches in 0.335s; word units 100.0% of 8 words (letters-only 100.0% of 8).
Train Loss: output=0.0899, reconstruction=0.0157
Epoch [232/400]
batch = 0 (Δ=0.339s, 100.00%)
Training throughput: 1 batches in 0.338s; word units 100.0% of 8 words (letters-only 100.0% of 8).
Train Loss: output=0.1536, reconstruction=0.0154
Epoch [233/400]
batch = 0 (Δ=0.341s, 100.00%)
Training throughput: 1 batches in 0.341s; word units 100.0% of 8 words (letters-only 100.0% of 8).
Train Loss: output=0.0602, reconstruction=0.0152
Epoch [234/400]
batch = 0 (Δ=0.337s, 100.00%)
Training throughput: 1 batches in 0.336s; word units 100.0% of 8 words (letters-only 100.0% of 8).
Train Loss: output=0.1979, reconstruction=0.0151
Epoch [235/400]
batch = 0 (Δ=0.337s, 100.00%)
Training throughput: 1 batches in 0.337s; word units 100.0% of 8 words (letters-only 100.0% of 8).
Train Loss: output=0.1406, reconstruction=0.0152
Epoch [236/400]
batch = 0 (Δ=0.335s, 100.00%)
Training throughput: 1 batches in 0.335s; word units 100.0% of 8 words (letters-only 100.0% of 8).
Train Loss: output=0.0999, reconstruction=0.0154
Epoch [237/400]
batch = 0 (Δ=0.334s, 100.00%)
Training throughput: 1 batches in 0.334s; word units 100.0% of 8 words (letters-only 100.0% of 8).
Train Loss: output=0.0939, reconstruction=0.0156
Epoch [238/400]
batch = 0 (Δ=0.339s, 100.00%)
Training throughput: 1 batches in 0.339s; word units 100.0% of 8 words (letters-only 100.0% of 8).
Train Loss: output=0.0944, reconstruction=0.0159
Epoch [239/400]
batch = 0 (Δ=0.334s, 100.00%)
Training throughput: 1 batches in 0.334s; word units 100.0% of 8 words (letters-only 100.0% of 8).
Train Loss: output=0.1326, reconstruction=0.0162
Epoch [240/400]
batch = 0 (Δ=0.337s, 100.00%)
Training throughput: 1 batches in 0.337s; word units 100.0% of 8 words (letters-only 100.0% of 8).
Train Loss: output=0.0615, reconstruction=0.0163
Epoch [241/400]
batch = 0 (Δ=0.341s, 100.00%)
Training throughput: 1 batches in 0.340s; word units 100.0% of 8 words (letters-only 100.0% of 8).
Train Loss: output=0.0890, reconstruction=0.0164
Epoch [242/400]
batch = 0 (Δ=0.335s, 100.00%)
Training throughput: 1 batches in 0.334s; word units 100.0% of 8 words (letters-only 100.0% of 8).
Train Loss: output=0.0927, reconstruction=0.0166
Epoch [243/400]
batch = 0 (Δ=0.335s, 100.00%)
Training throughput: 1 batches in 0.335s; word units 100.0% of 8 words (letters-only 100.0% of 8).
Train Loss: output=0.0879, reconstruction=0.0167
Epoch [244/400]
batch = 0 (Δ=0.335s, 100.00%)
Training throughput: 1 batches in 0.334s; word units 100.0% of 8 words (letters-only 100.0% of 8).
Train Loss: output=0.0923, reconstruction=0.0168
Epoch [245/400]
batch = 0 (Δ=0.338s, 100.00%)
Training throughput: 1 batches in 0.337s; word units 100.0% of 8 words (letters-only 100.0% of 8).
Train Loss: output=0.1850, reconstruction=0.0169
Epoch [246/400]
batch = 0 (Δ=0.336s, 100.00%)
Training throughput: 1 batches in 0.336s; word units 100.0% of 8 words (letters-only 100.0% of 8).
Train Loss: output=0.1414, reconstruction=0.0170
Epoch [247/400]
batch = 0 (Δ=0.341s, 100.00%)
Training throughput: 1 batches in 0.340s; word units 100.0% of 8 words (letters-only 100.0% of 8).
Train Loss: output=0.1033, reconstruction=0.0174
Epoch [248/400]
batch = 0 (Δ=0.339s, 100.00%)
Training throughput: 1 batches in 0.338s; word units 100.0% of 8 words (letters-only 100.0% of 8).
Train Loss: output=0.1179, reconstruction=0.0178
Epoch [249/400]
batch = 0 (Δ=0.338s, 100.00%)
Training throughput: 1 batches in 0.338s; word units 100.0% of 8 words (letters-only 100.0% of 8).
Train Loss: output=0.1703, reconstruction=2.1270
Epoch [250/400]
batch = 0 (Δ=0.340s, 100.00%)
Training throughput: 1 batches in 0.340s; word units 100.0% of 8 words (letters-only 100.0% of 8).
Train Loss: output=0.1687, reconstruction=5.0384
Epoch [251/400]
batch = 0 (Δ=0.343s, 100.00%)
Training throughput: 1 batches in 0.343s; word units 100.0% of 8 words (letters-only 100.0% of 8).
Train Loss: output=0.1208, reconstruction=5.0278
Epoch [252/400]
batch = 0 (Δ=0.340s, 100.00%)
Training throughput: 1 batches in 0.340s; word units 100.0% of 8 words (letters-only 100.0% of 8).
Train Loss: output=0.0900, reconstruction=5.0152
Epoch [253/400]
batch = 0 (Δ=0.341s, 100.00%)
Training throughput: 1 batches in 0.340s; word units 100.0% of 8 words (letters-only 100.0% of 8).
Train Loss: output=0.0979, reconstruction=2.9432
Epoch [254/400]
batch = 0 (Δ=0.341s, 100.00%)
Training throughput: 1 batches in 0.340s; word units 100.0% of 8 words (letters-only 100.0% of 8).
Train Loss: output=0.0999, reconstruction=4.9887
Epoch [255/400]
batch = 0 (Δ=0.341s, 100.00%)
Training throughput: 1 batches in 0.341s; word units 100.0% of 8 words (letters-only 100.0% of 8).
Train Loss: output=0.1740, reconstruction=4.9762
Epoch [256/400]
batch = 0 (Δ=0.339s, 100.00%)
Training throughput: 1 batches in 0.339s; word units 100.0% of 8 words (letters-only 100.0% of 8).
Train Loss: output=0.0930, reconstruction=0.0311
Epoch [257/400]
batch = 0 (Δ=0.367s, 100.00%)
Training throughput: 1 batches in 0.368s; word units 100.0% of 8 words (letters-only 100.0% of 8).
Train Loss: output=0.1152, reconstruction=4.9521
Epoch [258/400]
batch = 0 (Δ=0.343s, 100.00%)
Training throughput: 1 batches in 0.341s; word units 100.0% of 8 words (letters-only 100.0% of 8).
Train Loss: output=0.0856, reconstruction=2.9562
Epoch [259/400]
batch = 0 (Δ=0.340s, 100.00%)
Training throughput: 1 batches in 0.339s; word units 100.0% of 8 words (letters-only 100.0% of 8).
Train Loss: output=0.1444, reconstruction=0.0397
Epoch [260/400]
batch = 0 (Δ=0.337s, 100.00%)
Training throughput: 1 batches in 0.337s; word units 100.0% of 8 words (letters-only 100.0% of 8).
Train Loss: output=0.0833, reconstruction=2.0059
Epoch [261/400]
batch = 0 (Δ=0.337s, 100.00%)
Training throughput: 1 batches in 0.336s; word units 100.0% of 8 words (letters-only 100.0% of 8).
Train Loss: output=0.0700, reconstruction=0.0452
Epoch [262/400]
batch = 0 (Δ=0.342s, 100.00%)
Training throughput: 1 batches in 0.341s; word units 100.0% of 8 words (letters-only 100.0% of 8).
Train Loss: output=0.0931, reconstruction=1.9927
Epoch [263/400]
batch = 0 (Δ=0.340s, 100.00%)
Training throughput: 1 batches in 0.339s; word units 100.0% of 8 words (letters-only 100.0% of 8).
Train Loss: output=0.1150, reconstruction=4.9060
Epoch [264/400]
batch = 0 (Δ=0.341s, 100.00%)
Training throughput: 1 batches in 0.340s; word units 100.0% of 8 words (letters-only 100.0% of 8).
Train Loss: output=0.0854, reconstruction=4.8999
Epoch [265/400]
batch = 0 (Δ=0.340s, 100.00%)
Training throughput: 1 batches in 0.339s; word units 100.0% of 8 words (letters-only 100.0% of 8).
Train Loss: output=0.0403, reconstruction=4.0119
Epoch [266/400]
batch = 0 (Δ=0.333s, 100.00%)
Training throughput: 1 batches in 0.332s; word units 100.0% of 8 words (letters-only 100.0% of 8).
Train Loss: output=0.0585, reconstruction=1.8702
Epoch [267/400]
batch = 0 (Δ=0.338s, 100.00%)
Training throughput: 1 batches in 0.338s; word units 100.0% of 8 words (letters-only 100.0% of 8).
Train Loss: output=0.0459, reconstruction=0.9737
Epoch [268/400]
batch = 0 (Δ=0.341s, 100.00%)
Training throughput: 1 batches in 0.341s; word units 100.0% of 8 words (letters-only 100.0% of 8).
Train Loss: output=0.0275, reconstruction=0.9258
Epoch [269/400]
batch = 0 (Δ=0.337s, 100.00%)
Training throughput: 1 batches in 0.337s; word units 100.0% of 8 words (letters-only 100.0% of 8).
Train Loss: output=0.0751, reconstruction=1.5683
Epoch [270/400]
batch = 0 (Δ=0.337s, 100.00%)
Training throughput: 1 batches in 0.337s; word units 100.0% of 8 words (letters-only 100.0% of 8).
Train Loss: output=0.1240, reconstruction=1.3446
Epoch [271/400]
batch = 0 (Δ=0.338s, 100.00%)
Training throughput: 1 batches in 0.338s; word units 100.0% of 8 words (letters-only 100.0% of 8).
Train Loss: output=0.0933, reconstruction=0.5626
Epoch [272/400]
batch = 0 (Δ=0.340s, 100.00%)
Training throughput: 1 batches in 0.339s; word units 100.0% of 8 words (letters-only 100.0% of 8).
Train Loss: output=0.1231, reconstruction=0.9860
Epoch [273/400]
batch = 0 (Δ=0.336s, 100.00%)
Training throughput: 1 batches in 0.336s; word units 100.0% of 8 words (letters-only 100.0% of 8).
Train Loss: output=0.0233, reconstruction=1.5696
Epoch [274/400]
batch = 0 (Δ=0.336s, 100.00%)
Training throughput: 1 batches in 0.336s; word units 100.0% of 8 words (letters-only 100.0% of 8).
Train Loss: output=0.1520, reconstruction=1.5005
Epoch [275/400]
batch = 0 (Δ=0.338s, 100.00%)
Training throughput: 1 batches in 0.338s; word units 100.0% of 8 words (letters-only 100.0% of 8).
Train Loss: output=0.0673, reconstruction=0.9661
Epoch [276/400]
batch = 0 (Δ=0.339s, 100.00%)
Training throughput: 1 batches in 0.338s; word units 100.0% of 8 words (letters-only 100.0% of 8).
Train Loss: output=0.0842, reconstruction=0.3799
Epoch [277/400]
batch = 0 (Δ=0.340s, 100.00%)
Training throughput: 1 batches in 0.339s; word units 100.0% of 8 words (letters-only 100.0% of 8).
Train Loss: output=0.0936, reconstruction=1.0057
Epoch [278/400]
batch = 0 (Δ=0.341s, 100.00%)
Training throughput: 1 batches in 0.340s; word units 100.0% of 8 words (letters-only 100.0% of 8).
Train Loss: output=0.0993, reconstruction=3.4829
Epoch [279/400]
batch = 0 (Δ=0.338s, 100.00%)
Training throughput: 1 batches in 0.337s; word units 100.0% of 8 words (letters-only 100.0% of 8).
Train Loss: output=0.1344, reconstruction=0.9631
Epoch [280/400]
batch = 0 (Δ=0.335s, 100.00%)
Training throughput: 1 batches in 0.335s; word units 100.0% of 8 words (letters-only 100.0% of 8).
Train Loss: output=0.1832, reconstruction=0.4105
Epoch [281/400]
batch = 0 (Δ=0.335s, 100.00%)
Training throughput: 1 batches in 0.335s; word units 100.0% of 8 words (letters-only 100.0% of 8).
Train Loss: output=0.1927, reconstruction=0.1284
Epoch [282/400]
batch = 0 (Δ=0.337s, 100.00%)
Training throughput: 1 batches in 0.336s; word units 100.0% of 8 words (letters-only 100.0% of 8).
Train Loss: output=0.1527, reconstruction=0.1209
Epoch [283/400]
batch = 0 (Δ=0.335s, 100.00%)
Training throughput: 1 batches in 0.335s; word units 100.0% of 8 words (letters-only 100.0% of 8).
Train Loss: output=0.1777, reconstruction=0.1173
Epoch [284/400]
batch = 0 (Δ=0.335s, 100.00%)
Training throughput: 1 batches in 0.335s; word units 100.0% of 8 words (letters-only 100.0% of 8).
Train Loss: output=0.0812, reconstruction=0.1157
Epoch [285/400]
batch = 0 (Δ=0.334s, 100.00%)
Training throughput: 1 batches in 0.333s; word units 100.0% of 8 words (letters-only 100.0% of 8).
Train Loss: output=0.1473, reconstruction=0.1142
Epoch [286/400]
batch = 0 (Δ=0.335s, 100.00%)
Training throughput: 1 batches in 0.335s; word units 100.0% of 8 words (letters-only 100.0% of 8).
Train Loss: output=0.0991, reconstruction=0.1128
Epoch [287/400]
batch = 0 (Δ=0.338s, 100.00%)
Training throughput: 1 batches in 0.337s; word units 100.0% of 8 words (letters-only 100.0% of 8).
Train Loss: output=0.1070, reconstruction=0.1114
Epoch [288/400]
batch = 0 (Δ=0.334s, 100.00%)
Training throughput: 1 batches in 0.333s; word units 100.0% of 8 words (letters-only 100.0% of 8).
Train Loss: output=0.1307, reconstruction=0.1100
Epoch [289/400]
batch = 0 (Δ=0.334s, 100.00%)
Training throughput: 1 batches in 0.334s; word units 100.0% of 8 words (letters-only 100.0% of 8).
Train Loss: output=0.0963, reconstruction=0.1127
Epoch [290/400]
batch = 0 (Δ=0.335s, 100.00%)
Training throughput: 1 batches in 0.334s; word units 100.0% of 8 words (letters-only 100.0% of 8).
Train Loss: output=0.1257, reconstruction=0.1188
Epoch [291/400]
batch = 0 (Δ=0.334s, 100.00%)
Training throughput: 1 batches in 0.333s; word units 100.0% of 8 words (letters-only 100.0% of 8).
Train Loss: output=0.0856, reconstruction=0.1681
Epoch [292/400]
batch = 0 (Δ=0.340s, 100.00%)
Training throughput: 1 batches in 0.340s; word units 100.0% of 8 words (letters-only 100.0% of 8).
Train Loss: output=0.1388, reconstruction=0.4856
Epoch [293/400]
batch = 0 (Δ=0.338s, 100.00%)
Training throughput: 1 batches in 0.338s; word units 100.0% of 8 words (letters-only 100.0% of 8).
Train Loss: output=0.0878, reconstruction=0.2238
Epoch [294/400]
batch = 0 (Δ=0.333s, 100.00%)
Training throughput: 1 batches in 0.333s; word units 100.0% of 8 words (letters-only 100.0% of 8).
Train Loss: output=0.1184, reconstruction=0.1214
Epoch [295/400]
batch = 0 (Δ=0.335s, 100.00%)
Training throughput: 1 batches in 0.334s; word units 100.0% of 8 words (letters-only 100.0% of 8).
Train Loss: output=0.0915, reconstruction=0.1148
Epoch [296/400]
batch = 0 (Δ=0.338s, 100.00%)
Training throughput: 1 batches in 0.338s; word units 100.0% of 8 words (letters-only 100.0% of 8).
Train Loss: output=0.1203, reconstruction=0.1132
Epoch [297/400]
batch = 0 (Δ=0.337s, 100.00%)
Training throughput: 1 batches in 0.336s; word units 100.0% of 8 words (letters-only 100.0% of 8).
Train Loss: output=0.0763, reconstruction=0.1177
Epoch [298/400]
batch = 0 (Δ=0.337s, 100.00%)
Training throughput: 1 batches in 0.337s; word units 100.0% of 8 words (letters-only 100.0% of 8).
Train Loss: output=0.0828, reconstruction=0.1317
Epoch [299/400]
batch = 0 (Δ=0.337s, 100.00%)
Training throughput: 1 batches in 0.337s; word units 100.0% of 8 words (letters-only 100.0% of 8).
Train Loss: output=0.0750, reconstruction=0.3289
Epoch [300/400]
batch = 0 (Δ=0.335s, 100.00%)
Training throughput: 1 batches in 0.334s; word units 100.0% of 8 words (letters-only 100.0% of 8).
Train Loss: output=0.1402, reconstruction=0.4078
Epoch [301/400]
batch = 0 (Δ=0.337s, 100.00%)
Training throughput: 1 batches in 0.336s; word units 100.0% of 8 words (letters-only 100.0% of 8).
Train Loss: output=0.1266, reconstruction=0.1594
Epoch [302/400]
batch = 0 (Δ=0.332s, 100.00%)
Training throughput: 1 batches in 0.332s; word units 100.0% of 8 words (letters-only 100.0% of 8).
Train Loss: output=0.1294, reconstruction=0.1222
Epoch [303/400]
batch = 0 (Δ=0.335s, 100.00%)
Training throughput: 1 batches in 0.335s; word units 100.0% of 8 words (letters-only 100.0% of 8).
Train Loss: output=0.1048, reconstruction=0.1167
Epoch [304/400]
batch = 0 (Δ=0.337s, 100.00%)
Training throughput: 1 batches in 0.336s; word units 100.0% of 8 words (letters-only 100.0% of 8).
Train Loss: output=0.0922, reconstruction=0.1154
Epoch [305/400]
batch = 0 (Δ=0.334s, 100.00%)
Training throughput: 1 batches in 0.334s; word units 100.0% of 8 words (letters-only 100.0% of 8).
Train Loss: output=0.0609, reconstruction=0.1165
Epoch [306/400]
batch = 0 (Δ=0.336s, 100.00%)
Training throughput: 1 batches in 0.335s; word units 100.0% of 8 words (letters-only 100.0% of 8).
Train Loss: output=0.1214, reconstruction=0.1172
Epoch [307/400]
batch = 0 (Δ=0.333s, 100.00%)
Training throughput: 1 batches in 0.332s; word units 100.0% of 8 words (letters-only 100.0% of 8).
Train Loss: output=0.1032, reconstruction=0.1177
Epoch [308/400]
batch = 0 (Δ=0.336s, 100.00%)
Training throughput: 1 batches in 0.336s; word units 100.0% of 8 words (letters-only 100.0% of 8).
Train Loss: output=0.0910, reconstruction=0.1212
Epoch [309/400]
batch = 0 (Δ=0.338s, 100.00%)
Training throughput: 1 batches in 0.338s; word units 100.0% of 8 words (letters-only 100.0% of 8).
Train Loss: output=0.1192, reconstruction=0.1382
Epoch [310/400]
batch = 0 (Δ=0.334s, 100.00%)
Training throughput: 1 batches in 0.334s; word units 100.0% of 8 words (letters-only 100.0% of 8).
Train Loss: output=0.1155, reconstruction=0.1985
Epoch [311/400]
batch = 0 (Δ=0.335s, 100.00%)
Training throughput: 1 batches in 0.335s; word units 100.0% of 8 words (letters-only 100.0% of 8).
Train Loss: output=0.1193, reconstruction=0.2740
Epoch [312/400]
batch = 0 (Δ=0.340s, 100.00%)
Training throughput: 1 batches in 0.340s; word units 100.0% of 8 words (letters-only 100.0% of 8).
Train Loss: output=0.0997, reconstruction=0.2399
Epoch [313/400]
batch = 0 (Δ=0.336s, 100.00%)
Training throughput: 1 batches in 0.335s; word units 100.0% of 8 words (letters-only 100.0% of 8).
Train Loss: output=0.0926, reconstruction=0.1474
Epoch [314/400]
batch = 0 (Δ=0.332s, 100.00%)
Training throughput: 1 batches in 0.332s; word units 100.0% of 8 words (letters-only 100.0% of 8).
Train Loss: output=0.1170, reconstruction=0.1258
Epoch [315/400]
batch = 0 (Δ=0.334s, 100.00%)
Training throughput: 1 batches in 0.334s; word units 100.0% of 8 words (letters-only 100.0% of 8).
Train Loss: output=0.0842, reconstruction=0.1208
Epoch [316/400]
batch = 0 (Δ=0.336s, 100.00%)
Training throughput: 1 batches in 0.335s; word units 100.0% of 8 words (letters-only 100.0% of 8).
Train Loss: output=0.1089, reconstruction=0.1209
Epoch [317/400]
batch = 0 (Δ=0.338s, 100.00%)
Training throughput: 1 batches in 0.337s; word units 100.0% of 8 words (letters-only 100.0% of 8).
Train Loss: output=0.1094, reconstruction=0.1311
Epoch [318/400]
batch = 0 (Δ=0.333s, 100.00%)
Training throughput: 1 batches in 0.332s; word units 100.0% of 8 words (letters-only 100.0% of 8).
Train Loss: output=0.0864, reconstruction=0.2321
Epoch [319/400]
batch = 0 (Δ=0.338s, 100.00%)
Training throughput: 1 batches in 0.337s; word units 100.0% of 8 words (letters-only 100.0% of 8).
Train Loss: output=0.0678, reconstruction=0.2387
Epoch [320/400]
batch = 0 (Δ=0.336s, 100.00%)
Training throughput: 1 batches in 0.336s; word units 100.0% of 8 words (letters-only 100.0% of 8).
Train Loss: output=0.0608, reconstruction=0.1431
Epoch [321/400]
batch = 0 (Δ=0.342s, 100.00%)
Training throughput: 1 batches in 0.342s; word units 100.0% of 8 words (letters-only 100.0% of 8).
Train Loss: output=0.1186, reconstruction=0.1238
Epoch [322/400]
batch = 0 (Δ=0.334s, 100.00%)
Training throughput: 1 batches in 0.334s; word units 100.0% of 8 words (letters-only 100.0% of 8).
Train Loss: output=0.0663, reconstruction=0.1186
Epoch [323/400]
batch = 0 (Δ=0.337s, 100.00%)
Training throughput: 1 batches in 0.337s; word units 100.0% of 8 words (letters-only 100.0% of 8).
Train Loss: output=0.0656, reconstruction=0.1175
Epoch [324/400]
batch = 0 (Δ=0.336s, 100.00%)
Training throughput: 1 batches in 0.335s; word units 100.0% of 8 words (letters-only 100.0% of 8).
Train Loss: output=0.1162, reconstruction=0.1186
Epoch [325/400]
batch = 0 (Δ=1.136s, 100.00%)
Training throughput: 1 batches in 1.136s; word units 100.0% of 8 words (letters-only 100.0% of 8).
Train Loss: output=0.1196, reconstruction=0.1193
Epoch [326/400]
batch = 0 (Δ=0.331s, 100.00%)
Training throughput: 1 batches in 0.330s; word units 100.0% of 8 words (letters-only 100.0% of 8).
Train Loss: output=0.0666, reconstruction=0.1198
Epoch [327/400]
batch = 0 (Δ=0.334s, 100.00%)
Training throughput: 1 batches in 0.333s; word units 100.0% of 8 words (letters-only 100.0% of 8).
Train Loss: output=0.0664, reconstruction=0.1251
Epoch [328/400]
batch = 0 (Δ=0.333s, 100.00%)
Training throughput: 1 batches in 0.332s; word units 100.0% of 8 words (letters-only 100.0% of 8).
Train Loss: output=0.1270, reconstruction=0.1633
Epoch [329/400]
batch = 0 (Δ=0.339s, 100.00%)
Training throughput: 1 batches in 0.339s; word units 100.0% of 8 words (letters-only 100.0% of 8).
Train Loss: output=0.0516, reconstruction=0.2236
Epoch [330/400]
batch = 0 (Δ=0.334s, 100.00%)
Training throughput: 1 batches in 0.333s; word units 100.0% of 8 words (letters-only 100.0% of 8).
Train Loss: output=0.0674, reconstruction=0.1915
Epoch [331/400]
batch = 0 (Δ=0.329s, 100.00%)
Training throughput: 1 batches in 0.329s; word units 100.0% of 8 words (letters-only 100.0% of 8).
Train Loss: output=0.0504, reconstruction=0.1310
Epoch [332/400]
batch = 0 (Δ=0.335s, 100.00%)
Training throughput: 1 batches in 0.334s; word units 100.0% of 8 words (letters-only 100.0% of 8).
Train Loss: output=0.0691, reconstruction=0.1175
Epoch [333/400]
batch = 0 (Δ=0.339s, 100.00%)
Training throughput: 1 batches in 0.338s; word units 100.0% of 8 words (letters-only 100.0% of 8).
Train Loss: output=0.0582, reconstruction=0.1129
Epoch [334/400]
batch = 0 (Δ=0.338s, 100.00%)
Training throughput: 1 batches in 0.338s; word units 100.0% of 8 words (letters-only 100.0% of 8).
Train Loss: output=0.1253, reconstruction=0.1095
Epoch [335/400]
batch = 0 (Δ=0.334s, 100.00%)
Training throughput: 1 batches in 0.333s; word units 100.0% of 8 words (letters-only 100.0% of 8).
Train Loss: output=0.0856, reconstruction=0.1068
Epoch [336/400]
batch = 0 (Δ=0.335s, 100.00%)
Training throughput: 1 batches in 0.334s; word units 100.0% of 8 words (letters-only 100.0% of 8).
Train Loss: output=0.0988, reconstruction=0.1044
Epoch [337/400]
batch = 0 (Δ=0.330s, 100.00%)
Training throughput: 1 batches in 0.330s; word units 100.0% of 8 words (letters-only 100.0% of 8).
Train Loss: output=0.1215, reconstruction=0.1046
Epoch [338/400]
batch = 0 (Δ=0.338s, 100.00%)
Training throughput: 1 batches in 0.337s; word units 100.0% of 8 words (letters-only 100.0% of 8).
Train Loss: output=0.1104, reconstruction=0.1090
Epoch [339/400]
batch = 0 (Δ=0.333s, 100.00%)
Training throughput: 1 batches in 0.332s; word units 100.0% of 8 words (letters-only 100.0% of 8).
Train Loss: output=0.0804, reconstruction=0.1181
Epoch [340/400]
batch = 0 (Δ=0.335s, 100.00%)
Training throughput: 1 batches in 0.334s; word units 100.0% of 8 words (letters-only 100.0% of 8).
Train Loss: output=0.0771, reconstruction=0.3958
Epoch [341/400]
batch = 0 (Δ=0.338s, 100.00%)
Training throughput: 1 batches in 0.337s; word units 100.0% of 8 words (letters-only 100.0% of 8).
Train Loss: output=0.0961, reconstruction=0.7262
Epoch [342/400]
batch = 0 (Δ=0.335s, 100.00%)
Training throughput: 1 batches in 0.334s; word units 100.0% of 8 words (letters-only 100.0% of 8).
Train Loss: output=0.1138, reconstruction=0.3939
Epoch [343/400]
batch = 0 (Δ=0.336s, 100.00%)
Training throughput: 1 batches in 0.336s; word units 100.0% of 8 words (letters-only 100.0% of 8).
Train Loss: output=0.1095, reconstruction=0.1242
Epoch [344/400]
batch = 0 (Δ=0.357s, 100.00%)
Training throughput: 1 batches in 0.357s; word units 100.0% of 8 words (letters-only 100.0% of 8).
Train Loss: output=0.0995, reconstruction=0.1161
Epoch [345/400]
batch = 0 (Δ=0.337s, 100.00%)
Training throughput: 1 batches in 0.337s; word units 100.0% of 8 words (letters-only 100.0% of 8).
Train Loss: output=0.0588, reconstruction=0.1140
Epoch [346/400]
batch = 0 (Δ=0.339s, 100.00%)
Training throughput: 1 batches in 0.338s; word units 100.0% of 8 words (letters-only 100.0% of 8).
Train Loss: output=0.0743, reconstruction=0.1123
Epoch [347/400]
batch = 0 (Δ=0.343s, 100.00%)
Training throughput: 1 batches in 0.342s; word units 100.0% of 8 words (letters-only 100.0% of 8).
Train Loss: output=0.1123, reconstruction=0.1106
Epoch [348/400]
batch = 0 (Δ=0.333s, 100.00%)
Training throughput: 1 batches in 0.332s; word units 100.0% of 8 words (letters-only 100.0% of 8).
Train Loss: output=0.0505, reconstruction=0.1091
Epoch [349/400]
batch = 0 (Δ=0.334s, 100.00%)
Training throughput: 1 batches in 0.333s; word units 100.0% of 8 words (letters-only 100.0% of 8).
Train Loss: output=0.0477, reconstruction=0.1077
Epoch [350/400]
batch = 0 (Δ=0.332s, 100.00%)
Training throughput: 1 batches in 0.332s; word units 100.0% of 8 words (letters-only 100.0% of 8).
Train Loss: output=0.0561, reconstruction=0.1065
Epoch [351/400]
batch = 0 (Δ=0.336s, 100.00%)
Training throughput: 1 batches in 0.335s; word units 100.0% of 8 words (letters-only 100.0% of 8).
Train Loss: output=0.1044, reconstruction=0.1054
Epoch [352/400]
batch = 0 (Δ=0.336s, 100.00%)
Training throughput: 1 batches in 0.336s; word units 100.0% of 8 words (letters-only 100.0% of 8).
Train Loss: output=0.1127, reconstruction=0.1044
Epoch [353/400]
batch = 0 (Δ=0.336s, 100.00%)
Training throughput: 1 batches in 0.336s; word units 100.0% of 8 words (letters-only 100.0% of 8).
Train Loss: output=0.0960, reconstruction=0.1033
Epoch [354/400]
batch = 0 (Δ=0.338s, 100.00%)
Training throughput: 1 batches in 0.337s; word units 100.0% of 8 words (letters-only 100.0% of 8).
Train Loss: output=0.1132, reconstruction=0.1024
Epoch [355/400]
batch = 0 (Δ=0.333s, 100.00%)
Training throughput: 1 batches in 0.333s; word units 100.0% of 8 words (letters-only 100.0% of 8).
Train Loss: output=0.0986, reconstruction=0.1015
Epoch [356/400]
batch = 0 (Δ=0.333s, 100.00%)
Training throughput: 1 batches in 0.332s; word units 100.0% of 8 words (letters-only 100.0% of 8).
Train Loss: output=0.0897, reconstruction=0.1007
Epoch [357/400]
batch = 0 (Δ=0.335s, 100.00%)
Training throughput: 1 batches in 0.334s; word units 100.0% of 8 words (letters-only 100.0% of 8).
Train Loss: output=0.0855, reconstruction=0.0999
Epoch [358/400]
batch = 0 (Δ=0.338s, 100.00%)
Training throughput: 1 batches in 0.337s; word units 100.0% of 8 words (letters-only 100.0% of 8).
Train Loss: output=0.0813, reconstruction=0.0990
Epoch [359/400]
batch = 0 (Δ=0.334s, 100.00%)
Training throughput: 1 batches in 0.333s; word units 100.0% of 8 words (letters-only 100.0% of 8).
Train Loss: output=0.0771, reconstruction=0.0981
Epoch [360/400]
batch = 0 (Δ=0.336s, 100.00%)
Training throughput: 1 batches in 0.335s; word units 100.0% of 8 words (letters-only 100.0% of 8).
Train Loss: output=0.0930, reconstruction=0.0971
Epoch [361/400]
batch = 0 (Δ=0.337s, 100.00%)
Training throughput: 1 batches in 0.337s; word units 100.0% of 8 words (letters-only 100.0% of 8).
Train Loss: output=0.0702, reconstruction=0.0962
Epoch [362/400]
batch = 0 (Δ=0.336s, 100.00%)
Training throughput: 1 batches in 0.335s; word units 100.0% of 8 words (letters-only 100.0% of 8).
Train Loss: output=0.1009, reconstruction=0.0955
Epoch [363/400]
batch = 0 (Δ=0.363s, 100.00%)
Training throughput: 1 batches in 0.363s; word units 100.0% of 8 words (letters-only 100.0% of 8).
Train Loss: output=0.1082, reconstruction=0.0948
Epoch [364/400]
batch = 0 (Δ=0.335s, 100.00%)
Training throughput: 1 batches in 0.335s; word units 100.0% of 8 words (letters-only 100.0% of 8).
Train Loss: output=0.0541, reconstruction=0.0942
Epoch [365/400]
batch = 0 (Δ=0.339s, 100.00%)
Training throughput: 1 batches in 0.339s; word units 100.0% of 8 words (letters-only 100.0% of 8).
Train Loss: output=0.0709, reconstruction=0.0935
Epoch [366/400]
batch = 0 (Δ=0.337s, 100.00%)
Training throughput: 1 batches in 0.337s; word units 100.0% of 8 words (letters-only 100.0% of 8).
Train Loss: output=0.0527, reconstruction=0.0928
Epoch [367/400]
batch = 0 (Δ=0.335s, 100.00%)
Training throughput: 1 batches in 0.334s; word units 100.0% of 8 words (letters-only 100.0% of 8).
Train Loss: output=0.0474, reconstruction=0.0919
Epoch [368/400]
batch = 0 (Δ=0.338s, 100.00%)
Training throughput: 1 batches in 0.337s; word units 100.0% of 8 words (letters-only 100.0% of 8).
Train Loss: output=0.0449, reconstruction=0.0910
Epoch [369/400]
batch = 0 (Δ=0.336s, 100.00%)
Training throughput: 1 batches in 0.336s; word units 100.0% of 8 words (letters-only 100.0% of 8).
Train Loss: output=0.1198, reconstruction=0.0902
Epoch [370/400]
batch = 0 (Δ=0.333s, 100.00%)
Training throughput: 1 batches in 0.333s; word units 100.0% of 8 words (letters-only 100.0% of 8).
Train Loss: output=0.0856, reconstruction=0.0894
Epoch [371/400]
batch = 0 (Δ=0.335s, 100.00%)
Training throughput: 1 batches in 0.335s; word units 100.0% of 8 words (letters-only 100.0% of 8).
Train Loss: output=0.1103, reconstruction=0.0886
Epoch [372/400]
batch = 0 (Δ=0.338s, 100.00%)
Training throughput: 1 batches in 0.337s; word units 100.0% of 8 words (letters-only 100.0% of 8).
Train Loss: output=0.0820, reconstruction=0.0877
Epoch [373/400]
batch = 0 (Δ=0.337s, 100.00%)
Training throughput: 1 batches in 0.337s; word units 100.0% of 8 words (letters-only 100.0% of 8).
Train Loss: output=0.0565, reconstruction=0.0867
Epoch [374/400]
batch = 0 (Δ=0.333s, 100.00%)
Training throughput: 1 batches in 0.332s; word units 100.0% of 8 words (letters-only 100.0% of 8).
Train Loss: output=0.1296, reconstruction=0.0859
Epoch [375/400]
batch = 0 (Δ=0.339s, 100.00%)
Training throughput: 1 batches in 0.339s; word units 100.0% of 8 words (letters-only 100.0% of 8).
Train Loss: output=0.1067, reconstruction=0.0852
Epoch [376/400]
batch = 0 (Δ=0.340s, 100.00%)
Training throughput: 1 batches in 0.338s; word units 100.0% of 8 words (letters-only 100.0% of 8).
Train Loss: output=0.0796, reconstruction=0.0846
Epoch [377/400]
batch = 0 (Δ=0.336s, 100.00%)
Training throughput: 1 batches in 0.336s; word units 100.0% of 8 words (letters-only 100.0% of 8).
Train Loss: output=0.0856, reconstruction=0.0838
Epoch [378/400]
batch = 0 (Δ=0.334s, 100.00%)
Training throughput: 1 batches in 0.334s; word units 100.0% of 8 words (letters-only 100.0% of 8).
Train Loss: output=0.0639, reconstruction=0.0830
Epoch [379/400]
batch = 0 (Δ=0.334s, 100.00%)
Training throughput: 1 batches in 0.334s; word units 100.0% of 8 words (letters-only 100.0% of 8).
Train Loss: output=0.0433, reconstruction=0.0823
Epoch [380/400]
batch = 0 (Δ=0.359s, 100.00%)
Training throughput: 1 batches in 0.359s; word units 100.0% of 8 words (letters-only 100.0% of 8).
Train Loss: output=0.0350, reconstruction=0.0816
Epoch [381/400]
batch = 0 (Δ=0.331s, 100.00%)
Training throughput: 1 batches in 0.331s; word units 100.0% of 8 words (letters-only 100.0% of 8).
Train Loss: output=0.0503, reconstruction=0.0808
Epoch [382/400]
batch = 0 (Δ=0.337s, 100.00%)
Training throughput: 1 batches in 0.336s; word units 100.0% of 8 words (letters-only 100.0% of 8).
Train Loss: output=0.0840, reconstruction=0.0799
Epoch [383/400]
batch = 0 (Δ=0.335s, 100.00%)
Training throughput: 1 batches in 0.334s; word units 100.0% of 8 words (letters-only 100.0% of 8).
Train Loss: output=0.0629, reconstruction=0.0790
Epoch [384/400]
batch = 0 (Δ=0.330s, 100.00%)
Training throughput: 1 batches in 0.331s; word units 100.0% of 8 words (letters-only 100.0% of 8).
Train Loss: output=0.0686, reconstruction=0.0781
Epoch [385/400]
batch = 0 (Δ=0.334s, 100.00%)
Training throughput: 1 batches in 0.334s; word units 100.0% of 8 words (letters-only 100.0% of 8).
Train Loss: output=0.0772, reconstruction=0.0771
Epoch [386/400]
batch = 0 (Δ=0.331s, 100.00%)
Training throughput: 1 batches in 0.330s; word units 100.0% of 8 words (letters-only 100.0% of 8).
Train Loss: output=0.0342, reconstruction=0.0761
Epoch [387/400]
batch = 0 (Δ=0.330s, 100.00%)
Training throughput: 1 batches in 0.329s; word units 100.0% of 8 words (letters-only 100.0% of 8).
Train Loss: output=0.0498, reconstruction=0.0752
Epoch [388/400]
batch = 0 (Δ=0.334s, 100.00%)
Training throughput: 1 batches in 0.333s; word units 100.0% of 8 words (letters-only 100.0% of 8).
Train Loss: output=0.0553, reconstruction=0.0746
Epoch [389/400]
batch = 0 (Δ=0.332s, 100.00%)
Training throughput: 1 batches in 0.331s; word units 100.0% of 8 words (letters-only 100.0% of 8).
Train Loss: output=0.0783, reconstruction=0.0739
Epoch [390/400]
batch = 0 (Δ=0.333s, 100.00%)
Training throughput: 1 batches in 0.333s; word units 100.0% of 8 words (letters-only 100.0% of 8).
Train Loss: output=0.0492, reconstruction=0.0732
Epoch [391/400]
batch = 0 (Δ=0.332s, 100.00%)
Training throughput: 1 batches in 0.332s; word units 100.0% of 8 words (letters-only 100.0% of 8).
Train Loss: output=0.0630, reconstruction=0.0725
Epoch [392/400]
batch = 0 (Δ=0.336s, 100.00%)
Training throughput: 1 batches in 0.335s; word units 100.0% of 8 words (letters-only 100.0% of 8).
Train Loss: output=0.0468, reconstruction=0.0716
Epoch [393/400]
batch = 0 (Δ=0.331s, 100.00%)
Training throughput: 1 batches in 0.331s; word units 100.0% of 8 words (letters-only 100.0% of 8).
Train Loss: output=0.0386, reconstruction=0.0708
Epoch [394/400]
batch = 0 (Δ=0.329s, 100.00%)
Training throughput: 1 batches in 0.329s; word units 100.0% of 8 words (letters-only 100.0% of 8).
Train Loss: output=0.0502, reconstruction=0.0698
Epoch [395/400]
batch = 0 (Δ=0.332s, 100.00%)
Training throughput: 1 batches in 0.331s; word units 100.0% of 8 words (letters-only 100.0% of 8).
Train Loss: output=0.1114, reconstruction=0.0689
Epoch [396/400]
batch = 0 (Δ=0.329s, 100.00%)
Training throughput: 1 batches in 0.328s; word units 100.0% of 8 words (letters-only 100.0% of 8).
Train Loss: output=0.0713, reconstruction=0.0680
Epoch [397/400]
batch = 0 (Δ=0.333s, 100.00%)
Training throughput: 1 batches in 0.332s; word units 100.0% of 8 words (letters-only 100.0% of 8).
Train Loss: output=0.0787, reconstruction=0.0670
Epoch [398/400]
batch = 0 (Δ=0.329s, 100.00%)
Training throughput: 1 batches in 0.329s; word units 100.0% of 8 words (letters-only 100.0% of 8).
Train Loss: output=0.0801, reconstruction=0.0660
Epoch [399/400]
batch = 0 (Δ=0.332s, 100.00%)
Training throughput: 1 batches in 0.331s; word units 100.0% of 8 words (letters-only 100.0% of 8).
Train Loss: output=0.0410, reconstruction=0.0652
Epoch [400/400]
batch = 0 (Δ=0.337s, 100.00%)
Training throughput: 1 batches in 0.336s; word units 100.0% of 8 words (letters-only 100.0% of 8).
Train Loss: output=0.1017, reconstruction=0.0645
Final Stats:
=== Selected operation grammar ===
batch = 0 (Δ=51.008s, 100.00%)
Training throughput: 1 batches in 50.953s; word units 100.0% of 8 words (letters-only 100.0% of 8).
=== Input Reconstruction (test) ===
  row[0] input='hello world' -> reconstructed='loving ' label=0.0000 predicted=0.2240 MISMATCH
  row[1] input='hello there' -> reconstructed='loving ' label=1.0000 predicted=0.3213 MISMATCH
  row[2] input='loving world' -> reconstructed='loving ' label=1.0000 predicted=0.9122 MISMATCH
  row[3] input='loving there' -> reconstructed='loving ' label=0.0000 predicted=0.2564 MISMATCH
------------------------------ Captured log call -------------------------------
DEBUG    torch.__trace:utils.py:2363 
DEBUG    torch.__trace:utils.py:2363 
DEBUG    torch.__trace:structured.py:28 
DEBUG    torch.__trace:structured.py:28 
DEBUG    torch.__trace:structured.py:28 
DEBUG    torch.__trace:structured.py:28 
DEBUG    torch.__trace:structured.py:28 
DEBUG    torch.__trace:structured.py:28 
DEBUG    torch.__trace:structured.py:28 
DEBUG    torch.__trace:structured.py:28 
DEBUG    torch.__trace:structured.py:28 
DEBUG    torch.__trace:structured.py:28 
DEBUG    torch.__trace:structured.py:28 
DEBUG    torch.__trace:structured.py:28 
DEBUG    torch.__trace:structured.py:28 
DEBUG    torch.__trace:structured.py:28 
DEBUG    torch.__trace:structured.py:28 
DEBUG    torch.__trace:structured.py:28 
DEBUG    torch.__trace:structured.py:28 
DEBUG    torch.__trace:structured.py:28 
DEBUG    torch.__trace:convert_frame.py:304 
DEBUG    torch.__trace:utils.py:2363 
DEBUG    torch.__trace:utils.py:2363 
DEBUG    torch.__trace:meta_utils.py:298 
DEBUG    torch.__trace:meta_utils.py:537 
DEBUG    torch.__trace:meta_utils.py:2385 
DEBUG    torch.__trace:meta_utils.py:298 
DEBUG    torch.__trace:meta_utils.py:537 
DEBUG    torch.__trace:meta_utils.py:2385 
DEBUG    torch.__trace:meta_utils.py:298 
DEBUG    torch.__trace:meta_utils.py:537 
DEBUG    torch.__trace:meta_utils.py:2385 
DEBUG    torch.__trace:meta_utils.py:298 
DEBUG    torch.__trace:meta_utils.py:537 
DEBUG    torch.__trace:meta_utils.py:2385 
DEBUG    torch.__trace:meta_utils.py:298 
DEBUG    torch.__trace:meta_utils.py:537 
DEBUG    torch.__trace:meta_utils.py:2385 
DEBUG    torch.__trace:meta_utils.py:298 
DEBUG    torch.__trace:meta_utils.py:537 
DEBUG    torch.__trace:meta_utils.py:2385 
DEBUG    torch.__trace:meta_utils.py:298 
DEBUG    torch.__trace:meta_utils.py:537 
DEBUG    torch.__trace:meta_utils.py:2385 
DEBUG    torch.__trace:meta_utils.py:298 
DEBUG    torch.__trace:meta_utils.py:537 
DEBUG    torch.__trace:meta_utils.py:2385 
DEBUG    torch.__trace:meta_utils.py:298 
DEBUG    torch.__trace:meta_utils.py:537 
DEBUG    torch.__trace:meta_utils.py:2385 
DEBUG    torch.__trace:structured.py:28 
DEBUG    torch.__trace:structured.py:28 
DEBUG    torch.__trace:structured.py:28 
DEBUG    torch.__trace:structured.py:28 
DEBUG    torch.__trace:structured.py:28 
DEBUG    torch.__trace:structured.py:28 
DEBUG    torch.__trace:structured.py:28 
DEBUG    torch.__trace:structured.py:28 
DEBUG    torch.__trace:structured.py:28 
DEBUG    torch.__trace:structured.py:28 
DEBUG    torch.__trace:structured.py:28 
DEBUG    torch.__trace:structured.py:28 
DEBUG    torch.__trace:symbolic_shapes.py:5971 
DEBUG    torch.__trace:meta_utils.py:298 
DEBUG    torch.__trace:meta_utils.py:537 
DEBUG    torch.__trace:meta_utils.py:2385 
DEBUG    torch.__trace:meta_utils.py:298 
DEBUG    torch.__trace:meta_utils.py:537 
DEBUG    torch.__trace:meta_utils.py:2385 
DEBUG    torch.__trace:meta_utils.py:298 
DEBUG    torch.__trace:meta_utils.py:537 
DEBUG    torch.__trace:meta_utils.py:2385 
DEBUG    torch.__trace:meta_utils.py:298 
DEBUG    torch.__trace:meta_utils.py:537 
DEBUG    torch.__trace:meta_utils.py:2385 
DEBUG    torch.__trace:meta_utils.py:298 
DEBUG    torch.__trace:meta_utils.py:537 
DEBUG    torch.__trace:meta_utils.py:2385 
DEBUG    torch.__trace:meta_utils.py:298 
DEBUG    torch.__trace:meta_utils.py:537 
DEBUG    torch.__trace:meta_utils.py:2385 
DEBUG    torch.__trace:structured.py:28 
DEBUG    torch.__trace:structured.py:28 
DEBUG    torch.__trace:structured.py:28 
DEBUG    torch.__trace:symbolic_shapes.py:5971 
DEBUG    torch.__trace:meta_utils.py:298 
DEBUG    torch.__trace:meta_utils.py:537 
DEBUG    torch.__trace:meta_utils.py:2385 
DEBUG    torch.__trace:symbolic_shapes.py:5971 
DEBUG    torch.__trace:structured.py:28 
DEBUG    torch.__trace:structured.py:28 
DEBUG    torch.__trace:symbolic_shapes.py:8465 
DEBUG    torch.__trace:meta_utils.py:298 
DEBUG    torch.__trace:meta_utils.py:537 
DEBUG    torch.__trace:meta_utils.py:2385 
DEBUG    torch.__trace:meta_utils.py:298 
DEBUG    torch.__trace:meta_utils.py:537 
DEBUG    torch.__trace:meta_utils.py:2385 
DEBUG    torch.__trace:meta_utils.py:298 
DEBUG    torch.__trace:meta_utils.py:537 
DEBUG    torch.__trace:meta_utils.py:2385 
DEBUG    torch.__trace:meta_utils.py:298 
DEBUG    torch.__trace:meta_utils.py:537 
DEBUG    torch.__trace:meta_utils.py:2385 
DEBUG    torch.__trace:meta_utils.py:298 
DEBUG    torch.__trace:meta_utils.py:537 
DEBUG    torch.__trace:meta_utils.py:2385 
DEBUG    torch.__trace:meta_utils.py:298 
DEBUG    torch.__trace:meta_utils.py:537 
DEBUG    torch.__trace:meta_utils.py:2385 
DEBUG    torch.__trace:structured.py:28 
DEBUG    torch.__trace:structured.py:28 
DEBUG    torch.__trace:structured.py:28 
DEBUG    torch.__trace:structured.py:28 
DEBUG    torch.__trace:symbolic_shapes.py:5521 
DEBUG    torch.__trace:structured.py:28 
DEBUG    torch.__trace:structured.py:28 
DEBUG    torch.__trace:structured.py:28 
DEBUG    torch.__trace:structured.py:28 
DEBUG    torch.__trace:structured.py:28 
DEBUG    torch.__trace:symbolic_shapes.py:8465 
DEBUG    torch.__trace:symbolic_shapes.py:8465 
DEBUG    torch.__trace:meta_utils.py:298 
DEBUG    torch.__trace:meta_utils.py:537 
DEBUG    torch.__trace:meta_utils.py:2385 
DEBUG    torch.__trace:meta_utils.py:298 
DEBUG    torch.__trace:meta_utils.py:537 
DEBUG    torch.__trace:meta_utils.py:2385 
DEBUG    torch.__trace:symbolic_shapes.py:5521 
DEBUG    torch.__trace:symbolic_shapes.py:8465 
DEBUG    torch.__trace:symbolic_shapes.py:8465 
DEBUG    torch.__trace:meta_utils.py:298 
DEBUG    torch.__trace:meta_utils.py:537 
DEBUG    torch.__trace:meta_utils.py:2385 
DEBUG    torch.__trace:utils.py:2363 
DEBUG    torch.__trace:utils.py:2363 
DEBUG    torch.__trace:utils.py:2363 
DEBUG    torch.__trace:output_graph.py:2942 
DEBUG    torch.__trace:utils.py:2363 
DEBUG    torch.__trace:utils.py:2363 
DEBUG    torch.__trace:utils.py:2363 
DEBUG    torch.__trace:structured.py:28 
DEBUG    torch.__trace:structured.py:28 
DEBUG    torch.__trace:structured.py:28 
DEBUG    torch.__trace:structured.py:28 
DEBUG    torch.__trace:structured.py:28 
DEBUG    torch.__trace:structured.py:28 
DEBUG    torch.__trace:structured.py:28 
DEBUG    torch.__trace:symbolic_shapes.py:5521 
DEBUG    torch.__trace:structured.py:28 
DEBUG    torch.__trace:symbolic_shapes.py:8465 
DEBUG    torch.__trace:symbolic_shapes.py:8465 
DEBUG    torch.__trace:symbolic_shapes.py:5521 
DEBUG    torch.__trace:symbolic_shapes.py:8465 
DEBUG    torch.__trace:symbolic_shapes.py:8465 
DEBUG    torch.__trace:utils.py:2363 
DEBUG    torch.__trace:utils.py:2363 
DEBUG    torch.__trace:structured.py:28 
DEBUG    torch.__trace:structured.py:28 
DEBUG    torch.__trace:structured.py:28 
DEBUG    torch.__trace:structured.py:28 
DEBUG    torch.__trace:symbolic_shapes.py:5521 
DEBUG    torch.__trace:structured.py:28 
DEBUG    torch.__trace:structured.py:28 
DEBUG    torch.__trace:symbolic_shapes.py:8465 
DEBUG    torch.__trace:symbolic_shapes.py:8465 
DEBUG    torch.__trace:symbolic_shapes.py:5521 
DEBUG    torch.__trace:symbolic_shapes.py:8465 
DEBUG    torch.__trace:symbolic_shapes.py:8465 
DEBUG    torch.__trace:structured.py:28 
DEBUG    torch.__trace:structured.py:28 
DEBUG    torch.__trace:structured.py:28 
DEBUG    torch.__trace:structured.py:28 
DEBUG    torch.__trace:structured.py:28 
DEBUG    torch.__trace:symbolic_shapes.py:5521 
DEBUG    torch.__trace:symbolic_shapes.py:5521 
DEBUG    torch.__trace:symbolic_shapes.py:5521 
DEBUG    torch.__trace:symbolic_shapes.py:5521 
DEBUG    torch.__trace:symbolic_shapes.py:5521 
DEBUG    torch.__trace:symbolic_shapes.py:5521 
DEBUG    torch.__trace:symbolic_shapes.py:5521 
DEBUG    torch.__trace:symbolic_shapes.py:5521 
DEBUG    torch.__trace:symbolic_shapes.py:5521 
DEBUG    torch.__trace:structured.py:28 
DEBUG    torch.__trace:structured.py:28 
DEBUG    torch.__trace:structured.py:28 
DEBUG    torch.__trace:symbolic_shapes.py:5521 
DEBUG    torch.__trace:symbolic_shapes.py:5521 
DEBUG    torch.__trace:symbolic_shapes.py:5521 
DEBUG    torch.__trace:symbolic_shapes.py:5521 
DEBUG    torch.__trace:symbolic_shapes.py:5521 
DEBUG    torch.__trace:symbolic_shapes.py:5521 
DEBUG    torch.__trace:symbolic_shapes.py:5521 
DEBUG    torch.__trace:symbolic_shapes.py:5521 
DEBUG    torch.__trace:symbolic_shapes.py:5521 
DEBUG    torch.__trace:structured.py:28 
DEBUG    torch.__trace:symbolic_shapes.py:5521 
DEBUG    torch.__trace:symbolic_shapes.py:5521 
DEBUG    torch.__trace:symbolic_shapes.py:5521 
DEBUG    torch.__trace:symbolic_shapes.py:5521 
DEBUG    torch.__trace:symbolic_shapes.py:5521 
DEBUG    torch.__trace:symbolic_shapes.py:5521 
DEBUG    torch.__trace:symbolic_shapes.py:5521 
DEBUG    torch.__trace:symbolic_shapes.py:5521 
DEBUG    torch.__trace:symbolic_shapes.py:5521 
DEBUG    torch.__trace:symbolic_shapes.py:5521 
DEBUG    torch.__trace:symbolic_shapes.py:5521 
DEBUG    torch.__trace:symbolic_shapes.py:5521 
DEBUG    torch.__trace:symbolic_shapes.py:5521 
DEBUG    torch.__trace:symbolic_shapes.py:5521 
DEBUG    torch.__trace:symbolic_shapes.py:5521 
DEBUG    torch.__trace:symbolic_shapes.py:5521 
DEBUG    torch.__trace:symbolic_shapes.py:5521 
DEBUG    torch.__trace:symbolic_shapes.py:5521 
DEBUG    torch.__trace:symbolic_shapes.py:5521 
DEBUG    torch.__trace:symbolic_shapes.py:5521 
DEBUG    torch.__trace:symbolic_shapes.py:5521 
DEBUG    torch.__trace:symbolic_shapes.py:5521 
DEBUG    torch.__trace:symbolic_shapes.py:5521 
DEBUG    torch.__trace:symbolic_shapes.py:5521 
DEBUG    torch.__trace:symbolic_shapes.py:5521 
DEBUG    torch.__trace:symbolic_shapes.py:5521 
DEBUG    torch.__trace:symbolic_shapes.py:5521 
DEBUG    torch.__trace:symbolic_shapes.py:5521 
DEBUG    torch.__trace:symbolic_shapes.py:5521 
DEBUG    torch.__trace:symbolic_shapes.py:5521 
DEBUG    torch.__trace:symbolic_shapes.py:5521 
DEBUG    torch.__trace:symbolic_shapes.py:5521 
DEBUG    torch.__trace:symbolic_shapes.py:5521 
DEBUG    torch.__trace:symbolic_shapes.py:5521 
DEBUG    torch.__trace:symbolic_shapes.py:5521 
DEBUG    torch.__trace:symbolic_shapes.py:5521 
DEBUG    torch.__trace:symbolic_shapes.py:5521 
DEBUG    torch.__trace:symbolic_shapes.py:5521 
DEBUG    torch.__trace:utils.py:2363 
DEBUG    torch.__trace:graph_compile.py:1820 
DEBUG    torch.__trace:graph_compile.py:1841 
DEBUG    torch.__trace:graph_compile.py:1891 
DEBUG    torch.__trace:graph_compile.py:1909 
DEBUG    torch.__trace:graph_compile.py:1913 
DEBUG    torch.__trace:codegen.py:200 
DEBUG    torch.__trace:codegen.py:200 
DEBUG    torch.__trace:codegen.py:200 
DEBUG    torch.__trace:codegen.py:200 
DEBUG    torch.__trace:codegen.py:200 
DEBUG    torch.__trace:codegen.py:200 
DEBUG    torch.__trace:utils.py:2363 
DEBUG    torch.__trace:utils.py:2363 
DEBUG    torch.__trace:utils.py:2363 
DEBUG    torch.__trace:utils.py:2363 
DEBUG    torch.__trace:guards.py:4769 
DEBUG    torch.__trace:utils.py:2363 
DEBUG    torch.__trace:utils.py:2363 
DEBUG    torch.__trace:utils.py:2363 
DEBUG    torch.__trace:utils.py:2363 
DEBUG    torch.__trace:utils.py:2363 
DEBUG    torch.__trace:utils.py:2363 
DEBUG    torch.__trace:utils.py:2022 
DEBUG    torch.__trace:utils.py:2363 
DEBUG    torch.__trace:utils.py:2363 
DEBUG    torch.__trace:utils.py:2363 
DEBUG    torch.__trace:guards.py:5625 
DEBUG    torch.__trace:convert_frame.py:304 
DEBUG    torch.__trace:utils.py:2363 
DEBUG    torch.__trace:utils.py:2363 
DEBUG    torch.__trace:meta_utils.py:298 
DEBUG    torch.__trace:meta_utils.py:537 
DEBUG    torch.__trace:meta_utils.py:2385 
DEBUG    torch.__trace:meta_utils.py:298 
DEBUG    torch.__trace:meta_utils.py:537 
DEBUG    torch.__trace:meta_utils.py:2385 
DEBUG    torch.__trace:meta_utils.py:298 
DEBUG    torch.__trace:meta_utils.py:537 
DEBUG    torch.__trace:meta_utils.py:2385 
DEBUG    torch.__trace:meta_utils.py:298 
DEBUG    torch.__trace:meta_utils.py:537 
DEBUG    torch.__trace:meta_utils.py:2385 
DEBUG    torch.__trace:meta_utils.py:298 
DEBUG    torch.__trace:meta_utils.py:537 
DEBUG    torch.__trace:meta_utils.py:2385 
DEBUG    torch.__trace:meta_utils.py:298 
DEBUG    torch.__trace:meta_utils.py:537 
DEBUG    torch.__trace:meta_utils.py:2385 
DEBUG    torch.__trace:meta_utils.py:298 
DEBUG    torch.__trace:meta_utils.py:537 
DEBUG    torch.__trace:meta_utils.py:2385 
DEBUG    torch.__trace:meta_utils.py:298 
DEBUG    torch.__trace:meta_utils.py:537 
DEBUG    torch.__trace:meta_utils.py:2385 
DEBUG    torch.__trace:meta_utils.py:298 
DEBUG    torch.__trace:meta_utils.py:537 
DEBUG    torch.__trace:meta_utils.py:2385 
DEBUG    torch.__trace:symbolic_shapes.py:5971 
DEBUG    torch.__trace:meta_utils.py:298 
DEBUG    torch.__trace:meta_utils.py:537 
DEBUG    torch.__trace:meta_utils.py:2385 
DEBUG    torch.__trace:meta_utils.py:298 
DEBUG    torch.__trace:meta_utils.py:537 
DEBUG    torch.__trace:meta_utils.py:2385 
DEBUG    torch.__trace:meta_utils.py:298 
DEBUG    torch.__trace:meta_utils.py:537 
DEBUG    torch.__trace:meta_utils.py:2385 
DEBUG    torch.__trace:meta_utils.py:298 
DEBUG    torch.__trace:meta_utils.py:537 
DEBUG    torch.__trace:meta_utils.py:2385 
DEBUG    torch.__trace:meta_utils.py:298 
DEBUG    torch.__trace:meta_utils.py:537 
DEBUG    torch.__trace:meta_utils.py:2385 
DEBUG    torch.__trace:meta_utils.py:298 
DEBUG    torch.__trace:meta_utils.py:537 
DEBUG    torch.__trace:meta_utils.py:2385 
DEBUG    torch.__trace:symbolic_shapes.py:5971 
DEBUG    torch.__trace:meta_utils.py:298 
DEBUG    torch.__trace:meta_utils.py:537 
DEBUG    torch.__trace:meta_utils.py:2385 
DEBUG    torch.__trace:symbolic_shapes.py:5971 
DEBUG    torch.__trace:symbolic_shapes.py:8465 
DEBUG    torch.__trace:meta_utils.py:298 
DEBUG    torch.__trace:meta_utils.py:537 
DEBUG    torch.__trace:meta_utils.py:2385 
DEBUG    torch.__trace:meta_utils.py:298 
DEBUG    torch.__trace:meta_utils.py:537 
DEBUG    torch.__trace:meta_utils.py:2385 
DEBUG    torch.__trace:meta_utils.py:298 
DEBUG    torch.__trace:meta_utils.py:537 
DEBUG    torch.__trace:meta_utils.py:2385 
DEBUG    torch.__trace:meta_utils.py:298 
DEBUG    torch.__trace:meta_utils.py:537 
DEBUG    torch.__trace:meta_utils.py:2385 
DEBUG    torch.__trace:meta_utils.py:298 
DEBUG    torch.__trace:meta_utils.py:537 
DEBUG    torch.__trace:meta_utils.py:2385 
DEBUG    torch.__trace:meta_utils.py:298 
DEBUG    torch.__trace:meta_utils.py:537 
DEBUG    torch.__trace:meta_utils.py:2385 
DEBUG    torch.__trace:symbolic_shapes.py:5521 
DEBUG    torch.__trace:symbolic_shapes.py:8465 
DEBUG    torch.__trace:symbolic_shapes.py:8465 
DEBUG    torch.__trace:meta_utils.py:298 
DEBUG    torch.__trace:meta_utils.py:537 
DEBUG    torch.__trace:meta_utils.py:2385 
DEBUG    torch.__trace:meta_utils.py:298 
DEBUG    torch.__trace:meta_utils.py:537 
DEBUG    torch.__trace:meta_utils.py:2385 
DEBUG    torch.__trace:meta_utils.py:298 
DEBUG    torch.__trace:meta_utils.py:537 
DEBUG    torch.__trace:meta_utils.py:2385 
DEBUG    torch.__trace:symbolic_shapes.py:5521 
DEBUG    torch.__trace:symbolic_shapes.py:8465 
DEBUG    torch.__trace:symbolic_shapes.py:8465 
DEBUG    torch.__trace:meta_utils.py:298 
DEBUG    torch.__trace:meta_utils.py:537 
DEBUG    torch.__trace:meta_utils.py:2385 
DEBUG    torch.__trace:utils.py:2363 
DEBUG    torch.__trace:utils.py:2363 
DEBUG    torch.__trace:utils.py:2363 
DEBUG    torch.__trace:output_graph.py:2942 
DEBUG    torch.__trace:utils.py:2363 
DEBUG    torch.__trace:utils.py:2363 
DEBUG    torch.__trace:utils.py:2363 
DEBUG    torch.__trace:symbolic_shapes.py:5521 
DEBUG    torch.__trace:symbolic_shapes.py:8465 
DEBUG    torch.__trace:symbolic_shapes.py:8465 
DEBUG    torch.__trace:symbolic_shapes.py:5521 
DEBUG    torch.__trace:symbolic_shapes.py:8465 
DEBUG    torch.__trace:symbolic_shapes.py:8465 
DEBUG    torch.__trace:utils.py:2363 
DEBUG    torch.__trace:utils.py:2363 
DEBUG    torch.__trace:symbolic_shapes.py:5521 
DEBUG    torch.__trace:symbolic_shapes.py:8465 
DEBUG    torch.__trace:symbolic_shapes.py:8465 
DEBUG    torch.__trace:symbolic_shapes.py:5521 
DEBUG    torch.__trace:symbolic_shapes.py:8465 
DEBUG    torch.__trace:symbolic_shapes.py:8465 
DEBUG    torch.__trace:symbolic_shapes.py:5521 
DEBUG    torch.__trace:symbolic_shapes.py:5521 
DEBUG    torch.__trace:symbolic_shapes.py:5521 
DEBUG    torch.__trace:symbolic_shapes.py:5521 
DEBUG    torch.__trace:symbolic_shapes.py:5521 
DEBUG    torch.__trace:symbolic_shapes.py:5521 
DEBUG    torch.__trace:symbolic_shapes.py:5521 
DEBUG    torch.__trace:symbolic_shapes.py:5521 
DEBUG    torch.__trace:symbolic_shapes.py:5521 
DEBUG    torch.__trace:symbolic_shapes.py:5521 
DEBUG    torch.__trace:symbolic_shapes.py:5521 
DEBUG    torch.__trace:symbolic_shapes.py:5521 
DEBUG    torch.__trace:symbolic_shapes.py:5521 
DEBUG    torch.__trace:symbolic_shapes.py:5521 
DEBUG    torch.__trace:symbolic_shapes.py:5521 
DEBUG    torch.__trace:symbolic_shapes.py:5521 
DEBUG    torch.__trace:symbolic_shapes.py:5521 
DEBUG    torch.__trace:symbolic_shapes.py:5521 
DEBUG    torch.__trace:symbolic_shapes.py:5521 
DEBUG    torch.__trace:symbolic_shapes.py:5521 
DEBUG    torch.__trace:symbolic_shapes.py:5521 
DEBUG    torch.__trace:symbolic_shapes.py:5521 
DEBUG    torch.__trace:symbolic_shapes.py:5521 
DEBUG    torch.__trace:symbolic_shapes.py:5521 
DEBUG    torch.__trace:symbolic_shapes.py:5521 
DEBUG    torch.__trace:symbolic_shapes.py:5521 
DEBUG    torch.__trace:symbolic_shapes.py:5521 
DEBUG    torch.__trace:symbolic_shapes.py:5521 
DEBUG    torch.__trace:symbolic_shapes.py:5521 
DEBUG    torch.__trace:symbolic_shapes.py:5521 
DEBUG    torch.__trace:symbolic_shapes.py:5521 
DEBUG    torch.__trace:symbolic_shapes.py:5521 
DEBUG    torch.__trace:symbolic_shapes.py:5521 
DEBUG    torch.__trace:symbolic_shapes.py:5521 
DEBUG    torch.__trace:symbolic_shapes.py:5521 
DEBUG    torch.__trace:symbolic_shapes.py:5521 
DEBUG    torch.__trace:symbolic_shapes.py:5521 
DEBUG    torch.__trace:symbolic_shapes.py:5521 
DEBUG    torch.__trace:symbolic_shapes.py:5521 
DEBUG    torch.__trace:symbolic_shapes.py:5521 
DEBUG    torch.__trace:symbolic_shapes.py:5521 
DEBUG    torch.__trace:symbolic_shapes.py:5521 
DEBUG    torch.__trace:symbolic_shapes.py:5521 
DEBUG    torch.__trace:symbolic_shapes.py:5521 
DEBUG    torch.__trace:symbolic_shapes.py:5521 
DEBUG    torch.__trace:symbolic_shapes.py:5521 
DEBUG    torch.__trace:symbolic_shapes.py:5521 
DEBUG    torch.__trace:symbolic_shapes.py:5521 
DEBUG    torch.__trace:symbolic_shapes.py:5521 
DEBUG    torch.__trace:symbolic_shapes.py:5521 
DEBUG    torch.__trace:symbolic_shapes.py:5521 
DEBUG    torch.__trace:symbolic_shapes.py:5521 
DEBUG    torch.__trace:symbolic_shapes.py:5521 
DEBUG    torch.__trace:symbolic_shapes.py:5521 
DEBUG    torch.__trace:symbolic_shapes.py:5521 
DEBUG    torch.__trace:symbolic_shapes.py:5521 
DEBUG    torch.__trace:utils.py:2363 
DEBUG    torch.__trace:graph_compile.py:1820 
DEBUG    torch.__trace:graph_compile.py:1841 
DEBUG    torch.__trace:graph_compile.py:1891 
DEBUG    torch.__trace:graph_compile.py:1909 
DEBUG    torch.__trace:graph_compile.py:1913 
DEBUG    torch.__trace:codegen.py:200 
DEBUG    torch.__trace:codegen.py:200 
DEBUG    torch.__trace:codegen.py:200 
DEBUG    torch.__trace:codegen.py:200 
DEBUG    torch.__trace:codegen.py:200 
DEBUG    torch.__trace:codegen.py:200 
DEBUG    torch.__trace:utils.py:2363 
DEBUG    torch.__trace:utils.py:2363 
DEBUG    torch.__trace:utils.py:2363 
DEBUG    torch.__trace:utils.py:2363 
DEBUG    torch.__trace:guards.py:4769 
DEBUG    torch.__trace:utils.py:2363 
DEBUG    torch.__trace:utils.py:2363 
DEBUG    torch.__trace:utils.py:2363 
DEBUG    torch.__trace:utils.py:2363 
DEBUG    torch.__trace:utils.py:2363 
DEBUG    torch.__trace:utils.py:2363 
DEBUG    torch.__trace:utils.py:2022 
DEBUG    torch.__trace:utils.py:2363 
DEBUG    torch.__trace:utils.py:2363 
DEBUG    torch.__trace:utils.py:2363 
DEBUG    torch.__trace:guards.py:5625 
DEBUG    torch.__trace:convert_frame.py:304 
DEBUG    torch.__trace:utils.py:2363 
DEBUG    torch.__trace:utils.py:2363 
DEBUG    torch.__trace:meta_utils.py:298 
DEBUG    torch.__trace:meta_utils.py:537 
DEBUG    torch.__trace:meta_utils.py:2385 
DEBUG    torch.__trace:meta_utils.py:298 
DEBUG    torch.__trace:meta_utils.py:537 
DEBUG    torch.__trace:meta_utils.py:2385 
DEBUG    torch.__trace:meta_utils.py:298 
DEBUG    torch.__trace:meta_utils.py:537 
DEBUG    torch.__trace:meta_utils.py:2385 
DEBUG    torch.__trace:meta_utils.py:298 
DEBUG    torch.__trace:meta_utils.py:537 
DEBUG    torch.__trace:meta_utils.py:2385 
DEBUG    torch.__trace:meta_utils.py:298 
DEBUG    torch.__trace:meta_utils.py:537 
DEBUG    torch.__trace:meta_utils.py:2385 
DEBUG    torch.__trace:meta_utils.py:298 
DEBUG    torch.__trace:meta_utils.py:537 
DEBUG    torch.__trace:meta_utils.py:2385 
DEBUG    torch.__trace:meta_utils.py:298 
DEBUG    torch.__trace:meta_utils.py:537 
DEBUG    torch.__trace:meta_utils.py:2385 
DEBUG    torch.__trace:meta_utils.py:298 
DEBUG    torch.__trace:meta_utils.py:537 
DEBUG    torch.__trace:meta_utils.py:2385 
DEBUG    torch.__trace:meta_utils.py:298 
DEBUG    torch.__trace:meta_utils.py:537 
DEBUG    torch.__trace:meta_utils.py:2385 
DEBUG    torch.__trace:symbolic_shapes.py:5971 
DEBUG    torch.__trace:meta_utils.py:298 
DEBUG    torch.__trace:meta_utils.py:537 
DEBUG    torch.__trace:meta_utils.py:2385 
DEBUG    torch.__trace:meta_utils.py:298 
DEBUG    torch.__trace:meta_utils.py:537 
DEBUG    torch.__trace:meta_utils.py:2385 
DEBUG    torch.__trace:meta_utils.py:298 
DEBUG    torch.__trace:meta_utils.py:537 
DEBUG    torch.__trace:meta_utils.py:2385 
DEBUG    torch.__trace:meta_utils.py:298 
DEBUG    torch.__trace:meta_utils.py:537 
DEBUG    torch.__trace:meta_utils.py:2385 
DEBUG    torch.__trace:meta_utils.py:298 
DEBUG    torch.__trace:meta_utils.py:537 
DEBUG    torch.__trace:meta_utils.py:2385 
DEBUG    torch.__trace:meta_utils.py:298 
DEBUG    torch.__trace:meta_utils.py:537 
DEBUG    torch.__trace:meta_utils.py:2385 
DEBUG    torch.__trace:symbolic_shapes.py:5971 
DEBUG    torch.__trace:meta_utils.py:298 
DEBUG    torch.__trace:meta_utils.py:537 
DEBUG    torch.__trace:meta_utils.py:2385 
DEBUG    torch.__trace:symbolic_shapes.py:5971 
DEBUG    torch.__trace:symbolic_shapes.py:8465 
DEBUG    torch.__trace:meta_utils.py:298 
DEBUG    torch.__trace:meta_utils.py:537 
DEBUG    torch.__trace:meta_utils.py:2385 
DEBUG    torch.__trace:meta_utils.py:298 
DEBUG    torch.__trace:meta_utils.py:537 
DEBUG    torch.__trace:meta_utils.py:2385 
DEBUG    torch.__trace:meta_utils.py:298 
DEBUG    torch.__trace:meta_utils.py:537 
DEBUG    torch.__trace:meta_utils.py:2385 
DEBUG    torch.__trace:meta_utils.py:298 
DEBUG    torch.__trace:meta_utils.py:537 
DEBUG    torch.__trace:meta_utils.py:2385 
DEBUG    torch.__trace:meta_utils.py:298 
DEBUG    torch.__trace:meta_utils.py:537 
DEBUG    torch.__trace:meta_utils.py:2385 
DEBUG    torch.__trace:meta_utils.py:298 
DEBUG    torch.__trace:meta_utils.py:537 
DEBUG    torch.__trace:meta_utils.py:2385 
DEBUG    torch.__trace:meta_utils.py:298 
DEBUG    torch.__trace:meta_utils.py:537 
DEBUG    torch.__trace:meta_utils.py:2385 
DEBUG    torch.__trace:meta_utils.py:298 
DEBUG    torch.__trace:meta_utils.py:537 
DEBUG    torch.__trace:meta_utils.py:2385 
DEBUG    torch.__trace:utils.py:2363 
DEBUG    torch.__trace:utils.py:2363 
DEBUG    torch.__trace:utils.py:2363 
DEBUG    torch.__trace:output_graph.py:2942 
DEBUG    torch.__trace:utils.py:2363 
DEBUG    torch.__trace:utils.py:2363 
DEBUG    torch.__trace:utils.py:2363 
DEBUG    torch.__trace:utils.py:2363 
DEBUG    torch.__trace:graph_capture.py:428 
DEBUG    torch.__trace:graph_capture.py:446 
DEBUG    torch.__trace:graph_compile.py:382 
DEBUG    torch.__trace:codegen.py:200 
DEBUG    torch.__trace:utils.py:2363 
DEBUG    torch.__trace:utils.py:2363 
DEBUG    torch.__trace:utils.py:2363 
DEBUG    torch.__trace:utils.py:2363 
DEBUG    torch.__trace:guards.py:4769 
DEBUG    torch.__trace:utils.py:2363 
DEBUG    torch.__trace:utils.py:2363 
DEBUG    torch.__trace:utils.py:2363 
DEBUG    torch.__trace:utils.py:2363 
DEBUG    torch.__trace:utils.py:2363 
DEBUG    torch.__trace:utils.py:2363 
DEBUG    torch.__trace:utils.py:2022 
DEBUG    torch.__trace:utils.py:2363 
DEBUG    torch.__trace:utils.py:2363 
DEBUG    torch.__trace:utils.py:2363 
DEBUG    torch.__trace:guards.py:5625 
DEBUG    torch.__trace:convert_frame.py:304 
DEBUG    torch.__trace:utils.py:2363 
DEBUG    torch.__trace:utils.py:2363 
DEBUG    torch.__trace:meta_utils.py:298 
DEBUG    torch.__trace:meta_utils.py:537 
DEBUG    torch.__trace:meta_utils.py:2385 
DEBUG    torch.__trace:meta_utils.py:298 
DEBUG    torch.__trace:meta_utils.py:537 
DEBUG    torch.__trace:meta_utils.py:2385 
DEBUG    torch.__trace:meta_utils.py:298 
DEBUG    torch.__trace:meta_utils.py:537 
DEBUG    torch.__trace:meta_utils.py:2385 
DEBUG    torch.__trace:meta_utils.py:298 
DEBUG    torch.__trace:meta_utils.py:537 
DEBUG    torch.__trace:meta_utils.py:2385 
DEBUG    torch.__trace:meta_utils.py:298 
DEBUG    torch.__trace:meta_utils.py:537 
DEBUG    torch.__trace:meta_utils.py:2385 
DEBUG    torch.__trace:meta_utils.py:298 
DEBUG    torch.__trace:meta_utils.py:537 
DEBUG    torch.__trace:meta_utils.py:2385 
DEBUG    torch.__trace:meta_utils.py:298 
DEBUG    torch.__trace:meta_utils.py:537 
DEBUG    torch.__trace:meta_utils.py:2385 
DEBUG    torch.__trace:meta_utils.py:298 
DEBUG    torch.__trace:meta_utils.py:537 
DEBUG    torch.__trace:meta_utils.py:2385 
DEBUG    torch.__trace:meta_utils.py:298 
DEBUG    torch.__trace:meta_utils.py:537 
DEBUG    torch.__trace:meta_utils.py:2385 
DEBUG    torch.__trace:symbolic_shapes.py:5971 
DEBUG    torch.__trace:meta_utils.py:298 
DEBUG    torch.__trace:meta_utils.py:537 
DEBUG    torch.__trace:meta_utils.py:2385 
DEBUG    torch.__trace:meta_utils.py:298 
DEBUG    torch.__trace:meta_utils.py:537 
DEBUG    torch.__trace:meta_utils.py:2385 
DEBUG    torch.__trace:meta_utils.py:298 
DEBUG    torch.__trace:meta_utils.py:537 
DEBUG    torch.__trace:meta_utils.py:2385 
DEBUG    torch.__trace:meta_utils.py:298 
DEBUG    torch.__trace:meta_utils.py:537 
DEBUG    torch.__trace:meta_utils.py:2385 
DEBUG    torch.__trace:meta_utils.py:298 
DEBUG    torch.__trace:meta_utils.py:537 
DEBUG    torch.__trace:meta_utils.py:2385 
DEBUG    torch.__trace:meta_utils.py:298 
DEBUG    torch.__trace:meta_utils.py:537 
DEBUG    torch.__trace:meta_utils.py:2385 
DEBUG    torch.__trace:symbolic_shapes.py:5971 
DEBUG    torch.__trace:meta_utils.py:298 
DEBUG    torch.__trace:meta_utils.py:537 
DEBUG    torch.__trace:meta_utils.py:2385 
DEBUG    torch.__trace:symbolic_shapes.py:5971 
DEBUG    torch.__trace:symbolic_shapes.py:8465 
DEBUG    torch.__trace:meta_utils.py:298 
DEBUG    torch.__trace:meta_utils.py:537 
DEBUG    torch.__trace:meta_utils.py:2385 
DEBUG    torch.__trace:meta_utils.py:298 
DEBUG    torch.__trace:meta_utils.py:537 
DEBUG    torch.__trace:meta_utils.py:2385 
DEBUG    torch.__trace:meta_utils.py:298 
DEBUG    torch.__trace:meta_utils.py:537 
DEBUG    torch.__trace:meta_utils.py:2385 
DEBUG    torch.__trace:meta_utils.py:298 
DEBUG    torch.__trace:meta_utils.py:537 
DEBUG    torch.__trace:meta_utils.py:2385 
DEBUG    torch.__trace:meta_utils.py:298 
DEBUG    torch.__trace:meta_utils.py:537 
DEBUG    torch.__trace:meta_utils.py:2385 
DEBUG    torch.__trace:meta_utils.py:298 
DEBUG    torch.__trace:meta_utils.py:537 
DEBUG    torch.__trace:meta_utils.py:2385 
DEBUG    torch.__trace:meta_utils.py:298 
DEBUG    torch.__trace:meta_utils.py:537 
DEBUG    torch.__trace:meta_utils.py:2385 
DEBUG    torch.__trace:meta_utils.py:298 
DEBUG    torch.__trace:meta_utils.py:537 
DEBUG    torch.__trace:meta_utils.py:2385 
DEBUG    torch.__trace:meta_utils.py:298 
DEBUG    torch.__trace:meta_utils.py:537 
DEBUG    torch.__trace:meta_utils.py:2385 
DEBUG    torch.__trace:utils.py:2363 
DEBUG    torch.__trace:utils.py:2363 
DEBUG    torch.__trace:utils.py:2363 
DEBUG    torch.__trace:output_graph.py:2942 
DEBUG    torch.__trace:utils.py:2363 
DEBUG    torch.__trace:utils.py:2363 
DEBUG    torch.__trace:utils.py:2363 
DEBUG    torch.__trace:utils.py:2363 
DEBUG    torch.__trace:graph_capture.py:428 
DEBUG    torch.__trace:graph_capture.py:446 
DEBUG    torch.__trace:graph_compile.py:382 
DEBUG    torch.__trace:codegen.py:200 
DEBUG    torch.__trace:utils.py:2363 
DEBUG    torch.__trace:utils.py:2363 
DEBUG    torch.__trace:utils.py:2363 
DEBUG    torch.__trace:utils.py:2363 
DEBUG    torch.__trace:guards.py:4769 
DEBUG    torch.__trace:utils.py:2363 
DEBUG    torch.__trace:utils.py:2363 
DEBUG    torch.__trace:utils.py:2363 
DEBUG    torch.__trace:utils.py:2363 
DEBUG    torch.__trace:utils.py:2363 
DEBUG    torch.__trace:utils.py:2363 
DEBUG    torch.__trace:utils.py:2022 
DEBUG    torch.__trace:utils.py:2363 
DEBUG    torch.__trace:utils.py:2363 
DEBUG    torch.__trace:utils.py:2363 
DEBUG    torch.__trace:convert_frame.py:304 
DEBUG    torch.__trace:utils.py:2363 
DEBUG    torch.__trace:utils.py:2363 
DEBUG    torch.__trace:meta_utils.py:298 
DEBUG    torch.__trace:meta_utils.py:537 
DEBUG    torch.__trace:meta_utils.py:2385 
DEBUG    torch.__trace:structured.py:28 
DEBUG    torch.__trace:symbolic_shapes.py:5971 
DEBUG    torch.__trace:meta_utils.py:298 
DEBUG    torch.__trace:meta_utils.py:537 
DEBUG    torch.__trace:meta_utils.py:2385 
DEBUG    torch.__trace:meta_utils.py:298 
DEBUG    torch.__trace:meta_utils.py:537 
DEBUG    torch.__trace:meta_utils.py:2385 
DEBUG    torch.__trace:meta_utils.py:298 
DEBUG    torch.__trace:meta_utils.py:537 
DEBUG    torch.__trace:meta_utils.py:2385 
DEBUG    torch.__trace:meta_utils.py:298 
DEBUG    torch.__trace:meta_utils.py:537 
DEBUG    torch.__trace:meta_utils.py:2385 
DEBUG    torch.__trace:meta_utils.py:298 
DEBUG    torch.__trace:meta_utils.py:537 
DEBUG    torch.__trace:meta_utils.py:2385 
DEBUG    torch.__trace:meta_utils.py:298 
DEBUG    torch.__trace:meta_utils.py:537 
DEBUG    torch.__trace:meta_utils.py:2385 
DEBUG    torch.__trace:symbolic_shapes.py:5971 
DEBUG    torch.__trace:meta_utils.py:298 
DEBUG    torch.__trace:meta_utils.py:537 
DEBUG    torch.__trace:meta_utils.py:2385 
DEBUG    torch.__trace:meta_utils.py:298 
DEBUG    torch.__trace:meta_utils.py:537 
DEBUG    torch.__trace:meta_utils.py:2385 
DEBUG    torch.__trace:meta_utils.py:298 
DEBUG    torch.__trace:meta_utils.py:537 
DEBUG    torch.__trace:meta_utils.py:2385 
DEBUG    torch.__trace:meta_utils.py:298 
DEBUG    torch.__trace:meta_utils.py:537 
DEBUG    torch.__trace:meta_utils.py:2385 
DEBUG    torch.__trace:meta_utils.py:298 
DEBUG    torch.__trace:meta_utils.py:537 
DEBUG    torch.__trace:meta_utils.py:2385 
DEBUG    torch.__trace:meta_utils.py:298 
DEBUG    torch.__trace:meta_utils.py:537 
DEBUG    torch.__trace:meta_utils.py:2385 
DEBUG    torch.__trace:meta_utils.py:298 
DEBUG    torch.__trace:meta_utils.py:537 
DEBUG    torch.__trace:meta_utils.py:2385 
DEBUG    torch.__trace:meta_utils.py:298 
DEBUG    torch.__trace:meta_utils.py:537 
DEBUG    torch.__trace:meta_utils.py:2385 
DEBUG    torch.__trace:meta_utils.py:298 
DEBUG    torch.__trace:meta_utils.py:537 
DEBUG    torch.__trace:meta_utils.py:2385 
DEBUG    torch.__trace:meta_utils.py:298 
DEBUG    torch.__trace:meta_utils.py:537 
DEBUG    torch.__trace:meta_utils.py:2385 
DEBUG    torch.__trace:meta_utils.py:298 
DEBUG    torch.__trace:meta_utils.py:537 
DEBUG    torch.__trace:meta_utils.py:2385 
DEBUG    torch.__trace:meta_utils.py:298 
DEBUG    torch.__trace:meta_utils.py:537 
DEBUG    torch.__trace:meta_utils.py:2385 
DEBUG    torch.__trace:meta_utils.py:298 
DEBUG    torch.__trace:meta_utils.py:537 
DEBUG    torch.__trace:meta_utils.py:2385 
DEBUG    torch.__trace:utils.py:2363 
DEBUG    torch.__trace:utils.py:2363 
DEBUG    torch.__trace:utils.py:2363 
DEBUG    torch.__trace:output_graph.py:2942 
DEBUG    torch.__trace:utils.py:2363 
DEBUG    torch.__trace:utils.py:2363 
DEBUG    torch.__trace:utils.py:2363 
DEBUG    torch.__trace:utils.py:2363 
DEBUG    torch.__trace:guards.py:4769 
DEBUG    torch.__trace:utils.py:2363 
DEBUG    torch.__trace:utils.py:2363 
DEBUG    torch.__trace:utils.py:2363 
DEBUG    torch.__trace:utils.py:2363 
DEBUG    torch.__trace:utils.py:2022 
DEBUG    torch.__trace:utils.py:2363 
DEBUG    torch.__trace:utils.py:2363 
DEBUG    torch.__trace:utils.py:2363 
DEBUG    torch.__trace:guards.py:5625 
DEBUG    torch.__trace:convert_frame.py:304 
DEBUG    torch.__trace:utils.py:2363 
DEBUG    torch.__trace:utils.py:2363 
DEBUG    torch.__trace:meta_utils.py:298 
DEBUG    torch.__trace:meta_utils.py:537 
DEBUG    torch.__trace:meta_utils.py:2385 
DEBUG    torch.__trace:symbolic_shapes.py:5971 
DEBUG    torch.__trace:utils.py:2402 
DEBUG    torch.__trace:utils.py:2402 
DEBUG    torch.__trace:meta_utils.py:298 
DEBUG    torch.__trace:meta_utils.py:537 
DEBUG    torch.__trace:meta_utils.py:2385 
DEBUG    torch.__trace:symbolic_shapes.py:5971 
DEBUG    torch.__trace:symbolic_shapes.py:5971 
DEBUG    torch.__trace:symbolic_shapes.py:5971 
DEBUG    torch.__trace:utils.py:2402 
DEBUG    torch.__trace:utils.py:2402 
DEBUG    torch.__trace:meta_utils.py:298 
DEBUG    torch.__trace:meta_utils.py:537 
DEBUG    torch.__trace:meta_utils.py:2385 
DEBUG    torch.__trace:symbolic_shapes.py:5971 
DEBUG    torch.__trace:utils.py:2402 
DEBUG    torch.__trace:meta_utils.py:298 
DEBUG    torch.__trace:meta_utils.py:537 
DEBUG    torch.__trace:meta_utils.py:2385 
DEBUG    torch.__trace:utils.py:2402 
DEBUG    torch.__trace:structured.py:28 
DEBUG    torch.__trace:symbolic_shapes.py:5971 
DEBUG    torch.__trace:symbolic_shapes.py:8465 
DEBUG    torch.__trace:symbolic_shapes.py:8056 
DEBUG    torch.__trace:utils.py:2402 
DEBUG    torch.__trace:symbolic_shapes.py:5971 
DEBUG    torch.__trace:symbolic_shapes.py:8465 
DEBUG    torch.__trace:utils.py:2402 
DEBUG    torch.__trace:structured.py:28 
DEBUG    torch.__trace:structured.py:28 
DEBUG    torch.__trace:structured.py:28 
DEBUG    torch.__trace:symbolic_shapes.py:5971 
DEBUG    torch.__trace:symbolic_shapes.py:8465 
DEBUG    torch.__trace:symbolic_shapes.py:8056 
DEBUG    torch.__trace:utils.py:2402 
DEBUG    torch.__trace:symbolic_shapes.py:5971 
DEBUG    torch.__trace:symbolic_shapes.py:8465 
DEBUG    torch.__trace:meta_utils.py:298 
DEBUG    torch.__trace:meta_utils.py:537 
DEBUG    torch.__trace:meta_utils.py:2385 
DEBUG    torch.__trace:symbolic_shapes.py:5971 
DEBUG    torch.__trace:utils.py:2402 
DEBUG    torch.__trace:symbolic_shapes.py:5971 
DEBUG    torch.__trace:symbolic_shapes.py:8465 
DEBUG    torch.__trace:symbolic_shapes.py:8056 
DEBUG    torch.__trace:utils.py:2402 
DEBUG    torch.__trace:symbolic_shapes.py:5971 
DEBUG    torch.__trace:symbolic_shapes.py:8465 
DEBUG    torch.__trace:utils.py:2402 
DEBUG    torch.__trace:symbolic_shapes.py:5971 
DEBUG    torch.__trace:symbolic_shapes.py:8465 
DEBUG    torch.__trace:symbolic_shapes.py:8056 
DEBUG    torch.__trace:utils.py:2402 
DEBUG    torch.__trace:symbolic_shapes.py:5971 
DEBUG    torch.__trace:symbolic_shapes.py:8465 
DEBUG    torch.__trace:utils.py:2402 
DEBUG    torch.__trace:utils.py:2402 
DEBUG    torch.__trace:meta_utils.py:298 
DEBUG    torch.__trace:meta_utils.py:537 
DEBUG    torch.__trace:meta_utils.py:2385 
DEBUG    torch.__trace:symbolic_shapes.py:5971 
DEBUG    torch.__trace:symbolic_shapes.py:5971 
DEBUG    torch.__trace:utils.py:2402 
DEBUG    torch.__trace:meta_utils.py:298 
DEBUG    torch.__trace:meta_utils.py:537 
DEBUG    torch.__trace:meta_utils.py:2385 
DEBUG    torch.__trace:symbolic_shapes.py:5971 
DEBUG    torch.__trace:symbolic_shapes.py:5971 
DEBUG    torch.__trace:structured.py:28 
DEBUG    torch.__trace:structured.py:28 
DEBUG    torch.__trace:symbolic_shapes.py:8465 
DEBUG    torch.__trace:symbolic_shapes.py:8465 
DEBUG    torch.__trace:utils.py:2402 
DEBUG    torch.__trace:meta_utils.py:298 
DEBUG    torch.__trace:meta_utils.py:537 
DEBUG    torch.__trace:meta_utils.py:537 
DEBUG    torch.__trace:meta_utils.py:2385 
DEBUG    torch.__trace:symbolic_shapes.py:5971 
DEBUG    torch.__trace:symbolic_shapes.py:8465 
DEBUG    torch.__trace:symbolic_shapes.py:8465 
DEBUG    torch.__trace:utils.py:2402 
DEBUG    torch.__trace:utils.py:2402 
DEBUG    torch.__trace:meta_utils.py:298 
DEBUG    torch.__trace:meta_utils.py:537 
DEBUG    torch.__trace:meta_utils.py:2385 
DEBUG    torch.__trace:symbolic_shapes.py:5971 
DEBUG    torch.__trace:symbolic_shapes.py:8465 
DEBUG    torch.__trace:utils.py:2402 
DEBUG    torch.__trace:meta_utils.py:298 
DEBUG    torch.__trace:meta_utils.py:537 
DEBUG    torch.__trace:meta_utils.py:2385 
DEBUG    torch.__trace:symbolic_shapes.py:5971 
DEBUG    torch.__trace:symbolic_shapes.py:5971 
DEBUG    torch.__trace:utils.py:2402 
DEBUG    torch.__trace:structured.py:28 
DEBUG    torch.__trace:symbolic_shapes.py:5971 
DEBUG    torch.__trace:symbolic_shapes.py:8465 
DEBUG    torch.__trace:symbolic_shapes.py:8465 
DEBUG    torch.__trace:structured.py:28 
DEBUG    torch.__trace:symbolic_shapes.py:8465 
DEBUG    torch.__trace:symbolic_shapes.py:8465 
DEBUG    torch.__trace:symbolic_shapes.py:8465 
DEBUG    torch.__trace:symbolic_shapes.py:8465 
DEBUG    torch.__trace:symbolic_shapes.py:8465 
DEBUG    torch.__trace:symbolic_shapes.py:8465 
DEBUG    torch.__trace:symbolic_shapes.py:8465 
DEBUG    torch.__trace:symbolic_shapes.py:8465 
DEBUG    torch.__trace:symbolic_shapes.py:8465 
DEBUG    torch.__trace:symbolic_shapes.py:8465 
DEBUG    torch.__trace:structured.py:28 
DEBUG    torch.__trace:symbolic_shapes.py:8465 
DEBUG    torch.__trace:symbolic_shapes.py:8465 
DEBUG    torch.__trace:symbolic_shapes.py:8465 
DEBUG    torch.__trace:symbolic_shapes.py:8465 
DEBUG    torch.__trace:meta_utils.py:298 
DEBUG    torch.__trace:meta_utils.py:537 
DEBUG    torch.__trace:meta_utils.py:2385 
DEBUG    torch.__trace:symbolic_shapes.py:8465 
DEBUG    torch.__trace:symbolic_shapes.py:8056 
DEBUG    torch.__trace:symbolic_shapes.py:8056 
DEBUG    torch.__trace:utils.py:2402 
DEBUG    torch.__trace:utils.py:2402 
DEBUG    torch.__trace:meta_utils.py:298 
DEBUG    torch.__trace:meta_utils.py:537 
DEBUG    torch.__trace:meta_utils.py:2385 
DEBUG    torch.__trace:symbolic_shapes.py:5971 
DEBUG    torch.__trace:symbolic_shapes.py:5971 
DEBUG    torch.__trace:symbolic_shapes.py:5971 
DEBUG    torch.__trace:symbolic_shapes.py:8465 
DEBUG    torch.__trace:symbolic_shapes.py:8056 
DEBUG    torch.__trace:symbolic_shapes.py:8465 
DEBUG    torch.__trace:symbolic_shapes.py:8465 
DEBUG    torch.__trace:symbolic_shapes.py:8056 
DEBUG    torch.__trace:utils.py:2402 
DEBUG    torch.__trace:utils.py:2402 
DEBUG    torch.__trace:meta_utils.py:298 
DEBUG    torch.__trace:meta_utils.py:537 
DEBUG    torch.__trace:meta_utils.py:2385 
DEBUG    torch.__trace:symbolic_shapes.py:5971 
DEBUG    torch.__trace:symbolic_shapes.py:8465 
DEBUG    torch.__trace:symbolic_shapes.py:8056 
DEBUG    torch.__trace:utils.py:2402 
DEBUG    torch.__trace:utils.py:2402 
DEBUG    torch.__trace:symbolic_shapes.py:5971 
DEBUG    torch.__trace:utils.py:2402 
DEBUG    torch.__trace:utils.py:2402 
DEBUG    torch.__trace:symbolic_shapes.py:5971 
DEBUG    torch.__trace:meta_utils.py:298 
DEBUG    torch.__trace:meta_utils.py:537 
DEBUG    torch.__trace:meta_utils.py:2385 
DEBUG    torch.__trace:utils.py:2402 
DEBUG    torch.__trace:symbolic_shapes.py:5971 
DEBUG    torch.__trace:symbolic_shapes.py:8465 
DEBUG    torch.__trace:symbolic_shapes.py:8465 
DEBUG    torch.__trace:symbolic_shapes.py:8465 
DEBUG    torch.__trace:symbolic_shapes.py:8465 
DEBUG    torch.__trace:symbolic_shapes.py:8465 
DEBUG    torch.__trace:symbolic_shapes.py:8465 
DEBUG    torch.__trace:symbolic_shapes.py:8465 
DEBUG    torch.__trace:symbolic_shapes.py:8465 
DEBUG    torch.__trace:symbolic_shapes.py:8465 
DEBUG    torch.__trace:symbolic_shapes.py:8056 
DEBUG    torch.__trace:meta_utils.py:298 
DEBUG    torch.__trace:meta_utils.py:537 
DEBUG    torch.__trace:meta_utils.py:2385 
DEBUG    torch.__trace:symbolic_shapes.py:8465 
DEBUG    torch.__trace:meta_utils.py:298 
DEBUG    torch.__trace:meta_utils.py:537 
DEBUG    torch.__trace:meta_utils.py:2385 
DEBUG    torch.__trace:meta_utils.py:298 
DEBUG    torch.__trace:meta_utils.py:537 
DEBUG    torch.__trace:meta_utils.py:2385 
DEBUG    torch.__trace:meta_utils.py:298 
DEBUG    torch.__trace:meta_utils.py:537 
DEBUG    torch.__trace:meta_utils.py:2385 
DEBUG    torch.__trace:meta_utils.py:298 
DEBUG    torch.__trace:meta_utils.py:537 
DEBUG    torch.__trace:meta_utils.py:2385 
DEBUG    torch.__trace:meta_utils.py:298 
DEBUG    torch.__trace:meta_utils.py:537 
DEBUG    torch.__trace:meta_utils.py:2385 
DEBUG    torch.__trace:meta_utils.py:298 
DEBUG    torch.__trace:meta_utils.py:537 
DEBUG    torch.__trace:meta_utils.py:2385 
DEBUG    torch.__trace:structured.py:28 
DEBUG    torch.__trace:structured.py:28 
DEBUG    torch.__trace:structured.py:28 
DEBUG    torch.__trace:symbolic_shapes.py:8465 
DEBUG    torch.__trace:symbolic_shapes.py:8056 
DEBUG    torch.__trace:meta_utils.py:298 
DEBUG    torch.__trace:meta_utils.py:537 
DEBUG    torch.__trace:meta_utils.py:2385 
DEBUG    torch.__trace:symbolic_shapes.py:8465 
DEBUG    torch.__trace:symbolic_shapes.py:8465 
DEBUG    torch.__trace:symbolic_shapes.py:8465 
DEBUG    torch.__trace:symbolic_shapes.py:8465 
DEBUG    torch.__trace:symbolic_shapes.py:8465 
DEBUG    torch.__trace:symbolic_shapes.py:8465 
DEBUG    torch.__trace:symbolic_shapes.py:8465 
DEBUG    torch.__trace:symbolic_shapes.py:8465 
DEBUG    torch.__trace:symbolic_shapes.py:8465 
DEBUG    torch.__trace:symbolic_shapes.py:8465 
DEBUG    torch.__trace:symbolic_shapes.py:8465 
DEBUG    torch.__trace:meta_utils.py:298 
DEBUG    torch.__trace:meta_utils.py:537 
DEBUG    torch.__trace:meta_utils.py:2385 
DEBUG    torch.__trace:meta_utils.py:298 
DEBUG    torch.__trace:meta_utils.py:537 
DEBUG    torch.__trace:meta_utils.py:2385 
DEBUG    torch.__trace:symbolic_shapes.py:8465 
DEBUG    torch.__trace:meta_utils.py:298 
DEBUG    torch.__trace:meta_utils.py:537 
DEBUG    torch.__trace:meta_utils.py:537 
DEBUG    torch.__trace:meta_utils.py:2385 
DEBUG    torch.__trace:symbolic_shapes.py:8465 
DEBUG    torch.__trace:symbolic_shapes.py:8056 
DEBUG    torch.__trace:symbolic_shapes.py:8465 
DEBUG    torch.__trace:symbolic_shapes.py:8465 
DEBUG    torch.__trace:symbolic_shapes.py:8056 
DEBUG    torch.__trace:symbolic_shapes.py:8465 
DEBUG    torch.__trace:symbolic_shapes.py:8056 
DEBUG    torch.__trace:structured.py:28 
DEBUG    torch.__trace:structured.py:28 
DEBUG    torch.__trace:symbolic_shapes.py:8056 
DEBUG    torch.__trace:symbolic_shapes.py:8465 
DEBUG    torch.__trace:symbolic_shapes.py:8056 
DEBUG    torch.__trace:symbolic_shapes.py:8465 
DEBUG    torch.__trace:symbolic_shapes.py:8465 
DEBUG    torch.__trace:utils.py:2363 
DEBUG    torch.__trace:utils.py:2363 
DEBUG    torch.__trace:utils.py:2363 
DEBUG    torch.__trace:output_graph.py:2942 
DEBUG    torch.__trace:utils.py:2363 
DEBUG    torch.__trace:utils.py:2363 
DEBUG    torch.__trace:utils.py:2363 
DEBUG    torch.__trace:utils.py:2363 
DEBUG    torch.__trace:guards.py:4769 
DEBUG    torch.__trace:utils.py:2363 
DEBUG    torch.__trace:utils.py:2363 
DEBUG    torch.__trace:utils.py:2363 
DEBUG    torch.__trace:utils.py:2363 
DEBUG    torch.__trace:utils.py:2363 
DEBUG    torch.__trace:utils.py:2363 
DEBUG    torch.__trace:utils.py:2022 
DEBUG    torch.__trace:utils.py:2363 
DEBUG    torch.__trace:utils.py:2363 
DEBUG    torch.__trace:utils.py:2363 
DEBUG    torch.__trace:guards.py:5625 
DEBUG    torch.__trace:convert_frame.py:304 
DEBUG    torch.__trace:utils.py:2363 
DEBUG    torch.__trace:utils.py:2363 
DEBUG    torch.__trace:meta_utils.py:298 
DEBUG    torch.__trace:meta_utils.py:537 
DEBUG    torch.__trace:meta_utils.py:2385 
DEBUG    torch.__trace:symbolic_shapes.py:5971 
DEBUG    torch.__trace:meta_utils.py:298 
DEBUG    torch.__trace:meta_utils.py:537 
DEBUG    torch.__trace:meta_utils.py:2385 
DEBUG    torch.__trace:symbolic_shapes.py:5971 
DEBUG    torch.__trace:symbolic_shapes.py:5971 
DEBUG    torch.__trace:symbolic_shapes.py:5971 
DEBUG    torch.__trace:meta_utils.py:298 
DEBUG    torch.__trace:meta_utils.py:537 
DEBUG    torch.__trace:meta_utils.py:2385 
DEBUG    torch.__trace:symbolic_shapes.py:5971 
DEBUG    torch.__trace:meta_utils.py:298 
DEBUG    torch.__trace:meta_utils.py:537 
DEBUG    torch.__trace:meta_utils.py:2385 
DEBUG    torch.__trace:utils.py:2402 
DEBUG    torch.__trace:meta_utils.py:298 
DEBUG    torch.__trace:meta_utils.py:537 
DEBUG    torch.__trace:meta_utils.py:2385 
DEBUG    torch.__trace:utils.py:2402 
DEBUG    torch.__trace:utils.py:2402 
DEBUG    torch.__trace:meta_utils.py:298 
DEBUG    torch.__trace:meta_utils.py:537 
DEBUG    torch.__trace:meta_utils.py:2385 
DEBUG    torch.__trace:symbolic_shapes.py:5971 
DEBUG    torch.__trace:meta_utils.py:298 
DEBUG    torch.__trace:meta_utils.py:537 
DEBUG    torch.__trace:meta_utils.py:2385 
DEBUG    torch.__trace:meta_utils.py:298 
DEBUG    torch.__trace:meta_utils.py:537 
DEBUG    torch.__trace:meta_utils.py:2385 
DEBUG    torch.__trace:symbolic_shapes.py:5971 
DEBUG    torch.__trace:symbolic_shapes.py:8465 
DEBUG    torch.__trace:symbolic_shapes.py:8056 
DEBUG    torch.__trace:symbolic_shapes.py:5971 
DEBUG    torch.__trace:symbolic_shapes.py:8465 
DEBUG    torch.__trace:symbolic_shapes.py:5971 
DEBUG    torch.__trace:symbolic_shapes.py:8465 
DEBUG    torch.__trace:symbolic_shapes.py:8056 
DEBUG    torch.__trace:symbolic_shapes.py:5971 
DEBUG    torch.__trace:symbolic_shapes.py:8465 
DEBUG    torch.__trace:meta_utils.py:298 
DEBUG    torch.__trace:meta_utils.py:537 
DEBUG    torch.__trace:meta_utils.py:2385 
DEBUG    torch.__trace:symbolic_shapes.py:5971 
DEBUG    torch.__trace:symbolic_shapes.py:5971 
DEBUG    torch.__trace:symbolic_shapes.py:8465 
DEBUG    torch.__trace:symbolic_shapes.py:8056 
DEBUG    torch.__trace:symbolic_shapes.py:5971 
DEBUG    torch.__trace:symbolic_shapes.py:8465 
DEBUG    torch.__trace:symbolic_shapes.py:5971 
DEBUG    torch.__trace:symbolic_shapes.py:8465 
DEBUG    torch.__trace:symbolic_shapes.py:8056 
DEBUG    torch.__trace:symbolic_shapes.py:5971 
DEBUG    torch.__trace:symbolic_shapes.py:8465 
DEBUG    torch.__trace:meta_utils.py:298 
DEBUG    torch.__trace:meta_utils.py:537 
DEBUG    torch.__trace:meta_utils.py:2385 
DEBUG    torch.__trace:meta_utils.py:298 
DEBUG    torch.__trace:meta_utils.py:537 
DEBUG    torch.__trace:meta_utils.py:2385 
DEBUG    torch.__trace:meta_utils.py:298 
DEBUG    torch.__trace:meta_utils.py:537 
DEBUG    torch.__trace:meta_utils.py:2385 
DEBUG    torch.__trace:symbolic_shapes.py:5971 
DEBUG    torch.__trace:symbolic_shapes.py:5971 
DEBUG    torch.__trace:symbolic_shapes.py:8465 
DEBUG    torch.__trace:utils.py:2402 
DEBUG    torch.__trace:meta_utils.py:298 
DEBUG    torch.__trace:meta_utils.py:537 
DEBUG    torch.__trace:meta_utils.py:2385 
DEBUG    torch.__trace:symbolic_shapes.py:5971 
DEBUG    torch.__trace:symbolic_shapes.py:5971 
DEBUG    torch.__trace:symbolic_shapes.py:8465 
DEBUG    torch.__trace:meta_utils.py:298 
DEBUG    torch.__trace:meta_utils.py:537 
DEBUG    torch.__trace:meta_utils.py:2385 
DEBUG    torch.__trace:symbolic_shapes.py:5971 
DEBUG    torch.__trace:symbolic_shapes.py:5971 
DEBUG    torch.__trace:symbolic_shapes.py:8465 
DEBUG    torch.__trace:symbolic_shapes.py:8465 
DEBUG    torch.__trace:symbolic_shapes.py:8465 
DEBUG    torch.__trace:symbolic_shapes.py:8465 
DEBUG    torch.__trace:symbolic_shapes.py:8465 
DEBUG    torch.__trace:symbolic_shapes.py:8465 
DEBUG    torch.__trace:symbolic_shapes.py:8465 
DEBUG    torch.__trace:symbolic_shapes.py:8465 
DEBUG    torch.__trace:symbolic_shapes.py:8465 
DEBUG    torch.__trace:symbolic_shapes.py:8465 
DEBUG    torch.__trace:symbolic_shapes.py:8465 
DEBUG    torch.__trace:symbolic_shapes.py:8465 
DEBUG    torch.__trace:symbolic_shapes.py:8465 
DEBUG    torch.__trace:symbolic_shapes.py:8465 
DEBUG    torch.__trace:symbolic_shapes.py:8465 
DEBUG    torch.__trace:symbolic_shapes.py:8465 
DEBUG    torch.__trace:symbolic_shapes.py:8465 
DEBUG    torch.__trace:symbolic_shapes.py:8465 
DEBUG    torch.__trace:symbolic_shapes.py:8465 
DEBUG    torch.__trace:symbolic_shapes.py:8465 
DEBUG    torch.__trace:symbolic_shapes.py:8465 
DEBUG    torch.__trace:symbolic_shapes.py:8465 
DEBUG    torch.__trace:symbolic_shapes.py:8465 
DEBUG    torch.__trace:meta_utils.py:298 
DEBUG    torch.__trace:meta_utils.py:537 
DEBUG    torch.__trace:meta_utils.py:2385 
DEBUG    torch.__trace:symbolic_shapes.py:8465 
DEBUG    torch.__trace:symbolic_shapes.py:8465 
DEBUG    torch.__trace:symbolic_shapes.py:8465 
DEBUG    torch.__trace:symbolic_shapes.py:8056 
DEBUG    torch.__trace:symbolic_shapes.py:8465 
DEBUG    torch.__trace:symbolic_shapes.py:8056 
DEBUG    torch.__trace:meta_utils.py:298 
DEBUG    torch.__trace:meta_utils.py:537 
DEBUG    torch.__trace:meta_utils.py:2385 
DEBUG    torch.__trace:meta_utils.py:298 
DEBUG    torch.__trace:meta_utils.py:537 
DEBUG    torch.__trace:meta_utils.py:2385 
DEBUG    torch.__trace:meta_utils.py:298 
DEBUG    torch.__trace:meta_utils.py:537 
DEBUG    torch.__trace:meta_utils.py:2385 
DEBUG    torch.__trace:meta_utils.py:298 
DEBUG    torch.__trace:meta_utils.py:537 
DEBUG    torch.__trace:meta_utils.py:2385 
DEBUG    torch.__trace:meta_utils.py:298 
DEBUG    torch.__trace:meta_utils.py:537 
DEBUG    torch.__trace:meta_utils.py:2385 
DEBUG    torch.__trace:meta_utils.py:298 
DEBUG    torch.__trace:meta_utils.py:537 
DEBUG    torch.__trace:meta_utils.py:2385 
DEBUG    torch.__trace:symbolic_shapes.py:5971 
DEBUG    torch.__trace:symbolic_shapes.py:5971 
DEBUG    torch.__trace:symbolic_shapes.py:8465 
DEBUG    torch.__trace:symbolic_shapes.py:8056 
DEBUG    torch.__trace:meta_utils.py:298 
DEBUG    torch.__trace:meta_utils.py:537 
DEBUG    torch.__trace:meta_utils.py:2385 
DEBUG    torch.__trace:symbolic_shapes.py:8465 
DEBUG    torch.__trace:symbolic_shapes.py:8056 
DEBUG    torch.__trace:symbolic_shapes.py:8465 
DEBUG    torch.__trace:symbolic_shapes.py:8056 
DEBUG    torch.__trace:meta_utils.py:298 
DEBUG    torch.__trace:meta_utils.py:537 
DEBUG    torch.__trace:meta_utils.py:2385 
DEBUG    torch.__trace:symbolic_shapes.py:8465 
DEBUG    torch.__trace:symbolic_shapes.py:8465 
DEBUG    torch.__trace:symbolic_shapes.py:8465 
DEBUG    torch.__trace:symbolic_shapes.py:8465 
DEBUG    torch.__trace:symbolic_shapes.py:8465 
DEBUG    torch.__trace:symbolic_shapes.py:8465 
DEBUG    torch.__trace:symbolic_shapes.py:8465 
DEBUG    torch.__trace:meta_utils.py:298 
DEBUG    torch.__trace:meta_utils.py:537 
DEBUG    torch.__trace:meta_utils.py:2385 
DEBUG    torch.__trace:meta_utils.py:298 
DEBUG    torch.__trace:meta_utils.py:537 
DEBUG    torch.__trace:meta_utils.py:2385 
DEBUG    torch.__trace:meta_utils.py:298 
DEBUG    torch.__trace:meta_utils.py:537 
DEBUG    torch.__trace:meta_utils.py:2385 
DEBUG    torch.__trace:meta_utils.py:298 
DEBUG    torch.__trace:meta_utils.py:537 
DEBUG    torch.__trace:meta_utils.py:2385 
DEBUG    torch.__trace:symbolic_shapes.py:5971 
DEBUG    torch.__trace:symbolic_shapes.py:5971 
DEBUG    torch.__trace:symbolic_shapes.py:5971 
DEBUG    torch.__trace:symbolic_shapes.py:8465 
DEBUG    torch.__trace:symbolic_shapes.py:8056 
DEBUG    torch.__trace:symbolic_shapes.py:8465 
DEBUG    torch.__trace:symbolic_shapes.py:8056 
DEBUG    torch.__trace:meta_utils.py:298 
DEBUG    torch.__trace:meta_utils.py:537 
DEBUG    torch.__trace:meta_utils.py:2385 
DEBUG    torch.__trace:symbolic_shapes.py:5971 
DEBUG    torch.__trace:symbolic_shapes.py:5971 
DEBUG    torch.__trace:symbolic_shapes.py:5971 
DEBUG    torch.__trace:utils.py:2402 
DEBUG    torch.__trace:utils.py:2402 
DEBUG    torch.__trace:meta_utils.py:298 
DEBUG    torch.__trace:meta_utils.py:537 
DEBUG    torch.__trace:meta_utils.py:2385 
DEBUG    torch.__trace:symbolic_shapes.py:5971 
DEBUG    torch.__trace:symbolic_shapes.py:5971 
DEBUG    torch.__trace:symbolic_shapes.py:5971 
DEBUG    torch.__trace:symbolic_shapes.py:8465 
DEBUG    torch.__trace:symbolic_shapes.py:8056 
DEBUG    torch.__trace:symbolic_shapes.py:8465 
DEBUG    torch.__trace:symbolic_shapes.py:8056 
DEBUG    torch.__trace:utils.py:2402 
DEBUG    torch.__trace:meta_utils.py:298 
DEBUG    torch.__trace:meta_utils.py:537 
DEBUG    torch.__trace:meta_utils.py:2385 
DEBUG    torch.__trace:symbolic_shapes.py:5971 
DEBUG    torch.__trace:symbolic_shapes.py:5971 
DEBUG    torch.__trace:symbolic_shapes.py:8465 
DEBUG    torch.__trace:symbolic_shapes.py:8465 
DEBUG    torch.__trace:symbolic_shapes.py:8465 
DEBUG    torch.__trace:meta_utils.py:298 
DEBUG    torch.__trace:meta_utils.py:537 
DEBUG    torch.__trace:meta_utils.py:2385 
DEBUG    torch.__trace:symbolic_shapes.py:5971 
DEBUG    torch.__trace:symbolic_shapes.py:8465 
DEBUG    torch.__trace:symbolic_shapes.py:8465 
DEBUG    torch.__trace:symbolic_shapes.py:8465 
DEBUG    torch.__trace:symbolic_shapes.py:8465 
DEBUG    torch.__trace:symbolic_shapes.py:8056 
DEBUG    torch.__trace:utils.py:2363 
DEBUG    torch.__trace:utils.py:2363 
DEBUG    torch.__trace:utils.py:2363 
DEBUG    torch.__trace:output_graph.py:2942 
DEBUG    torch.__trace:utils.py:2363 
DEBUG    torch.__trace:utils.py:2363 
DEBUG    torch.__trace:utils.py:2363 
DEBUG    torch.__trace:utils.py:2363 
DEBUG    torch.__trace:guards.py:4769 
DEBUG    torch.__trace:utils.py:2363 
DEBUG    torch.__trace:utils.py:2363 
DEBUG    torch.__trace:utils.py:2363 
DEBUG    torch.__trace:utils.py:2363 
DEBUG    torch.__trace:utils.py:2363 
DEBUG    torch.__trace:utils.py:2363 
DEBUG    torch.__trace:utils.py:2022 
DEBUG    torch.__trace:utils.py:2363
=============================== warnings summary ===============================
test/test_explicit_dimensions.py::TestXorGrammarLearnsXor::test_xor_class_accuracy
  /Users/arogers/github/WikiOracle/basicmodel/.venv/lib/python3.12/site-packages/torch/utils/_device.py:122: UserWarning: Sparse invariant checks are implicitly disabled. Memory errors (e.g. SEGFAULT) will occur when operating on a sparse tensor which violates the invariants, but checks incur performance overhead. To silence this warning, explicitly opt in or out. See `torch.sparse.check_sparse_tensor_invariants.__doc__` for guidance.  (Triggered internally at /Users/runner/work/pytorch/pytorch/aten/src/ATen/Context.cpp:855.)
    return func(*args, **kwargs)

-- Docs: https://docs.pytest.org/en/stable/how-to/capture-warnings.html
=========================== short test summary info ============================
FAILED test/test_explicit_dimensions.py::TestXorGrammarLearnsXor::test_xor_class_accuracy
1 failed, 1 warning in 299.96s (0:04:59)
