F                                                                        [100%]
=================================== FAILURES ===================================
_______________ TestXorGrammarLearnsXor.test_xor_class_accuracy ________________
test/test_explicit_dimensions.py:275: in test_xor_class_accuracy
    self.assertLess(
E   AssertionError: 0.06813022494316101 not less than 0.05 : XOR_grammar requires MSE <0.05, got 0.06813022494316101: [0.2899348735809326, 0.7822690010070801, 0.7248805165290833, 0.25565826892852783]
----------------------------- Captured stdout call -----------------------------
Device: cpu
Peer pipeline: static PS/WS stage bodies compiled separately; legacy compatibility scheduler remains outside fullgraph capture


==== BasicModel ====

Trial [1/1]
Baseline test pass skipped (--test not specified). Re-invoke train.py with --test to include baseline + post-epoch evaluation.
Epoch [1/400]
[AMP] off (fp32, MODEL_AMP unset or =off)
batch = 0 (warm-up, 100.00%)
Training throughput: 1 batches in 46.691s; word units 100.0% of 8 words (letters-only 100.0% of 8).
Train Loss: output=0.1780, reconstruction=0.0074
Epoch [2/400]
batch = 0 (Δ=0.262s, 100.00%)
Training throughput: 1 batches in 0.262s; word units 100.0% of 8 words (letters-only 100.0% of 8).
Train Loss: output=0.1737, reconstruction=0.0091
Epoch [3/400]
batch = 0 (Δ=0.267s, 100.00%)
Training throughput: 1 batches in 0.266s; word units 100.0% of 8 words (letters-only 100.0% of 8).
Train Loss: output=0.1734, reconstruction=1.2467
Epoch [4/400]
batch = 0 (Δ=0.260s, 100.00%)
Training throughput: 1 batches in 0.260s; word units 100.0% of 8 words (letters-only 100.0% of 8).
Train Loss: output=0.1698, reconstruction=2.0689
Epoch [5/400]
batch = 0 (Δ=0.271s, 100.00%)
Training throughput: 1 batches in 0.270s; word units 100.0% of 8 words (letters-only 100.0% of 8).
Train Loss: output=0.1652, reconstruction=2.0853
Epoch [6/400]
batch = 0 (Δ=0.256s, 100.00%)
Training throughput: 1 batches in 0.255s; word units 100.0% of 8 words (letters-only 100.0% of 8).
Train Loss: output=0.1586, reconstruction=0.3977
Epoch [7/400]
batch = 0 (Δ=0.261s, 100.00%)
Training throughput: 1 batches in 0.261s; word units 100.0% of 8 words (letters-only 100.0% of 8).
Train Loss: output=0.1734, reconstruction=0.0053
Epoch [8/400]
batch = 0 (Δ=0.263s, 100.00%)
Training throughput: 1 batches in 0.263s; word units 100.0% of 8 words (letters-only 100.0% of 8).
Train Loss: output=0.1678, reconstruction=0.0050
Epoch [9/400]
batch = 0 (Δ=0.889s, 100.00%)
Training throughput: 1 batches in 0.888s; word units 100.0% of 8 words (letters-only 100.0% of 8).
Train Loss: output=0.1672, reconstruction=0.0051
Epoch [10/400]
batch = 0 (Δ=0.257s, 100.00%)
Training throughput: 1 batches in 0.257s; word units 100.0% of 8 words (letters-only 100.0% of 8).
Train Loss: output=0.1580, reconstruction=0.0053
Epoch [11/400]
batch = 0 (Δ=0.263s, 100.00%)
Training throughput: 1 batches in 0.262s; word units 100.0% of 8 words (letters-only 100.0% of 8).
Train Loss: output=0.1727, reconstruction=0.0054
Epoch [12/400]
batch = 0 (Δ=0.260s, 100.00%)
Training throughput: 1 batches in 0.259s; word units 100.0% of 8 words (letters-only 100.0% of 8).
Train Loss: output=0.1516, reconstruction=0.0056
Epoch [13/400]
batch = 0 (Δ=0.263s, 100.00%)
Training throughput: 1 batches in 0.263s; word units 100.0% of 8 words (letters-only 100.0% of 8).
Train Loss: output=0.1490, reconstruction=0.0057
Epoch [14/400]
batch = 0 (Δ=0.258s, 100.00%)
Training throughput: 1 batches in 0.258s; word units 100.0% of 8 words (letters-only 100.0% of 8).
Train Loss: output=0.1462, reconstruction=0.0057
Epoch [15/400]
batch = 0 (Δ=0.263s, 100.00%)
Training throughput: 1 batches in 0.262s; word units 100.0% of 8 words (letters-only 100.0% of 8).
Train Loss: output=0.1580, reconstruction=0.0056
Epoch [16/400]
batch = 0 (Δ=0.260s, 100.00%)
Training throughput: 1 batches in 0.259s; word units 100.0% of 8 words (letters-only 100.0% of 8).
Train Loss: output=0.1556, reconstruction=0.0055
Epoch [17/400]
batch = 0 (Δ=0.259s, 100.00%)
Training throughput: 1 batches in 0.259s; word units 100.0% of 8 words (letters-only 100.0% of 8).
Train Loss: output=0.1401, reconstruction=0.0053
Epoch [18/400]
batch = 0 (Δ=0.261s, 100.00%)
Training throughput: 1 batches in 0.261s; word units 100.0% of 8 words (letters-only 100.0% of 8).
Train Loss: output=0.1650, reconstruction=0.0051
Epoch [19/400]
batch = 0 (Δ=0.263s, 100.00%)
Training throughput: 1 batches in 0.262s; word units 100.0% of 8 words (letters-only 100.0% of 8).
Train Loss: output=0.1640, reconstruction=0.0051
Epoch [20/400]
batch = 0 (Δ=0.257s, 100.00%)
Training throughput: 1 batches in 0.256s; word units 100.0% of 8 words (letters-only 100.0% of 8).
Train Loss: output=0.1465, reconstruction=0.0053
Epoch [21/400]
batch = 0 (Δ=0.262s, 100.00%)
Training throughput: 1 batches in 0.261s; word units 100.0% of 8 words (letters-only 100.0% of 8).
Train Loss: output=0.1440, reconstruction=0.0056
Epoch [22/400]
batch = 0 (Δ=0.258s, 100.00%)
Training throughput: 1 batches in 0.257s; word units 100.0% of 8 words (letters-only 100.0% of 8).
Train Loss: output=0.1409, reconstruction=0.0060
Epoch [23/400]
batch = 0 (Δ=0.267s, 100.00%)
Training throughput: 1 batches in 0.266s; word units 100.0% of 8 words (letters-only 100.0% of 8).
Train Loss: output=0.1554, reconstruction=0.0064
Epoch [24/400]
batch = 0 (Δ=0.261s, 100.00%)
Training throughput: 1 batches in 0.261s; word units 100.0% of 8 words (letters-only 100.0% of 8).
Train Loss: output=0.1535, reconstruction=0.0071
Epoch [25/400]
batch = 0 (Δ=0.268s, 100.00%)
Training throughput: 1 batches in 0.267s; word units 100.0% of 8 words (letters-only 100.0% of 8).
Train Loss: output=0.1513, reconstruction=0.0082
Epoch [26/400]
batch = 0 (Δ=0.258s, 100.00%)
Training throughput: 1 batches in 0.258s; word units 100.0% of 8 words (letters-only 100.0% of 8).
Train Loss: output=0.1486, reconstruction=0.0094
Epoch [27/400]
batch = 0 (Δ=0.264s, 100.00%)
Training throughput: 1 batches in 0.264s; word units 100.0% of 8 words (letters-only 100.0% of 8).
Train Loss: output=0.1456, reconstruction=0.0107
Epoch [28/400]
batch = 0 (Δ=0.258s, 100.00%)
Training throughput: 1 batches in 0.257s; word units 100.0% of 8 words (letters-only 100.0% of 8).
Train Loss: output=0.1426, reconstruction=0.0118
Epoch [29/400]
batch = 0 (Δ=0.260s, 100.00%)
Training throughput: 1 batches in 0.259s; word units 100.0% of 8 words (letters-only 100.0% of 8).
Train Loss: output=0.1385, reconstruction=0.0126
Epoch [30/400]
batch = 0 (Δ=0.261s, 100.00%)
Training throughput: 1 batches in 0.261s; word units 100.0% of 8 words (letters-only 100.0% of 8).
Train Loss: output=0.1309, reconstruction=0.0131
Epoch [31/400]
batch = 0 (Δ=0.264s, 100.00%)
Training throughput: 1 batches in 0.263s; word units 100.0% of 8 words (letters-only 100.0% of 8).
Train Loss: output=0.1104, reconstruction=0.0136
Epoch [32/400]
batch = 0 (Δ=0.257s, 100.00%)
Training throughput: 1 batches in 0.257s; word units 100.0% of 8 words (letters-only 100.0% of 8).
Train Loss: output=0.1000, reconstruction=0.0140
Epoch [33/400]
batch = 0 (Δ=0.256s, 100.00%)
Training throughput: 1 batches in 0.256s; word units 100.0% of 8 words (letters-only 100.0% of 8).
Train Loss: output=0.0889, reconstruction=0.0145
Epoch [34/400]
batch = 0 (Δ=0.256s, 100.00%)
Training throughput: 1 batches in 0.255s; word units 100.0% of 8 words (letters-only 100.0% of 8).
Train Loss: output=0.0792, reconstruction=0.0151
Epoch [35/400]
batch = 0 (Δ=0.260s, 100.00%)
Training throughput: 1 batches in 0.260s; word units 100.0% of 8 words (letters-only 100.0% of 8).
Train Loss: output=0.0913, reconstruction=0.0156
Epoch [36/400]
batch = 0 (Δ=0.261s, 100.00%)
Training throughput: 1 batches in 0.260s; word units 100.0% of 8 words (letters-only 100.0% of 8).
Train Loss: output=0.0635, reconstruction=0.0163
Epoch [37/400]
batch = 0 (Δ=0.257s, 100.00%)
Training throughput: 1 batches in 0.256s; word units 100.0% of 8 words (letters-only 100.0% of 8).
Train Loss: output=0.0806, reconstruction=0.0172
Epoch [38/400]
batch = 0 (Δ=0.258s, 100.00%)
Training throughput: 1 batches in 0.257s; word units 100.0% of 8 words (letters-only 100.0% of 8).
Train Loss: output=0.0784, reconstruction=0.0187
Epoch [39/400]
batch = 0 (Δ=0.253s, 100.00%)
Training throughput: 1 batches in 0.253s; word units 100.0% of 8 words (letters-only 100.0% of 8).
Train Loss: output=0.0505, reconstruction=0.0208
Epoch [40/400]
batch = 0 (Δ=0.267s, 100.00%)
Training throughput: 1 batches in 0.266s; word units 100.0% of 8 words (letters-only 100.0% of 8).
Train Loss: output=0.0494, reconstruction=0.0239
Epoch [41/400]
batch = 0 (Δ=0.255s, 100.00%)
Training throughput: 1 batches in 0.254s; word units 100.0% of 8 words (letters-only 100.0% of 8).
Train Loss: output=0.0701, reconstruction=0.0272
Epoch [42/400]
batch = 0 (Δ=0.268s, 100.00%)
Training throughput: 1 batches in 0.268s; word units 100.0% of 8 words (letters-only 100.0% of 8).
Train Loss: output=0.0675, reconstruction=0.0312
Epoch [43/400]
batch = 0 (Δ=0.256s, 100.00%)
Training throughput: 1 batches in 0.256s; word units 100.0% of 8 words (letters-only 100.0% of 8).
Train Loss: output=0.0470, reconstruction=0.0366
Epoch [44/400]
batch = 0 (Δ=0.262s, 100.00%)
Training throughput: 1 batches in 0.262s; word units 100.0% of 8 words (letters-only 100.0% of 8).
Train Loss: output=0.0631, reconstruction=0.0425
Epoch [45/400]
batch = 0 (Δ=0.256s, 100.00%)
Training throughput: 1 batches in 0.256s; word units 100.0% of 8 words (letters-only 100.0% of 8).
Train Loss: output=0.0619, reconstruction=0.0482
Epoch [46/400]
batch = 0 (Δ=0.263s, 100.00%)
Training throughput: 1 batches in 0.263s; word units 100.0% of 8 words (letters-only 100.0% of 8).
Train Loss: output=0.0485, reconstruction=0.0536
Epoch [47/400]
batch = 0 (Δ=0.258s, 100.00%)
Training throughput: 1 batches in 0.258s; word units 100.0% of 8 words (letters-only 100.0% of 8).
Train Loss: output=0.0601, reconstruction=0.0593
Epoch [48/400]
batch = 0 (Δ=0.268s, 100.00%)
Training throughput: 1 batches in 0.268s; word units 100.0% of 8 words (letters-only 100.0% of 8).
Train Loss: output=0.0587, reconstruction=0.0647
Epoch [49/400]
batch = 0 (Δ=0.259s, 100.00%)
Training throughput: 1 batches in 0.258s; word units 100.0% of 8 words (letters-only 100.0% of 8).
Train Loss: output=0.0489, reconstruction=0.0687
Epoch [50/400]
batch = 0 (Δ=0.261s, 100.00%)
Training throughput: 1 batches in 0.261s; word units 100.0% of 8 words (letters-only 100.0% of 8).
Train Loss: output=0.0549, reconstruction=0.0722
Epoch [51/400]
batch = 0 (Δ=0.263s, 100.00%)
Training throughput: 1 batches in 0.262s; word units 100.0% of 8 words (letters-only 100.0% of 8).
Train Loss: output=0.0531, reconstruction=0.0750
Epoch [52/400]
batch = 0 (Δ=0.268s, 100.00%)
Training throughput: 1 batches in 0.267s; word units 100.0% of 8 words (letters-only 100.0% of 8).
Train Loss: output=0.0514, reconstruction=0.0763
Epoch [53/400]
batch = 0 (Δ=0.255s, 100.00%)
Training throughput: 1 batches in 0.254s; word units 100.0% of 8 words (letters-only 100.0% of 8).
Train Loss: output=0.0501, reconstruction=0.0787
Epoch [54/400]
batch = 0 (Δ=0.262s, 100.00%)
Training throughput: 1 batches in 0.261s; word units 100.0% of 8 words (letters-only 100.0% of 8).
Train Loss: output=0.0495, reconstruction=0.0823
Epoch [55/400]
batch = 0 (Δ=0.259s, 100.00%)
Training throughput: 1 batches in 0.258s; word units 100.0% of 8 words (letters-only 100.0% of 8).
Train Loss: output=0.0489, reconstruction=0.0855
Epoch [56/400]
batch = 0 (Δ=0.264s, 100.00%)
Training throughput: 1 batches in 0.264s; word units 100.0% of 8 words (letters-only 100.0% of 8).
Train Loss: output=0.0478, reconstruction=0.0879
Epoch [57/400]
batch = 0 (Δ=0.258s, 100.00%)
Training throughput: 1 batches in 0.258s; word units 100.0% of 8 words (letters-only 100.0% of 8).
Train Loss: output=0.0469, reconstruction=0.0895
Epoch [58/400]
batch = 0 (Δ=0.257s, 100.00%)
Training throughput: 1 batches in 0.257s; word units 100.0% of 8 words (letters-only 100.0% of 8).
Train Loss: output=0.0462, reconstruction=0.0910
Epoch [59/400]
batch = 0 (Δ=0.260s, 100.00%)
Training throughput: 1 batches in 0.260s; word units 100.0% of 8 words (letters-only 100.0% of 8).
Train Loss: output=0.0455, reconstruction=0.0913
Epoch [60/400]
batch = 0 (Δ=0.258s, 100.00%)
Training throughput: 1 batches in 0.258s; word units 100.0% of 8 words (letters-only 100.0% of 8).
Train Loss: output=0.0422, reconstruction=0.0907
Epoch [61/400]
batch = 0 (Δ=0.263s, 100.00%)
Training throughput: 1 batches in 0.262s; word units 100.0% of 8 words (letters-only 100.0% of 8).
Train Loss: output=0.0451, reconstruction=0.0907
Epoch [62/400]
batch = 0 (Δ=0.255s, 100.00%)
Training throughput: 1 batches in 0.254s; word units 100.0% of 8 words (letters-only 100.0% of 8).
Train Loss: output=0.2574, reconstruction=0.0912
Epoch [63/400]
batch = 0 (Δ=0.263s, 100.00%)
Training throughput: 1 batches in 0.263s; word units 100.0% of 8 words (letters-only 100.0% of 8).
Train Loss: output=0.0450, reconstruction=0.0923
Epoch [64/400]
batch = 0 (Δ=0.256s, 100.00%)
Training throughput: 1 batches in 0.256s; word units 100.0% of 8 words (letters-only 100.0% of 8).
Train Loss: output=0.0426, reconstruction=0.0927
Epoch [65/400]
batch = 0 (Δ=0.265s, 100.00%)
Training throughput: 1 batches in 0.265s; word units 100.0% of 8 words (letters-only 100.0% of 8).
Train Loss: output=0.0446, reconstruction=0.0929
Epoch [66/400]
batch = 0 (Δ=0.262s, 100.00%)
Training throughput: 1 batches in 0.261s; word units 100.0% of 8 words (letters-only 100.0% of 8).
Train Loss: output=0.0439, reconstruction=0.0942
Epoch [67/400]
batch = 0 (Δ=0.261s, 100.00%)
Training throughput: 1 batches in 0.260s; word units 100.0% of 8 words (letters-only 100.0% of 8).
Train Loss: output=0.0431, reconstruction=0.0961
Epoch [68/400]
batch = 0 (Δ=0.261s, 100.00%)
Training throughput: 1 batches in 0.260s; word units 100.0% of 8 words (letters-only 100.0% of 8).
Train Loss: output=0.0425, reconstruction=0.0986
Epoch [69/400]
batch = 0 (Δ=0.262s, 100.00%)
Training throughput: 1 batches in 0.262s; word units 100.0% of 8 words (letters-only 100.0% of 8).
Train Loss: output=0.0423, reconstruction=0.1014
Epoch [70/400]
batch = 0 (Δ=0.258s, 100.00%)
Training throughput: 1 batches in 0.258s; word units 100.0% of 8 words (letters-only 100.0% of 8).
Train Loss: output=0.0423, reconstruction=0.1031
Epoch [71/400]
batch = 0 (Δ=0.263s, 100.00%)
Training throughput: 1 batches in 0.263s; word units 100.0% of 8 words (letters-only 100.0% of 8).
Train Loss: output=0.0405, reconstruction=0.1037
Epoch [72/400]
batch = 0 (Δ=0.258s, 100.00%)
Training throughput: 1 batches in 0.257s; word units 100.0% of 8 words (letters-only 100.0% of 8).
Train Loss: output=0.0420, reconstruction=0.1035
Epoch [73/400]
batch = 0 (Δ=0.264s, 100.00%)
Training throughput: 1 batches in 0.264s; word units 100.0% of 8 words (letters-only 100.0% of 8).
Train Loss: output=0.0420, reconstruction=0.1029
Epoch [74/400]
batch = 0 (Δ=0.259s, 100.00%)
Training throughput: 1 batches in 0.258s; word units 100.0% of 8 words (letters-only 100.0% of 8).
Train Loss: output=0.0403, reconstruction=0.1020
Epoch [75/400]
batch = 0 (Δ=0.263s, 100.00%)
Training throughput: 1 batches in 0.263s; word units 100.0% of 8 words (letters-only 100.0% of 8).
Train Loss: output=0.0412, reconstruction=0.1007
Epoch [76/400]
batch = 0 (Δ=0.258s, 100.00%)
Training throughput: 1 batches in 0.257s; word units 100.0% of 8 words (letters-only 100.0% of 8).
Train Loss: output=0.0385, reconstruction=0.0999
Epoch [77/400]
batch = 0 (Δ=0.262s, 100.00%)
Training throughput: 1 batches in 0.261s; word units 100.0% of 8 words (letters-only 100.0% of 8).
Train Loss: output=0.2438, reconstruction=0.0995
Epoch [78/400]
batch = 0 (Δ=0.256s, 100.00%)
Training throughput: 1 batches in 0.256s; word units 100.0% of 8 words (letters-only 100.0% of 8).
Train Loss: output=0.0400, reconstruction=0.0995
Epoch [79/400]
batch = 0 (Δ=0.259s, 100.00%)
Training throughput: 1 batches in 0.258s; word units 100.0% of 8 words (letters-only 100.0% of 8).
Train Loss: output=0.0408, reconstruction=0.1003
Epoch [80/400]
batch = 0 (Δ=0.256s, 100.00%)
Training throughput: 1 batches in 0.256s; word units 100.0% of 8 words (letters-only 100.0% of 8).
Train Loss: output=0.0412, reconstruction=0.1021
Epoch [81/400]
batch = 0 (Δ=0.262s, 100.00%)
Training throughput: 1 batches in 0.262s; word units 100.0% of 8 words (letters-only 100.0% of 8).
Train Loss: output=0.0408, reconstruction=0.1037
Epoch [82/400]
batch = 0 (Δ=0.261s, 100.00%)
Training throughput: 1 batches in 0.259s; word units 100.0% of 8 words (letters-only 100.0% of 8).
Train Loss: output=0.0398, reconstruction=0.1046
Epoch [83/400]
batch = 0 (Δ=0.261s, 100.00%)
Training throughput: 1 batches in 0.261s; word units 100.0% of 8 words (letters-only 100.0% of 8).
Train Loss: output=0.0382, reconstruction=0.1048
Epoch [84/400]
batch = 0 (Δ=0.260s, 100.00%)
Training throughput: 1 batches in 0.259s; word units 100.0% of 8 words (letters-only 100.0% of 8).
Train Loss: output=0.0357, reconstruction=0.1045
Epoch [85/400]
batch = 0 (Δ=0.257s, 100.00%)
Training throughput: 1 batches in 0.256s; word units 100.0% of 8 words (letters-only 100.0% of 8).
Train Loss: output=0.0337, reconstruction=0.1036
Epoch [86/400]
batch = 0 (Δ=0.262s, 100.00%)
Training throughput: 1 batches in 0.262s; word units 100.0% of 8 words (letters-only 100.0% of 8).
Train Loss: output=0.0325, reconstruction=0.1024
Epoch [87/400]
batch = 0 (Δ=0.254s, 100.00%)
Training throughput: 1 batches in 0.254s; word units 100.0% of 8 words (letters-only 100.0% of 8).
Train Loss: output=0.0313, reconstruction=0.1009
Epoch [88/400]
batch = 0 (Δ=0.261s, 100.00%)
Training throughput: 1 batches in 0.261s; word units 100.0% of 8 words (letters-only 100.0% of 8).
Train Loss: output=0.0305, reconstruction=0.0992
Epoch [89/400]
batch = 0 (Δ=0.255s, 100.00%)
Training throughput: 1 batches in 0.255s; word units 100.0% of 8 words (letters-only 100.0% of 8).
Train Loss: output=0.0292, reconstruction=0.0976
Epoch [90/400]
batch = 0 (Δ=0.268s, 100.00%)
Training throughput: 1 batches in 0.267s; word units 100.0% of 8 words (letters-only 100.0% of 8).
Train Loss: output=0.0283, reconstruction=0.0961
Epoch [91/400]
batch = 0 (Δ=0.258s, 100.00%)
Training throughput: 1 batches in 0.257s; word units 100.0% of 8 words (letters-only 100.0% of 8).
Train Loss: output=0.0279, reconstruction=0.0944
Epoch [92/400]
batch = 0 (Δ=0.261s, 100.00%)
Training throughput: 1 batches in 0.261s; word units 100.0% of 8 words (letters-only 100.0% of 8).
Train Loss: output=0.0277, reconstruction=0.0930
Epoch [93/400]
batch = 0 (Δ=0.257s, 100.00%)
Training throughput: 1 batches in 0.256s; word units 100.0% of 8 words (letters-only 100.0% of 8).
Train Loss: output=0.0274, reconstruction=0.0916
Epoch [94/400]
batch = 0 (Δ=0.265s, 100.00%)
Training throughput: 1 batches in 0.265s; word units 100.0% of 8 words (letters-only 100.0% of 8).
Train Loss: output=0.0275, reconstruction=0.0901
Epoch [95/400]
batch = 0 (Δ=0.258s, 100.00%)
Training throughput: 1 batches in 0.258s; word units 100.0% of 8 words (letters-only 100.0% of 8).
Train Loss: output=0.0278, reconstruction=0.0878
Epoch [96/400]
batch = 0 (Δ=0.263s, 100.00%)
Training throughput: 1 batches in 0.263s; word units 100.0% of 8 words (letters-only 100.0% of 8).
Train Loss: output=0.0283, reconstruction=0.0852
Epoch [97/400]
batch = 0 (Δ=0.256s, 100.00%)
Training throughput: 1 batches in 0.256s; word units 100.0% of 8 words (letters-only 100.0% of 8).
Train Loss: output=0.0281, reconstruction=0.0830
Epoch [98/400]
batch = 0 (Δ=0.266s, 100.00%)
Training throughput: 1 batches in 0.266s; word units 100.0% of 8 words (letters-only 100.0% of 8).
Train Loss: output=0.0282, reconstruction=0.0810
Epoch [99/400]
batch = 0 (Δ=0.261s, 100.00%)
Training throughput: 1 batches in 0.260s; word units 100.0% of 8 words (letters-only 100.0% of 8).
Train Loss: output=0.0283, reconstruction=0.0792
Epoch [100/400]
batch = 0 (Δ=0.263s, 100.00%)
Training throughput: 1 batches in 0.263s; word units 100.0% of 8 words (letters-only 100.0% of 8).
Train Loss: output=0.0285, reconstruction=0.0775
Epoch [101/400]
batch = 0 (Δ=0.255s, 100.00%)
Training throughput: 1 batches in 0.254s; word units 100.0% of 8 words (letters-only 100.0% of 8).
Train Loss: output=0.0288, reconstruction=0.0759
Epoch [102/400]
batch = 0 (Δ=0.269s, 100.00%)
Training throughput: 1 batches in 0.268s; word units 100.0% of 8 words (letters-only 100.0% of 8).
Train Loss: output=0.0290, reconstruction=0.0737
Epoch [103/400]
batch = 0 (Δ=0.258s, 100.00%)
Training throughput: 1 batches in 0.258s; word units 100.0% of 8 words (letters-only 100.0% of 8).
Train Loss: output=0.0291, reconstruction=0.0711
Epoch [104/400]
batch = 0 (Δ=0.260s, 100.00%)
Training throughput: 1 batches in 0.260s; word units 100.0% of 8 words (letters-only 100.0% of 8).
Train Loss: output=0.0295, reconstruction=0.0686
Epoch [105/400]
batch = 0 (Δ=0.260s, 100.00%)
Training throughput: 1 batches in 0.260s; word units 100.0% of 8 words (letters-only 100.0% of 8).
Train Loss: output=0.0295, reconstruction=0.0667
Epoch [106/400]
batch = 0 (Δ=0.266s, 100.00%)
Training throughput: 1 batches in 0.266s; word units 100.0% of 8 words (letters-only 100.0% of 8).
Train Loss: output=0.0297, reconstruction=0.0653
Epoch [107/400]
batch = 0 (Δ=0.258s, 100.00%)
Training throughput: 1 batches in 0.257s; word units 100.0% of 8 words (letters-only 100.0% of 8).
Train Loss: output=0.0299, reconstruction=0.0656
Epoch [108/400]
batch = 0 (Δ=0.260s, 100.00%)
Training throughput: 1 batches in 0.260s; word units 100.0% of 8 words (letters-only 100.0% of 8).
Train Loss: output=0.0305, reconstruction=0.0664
Epoch [109/400]
batch = 0 (Δ=0.261s, 100.00%)
Training throughput: 1 batches in 0.260s; word units 100.0% of 8 words (letters-only 100.0% of 8).
Train Loss: output=0.0310, reconstruction=0.0656
Epoch [110/400]
batch = 0 (Δ=0.264s, 100.00%)
Training throughput: 1 batches in 0.264s; word units 100.0% of 8 words (letters-only 100.0% of 8).
Train Loss: output=0.0312, reconstruction=0.0644
Epoch [111/400]
batch = 0 (Δ=0.262s, 100.00%)
Training throughput: 1 batches in 0.261s; word units 100.0% of 8 words (letters-only 100.0% of 8).
Train Loss: output=0.0303, reconstruction=0.0634
Epoch [112/400]
batch = 0 (Δ=0.264s, 100.00%)
Training throughput: 1 batches in 0.264s; word units 100.0% of 8 words (letters-only 100.0% of 8).
Train Loss: output=0.0298, reconstruction=0.0626
Epoch [113/400]
batch = 0 (Δ=0.261s, 100.00%)
Training throughput: 1 batches in 0.260s; word units 100.0% of 8 words (letters-only 100.0% of 8).
Train Loss: output=0.0278, reconstruction=0.0619
Epoch [114/400]
batch = 0 (Δ=0.262s, 100.00%)
Training throughput: 1 batches in 0.262s; word units 100.0% of 8 words (letters-only 100.0% of 8).
Train Loss: output=0.0275, reconstruction=0.0612
Epoch [115/400]
batch = 0 (Δ=0.267s, 100.00%)
Training throughput: 1 batches in 0.266s; word units 100.0% of 8 words (letters-only 100.0% of 8).
Train Loss: output=0.0266, reconstruction=0.0609
Epoch [116/400]
batch = 0 (Δ=0.266s, 100.00%)
Training throughput: 1 batches in 0.265s; word units 100.0% of 8 words (letters-only 100.0% of 8).
Train Loss: output=0.0262, reconstruction=0.0608
Epoch [117/400]
batch = 0 (Δ=0.266s, 100.00%)
Training throughput: 1 batches in 0.265s; word units 100.0% of 8 words (letters-only 100.0% of 8).
Train Loss: output=0.0264, reconstruction=0.0620
Epoch [118/400]
batch = 0 (Δ=0.253s, 100.00%)
Training throughput: 1 batches in 0.252s; word units 100.0% of 8 words (letters-only 100.0% of 8).
Train Loss: output=0.0240, reconstruction=0.0642
Epoch [119/400]
batch = 0 (Δ=0.670s, 100.00%)
Training throughput: 1 batches in 0.670s; word units 100.0% of 8 words (letters-only 100.0% of 8).
Train Loss: output=0.0253, reconstruction=0.0659
Epoch [120/400]
batch = 0 (Δ=0.277s, 100.00%)
Training throughput: 1 batches in 0.277s; word units 100.0% of 8 words (letters-only 100.0% of 8).
Train Loss: output=0.0250, reconstruction=0.0685
Epoch [121/400]
batch = 0 (Δ=0.313s, 100.00%)
Training throughput: 1 batches in 0.313s; word units 100.0% of 8 words (letters-only 100.0% of 8).
Train Loss: output=0.0227, reconstruction=0.0718
Epoch [122/400]
batch = 0 (Δ=0.289s, 100.00%)
Training throughput: 1 batches in 0.288s; word units 100.0% of 8 words (letters-only 100.0% of 8).
Train Loss: output=0.0224, reconstruction=0.0745
Epoch [123/400]
batch = 0 (Δ=0.264s, 100.00%)
Training throughput: 1 batches in 0.263s; word units 100.0% of 8 words (letters-only 100.0% of 8).
Train Loss: output=0.0241, reconstruction=0.0768
Epoch [124/400]
batch = 0 (Δ=0.496s, 100.00%)
Training throughput: 1 batches in 0.499s; word units 100.0% of 8 words (letters-only 100.0% of 8).
Train Loss: output=0.0235, reconstruction=0.0780
Epoch [125/400]
batch = 0 (Δ=0.334s, 100.00%)
Training throughput: 1 batches in 0.328s; word units 100.0% of 8 words (letters-only 100.0% of 8).
Train Loss: output=0.0239, reconstruction=0.0782
Epoch [126/400]
batch = 0 (Δ=0.291s, 100.00%)
Training throughput: 1 batches in 0.291s; word units 100.0% of 8 words (letters-only 100.0% of 8).
Train Loss: output=0.0227, reconstruction=0.0779
Epoch [127/400]
batch = 0 (Δ=0.292s, 100.00%)
Training throughput: 1 batches in 0.292s; word units 100.0% of 8 words (letters-only 100.0% of 8).
Train Loss: output=0.0223, reconstruction=0.0772
Epoch [128/400]
batch = 0 (Δ=0.290s, 100.00%)
Training throughput: 1 batches in 0.290s; word units 100.0% of 8 words (letters-only 100.0% of 8).
Train Loss: output=0.0212, reconstruction=0.0763
Epoch [129/400]
batch = 0 (Δ=0.286s, 100.00%)
Training throughput: 1 batches in 0.286s; word units 100.0% of 8 words (letters-only 100.0% of 8).
Train Loss: output=0.0208, reconstruction=0.0756
Epoch [130/400]
batch = 0 (Δ=0.288s, 100.00%)
Training throughput: 1 batches in 0.287s; word units 100.0% of 8 words (letters-only 100.0% of 8).
Train Loss: output=0.0207, reconstruction=0.0750
Epoch [131/400]
batch = 0 (Δ=0.291s, 100.00%)
Training throughput: 1 batches in 0.290s; word units 100.0% of 8 words (letters-only 100.0% of 8).
Train Loss: output=0.0192, reconstruction=0.0744
Epoch [132/400]
batch = 0 (Δ=0.291s, 100.00%)
Training throughput: 1 batches in 0.290s; word units 100.0% of 8 words (letters-only 100.0% of 8).
Train Loss: output=0.0205, reconstruction=0.0741
Epoch [133/400]
batch = 0 (Δ=0.290s, 100.00%)
Training throughput: 1 batches in 0.289s; word units 100.0% of 8 words (letters-only 100.0% of 8).
Train Loss: output=0.0208, reconstruction=0.0741
Epoch [134/400]
batch = 0 (Δ=0.408s, 100.00%)
Training throughput: 1 batches in 0.409s; word units 100.0% of 8 words (letters-only 100.0% of 8).
Train Loss: output=0.0209, reconstruction=0.0747
Epoch [135/400]
batch = 0 (Δ=0.302s, 100.00%)
Training throughput: 1 batches in 0.300s; word units 100.0% of 8 words (letters-only 100.0% of 8).
Train Loss: output=0.0213, reconstruction=0.0763
Epoch [136/400]
batch = 0 (Δ=0.287s, 100.00%)
Training throughput: 1 batches in 0.286s; word units 100.0% of 8 words (letters-only 100.0% of 8).
Train Loss: output=0.0201, reconstruction=0.0779
Epoch [137/400]
batch = 0 (Δ=0.291s, 100.00%)
Training throughput: 1 batches in 0.290s; word units 100.0% of 8 words (letters-only 100.0% of 8).
Train Loss: output=0.0217, reconstruction=0.0791
Epoch [138/400]
batch = 0 (Δ=0.287s, 100.00%)
Training throughput: 1 batches in 0.286s; word units 100.0% of 8 words (letters-only 100.0% of 8).
Train Loss: output=0.0209, reconstruction=0.0802
Epoch [139/400]
batch = 0 (Δ=0.285s, 100.00%)
Training throughput: 1 batches in 0.285s; word units 100.0% of 8 words (letters-only 100.0% of 8).
Train Loss: output=0.0217, reconstruction=0.0811
Epoch [140/400]
batch = 0 (Δ=0.288s, 100.00%)
Training throughput: 1 batches in 0.287s; word units 100.0% of 8 words (letters-only 100.0% of 8).
Train Loss: output=0.0215, reconstruction=0.0819
Epoch [141/400]
batch = 0 (Δ=0.284s, 100.00%)
Training throughput: 1 batches in 0.283s; word units 100.0% of 8 words (letters-only 100.0% of 8).
Train Loss: output=0.0218, reconstruction=0.0831
Epoch [142/400]
batch = 0 (Δ=0.290s, 100.00%)
Training throughput: 1 batches in 0.290s; word units 100.0% of 8 words (letters-only 100.0% of 8).
Train Loss: output=0.0220, reconstruction=0.0844
Epoch [143/400]
batch = 0 (Δ=0.296s, 100.00%)
Training throughput: 1 batches in 0.296s; word units 100.0% of 8 words (letters-only 100.0% of 8).
Train Loss: output=0.0223, reconstruction=0.0847
Epoch [144/400]
batch = 0 (Δ=0.290s, 100.00%)
Training throughput: 1 batches in 0.289s; word units 100.0% of 8 words (letters-only 100.0% of 8).
Train Loss: output=0.0219, reconstruction=0.0841
Epoch [145/400]
batch = 0 (Δ=0.291s, 100.00%)
Training throughput: 1 batches in 0.290s; word units 100.0% of 8 words (letters-only 100.0% of 8).
Train Loss: output=0.0216, reconstruction=0.0832
Epoch [146/400]
batch = 0 (Δ=0.289s, 100.00%)
Training throughput: 1 batches in 0.288s; word units 100.0% of 8 words (letters-only 100.0% of 8).
Train Loss: output=0.0216, reconstruction=0.0827
Epoch [147/400]
batch = 0 (Δ=0.286s, 100.00%)
Training throughput: 1 batches in 0.285s; word units 100.0% of 8 words (letters-only 100.0% of 8).
Train Loss: output=0.0220, reconstruction=0.0822
Epoch [148/400]
batch = 0 (Δ=0.288s, 100.00%)
Training throughput: 1 batches in 0.288s; word units 100.0% of 8 words (letters-only 100.0% of 8).
Train Loss: output=0.0219, reconstruction=0.0814
Epoch [149/400]
batch = 0 (Δ=0.261s, 100.00%)
Training throughput: 1 batches in 0.260s; word units 100.0% of 8 words (letters-only 100.0% of 8).
Train Loss: output=0.0233, reconstruction=0.0805
Epoch [150/400]
batch = 0 (Δ=0.265s, 100.00%)
Training throughput: 1 batches in 0.265s; word units 100.0% of 8 words (letters-only 100.0% of 8).
Train Loss: output=0.0237, reconstruction=0.0796
Epoch [151/400]
batch = 0 (Δ=0.262s, 100.00%)
Training throughput: 1 batches in 0.261s; word units 100.0% of 8 words (letters-only 100.0% of 8).
Train Loss: output=0.0238, reconstruction=0.0789
Epoch [152/400]
batch = 0 (Δ=0.264s, 100.00%)
Training throughput: 1 batches in 0.264s; word units 100.0% of 8 words (letters-only 100.0% of 8).
Train Loss: output=0.0240, reconstruction=0.0782
Epoch [153/400]
batch = 0 (Δ=0.261s, 100.00%)
Training throughput: 1 batches in 0.260s; word units 100.0% of 8 words (letters-only 100.0% of 8).
Train Loss: output=0.0240, reconstruction=0.0775
Epoch [154/400]
batch = 0 (Δ=0.262s, 100.00%)
Training throughput: 1 batches in 0.262s; word units 100.0% of 8 words (letters-only 100.0% of 8).
Train Loss: output=0.0237, reconstruction=0.0770
Epoch [155/400]
batch = 0 (Δ=0.265s, 100.00%)
Training throughput: 1 batches in 0.264s; word units 100.0% of 8 words (letters-only 100.0% of 8).
Train Loss: output=0.0227, reconstruction=0.0764
Epoch [156/400]
batch = 0 (Δ=0.256s, 100.00%)
Training throughput: 1 batches in 0.256s; word units 100.0% of 8 words (letters-only 100.0% of 8).
Train Loss: output=0.0212, reconstruction=0.0758
Epoch [157/400]
batch = 0 (Δ=0.264s, 100.00%)
Training throughput: 1 batches in 0.263s; word units 100.0% of 8 words (letters-only 100.0% of 8).
Train Loss: output=0.0203, reconstruction=0.0753
Epoch [158/400]
batch = 0 (Δ=0.258s, 100.00%)
Training throughput: 1 batches in 0.258s; word units 100.0% of 8 words (letters-only 100.0% of 8).
Train Loss: output=0.0199, reconstruction=0.0750
Epoch [159/400]
batch = 0 (Δ=0.266s, 100.00%)
Training throughput: 1 batches in 0.265s; word units 100.0% of 8 words (letters-only 100.0% of 8).
Train Loss: output=0.0198, reconstruction=0.0752
Epoch [160/400]
batch = 0 (Δ=0.263s, 100.00%)
Training throughput: 1 batches in 0.263s; word units 100.0% of 8 words (letters-only 100.0% of 8).
Train Loss: output=0.0195, reconstruction=0.0753
Epoch [161/400]
batch = 0 (Δ=0.262s, 100.00%)
Training throughput: 1 batches in 0.262s; word units 100.0% of 8 words (letters-only 100.0% of 8).
Train Loss: output=0.0194, reconstruction=0.0754
Epoch [162/400]
batch = 0 (Δ=0.262s, 100.00%)
Training throughput: 1 batches in 0.262s; word units 100.0% of 8 words (letters-only 100.0% of 8).
Train Loss: output=0.0190, reconstruction=0.0756
Epoch [163/400]
batch = 0 (Δ=0.267s, 100.00%)
Training throughput: 1 batches in 0.266s; word units 100.0% of 8 words (letters-only 100.0% of 8).
Train Loss: output=0.0187, reconstruction=0.0758
Epoch [164/400]
batch = 0 (Δ=0.262s, 100.00%)
Training throughput: 1 batches in 0.262s; word units 100.0% of 8 words (letters-only 100.0% of 8).
Train Loss: output=0.0188, reconstruction=0.0761
Epoch [165/400]
batch = 0 (Δ=0.266s, 100.00%)
Training throughput: 1 batches in 0.265s; word units 100.0% of 8 words (letters-only 100.0% of 8).
Train Loss: output=0.0189, reconstruction=0.0760
Epoch [166/400]
batch = 0 (Δ=0.263s, 100.00%)
Training throughput: 1 batches in 0.263s; word units 100.0% of 8 words (letters-only 100.0% of 8).
Train Loss: output=0.0190, reconstruction=0.0758
Epoch [167/400]
batch = 0 (Δ=0.267s, 100.00%)
Training throughput: 1 batches in 0.267s; word units 100.0% of 8 words (letters-only 100.0% of 8).
Train Loss: output=0.0190, reconstruction=0.0755
Epoch [168/400]
batch = 0 (Δ=0.261s, 100.00%)
Training throughput: 1 batches in 0.260s; word units 100.0% of 8 words (letters-only 100.0% of 8).
Train Loss: output=0.0189, reconstruction=0.0753
Epoch [169/400]
batch = 0 (Δ=0.264s, 100.00%)
Training throughput: 1 batches in 0.263s; word units 100.0% of 8 words (letters-only 100.0% of 8).
Train Loss: output=0.0191, reconstruction=0.0754
Epoch [170/400]
batch = 0 (Δ=0.254s, 100.00%)
Training throughput: 1 batches in 0.253s; word units 100.0% of 8 words (letters-only 100.0% of 8).
Train Loss: output=0.0198, reconstruction=0.0759
Epoch [171/400]
batch = 0 (Δ=0.269s, 100.00%)
Training throughput: 1 batches in 0.268s; word units 100.0% of 8 words (letters-only 100.0% of 8).
Train Loss: output=0.0202, reconstruction=0.0767
Epoch [172/400]
batch = 0 (Δ=0.260s, 100.00%)
Training throughput: 1 batches in 0.259s; word units 100.0% of 8 words (letters-only 100.0% of 8).
Train Loss: output=0.0200, reconstruction=0.0770
Epoch [173/400]
batch = 0 (Δ=0.266s, 100.00%)
Training throughput: 1 batches in 0.266s; word units 100.0% of 8 words (letters-only 100.0% of 8).
Train Loss: output=0.0201, reconstruction=0.0771
Epoch [174/400]
batch = 0 (Δ=0.259s, 100.00%)
Training throughput: 1 batches in 0.259s; word units 100.0% of 8 words (letters-only 100.0% of 8).
Train Loss: output=0.0201, reconstruction=0.0776
Epoch [175/400]
batch = 0 (Δ=0.268s, 100.00%)
Training throughput: 1 batches in 0.268s; word units 100.0% of 8 words (letters-only 100.0% of 8).
Train Loss: output=0.0200, reconstruction=0.0784
Epoch [176/400]
batch = 0 (Δ=0.257s, 100.00%)
Training throughput: 1 batches in 0.256s; word units 100.0% of 8 words (letters-only 100.0% of 8).
Train Loss: output=0.0194, reconstruction=0.0789
Epoch [177/400]
batch = 0 (Δ=0.265s, 100.00%)
Training throughput: 1 batches in 0.265s; word units 100.0% of 8 words (letters-only 100.0% of 8).
Train Loss: output=0.0190, reconstruction=0.0791
Epoch [178/400]
batch = 0 (Δ=0.258s, 100.00%)
Training throughput: 1 batches in 0.257s; word units 100.0% of 8 words (letters-only 100.0% of 8).
Train Loss: output=0.0190, reconstruction=0.0793
Epoch [179/400]
batch = 0 (Δ=0.268s, 100.00%)
Training throughput: 1 batches in 0.267s; word units 100.0% of 8 words (letters-only 100.0% of 8).
Train Loss: output=0.0191, reconstruction=0.0796
Epoch [180/400]
batch = 0 (Δ=0.261s, 100.00%)
Training throughput: 1 batches in 0.261s; word units 100.0% of 8 words (letters-only 100.0% of 8).
Train Loss: output=0.0190, reconstruction=0.0800
Epoch [181/400]
batch = 0 (Δ=0.270s, 100.00%)
Training throughput: 1 batches in 0.269s; word units 100.0% of 8 words (letters-only 100.0% of 8).
Train Loss: output=0.0193, reconstruction=0.0805
Epoch [182/400]
batch = 0 (Δ=0.258s, 100.00%)
Training throughput: 1 batches in 0.257s; word units 100.0% of 8 words (letters-only 100.0% of 8).
Train Loss: output=0.0196, reconstruction=0.0811
Epoch [183/400]
batch = 0 (Δ=0.264s, 100.00%)
Training throughput: 1 batches in 0.264s; word units 100.0% of 8 words (letters-only 100.0% of 8).
Train Loss: output=0.0190, reconstruction=0.0818
Epoch [184/400]
batch = 0 (Δ=0.264s, 100.00%)
Training throughput: 1 batches in 0.263s; word units 100.0% of 8 words (letters-only 100.0% of 8).
Train Loss: output=0.0189, reconstruction=0.0826
Epoch [185/400]
batch = 0 (Δ=0.263s, 100.00%)
Training throughput: 1 batches in 0.263s; word units 100.0% of 8 words (letters-only 100.0% of 8).
Train Loss: output=0.0197, reconstruction=0.0834
Epoch [186/400]
batch = 0 (Δ=0.264s, 100.00%)
Training throughput: 1 batches in 0.263s; word units 100.0% of 8 words (letters-only 100.0% of 8).
Train Loss: output=0.0197, reconstruction=0.0842
Epoch [187/400]
batch = 0 (Δ=0.259s, 100.00%)
Training throughput: 1 batches in 0.259s; word units 100.0% of 8 words (letters-only 100.0% of 8).
Train Loss: output=0.0195, reconstruction=0.0848
Epoch [188/400]
batch = 0 (Δ=0.268s, 100.00%)
Training throughput: 1 batches in 0.267s; word units 100.0% of 8 words (letters-only 100.0% of 8).
Train Loss: output=0.0201, reconstruction=0.0848
Epoch [189/400]
batch = 0 (Δ=0.260s, 100.00%)
Training throughput: 1 batches in 0.259s; word units 100.0% of 8 words (letters-only 100.0% of 8).
Train Loss: output=0.0197, reconstruction=0.0845
Epoch [190/400]
batch = 0 (Δ=0.262s, 100.00%)
Training throughput: 1 batches in 0.261s; word units 100.0% of 8 words (letters-only 100.0% of 8).
Train Loss: output=0.0197, reconstruction=0.0840
Epoch [191/400]
batch = 0 (Δ=0.265s, 100.00%)
Training throughput: 1 batches in 0.264s; word units 100.0% of 8 words (letters-only 100.0% of 8).
Train Loss: output=0.0194, reconstruction=0.0832
Epoch [192/400]
batch = 0 (Δ=0.270s, 100.00%)
Training throughput: 1 batches in 0.270s; word units 100.0% of 8 words (letters-only 100.0% of 8).
Train Loss: output=0.0190, reconstruction=0.0826
Epoch [193/400]
batch = 0 (Δ=0.288s, 100.00%)
Training throughput: 1 batches in 0.288s; word units 100.0% of 8 words (letters-only 100.0% of 8).
Train Loss: output=0.0186, reconstruction=0.0821
Epoch [194/400]
batch = 0 (Δ=0.267s, 100.00%)
Training throughput: 1 batches in 0.266s; word units 100.0% of 8 words (letters-only 100.0% of 8).
Train Loss: output=0.0189, reconstruction=0.0817
Epoch [195/400]
batch = 0 (Δ=0.259s, 100.00%)
Training throughput: 1 batches in 0.258s; word units 100.0% of 8 words (letters-only 100.0% of 8).
Train Loss: output=0.0191, reconstruction=0.0814
Epoch [196/400]
batch = 0 (Δ=0.268s, 100.00%)
Training throughput: 1 batches in 0.267s; word units 100.0% of 8 words (letters-only 100.0% of 8).
Train Loss: output=0.0198, reconstruction=0.0813
Epoch [197/400]
batch = 0 (Δ=0.259s, 100.00%)
Training throughput: 1 batches in 0.259s; word units 100.0% of 8 words (letters-only 100.0% of 8).
Train Loss: output=0.0207, reconstruction=0.0812
Epoch [198/400]
batch = 0 (Δ=0.261s, 100.00%)
Training throughput: 1 batches in 0.261s; word units 100.0% of 8 words (letters-only 100.0% of 8).
Train Loss: output=0.0206, reconstruction=0.0811
Epoch [199/400]
batch = 0 (Δ=0.323s, 100.00%)
Training throughput: 1 batches in 0.323s; word units 100.0% of 8 words (letters-only 100.0% of 8).
Train Loss: output=0.0208, reconstruction=0.0808
Epoch [200/400]
batch = 0 (Δ=0.272s, 100.00%)
Training throughput: 1 batches in 0.271s; word units 100.0% of 8 words (letters-only 100.0% of 8).
Train Loss: output=0.0200, reconstruction=0.0802
Epoch [201/400]
batch = 0 (Δ=0.260s, 100.00%)
Training throughput: 1 batches in 0.259s; word units 100.0% of 8 words (letters-only 100.0% of 8).
Train Loss: output=0.0196, reconstruction=0.0797
Epoch [202/400]
batch = 0 (Δ=0.258s, 100.00%)
Training throughput: 1 batches in 0.258s; word units 100.0% of 8 words (letters-only 100.0% of 8).
Train Loss: output=0.0195, reconstruction=0.0792
Epoch [203/400]
batch = 0 (Δ=0.264s, 100.00%)
Training throughput: 1 batches in 0.264s; word units 100.0% of 8 words (letters-only 100.0% of 8).
Train Loss: output=0.0189, reconstruction=0.0783
Epoch [204/400]
batch = 0 (Δ=0.266s, 100.00%)
Training throughput: 1 batches in 0.265s; word units 100.0% of 8 words (letters-only 100.0% of 8).
Train Loss: output=0.0182, reconstruction=0.0774
Epoch [205/400]
batch = 0 (Δ=0.256s, 100.00%)
Training throughput: 1 batches in 0.256s; word units 100.0% of 8 words (letters-only 100.0% of 8).
Train Loss: output=0.0165, reconstruction=0.0763
Epoch [206/400]
batch = 0 (Δ=0.261s, 100.00%)
Training throughput: 1 batches in 0.260s; word units 100.0% of 8 words (letters-only 100.0% of 8).
Train Loss: output=0.0156, reconstruction=0.0752
Epoch [207/400]
batch = 0 (Δ=0.262s, 100.00%)
Training throughput: 1 batches in 0.262s; word units 100.0% of 8 words (letters-only 100.0% of 8).
Train Loss: output=0.0148, reconstruction=0.0742
Epoch [208/400]
batch = 0 (Δ=0.264s, 100.00%)
Training throughput: 1 batches in 0.264s; word units 100.0% of 8 words (letters-only 100.0% of 8).
Train Loss: output=0.0137, reconstruction=0.0734
Epoch [209/400]
batch = 0 (Δ=0.258s, 100.00%)
Training throughput: 1 batches in 0.257s; word units 100.0% of 8 words (letters-only 100.0% of 8).
Train Loss: output=0.0142, reconstruction=0.0727
Epoch [210/400]
batch = 0 (Δ=0.263s, 100.00%)
Training throughput: 1 batches in 0.262s; word units 100.0% of 8 words (letters-only 100.0% of 8).
Train Loss: output=0.0145, reconstruction=0.0722
Epoch [211/400]
batch = 0 (Δ=0.264s, 100.00%)
Training throughput: 1 batches in 0.265s; word units 100.0% of 8 words (letters-only 100.0% of 8).
Train Loss: output=0.0136, reconstruction=0.0718
Epoch [212/400]
batch = 0 (Δ=0.294s, 100.00%)
Training throughput: 1 batches in 0.293s; word units 100.0% of 8 words (letters-only 100.0% of 8).
Train Loss: output=0.0152, reconstruction=0.0714
Epoch [213/400]
batch = 0 (Δ=0.257s, 100.00%)
Training throughput: 1 batches in 0.256s; word units 100.0% of 8 words (letters-only 100.0% of 8).
Train Loss: output=0.0160, reconstruction=0.0711
Epoch [214/400]
batch = 0 (Δ=0.262s, 100.00%)
Training throughput: 1 batches in 0.261s; word units 100.0% of 8 words (letters-only 100.0% of 8).
Train Loss: output=0.0155, reconstruction=0.0709
Epoch [215/400]
batch = 0 (Δ=0.257s, 100.00%)
Training throughput: 1 batches in 0.256s; word units 100.0% of 8 words (letters-only 100.0% of 8).
Train Loss: output=0.0155, reconstruction=0.0706
Epoch [216/400]
batch = 0 (Δ=0.268s, 100.00%)
Training throughput: 1 batches in 0.267s; word units 100.0% of 8 words (letters-only 100.0% of 8).
Train Loss: output=0.0154, reconstruction=0.0703
Epoch [217/400]
batch = 0 (Δ=0.267s, 100.00%)
Training throughput: 1 batches in 0.267s; word units 100.0% of 8 words (letters-only 100.0% of 8).
Train Loss: output=0.0167, reconstruction=0.0700
Epoch [218/400]
batch = 0 (Δ=0.262s, 100.00%)
Training throughput: 1 batches in 0.262s; word units 100.0% of 8 words (letters-only 100.0% of 8).
Train Loss: output=0.0166, reconstruction=0.0696
Epoch [219/400]
batch = 0 (Δ=0.256s, 100.00%)
Training throughput: 1 batches in 0.255s; word units 100.0% of 8 words (letters-only 100.0% of 8).
Train Loss: output=0.0154, reconstruction=0.0694
Epoch [220/400]
batch = 0 (Δ=0.651s, 100.00%)
Training throughput: 1 batches in 0.650s; word units 100.0% of 8 words (letters-only 100.0% of 8).
Train Loss: output=0.0171, reconstruction=0.0693
Epoch [221/400]
batch = 0 (Δ=0.262s, 100.00%)
Training throughput: 1 batches in 0.262s; word units 100.0% of 8 words (letters-only 100.0% of 8).
Train Loss: output=0.0122, reconstruction=0.0692
Epoch [222/400]
batch = 0 (Δ=0.258s, 100.00%)
Training throughput: 1 batches in 0.257s; word units 100.0% of 8 words (letters-only 100.0% of 8).
Train Loss: output=0.0175, reconstruction=0.0691
Epoch [223/400]
batch = 0 (Δ=0.265s, 100.00%)
Training throughput: 1 batches in 0.264s; word units 100.0% of 8 words (letters-only 100.0% of 8).
Train Loss: output=0.0179, reconstruction=0.0690
Epoch [224/400]
batch = 0 (Δ=0.261s, 100.00%)
Training throughput: 1 batches in 0.260s; word units 100.0% of 8 words (letters-only 100.0% of 8).
Train Loss: output=0.0169, reconstruction=0.0690
Epoch [225/400]
batch = 0 (Δ=0.261s, 100.00%)
Training throughput: 1 batches in 0.261s; word units 100.0% of 8 words (letters-only 100.0% of 8).
Train Loss: output=0.0183, reconstruction=0.0694
Epoch [226/400]
batch = 0 (Δ=0.257s, 100.00%)
Training throughput: 1 batches in 0.257s; word units 100.0% of 8 words (letters-only 100.0% of 8).
Train Loss: output=0.0177, reconstruction=0.0700
Epoch [227/400]
batch = 0 (Δ=0.268s, 100.00%)
Training throughput: 1 batches in 0.267s; word units 100.0% of 8 words (letters-only 100.0% of 8).
Train Loss: output=0.0161, reconstruction=0.0706
Epoch [228/400]
batch = 0 (Δ=0.259s, 100.00%)
Training throughput: 1 batches in 0.259s; word units 100.0% of 8 words (letters-only 100.0% of 8).
Train Loss: output=0.0171, reconstruction=0.0712
Epoch [229/400]
batch = 0 (Δ=0.264s, 100.00%)
Training throughput: 1 batches in 0.264s; word units 100.0% of 8 words (letters-only 100.0% of 8).
Train Loss: output=0.0076, reconstruction=0.0718
Epoch [230/400]
batch = 0 (Δ=0.261s, 100.00%)
Training throughput: 1 batches in 0.261s; word units 100.0% of 8 words (letters-only 100.0% of 8).
Train Loss: output=0.0081, reconstruction=0.0723
Epoch [231/400]
batch = 0 (Δ=0.266s, 100.00%)
Training throughput: 1 batches in 0.265s; word units 100.0% of 8 words (letters-only 100.0% of 8).
Train Loss: output=0.0081, reconstruction=0.0727
Epoch [232/400]
batch = 0 (Δ=0.264s, 100.00%)
Training throughput: 1 batches in 0.263s; word units 100.0% of 8 words (letters-only 100.0% of 8).
Train Loss: output=0.0151, reconstruction=0.0730
Epoch [233/400]
batch = 0 (Δ=0.264s, 100.00%)
Training throughput: 1 batches in 0.263s; word units 100.0% of 8 words (letters-only 100.0% of 8).
Train Loss: output=0.0146, reconstruction=0.0732
Epoch [234/400]
batch = 0 (Δ=0.262s, 100.00%)
Training throughput: 1 batches in 0.262s; word units 100.0% of 8 words (letters-only 100.0% of 8).
Train Loss: output=0.0141, reconstruction=0.0735
Epoch [235/400]
batch = 0 (Δ=0.266s, 100.00%)
Training throughput: 1 batches in 0.265s; word units 100.0% of 8 words (letters-only 100.0% of 8).
Train Loss: output=0.0134, reconstruction=0.0738
Epoch [236/400]
batch = 0 (Δ=0.260s, 100.00%)
Training throughput: 1 batches in 0.260s; word units 100.0% of 8 words (letters-only 100.0% of 8).
Train Loss: output=0.0073, reconstruction=0.0742
Epoch [237/400]
batch = 0 (Δ=0.259s, 100.00%)
Training throughput: 1 batches in 0.259s; word units 100.0% of 8 words (letters-only 100.0% of 8).
Train Loss: output=0.0124, reconstruction=0.0745
Epoch [238/400]
batch = 0 (Δ=0.262s, 100.00%)
Training throughput: 1 batches in 0.262s; word units 100.0% of 8 words (letters-only 100.0% of 8).
Train Loss: output=0.0123, reconstruction=0.0748
Epoch [239/400]
batch = 0 (Δ=0.261s, 100.00%)
Training throughput: 1 batches in 0.260s; word units 100.0% of 8 words (letters-only 100.0% of 8).
Train Loss: output=0.0112, reconstruction=0.0751
Epoch [240/400]
batch = 0 (Δ=0.266s, 100.00%)
Training throughput: 1 batches in 0.266s; word units 100.0% of 8 words (letters-only 100.0% of 8).
Train Loss: output=0.0116, reconstruction=0.0754
Epoch [241/400]
batch = 0 (Δ=0.261s, 100.00%)
Training throughput: 1 batches in 0.260s; word units 100.0% of 8 words (letters-only 100.0% of 8).
Train Loss: output=0.0115, reconstruction=0.0757
Epoch [242/400]
batch = 0 (Δ=0.262s, 100.00%)
Training throughput: 1 batches in 0.261s; word units 100.0% of 8 words (letters-only 100.0% of 8).
Train Loss: output=0.0035, reconstruction=0.0759
Epoch [243/400]
batch = 0 (Δ=0.261s, 100.00%)
Training throughput: 1 batches in 0.261s; word units 100.0% of 8 words (letters-only 100.0% of 8).
Train Loss: output=0.0122, reconstruction=0.0761
Epoch [244/400]
batch = 0 (Δ=0.272s, 100.00%)
Training throughput: 1 batches in 0.271s; word units 100.0% of 8 words (letters-only 100.0% of 8).
Train Loss: output=0.0029, reconstruction=0.0764
Epoch [245/400]
batch = 0 (Δ=0.259s, 100.00%)
Training throughput: 1 batches in 0.258s; word units 100.0% of 8 words (letters-only 100.0% of 8).
Train Loss: output=0.0115, reconstruction=0.0768
Epoch [246/400]
batch = 0 (Δ=0.258s, 100.00%)
Training throughput: 1 batches in 0.258s; word units 100.0% of 8 words (letters-only 100.0% of 8).
Train Loss: output=0.0128, reconstruction=0.0775
Epoch [247/400]
batch = 0 (Δ=0.260s, 100.00%)
Training throughput: 1 batches in 0.260s; word units 100.0% of 8 words (letters-only 100.0% of 8).
Train Loss: output=0.0027, reconstruction=0.0783
Epoch [248/400]
batch = 0 (Δ=0.267s, 100.00%)
Training throughput: 1 batches in 0.266s; word units 100.0% of 8 words (letters-only 100.0% of 8).
Train Loss: output=0.0121, reconstruction=0.0792
Epoch [249/400]
batch = 0 (Δ=0.259s, 100.00%)
Training throughput: 1 batches in 0.259s; word units 100.0% of 8 words (letters-only 100.0% of 8).
Train Loss: output=0.0137, reconstruction=0.0801
Epoch [250/400]
batch = 0 (Δ=0.259s, 100.00%)
Training throughput: 1 batches in 0.259s; word units 100.0% of 8 words (letters-only 100.0% of 8).
Train Loss: output=0.0140, reconstruction=0.0810
Epoch [251/400]
batch = 0 (Δ=0.260s, 100.00%)
Training throughput: 1 batches in 0.259s; word units 100.0% of 8 words (letters-only 100.0% of 8).
Train Loss: output=0.0135, reconstruction=0.0819
Epoch [252/400]
batch = 0 (Δ=0.263s, 100.00%)
Training throughput: 1 batches in 0.263s; word units 100.0% of 8 words (letters-only 100.0% of 8).
Train Loss: output=0.0214, reconstruction=0.0829
Epoch [253/400]
batch = 0 (Δ=0.257s, 100.00%)
Training throughput: 1 batches in 0.257s; word units 100.0% of 8 words (letters-only 100.0% of 8).
Train Loss: output=0.0156, reconstruction=0.0842
Epoch [254/400]
batch = 0 (Δ=0.259s, 100.00%)
Training throughput: 1 batches in 0.258s; word units 100.0% of 8 words (letters-only 100.0% of 8).
Train Loss: output=0.0225, reconstruction=0.0854
Epoch [255/400]
batch = 0 (Δ=0.256s, 100.00%)
Training throughput: 1 batches in 0.256s; word units 100.0% of 8 words (letters-only 100.0% of 8).
Train Loss: output=0.0184, reconstruction=0.0864
Epoch [256/400]
batch = 0 (Δ=0.264s, 100.00%)
Training throughput: 1 batches in 0.264s; word units 100.0% of 8 words (letters-only 100.0% of 8).
Train Loss: output=0.0264, reconstruction=0.0872
Epoch [257/400]
batch = 0 (Δ=0.254s, 100.00%)
Training throughput: 1 batches in 0.253s; word units 100.0% of 8 words (letters-only 100.0% of 8).
Train Loss: output=0.0247, reconstruction=0.0878
Epoch [258/400]
batch = 0 (Δ=0.259s, 100.00%)
Training throughput: 1 batches in 0.259s; word units 100.0% of 8 words (letters-only 100.0% of 8).
Train Loss: output=0.0286, reconstruction=0.0886
Epoch [259/400]
batch = 0 (Δ=0.256s, 100.00%)
Training throughput: 1 batches in 0.255s; word units 100.0% of 8 words (letters-only 100.0% of 8).
Train Loss: output=0.0277, reconstruction=0.0894
Epoch [260/400]
batch = 0 (Δ=0.263s, 100.00%)
Training throughput: 1 batches in 0.263s; word units 100.0% of 8 words (letters-only 100.0% of 8).
Train Loss: output=0.0267, reconstruction=0.0902
Epoch [261/400]
batch = 0 (Δ=0.257s, 100.00%)
Training throughput: 1 batches in 0.256s; word units 100.0% of 8 words (letters-only 100.0% of 8).
Train Loss: output=0.0272, reconstruction=0.0911
Epoch [262/400]
batch = 0 (Δ=0.260s, 100.00%)
Training throughput: 1 batches in 0.259s; word units 100.0% of 8 words (letters-only 100.0% of 8).
Train Loss: output=0.0274, reconstruction=0.0918
Epoch [263/400]
batch = 0 (Δ=0.256s, 100.00%)
Training throughput: 1 batches in 0.255s; word units 100.0% of 8 words (letters-only 100.0% of 8).
Train Loss: output=0.0252, reconstruction=0.0924
Epoch [264/400]
batch = 0 (Δ=0.255s, 100.00%)
Training throughput: 1 batches in 0.255s; word units 100.0% of 8 words (letters-only 100.0% of 8).
Train Loss: output=0.0267, reconstruction=0.0929
Epoch [265/400]
batch = 0 (Δ=0.264s, 100.00%)
Training throughput: 1 batches in 0.264s; word units 100.0% of 8 words (letters-only 100.0% of 8).
Train Loss: output=0.0255, reconstruction=0.0933
Epoch [266/400]
batch = 0 (Δ=0.258s, 100.00%)
Training throughput: 1 batches in 0.257s; word units 100.0% of 8 words (letters-only 100.0% of 8).
Train Loss: output=0.0262, reconstruction=0.0936
Epoch [267/400]
batch = 0 (Δ=0.263s, 100.00%)
Training throughput: 1 batches in 0.262s; word units 100.0% of 8 words (letters-only 100.0% of 8).
Train Loss: output=0.0147, reconstruction=0.0941
Epoch [268/400]
batch = 0 (Δ=0.259s, 100.00%)
Training throughput: 1 batches in 0.258s; word units 100.0% of 8 words (letters-only 100.0% of 8).
Train Loss: output=0.0233, reconstruction=0.0945
Epoch [269/400]
batch = 0 (Δ=0.263s, 100.00%)
Training throughput: 1 batches in 0.262s; word units 100.0% of 8 words (letters-only 100.0% of 8).
Train Loss: output=0.0225, reconstruction=0.0949
Epoch [270/400]
batch = 0 (Δ=0.258s, 100.00%)
Training throughput: 1 batches in 0.257s; word units 100.0% of 8 words (letters-only 100.0% of 8).
Train Loss: output=0.0279, reconstruction=0.0953
Epoch [271/400]
batch = 0 (Δ=0.260s, 100.00%)
Training throughput: 1 batches in 0.260s; word units 100.0% of 8 words (letters-only 100.0% of 8).
Train Loss: output=0.0276, reconstruction=0.0958
Epoch [272/400]
batch = 0 (Δ=0.259s, 100.00%)
Training throughput: 1 batches in 0.258s; word units 100.0% of 8 words (letters-only 100.0% of 8).
Train Loss: output=0.0182, reconstruction=0.0961
Epoch [273/400]
batch = 0 (Δ=0.268s, 100.00%)
Training throughput: 1 batches in 0.268s; word units 100.0% of 8 words (letters-only 100.0% of 8).
Train Loss: output=0.0292, reconstruction=0.0965
Epoch [274/400]
batch = 0 (Δ=0.259s, 100.00%)
Training throughput: 1 batches in 0.258s; word units 100.0% of 8 words (letters-only 100.0% of 8).
Train Loss: output=0.0274, reconstruction=0.0968
Epoch [275/400]
batch = 0 (Δ=0.258s, 100.00%)
Training throughput: 1 batches in 0.257s; word units 100.0% of 8 words (letters-only 100.0% of 8).
Train Loss: output=0.0260, reconstruction=0.0972
Epoch [276/400]
batch = 0 (Δ=0.254s, 100.00%)
Training throughput: 1 batches in 0.253s; word units 100.0% of 8 words (letters-only 100.0% of 8).
Train Loss: output=0.0253, reconstruction=0.0976
Epoch [277/400]
batch = 0 (Δ=0.266s, 100.00%)
Training throughput: 1 batches in 0.266s; word units 100.0% of 8 words (letters-only 100.0% of 8).
Train Loss: output=0.0213, reconstruction=0.0981
Epoch [278/400]
batch = 0 (Δ=0.260s, 100.00%)
Training throughput: 1 batches in 0.259s; word units 100.0% of 8 words (letters-only 100.0% of 8).
Train Loss: output=0.0259, reconstruction=0.0986
Epoch [279/400]
batch = 0 (Δ=0.262s, 100.00%)
Training throughput: 1 batches in 0.261s; word units 100.0% of 8 words (letters-only 100.0% of 8).
Train Loss: output=0.0270, reconstruction=0.0990
Epoch [280/400]
batch = 0 (Δ=0.256s, 100.00%)
Training throughput: 1 batches in 0.255s; word units 100.0% of 8 words (letters-only 100.0% of 8).
Train Loss: output=0.0230, reconstruction=0.0994
Epoch [281/400]
batch = 0 (Δ=0.266s, 100.00%)
Training throughput: 1 batches in 0.266s; word units 100.0% of 8 words (letters-only 100.0% of 8).
Train Loss: output=0.0287, reconstruction=0.0998
Epoch [282/400]
batch = 0 (Δ=0.257s, 100.00%)
Training throughput: 1 batches in 0.256s; word units 100.0% of 8 words (letters-only 100.0% of 8).
Train Loss: output=0.0302, reconstruction=0.1001
Epoch [283/400]
batch = 0 (Δ=0.298s, 100.00%)
Training throughput: 1 batches in 0.297s; word units 100.0% of 8 words (letters-only 100.0% of 8).
Train Loss: output=0.0312, reconstruction=0.1004
Epoch [284/400]
batch = 0 (Δ=0.256s, 100.00%)
Training throughput: 1 batches in 0.255s; word units 100.0% of 8 words (letters-only 100.0% of 8).
Train Loss: output=0.0324, reconstruction=0.1007
Epoch [285/400]
batch = 0 (Δ=0.262s, 100.00%)
Training throughput: 1 batches in 0.261s; word units 100.0% of 8 words (letters-only 100.0% of 8).
Train Loss: output=0.0343, reconstruction=0.1015
Epoch [286/400]
batch = 0 (Δ=0.258s, 100.00%)
Training throughput: 1 batches in 0.257s; word units 100.0% of 8 words (letters-only 100.0% of 8).
Train Loss: output=0.0297, reconstruction=0.1025
Epoch [287/400]
batch = 0 (Δ=0.257s, 100.00%)
Training throughput: 1 batches in 0.256s; word units 100.0% of 8 words (letters-only 100.0% of 8).
Train Loss: output=0.0378, reconstruction=0.1033
Epoch [288/400]
batch = 0 (Δ=0.260s, 100.00%)
Training throughput: 1 batches in 0.260s; word units 100.0% of 8 words (letters-only 100.0% of 8).
Train Loss: output=0.0376, reconstruction=0.1041
Epoch [289/400]
batch = 0 (Δ=0.255s, 100.00%)
Training throughput: 1 batches in 0.255s; word units 100.0% of 8 words (letters-only 100.0% of 8).
Train Loss: output=0.0387, reconstruction=0.1047
Epoch [290/400]
batch = 0 (Δ=0.264s, 100.00%)
Training throughput: 1 batches in 0.263s; word units 100.0% of 8 words (letters-only 100.0% of 8).
Train Loss: output=0.0392, reconstruction=0.1052
Epoch [291/400]
batch = 0 (Δ=0.258s, 100.00%)
Training throughput: 1 batches in 0.258s; word units 100.0% of 8 words (letters-only 100.0% of 8).
Train Loss: output=0.0330, reconstruction=0.1049
Epoch [292/400]
batch = 0 (Δ=0.260s, 100.00%)
Training throughput: 1 batches in 0.259s; word units 100.0% of 8 words (letters-only 100.0% of 8).
Train Loss: output=0.0397, reconstruction=0.1037
Epoch [293/400]
batch = 0 (Δ=0.257s, 100.00%)
Training throughput: 1 batches in 0.257s; word units 100.0% of 8 words (letters-only 100.0% of 8).
Train Loss: output=0.0397, reconstruction=0.1026
Epoch [294/400]
batch = 0 (Δ=0.264s, 100.00%)
Training throughput: 1 batches in 0.263s; word units 100.0% of 8 words (letters-only 100.0% of 8).
Train Loss: output=0.0399, reconstruction=0.1010
Epoch [295/400]
batch = 0 (Δ=0.254s, 100.00%)
Training throughput: 1 batches in 0.254s; word units 100.0% of 8 words (letters-only 100.0% of 8).
Train Loss: output=0.0408, reconstruction=0.0990
Epoch [296/400]
batch = 0 (Δ=0.263s, 100.00%)
Training throughput: 1 batches in 0.263s; word units 100.0% of 8 words (letters-only 100.0% of 8).
Train Loss: output=0.0418, reconstruction=0.0967
Epoch [297/400]
batch = 0 (Δ=0.254s, 100.00%)
Training throughput: 1 batches in 0.253s; word units 100.0% of 8 words (letters-only 100.0% of 8).
Train Loss: output=0.0357, reconstruction=0.0941
Epoch [298/400]
batch = 0 (Δ=0.303s, 100.00%)
Training throughput: 1 batches in 0.302s; word units 100.0% of 8 words (letters-only 100.0% of 8).
Train Loss: output=0.0431, reconstruction=0.0906
Epoch [299/400]
batch = 0 (Δ=0.258s, 100.00%)
Training throughput: 1 batches in 0.258s; word units 100.0% of 8 words (letters-only 100.0% of 8).
Train Loss: output=0.0367, reconstruction=0.0862
Epoch [300/400]
batch = 0 (Δ=0.264s, 100.00%)
Training throughput: 1 batches in 0.263s; word units 100.0% of 8 words (letters-only 100.0% of 8).
Train Loss: output=0.0375, reconstruction=0.0820
Epoch [301/400]
batch = 0 (Δ=0.257s, 100.00%)
Training throughput: 1 batches in 0.257s; word units 100.0% of 8 words (letters-only 100.0% of 8).
Train Loss: output=0.0452, reconstruction=0.0788
Epoch [302/400]
batch = 0 (Δ=0.284s, 100.00%)
Training throughput: 1 batches in 0.285s; word units 100.0% of 8 words (letters-only 100.0% of 8).
Train Loss: output=0.0393, reconstruction=0.0762
Epoch [303/400]
batch = 0 (Δ=0.273s, 100.00%)
Training throughput: 1 batches in 0.271s; word units 100.0% of 8 words (letters-only 100.0% of 8).
Train Loss: output=0.0465, reconstruction=0.0740
Epoch [304/400]
batch = 0 (Δ=0.268s, 100.00%)
Training throughput: 1 batches in 0.267s; word units 100.0% of 8 words (letters-only 100.0% of 8).
Train Loss: output=0.0391, reconstruction=0.0706
Epoch [305/400]
batch = 0 (Δ=0.259s, 100.00%)
Training throughput: 1 batches in 0.258s; word units 100.0% of 8 words (letters-only 100.0% of 8).
Train Loss: output=0.0479, reconstruction=0.0664
Epoch [306/400]
batch = 0 (Δ=0.297s, 100.00%)
Training throughput: 1 batches in 0.297s; word units 100.0% of 8 words (letters-only 100.0% of 8).
Train Loss: output=0.0412, reconstruction=0.0631
Epoch [307/400]
batch = 0 (Δ=0.261s, 100.00%)
Training throughput: 1 batches in 0.260s; word units 100.0% of 8 words (letters-only 100.0% of 8).
Train Loss: output=0.0421, reconstruction=0.0606
Epoch [308/400]
batch = 0 (Δ=0.260s, 100.00%)
Training throughput: 1 batches in 0.259s; word units 100.0% of 8 words (letters-only 100.0% of 8).
Train Loss: output=0.0513, reconstruction=0.0589
Epoch [309/400]
batch = 0 (Δ=0.259s, 100.00%)
Training throughput: 1 batches in 0.258s; word units 100.0% of 8 words (letters-only 100.0% of 8).
Train Loss: output=0.0517, reconstruction=0.0567
Epoch [310/400]
batch = 0 (Δ=0.264s, 100.00%)
Training throughput: 1 batches in 0.263s; word units 100.0% of 8 words (letters-only 100.0% of 8).
Train Loss: output=0.0514, reconstruction=0.0530
Epoch [311/400]
batch = 0 (Δ=0.256s, 100.00%)
Training throughput: 1 batches in 0.255s; word units 100.0% of 8 words (letters-only 100.0% of 8).
Train Loss: output=0.0507, reconstruction=0.0486
Epoch [312/400]
batch = 0 (Δ=0.261s, 100.00%)
Training throughput: 1 batches in 0.261s; word units 100.0% of 8 words (letters-only 100.0% of 8).
Train Loss: output=0.0507, reconstruction=0.0440
Epoch [313/400]
batch = 0 (Δ=0.255s, 100.00%)
Training throughput: 1 batches in 0.255s; word units 100.0% of 8 words (letters-only 100.0% of 8).
Train Loss: output=0.0507, reconstruction=0.0401
Epoch [314/400]
batch = 0 (Δ=0.266s, 100.00%)
Training throughput: 1 batches in 0.265s; word units 100.0% of 8 words (letters-only 100.0% of 8).
Train Loss: output=0.0351, reconstruction=0.0369
Epoch [315/400]
batch = 0 (Δ=0.260s, 100.00%)
Training throughput: 1 batches in 0.260s; word units 100.0% of 8 words (letters-only 100.0% of 8).
Train Loss: output=0.0351, reconstruction=0.0337
Epoch [316/400]
batch = 0 (Δ=0.268s, 100.00%)
Training throughput: 1 batches in 0.267s; word units 100.0% of 8 words (letters-only 100.0% of 8).
Train Loss: output=0.0510, reconstruction=0.0307
Epoch [317/400]
batch = 0 (Δ=0.256s, 100.00%)
Training throughput: 1 batches in 0.256s; word units 100.0% of 8 words (letters-only 100.0% of 8).
Train Loss: output=0.0505, reconstruction=0.0280
Epoch [318/400]
batch = 0 (Δ=0.266s, 100.00%)
Training throughput: 1 batches in 0.265s; word units 100.0% of 8 words (letters-only 100.0% of 8).
Train Loss: output=0.0502, reconstruction=0.0256
Epoch [319/400]
batch = 0 (Δ=0.253s, 100.00%)
Training throughput: 1 batches in 0.253s; word units 100.0% of 8 words (letters-only 100.0% of 8).
Train Loss: output=0.0499, reconstruction=0.0234
Epoch [320/400]
batch = 0 (Δ=0.255s, 100.00%)
Training throughput: 1 batches in 0.255s; word units 100.0% of 8 words (letters-only 100.0% of 8).
Train Loss: output=0.0499, reconstruction=0.0219
Epoch [321/400]
batch = 0 (Δ=0.258s, 100.00%)
Training throughput: 1 batches in 0.258s; word units 100.0% of 8 words (letters-only 100.0% of 8).
Train Loss: output=0.0388, reconstruction=0.0207
Epoch [322/400]
batch = 0 (Δ=0.265s, 100.00%)
Training throughput: 1 batches in 0.265s; word units 100.0% of 8 words (letters-only 100.0% of 8).
Train Loss: output=0.0396, reconstruction=0.0199
Epoch [323/400]
batch = 0 (Δ=0.259s, 100.00%)
Training throughput: 1 batches in 0.258s; word units 100.0% of 8 words (letters-only 100.0% of 8).
Train Loss: output=0.0347, reconstruction=0.0194
Epoch [324/400]
batch = 0 (Δ=0.257s, 100.00%)
Training throughput: 1 batches in 0.257s; word units 100.0% of 8 words (letters-only 100.0% of 8).
Train Loss: output=0.0507, reconstruction=0.0188
Epoch [325/400]
batch = 0 (Δ=0.263s, 100.00%)
Training throughput: 1 batches in 0.262s; word units 100.0% of 8 words (letters-only 100.0% of 8).
Train Loss: output=0.0510, reconstruction=0.0182
Epoch [326/400]
batch = 0 (Δ=0.251s, 100.00%)
Training throughput: 1 batches in 0.250s; word units 100.0% of 8 words (letters-only 100.0% of 8).
Train Loss: output=0.0507, reconstruction=0.0178
Epoch [327/400]
batch = 0 (Δ=0.262s, 100.00%)
Training throughput: 1 batches in 0.261s; word units 100.0% of 8 words (letters-only 100.0% of 8).
Train Loss: output=0.0502, reconstruction=0.0176
Epoch [328/400]
batch = 0 (Δ=0.256s, 100.00%)
Training throughput: 1 batches in 0.256s; word units 100.0% of 8 words (letters-only 100.0% of 8).
Train Loss: output=0.0497, reconstruction=0.0176
Epoch [329/400]
batch = 0 (Δ=0.265s, 100.00%)
Training throughput: 1 batches in 0.264s; word units 100.0% of 8 words (letters-only 100.0% of 8).
Train Loss: output=0.0492, reconstruction=0.0176
Epoch [330/400]
batch = 0 (Δ=0.253s, 100.00%)
Training throughput: 1 batches in 0.252s; word units 100.0% of 8 words (letters-only 100.0% of 8).
Train Loss: output=0.0493, reconstruction=0.0171
Epoch [331/400]
batch = 0 (Δ=0.262s, 100.00%)
Training throughput: 1 batches in 0.261s; word units 100.0% of 8 words (letters-only 100.0% of 8).
Train Loss: output=0.0497, reconstruction=0.0167
Epoch [332/400]
batch = 0 (Δ=0.257s, 100.00%)
Training throughput: 1 batches in 0.257s; word units 100.0% of 8 words (letters-only 100.0% of 8).
Train Loss: output=0.0398, reconstruction=0.0164
Epoch [333/400]
batch = 0 (Δ=0.257s, 100.00%)
Training throughput: 1 batches in 0.256s; word units 100.0% of 8 words (letters-only 100.0% of 8).
Train Loss: output=0.0503, reconstruction=0.0163
Epoch [334/400]
batch = 0 (Δ=0.617s, 100.00%)
Training throughput: 1 batches in 0.617s; word units 100.0% of 8 words (letters-only 100.0% of 8).
Train Loss: output=0.0361, reconstruction=0.0164
Epoch [335/400]
batch = 0 (Δ=0.260s, 100.00%)
Training throughput: 1 batches in 0.259s; word units 100.0% of 8 words (letters-only 100.0% of 8).
Train Loss: output=0.0509, reconstruction=0.0164
Epoch [336/400]
batch = 0 (Δ=0.260s, 100.00%)
Training throughput: 1 batches in 0.260s; word units 100.0% of 8 words (letters-only 100.0% of 8).
Train Loss: output=0.0503, reconstruction=0.0164
Epoch [337/400]
batch = 0 (Δ=0.255s, 100.00%)
Training throughput: 1 batches in 0.254s; word units 100.0% of 8 words (letters-only 100.0% of 8).
Train Loss: output=0.0333, reconstruction=0.0165
Epoch [338/400]
batch = 0 (Δ=0.264s, 100.00%)
Training throughput: 1 batches in 0.263s; word units 100.0% of 8 words (letters-only 100.0% of 8).
Train Loss: output=0.0507, reconstruction=0.0165
Epoch [339/400]
batch = 0 (Δ=0.255s, 100.00%)
Training throughput: 1 batches in 0.254s; word units 100.0% of 8 words (letters-only 100.0% of 8).
Train Loss: output=0.0512, reconstruction=0.0162
Epoch [340/400]
batch = 0 (Δ=0.259s, 100.00%)
Training throughput: 1 batches in 0.259s; word units 100.0% of 8 words (letters-only 100.0% of 8).
Train Loss: output=0.0514, reconstruction=0.0156
Epoch [341/400]
batch = 0 (Δ=0.253s, 100.00%)
Training throughput: 1 batches in 0.253s; word units 100.0% of 8 words (letters-only 100.0% of 8).
Train Loss: output=0.0520, reconstruction=0.0149
Epoch [342/400]
batch = 0 (Δ=0.257s, 100.00%)
Training throughput: 1 batches in 0.256s; word units 100.0% of 8 words (letters-only 100.0% of 8).
Train Loss: output=0.0529, reconstruction=0.0141
Epoch [343/400]
batch = 0 (Δ=0.253s, 100.00%)
Training throughput: 1 batches in 0.252s; word units 100.0% of 8 words (letters-only 100.0% of 8).
Train Loss: output=0.0540, reconstruction=0.0134
Epoch [344/400]
batch = 0 (Δ=0.257s, 100.00%)
Training throughput: 1 batches in 0.257s; word units 100.0% of 8 words (letters-only 100.0% of 8).
Train Loss: output=0.0548, reconstruction=0.0129
Epoch [345/400]
batch = 0 (Δ=0.261s, 100.00%)
Training throughput: 1 batches in 0.261s; word units 100.0% of 8 words (letters-only 100.0% of 8).
Train Loss: output=0.0553, reconstruction=0.0127
Epoch [346/400]
batch = 0 (Δ=0.264s, 100.00%)
Training throughput: 1 batches in 0.264s; word units 100.0% of 8 words (letters-only 100.0% of 8).
Train Loss: output=0.0555, reconstruction=0.0125
Epoch [347/400]
batch = 0 (Δ=0.257s, 100.00%)
Training throughput: 1 batches in 0.256s; word units 100.0% of 8 words (letters-only 100.0% of 8).
Train Loss: output=0.0554, reconstruction=0.0124
Epoch [348/400]
batch = 0 (Δ=0.256s, 100.00%)
Training throughput: 1 batches in 0.256s; word units 100.0% of 8 words (letters-only 100.0% of 8).
Train Loss: output=0.0441, reconstruction=0.0123
Epoch [349/400]
batch = 0 (Δ=0.258s, 100.00%)
Training throughput: 1 batches in 0.257s; word units 100.0% of 8 words (letters-only 100.0% of 8).
Train Loss: output=0.0543, reconstruction=0.0120
Epoch [350/400]
batch = 0 (Δ=0.259s, 100.00%)
Training throughput: 1 batches in 0.260s; word units 100.0% of 8 words (letters-only 100.0% of 8).
Train Loss: output=0.0534, reconstruction=0.0115
Epoch [351/400]
batch = 0 (Δ=0.259s, 100.00%)
Training throughput: 1 batches in 0.258s; word units 100.0% of 8 words (letters-only 100.0% of 8).
Train Loss: output=0.0506, reconstruction=0.0110
Epoch [352/400]
batch = 0 (Δ=0.258s, 100.00%)
Training throughput: 1 batches in 0.257s; word units 100.0% of 8 words (letters-only 100.0% of 8).
Train Loss: output=0.0489, reconstruction=0.0106
Epoch [353/400]
batch = 0 (Δ=0.257s, 100.00%)
Training throughput: 1 batches in 0.257s; word units 100.0% of 8 words (letters-only 100.0% of 8).
Train Loss: output=0.0498, reconstruction=0.0104
Epoch [354/400]
batch = 0 (Δ=0.252s, 100.00%)
Training throughput: 1 batches in 0.251s; word units 100.0% of 8 words (letters-only 100.0% of 8).
Train Loss: output=0.0491, reconstruction=0.0104
Epoch [355/400]
batch = 0 (Δ=0.263s, 100.00%)
Training throughput: 1 batches in 0.263s; word units 100.0% of 8 words (letters-only 100.0% of 8).
Train Loss: output=0.0489, reconstruction=0.0105
Epoch [356/400]
batch = 0 (Δ=0.255s, 100.00%)
Training throughput: 1 batches in 0.254s; word units 100.0% of 8 words (letters-only 100.0% of 8).
Train Loss: output=0.0486, reconstruction=0.0106
Epoch [357/400]
batch = 0 (Δ=0.256s, 100.00%)
Training throughput: 1 batches in 0.256s; word units 100.0% of 8 words (letters-only 100.0% of 8).
Train Loss: output=0.0441, reconstruction=0.0108
Epoch [358/400]
batch = 0 (Δ=0.255s, 100.00%)
Training throughput: 1 batches in 0.255s; word units 100.0% of 8 words (letters-only 100.0% of 8).
Train Loss: output=0.0481, reconstruction=0.0111
Epoch [359/400]
batch = 0 (Δ=0.266s, 100.00%)
Training throughput: 1 batches in 0.266s; word units 100.0% of 8 words (letters-only 100.0% of 8).
Train Loss: output=0.0486, reconstruction=0.0115
Epoch [360/400]
batch = 0 (Δ=0.256s, 100.00%)
Training throughput: 1 batches in 0.255s; word units 100.0% of 8 words (letters-only 100.0% of 8).
Train Loss: output=0.0489, reconstruction=0.0118
Epoch [361/400]
batch = 0 (Δ=0.260s, 100.00%)
Training throughput: 1 batches in 0.259s; word units 100.0% of 8 words (letters-only 100.0% of 8).
Train Loss: output=0.0486, reconstruction=0.0119
Epoch [362/400]
batch = 0 (Δ=0.251s, 100.00%)
Training throughput: 1 batches in 0.250s; word units 100.0% of 8 words (letters-only 100.0% of 8).
Train Loss: output=0.0485, reconstruction=0.0117
Epoch [363/400]
batch = 0 (Δ=0.262s, 100.00%)
Training throughput: 1 batches in 0.261s; word units 100.0% of 8 words (letters-only 100.0% of 8).
Train Loss: output=0.0483, reconstruction=0.0115
Epoch [364/400]
batch = 0 (Δ=0.257s, 100.00%)
Training throughput: 1 batches in 0.257s; word units 100.0% of 8 words (letters-only 100.0% of 8).
Train Loss: output=0.0482, reconstruction=0.0115
Epoch [365/400]
batch = 0 (Δ=0.256s, 100.00%)
Training throughput: 1 batches in 0.256s; word units 100.0% of 8 words (letters-only 100.0% of 8).
Train Loss: output=0.0481, reconstruction=0.0116
Epoch [366/400]
batch = 0 (Δ=0.262s, 100.00%)
Training throughput: 1 batches in 0.261s; word units 100.0% of 8 words (letters-only 100.0% of 8).
Train Loss: output=0.0481, reconstruction=0.0115
Epoch [367/400]
batch = 0 (Δ=0.262s, 100.00%)
Training throughput: 1 batches in 0.262s; word units 100.0% of 8 words (letters-only 100.0% of 8).
Train Loss: output=0.0480, reconstruction=0.0115
Epoch [368/400]
batch = 0 (Δ=0.257s, 100.00%)
Training throughput: 1 batches in 0.256s; word units 100.0% of 8 words (letters-only 100.0% of 8).
Train Loss: output=0.0477, reconstruction=0.0113
Epoch [369/400]
batch = 0 (Δ=0.255s, 100.00%)
Training throughput: 1 batches in 0.255s; word units 100.0% of 8 words (letters-only 100.0% of 8).
Train Loss: output=0.0449, reconstruction=0.0111
Epoch [370/400]
batch = 0 (Δ=0.256s, 100.00%)
Training throughput: 1 batches in 0.255s; word units 100.0% of 8 words (letters-only 100.0% of 8).
Train Loss: output=0.0446, reconstruction=0.0110
Epoch [371/400]
batch = 0 (Δ=0.252s, 100.00%)
Training throughput: 1 batches in 0.252s; word units 100.0% of 8 words (letters-only 100.0% of 8).
Train Loss: output=0.0323, reconstruction=0.0111
Epoch [372/400]
batch = 0 (Δ=0.259s, 100.00%)
Training throughput: 1 batches in 0.258s; word units 100.0% of 8 words (letters-only 100.0% of 8).
Train Loss: output=0.0466, reconstruction=0.0112
Epoch [373/400]
batch = 0 (Δ=0.254s, 100.00%)
Training throughput: 1 batches in 0.253s; word units 100.0% of 8 words (letters-only 100.0% of 8).
Train Loss: output=0.0466, reconstruction=0.0114
Epoch [374/400]
batch = 0 (Δ=0.260s, 100.00%)
Training throughput: 1 batches in 0.259s; word units 100.0% of 8 words (letters-only 100.0% of 8).
Train Loss: output=0.0467, reconstruction=0.0117
Epoch [375/400]
batch = 0 (Δ=0.253s, 100.00%)
Training throughput: 1 batches in 0.252s; word units 100.0% of 8 words (letters-only 100.0% of 8).
Train Loss: output=0.0339, reconstruction=0.0119
Epoch [376/400]
batch = 0 (Δ=0.263s, 100.00%)
Training throughput: 1 batches in 0.262s; word units 100.0% of 8 words (letters-only 100.0% of 8).
Train Loss: output=0.0470, reconstruction=0.0120
Epoch [377/400]
batch = 0 (Δ=0.255s, 100.00%)
Training throughput: 1 batches in 0.255s; word units 100.0% of 8 words (letters-only 100.0% of 8).
Train Loss: output=0.0471, reconstruction=0.0122
Epoch [378/400]
batch = 0 (Δ=0.257s, 100.00%)
Training throughput: 1 batches in 0.257s; word units 100.0% of 8 words (letters-only 100.0% of 8).
Train Loss: output=0.0468, reconstruction=0.0127
Epoch [379/400]
batch = 0 (Δ=0.262s, 100.00%)
Training throughput: 1 batches in 0.262s; word units 100.0% of 8 words (letters-only 100.0% of 8).
Train Loss: output=0.0470, reconstruction=0.0131
Epoch [380/400]
batch = 0 (Δ=0.263s, 100.00%)
Training throughput: 1 batches in 0.262s; word units 100.0% of 8 words (letters-only 100.0% of 8).
Train Loss: output=0.0476, reconstruction=0.0134
Epoch [381/400]
batch = 0 (Δ=0.257s, 100.00%)
Training throughput: 1 batches in 0.256s; word units 100.0% of 8 words (letters-only 100.0% of 8).
Train Loss: output=0.0484, reconstruction=0.0135
Epoch [382/400]
batch = 0 (Δ=0.259s, 100.00%)
Training throughput: 1 batches in 0.258s; word units 100.0% of 8 words (letters-only 100.0% of 8).
Train Loss: output=0.0360, reconstruction=0.0136
Epoch [383/400]
batch = 0 (Δ=0.257s, 100.00%)
Training throughput: 1 batches in 0.257s; word units 100.0% of 8 words (letters-only 100.0% of 8).
Train Loss: output=0.0491, reconstruction=0.0139
Epoch [384/400]
batch = 0 (Δ=0.269s, 100.00%)
Training throughput: 1 batches in 0.268s; word units 100.0% of 8 words (letters-only 100.0% of 8).
Train Loss: output=0.0492, reconstruction=0.0141
Epoch [385/400]
batch = 0 (Δ=0.255s, 100.00%)
Training throughput: 1 batches in 0.255s; word units 100.0% of 8 words (letters-only 100.0% of 8).
Train Loss: output=0.0370, reconstruction=0.0142
Epoch [386/400]
batch = 0 (Δ=0.305s, 100.00%)
Training throughput: 1 batches in 0.305s; word units 100.0% of 8 words (letters-only 100.0% of 8).
Train Loss: output=0.0486, reconstruction=0.0144
Epoch [387/400]
batch = 0 (Δ=0.255s, 100.00%)
Training throughput: 1 batches in 0.255s; word units 100.0% of 8 words (letters-only 100.0% of 8).
Train Loss: output=0.0482, reconstruction=0.0145
Epoch [388/400]
batch = 0 (Δ=0.262s, 100.00%)
Training throughput: 1 batches in 0.261s; word units 100.0% of 8 words (letters-only 100.0% of 8).
Train Loss: output=0.0483, reconstruction=0.0145
Epoch [389/400]
batch = 0 (Δ=0.260s, 100.00%)
Training throughput: 1 batches in 0.259s; word units 100.0% of 8 words (letters-only 100.0% of 8).
Train Loss: output=0.0489, reconstruction=0.0142
Epoch [390/400]
batch = 0 (Δ=0.255s, 100.00%)
Training throughput: 1 batches in 0.255s; word units 100.0% of 8 words (letters-only 100.0% of 8).
Train Loss: output=0.0495, reconstruction=0.0137
Epoch [391/400]
batch = 0 (Δ=0.260s, 100.00%)
Training throughput: 1 batches in 0.259s; word units 100.0% of 8 words (letters-only 100.0% of 8).
Train Loss: output=0.0500, reconstruction=0.0132
Epoch [392/400]
batch = 0 (Δ=0.257s, 100.00%)
Training throughput: 1 batches in 0.257s; word units 100.0% of 8 words (letters-only 100.0% of 8).
Train Loss: output=0.0498, reconstruction=0.0128
Epoch [393/400]
batch = 0 (Δ=0.256s, 100.00%)
Training throughput: 1 batches in 0.256s; word units 100.0% of 8 words (letters-only 100.0% of 8).
Train Loss: output=0.0498, reconstruction=0.0122
Epoch [394/400]
batch = 0 (Δ=0.256s, 100.00%)
Training throughput: 1 batches in 0.255s; word units 100.0% of 8 words (letters-only 100.0% of 8).
Train Loss: output=0.0501, reconstruction=0.0117
Epoch [395/400]
batch = 0 (Δ=0.255s, 100.00%)
Training throughput: 1 batches in 0.254s; word units 100.0% of 8 words (letters-only 100.0% of 8).
Train Loss: output=0.0504, reconstruction=0.0115
Epoch [396/400]
batch = 0 (Δ=0.256s, 100.00%)
Training throughput: 1 batches in 0.256s; word units 100.0% of 8 words (letters-only 100.0% of 8).
Train Loss: output=0.0499, reconstruction=0.0112
Epoch [397/400]
batch = 0 (Δ=0.265s, 100.00%)
Training throughput: 1 batches in 0.265s; word units 100.0% of 8 words (letters-only 100.0% of 8).
Train Loss: output=0.0491, reconstruction=0.0107
Epoch [398/400]
batch = 0 (Δ=0.252s, 100.00%)
Training throughput: 1 batches in 0.251s; word units 100.0% of 8 words (letters-only 100.0% of 8).
Train Loss: output=0.0483, reconstruction=0.0104
Epoch [399/400]
batch = 0 (Δ=0.258s, 100.00%)
Training throughput: 1 batches in 0.258s; word units 100.0% of 8 words (letters-only 100.0% of 8).
Train Loss: output=0.0475, reconstruction=0.0102
Epoch [400/400]
batch = 0 (Δ=0.253s, 100.00%)
Training throughput: 1 batches in 0.252s; word units 100.0% of 8 words (letters-only 100.0% of 8).
Train Loss: output=0.0475, reconstruction=0.0100
Final Stats:
=== Selected operation grammar ===
batch = 0 (Δ=25.828s, 100.00%)
Training throughput: 1 batches in 25.770s; word units 100.0% of 8 words (letters-only 100.0% of 8).
=== Input Reconstruction (test) ===
  row[0] input='hello world' -> reconstructed='hello ' label=0.0000 predicted=0.2899 MISMATCH
  row[1] input='hello there' -> reconstructed='hello ' label=1.0000 predicted=0.7823 MISMATCH
  row[2] input='loving world' -> reconstructed='loving ' label=1.0000 predicted=0.7249 MISMATCH
  row[3] input='loving there' -> reconstructed='loving ' label=0.0000 predicted=0.2557 MISMATCH
------------------------------ Captured log call -------------------------------
DEBUG    torch.__trace:utils.py:2363 
DEBUG    torch.__trace:utils.py:2363 
DEBUG    torch.__trace:structured.py:28 
DEBUG    torch.__trace:structured.py:28 
DEBUG    torch.__trace:structured.py:28 
DEBUG    torch.__trace:structured.py:28 
DEBUG    torch.__trace:structured.py:28 
DEBUG    torch.__trace:structured.py:28 
DEBUG    torch.__trace:structured.py:28 
DEBUG    torch.__trace:structured.py:28 
DEBUG    torch.__trace:structured.py:28 
DEBUG    torch.__trace:structured.py:28 
DEBUG    torch.__trace:structured.py:28 
DEBUG    torch.__trace:structured.py:28 
DEBUG    torch.__trace:structured.py:28 
DEBUG    torch.__trace:structured.py:28 
DEBUG    torch.__trace:structured.py:28 
DEBUG    torch.__trace:convert_frame.py:304 
DEBUG    torch.__trace:utils.py:2363 
DEBUG    torch.__trace:utils.py:2363 
DEBUG    torch.__trace:meta_utils.py:298 
DEBUG    torch.__trace:meta_utils.py:537 
DEBUG    torch.__trace:meta_utils.py:2385 
DEBUG    torch.__trace:meta_utils.py:298 
DEBUG    torch.__trace:meta_utils.py:537 
DEBUG    torch.__trace:meta_utils.py:2385 
DEBUG    torch.__trace:meta_utils.py:298 
DEBUG    torch.__trace:meta_utils.py:537 
DEBUG    torch.__trace:meta_utils.py:2385 
DEBUG    torch.__trace:meta_utils.py:298 
DEBUG    torch.__trace:meta_utils.py:537 
DEBUG    torch.__trace:meta_utils.py:2385 
DEBUG    torch.__trace:meta_utils.py:298 
DEBUG    torch.__trace:meta_utils.py:537 
DEBUG    torch.__trace:meta_utils.py:2385 
DEBUG    torch.__trace:meta_utils.py:298 
DEBUG    torch.__trace:meta_utils.py:537 
DEBUG    torch.__trace:meta_utils.py:2385 
DEBUG    torch.__trace:meta_utils.py:298 
DEBUG    torch.__trace:meta_utils.py:537 
DEBUG    torch.__trace:meta_utils.py:2385 
DEBUG    torch.__trace:meta_utils.py:298 
DEBUG    torch.__trace:meta_utils.py:537 
DEBUG    torch.__trace:meta_utils.py:2385 
DEBUG    torch.__trace:meta_utils.py:298 
DEBUG    torch.__trace:meta_utils.py:537 
DEBUG    torch.__trace:meta_utils.py:2385 
DEBUG    torch.__trace:meta_utils.py:298 
DEBUG    torch.__trace:meta_utils.py:537 
DEBUG    torch.__trace:meta_utils.py:2385 
DEBUG    torch.__trace:structured.py:28 
DEBUG    torch.__trace:structured.py:28 
DEBUG    torch.__trace:structured.py:28 
DEBUG    torch.__trace:structured.py:28 
DEBUG    torch.__trace:structured.py:28 
DEBUG    torch.__trace:structured.py:28 
DEBUG    torch.__trace:structured.py:28 
DEBUG    torch.__trace:structured.py:28 
DEBUG    torch.__trace:structured.py:28 
DEBUG    torch.__trace:structured.py:28 
DEBUG    torch.__trace:structured.py:28 
DEBUG    torch.__trace:structured.py:28 
DEBUG    torch.__trace:symbolic_shapes.py:5971 
DEBUG    torch.__trace:meta_utils.py:298 
DEBUG    torch.__trace:meta_utils.py:537 
DEBUG    torch.__trace:meta_utils.py:2385 
DEBUG    torch.__trace:meta_utils.py:298 
DEBUG    torch.__trace:meta_utils.py:537 
DEBUG    torch.__trace:meta_utils.py:2385 
DEBUG    torch.__trace:meta_utils.py:298 
DEBUG    torch.__trace:meta_utils.py:537 
DEBUG    torch.__trace:meta_utils.py:2385 
DEBUG    torch.__trace:meta_utils.py:298 
DEBUG    torch.__trace:meta_utils.py:537 
DEBUG    torch.__trace:meta_utils.py:2385 
DEBUG    torch.__trace:meta_utils.py:298 
DEBUG    torch.__trace:meta_utils.py:537 
DEBUG    torch.__trace:meta_utils.py:2385 
DEBUG    torch.__trace:structured.py:28 
DEBUG    torch.__trace:structured.py:28 
DEBUG    torch.__trace:structured.py:28 
DEBUG    torch.__trace:symbolic_shapes.py:5971 
DEBUG    torch.__trace:meta_utils.py:298 
DEBUG    torch.__trace:meta_utils.py:537 
DEBUG    torch.__trace:meta_utils.py:2385 
DEBUG    torch.__trace:symbolic_shapes.py:5971 
DEBUG    torch.__trace:structured.py:28 
DEBUG    torch.__trace:structured.py:28 
DEBUG    torch.__trace:symbolic_shapes.py:8465 
DEBUG    torch.__trace:meta_utils.py:298 
DEBUG    torch.__trace:meta_utils.py:537 
DEBUG    torch.__trace:meta_utils.py:2385 
DEBUG    torch.__trace:meta_utils.py:298 
DEBUG    torch.__trace:meta_utils.py:537 
DEBUG    torch.__trace:meta_utils.py:2385 
DEBUG    torch.__trace:meta_utils.py:298 
DEBUG    torch.__trace:meta_utils.py:537 
DEBUG    torch.__trace:meta_utils.py:2385 
DEBUG    torch.__trace:meta_utils.py:298 
DEBUG    torch.__trace:meta_utils.py:537 
DEBUG    torch.__trace:meta_utils.py:2385 
DEBUG    torch.__trace:meta_utils.py:298 
DEBUG    torch.__trace:meta_utils.py:537 
DEBUG    torch.__trace:meta_utils.py:2385 
DEBUG    torch.__trace:meta_utils.py:298 
DEBUG    torch.__trace:meta_utils.py:537 
DEBUG    torch.__trace:meta_utils.py:2385 
DEBUG    torch.__trace:meta_utils.py:298 
DEBUG    torch.__trace:meta_utils.py:537 
DEBUG    torch.__trace:meta_utils.py:2385 
DEBUG    torch.__trace:meta_utils.py:298 
DEBUG    torch.__trace:meta_utils.py:537 
DEBUG    torch.__trace:meta_utils.py:2385 
DEBUG    torch.__trace:meta_utils.py:298 
DEBUG    torch.__trace:meta_utils.py:537 
DEBUG    torch.__trace:meta_utils.py:2385 
DEBUG    torch.__trace:structured.py:28 
DEBUG    torch.__trace:structured.py:28 
DEBUG    torch.__trace:structured.py:28 
DEBUG    torch.__trace:structured.py:28 
DEBUG    torch.__trace:symbolic_shapes.py:5521 
DEBUG    torch.__trace:structured.py:28 
DEBUG    torch.__trace:structured.py:28 
DEBUG    torch.__trace:structured.py:28 
DEBUG    torch.__trace:structured.py:28 
DEBUG    torch.__trace:structured.py:28 
DEBUG    torch.__trace:symbolic_shapes.py:8465 
DEBUG    torch.__trace:symbolic_shapes.py:8465 
DEBUG    torch.__trace:symbolic_shapes.py:5521 
DEBUG    torch.__trace:symbolic_shapes.py:8465 
DEBUG    torch.__trace:symbolic_shapes.py:8465 
DEBUG    torch.__trace:meta_utils.py:298 
DEBUG    torch.__trace:meta_utils.py:537 
DEBUG    torch.__trace:meta_utils.py:2385 
DEBUG    torch.__trace:utils.py:2363 
DEBUG    torch.__trace:utils.py:2363 
DEBUG    torch.__trace:utils.py:2363 
DEBUG    torch.__trace:output_graph.py:2942 
DEBUG    torch.__trace:utils.py:2363 
DEBUG    torch.__trace:utils.py:2363 
DEBUG    torch.__trace:utils.py:2363 
DEBUG    torch.__trace:structured.py:28 
DEBUG    torch.__trace:structured.py:28 
DEBUG    torch.__trace:structured.py:28 
DEBUG    torch.__trace:structured.py:28 
DEBUG    torch.__trace:structured.py:28 
DEBUG    torch.__trace:structured.py:28 
DEBUG    torch.__trace:structured.py:28 
DEBUG    torch.__trace:symbolic_shapes.py:5521 
DEBUG    torch.__trace:structured.py:28 
DEBUG    torch.__trace:symbolic_shapes.py:8465 
DEBUG    torch.__trace:symbolic_shapes.py:8465 
DEBUG    torch.__trace:symbolic_shapes.py:5521 
DEBUG    torch.__trace:symbolic_shapes.py:8465 
DEBUG    torch.__trace:symbolic_shapes.py:8465 
DEBUG    torch.__trace:utils.py:2363 
DEBUG    torch.__trace:utils.py:2363 
DEBUG    torch.__trace:structured.py:28 
DEBUG    torch.__trace:structured.py:28 
DEBUG    torch.__trace:structured.py:28 
DEBUG    torch.__trace:structured.py:28 
DEBUG    torch.__trace:symbolic_shapes.py:5521 
DEBUG    torch.__trace:structured.py:28 
DEBUG    torch.__trace:structured.py:28 
DEBUG    torch.__trace:symbolic_shapes.py:8465 
DEBUG    torch.__trace:symbolic_shapes.py:8465 
DEBUG    torch.__trace:symbolic_shapes.py:5521 
DEBUG    torch.__trace:symbolic_shapes.py:8465 
DEBUG    torch.__trace:symbolic_shapes.py:8465 
DEBUG    torch.__trace:structured.py:28 
DEBUG    torch.__trace:structured.py:28 
DEBUG    torch.__trace:structured.py:28 
DEBUG    torch.__trace:structured.py:28 
DEBUG    torch.__trace:structured.py:28 
DEBUG    torch.__trace:symbolic_shapes.py:5521 
DEBUG    torch.__trace:symbolic_shapes.py:5521 
DEBUG    torch.__trace:symbolic_shapes.py:5521 
DEBUG    torch.__trace:symbolic_shapes.py:5521 
DEBUG    torch.__trace:symbolic_shapes.py:5521 
DEBUG    torch.__trace:symbolic_shapes.py:5521 
DEBUG    torch.__trace:symbolic_shapes.py:5521 
DEBUG    torch.__trace:symbolic_shapes.py:5521 
DEBUG    torch.__trace:symbolic_shapes.py:5521 
DEBUG    torch.__trace:structured.py:28 
DEBUG    torch.__trace:structured.py:28 
DEBUG    torch.__trace:structured.py:28 
DEBUG    torch.__trace:symbolic_shapes.py:5521 
DEBUG    torch.__trace:symbolic_shapes.py:5521 
DEBUG    torch.__trace:symbolic_shapes.py:5521 
DEBUG    torch.__trace:symbolic_shapes.py:5521 
DEBUG    torch.__trace:symbolic_shapes.py:5521 
DEBUG    torch.__trace:symbolic_shapes.py:5521 
DEBUG    torch.__trace:symbolic_shapes.py:5521 
DEBUG    torch.__trace:symbolic_shapes.py:5521 
DEBUG    torch.__trace:symbolic_shapes.py:5521 
DEBUG    torch.__trace:structured.py:28 
DEBUG    torch.__trace:symbolic_shapes.py:5521 
DEBUG    torch.__trace:symbolic_shapes.py:5521 
DEBUG    torch.__trace:symbolic_shapes.py:5521 
DEBUG    torch.__trace:symbolic_shapes.py:5521 
DEBUG    torch.__trace:symbolic_shapes.py:5521 
DEBUG    torch.__trace:symbolic_shapes.py:5521 
DEBUG    torch.__trace:symbolic_shapes.py:5521 
DEBUG    torch.__trace:symbolic_shapes.py:5521 
DEBUG    torch.__trace:symbolic_shapes.py:5521 
DEBUG    torch.__trace:symbolic_shapes.py:5521 
DEBUG    torch.__trace:symbolic_shapes.py:5521 
DEBUG    torch.__trace:symbolic_shapes.py:5521 
DEBUG    torch.__trace:symbolic_shapes.py:5521 
DEBUG    torch.__trace:symbolic_shapes.py:5521 
DEBUG    torch.__trace:symbolic_shapes.py:5521 
DEBUG    torch.__trace:symbolic_shapes.py:5521 
DEBUG    torch.__trace:symbolic_shapes.py:5521 
DEBUG    torch.__trace:symbolic_shapes.py:5521 
DEBUG    torch.__trace:symbolic_shapes.py:5521 
DEBUG    torch.__trace:symbolic_shapes.py:5521 
DEBUG    torch.__trace:symbolic_shapes.py:5521 
DEBUG    torch.__trace:symbolic_shapes.py:5521 
DEBUG    torch.__trace:symbolic_shapes.py:5521 
DEBUG    torch.__trace:symbolic_shapes.py:5521 
DEBUG    torch.__trace:symbolic_shapes.py:5521 
DEBUG    torch.__trace:symbolic_shapes.py:5521 
DEBUG    torch.__trace:symbolic_shapes.py:5521 
DEBUG    torch.__trace:symbolic_shapes.py:5521 
DEBUG    torch.__trace:symbolic_shapes.py:5521 
DEBUG    torch.__trace:symbolic_shapes.py:5521 
DEBUG    torch.__trace:symbolic_shapes.py:5521 
DEBUG    torch.__trace:symbolic_shapes.py:5521 
DEBUG    torch.__trace:symbolic_shapes.py:5521 
DEBUG    torch.__trace:symbolic_shapes.py:5521 
DEBUG    torch.__trace:symbolic_shapes.py:5521 
DEBUG    torch.__trace:symbolic_shapes.py:5521 
DEBUG    torch.__trace:symbolic_shapes.py:5521 
DEBUG    torch.__trace:symbolic_shapes.py:5521 
DEBUG    torch.__trace:utils.py:2363 
DEBUG    torch.__trace:graph_compile.py:1820 
DEBUG    torch.__trace:graph_compile.py:1841 
DEBUG    torch.__trace:graph_compile.py:1891 
DEBUG    torch.__trace:graph_compile.py:1909 
DEBUG    torch.__trace:graph_compile.py:1913 
DEBUG    torch.__trace:codegen.py:200 
DEBUG    torch.__trace:codegen.py:200 
DEBUG    torch.__trace:codegen.py:200 
DEBUG    torch.__trace:codegen.py:200 
DEBUG    torch.__trace:codegen.py:200 
DEBUG    torch.__trace:codegen.py:200 
DEBUG    torch.__trace:utils.py:2363 
DEBUG    torch.__trace:utils.py:2363 
DEBUG    torch.__trace:utils.py:2363 
DEBUG    torch.__trace:utils.py:2363 
DEBUG    torch.__trace:guards.py:4769 
DEBUG    torch.__trace:utils.py:2363 
DEBUG    torch.__trace:utils.py:2363 
DEBUG    torch.__trace:utils.py:2363 
DEBUG    torch.__trace:utils.py:2363 
DEBUG    torch.__trace:utils.py:2363 
DEBUG    torch.__trace:utils.py:2363 
DEBUG    torch.__trace:utils.py:2022 
DEBUG    torch.__trace:utils.py:2363 
DEBUG    torch.__trace:utils.py:2363 
DEBUG    torch.__trace:utils.py:2363 
DEBUG    torch.__trace:guards.py:5625 
DEBUG    torch.__trace:convert_frame.py:304 
DEBUG    torch.__trace:utils.py:2363 
DEBUG    torch.__trace:utils.py:2363 
DEBUG    torch.__trace:meta_utils.py:298 
DEBUG    torch.__trace:meta_utils.py:537 
DEBUG    torch.__trace:meta_utils.py:2385 
DEBUG    torch.__trace:meta_utils.py:298 
DEBUG    torch.__trace:meta_utils.py:537 
DEBUG    torch.__trace:meta_utils.py:2385 
DEBUG    torch.__trace:meta_utils.py:298 
DEBUG    torch.__trace:meta_utils.py:537 
DEBUG    torch.__trace:meta_utils.py:2385 
DEBUG    torch.__trace:meta_utils.py:298 
DEBUG    torch.__trace:meta_utils.py:537 
DEBUG    torch.__trace:meta_utils.py:2385 
DEBUG    torch.__trace:meta_utils.py:298 
DEBUG    torch.__trace:meta_utils.py:537 
DEBUG    torch.__trace:meta_utils.py:2385 
DEBUG    torch.__trace:meta_utils.py:298 
DEBUG    torch.__trace:meta_utils.py:537 
DEBUG    torch.__trace:meta_utils.py:2385 
DEBUG    torch.__trace:meta_utils.py:298 
DEBUG    torch.__trace:meta_utils.py:537 
DEBUG    torch.__trace:meta_utils.py:2385 
DEBUG    torch.__trace:meta_utils.py:298 
DEBUG    torch.__trace:meta_utils.py:537 
DEBUG    torch.__trace:meta_utils.py:2385 
DEBUG    torch.__trace:meta_utils.py:298 
DEBUG    torch.__trace:meta_utils.py:537 
DEBUG    torch.__trace:meta_utils.py:2385 
DEBUG    torch.__trace:meta_utils.py:298 
DEBUG    torch.__trace:meta_utils.py:537 
DEBUG    torch.__trace:meta_utils.py:2385 
DEBUG    torch.__trace:symbolic_shapes.py:5971 
DEBUG    torch.__trace:meta_utils.py:298 
DEBUG    torch.__trace:meta_utils.py:537 
DEBUG    torch.__trace:meta_utils.py:2385 
DEBUG    torch.__trace:meta_utils.py:298 
DEBUG    torch.__trace:meta_utils.py:537 
DEBUG    torch.__trace:meta_utils.py:2385 
DEBUG    torch.__trace:meta_utils.py:298 
DEBUG    torch.__trace:meta_utils.py:537 
DEBUG    torch.__trace:meta_utils.py:2385 
DEBUG    torch.__trace:meta_utils.py:298 
DEBUG    torch.__trace:meta_utils.py:537 
DEBUG    torch.__trace:meta_utils.py:2385 
DEBUG    torch.__trace:meta_utils.py:298 
DEBUG    torch.__trace:meta_utils.py:537 
DEBUG    torch.__trace:meta_utils.py:2385 
DEBUG    torch.__trace:symbolic_shapes.py:5971 
DEBUG    torch.__trace:meta_utils.py:298 
DEBUG    torch.__trace:meta_utils.py:537 
DEBUG    torch.__trace:meta_utils.py:2385 
DEBUG    torch.__trace:symbolic_shapes.py:5971 
DEBUG    torch.__trace:symbolic_shapes.py:8465 
DEBUG    torch.__trace:meta_utils.py:298 
DEBUG    torch.__trace:meta_utils.py:537 
DEBUG    torch.__trace:meta_utils.py:2385 
DEBUG    torch.__trace:meta_utils.py:298 
DEBUG    torch.__trace:meta_utils.py:537 
DEBUG    torch.__trace:meta_utils.py:2385 
DEBUG    torch.__trace:meta_utils.py:298 
DEBUG    torch.__trace:meta_utils.py:537 
DEBUG    torch.__trace:meta_utils.py:2385 
DEBUG    torch.__trace:meta_utils.py:298 
DEBUG    torch.__trace:meta_utils.py:537 
DEBUG    torch.__trace:meta_utils.py:2385 
DEBUG    torch.__trace:meta_utils.py:298 
DEBUG    torch.__trace:meta_utils.py:537 
DEBUG    torch.__trace:meta_utils.py:2385 
DEBUG    torch.__trace:meta_utils.py:298 
DEBUG    torch.__trace:meta_utils.py:537 
DEBUG    torch.__trace:meta_utils.py:2385 
DEBUG    torch.__trace:meta_utils.py:298 
DEBUG    torch.__trace:meta_utils.py:537 
DEBUG    torch.__trace:meta_utils.py:2385 
DEBUG    torch.__trace:meta_utils.py:298 
DEBUG    torch.__trace:meta_utils.py:537 
DEBUG    torch.__trace:meta_utils.py:2385 
DEBUG    torch.__trace:meta_utils.py:298 
DEBUG    torch.__trace:meta_utils.py:537 
DEBUG    torch.__trace:meta_utils.py:2385 
DEBUG    torch.__trace:utils.py:2363 
DEBUG    torch.__trace:utils.py:2363 
DEBUG    torch.__trace:utils.py:2363 
DEBUG    torch.__trace:output_graph.py:2942 
DEBUG    torch.__trace:utils.py:2363 
DEBUG    torch.__trace:utils.py:2363 
DEBUG    torch.__trace:utils.py:2363 
DEBUG    torch.__trace:utils.py:2363 
DEBUG    torch.__trace:graph_capture.py:428 
DEBUG    torch.__trace:graph_capture.py:446 
DEBUG    torch.__trace:graph_compile.py:382 
DEBUG    torch.__trace:codegen.py:200 
DEBUG    torch.__trace:utils.py:2363 
DEBUG    torch.__trace:utils.py:2363 
DEBUG    torch.__trace:utils.py:2363 
DEBUG    torch.__trace:utils.py:2363 
DEBUG    torch.__trace:guards.py:4769 
DEBUG    torch.__trace:utils.py:2363 
DEBUG    torch.__trace:utils.py:2363 
DEBUG    torch.__trace:utils.py:2363 
DEBUG    torch.__trace:utils.py:2363 
DEBUG    torch.__trace:utils.py:2363 
DEBUG    torch.__trace:utils.py:2363 
DEBUG    torch.__trace:utils.py:2022 
DEBUG    torch.__trace:utils.py:2363 
DEBUG    torch.__trace:utils.py:2363 
DEBUG    torch.__trace:utils.py:2363 
DEBUG    torch.__trace:convert_frame.py:304 
DEBUG    torch.__trace:utils.py:2363 
DEBUG    torch.__trace:utils.py:2363 
DEBUG    torch.__trace:meta_utils.py:298 
DEBUG    torch.__trace:meta_utils.py:537 
DEBUG    torch.__trace:meta_utils.py:2385 
DEBUG    torch.__trace:structured.py:28 
DEBUG    torch.__trace:symbolic_shapes.py:5971 
DEBUG    torch.__trace:meta_utils.py:298 
DEBUG    torch.__trace:meta_utils.py:537 
DEBUG    torch.__trace:meta_utils.py:2385 
DEBUG    torch.__trace:meta_utils.py:298 
DEBUG    torch.__trace:meta_utils.py:537 
DEBUG    torch.__trace:meta_utils.py:2385 
DEBUG    torch.__trace:meta_utils.py:298 
DEBUG    torch.__trace:meta_utils.py:537 
DEBUG    torch.__trace:meta_utils.py:2385 
DEBUG    torch.__trace:meta_utils.py:298 
DEBUG    torch.__trace:meta_utils.py:537 
DEBUG    torch.__trace:meta_utils.py:2385 
DEBUG    torch.__trace:meta_utils.py:298 
DEBUG    torch.__trace:meta_utils.py:537 
DEBUG    torch.__trace:meta_utils.py:2385 
DEBUG    torch.__trace:meta_utils.py:298 
DEBUG    torch.__trace:meta_utils.py:537 
DEBUG    torch.__trace:meta_utils.py:2385 
DEBUG    torch.__trace:symbolic_shapes.py:5971 
DEBUG    torch.__trace:meta_utils.py:298 
DEBUG    torch.__trace:meta_utils.py:537 
DEBUG    torch.__trace:meta_utils.py:2385 
DEBUG    torch.__trace:meta_utils.py:298 
DEBUG    torch.__trace:meta_utils.py:537 
DEBUG    torch.__trace:meta_utils.py:2385 
DEBUG    torch.__trace:meta_utils.py:298 
DEBUG    torch.__trace:meta_utils.py:537 
DEBUG    torch.__trace:meta_utils.py:2385 
DEBUG    torch.__trace:meta_utils.py:298 
DEBUG    torch.__trace:meta_utils.py:537 
DEBUG    torch.__trace:meta_utils.py:2385 
DEBUG    torch.__trace:meta_utils.py:298 
DEBUG    torch.__trace:meta_utils.py:537 
DEBUG    torch.__trace:meta_utils.py:2385 
DEBUG    torch.__trace:meta_utils.py:298 
DEBUG    torch.__trace:meta_utils.py:537 
DEBUG    torch.__trace:meta_utils.py:2385 
DEBUG    torch.__trace:meta_utils.py:298 
DEBUG    torch.__trace:meta_utils.py:537 
DEBUG    torch.__trace:meta_utils.py:2385 
DEBUG    torch.__trace:meta_utils.py:298 
DEBUG    torch.__trace:meta_utils.py:537 
DEBUG    torch.__trace:meta_utils.py:2385 
DEBUG    torch.__trace:meta_utils.py:298 
DEBUG    torch.__trace:meta_utils.py:537 
DEBUG    torch.__trace:meta_utils.py:2385 
DEBUG    torch.__trace:meta_utils.py:298 
DEBUG    torch.__trace:meta_utils.py:537 
DEBUG    torch.__trace:meta_utils.py:2385 
DEBUG    torch.__trace:meta_utils.py:298 
DEBUG    torch.__trace:meta_utils.py:537 
DEBUG    torch.__trace:meta_utils.py:2385 
DEBUG    torch.__trace:meta_utils.py:298 
DEBUG    torch.__trace:meta_utils.py:537 
DEBUG    torch.__trace:meta_utils.py:2385 
DEBUG    torch.__trace:meta_utils.py:298 
DEBUG    torch.__trace:meta_utils.py:537 
DEBUG    torch.__trace:meta_utils.py:2385 
DEBUG    torch.__trace:utils.py:2363 
DEBUG    torch.__trace:utils.py:2363 
DEBUG    torch.__trace:utils.py:2363 
DEBUG    torch.__trace:output_graph.py:2942 
DEBUG    torch.__trace:utils.py:2363 
DEBUG    torch.__trace:utils.py:2363 
DEBUG    torch.__trace:utils.py:2363 
DEBUG    torch.__trace:utils.py:2363 
DEBUG    torch.__trace:guards.py:4769 
DEBUG    torch.__trace:utils.py:2363 
DEBUG    torch.__trace:utils.py:2363 
DEBUG    torch.__trace:utils.py:2363 
DEBUG    torch.__trace:utils.py:2363 
DEBUG    torch.__trace:utils.py:2022 
DEBUG    torch.__trace:utils.py:2363 
DEBUG    torch.__trace:utils.py:2363 
DEBUG    torch.__trace:utils.py:2363 
DEBUG    torch.__trace:guards.py:5625 
DEBUG    torch.__trace:convert_frame.py:304 
DEBUG    torch.__trace:utils.py:2363 
DEBUG    torch.__trace:utils.py:2363 
DEBUG    torch.__trace:meta_utils.py:298 
DEBUG    torch.__trace:meta_utils.py:537 
DEBUG    torch.__trace:meta_utils.py:2385 
DEBUG    torch.__trace:symbolic_shapes.py:5971 
DEBUG    torch.__trace:utils.py:2402 
DEBUG    torch.__trace:utils.py:2402 
DEBUG    torch.__trace:meta_utils.py:298 
DEBUG    torch.__trace:meta_utils.py:537 
DEBUG    torch.__trace:meta_utils.py:2385 
DEBUG    torch.__trace:symbolic_shapes.py:5971 
DEBUG    torch.__trace:symbolic_shapes.py:5971 
DEBUG    torch.__trace:symbolic_shapes.py:5971 
DEBUG    torch.__trace:utils.py:2402 
DEBUG    torch.__trace:utils.py:2402 
DEBUG    torch.__trace:meta_utils.py:298 
DEBUG    torch.__trace:meta_utils.py:537 
DEBUG    torch.__trace:meta_utils.py:2385 
DEBUG    torch.__trace:symbolic_shapes.py:5971 
DEBUG    torch.__trace:utils.py:2402 
DEBUG    torch.__trace:meta_utils.py:298 
DEBUG    torch.__trace:meta_utils.py:537 
DEBUG    torch.__trace:meta_utils.py:2385 
DEBUG    torch.__trace:utils.py:2402 
DEBUG    torch.__trace:structured.py:28 
DEBUG    torch.__trace:symbolic_shapes.py:5971 
DEBUG    torch.__trace:symbolic_shapes.py:8465 
DEBUG    torch.__trace:symbolic_shapes.py:8056 
DEBUG    torch.__trace:utils.py:2402 
DEBUG    torch.__trace:symbolic_shapes.py:5971 
DEBUG    torch.__trace:symbolic_shapes.py:8465 
DEBUG    torch.__trace:utils.py:2402 
DEBUG    torch.__trace:structured.py:28 
DEBUG    torch.__trace:structured.py:28 
DEBUG    torch.__trace:structured.py:28 
DEBUG    torch.__trace:symbolic_shapes.py:5971 
DEBUG    torch.__trace:symbolic_shapes.py:8465 
DEBUG    torch.__trace:symbolic_shapes.py:8056 
DEBUG    torch.__trace:utils.py:2402 
DEBUG    torch.__trace:symbolic_shapes.py:5971 
DEBUG    torch.__trace:symbolic_shapes.py:8465 
DEBUG    torch.__trace:meta_utils.py:298 
DEBUG    torch.__trace:meta_utils.py:537 
DEBUG    torch.__trace:meta_utils.py:2385 
DEBUG    torch.__trace:symbolic_shapes.py:5971 
DEBUG    torch.__trace:utils.py:2402 
DEBUG    torch.__trace:symbolic_shapes.py:5971 
DEBUG    torch.__trace:symbolic_shapes.py:8465 
DEBUG    torch.__trace:symbolic_shapes.py:8056 
DEBUG    torch.__trace:utils.py:2402 
DEBUG    torch.__trace:symbolic_shapes.py:5971 
DEBUG    torch.__trace:symbolic_shapes.py:8465 
DEBUG    torch.__trace:utils.py:2402 
DEBUG    torch.__trace:symbolic_shapes.py:5971 
DEBUG    torch.__trace:symbolic_shapes.py:8465 
DEBUG    torch.__trace:symbolic_shapes.py:8056 
DEBUG    torch.__trace:utils.py:2402 
DEBUG    torch.__trace:symbolic_shapes.py:5971 
DEBUG    torch.__trace:symbolic_shapes.py:8465 
DEBUG    torch.__trace:utils.py:2402 
DEBUG    torch.__trace:utils.py:2402 
DEBUG    torch.__trace:meta_utils.py:298 
DEBUG    torch.__trace:meta_utils.py:537 
DEBUG    torch.__trace:meta_utils.py:2385 
DEBUG    torch.__trace:symbolic_shapes.py:5971 
DEBUG    torch.__trace:symbolic_shapes.py:5971 
DEBUG    torch.__trace:utils.py:2402 
DEBUG    torch.__trace:meta_utils.py:298 
DEBUG    torch.__trace:meta_utils.py:537 
DEBUG    torch.__trace:meta_utils.py:2385 
DEBUG    torch.__trace:symbolic_shapes.py:5971 
DEBUG    torch.__trace:symbolic_shapes.py:5971 
DEBUG    torch.__trace:structured.py:28 
DEBUG    torch.__trace:structured.py:28 
DEBUG    torch.__trace:symbolic_shapes.py:8465 
DEBUG    torch.__trace:symbolic_shapes.py:8465 
DEBUG    torch.__trace:utils.py:2402 
DEBUG    torch.__trace:meta_utils.py:298 
DEBUG    torch.__trace:meta_utils.py:537 
DEBUG    torch.__trace:meta_utils.py:537 
DEBUG    torch.__trace:meta_utils.py:2385 
DEBUG    torch.__trace:symbolic_shapes.py:5971 
DEBUG    torch.__trace:symbolic_shapes.py:8465 
DEBUG    torch.__trace:symbolic_shapes.py:8465 
DEBUG    torch.__trace:utils.py:2402 
DEBUG    torch.__trace:utils.py:2402 
DEBUG    torch.__trace:meta_utils.py:298 
DEBUG    torch.__trace:meta_utils.py:537 
DEBUG    torch.__trace:meta_utils.py:2385 
DEBUG    torch.__trace:symbolic_shapes.py:5971 
DEBUG    torch.__trace:symbolic_shapes.py:8465 
DEBUG    torch.__trace:utils.py:2402 
DEBUG    torch.__trace:meta_utils.py:298 
DEBUG    torch.__trace:meta_utils.py:537 
DEBUG    torch.__trace:meta_utils.py:2385 
DEBUG    torch.__trace:symbolic_shapes.py:5971 
DEBUG    torch.__trace:symbolic_shapes.py:5971 
DEBUG    torch.__trace:utils.py:2402 
DEBUG    torch.__trace:structured.py:28 
DEBUG    torch.__trace:symbolic_shapes.py:5971 
DEBUG    torch.__trace:symbolic_shapes.py:8465 
DEBUG    torch.__trace:symbolic_shapes.py:8465 
DEBUG    torch.__trace:structured.py:28 
DEBUG    torch.__trace:symbolic_shapes.py:8465 
DEBUG    torch.__trace:symbolic_shapes.py:8465 
DEBUG    torch.__trace:symbolic_shapes.py:8465 
DEBUG    torch.__trace:symbolic_shapes.py:8465 
DEBUG    torch.__trace:symbolic_shapes.py:8465 
DEBUG    torch.__trace:symbolic_shapes.py:8465 
DEBUG    torch.__trace:symbolic_shapes.py:8465 
DEBUG    torch.__trace:symbolic_shapes.py:8465 
DEBUG    torch.__trace:symbolic_shapes.py:8465 
DEBUG    torch.__trace:symbolic_shapes.py:8465 
DEBUG    torch.__trace:structured.py:28 
DEBUG    torch.__trace:symbolic_shapes.py:8465 
DEBUG    torch.__trace:symbolic_shapes.py:8465 
DEBUG    torch.__trace:symbolic_shapes.py:8465 
DEBUG    torch.__trace:symbolic_shapes.py:8465 
DEBUG    torch.__trace:meta_utils.py:298 
DEBUG    torch.__trace:meta_utils.py:537 
DEBUG    torch.__trace:meta_utils.py:2385 
DEBUG    torch.__trace:symbolic_shapes.py:8465 
DEBUG    torch.__trace:symbolic_shapes.py:8056 
DEBUG    torch.__trace:symbolic_shapes.py:8056 
DEBUG    torch.__trace:utils.py:2402 
DEBUG    torch.__trace:utils.py:2402 
DEBUG    torch.__trace:meta_utils.py:298 
DEBUG    torch.__trace:meta_utils.py:537 
DEBUG    torch.__trace:meta_utils.py:2385 
DEBUG    torch.__trace:symbolic_shapes.py:5971 
DEBUG    torch.__trace:symbolic_shapes.py:5971 
DEBUG    torch.__trace:symbolic_shapes.py:5971 
DEBUG    torch.__trace:symbolic_shapes.py:8465 
DEBUG    torch.__trace:symbolic_shapes.py:8056 
DEBUG    torch.__trace:symbolic_shapes.py:8465 
DEBUG    torch.__trace:symbolic_shapes.py:8465 
DEBUG    torch.__trace:symbolic_shapes.py:8056 
DEBUG    torch.__trace:utils.py:2402 
DEBUG    torch.__trace:utils.py:2402 
DEBUG    torch.__trace:meta_utils.py:298 
DEBUG    torch.__trace:meta_utils.py:537 
DEBUG    torch.__trace:meta_utils.py:2385 
DEBUG    torch.__trace:symbolic_shapes.py:5971 
DEBUG    torch.__trace:symbolic_shapes.py:8465 
DEBUG    torch.__trace:symbolic_shapes.py:8056 
DEBUG    torch.__trace:utils.py:2402 
DEBUG    torch.__trace:utils.py:2402 
DEBUG    torch.__trace:symbolic_shapes.py:5971 
DEBUG    torch.__trace:utils.py:2402 
DEBUG    torch.__trace:utils.py:2402 
DEBUG    torch.__trace:symbolic_shapes.py:5971 
DEBUG    torch.__trace:meta_utils.py:298 
DEBUG    torch.__trace:meta_utils.py:537 
DEBUG    torch.__trace:meta_utils.py:2385 
DEBUG    torch.__trace:utils.py:2402 
DEBUG    torch.__trace:symbolic_shapes.py:5971 
DEBUG    torch.__trace:symbolic_shapes.py:8465 
DEBUG    torch.__trace:symbolic_shapes.py:8465 
DEBUG    torch.__trace:symbolic_shapes.py:8465 
DEBUG    torch.__trace:symbolic_shapes.py:8465 
DEBUG    torch.__trace:symbolic_shapes.py:8465 
DEBUG    torch.__trace:symbolic_shapes.py:8465 
DEBUG    torch.__trace:symbolic_shapes.py:8465 
DEBUG    torch.__trace:symbolic_shapes.py:8465 
DEBUG    torch.__trace:symbolic_shapes.py:8465 
DEBUG    torch.__trace:symbolic_shapes.py:8056 
DEBUG    torch.__trace:meta_utils.py:298 
DEBUG    torch.__trace:meta_utils.py:537 
DEBUG    torch.__trace:meta_utils.py:2385 
DEBUG    torch.__trace:meta_utils.py:298 
DEBUG    torch.__trace:meta_utils.py:537 
DEBUG    torch.__trace:meta_utils.py:2385 
DEBUG    torch.__trace:meta_utils.py:298 
DEBUG    torch.__trace:meta_utils.py:537 
DEBUG    torch.__trace:meta_utils.py:2385 
DEBUG    torch.__trace:meta_utils.py:298 
DEBUG    torch.__trace:meta_utils.py:537 
DEBUG    torch.__trace:meta_utils.py:2385 
DEBUG    torch.__trace:meta_utils.py:298 
DEBUG    torch.__trace:meta_utils.py:537 
DEBUG    torch.__trace:meta_utils.py:2385 
DEBUG    torch.__trace:meta_utils.py:298 
DEBUG    torch.__trace:meta_utils.py:537 
DEBUG    torch.__trace:meta_utils.py:2385 
DEBUG    torch.__trace:symbolic_shapes.py:8465 
DEBUG    torch.__trace:meta_utils.py:298 
DEBUG    torch.__trace:meta_utils.py:537 
DEBUG    torch.__trace:meta_utils.py:2385 
DEBUG    torch.__trace:meta_utils.py:298 
DEBUG    torch.__trace:meta_utils.py:537 
DEBUG    torch.__trace:meta_utils.py:2385 
DEBUG    torch.__trace:symbolic_shapes.py:8465 
DEBUG    torch.__trace:meta_utils.py:298 
DEBUG    torch.__trace:meta_utils.py:537 
DEBUG    torch.__trace:meta_utils.py:2385 
DEBUG    torch.__trace:meta_utils.py:298 
DEBUG    torch.__trace:meta_utils.py:537 
DEBUG    torch.__trace:meta_utils.py:2385 
DEBUG    torch.__trace:meta_utils.py:298 
DEBUG    torch.__trace:meta_utils.py:537 
DEBUG    torch.__trace:meta_utils.py:2385 
DEBUG    torch.__trace:meta_utils.py:298 
DEBUG    torch.__trace:meta_utils.py:537 
DEBUG    torch.__trace:meta_utils.py:2385 
DEBUG    torch.__trace:structured.py:28 
DEBUG    torch.__trace:structured.py:28 
DEBUG    torch.__trace:structured.py:28 
DEBUG    torch.__trace:symbolic_shapes.py:8465 
DEBUG    torch.__trace:symbolic_shapes.py:8056 
DEBUG    torch.__trace:meta_utils.py:298 
DEBUG    torch.__trace:meta_utils.py:537 
DEBUG    torch.__trace:meta_utils.py:2385 
DEBUG    torch.__trace:symbolic_shapes.py:8465 
DEBUG    torch.__trace:symbolic_shapes.py:8465 
DEBUG    torch.__trace:symbolic_shapes.py:8465 
DEBUG    torch.__trace:symbolic_shapes.py:8465 
DEBUG    torch.__trace:symbolic_shapes.py:8465 
DEBUG    torch.__trace:symbolic_shapes.py:8465 
DEBUG    torch.__trace:symbolic_shapes.py:8465 
DEBUG    torch.__trace:symbolic_shapes.py:8465 
DEBUG    torch.__trace:symbolic_shapes.py:8465 
DEBUG    torch.__trace:symbolic_shapes.py:8465 
DEBUG    torch.__trace:symbolic_shapes.py:8465 
DEBUG    torch.__trace:meta_utils.py:298 
DEBUG    torch.__trace:meta_utils.py:537 
DEBUG    torch.__trace:meta_utils.py:2385 
DEBUG    torch.__trace:meta_utils.py:298 
DEBUG    torch.__trace:meta_utils.py:537 
DEBUG    torch.__trace:meta_utils.py:2385 
DEBUG    torch.__trace:symbolic_shapes.py:8465 
DEBUG    torch.__trace:meta_utils.py:298 
DEBUG    torch.__trace:meta_utils.py:537 
DEBUG    torch.__trace:meta_utils.py:537 
DEBUG    torch.__trace:meta_utils.py:2385 
DEBUG    torch.__trace:symbolic_shapes.py:8465 
DEBUG    torch.__trace:symbolic_shapes.py:8056 
DEBUG    torch.__trace:symbolic_shapes.py:8465 
DEBUG    torch.__trace:symbolic_shapes.py:8465 
DEBUG    torch.__trace:symbolic_shapes.py:8056 
DEBUG    torch.__trace:symbolic_shapes.py:8465 
DEBUG    torch.__trace:symbolic_shapes.py:8056 
DEBUG    torch.__trace:structured.py:28 
DEBUG    torch.__trace:structured.py:28 
DEBUG    torch.__trace:symbolic_shapes.py:8056 
DEBUG    torch.__trace:symbolic_shapes.py:8465 
DEBUG    torch.__trace:symbolic_shapes.py:8056 
DEBUG    torch.__trace:symbolic_shapes.py:8465 
DEBUG    torch.__trace:symbolic_shapes.py:8465 
DEBUG    torch.__trace:utils.py:2363 
DEBUG    torch.__trace:utils.py:2363 
DEBUG    torch.__trace:utils.py:2363 
DEBUG    torch.__trace:output_graph.py:2942 
DEBUG    torch.__trace:utils.py:2363 
DEBUG    torch.__trace:utils.py:2363 
DEBUG    torch.__trace:utils.py:2363 
DEBUG    torch.__trace:utils.py:2363 
DEBUG    torch.__trace:guards.py:4769 
DEBUG    torch.__trace:utils.py:2363 
DEBUG    torch.__trace:utils.py:2363 
DEBUG    torch.__trace:utils.py:2363 
DEBUG    torch.__trace:utils.py:2363 
DEBUG    torch.__trace:utils.py:2363 
DEBUG    torch.__trace:utils.py:2363 
DEBUG    torch.__trace:utils.py:2022 
DEBUG    torch.__trace:utils.py:2363 
DEBUG    torch.__trace:utils.py:2363 
DEBUG    torch.__trace:utils.py:2363 
DEBUG    torch.__trace:guards.py:5625 
DEBUG    torch.__trace:convert_frame.py:304 
DEBUG    torch.__trace:utils.py:2363 
DEBUG    torch.__trace:utils.py:2363 
DEBUG    torch.__trace:meta_utils.py:298 
DEBUG    torch.__trace:meta_utils.py:537 
DEBUG    torch.__trace:meta_utils.py:2385 
DEBUG    torch.__trace:symbolic_shapes.py:5971 
DEBUG    torch.__trace:meta_utils.py:298 
DEBUG    torch.__trace:meta_utils.py:537 
DEBUG    torch.__trace:meta_utils.py:2385 
DEBUG    torch.__trace:symbolic_shapes.py:5971 
DEBUG    torch.__trace:symbolic_shapes.py:5971 
DEBUG    torch.__trace:symbolic_shapes.py:5971 
DEBUG    torch.__trace:meta_utils.py:298 
DEBUG    torch.__trace:meta_utils.py:537 
DEBUG    torch.__trace:meta_utils.py:2385 
DEBUG    torch.__trace:symbolic_shapes.py:5971 
DEBUG    torch.__trace:meta_utils.py:298 
DEBUG    torch.__trace:meta_utils.py:537 
DEBUG    torch.__trace:meta_utils.py:2385 
DEBUG    torch.__trace:utils.py:2402 
DEBUG    torch.__trace:meta_utils.py:298 
DEBUG    torch.__trace:meta_utils.py:537 
DEBUG    torch.__trace:meta_utils.py:2385 
DEBUG    torch.__trace:utils.py:2402 
DEBUG    torch.__trace:utils.py:2402 
DEBUG    torch.__trace:meta_utils.py:298 
DEBUG    torch.__trace:meta_utils.py:537 
DEBUG    torch.__trace:meta_utils.py:2385 
DEBUG    torch.__trace:symbolic_shapes.py:5971 
DEBUG    torch.__trace:meta_utils.py:298 
DEBUG    torch.__trace:meta_utils.py:537 
DEBUG    torch.__trace:meta_utils.py:2385 
DEBUG    torch.__trace:meta_utils.py:298 
DEBUG    torch.__trace:meta_utils.py:537 
DEBUG    torch.__trace:meta_utils.py:2385 
DEBUG    torch.__trace:symbolic_shapes.py:5971 
DEBUG    torch.__trace:symbolic_shapes.py:8465 
DEBUG    torch.__trace:symbolic_shapes.py:8056 
DEBUG    torch.__trace:symbolic_shapes.py:5971 
DEBUG    torch.__trace:symbolic_shapes.py:8465 
DEBUG    torch.__trace:symbolic_shapes.py:5971 
DEBUG    torch.__trace:symbolic_shapes.py:8465 
DEBUG    torch.__trace:symbolic_shapes.py:8056 
DEBUG    torch.__trace:symbolic_shapes.py:5971 
DEBUG    torch.__trace:symbolic_shapes.py:8465 
DEBUG    torch.__trace:meta_utils.py:298 
DEBUG    torch.__trace:meta_utils.py:537 
DEBUG    torch.__trace:meta_utils.py:2385 
DEBUG    torch.__trace:symbolic_shapes.py:5971 
DEBUG    torch.__trace:symbolic_shapes.py:5971 
DEBUG    torch.__trace:symbolic_shapes.py:8465 
DEBUG    torch.__trace:symbolic_shapes.py:8056 
DEBUG    torch.__trace:symbolic_shapes.py:5971 
DEBUG    torch.__trace:symbolic_shapes.py:8465 
DEBUG    torch.__trace:symbolic_shapes.py:5971 
DEBUG    torch.__trace:symbolic_shapes.py:8465 
DEBUG    torch.__trace:symbolic_shapes.py:8056 
DEBUG    torch.__trace:symbolic_shapes.py:5971 
DEBUG    torch.__trace:symbolic_shapes.py:8465 
DEBUG    torch.__trace:meta_utils.py:298 
DEBUG    torch.__trace:meta_utils.py:537 
DEBUG    torch.__trace:meta_utils.py:2385 
DEBUG    torch.__trace:utils.py:2402 
DEBUG    torch.__trace:meta_utils.py:298 
DEBUG    torch.__trace:meta_utils.py:537 
DEBUG    torch.__trace:meta_utils.py:2385 
DEBUG    torch.__trace:symbolic_shapes.py:5971 
DEBUG    torch.__trace:symbolic_shapes.py:5971 
DEBUG    torch.__trace:symbolic_shapes.py:8465 
DEBUG    torch.__trace:meta_utils.py:298 
DEBUG    torch.__trace:meta_utils.py:537 
DEBUG    torch.__trace:meta_utils.py:2385 
DEBUG    torch.__trace:symbolic_shapes.py:5971 
DEBUG    torch.__trace:symbolic_shapes.py:5971 
DEBUG    torch.__trace:symbolic_shapes.py:8465 
DEBUG    torch.__trace:utils.py:2402 
DEBUG    torch.__trace:utils.py:2402 
DEBUG    torch.__trace:meta_utils.py:298 
DEBUG    torch.__trace:meta_utils.py:537 
DEBUG    torch.__trace:meta_utils.py:2385 
DEBUG    torch.__trace:symbolic_shapes.py:5971 
DEBUG    torch.__trace:symbolic_shapes.py:5971 
DEBUG    torch.__trace:symbolic_shapes.py:8465 
DEBUG    torch.__trace:meta_utils.py:298 
DEBUG    torch.__trace:meta_utils.py:537 
DEBUG    torch.__trace:meta_utils.py:2385 
DEBUG    torch.__trace:utils.py:2402 
DEBUG    torch.__trace:utils.py:2402 
DEBUG    torch.__trace:symbolic_shapes.py:5971 
DEBUG    torch.__trace:symbolic_shapes.py:5971 
DEBUG    torch.__trace:symbolic_shapes.py:8465 
DEBUG    torch.__trace:symbolic_shapes.py:8465 
DEBUG    torch.__trace:symbolic_shapes.py:8465 
DEBUG    torch.__trace:symbolic_shapes.py:8465 
DEBUG    torch.__trace:symbolic_shapes.py:8465 
DEBUG    torch.__trace:symbolic_shapes.py:8465 
DEBUG    torch.__trace:symbolic_shapes.py:8465 
DEBUG    torch.__trace:symbolic_shapes.py:8465 
DEBUG    torch.__trace:symbolic_shapes.py:8465 
DEBUG    torch.__trace:symbolic_shapes.py:8465 
DEBUG    torch.__trace:symbolic_shapes.py:8465 
DEBUG    torch.__trace:symbolic_shapes.py:8465 
DEBUG    torch.__trace:symbolic_shapes.py:8465 
DEBUG    torch.__trace:symbolic_shapes.py:8465 
DEBUG    torch.__trace:symbolic_shapes.py:8465 
DEBUG    torch.__trace:symbolic_shapes.py:8465 
DEBUG    torch.__trace:symbolic_shapes.py:8465 
DEBUG    torch.__trace:symbolic_shapes.py:8465 
DEBUG    torch.__trace:symbolic_shapes.py:8465 
DEBUG    torch.__trace:symbolic_shapes.py:8465 
DEBUG    torch.__trace:symbolic_shapes.py:8465 
DEBUG    torch.__trace:symbolic_shapes.py:8465 
DEBUG    torch.__trace:symbolic_shapes.py:8465 
DEBUG    torch.__trace:meta_utils.py:298 
DEBUG    torch.__trace:meta_utils.py:537 
DEBUG    torch.__trace:meta_utils.py:2385 
DEBUG    torch.__trace:symbolic_shapes.py:8465 
DEBUG    torch.__trace:symbolic_shapes.py:8465 
DEBUG    torch.__trace:symbolic_shapes.py:8465 
DEBUG    torch.__trace:symbolic_shapes.py:8056 
DEBUG    torch.__trace:symbolic_shapes.py:8465 
DEBUG    torch.__trace:symbolic_shapes.py:8056 
DEBUG    torch.__trace:meta_utils.py:298 
DEBUG    torch.__trace:meta_utils.py:537 
DEBUG    torch.__trace:meta_utils.py:2385 
DEBUG    torch.__trace:meta_utils.py:298 
DEBUG    torch.__trace:meta_utils.py:537 
DEBUG    torch.__trace:meta_utils.py:2385 
DEBUG    torch.__trace:meta_utils.py:298 
DEBUG    torch.__trace:meta_utils.py:537 
DEBUG    torch.__trace:meta_utils.py:2385 
DEBUG    torch.__trace:meta_utils.py:298 
DEBUG    torch.__trace:meta_utils.py:537 
DEBUG    torch.__trace:meta_utils.py:2385 
DEBUG    torch.__trace:meta_utils.py:298 
DEBUG    torch.__trace:meta_utils.py:537 
DEBUG    torch.__trace:meta_utils.py:2385 
DEBUG    torch.__trace:meta_utils.py:298 
DEBUG    torch.__trace:meta_utils.py:537 
DEBUG    torch.__trace:meta_utils.py:2385 
DEBUG    torch.__trace:meta_utils.py:298 
DEBUG    torch.__trace:meta_utils.py:537 
DEBUG    torch.__trace:meta_utils.py:2385 
DEBUG    torch.__trace:meta_utils.py:298 
DEBUG    torch.__trace:meta_utils.py:537 
DEBUG    torch.__trace:meta_utils.py:2385 
DEBUG    torch.__trace:meta_utils.py:298 
DEBUG    torch.__trace:meta_utils.py:537 
DEBUG    torch.__trace:meta_utils.py:2385 
DEBUG    torch.__trace:meta_utils.py:298 
DEBUG    torch.__trace:meta_utils.py:537 
DEBUG    torch.__trace:meta_utils.py:2385 
DEBUG    torch.__trace:meta_utils.py:298 
DEBUG    torch.__trace:meta_utils.py:537 
DEBUG    torch.__trace:meta_utils.py:2385 
DEBUG    torch.__trace:symbolic_shapes.py:5971 
DEBUG    torch.__trace:symbolic_shapes.py:5971 
DEBUG    torch.__trace:symbolic_shapes.py:8465 
DEBUG    torch.__trace:symbolic_shapes.py:8056 
DEBUG    torch.__trace:meta_utils.py:298 
DEBUG    torch.__trace:meta_utils.py:537 
DEBUG    torch.__trace:meta_utils.py:2385 
DEBUG    torch.__trace:symbolic_shapes.py:8465 
DEBUG    torch.__trace:symbolic_shapes.py:8056 
DEBUG    torch.__trace:symbolic_shapes.py:8465 
DEBUG    torch.__trace:symbolic_shapes.py:8056 
DEBUG    torch.__trace:meta_utils.py:298 
DEBUG    torch.__trace:meta_utils.py:537 
DEBUG    torch.__trace:meta_utils.py:2385 
DEBUG    torch.__trace:symbolic_shapes.py:8465 
DEBUG    torch.__trace:symbolic_shapes.py:8465 
DEBUG    torch.__trace:symbolic_shapes.py:8465 
DEBUG    torch.__trace:symbolic_shapes.py:8465 
DEBUG    torch.__trace:symbolic_shapes.py:8465 
DEBUG    torch.__trace:symbolic_shapes.py:8465 
DEBUG    torch.__trace:symbolic_shapes.py:8465 
DEBUG    torch.__trace:meta_utils.py:298 
DEBUG    torch.__trace:meta_utils.py:537 
DEBUG    torch.__trace:meta_utils.py:2385 
DEBUG    torch.__trace:meta_utils.py:298 
DEBUG    torch.__trace:meta_utils.py:537 
DEBUG    torch.__trace:meta_utils.py:2385 
DEBUG    torch.__trace:meta_utils.py:298 
DEBUG    torch.__trace:meta_utils.py:537 
DEBUG    torch.__trace:meta_utils.py:2385 
DEBUG    torch.__trace:meta_utils.py:298 
DEBUG    torch.__trace:meta_utils.py:537 
DEBUG    torch.__trace:meta_utils.py:2385 
DEBUG    torch.__trace:symbolic_shapes.py:5971 
DEBUG    torch.__trace:symbolic_shapes.py:5971 
DEBUG    torch.__trace:symbolic_shapes.py:8465 
DEBUG    torch.__trace:symbolic_shapes.py:8056 
DEBUG    torch.__trace:symbolic_shapes.py:8465 
DEBUG    torch.__trace:symbolic_shapes.py:8056 
DEBUG    torch.__trace:meta_utils.py:298 
DEBUG    torch.__trace:meta_utils.py:537 
DEBUG    torch.__trace:meta_utils.py:2385 
DEBUG    torch.__trace:symbolic_shapes.py:5971 
DEBUG    torch.__trace:symbolic_shapes.py:5971 
DEBUG    torch.__trace:meta_utils.py:298 
DEBUG    torch.__trace:meta_utils.py:537 
DEBUG    torch.__trace:meta_utils.py:2385 
DEBUG    torch.__trace:symbolic_shapes.py:5971 
DEBUG    torch.__trace:symbolic_shapes.py:5971 
DEBUG    torch.__trace:symbolic_shapes.py:8465 
DEBUG    torch.__trace:symbolic_shapes.py:8056 
DEBUG    torch.__trace:symbolic_shapes.py:8465 
DEBUG    torch.__trace:symbolic_shapes.py:8465 
DEBUG    torch.__trace:symbolic_shapes.py:8465 
DEBUG    torch.__trace:symbolic_shapes.py:8056 
DEBUG    torch.__trace:utils.py:2363 
DEBUG    torch.__trace:utils.py:2363 
DEBUG    torch.__trace:utils.py:2363 
DEBUG    torch.__trace:output_graph.py:2942 
DEBUG    torch.__trace:utils.py:2363 
DEBUG    torch.__trace:utils.py:2363 
DEBUG    torch.__trace:utils.py:2363 
DEBUG    torch.__trace:utils.py:2363 
DEBUG    torch.__trace:guards.py:4769 
DEBUG    torch.__trace:utils.py:2363 
DEBUG    torch.__trace:utils.py:2363 
DEBUG    torch.__trace:utils.py:2363 
DEBUG    torch.__trace:utils.py:2363 
DEBUG    torch.__trace:utils.py:2363 
DEBUG    torch.__trace:utils.py:2363 
DEBUG    torch.__trace:utils.py:2022 
DEBUG    torch.__trace:utils.py:2363
=============================== warnings summary ===============================
test/test_explicit_dimensions.py::TestXorGrammarLearnsXor::test_xor_class_accuracy
  /Users/arogers/github/WikiOracle/basicmodel/bin/Models.py:7565: RuntimeWarning: output_state_boundary [config /Users/arogers/github/WikiOracle/basicmodel/data/XOR_grammar.xml]: supervised outputs with reconstruction and answerSynthesis=false use the direct head: output gradients train the whole input state; enable answerSynthesis for the concluded-idea state boundary
    warnings.warn(f"{site} [config {cfg}]: {detail}", RuntimeWarning)

test/test_explicit_dimensions.py::TestXorGrammarLearnsXor::test_xor_class_accuracy
  /Users/arogers/github/WikiOracle/basicmodel/.venv/lib/python3.12/site-packages/torch/utils/_device.py:122: UserWarning: Sparse invariant checks are implicitly disabled. Memory errors (e.g. SEGFAULT) will occur when operating on a sparse tensor which violates the invariants, but checks incur performance overhead. To silence this warning, explicitly opt in or out. See `torch.sparse.check_sparse_tensor_invariants.__doc__` for guidance.  (Triggered internally at /Users/runner/work/pytorch/pytorch/aten/src/ATen/Context.cpp:855.)
    return func(*args, **kwargs)

-- Docs: https://docs.pytest.org/en/stable/how-to/capture-warnings.html
=========================== short test summary info ============================
FAILED test/test_explicit_dimensions.py::TestXorGrammarLearnsXor::test_xor_class_accuracy
1 failed, 2 warnings in 182.85s (0:03:02)
