F.F..                                                                    [100%]
=================================== FAILURES ===================================
_________ TestCheckpointBundle.test_ckpt_includes_vocab_and_bpe_extras _________
test/test_lexicon_ownership.py:301: in test_ckpt_includes_vocab_and_bpe_extras
    self.assertIn("bpe_extras", saved)
E   AssertionError: 'bpe_extras' not found in {'state_dict': {'when_time': tensor(0), 'inputSpace.outputSpace._readout_bias': tensor([[[0.]]]), 'inputSpace.outputSpace.layers.0.W': tensor([[ 6.4025e-03],
E           [-9.1572e-03],
E           [ 1.0425e-02],
E           [-7.9061e-03],
E           [-8.1478e-03],
E           [ 1.1223e-02],
E           [-1.0196e-02],
E           [-5.3322e-03],
E           [-1.0952e-02],
E           [-9.8037e-03],
E           [ 6.3065e-03],
E           [ 8.5900e-03],
E           [ 7.2188e-03],
E           [ 5.0196e-03],
E           [ 3.6789e-03],
E           [-1.1133e-02],
E           [ 9.9105e-03],
E           [-7.6113e-03],
E           [ 4.2682e-03],
E           [-2.2272e-03],
E           [-1.0701e-02],
E           [-2.1601e-03],
E           [-1.1066e-02],
E           [ 1.1822e-02],
E           [ 6.0186e-04],
E           [-8.9853e-03],
E           [-4.7508e-03],
E           [ 5.4819e-03],
E           [-2.2848e-03],
E           [ 9.9447e-03],
E           [-7.3582e-04],
E           [ 1.1370e-02],
E           [ 1.1551e-02],
E           [-1.0440e-02],
E           [-9.8551e-04],
E           [-1.0155e-02],
E           [-9.6142e-03],
E           [ 9.4583e-03],
E           [ 8.0303e-03],
E           [ 1.1444e-02],
E           [-2.2709e-03],
E           [ 8.5038e-03],
E           [ 6.1764e-04],
E           [ 4.0189e-03],
E           [-8.2826e-03],
E           [-1.0008e-02],
E           [ 1.1252e-02],
E           [-9.2135e-05],
E           [-7.3745e-03],
E           [ 7.0124e-03],
E           [-1.0447e-02],
E           [ 8.3567e-03],
E           [-6.4331e-03],
E           [ 2.6352e-03],
E           [-1.2391e-03],
E           [ 6.9388e-03],
E           [-2.2270e-03],
E           [-8.1500e-03],
E           [ 4.2110e-03],
E           [ 9.6729e-03],
E           [-8.3280e-03],
E           [-3.8855e-03],
E           [ 1.1286e-02],
E           [ 4.9697e-04],
E           [-4.4601e-03],
E           [-6.5329e-03],
E           [ 4.5869e-03],
E           [ 1.6146e-03],
E           [ 9.8443e-03],
E           [ 3.7622e-04],
E           [-9.0510e-03],
E           [-1.0978e-02],
E           [ 6.7886e-03],
E           [ 2.8246e-03],
E           [ 8.2059e-03],
E           [-5.7960e-03],
E           [ 1.1337e-02],
E           [ 1.0226e-02],
E           [ 7.5113e-03],
E           [ 5.4741e-03],
E           [ 1.1269e-02],
E           [-8.8713e-03],
E           [-3.2980e-03],
E           [-1.1324e-03]]), 'inputSpace.outputSpace.layers.0.biasWeight': tensor([[0.]]), 'inputSpace.outputSpace.layers.0.bias': tensor([1.]), 'inputSpace.outputSpace.layers.0.var': tensor([0.]), 'inputSpace.outputSpace.layers.0.sigma': tensor([0.]), 'inputSpace.outputSpace.layers.0.sigma_mean': tensor([0.]), 'inputSpace.outputSpace.layers.0.sigma_step': tensor(0), 'inputSpace.outputSpace.layers.1.W': tensor([[ 0.2269, -0.4634,  0.5356, -0.7657, -0.6970,  0.2682,  0.9427,  0.3015,
E             0.0556,  0.2757,  0.2477, -0.6453,  0.3967, -0.0777, -0.9276, -0.7752,
E             0.3179, -0.4082,  0.6391,  0.9370,  0.2630, -0.9358,  0.7303,  0.9594,
E             0.9001,  0.3678, -0.1573,  0.5728, -0.0777,  0.1266,  0.3755,  0.7503,
E            -0.3114, -0.1679, -0.4407, -0.5992, -0.9906,  0.5155,  0.9056,  0.5806,
E            -0.3500,  0.4011, -0.5903, -0.0135, -0.4964,  0.8856, -0.0390, -0.9148,
E             0.8800, -0.8263, -0.3613,  0.4341,  0.4351,  0.4913,  0.1455, -0.7399,
E            -0.5060, -0.1264,  0.2527, -0.4748,  0.8324, -0.2423,  0.9290, -0.3521,
E            -0.0253,  0.1728,  0.3841,  0.7442,  0.5452,  0.7678, -0.2310,  0.7624,
E             0.4342,  0.7313,  0.1487,  0.0283,  0.3225,  0.1174,  0.2814, -0.3618,
E             0.6206,  0.5944,  0.0497, -0.4952]]), 'inputSpace.outputSpace.layers.1.biasWeight': tensor([[0., 0., 0., 0., 0., 0., 0., 0., 0., 0., 0., 0., 0., 0., 0., 0., 0., 0., 0., 0., 0., 0., 0., 0.,
E            0., 0., 0., 0., 0., 0., 0., 0., 0., 0., 0., 0., 0., 0., 0., 0., 0., 0., 0., 0., 0., 0., 0., 0.,
E            0., 0., 0., 0., 0., 0., 0., 0., 0., 0., 0., 0., 0., 0., 0., 0., 0., 0., 0., 0., 0., 0., 0., 0.,
E            0., 0., 0., 0., 0., 0., 0., 0., 0., 0., 0., 0.]]), 'inputSpace.outputSpace.layers.1.bias': tensor([1.]), 'inputSpace.outputSpace.layers.1.var': tensor([0.]), 'inputSpace.outputSpace.layers.1.sigma': tensor([0.]), 'inputSpace.outputSpace.layers.1.sigma_mean': tensor([0.]), 'inputSpace.outputSpace.layers.1.sigma_step': tensor(0), 'inputSpace.outputSpace.linear1.W': tensor([[ 6.4025e-03],
E           [-9.1572e-03],
E           [ 1.0425e-02],
E           [-7.9061e-03],
E           [-8.1478e-03],
E           [ 1.1223e-02],
E           [-1.0196e-02],
E           [-5.3322e-03],
E           [-1.0952e-02],
E           [-9.8037e-03],
E           [ 6.3065e-03],
E           [ 8.5900e-03],
E           [ 7.2188e-03],
E           [ 5.0196e-03],
E           [ 3.6789e-03],
E           [-1.1133e-02],
E           [ 9.9105e-03],
E           [-7.6113e-03],
E           [ 4.2682e-03],
E           [-2.2272e-03],
E           [-1.0701e-02],
E           [-2.1601e-03],
E           [-1.1066e-02],
E           [ 1.1822e-02],
E           [ 6.0186e-04],
E           [-8.9853e-03],
E           [-4.7508e-03],
E           [ 5.4819e-03],
E           [-2.2848e-03],
E           [ 9.9447e-03],
E           [-7.3582e-04],
E           [ 1.1370e-02],
E           [ 1.1551e-02],
E           [-1.0440e-02],
E           [-9.8551e-04],
E           [-1.0155e-02],
E           [-9.6142e-03],
E           [ 9.4583e-03],
E           [ 8.0303e-03],
E           [ 1.1444e-02],
E           [-2.2709e-03],
E           [ 8.5038e-03],
E           [ 6.1764e-04],
E           [ 4.0189e-03],
E           [-8.2826e-03],
E           [-1.0008e-02],
E           [ 1.1252e-02],
E           [-9.2135e-05],
E           [-7.3745e-03],
E           [ 7.0124e-03],
E           [-1.0447e-02],
E           [ 8.3567e-03],
E           [-6.4331e-03],
E           [ 2.6352e-03],
E           [-1.2391e-03],
E           [ 6.9388e-03],
E           [-2.2270e-03],
E           [-8.1500e-03],
E           [ 4.2110e-03],
E           [ 9.6729e-03],
E           [-8.3280e-03],
E           [-3.8855e-03],
E           [ 1.1286e-02],
E           [ 4.9697e-04],
E           [-4.4601e-03],
E           [-6.5329e-03],
E           [ 4.5869e-03],
E           [ 1.6146e-03],
E           [ 9.8443e-03],
E           [ 3.7622e-04],
E           [-9.0510e-03],
E           [-1.0978e-02],
E           [ 6.7886e-03],
E           [ 2.8246e-03],
E           [ 8.2059e-03],
E           [-5.7960e-03],
E           [ 1.1337e-02],
E           [ 1.0226e-02],
E           [ 7.5113e-03],
E           [ 5.4741e-03],
E           [ 1.1269e-02],
E           [-8.8713e-03],
E           [-3.2980e-03],
E           [-1.1324e-03]]), 'inputSpace.outputSpace.linear1.biasWeight': tensor([[0.]]), 'inputSpace.outputSpace.linear1.bias': tensor([1.]), 'inputSpace.outputSpace.linear1.var': tensor([0.]), 'inputSpace.outputSpace.linear1.sigma': tensor([0.]), 'inputSpace.outputSpace.linear1.sigma_mean': tensor([0.]), 'inputSpace.outputSpace.linear1.sigma_step': tensor(0), 'inputSpace.outputSpace.linear2.W': tensor([[ 0.2269, -0.4634,  0.5356, -0.7657, -0.6970,  0.2682,  0.9427,  0.3015,
E             0.0556,  0.2757,  0.2477, -0.6453,  0.3967, -0.0777, -0.9276, -0.7752,
E             0.3179, -0.4082,  0.6391,  0.9370,  0.2630, -0.9358,  0.7303,  0.9594,
E             0.9001,  0.3678, -0.1573,  0.5728, -0.0777,  0.1266,  0.3755,  0.7503,
E            -0.3114, -0.1679, -0.4407, -0.5992, -0.9906,  0.5155,  0.9056,  0.5806,
E            -0.3500,  0.4011, -0.5903, -0.0135, -0.4964,  0.8856, -0.0390, -0.9148,
E             0.8800, -0.8263, -0.3613,  0.4341,  0.4351,  0.4913,  0.1455, -0.7399,
E            -0.5060, -0.1264,  0.2527, -0.4748,  0.8324, -0.2423,  0.9290, -0.3521,
E            -0.0253,  0.1728,  0.3841,  0.7442,  0.5452,  0.7678, -0.2310,  0.7624,
E             0.4342,  0.7313,  0.1487,  0.0283,  0.3225,  0.1174,  0.2814, -0.3618,
E             0.6206,  0.5944,  0.0497, -0.4952]]), 'inputSpace.outputSpace.linear2.biasWeight': tensor([[0., 0., 0., 0., 0., 0., 0., 0., 0., 0., 0., 0., 0., 0., 0., 0., 0., 0., 0., 0., 0., 0., 0., 0.,
E            0., 0., 0., 0., 0., 0., 0., 0., 0., 0., 0., 0., 0., 0., 0., 0., 0., 0., 0., 0., 0., 0., 0., 0.,
E            0., 0., 0., 0., 0., 0., 0., 0., 0., 0., 0., 0., 0., 0., 0., 0., 0., 0., 0., 0., 0., 0., 0., 0.,
E            0., 0., 0., 0., 0., 0., 0., 0., 0., 0., 0., 0.]]), 'inputSpace.outputSpace.linear2.bias': tensor([1.]), 'inputSpace.outputSpace.linear2.var': tensor([0.]), 'inputSpace.outputSpace.linear2.sigma': tensor([0.]), 'inputSpace.outputSpace.linear2.sigma_mean': tensor([0.]), 'inputSpace.outputSpace.linear2.sigma_step': tensor(0), 'perceptualSpace._owned_bases.what.W': tensor([[-1.0000,  0.3535,  0.4414,  0.7486,  0.9440, -1.0000],
E           [-0.7298,  0.3807,  0.0941, -0.6303,  0.9142, -1.0000],
E           [-0.3235,  0.9548, -0.2595,  0.2958, -1.0000, -1.0000],
E           ...,
E           [-0.4737,  0.3059, -0.0269, -1.0000, -1.0000, -0.0041],
E           [-0.4031, -0.6580, -0.0896, -1.0000,  0.3153, -1.0000],
E           [-1.0000, -0.5102, -0.6271, -1.0000,  0.0925, -0.5967]]), 'perceptualSpace._percept_store.byte_fallback.byte_codebook': tensor([[ 0.0158,  0.0044,  0.0259,  0.0115,  0.0076,  0.0201],
E           [ 0.0243,  0.0617,  0.0119, -0.0052, -0.0123,  0.0234],
E           [-0.0025,  0.0004,  0.0041,  0.0076, -0.0048, -0.0037],
E           ...,
E           [-0.0232, -0.0060, -0.0187, -0.0065,  0.0333,  0.0312],
E           [-0.0005,  0.0032, -0.0009, -0.0180,  0.0070, -0.0053],
E           [-0.0145,  0.0315,  0.0132,  0.0229, -0.0375, -0.0077]]), 'conceptualSpaces.0.layers.0.pi.layer.raw_L': tensor([[0., 0., 0., 0., 0., 0., 0., 0., 0., 0., 0., 0., 0., 0.],
E           [0., 0., 0., 0., 0., 0., 0., 0., 0., 0., 0., 0., 0., 0.],
E           [0., 0., 0., 0., 0., 0., 0., 0., 0., 0., 0., 0., 0., 0.],
E           [0., 0., 0., 0., 0., 0., 0., 0., 0., 0., 0., 0., 0., 0.],
E           [0., 0., 0., 0., 0., 0., 0., 0., 0., 0., 0., 0., 0., 0.],
E           [0., 0., 0., 0., 0., 0., 0., 0., 0., 0., 0., 0., 0., 0.],
E           [0., 0., 0., 0., 0., 0., 0., 0., 0., 0., 0., 0., 0., 0.],
E           [0., 0., 0., 0., 0., 0., 0., 0., 0., 0., 0., 0., 0., 0.],
E           [0., 0., 0., 0., 0., 0., 0., 0., 0., 0., 0., 0., 0., 0.],
E           [0., 0., 0., 0., 0., 0., 0., 0., 0., 0., 0., 0., 0., 0.],
E           [0., 0., 0., 0., 0., 0., 0., 0., 0., 0., 0., 0., 0., 0.],
E           [0., 0., 0., 0., 0., 0., 0., 0., 0., 0., 0., 0., 0., 0.],
E           [0., 0., 0., 0., 0., 0., 0., 0., 0., 0., 0., 0., 0., 0.],
E           [0., 0., 0., 0., 0., 0., 0., 0., 0., 0., 0., 0., 0., 0.]]), 'conceptualSpaces.0.layers.0.pi.layer.d': tensor([1., 1., 1., 1., 1., 1., 1., 1., 1., 1., 1., 1., 1., 1.]), 'conceptualSpaces.0.layers.0.pi.layer.raw_U': tensor([[0., 0., 0., 0., 0., 0., 0., 0., 0., 0., 0., 0., 0., 0.],
E           [0., 0., 0., 0., 0., 0., 0., 0., 0., 0., 0., 0., 0., 0.],
E           [0., 0., 0., 0., 0., 0., 0., 0., 0., 0., 0., 0., 0., 0.],
E           [0., 0., 0., 0., 0., 0., 0., 0., 0., 0., 0., 0., 0., 0.],
E           [0., 0., 0., 0., 0., 0., 0., 0., 0., 0., 0., 0., 0., 0.],
E           [0., 0., 0., 0., 0., 0., 0., 0., 0., 0., 0., 0., 0., 0.],
E           [0., 0., 0., 0., 0., 0., 0., 0., 0., 0., 0., 0., 0., 0.],
E           [0., 0., 0., 0., 0., 0., 0., 0., 0., 0., 0., 0., 0., 0.],
E           [0., 0., 0., 0., 0., 0., 0., 0., 0., 0., 0., 0., 0., 0.],
E           [0., 0., 0., 0., 0., 0., 0., 0., 0., 0., 0., 0., 0., 0.],
E           [0., 0., 0., 0., 0., 0., 0., 0., 0., 0., 0., 0., 0., 0.],
E           [0., 0., 0., 0., 0., 0., 0., 0., 0., 0., 0., 0., 0., 0.],
E           [0., 0., 0., 0., 0., 0., 0., 0., 0., 0., 0., 0., 0., 0.],
E           [0., 0., 0., 0., 0., 0., 0., 0., 0., 0., 0., 0., 0., 0.]]), 'conceptualSpaces.0.layers.0.pi.layer.biasWeight': tensor([[0., 0., 0., 0., 0., 0., 0., 0., 0., 0., 0., 0., 0., 0.]]), 'conceptualSpaces.0.layers.0.pi.layer.bias': tensor([1.]), 'conceptualSpaces.0.layers.0.pi.layer.var': tensor([0.]), 'conceptualSpaces.0.layers.0.pi.layer.sigma': tensor([0.]), 'conceptualSpaces.0.layers.0.pi.layer.sigma_mean': tensor([0.]), 'conceptualSpaces.0.layers.0.pi.layer.sigma_step': tensor(0), 'conceptualSpaces.0.layers.0.sigma.layer.raw_L': tensor([[0., 0., 0., 0., 0., 0., 0., 0., 0., 0., 0., 0., 0., 0.],
E           [0., 0., 0., 0., 0., 0., 0., 0., 0., 0., 0., 0., 0., 0.],
E           [0., 0., 0., 0., 0., 0., 0., 0., 0., 0., 0., 0., 0., 0.],
E           [0., 0., 0., 0., 0., 0., 0., 0., 0., 0., 0., 0., 0., 0.],
E           [0., 0., 0., 0., 0., 0., 0., 0., 0., 0., 0., 0., 0., 0.],
E           [0., 0., 0., 0., 0., 0., 0., 0., 0., 0., 0., 0., 0., 0.],
E           [0., 0., 0., 0., 0., 0., 0., 0., 0., 0., 0., 0., 0., 0.],
E           [0., 0., 0., 0., 0., 0., 0., 0., 0., 0., 0., 0., 0., 0.],
E           [0., 0., 0., 0., 0., 0., 0., 0., 0., 0., 0., 0., 0., 0.],
E           [0., 0., 0., 0., 0., 0., 0., 0., 0., 0., 0., 0., 0., 0.],
E           [0., 0., 0., 0., 0., 0., 0., 0., 0., 0., 0., 0., 0., 0.],
E           [0., 0., 0., 0., 0., 0., 0., 0., 0., 0., 0., 0., 0., 0.],
E           [0., 0., 0., 0., 0., 0., 0., 0., 0., 0., 0., 0., 0., 0.],
E           [0., 0., 0., 0., 0., 0., 0., 0., 0., 0., 0., 0., 0., 0.]]), 'conceptualSpaces.0.layers.0.sigma.layer.d': tensor([1., 1., 1., 1., 1., 1., 1., 1., 1., 1., 1., 1., 1., 1.]), 'conceptualSpaces.0.layers.0.sigma.layer.raw_U': tensor([[0., 0., 0., 0., 0., 0., 0., 0., 0., 0., 0., 0., 0., 0.],
E           [0., 0., 0., 0., 0., 0., 0., 0., 0., 0., 0., 0., 0., 0.],
E           [0., 0., 0., 0., 0., 0., 0., 0., 0., 0., 0., 0., 0., 0.],
E           [0., 0., 0., 0., 0., 0., 0., 0., 0., 0., 0., 0., 0., 0.],
E           [0., 0., 0., 0., 0., 0., 0., 0., 0., 0., 0., 0., 0., 0.],
E           [0., 0., 0., 0., 0., 0., 0., 0., 0., 0., 0., 0., 0., 0.],
E           [0., 0., 0., 0., 0., 0., 0., 0., 0., 0., 0., 0., 0., 0.],
E           [0., 0., 0., 0., 0., 0., 0., 0., 0., 0., 0., 0., 0., 0.],
E           [0., 0., 0., 0., 0., 0., 0., 0., 0., 0., 0., 0., 0., 0.],
E           [0., 0., 0., 0., 0., 0., 0., 0., 0., 0., 0., 0., 0., 0.],
E           [0., 0., 0., 0., 0., 0., 0., 0., 0., 0., 0., 0., 0., 0.],
E           [0., 0., 0., 0., 0., 0., 0., 0., 0., 0., 0., 0., 0., 0.],
E           [0., 0., 0., 0., 0., 0., 0., 0., 0., 0., 0., 0., 0., 0.],
E           [0., 0., 0., 0., 0., 0., 0., 0., 0., 0., 0., 0., 0., 0.]]), 'conceptualSpaces.0.layers.0.sigma.layer.biasWeight': tensor([[0., 0., 0., 0., 0., 0., 0., 0., 0., 0., 0., 0., 0., 0.]]), 'conceptualSpaces.0.layers.0.sigma.layer.bias': tensor([1.]), 'conceptualSpaces.0.layers.0.sigma.layer.var': tensor([0.]), 'conceptualSpaces.0.layers.0.sigma.layer.sigma': tensor([0.]), 'conceptualSpaces.0.layers.0.sigma.layer.sigma_mean': tensor([0.]), 'conceptualSpaces.0.layers.0.sigma.layer.sigma_step': tensor(0), 'conceptualSpaces.0.layers.0.layers.0.layer.raw_L': tensor([[0., 0., 0., 0., 0., 0., 0., 0., 0., 0., 0., 0., 0., 0.],
E           [0., 0., 0., 0., 0., 0., 0., 0., 0., 0., 0., 0., 0., 0.],
E           [0., 0., 0., 0., 0., 0., 0., 0., 0., 0., 0., 0., 0., 0.],
E           [0., 0., 0., 0., 0., 0., 0., 0., 0., 0., 0., 0., 0., 0.],
E           [0., 0., 0., 0., 0., 0., 0., 0., 0., 0., 0., 0., 0., 0.],
E           [0., 0., 0., 0., 0., 0., 0., 0., 0., 0., 0., 0., 0., 0.],
E           [0., 0., 0., 0., 0., 0., 0., 0., 0., 0., 0., 0., 0., 0.],
E           [0., 0., 0., 0., 0., 0., 0., 0., 0., 0., 0., 0., 0., 0.],
E           [0., 0., 0., 0., 0., 0., 0., 0., 0., 0., 0., 0., 0., 0.],
E           [0., 0., 0., 0., 0., 0., 0., 0., 0., 0., 0., 0., 0., 0.],
E           [0., 0., 0., 0., 0., 0., 0., 0., 0., 0., 0., 0., 0., 0.],
E           [0., 0., 0., 0., 0., 0., 0., 0., 0., 0., 0., 0., 0., 0.],
E           [0., 0., 0., 0., 0., 0., 0., 0., 0., 0., 0., 0., 0., 0.],
E           [0., 0., 0., 0., 0., 0., 0., 0., 0., 0., 0., 0., 0., 0.]]), 'conceptualSpaces.0.layers.0.layers.0.layer.d': tensor([1., 1., 1., 1., 1., 1., 1., 1., 1., 1., 1., 1., 1., 1.]), 'conceptualSpaces.0.layers.0.layers.0.layer.raw_U': tensor([[0., 0., 0., 0., 0., 0., 0., 0., 0., 0., 0., 0., 0., 0.],
E           [0., 0., 0., 0., 0., 0., 0., 0., 0., 0., 0., 0., 0., 0.],
E           [0., 0., 0., 0., 0., 0., 0., 0., 0., 0., 0., 0., 0., 0.],
E           [0., 0., 0., 0., 0., 0., 0., 0., 0., 0., 0., 0., 0., 0.],
E           [0., 0., 0., 0., 0., 0., 0., 0., 0., 0., 0., 0., 0., 0.],
E           [0., 0., 0., 0., 0., 0., 0., 0., 0., 0., 0., 0., 0., 0.],
E           [0., 0., 0., 0., 0., 0., 0., 0., 0., 0., 0., 0., 0., 0.],
E           [0., 0., 0., 0., 0., 0., 0., 0., 0., 0., 0., 0., 0., 0.],
E           [0., 0., 0., 0., 0., 0., 0., 0., 0., 0., 0., 0., 0., 0.],
E           [0., 0., 0., 0., 0., 0., 0., 0., 0., 0., 0., 0., 0., 0.],
E           [0., 0., 0., 0., 0., 0., 0., 0., 0., 0., 0., 0., 0., 0.],
E           [0., 0., 0., 0., 0., 0., 0., 0., 0., 0., 0., 0., 0., 0.],
E           [0., 0., 0., 0., 0., 0., 0., 0., 0., 0., 0., 0., 0., 0.],
E           [0., 0., 0., 0., 0., 0., 0., 0., 0., 0., 0., 0., 0., 0.]]), 'conceptualSpaces.0.layers.0.layers.0.layer.biasWeight': tensor([[0., 0., 0., 0., 0., 0., 0., 0., 0., 0., 0., 0., 0., 0.]]), 'conceptualSpaces.0.layers.0.layers.0.layer.bias': tensor([1.]), 'conceptualSpaces.0.layers.0.layers.0.layer.var': tensor([0.]), 'conceptualSpaces.0.layers.0.layers.0.layer.sigma': tensor([0.]), 'conceptualSpaces.0.layers.0.layers.0.layer.sigma_mean': tensor([0.]), 'conceptualSpaces.0.layers.0.layers.0.layer.sigma_step': tensor(0), 'conceptualSpaces.0.layers.0.layers.1.layer.raw_L': tensor([[0., 0., 0., 0., 0., 0., 0., 0., 0., 0., 0., 0., 0., 0.],
E           [0., 0., 0., 0., 0., 0., 0., 0., 0., 0., 0., 0., 0., 0.],
E           [0., 0., 0., 0., 0., 0., 0., 0., 0., 0., 0., 0., 0., 0.],
E           [0., 0., 0., 0., 0., 0., 0., 0., 0., 0., 0., 0., 0., 0.],
E           [0., 0., 0., 0., 0., 0., 0., 0., 0., 0., 0., 0., 0., 0.],
E           [0., 0., 0., 0., 0., 0., 0., 0., 0., 0., 0., 0., 0., 0.],
E           [0., 0., 0., 0., 0., 0., 0., 0., 0., 0., 0., 0., 0., 0.],
E           [0., 0., 0., 0., 0., 0., 0., 0., 0., 0., 0., 0., 0., 0.],
E           [0., 0., 0., 0., 0., 0., 0., 0., 0., 0., 0., 0., 0., 0.],
E           [0., 0., 0., 0., 0., 0., 0., 0., 0., 0., 0., 0., 0., 0.],
E           [0., 0., 0., 0., 0., 0., 0., 0., 0., 0., 0., 0., 0., 0.],
E           [0., 0., 0., 0., 0., 0., 0., 0., 0., 0., 0., 0., 0., 0.],
E           [0., 0., 0., 0., 0., 0., 0., 0., 0., 0., 0., 0., 0., 0.],
E           [0., 0., 0., 0., 0., 0., 0., 0., 0., 0., 0., 0., 0., 0.]]), 'conceptualSpaces.0.layers.0.layers.1.layer.d': tensor([1., 1., 1., 1., 1., 1., 1., 1., 1., 1., 1., 1., 1., 1.]), 'conceptualSpaces.0.layers.0.layers.1.layer.raw_U': tensor([[0., 0., 0., 0., 0., 0., 0., 0., 0., 0., 0., 0., 0., 0.],
E           [0., 0., 0., 0., 0., 0., 0., 0., 0., 0., 0., 0., 0., 0.],
E           [0., 0., 0., 0., 0., 0., 0., 0., 0., 0., 0., 0., 0., 0.],
E           [0., 0., 0., 0., 0., 0., 0., 0., 0., 0., 0., 0., 0., 0.],
E           [0., 0., 0., 0., 0., 0., 0., 0., 0., 0., 0., 0., 0., 0.],
E           [0., 0., 0., 0., 0., 0., 0., 0., 0., 0., 0., 0., 0., 0.],
E           [0., 0., 0., 0., 0., 0., 0., 0., 0., 0., 0., 0., 0., 0.],
E           [0., 0., 0., 0., 0., 0., 0., 0., 0., 0., 0., 0., 0., 0.],
E           [0., 0., 0., 0., 0., 0., 0., 0., 0., 0., 0., 0., 0., 0.],
E           [0., 0., 0., 0., 0., 0., 0., 0., 0., 0., 0., 0., 0., 0.],
E           [0., 0., 0., 0., 0., 0., 0., 0., 0., 0., 0., 0., 0., 0.],
E           [0., 0., 0., 0., 0., 0., 0., 0., 0., 0., 0., 0., 0., 0.],
E           [0., 0., 0., 0., 0., 0., 0., 0., 0., 0., 0., 0., 0., 0.],
E           [0., 0., 0., 0., 0., 0., 0., 0., 0., 0., 0., 0., 0., 0.]]), 'conceptualSpaces.0.layers.0.layers.1.layer.biasWeight': tensor([[0., 0., 0., 0., 0., 0., 0., 0., 0., 0., 0., 0., 0., 0.]]), 'conceptualSpaces.0.layers.0.layers.1.layer.bias': tensor([1.]), 'conceptualSpaces.0.layers.0.layers.1.layer.var': tensor([0.]), 'conceptualSpaces.0.layers.0.layers.1.layer.sigma': tensor([0.]), 'conceptualSpaces.0.layers.0.layers.1.layer.sigma_mean': tensor([0.]), 'conceptualSpaces.0.layers.0.layers.1.layer.sigma_step': tensor(0), 'conceptualSpaces.0.layers.0.routing_proj.weight': tensor([[ 0.1471, -0.0256,  0.0020,  0.3269, -0.0174, -0.0642],
E           [ 0.2509, -0.2009,  0.3341, -0.2545,  0.3298,  0.3854],
E           [-0.4031,  0.1396,  0.2480, -0.0689,  0.3612, -0.2053],
E           [ 0.1487,  0.0936,  0.2679,  0.0872,  0.2014, -0.0849],
E           [-0.2023, -0.2472, -0.0450, -0.0188, -0.0175,  0.1433],
E           [-0.3743,  0.3923,  0.3853, -0.1012,  0.0470,  0.2945],
E           [-0.0507, -0.1046,  0.3304,  0.2192, -0.0406,  0.2776],
E           [-0.1644, -0.2720,  0.1139, -0.3633, -0.4065,  0.2185],
E           [-0.0473, -0.0304, -0.0732, -0.0146, -0.1014, -0.2970],
E           [-0.3031,  0.1021, -0.0048,  0.0667, -0.4082, -0.3863],
E           [-0.3616,  0.0240,  0.0075,  0.2902, -0.1053, -0.0048],
E           [ 0.2275, -0.2815, -0.1533,  0.3882, -0.0413,  0.2112],
E           [-0.1096, -0.2064, -0.3525,  0.2664,  0.3395, -0.1802],
E           [ 0.3475,  0.3065,  0.3221, -0.1125,  0.2911, -0.2573]]), 'conceptualSpaces.0.layers.0.routing_proj.bias': tensor([ 0.0956, -0.0219, -0.3032,  0.0835, -0.2249,  0.3118,  0.3756,  0.0475,
E            0.2144,  0.2953,  0.3753, -0.3091, -0.3083,  0.3744]), 'conceptualSpaces.0.layers.3.W': tensor([[ 0.0428,  0.1196,  0.1028,  0.2155, -0.5640, -0.1948, -0.1645, -0.2651,
E             0.2592,  0.4839, -0.2684,  0.2658, -0.1317, -0.1102],
E           [-0.3679,  0.1578, -0.2301, -0.6199,  0.0295, -0.1588,  0.1800,  0.0658,
E            -0.3671, -0.0099, -0.4161, -0.0208, -0.1625, -0.0697],
E           [ 0.4698,  0.1229,  0.1329,  0.0584, -0.0632,  0.2765,  0.0143, -0.2289,
E            -0.0897, -0.4005, -0.0906,  0.6215, -0.2173,  0.0010],
E           [ 0.2460, -0.4702, -0.3261,  0.0872, -0.2345,  0.1200,  0.3271,  0.3200,
E             0.3108, -0.0496,  0.4464,  0.1134,  0.0592,  0.1047],
E           [ 0.3822, -0.0445,  0.1151,  0.2295,  0.0877,  0.0537, -0.4832, -0.0958,
E             0.3526, -0.2730,  0.2928,  0.0529, -0.4932,  0.0457],
E           [-0.2420, -0.0422,  0.0574,  0.4143,  0.4155, -0.6216,  0.3622, -0.0617,
E            -0.0398, -0.0755,  0.0813,  0.2266, -0.0723,  0.0151]]), 'conceptualSpaces.0.layers.3.vq.cluster_size': tensor([1., 1., 1., 1., 1., 1.]), 'conceptualSpaces.0.layers.3.vq.embed_avg': tensor([[ 0.0428,  0.1196,  0.1028,  0.2155, -0.5640, -0.1948, -0.1645, -0.2651,
E             0.2592,  0.4839, -0.2684,  0.2658, -0.1317, -0.1102],
E           [-0.3679,  0.1578, -0.2301, -0.6199,  0.0295, -0.1588,  0.1800,  0.0658,
E            -0.3671, -0.0099, -0.4161, -0.0208, -0.1625, -0.0697],
E           [ 0.4698,  0.1229,  0.1329,  0.0584, -0.0632,  0.2765,  0.0143, -0.2289,
E            -0.0897, -0.4005, -0.0906,  0.6215, -0.2173,  0.0010],
E           [ 0.2460, -0.4702, -0.3261,  0.0872, -0.2345,  0.1200,  0.3271,  0.3200,
E             0.3108, -0.0496,  0.4464,  0.1134,  0.0592,  0.1047],
E           [ 0.3822, -0.0445,  0.1151,  0.2295,  0.0877,  0.0537, -0.4832, -0.0958,
E             0.3526, -0.2730,  0.2928,  0.0529, -0.4932,  0.0457],
E           [-0.2420, -0.0422,  0.0574,  0.4143,  0.4155, -0.6216,  0.3622, -0.0617,
E            -0.0398, -0.0755,  0.0813,  0.2266, -0.0723,  0.0151]]), 'conceptualSpaces.0.layers.3.vq._b_norms_sq': tensor([1.0000, 1.0000, 1.0000, 1.0000, 1.0000, 1.0000]), 'conceptualSpaces.0.layers.3.vq.active_mask': tensor([True, True, True, True, True, True]), 'conceptualSpaces.0.layers.4.coefficients': tensor([[0.5000, 0.5000, 0.5000, 0.5000, 0.5000, 0.5000, 0.5000, 0.5000, 0.0000],
E           [0.5000, 0.5000, 0.5000, 0.5000, 0.5000, 0.5000, 0.5000, 0.5000, 0.0000],
E           [0.5000, 0.5000, 0.5000, 0.5000, 0.5000, 0.5000, 0.5000, 0.5000, 0.0000],
E           [0.5000, 0.5000, 0.5000, 0.5000, 0.5000, 0.5000, 0.5000, 0.5000, 0.0000],
E           [0.5000, 0.5000, 0.5000, 0.5000, 0.5000, 0.5000, 0.5000, 0.5000, 0.0000],
E           [0.5000, 0.5000, 0.5000, 0.5000, 0.5000, 0.5000, 0.5000, 0.5000, 0.0000]]), 'conceptualSpaces.0.layers.5.sigma.layer.W': tensor([[0.5000],
E           [0.5000],
E           [0.5000],
E           [0.5000],
E           [0.5000],
E           [0.5000],
E           [0.5000],
E           [0.5000],
E           [0.5000]]), 'conceptualSpaces.0.layers.5.sigma.layer.biasWeight': tensor([[0.]]), 'conceptualSpaces.0.layers.5.sigma.layer.bias': tensor([1.]), 'conceptualSpaces.0.layers.5.sigma.layer.var': tensor([0.]), 'conceptualSpaces.0.layers.5.sigma.layer.sigma': tensor([0.]), 'conceptualSpaces.0.layers.5.sigma.layer.sigma_mean': tensor([0.]), 'conceptualSpaces.0.layers.5.sigma.layer.sigma_step': tensor(0), 'conceptualSpaces.0.layers.6.callosum': tensor([[0.5000, 0.0000, 0.0000, 0.0000, 0.0000, 0.0000],
E           [0.0000, 0.5000, 0.0000, 0.0000, 0.0000, 0.0000],
E           [0.0000, 0.0000, 0.5000, 0.0000, 0.0000, 0.0000],
E           [0.0000, 0.0000, 0.0000, 0.5000, 0.0000, 0.0000],
E           [0.0000, 0.0000, 0.0000, 0.0000, 0.5000, 0.0000],
E           [0.0000, 0.0000, 0.0000, 0.0000, 0.0000, 0.5000],
E           [0.5000, 0.0000, 0.0000, 0.0000, 0.0000, 0.0000],
E           [0.0000, 0.5000, 0.0000, 0.0000, 0.0000, 0.0000],
E           [0.0000, 0.0000, 0.5000, 0.0000, 0.0000, 0.0000],
E           [0.0000, 0.0000, 0.0000, 0.5000, 0.0000, 0.0000],
E           [0.0000, 0.0000, 0.0000, 0.0000, 0.5000, 0.0000],
E           [0.0000, 0.0000, 0.0000, 0.0000, 0.0000, 0.5000]]), 'conceptualSpaces.0.layers.6.layer.butterfly_L': tensor([[0., 0., 0.,  ..., 0., 0., 0.],
E           [0., 0., 0.,  ..., 0., 0., 0.],
E           [0., 0., 0.,  ..., 0., 0., 0.],
E           ...,
E           [0., 0., 0.,  ..., 0., 0., 0.],
E           [0., 0., 0.,  ..., 0., 0., 0.],
E           [0., 0., 0.,  ..., 0., 0., 0.]]), 'conceptualSpaces.0.layers.6.layer.butterfly_d': tensor([[[1., 1.],
E            [1., 1.],
E            [1., 1.],
E            ...,
E            [1., 1.],
E            [1., 1.],
E            [1., 1.]],
E   
E           [[1., 1.],
E            [1., 1.],
E            [1., 1.],
E            ...,
E            [1., 1.],
E            [1., 1.],
E            [1., 1.]],
E   
E           [[1., 1.],
E            [1., 1.],
E            [1., 1.],
E            ...,
E            [1., 1.],
E            [1., 1.],
E            [1., 1.]],
E   
E           ...,
E   
E           [[1., 1.],
E            [1., 1.],
E            [1., 1.],
E            ...,
E            [1., 1.],
E            [1., 1.],
E            [1., 1.]],
E   
E           [[1., 1.],
E            [1., 1.],
E            [1., 1.],
E            ...,
E            [1., 1.],
E            [1., 1.],
E            [1., 1.]],
E   
E           [[1., 1.],
E            [1., 1.],
E            [1., 1.],
E            ...,
E            [1., 1.],
E            [1., 1.],
E            [1., 1.]]]), 'conceptualSpaces.0.layers.6.layer.butterfly_U': tensor([[0., 0., 0.,  ..., 0., 0., 0.],
E           [0., 0., 0.,  ..., 0., 0., 0.],
E           [0., 0., 0.,  ..., 0., 0., 0.],
E           ...,
E           [0., 0., 0.,  ..., 0., 0., 0.],
E           [0., 0., 0.,  ..., 0., 0., 0.],
E           [0., 0., 0.,  ..., 0., 0., 0.]]), 'conceptualSpaces.0.layers.6.layer.butterfly_perms': tensor([[  0,   1,   2,  ..., 253, 254, 255],
E           [  0,   2,   1,  ..., 254, 253, 255],
E           [  0,   4,   1,  ..., 254, 251, 255],
E           ...,
E           [  0,  32,   1,  ..., 254, 223, 255],
E           [  0,  64,   1,  ..., 254, 191, 255],
E           [  0, 128,   1,  ..., 254, 127, 255]]), 'conceptualSpaces.0.intraSentenceLayer.pi.layer.raw_L': tensor([[0., 0., 0., 0., 0., 0., 0., 0., 0., 0., 0., 0., 0., 0.],
E           [0., 0., 0., 0., 0., 0., 0., 0., 0., 0., 0., 0., 0., 0.],
E           [0., 0., 0., 0., 0., 0., 0., 0., 0., 0., 0., 0., 0., 0.],
E           [0., 0., 0., 0., 0., 0., 0., 0., 0., 0., 0., 0., 0., 0.],
E           [0., 0., 0., 0., 0., 0., 0., 0., 0., 0., 0., 0., 0., 0.],
E           [0., 0., 0., 0., 0., 0., 0., 0., 0., 0., 0., 0., 0., 0.],
E           [0., 0., 0., 0., 0., 0., 0., 0., 0., 0., 0., 0., 0., 0.],
E           [0., 0., 0., 0., 0., 0., 0., 0., 0., 0., 0., 0., 0., 0.],
E           [0., 0., 0., 0., 0., 0., 0., 0., 0., 0., 0., 0., 0., 0.],
E           [0., 0., 0., 0., 0., 0., 0., 0., 0., 0., 0., 0., 0., 0.],
E           [0., 0., 0., 0., 0., 0., 0., 0., 0., 0., 0., 0., 0., 0.],
E           [0., 0., 0., 0., 0., 0., 0., 0., 0., 0., 0., 0., 0., 0.],
E           [0., 0., 0., 0., 0., 0., 0., 0., 0., 0., 0., 0., 0., 0.],
E           [0., 0., 0., 0., 0., 0., 0., 0., 0., 0., 0., 0., 0., 0.]]), 'conceptualSpaces.0.intraSentenceLayer.pi.layer.d': tensor([1., 1., 1., 1., 1., 1., 1., 1., 1., 1., 1., 1., 1., 1.]), 'conceptualSpaces.0.intraSentenceLayer.pi.layer.raw_U': tensor([[0., 0., 0., 0., 0., 0., 0., 0., 0., 0., 0., 0., 0., 0.],
E           [0., 0., 0., 0., 0., 0., 0., 0., 0., 0., 0., 0., 0., 0.],
E           [0., 0., 0., 0., 0., 0., 0., 0., 0., 0., 0., 0., 0., 0.],
E           [0., 0., 0., 0., 0., 0., 0., 0., 0., 0., 0., 0., 0., 0.],
E           [0., 0., 0., 0., 0., 0., 0., 0., 0., 0., 0., 0., 0., 0.],
E           [0., 0., 0., 0., 0., 0., 0., 0., 0., 0., 0., 0., 0., 0.],
E           [0., 0., 0., 0., 0., 0., 0., 0., 0., 0., 0., 0., 0., 0.],
E           [0., 0., 0., 0., 0., 0., 0., 0., 0., 0., 0., 0., 0., 0.],
E           [0., 0., 0., 0., 0., 0., 0., 0., 0., 0., 0., 0., 0., 0.],
E           [0., 0., 0., 0., 0., 0., 0., 0., 0., 0., 0., 0., 0., 0.],
E           [0., 0., 0., 0., 0., 0., 0., 0., 0., 0., 0., 0., 0., 0.],
E           [0., 0., 0., 0., 0., 0., 0., 0., 0., 0., 0., 0., 0., 0.],
E           [0., 0., 0., 0., 0., 0., 0., 0., 0., 0., 0., 0., 0., 0.],
E           [0., 0., 0., 0., 0., 0., 0., 0., 0., 0., 0., 0., 0., 0.]]), 'conceptualSpaces.0.intraSentenceLayer.pi.layer.biasWeight': tensor([[0., 0., 0., 0., 0., 0., 0., 0., 0., 0., 0., 0., 0., 0.]]), 'conceptualSpaces.0.intraSentenceLayer.pi.layer.bias': tensor([1.]), 'conceptualSpaces.0.intraSentenceLayer.pi.layer.var': tensor([0.]), 'conceptualSpaces.0.intraSentenceLayer.pi.layer.sigma': tensor([0.]), 'conceptualSpaces.0.intraSentenceLayer.pi.layer.sigma_mean': tensor([0.]), 'conceptualSpaces.0.intraSentenceLayer.pi.layer.sigma_step': tensor(0), 'conceptualSpaces.0.intraSentenceLayer.sigma.layer.raw_L': tensor([[0., 0., 0., 0., 0., 0., 0., 0., 0., 0., 0., 0., 0., 0.],
E           [0., 0., 0., 0., 0., 0., 0., 0., 0., 0., 0., 0., 0., 0.],
E           [0., 0., 0., 0., 0., 0., 0., 0., 0., 0., 0., 0., 0., 0.],
E           [0., 0., 0., 0., 0., 0., 0., 0., 0., 0., 0., 0., 0., 0.],
E           [0., 0., 0., 0., 0., 0., 0., 0., 0., 0., 0., 0., 0., 0.],
E           [0., 0., 0., 0., 0., 0., 0., 0., 0., 0., 0., 0., 0., 0.],
E           [0., 0., 0., 0., 0., 0., 0., 0., 0., 0., 0., 0., 0., 0.],
E           [0., 0., 0., 0., 0., 0., 0., 0., 0., 0., 0., 0., 0., 0.],
E           [0., 0., 0., 0., 0., 0., 0., 0., 0., 0., 0., 0., 0., 0.],
E           [0., 0., 0., 0., 0., 0., 0., 0., 0., 0., 0., 0., 0., 0.],
E           [0., 0., 0., 0., 0., 0., 0., 0., 0., 0., 0., 0., 0., 0.],
E           [0., 0., 0., 0., 0., 0., 0., 0., 0., 0., 0., 0., 0., 0.],
E           [0., 0., 0., 0., 0., 0., 0., 0., 0., 0., 0., 0., 0., 0.],
E           [0., 0., 0., 0., 0., 0., 0., 0., 0., 0., 0., 0., 0., 0.]]), 'conceptualSpaces.0.intraSentenceLayer.sigma.layer.d': tensor([1., 1., 1., 1., 1., 1., 1., 1., 1., 1., 1., 1., 1., 1.]), 'conceptualSpaces.0.intraSentenceLayer.sigma.layer.raw_U': tensor([[0., 0., 0., 0., 0., 0., 0., 0., 0., 0., 0., 0., 0., 0.],
E           [0., 0., 0., 0., 0., 0., 0., 0., 0., 0., 0., 0., 0., 0.],
E           [0., 0., 0., 0., 0., 0., 0., 0., 0., 0., 0., 0., 0., 0.],
E           [0., 0., 0., 0., 0., 0., 0., 0., 0., 0., 0., 0., 0., 0.],
E           [0., 0., 0., 0., 0., 0., 0., 0., 0., 0., 0., 0., 0., 0.],
E           [0., 0., 0., 0., 0., 0., 0., 0., 0., 0., 0., 0., 0., 0.],
E           [0., 0., 0., 0., 0., 0., 0., 0., 0., 0., 0., 0., 0., 0.],
E           [0., 0., 0., 0., 0., 0., 0., 0., 0., 0., 0., 0., 0., 0.],
E           [0., 0., 0., 0., 0., 0., 0., 0., 0., 0., 0., 0., 0., 0.],
E           [0., 0., 0., 0., 0., 0., 0., 0., 0., 0., 0., 0., 0., 0.],
E           [0., 0., 0., 0., 0., 0., 0., 0., 0., 0., 0., 0., 0., 0.],
E           [0., 0., 0., 0., 0., 0., 0., 0., 0., 0., 0., 0., 0., 0.],
E           [0., 0., 0., 0., 0., 0., 0., 0., 0., 0., 0., 0., 0., 0.],
E           [0., 0., 0., 0., 0., 0., 0., 0., 0., 0., 0., 0., 0., 0.]]), 'conceptualSpaces.0.intraSentenceLayer.sigma.layer.biasWeight': tensor([[0., 0., 0., 0., 0., 0., 0., 0., 0., 0., 0., 0., 0., 0.]]), 'conceptualSpaces.0.intraSentenceLayer.sigma.layer.bias': tensor([1.]), 'conceptualSpaces.0.intraSentenceLayer.sigma.layer.var': tensor([0.]), 'conceptualSpaces.0.intraSentenceLayer.sigma.layer.sigma': tensor([0.]), 'conceptualSpaces.0.intraSentenceLayer.sigma.layer.sigma_mean': tensor([0.]), 'conceptualSpaces.0.intraSentenceLayer.sigma.layer.sigma_step': tensor(0), 'conceptualSpaces.0.intraSentenceLayer.layers.0.layer.raw_L': tensor([[0., 0., 0., 0., 0., 0., 0., 0., 0., 0., 0., 0., 0., 0.],
E           [0., 0., 0., 0., 0., 0., 0., 0., 0., 0., 0., 0., 0., 0.],
E           [0., 0., 0., 0., 0., 0., 0., 0., 0., 0., 0., 0., 0., 0.],
E           [0., 0., 0., 0., 0., 0., 0., 0., 0., 0., 0., 0., 0., 0.],
E           [0., 0., 0., 0., 0., 0., 0., 0., 0., 0., 0., 0., 0., 0.],
E           [0., 0., 0., 0., 0., 0., 0., 0., 0., 0., 0., 0., 0., 0.],
E           [0., 0., 0., 0., 0., 0., 0., 0., 0., 0., 0., 0., 0., 0.],
E           [0., 0., 0., 0., 0., 0., 0., 0., 0., 0., 0., 0., 0., 0.],
E           [0., 0., 0., 0., 0., 0., 0., 0., 0., 0., 0., 0., 0., 0.],
E           [0., 0., 0., 0., 0., 0., 0., 0., 0., 0., 0., 0., 0., 0.],
E           [0., 0., 0., 0., 0., 0., 0., 0., 0., 0., 0., 0., 0., 0.],
E           [0., 0., 0., 0., 0., 0., 0., 0., 0., 0., 0., 0., 0., 0.],
E           [0., 0., 0., 0., 0., 0., 0., 0., 0., 0., 0., 0., 0., 0.],
E           [0., 0., 0., 0., 0., 0., 0., 0., 0., 0., 0., 0., 0., 0.]]), 'conceptualSpaces.0.intraSentenceLayer.layers.0.layer.d': tensor([1., 1., 1., 1., 1., 1., 1., 1., 1., 1., 1., 1., 1., 1.]), 'conceptualSpaces.0.intraSentenceLayer.layers.0.layer.raw_U': tensor([[0., 0., 0., 0., 0., 0., 0., 0., 0., 0., 0., 0., 0., 0.],
E           [0., 0., 0., 0., 0., 0., 0., 0., 0., 0., 0., 0., 0., 0.],
E           [0., 0., 0., 0., 0., 0., 0., 0., 0., 0., 0., 0., 0., 0.],
E           [0., 0., 0., 0., 0., 0., 0., 0., 0., 0., 0., 0., 0., 0.],
E           [0., 0., 0., 0., 0., 0., 0., 0., 0., 0., 0., 0., 0., 0.],
E           [0., 0., 0., 0., 0., 0., 0., 0., 0., 0., 0., 0., 0., 0.],
E           [0., 0., 0., 0., 0., 0., 0., 0., 0., 0., 0., 0., 0., 0.],
E           [0., 0., 0., 0., 0., 0., 0., 0., 0., 0., 0., 0., 0., 0.],
E           [0., 0., 0., 0., 0., 0., 0., 0., 0., 0., 0., 0., 0., 0.],
E           [0., 0., 0., 0., 0., 0., 0., 0., 0., 0., 0., 0., 0., 0.],
E           [0., 0., 0., 0., 0., 0., 0., 0., 0., 0., 0., 0., 0., 0.],
E           [0., 0., 0., 0., 0., 0., 0., 0., 0., 0., 0., 0., 0., 0.],
E           [0., 0., 0., 0., 0., 0., 0., 0., 0., 0., 0., 0., 0., 0.],
E           [0., 0., 0., 0., 0., 0., 0., 0., 0., 0., 0., 0., 0., 0.]]), 'conceptualSpaces.0.intraSentenceLayer.layers.0.layer.biasWeight': tensor([[0., 0., 0., 0., 0., 0., 0., 0., 0., 0., 0., 0., 0., 0.]]), 'conceptualSpaces.0.intraSentenceLayer.layers.0.layer.bias': tensor([1.]), 'conceptualSpaces.0.intraSentenceLayer.layers.0.layer.var': tensor([0.]), 'conceptualSpaces.0.intraSentenceLayer.layers.0.layer.sigma': tensor([0.]), 'conceptualSpaces.0.intraSentenceLayer.layers.0.layer.sigma_mean': tensor([0.]), 'conceptualSpaces.0.intraSentenceLayer.layers.0.layer.sigma_step': tensor(0), 'conceptualSpaces.0.intraSentenceLayer.layers.1.layer.raw_L': tensor([[0., 0., 0., 0., 0., 0., 0., 0., 0., 0., 0., 0., 0., 0.],
E           [0., 0., 0., 0., 0., 0., 0., 0., 0., 0., 0., 0., 0., 0.],
E           [0., 0., 0., 0., 0., 0., 0., 0., 0., 0., 0., 0., 0., 0.],
E           [0., 0., 0., 0., 0., 0., 0., 0., 0., 0., 0., 0., 0., 0.],
E           [0., 0., 0., 0., 0., 0., 0., 0., 0., 0., 0., 0., 0., 0.],
E           [0., 0., 0., 0., 0., 0., 0., 0., 0., 0., 0., 0., 0., 0.],
E           [0., 0., 0., 0., 0., 0., 0., 0., 0., 0., 0., 0., 0., 0.],
E           [0., 0., 0., 0., 0., 0., 0., 0., 0., 0., 0., 0., 0., 0.],
E           [0., 0., 0., 0., 0., 0., 0., 0., 0., 0., 0., 0., 0., 0.],
E           [0., 0., 0., 0., 0., 0., 0., 0., 0., 0., 0., 0., 0., 0.],
E           [0., 0., 0., 0., 0., 0., 0., 0., 0., 0., 0., 0., 0., 0.],
E           [0., 0., 0., 0., 0., 0., 0., 0., 0., 0., 0., 0., 0., 0.],
E           [0., 0., 0., 0., 0., 0., 0., 0., 0., 0., 0., 0., 0., 0.],
E           [0., 0., 0., 0., 0., 0., 0., 0., 0., 0., 0., 0., 0., 0.]]), 'conceptualSpaces.0.intraSentenceLayer.layers.1.layer.d': tensor([1., 1., 1., 1., 1., 1., 1., 1., 1., 1., 1., 1., 1., 1.]), 'conceptualSpaces.0.intraSentenceLayer.layers.1.layer.raw_U': tensor([[0., 0., 0., 0., 0., 0., 0., 0., 0., 0., 0., 0., 0., 0.],
E           [0., 0., 0., 0., 0., 0., 0., 0., 0., 0., 0., 0., 0., 0.],
E           [0., 0., 0., 0., 0., 0., 0., 0., 0., 0., 0., 0., 0., 0.],
E           [0., 0., 0., 0., 0., 0., 0., 0., 0., 0., 0., 0., 0., 0.],
E           [0., 0., 0., 0., 0., 0., 0., 0., 0., 0., 0., 0., 0., 0.],
E           [0., 0., 0., 0., 0., 0., 0., 0., 0., 0., 0., 0., 0., 0.],
E           [0., 0., 0., 0., 0., 0., 0., 0., 0., 0., 0., 0., 0., 0.],
E           [0., 0., 0., 0., 0., 0., 0., 0., 0., 0., 0., 0., 0., 0.],
E           [0., 0., 0., 0., 0., 0., 0., 0., 0., 0., 0., 0., 0., 0.],
E           [0., 0., 0., 0., 0., 0., 0., 0., 0., 0., 0., 0., 0., 0.],
E           [0., 0., 0., 0., 0., 0., 0., 0., 0., 0., 0., 0., 0., 0.],
E           [0., 0., 0., 0., 0., 0., 0., 0., 0., 0., 0., 0., 0., 0.],
E           [0., 0., 0., 0., 0., 0., 0., 0., 0., 0., 0., 0., 0., 0.],
E           [0., 0., 0., 0., 0., 0., 0., 0., 0., 0., 0., 0., 0., 0.]]), 'conceptualSpaces.0.intraSentenceLayer.layers.1.layer.biasWeight': tensor([[0., 0., 0., 0., 0., 0., 0., 0., 0., 0., 0., 0., 0., 0.]]), 'conceptualSpaces.0.intraSentenceLayer.layers.1.layer.bias': tensor([1.]), 'conceptualSpaces.0.intraSentenceLayer.layers.1.layer.var': tensor([0.]), 'conceptualSpaces.0.intraSentenceLayer.layers.1.layer.sigma': tensor([0.]), 'conceptualSpaces.0.intraSentenceLayer.layers.1.layer.sigma_mean': tensor([0.]), 'conceptualSpaces.0.intraSentenceLayer.layers.1.layer.sigma_step': tensor(0), 'conceptualSpaces.0.intraSentenceLayer.routing_proj.weight': tensor([[ 0.1471, -0.0256,  0.0020,  0.3269, -0.0174, -0.0642],
E           [ 0.2509, -0.2009,  0.3341, -0.2545,  0.3298,  0.3854],
E           [-0.4031,  0.1396,  0.2480, -0.0689,  0.3612, -0.2053],
E           [ 0.1487,  0.0936,  0.2679,  0.0872,  0.2014, -0.0849],
E           [-0.2023, -0.2472, -0.0450, -0.0188, -0.0175,  0.1433],
E           [-0.3743,  0.3923,  0.3853, -0.1012,  0.0470,  0.2945],
E           [-0.0507, -0.1046,  0.3304,  0.2192, -0.0406,  0.2776],
E           [-0.1644, -0.2720,  0.1139, -0.3633, -0.4065,  0.2185],
E           [-0.0473, -0.0304, -0.0732, -0.0146, -0.1014, -0.2970],
E           [-0.3031,  0.1021, -0.0048,  0.0667, -0.4082, -0.3863],
E           [-0.3616,  0.0240,  0.0075,  0.2902, -0.1053, -0.0048],
E           [ 0.2275, -0.2815, -0.1533,  0.3882, -0.0413,  0.2112],
E           [-0.1096, -0.2064, -0.3525,  0.2664,  0.3395, -0.1802],
E           [ 0.3475,  0.3065,  0.3221, -0.1125,  0.2911, -0.2573]]), 'conceptualSpaces.0.intraSentenceLayer.routing_proj.bias': tensor([ 0.0956, -0.0219, -0.3032,  0.0835, -0.2249,  0.3118,  0.3756,  0.0475,
E            0.2144,  0.2953,  0.3753, -0.3091, -0.3083,  0.3744]), 'conceptualSpaces.0.similarity_codebook.W': tensor([[ 0.0428,  0.1196,  0.1028,  0.2155, -0.5640, -0.1948, -0.1645, -0.2651,
E             0.2592,  0.4839, -0.2684,  0.2658, -0.1317, -0.1102],
E           [-0.3679,  0.1578, -0.2301, -0.6199,  0.0295, -0.1588,  0.1800,  0.0658,
E            -0.3671, -0.0099, -0.4161, -0.0208, -0.1625, -0.0697],
E           [ 0.4698,  0.1229,  0.1329,  0.0584, -0.0632,  0.2765,  0.0143, -0.2289,
E            -0.0897, -0.4005, -0.0906,  0.6215, -0.2173,  0.0010],
E           [ 0.2460, -0.4702, -0.3261,  0.0872, -0.2345,  0.1200,  0.3271,  0.3200,
E             0.3108, -0.0496,  0.4464,  0.1134,  0.0592,  0.1047],
E           [ 0.3822, -0.0445,  0.1151,  0.2295,  0.0877,  0.0537, -0.4832, -0.0958,
E             0.3526, -0.2730,  0.2928,  0.0529, -0.4932,  0.0457],
E           [-0.2420, -0.0422,  0.0574,  0.4143,  0.4155, -0.6216,  0.3622, -0.0617,
E            -0.0398, -0.0755,  0.0813,  0.2266, -0.0723,  0.0151]]), 'conceptualSpaces.0.similarity_codebook.vq.cluster_size': tensor([1., 1., 1., 1., 1., 1.]), 'conceptualSpaces.0.similarity_codebook.vq.embed_avg': tensor([[ 0.0428,  0.1196,  0.1028,  0.2155, -0.5640, -0.1948, -0.1645, -0.2651,
E             0.2592,  0.4839, -0.2684,  0.2658, -0.1317, -0.1102],
E           [-0.3679,  0.1578, -0.2301, -0.6199,  0.0295, -0.1588,  0.1800,  0.0658,
E            -0.3671, -0.0099, -0.4161, -0.0208, -0.1625, -0.0697],
E           [ 0.4698,  0.1229,  0.1329,  0.0584, -0.0632,  0.2765,  0.0143, -0.2289,
E            -0.0897, -0.4005, -0.0906,  0.6215, -0.2173,  0.0010],
E           [ 0.2460, -0.4702, -0.3261,  0.0872, -0.2345,  0.1200,  0.3271,  0.3200,
E             0.3108, -0.0496,  0.4464,  0.1134,  0.0592,  0.1047],
E           [ 0.3822, -0.0445,  0.1151,  0.2295,  0.0877,  0.0537, -0.4832, -0.0958,
E             0.3526, -0.2730,  0.2928,  0.0529, -0.4932,  0.0457],
E           [-0.2420, -0.0422,  0.0574,  0.4143,  0.4155, -0.6216,  0.3622, -0.0617,
E            -0.0398, -0.0755,  0.0813,  0.2266, -0.0723,  0.0151]]), 'conceptualSpaces.0.similarity_codebook.vq._b_norms_sq': tensor([1.0000, 1.0000, 1.0000, 1.0000, 1.0000, 1.0000]), 'conceptualSpaces.0.similarity_codebook.vq.active_mask': tensor([True, True, True, True, True, True]), 'conceptualSpaces.0.concepts_from_percepts.coefficients': tensor([[0.5000, 0.5000, 0.5000, 0.5000, 0.5000, 0.5000, 0.5000, 0.5000, 0.0000],
E           [0.5000, 0.5000, 0.5000, 0.5000, 0.5000, 0.5000, 0.5000, 0.5000, 0.0000],
E           [0.5000, 0.5000, 0.5000, 0.5000, 0.5000, 0.5000, 0.5000, 0.5000, 0.0000],
E           [0.5000, 0.5000, 0.5000, 0.5000, 0.5000, 0.5000, 0.5000, 0.5000, 0.0000],
E           [0.5000, 0.5000, 0.5000, 0.5000, 0.5000, 0.5000, 0.5000, 0.5000, 0.0000],
E           [0.5000, 0.5000, 0.5000, 0.5000, 0.5000, 0.5000, 0.5000, 0.5000, 0.0000]]), 'conceptualSpaces.0.concept_source_readout.sigma.layer.W': tensor([[0.5000],
E           [0.5000],
E           [0.5000],
E           [0.5000],
E           [0.5000],
E           [0.5000],
E           [0.5000],
E           [0.5000],
E           [0.5000]]), 'conceptualSpaces.0.concept_source_readout.sigma.layer.biasWeight': tensor([[0.]]), 'conceptualSpaces.0.concept_source_readout.sigma.layer.bias': tensor([1.]), 'conceptualSpaces.0.concept_source_readout.sigma.layer.var': tensor([0.]), 'conceptualSpaces.0.concept_source_readout.sigma.layer.sigma': tensor([0.]), 'conceptualSpaces.0.concept_source_readout.sigma.layer.sigma_mean': tensor([0.]), 'conceptualSpaces.0.concept_source_readout.sigma.layer.sigma_step': tensor(0), 'wholeSpaces.0.begins_weight': tensor([-4., -4., -4., -4., -4., -4., -4., -4., -4., -4., -4., -4., -4., -4.,
E           -4., -4., -4., -4., -4., -4., -4., -4., -4., -4., -4., -4., -4., -4.,
E           -4., -4., -4., -4., -4., -4., -4., -4., -4., -4., -4., -4., -4., -4.,
E           -4., -4., -4., -4., -4., -4., -4., -4., -4., -4., -4., -4., -4., -4.,
E           -4., -4., -4., -4., -4., -4., -4., -4., -4., -4., -4., -4., -4., -4.,
E           -4., -4., -4., -4., -4., -4., -4., -4., -4., -4., -4., -4., -4., -4.,
E           -4., -4., -4., -4., -4., -4., -4., -4., -4., -4., -4., -4., -4., -4.,
E           -4., -4., -4., -4., -4., -4., -4., -4., -4., -4., -4., -4., -4., -4.,
E           -4., -4., -4., -4., -4., -4., -4., -4., -4., -4., -4., -4., -4., -4.,
E           -4., -4., -4., -4., -4., -4., -4., -4., -4., -4., -4., -4., -4., -4.,
E           -4., -4., -4., -4., -4., -4., -4., -4., -4., -4., -4., -4., -4., -4.,
E           -4., -4., -4., -4., -4., -4., -4., -4., -4., -4., -4., -4., -4., -4.,
E           -4., -4., -4., -4., -4., -4., -4., -4., -4., -4., -4., -4., -4., -4.,
E           -4., -4., -4., -4., -4., -4., -4., -4., -4., -4., -4., -4., -4., -4.,
E           -4., -4., -4., -4., -4., -4., -4., -4., -4., -4., -4., -4., -4., -4.,
E           -4., -4., -4., -4., -4., -4., -4., -4., -4., -4., -4., -4., -4., -4.,
E           -4., -4., -4., -4., -4., -4., -4., -4., -4., -4., -4., -4., -4., -4.,
E           -4., -4., -4., -4., -4., -4., -4., -4., -4., -4., -4., -4., -4., -4.,
E           -4., -4., -4., -4., -4., -4.,  4.,  4., -4., -4.]), 'wholeSpaces.0.ends_weight': tensor([-4., -4., -4., -4., -4., -4., -4., -4., -4., -4., -4., -4., -4., -4.,
E           -4., -4., -4., -4., -4., -4., -4., -4., -4., -4., -4., -4., -4., -4.,
E           -4., -4., -4., -4., -4., -4., -4., -4., -4., -4., -4., -4., -4., -4.,
E           -4., -4., -4., -4., -4., -4., -4., -4., -4., -4., -4., -4., -4., -4.,
E           -4., -4., -4., -4., -4., -4., -4., -4., -4., -4., -4., -4., -4., -4.,
E           -4., -4., -4., -4., -4., -4., -4., -4., -4., -4., -4., -4., -4., -4.,
E           -4., -4., -4., -4., -4., -4., -4., -4., -4., -4., -4., -4., -4., -4.,
E           -4., -4., -4., -4., -4., -4., -4., -4., -4., -4., -4., -4., -4., -4.,
E           -4., -4., -4., -4., -4., -4., -4., -4., -4., -4., -4., -4., -4., -4.,
E           -4., -4., -4., -4., -4., -4., -4., -4., -4., -4., -4., -4., -4., -4.,
E           -4., -4., -4., -4., -4., -4., -4., -4., -4., -4., -4., -4., -4., -4.,
E           -4., -4., -4., -4., -4., -4., -4., -4., -4., -4., -4., -4., -4., -4.,
E           -4., -4., -4., -4., -4., -4., -4., -4., -4., -4., -4., -4., -4., -4.,
E           -4., -4., -4., -4., -4., -4., -4., -4., -4., -4., -4., -4., -4., -4.,
E           -4., -4., -4., -4., -4., -4., -4., -4., -4., -4., -4., -4., -4., -4.,
E           -4., -4., -4., -4., -4., -4., -4., -4., -4., -4., -4., -4., -4., -4.,
E           -4., -4., -4., -4., -4., -4., -4., -4., -4., -4., -4., -4., -4., -4.,
E           -4., -4., -4., -4., -4., -4., -4., -4., -4., -4., -4., -4., -4., -4.,
E           -4., -4., -4., -4., -4., -4.,  4.,  4., -4., -4.]), 'wholeSpaces.0.atom_level': tensor([-4., -4., -4., -4., -4., -4., -4., -4., -4., -4., -4., -4., -4., -4.,
E           -4., -4., -4., -4., -4., -4., -4., -4., -4., -4., -4., -4., -4., -4.,
E           -4., -4., -4., -4., -4., -4., -4., -4., -4., -4., -4., -4., -4., -4.,
E           -4., -4., -4., -4., -4., -4., -4., -4., -4., -4., -4., -4., -4., -4.,
E           -4., -4., -4., -4., -4., -4., -4., -4., -4., -4., -4., -4., -4., -4.,
E           -4., -4., -4., -4., -4., -4., -4., -4., -4., -4., -4., -4., -4., -4.,
E           -4., -4., -4., -4., -4., -4., -4., -4., -4., -4., -4., -4., -4., -4.,
E           -4., -4., -4., -4., -4., -4., -4., -4., -4., -4., -4., -4., -4., -4.,
E           -4., -4., -4., -4., -4., -4., -4., -4., -4., -4., -4., -4., -4., -4.,
E           -4., -4., -4., -4., -4., -4., -4., -4., -4., -4., -4., -4., -4., -4.,
E           -4., -4., -4., -4., -4., -4., -4., -4., -4., -4., -4., -4., -4., -4.,
E           -4., -4., -4., -4., -4., -4., -4., -4., -4., -4., -4., -4., -4., -4.,
E           -4., -4., -4., -4., -4., -4., -4., -4., -4., -4., -4., -4., -4., -4.,
E           -4., -4., -4., -4., -4., -4., -4., -4., -4., -4., -4., -4., -4., -4.,
E           -4., -4., -4., -4., -4., -4., -4., -4., -4., -4., -4., -4., -4., -4.,
E           -4., -4., -4., -4., -4., -4., -4., -4., -4., -4., -4., -4., -4., -4.,
E           -4., -4., -4., -4., -4., -4., -4., -4., -4., -4., -4., -4., -4., -4.,
E           -4., -4., -4., -4., -4., -4., -4., -4., -4., -4., -4., -4., -4., -4.,
E           -4., -4., -4., -4., -4., -4., -4., -4., -4., -4.]), 'wholeSpaces.0._owned_bases.what.W': tensor([[0.1620, 0.4525, 0.3891, 0.8155, 0.0000, 0.0000],
E           [0.0000, 0.0000, 0.9807, 0.0000, 0.0000, 0.0000],
E           [0.0000, 0.0000, 0.0000, 0.6175, 0.0000, 0.0000],
E           [0.1154, 0.0000, 0.0000, 0.0000, 0.0000, 0.0000],
E           [0.0000, 0.0000, 0.0000, 0.0000, 0.0000, 0.3240],
E           [0.0000, 0.4455, 0.0000, 0.0000, 0.0000, 0.2710]]), 'wholeSpaces.0._owned_bases.what.primitive_properties.members': tensor([[0., 0., 0.,  ..., 0., 0., 0.],
E           [0., 0., 0.,  ..., 0., 0., 0.],
E           [0., 0., 0.,  ..., 0., 0., 0.],
E           [0., 0., 0.,  ..., 0., 0., 0.],
E           [0., 0., 0.,  ..., 0., 0., 0.],
E           [0., 1., 1.,  ..., 0., 0., 0.]]), 'wholeSpaces.0._owned_bases.what.primitive_properties.observed': tensor([[True, True, True,  ..., True, True, True],
E           [True, True, True,  ..., True, True, True],
E           [True, True, True,  ..., True, True, True],
E           [True, True, True,  ..., True, True, True],
E           [True, True, True,  ..., True, True, True],
E           [True, True, True,  ..., True, True, True]]), 'outputSpace._readout_bias': tensor([[[0.]]]), 'outputSpace.layers.0.W': tensor([[ 6.4025e-03],
E           [-9.1572e-03],
E           [ 1.0425e-02],
E           [-7.9061e-03],
E           [-8.1478e-03],
E           [ 1.1223e-02],
E           [-1.0196e-02],
E           [-5.3322e-03],
E           [-1.0952e-02],
E           [-9.8037e-03],
E           [ 6.3065e-03],
E           [ 8.5900e-03],
E           [ 7.2188e-03],
E           [ 5.0196e-03],
E           [ 3.6789e-03],
E           [-1.1133e-02],
E           [ 9.9105e-03],
E           [-7.6113e-03],
E           [ 4.2682e-03],
E           [-2.2272e-03],
E           [-1.0701e-02],
E           [-2.1601e-03],
E           [-1.1066e-02],
E           [ 1.1822e-02],
E           [ 6.0186e-04],
E           [-8.9853e-03],
E           [-4.7508e-03],
E           [ 5.4819e-03],
E           [-2.2848e-03],
E           [ 9.9447e-03],
E           [-7.3582e-04],
E           [ 1.1370e-02],
E           [ 1.1551e-02],
E           [-1.0440e-02],
E           [-9.8551e-04],
E           [-1.0155e-02],
E           [-9.6142e-03],
E           [ 9.4583e-03],
E           [ 8.0303e-03],
E           [ 1.1444e-02],
E           [-2.2709e-03],
E           [ 8.5038e-03],
E           [ 6.1764e-04],
E           [ 4.0189e-03],
E           [-8.2826e-03],
E           [-1.0008e-02],
E           [ 1.1252e-02],
E           [-9.2135e-05],
E           [-7.3745e-03],
E           [ 7.0124e-03],
E           [-1.0447e-02],
E           [ 8.3567e-03],
E           [-6.4331e-03],
E           [ 2.6352e-03],
E           [-1.2391e-03],
E           [ 6.9388e-03],
E           [-2.2270e-03],
E           [-8.1500e-03],
E           [ 4.2110e-03],
E           [ 9.6729e-03],
E           [-8.3280e-03],
E           [-3.8855e-03],
E           [ 1.1286e-02],
E           [ 4.9697e-04],
E           [-4.4601e-03],
E           [-6.5329e-03],
E           [ 4.5869e-03],
E           [ 1.6146e-03],
E           [ 9.8443e-03],
E           [ 3.7622e-04],
E           [-9.0510e-03],
E           [-1.0978e-02],
E           [ 6.7886e-03],
E           [ 2.8246e-03],
E           [ 8.2059e-03],
E           [-5.7960e-03],
E           [ 1.1337e-02],
E           [ 1.0226e-02],
E           [ 7.5113e-03],
E           [ 5.4741e-03],
E           [ 1.1269e-02],
E           [-8.8713e-03],
E           [-3.2980e-03],
E           [-1.1324e-03]]), 'outputSpace.layers.0.biasWeight': tensor([[0.]]), 'outputSpace.layers.0.bias': tensor([1.]), 'outputSpace.layers.0.var': tensor([0.]), 'outputSpace.layers.0.sigma': tensor([0.]), 'outputSpace.layers.0.sigma_mean': tensor([0.]), 'outputSpace.layers.0.sigma_step': tensor(0), 'outputSpace.layers.1.W': tensor([[ 0.2269, -0.4634,  0.5356, -0.7657, -0.6970,  0.2682,  0.9427,  0.3015,
E             0.0556,  0.2757,  0.2477, -0.6453,  0.3967, -0.0777, -0.9276, -0.7752,
E             0.3179, -0.4082,  0.6391,  0.9370,  0.2630, -0.9358,  0.7303,  0.9594,
E             0.9001,  0.3678, -0.1573,  0.5728, -0.0777,  0.1266,  0.3755,  0.7503,
E            -0.3114, -0.1679, -0.4407, -0.5992, -0.9906,  0.5155,  0.9056,  0.5806,
E            -0.3500,  0.4011, -0.5903, -0.0135, -0.4964,  0.8856, -0.0390, -0.9148,
E             0.8800, -0.8263, -0.3613,  0.4341,  0.4351,  0.4913,  0.1455, -0.7399,
E            -0.5060, -0.1264,  0.2527, -0.4748,  0.8324, -0.2423,  0.9290, -0.3521,
E            -0.0253,  0.1728,  0.3841,  0.7442,  0.5452,  0.7678, -0.2310,  0.7624,
E             0.4342,  0.7313,  0.1487,  0.0283,  0.3225,  0.1174,  0.2814, -0.3618,
E             0.6206,  0.5944,  0.0497, -0.4952]]), 'outputSpace.layers.1.biasWeight': tensor([[0., 0., 0., 0., 0., 0., 0., 0., 0., 0., 0., 0., 0., 0., 0., 0., 0., 0., 0., 0., 0., 0., 0., 0.,
E            0., 0., 0., 0., 0., 0., 0., 0., 0., 0., 0., 0., 0., 0., 0., 0., 0., 0., 0., 0., 0., 0., 0., 0.,
E            0., 0., 0., 0., 0., 0., 0., 0., 0., 0., 0., 0., 0., 0., 0., 0., 0., 0., 0., 0., 0., 0., 0., 0.,
E            0., 0., 0., 0., 0., 0., 0., 0., 0., 0., 0., 0.]]), 'outputSpace.layers.1.bias': tensor([1.]), 'outputSpace.layers.1.var': tensor([0.]), 'outputSpace.layers.1.sigma': tensor([0.]), 'outputSpace.layers.1.sigma_mean': tensor([0.]), 'outputSpace.layers.1.sigma_step': tensor(0), 'outputSpace.linear1.W': tensor([[ 6.4025e-03],
E           [-9.1572e-03],
E           [ 1.0425e-02],
E           [-7.9061e-03],
E           [-8.1478e-03],
E           [ 1.1223e-02],
E           [-1.0196e-02],
E           [-5.3322e-03],
E           [-1.0952e-02],
E           [-9.8037e-03],
E           [ 6.3065e-03],
E           [ 8.5900e-03],
E           [ 7.2188e-03],
E           [ 5.0196e-03],
E           [ 3.6789e-03],
E           [-1.1133e-02],
E           [ 9.9105e-03],
E           [-7.6113e-03],
E           [ 4.2682e-03],
E           [-2.2272e-03],
E           [-1.0701e-02],
E           [-2.1601e-03],
E           [-1.1066e-02],
E           [ 1.1822e-02],
E           [ 6.0186e-04],
E           [-8.9853e-03],
E           [-4.7508e-03],
E           [ 5.4819e-03],
E           [-2.2848e-03],
E           [ 9.9447e-03],
E           [-7.3582e-04],
E           [ 1.1370e-02],
E           [ 1.1551e-02],
E           [-1.0440e-02],
E           [-9.8551e-04],
E           [-1.0155e-02],
E           [-9.6142e-03],
E           [ 9.4583e-03],
E           [ 8.0303e-03],
E           [ 1.1444e-02],
E           [-2.2709e-03],
E           [ 8.5038e-03],
E           [ 6.1764e-04],
E           [ 4.0189e-03],
E           [-8.2826e-03],
E           [-1.0008e-02],
E           [ 1.1252e-02],
E           [-9.2135e-05],
E           [-7.3745e-03],
E           [ 7.0124e-03],
E           [-1.0447e-02],
E           [ 8.3567e-03],
E           [-6.4331e-03],
E           [ 2.6352e-03],
E           [-1.2391e-03],
E           [ 6.9388e-03],
E           [-2.2270e-03],
E           [-8.1500e-03],
E           [ 4.2110e-03],
E           [ 9.6729e-03],
E           [-8.3280e-03],
E           [-3.8855e-03],
E           [ 1.1286e-02],
E           [ 4.9697e-04],
E           [-4.4601e-03],
E           [-6.5329e-03],
E           [ 4.5869e-03],
E           [ 1.6146e-03],
E           [ 9.8443e-03],
E           [ 3.7622e-04],
E           [-9.0510e-03],
E           [-1.0978e-02],
E           [ 6.7886e-03],
E           [ 2.8246e-03],
E           [ 8.2059e-03],
E           [-5.7960e-03],
E           [ 1.1337e-02],
E           [ 1.0226e-02],
E           [ 7.5113e-03],
E           [ 5.4741e-03],
E           [ 1.1269e-02],
E           [-8.8713e-03],
E           [-3.2980e-03],
E           [-1.1324e-03]]), 'outputSpace.linear1.biasWeight': tensor([[0.]]), 'outputSpace.linear1.bias': tensor([1.]), 'outputSpace.linear1.var': tensor([0.]), 'outputSpace.linear1.sigma': tensor([0.]), 'outputSpace.linear1.sigma_mean': tensor([0.]), 'outputSpace.linear1.sigma_step': tensor(0), 'outputSpace.linear2.W': tensor([[ 0.2269, -0.4634,  0.5356, -0.7657, -0.6970,  0.2682,  0.9427,  0.3015,
E             0.0556,  0.2757,  0.2477, -0.6453,  0.3967, -0.0777, -0.9276, -0.7752,
E             0.3179, -0.4082,  0.6391,  0.9370,  0.2630, -0.9358,  0.7303,  0.9594,
E             0.9001,  0.3678, -0.1573,  0.5728, -0.0777,  0.1266,  0.3755,  0.7503,
E            -0.3114, -0.1679, -0.4407, -0.5992, -0.9906,  0.5155,  0.9056,  0.5806,
E            -0.3500,  0.4011, -0.5903, -0.0135, -0.4964,  0.8856, -0.0390, -0.9148,
E             0.8800, -0.8263, -0.3613,  0.4341,  0.4351,  0.4913,  0.1455, -0.7399,
E            -0.5060, -0.1264,  0.2527, -0.4748,  0.8324, -0.2423,  0.9290, -0.3521,
E            -0.0253,  0.1728,  0.3841,  0.7442,  0.5452,  0.7678, -0.2310,  0.7624,
E             0.4342,  0.7313,  0.1487,  0.0283,  0.3225,  0.1174,  0.2814, -0.3618,
E             0.6206,  0.5944,  0.0497, -0.4952]]), 'outputSpace.linear2.biasWeight': tensor([[0., 0., 0., 0., 0., 0., 0., 0., 0., 0., 0., 0., 0., 0., 0., 0., 0., 0., 0., 0., 0., 0., 0., 0.,
E            0., 0., 0., 0., 0., 0., 0., 0., 0., 0., 0., 0., 0., 0., 0., 0., 0., 0., 0., 0., 0., 0., 0., 0.,
E            0., 0., 0., 0., 0., 0., 0., 0., 0., 0., 0., 0., 0., 0., 0., 0., 0., 0., 0., 0., 0., 0., 0., 0.,
E            0., 0., 0., 0., 0., 0., 0., 0., 0., 0., 0., 0.]]), 'outputSpace.linear2.bias': tensor([1.]), 'outputSpace.linear2.var': tensor([0.]), 'outputSpace.linear2.sigma': tensor([0.]), 'outputSpace.linear2.sigma_mean': tensor([0.]), 'outputSpace.linear2.sigma_step': tensor(0), 'symbolSpace.subspace.layers.1.truths': tensor([[0., 0., 0.,  ..., 0., 0., 0.],
E           [0., 0., 0.,  ..., 0., 0., 0.],
E           [0., 0., 0.,  ..., 0., 0., 0.],
E           ...,
E           [0., 0., 0.,  ..., 0., 0., 0.],
E           [0., 0., 0.,  ..., 0., 0., 0.],
E           [0., 0., 0.,  ..., 0., 0., 0.]]), 'symbolSpace.subspace.layers.1.count': tensor(0), 'symbolSpace.subspace.layers.1._pending_truths': tensor([[0., 0., 0.,  ..., 0., 0., 0.],
E           [0., 0., 0.,  ..., 0., 0., 0.],
E           [0., 0., 0.,  ..., 0., 0., 0.],
E           ...,
E           [0., 0., 0.,  ..., 0., 0., 0.],
E           [0., 0., 0.,  ..., 0., 0., 0.],
E           [0., 0., 0.,  ..., 0., 0., 0.]]), 'symbolSpace.subspace.layers.1._pending_trust': tensor([0., 0., 0.,  ..., 0., 0., 0.]), 'symbolSpace.subspace.layers.2.predictor.0.weight': tensor([[ 0.0861, -0.0152, -0.0520,  ...,  0.0991,  0.0530,  0.0552],
E           [ 0.0660,  0.0821, -0.0542,  ..., -0.0303, -0.0495, -0.0520],
E           [-0.0240,  0.0841,  0.0133,  ...,  0.0290, -0.0064, -0.0693],
E           ...,
E           [-0.0198,  0.0224, -0.0986,  ..., -0.0343,  0.0656,  0.0439],
E           [-0.0422,  0.0544,  0.0586,  ...,  0.0133, -0.0443, -0.0326],
E           [ 0.0286, -0.0364, -0.0092,  ..., -0.0847, -0.0639,  0.0250]]), 'symbolSpace.subspace.layers.2.predictor.0.bias': tensor([-0.0784,  0.0495, -0.0267, -0.0219,  0.0889,  0.0391, -0.0220,  0.0578,
E            0.0189, -0.0696,  0.0243,  0.0177,  0.0945, -0.0402, -0.0770,  0.0695,
E           -0.0325,  0.0893, -0.0992, -0.0698,  0.0105,  0.0588, -0.0672, -0.0569,
E           -0.0470, -0.0720, -0.0024,  0.0334]), 'symbolSpace.subspace.layers.2.predictor.2.weight': tensor([[ 0.0496, -0.0101,  0.1454, -0.0381, -0.0055,  0.0440,  0.1882,  0.1241,
E             0.0790, -0.0316,  0.1472,  0.0305, -0.0934,  0.0264,  0.1750, -0.0282,
E            -0.1091, -0.1769, -0.0849, -0.1316, -0.0848,  0.1664, -0.0377, -0.0289,
E             0.0045, -0.1512, -0.0445, -0.0561],
E           [-0.0377, -0.1540, -0.0612, -0.0824, -0.0564,  0.1009,  0.1056,  0.0879,
E             0.1464, -0.1228,  0.1602, -0.1541, -0.0846, -0.0529,  0.1607,  0.0059,
E             0.0220,  0.1635, -0.0389, -0.0406,  0.1308, -0.1522,  0.0259,  0.1450,
E             0.1229,  0.1634,  0.1879,  0.1182],
E           [ 0.1621, -0.0394, -0.0606,  0.0394, -0.0840,  0.0229,  0.0725,  0.1091,
E            -0.0074,  0.0341,  0.1000,  0.1566,  0.0574,  0.1371, -0.1768, -0.0732,
E            -0.1587,  0.0998,  0.1505,  0.1455,  0.0192, -0.0099,  0.0982,  0.1313,
E             0.1813,  0.0559, -0.0095, -0.1490],
E           [ 0.1653,  0.0475, -0.1754,  0.1107, -0.1407, -0.0709,  0.0900, -0.1289,
E            -0.0537, -0.1020, -0.1176, -0.0114, -0.0259, -0.0321,  0.0421, -0.0355,
E             0.1165, -0.1288,  0.1311,  0.0338,  0.0909, -0.1341,  0.1525,  0.0383,
E            -0.1658, -0.1774,  0.0446, -0.0696],
E           [ 0.0940,  0.0177,  0.0968, -0.0577,  0.0854,  0.1774, -0.0003,  0.1763,
E            -0.0474,  0.1625,  0.1722, -0.0743, -0.0663,  0.0856,  0.1213, -0.1018,
E            -0.0768, -0.0096,  0.1017,  0.0287, -0.1044, -0.0667, -0.0203,  0.1163,
E             0.1446,  0.0420, -0.1466, -0.1434],
E           [-0.0519, -0.1805, -0.1398, -0.0868, -0.0547, -0.0121, -0.0380, -0.0969,
E             0.1816, -0.1277, -0.0316,  0.1123,  0.1379, -0.0344,  0.1196,  0.1274,
E            -0.0591, -0.1574, -0.1736, -0.1570,  0.1849,  0.1470, -0.0741, -0.1262,
E            -0.1092, -0.1438, -0.1252, -0.0684],
E           [-0.0141, -0.1197, -0.0277, -0.1048,  0.0554, -0.0638,  0.1412,  0.1687,
E             0.0075, -0.0028,  0.1488, -0.1590, -0.0910, -0.0047, -0.0377, -0.1697,
E            -0.1155, -0.0170, -0.1004,  0.1709, -0.1885, -0.1297, -0.0229, -0.0130,
E             0.1152,  0.0937,  0.1650, -0.1758],
E           [ 0.1732,  0.0471,  0.0962, -0.1314, -0.0896,  0.0098,  0.1071,  0.0948,
E            -0.1355, -0.0103,  0.1772,  0.1758,  0.1835,  0.1452,  0.0758,  0.0975,
E            -0.0447, -0.0703, -0.0014, -0.0548, -0.1805, -0.0646,  0.1316, -0.1883,
E            -0.0226, -0.0642, -0.0354, -0.1565],
E           [ 0.1409, -0.1061,  0.1602,  0.0914, -0.0710,  0.1474, -0.0101, -0.0827,
E            -0.0467, -0.0318,  0.0891,  0.1687,  0.1536, -0.0038, -0.0480, -0.0984,
E            -0.0280, -0.0354, -0.0783,  0.1711,  0.1384,  0.0585, -0.1046,  0.0712,
E            -0.1259, -0.1025,  0.0588, -0.0693],
E           [-0.0851, -0.0801,  0.0645, -0.0695, -0.1870, -0.0642,  0.1869, -0.0208,
E             0.1809,  0.1296,  0.0415, -0.1415, -0.1597, -0.1426,  0.1591,  0.0738,
E            -0.1616,  0.0765,  0.0034,  0.0105,  0.0568,  0.1416,  0.1081, -0.1060,
E             0.0838, -0.0411, -0.0670, -0.1796],
E           [-0.0510, -0.0371, -0.1506, -0.1827,  0.1163, -0.1591,  0.1249,  0.1702,
E            -0.1463,  0.0571,  0.1376,  0.1669, -0.1312,  0.1745, -0.0815, -0.1150,
E             0.0331,  0.1142, -0.1278,  0.0024,  0.0540, -0.0985,  0.0098,  0.0617,
E            -0.1882,  0.0659, -0.0778,  0.0127],
E           [ 0.1491,  0.1087,  0.1241,  0.0656,  0.1398,  0.1052,  0.0951,  0.0810,
E             0.1319, -0.1132,  0.1398, -0.1728,  0.0473, -0.1451,  0.0287, -0.0213,
E             0.0944,  0.1741,  0.0258,  0.0676, -0.0453,  0.1451, -0.0764, -0.1075,
E            -0.1450,  0.0795,  0.0631, -0.1714],
E           [-0.0823,  0.1094,  0.0940,  0.0511,  0.0305,  0.1238,  0.1348, -0.0713,
E             0.0584,  0.1298,  0.0294, -0.0729,  0.0659, -0.1059, -0.1350,  0.1063,
E             0.1092,  0.0965, -0.1403,  0.1094,  0.0942, -0.1201, -0.1178,  0.0727,
E             0.0767, -0.0015, -0.1060, -0.0109],
E           [ 0.0956,  0.0929,  0.0664,  0.0342, -0.0076, -0.1245, -0.0487, -0.0049,
E            -0.0645,  0.1703, -0.0327, -0.1123, -0.0790, -0.1661,  0.0440,  0.1057,
E             0.0356,  0.0860, -0.0567, -0.0782, -0.0216,  0.0856,  0.1868,  0.1873,
E            -0.0239,  0.0103,  0.0605,  0.0215]]), 'symbolSpace.subspace.layers.2.predictor.2.bias': tensor([-0.1534,  0.0491,  0.1444,  0.1027,  0.1017,  0.1322, -0.0394,  0.1573,
E            0.0148,  0.0638,  0.1506,  0.1581,  0.0236, -0.1502]), 'symbolSpace.subspace.layers.2._inter_predictor.kind_weight': tensor([0., 0., 0., 0., 0., 0., 0., 0., 0., 0., 0., 0., 0., 0., 0., 0., 0., 0., 0., 0., 0., 0., 0., 0.,
E           0., 0., 0., 0., 0., 0., 0., 0., 0., 0., 0., 0., 0., 0., 0., 0., 0., 0., 0., 0., 0., 0., 0., 0.,
E           0., 0., 0., 0., 0., 0., 0., 0., 0., 0., 0., 0., 0., 0., 0., 0., 0., 0., 0., 0., 0., 0., 0., 0.,
E           0., 0., 0., 0., 0., 0., 0., 0., 0., 0., 0., 0., 0., 0., 0., 0., 0., 0.]), 'symbolSpace.subspace.layers.2._inter_predictor.kind_bias': tensor(0.), 'symbolSpace.subspace.layers.2._inter_predictor.network.0.weight': tensor([[ 0.0096,  0.0354, -0.0339,  ..., -0.0367,  0.0475,  0.0012],
E           [-0.0279, -0.0030,  0.0334,  ..., -0.0191, -0.0280, -0.0485],
E           [ 0.0434,  0.0487, -0.0492,  ...,  0.0134, -0.0408, -0.0245],
E           ...,
E           [-0.0363,  0.0382,  0.0137,  ...,  0.0026,  0.0216, -0.0523],
E           [ 0.0179,  0.0452,  0.0141,  ...,  0.0139,  0.0513, -0.0201],
E           [-0.0088,  0.0375, -0.0031,  ..., -0.0255,  0.0119, -0.0316]]), 'symbolSpace.subspace.layers.2._inter_predictor.network.0.bias': tensor([-0.0003, -0.0385,  0.0126, -0.0065,  0.0013,  0.0518,  0.0471, -0.0092,
E           -0.0274, -0.0208, -0.0467,  0.0170,  0.0036, -0.0392, -0.0268,  0.0138,
E            0.0058, -0.0471,  0.0251,  0.0428,  0.0515, -0.0383, -0.0462,  0.0359,
E            0.0297, -0.0131,  0.0303,  0.0182, -0.0367,  0.0492,  0.0396, -0.0022,
E            0.0071,  0.0233,  0.0374,  0.0271, -0.0497, -0.0270, -0.0135, -0.0384,
E            0.0444, -0.0426, -0.0485, -0.0162,  0.0307,  0.0481, -0.0357,  0.0352,
E            0.0278,  0.0361, -0.0414, -0.0156,  0.0267, -0.0025, -0.0436,  0.0018,
E            0.0231,  0.0213, -0.0438, -0.0224,  0.0071,  0.0306, -0.0024, -0.0351,
E            0.0418, -0.0277, -0.0214, -0.0514,  0.0064, -0.0448, -0.0441, -0.0091,
E           -0.0431,  0.0347,  0.0383,  0.0076,  0.0014,  0.0065,  0.0311, -0.0394,
E            0.0174,  0.0284,  0.0262, -0.0461, -0.0074, -0.0041, -0.0311,  0.0339,
E            0.0282, -0.0441]), 'symbolSpace.subspace.layers.2._inter_predictor.network.2.weight': tensor([[-0.0697,  0.0966,  0.0103,  ...,  0.0652, -0.0093, -0.0727],
E           [ 0.0454, -0.0993,  0.0429,  ...,  0.0655, -0.0375,  0.0005],
E           [-0.0913, -0.0282,  0.0090,  ..., -0.0635,  0.0768, -0.1036],
E           ...,
E           [-0.0375, -0.0060, -0.0806,  ..., -0.1027,  0.0230,  0.0914],
E           [ 0.0166, -0.0346, -0.0494,  ..., -0.0092, -0.0586, -0.0731],
E           [ 0.0419, -0.0992, -0.0795,  ...,  0.0013,  0.0961,  0.0029]]), 'symbolSpace.subspace.layers.2._inter_predictor.network.2.bias': tensor([-0.0168,  0.0710,  0.1051, -0.1053, -0.0742,  0.0173, -0.0433, -0.0006,
E            0.0753,  0.0416,  0.0076, -0.0140,  0.0954, -0.0030, -0.0367, -0.0527,
E            0.0171, -0.0202,  0.0155,  0.0154, -0.0142,  0.0104, -0.0596,  0.0147,
E            0.0305,  0.0087,  0.0069,  0.0997,  0.0255,  0.0280, -0.0685, -0.0847,
E           -0.0880, -0.0549,  0.0537,  0.1031,  0.0623, -0.0697,  0.0329,  0.0011,
E           -0.0167,  0.0237,  0.0379, -0.0749, -0.0995]), 'symbolSpace.subspace.layers.2._ltm_store.slots': tensor([[[0., 0., 0.,  ..., 0., 0., 0.],
E            [0., 0., 0.,  ..., 0., 0., 0.],
E            [0., 0., 0.,  ..., 0., 0., 0.]],
E   
E           [[0., 0., 0.,  ..., 0., 0., 0.],
E            [0., 0., 0.,  ..., 0., 0., 0.],
E            [0., 0., 0.,  ..., 0., 0., 0.]],
E   
E           [[0., 0., 0.,  ..., 0., 0., 0.],
E            [0., 0., 0.,  ..., 0., 0., 0.],
E            [0., 0., 0.,  ..., 0., 0., 0.]],
E   
E           ...,
E   
E           [[0., 0., 0.,  ..., 0., 0., 0.],
E            [0., 0., 0.,  ..., 0., 0., 0.],
E            [0., 0., 0.,  ..., 0., 0., 0.]],
E   
E           [[0., 0., 0.,  ..., 0., 0., 0.],
E            [0., 0., 0.,  ..., 0., 0., 0.],
E            [0., 0., 0.,  ..., 0., 0., 0.]],
E   
E           [[0., 0., 0.,  ..., 0., 0., 0.],
E            [0., 0., 0.,  ..., 0., 0., 0.],
E            [0., 0., 0.,  ..., 0., 0., 0.]]]), 'symbolSpace.subspace.layers.2._ltm_store.rel_type': tensor([0, 0, 0,  ..., 0, 0, 0]), 'symbolSpace.subspace.layers.2._ltm_store.timestamp': tensor([0., 0., 0.,  ..., 0., 0., 0.]), 'symbolSpace.subspace.layers.2._ltm_store.trust': tensor([0., 0., 0.,  ..., 0., 0., 0.]), 'symbolSpace.subspace.layers.2._ltm_store.order': tensor([-1, -1, -1,  ..., -1, -1, -1]), 'symbolSpace.subspace.layers.2._ltm_store.c_plus': tensor([0., 0., 0.,  ..., 0., 0., 0.]), 'symbolSpace.subspace.layers.2._ltm_store.c_minus': tensor([0., 0., 0.,  ..., 0., 0., 0.]), 'symbolSpace.subspace.layers.2._ltm_store.refs': tensor([[-1, -1, -1],
E           [-1, -1, -1],
E           [-1, -1, -1],
E           ...,
E           [-1, -1, -1],
E           [-1, -1, -1],
E           [-1, -1, -1]]), 'symbolSpace.subspace.layers.2._ltm_store.row_ids': tensor([-1, -1, -1,  ..., -1, -1, -1]), 'symbolSpace.subspace.layers.2._ltm_store.where': tensor([[0., 0., 0., 0.],
E           [0., 0., 0., 0.],
E           [0., 0., 0., 0.],
E           ...,
E           [0., 0., 0., 0.],
E           [0., 0., 0., 0.],
E           [0., 0., 0., 0.]]), 'symbolSpace.subspace.layers.2._ltm_store.when': tensor([[0., 0., 0., 0.],
E           [0., 0., 0., 0.],
E           [0., 0., 0., 0.],
E           ...,
E           [0., 0., 0., 0.],
E           [0., 0., 0., 0.],
E           [0., 0., 0., 0.]]), 'symbolSpace.subspace.layers.2._ltm_store.truth_schema': tensor(8), 'symbolSpace.subspace.layers.2._ltm_store.surprise': tensor([-1., -1., -1.,  ..., -1., -1., -1.]), 'symbolSpace.subspace.layers.2._ltm_store.count': tensor(0), 'symbolSpace.subspace.layers.2._ltm_store.origin': tensor([0, 0, 0,  ..., 0, 0, 0]), 'symbolSpace.subspace.layers.2._ltm_store._next_ts': tensor(0), 'symbolSpace.subspace.layers.2._ltm_store.role_mask': tensor([[False, False, False],
E           [False, False, False],
E           [False, False, False],
E           ...,
E           [False, False, False],
E           [False, False, False],
E           [False, False, False]]), 'symbolSpace.subspace.layers.2._ltm_store.record_kind': tensor([0, 0, 0,  ..., 0, 0, 0]), 'symbolSpace.subspace.layers.2._ltm_store.grammatical_mode': tensor([0, 0, 0,  ..., 0, 0, 0]), 'symbolSpace.subspace.layers.2._ltm_store.polarity': tensor([True, True, True,  ..., True, True, True]), 'symbolSpace.subspace.layers.2._ltm_store.occurrence_id': tensor([-1, -1, -1,  ..., -1, -1, -1]), 'symbolSpace.subspace.layers.2._ltm_store._next_occurrence': tensor(0), 'symbolSpace.subspace.layers.2._ltm_store._occurrence_namespace': tensor([122,   6,  60, 167,  92, 251,  69, 181, 147, 125, 232,  98,  87,  85,
E            71, 242], dtype=torch.uint8), 'symbolSpace.subspace.layers.2._ltm_store.metadata_required': tensor([False, False, False,  ..., False, False, False]), 'symbolSpace.subspace.layers.2._ltm_store.semantic_fingerprint': tensor([[0, 0, 0,  ..., 0, 0, 0],
E           [0, 0, 0,  ..., 0, 0, 0],
E           [0, 0, 0,  ..., 0, 0, 0],
E           ...,
E           [0, 0, 0,  ..., 0, 0, 0],
E           [0, 0, 0,  ..., 0, 0, 0],
E           [0, 0, 0,  ..., 0, 0, 0]], dtype=torch.uint8), 'symbolSpace.subspace.layers.2._ltm_store.leaf_complete': tensor([[False, False, False],
E           [False, False, False],
E           [False, False, False],
E           ...,
E           [False, False, False],
E           [False, False, False],
E           [False, False, False]]), 'symbolSpace.subspace.layers.2._ltm_store.index_stream': tensor([-1, -1, -1,  ..., -1, -1, -1]), 'symbolSpace.subspace.layers.2._ltm_store.posting_codes': tensor([], dtype=torch.int64), 'symbolSpace.subspace.layers.2._ltm_store.posting_roles': tensor([], dtype=torch.int64), 'symbolSpace.subspace.layers.2._ltm_store.posting_rows': tensor([], dtype=torch.int64), 'symbolSpace.subspace.truth_layer.truths': tensor([[0., 0., 0.,  ..., 0., 0., 0.],
E           [0., 0., 0.,  ..., 0., 0., 0.],
E           [0., 0., 0.,  ..., 0., 0., 0.],
E           ...,
E           [0., 0., 0.,  ..., 0., 0., 0.],
E           [0., 0., 0.,  ..., 0., 0., 0.],
E           [0., 0., 0.,  ..., 0., 0., 0.]]), 'symbolSpace.subspace.truth_layer.count': tensor(0), 'symbolSpace.subspace.truth_layer._pending_truths': tensor([[0., 0., 0.,  ..., 0., 0., 0.],
E           [0., 0., 0.,  ..., 0., 0., 0.],
E           [0., 0., 0.,  ..., 0., 0., 0.],
E           ...,
E           [0., 0., 0.,  ..., 0., 0., 0.],
E           [0., 0., 0.,  ..., 0., 0., 0.],
E           [0., 0., 0.,  ..., 0., 0., 0.]]), 'symbolSpace.subspace.truth_layer._pending_trust': tensor([0., 0., 0.,  ..., 0., 0., 0.]), 'symbolSpace.subspace.ltm_store.slots': tensor([[[0., 0., 0.,  ..., 0., 0., 0.],
E            [0., 0., 0.,  ..., 0., 0., 0.],
E            [0., 0., 0.,  ..., 0., 0., 0.]],
E   
E           [[0., 0., 0.,  ..., 0., 0., 0.],
E            [0., 0., 0.,  ..., 0., 0., 0.],
E            [0., 0., 0.,  ..., 0., 0., 0.]],
E   
E           [[0., 0., 0.,  ..., 0., 0., 0.],
E            [0., 0., 0.,  ..., 0., 0., 0.],
E            [0., 0., 0.,  ..., 0., 0., 0.]],
E   
E           ...,
E   
E           [[0., 0., 0.,  ..., 0., 0., 0.],
E            [0., 0., 0.,  ..., 0., 0., 0.],
E            [0., 0., 0.,  ..., 0., 0., 0.]],
E   
E           [[0., 0., 0.,  ..., 0., 0., 0.],
E            [0., 0., 0.,  ..., 0., 0., 0.],
E            [0., 0., 0.,  ..., 0., 0., 0.]],
E   
E           [[0., 0., 0.,  ..., 0., 0., 0.],
E            [0., 0., 0.,  ..., 0., 0., 0.],
E            [0., 0., 0.,  ..., 0., 0., 0.]]]), 'symbolSpace.subspace.ltm_store.rel_type': tensor([0, 0, 0,  ..., 0, 0, 0]), 'symbolSpace.subspace.ltm_store.timestamp': tensor([0., 0., 0.,  ..., 0., 0., 0.]), 'symbolSpace.subspace.ltm_store.trust': tensor([0., 0., 0.,  ..., 0., 0., 0.]), 'symbolSpace.subspace.ltm_store.order': tensor([-1, -1, -1,  ..., -1, -1, -1]), 'symbolSpace.subspace.ltm_store.c_plus': tensor([0., 0., 0.,  ..., 0., 0., 0.]), 'symbolSpace.subspace.ltm_store.c_minus': tensor([0., 0., 0.,  ..., 0., 0., 0.]), 'symbolSpace.subspace.ltm_store.refs': tensor([[-1, -1, -1],
E           [-1, -1, -1],
E           [-1, -1, -1],
E           ...,
E           [-1, -1, -1],
E           [-1, -1, -1],
E           [-1, -1, -1]]), 'symbolSpace.subspace.ltm_store.row_ids': tensor([-1, -1, -1,  ..., -1, -1, -1]), 'symbolSpace.subspace.ltm_store.where': tensor([[0., 0., 0., 0.],
E           [0., 0., 0., 0.],
E           [0., 0., 0., 0.],
E           ...,
E           [0., 0., 0., 0.],
E           [0., 0., 0., 0.],
E           [0., 0., 0., 0.]]), 'symbolSpace.subspace.ltm_store.when': tensor([[0., 0., 0., 0.],
E           [0., 0., 0., 0.],
E           [0., 0., 0., 0.],
E           ...,
E           [0., 0., 0., 0.],
E           [0., 0., 0., 0.],
E           [0., 0., 0., 0.]]), 'symbolSpace.subspace.ltm_store.truth_schema': tensor(8), 'symbolSpace.subspace.ltm_store.surprise': tensor([-1., -1., -1.,  ..., -1., -1., -1.]), 'symbolSpace.subspace.ltm_store.count': tensor(0), 'symbolSpace.subspace.ltm_store.origin': tensor([0, 0, 0,  ..., 0, 0, 0]), 'symbolSpace.subspace.ltm_store._next_ts': tensor(0), 'symbolSpace.subspace.ltm_store.role_mask': tensor([[False, False, False],
E           [False, False, False],
E           [False, False, False],
E           ...,
E           [False, False, False],
E           [False, False, False],
E           [False, False, False]]), 'symbolSpace.subspace.ltm_store.record_kind': tensor([0, 0, 0,  ..., 0, 0, 0]), 'symbolSpace.subspace.ltm_store.grammatical_mode': tensor([0, 0, 0,  ..., 0, 0, 0]), 'symbolSpace.subspace.ltm_store.polarity': tensor([True, True, True,  ..., True, True, True]), 'symbolSpace.subspace.ltm_store.occurrence_id': tensor([-1, -1, -1,  ..., -1, -1, -1]), 'symbolSpace.subspace.ltm_store._next_occurrence': tensor(0), 'symbolSpace.subspace.ltm_store._occurrence_namespace': tensor([122,   6,  60, 167,  92, 251,  69, 181, 147, 125, 232,  98,  87,  85,
E            71, 242], dtype=torch.uint8), 'symbolSpace.subspace.ltm_store.metadata_required': tensor([False, False, False,  ..., False, False, False]), 'symbolSpace.subspace.ltm_store.semantic_fingerprint': tensor([[0, 0, 0,  ..., 0, 0, 0],
E           [0, 0, 0,  ..., 0, 0, 0],
E           [0, 0, 0,  ..., 0, 0, 0],
E           ...,
E           [0, 0, 0,  ..., 0, 0, 0],
E           [0, 0, 0,  ..., 0, 0, 0],
E           [0, 0, 0,  ..., 0, 0, 0]], dtype=torch.uint8), 'symbolSpace.subspace.ltm_store.leaf_complete': tensor([[False, False, False],
E           [False, False, False],
E           [False, False, False],
E           ...,
E           [False, False, False],
E           [False, False, False],
E           [False, False, False]]), 'symbolSpace.subspace.ltm_store.index_stream': tensor([-1, -1, -1,  ..., -1, -1, -1]), 'symbolSpace.subspace.ltm_store.posting_codes': tensor([], dtype=torch.int64), 'symbolSpace.subspace.ltm_store.posting_roles': tensor([], dtype=torch.int64), 'symbolSpace.subspace.ltm_store.posting_rows': tensor([], dtype=torch.int64), 'symbolSpace.subspace.category_embedding.weight': tensor([[-4.9163e-01,  1.0299e+00,  1.5235e+00, -1.5797e+00],
E           [-6.0185e-01,  1.1975e+00, -3.9904e-01, -6.0522e-01],
E           [ 2.1112e+00,  8.0690e-01, -1.5781e+00,  1.3317e+00],
E           [ 1.1062e+00,  1.9003e-01,  9.0676e-01, -4.9921e-01],
E           [-6.8844e-01,  6.2368e-01, -7.9234e-01,  1.4955e+00],
E           [ 1.0532e+00,  5.5206e-01, -1.7411e+00,  1.2981e+00],
E           [-2.5735e-01, -1.1651e-01,  6.4202e-01, -9.1774e-01],
E           [ 2.8281e-01, -1.3575e+00,  5.8247e-01,  3.5716e-01],
E           [-3.8968e-01,  1.0373e+00, -5.5266e-01,  1.0761e-01],
E           [ 1.3706e+00, -2.0454e+00, -7.0663e-01, -1.4038e+00],
E           [-2.4768e-01,  1.1527e+00,  1.0810e+00, -5.6335e-01],
E           [-3.1138e-01,  1.2889e+00,  8.7922e-01,  6.5169e-02],
E           [ 8.9477e-01, -1.1154e+00,  1.5553e+00, -8.4187e-02],
E           [-4.4234e-01, -7.1986e-04, -9.3088e-01, -1.6764e-01],
E           [ 1.2685e+00, -3.1246e+00,  2.2166e-01, -2.9568e-01],
E           [-1.7494e+00, -2.4954e+00,  3.3366e-01,  1.1188e+00],
E           [-1.8951e+00, -1.7798e-01, -1.4259e+00,  2.3283e-01],
E           [ 1.2701e+00, -7.7249e-01, -4.7595e-01,  1.2176e+00],
E           [ 1.6248e+00,  2.6900e-01, -3.8734e-01, -5.6445e-01],
E           [ 5.6704e-01, -1.3775e+00, -1.3311e+00, -2.3334e+00],
E           [-1.8270e+00, -9.1258e-01,  1.1107e+00, -8.7500e-02],
E           [ 1.0201e+00, -1.9686e-01,  1.6285e+00,  5.6048e-02],
E           [-1.0518e+00,  1.7219e+00,  6.3474e-01,  8.1605e-01],
E           [-6.3426e-03,  1.3098e+00, -9.0134e-01,  2.8596e-01],
E           [ 1.4889e+00, -6.7240e-02,  2.7001e-01, -1.7257e-01],
E           [-2.5725e-01,  3.8216e-01,  1.2339e-01,  1.1416e+00],
E           [-4.4012e-01, -3.0567e-01,  9.9740e-01,  3.8422e-01],
E           [ 6.7376e-01,  1.8105e+00, -1.7028e+00,  1.7558e+00],
E           [ 5.2646e-01,  1.1598e+00, -1.0323e+00, -4.8430e-01],
E           [-4.6757e-01,  1.1994e+00,  9.7449e-01, -9.3628e-01],
E           [ 7.3584e-01, -3.5617e-01,  3.0479e+00, -5.0715e-01],
E           [ 2.3711e-01, -1.3883e+00, -9.2533e-01,  9.4428e-01],
E           [-2.8562e-01, -9.8776e-01, -2.0198e-01, -5.2893e-01],
E           [-1.0410e+00, -1.2526e-01, -6.1499e-01, -2.8808e+00],
E           [ 4.1037e-01, -3.0703e-01,  1.3681e-01, -3.5510e-01],
E           [ 1.2504e+00, -1.7010e+00, -2.4800e-01, -1.4069e+00],
E           [-9.8224e-01, -1.5329e-01, -5.3342e-01, -1.5018e+00],
E           [-2.2822e+00,  1.7293e-01,  4.9104e-02, -5.2617e-01],
E           [ 5.6534e-01,  1.6885e+00,  2.0180e-02, -7.3365e-01],
E           [ 3.2921e-01,  1.1217e+00,  1.9049e-01, -9.9290e-02],
E           [ 7.1346e-02, -9.8078e-01,  1.1011e+00,  4.9992e-01],
E           [ 1.2542e+00, -1.4682e-01,  3.1237e-01, -4.6007e-01],
E           [-3.1201e-01,  6.8826e-01, -1.5956e+00,  3.0477e-01],
E           [ 1.5481e+00,  1.5100e-01,  1.2642e+00,  6.1659e-01],
E           [-1.0212e+00, -9.4652e-01, -2.1760e-01, -2.7198e-04],
E           [-1.6943e-01, -8.8749e-02, -1.0685e+00,  9.9218e-01],
E           [ 2.5908e+00, -2.9758e-01, -2.6382e-01, -9.0397e-01],
E           [-8.7773e-01, -2.7633e-02,  1.1034e+00, -1.0888e+00],
E           [ 1.7963e+00, -6.4973e-01,  1.3760e+00, -1.1771e+00],
E           [ 7.4764e-01, -6.3938e-01, -7.5865e-01,  3.1167e-01],
E           [ 1.4880e+00,  1.2098e+00, -9.5736e-02,  1.0434e+00],
E           [-8.1356e-01,  1.7500e+00, -9.2790e-01, -8.7950e-01],
E           [ 6.6475e-01,  1.0339e+00,  5.1202e-01, -1.9915e-01],
E           [ 5.1805e-01,  2.9692e-01, -2.6646e-01,  1.1320e+00],
E           [-4.1951e-01,  1.9705e+00,  4.2575e-01, -2.0531e+00],
E           [-1.7265e-01,  6.3209e-01, -1.8976e-01,  9.6660e-01],
E           [-3.8807e-01,  2.9171e-01,  4.1753e-01,  7.3165e-01],
E           [-8.3005e-01, -1.5910e+00,  5.2150e-02,  7.4182e-01],
E           [-9.1990e-01, -1.0288e-01,  2.0683e+00, -1.1858e+00],
E           [ 1.1512e+00,  9.2761e-01,  9.0307e-01,  4.4199e-01],
E           [-4.1241e-02, -5.8942e-01, -1.2358e+00, -1.7928e+00],
E           [-7.4692e-02, -2.6446e-01,  5.4538e-02, -1.4542e+00],
E           [-1.2036e-01, -5.1360e-01, -1.1646e+00,  1.1330e+00],
E           [ 1.1695e+00,  2.1540e-01, -9.8960e-02, -6.5503e-01]]), 'symbolSpace.subspace.rule_predictor.0.weight': tensor([[-0.1950,  0.0568,  0.1918,  0.0314, -0.1129, -0.0959,  0.0611, -0.1034,
E             0.1783, -0.1150, -0.1028,  0.1537, -0.2041, -0.1884,  0.1518,  0.0315,
E             0.0671,  0.1538,  0.2041, -0.2017,  0.1522,  0.1327,  0.0561,  0.0940],
E           [ 0.1400, -0.0748,  0.1407, -0.0898, -0.1936, -0.1578, -0.0502, -0.1378,
E             0.1134, -0.0171, -0.0956, -0.0237, -0.1598,  0.0607,  0.1933, -0.1903,
E            -0.0481,  0.0033,  0.0561, -0.0712,  0.1369, -0.1632, -0.1421,  0.0778],
E           [ 0.0709, -0.0037, -0.0756, -0.2020, -0.0914, -0.0215,  0.1986,  0.1784,
E            -0.1909,  0.0885,  0.0383, -0.0677,  0.0840, -0.1001,  0.1117,  0.0546,
E             0.1256, -0.0147,  0.0532, -0.1737, -0.0253, -0.1834, -0.0958, -0.0142],
E           [ 0.0405,  0.1164,  0.0771, -0.0577, -0.0887,  0.1559, -0.0877,  0.0838,
E            -0.1960, -0.1680, -0.0225,  0.0626,  0.0403, -0.0708,  0.1152,  0.1707,
E             0.0118,  0.1752,  0.0909, -0.1742,  0.1209, -0.0979,  0.1008, -0.1902],
E           [-0.1852,  0.0950,  0.0736, -0.0347,  0.1015,  0.1617,  0.0937, -0.1369,
E            -0.0004,  0.1966,  0.0743,  0.1231,  0.1720,  0.1161, -0.2012,  0.1394,
E            -0.0685,  0.1283,  0.1539,  0.0177,  0.0580, -0.1986, -0.1871, -0.1691],
E           [ 0.0442,  0.0780,  0.0980,  0.0530, -0.0029, -0.0185, -0.0428, -0.1180,
E             0.0394,  0.0303,  0.1903, -0.0523, -0.0592, -0.1220,  0.0541, -0.0156,
E            -0.1373, -0.0993,  0.1574, -0.0514, -0.0332, -0.0849, -0.1776, -0.1237],
E           [-0.0584, -0.1785, -0.1946, -0.1782, -0.0310,  0.0900, -0.1032,  0.0120,
E            -0.0411, -0.1379, -0.0666, -0.1122,  0.1207, -0.1504,  0.1733, -0.0987,
E            -0.0767, -0.0390,  0.0077,  0.0762,  0.1252, -0.1942, -0.0741, -0.1141],
E           [-0.0572,  0.1426, -0.1516,  0.1741, -0.0883, -0.1091, -0.1176,  0.1871,
E            -0.0352, -0.0857, -0.1184, -0.0182, -0.1989, -0.1596, -0.0634, -0.1753,
E            -0.1912, -0.1530, -0.0115, -0.1108,  0.1819,  0.1173,  0.0941,  0.0469],
E           [-0.0291, -0.1782,  0.1038, -0.0335,  0.0730,  0.1147,  0.0091, -0.0136,
E            -0.1395,  0.1080,  0.1091, -0.1867,  0.0577,  0.1414,  0.1475,  0.1914,
E            -0.1135,  0.0162, -0.1328,  0.2026,  0.0897, -0.0136, -0.0338, -0.0955],
E           [ 0.0812,  0.1051, -0.2032,  0.1697,  0.0930, -0.0506, -0.1268, -0.1756,
E             0.1173, -0.0993,  0.0503,  0.0334, -0.1743,  0.0386,  0.0596,  0.0418,
E             0.1453, -0.1510,  0.0526,  0.2011, -0.0108, -0.1276,  0.0227, -0.0119],
E           [ 0.0211,  0.1692, -0.1301,  0.1212,  0.0985,  0.1302,  0.0090, -0.0271,
E             0.0812,  0.2019,  0.0680, -0.0476, -0.1230,  0.0602,  0.0113,  0.1783,
E             0.1469, -0.0347, -0.1310,  0.1086, -0.1613, -0.0911, -0.1830, -0.1972],
E           [-0.1773,  0.1715, -0.0210,  0.0029, -0.1242,  0.1814,  0.0620, -0.0692,
E             0.0414, -0.1881, -0.1930,  0.0695, -0.0120, -0.0297,  0.0249,  0.1580,
E            -0.2000,  0.0497, -0.0243, -0.0939,  0.0521,  0.1403, -0.1375,  0.0975],
E           [-0.0823, -0.1701, -0.1945,  0.0474, -0.0650, -0.1959,  0.0678,  0.1672,
E             0.1368,  0.1953,  0.0801, -0.1971, -0.1762,  0.1699,  0.1476, -0.0218,
E             0.0772, -0.0824,  0.0782, -0.0421,  0.1389,  0.1815, -0.0014, -0.1892],
E           [-0.0019,  0.1114,  0.0088, -0.1978, -0.1313, -0.0668, -0.0736,  0.0103,
E            -0.1429, -0.0375,  0.0055, -0.0541, -0.1124, -0.2022,  0.0029, -0.1255,
E            -0.0302, -0.0039,  0.0866, -0.0644, -0.1257,  0.0345,  0.0541, -0.0125],
E           [ 0.0409, -0.1835, -0.0191, -0.1050, -0.0590, -0.0518, -0.1799,  0.0904,
E             0.1499,  0.0170, -0.1748,  0.1225,  0.0667,  0.1447,  0.0041, -0.0262,
E             0.1210, -0.0409, -0.1617,  0.1463,  0.1514,  0.0711,  0.0834, -0.0077],
E           [-0.1810,  0.1585, -0.0224, -0.1430, -0.0580,  0.1063,  0.1151,  0.1631,
E             0.1111,  0.0159, -0.1145,  0.2017, -0.0033, -0.0473, -0.1689, -0.1179,
E             0.0235, -0.2001,  0.0641, -0.0937,  0.0765,  0.0066, -0.1142, -0.0034],
E           [-0.1395,  0.0283, -0.0987,  0.1065, -0.1967,  0.1553, -0.0222, -0.0383,
E             0.1394, -0.1490, -0.0687, -0.0017, -0.1383, -0.1282,  0.0587,  0.0846,
E            -0.0170, -0.1703, -0.1094, -0.1295, -0.0993,  0.1411,  0.1698, -0.0106],
E           [-0.0341, -0.1669, -0.0657,  0.1044,  0.1749,  0.1328, -0.1035, -0.0924,
E            -0.0284, -0.0609, -0.1879,  0.0558,  0.1194,  0.0650,  0.0300, -0.1423,
E             0.0671,  0.1722,  0.1012, -0.0041, -0.1109, -0.0952,  0.0866,  0.1187],
E           [ 0.1600, -0.1630,  0.1960, -0.0292,  0.0945, -0.0747,  0.0337,  0.1784,
E            -0.0202,  0.1318, -0.0143,  0.0932,  0.0893, -0.1096, -0.0496, -0.0873,
E             0.0515,  0.1496, -0.1773, -0.1356, -0.1068, -0.0154, -0.0464, -0.1757],
E           [ 0.2003,  0.1548,  0.1332,  0.0215,  0.0781,  0.0119, -0.1538, -0.1914,
E            -0.0016,  0.1470,  0.1307,  0.0159,  0.0512, -0.0628, -0.1995, -0.0523,
E            -0.1705, -0.1114,  0.1845,  0.1898,  0.1888, -0.0652, -0.1071, -0.2011],
E           [-0.1566, -0.0207, -0.1121, -0.0109,  0.1298,  0.1712, -0.0240, -0.0534,
E            -0.0962, -0.0825,  0.1218, -0.1530,  0.2024, -0.1422,  0.0302, -0.1314,
E            -0.1224, -0.0769,  0.1747,  0.0227, -0.1675, -0.1964,  0.0682, -0.1678],
E           [ 0.1834, -0.0936, -0.0880,  0.0204, -0.1812, -0.0629, -0.1473, -0.0253,
E             0.1604, -0.1606,  0.1785,  0.1787,  0.1414, -0.1766, -0.0192,  0.1459,
E            -0.1000,  0.1255,  0.1685,  0.0264,  0.0950,  0.1387,  0.1370, -0.0777],
E           [-0.0123,  0.0198,  0.1492,  0.0371,  0.1146, -0.1547, -0.0023,  0.0635,
E             0.0995, -0.0798,  0.1578,  0.1328, -0.0709, -0.0694, -0.1576,  0.1299,
E            -0.0131, -0.0305,  0.1527,  0.1273, -0.0884, -0.1872,  0.1094, -0.1032],
E           [ 0.0280,  0.1491, -0.1925, -0.0777,  0.0968,  0.1659, -0.1948,  0.0075,
E             0.0527, -0.0185, -0.0875, -0.0204,  0.0090,  0.0056,  0.1665,  0.1225,
E            -0.1587,  0.1138,  0.1669,  0.0751, -0.0329, -0.1343, -0.1167,  0.0051]]), 'symbolSpace.subspace.rule_predictor.0.bias': tensor([-0.0889,  0.1428,  0.1685, -0.0933, -0.1062, -0.1243, -0.1200, -0.1035,
E           -0.1115,  0.0769, -0.0977, -0.1914,  0.0755,  0.0909, -0.0573,  0.0463,
E           -0.0789, -0.1564,  0.0870, -0.1310,  0.0609, -0.0369,  0.0392,  0.1069]), 'symbolSpace.subspace.rule_predictor.2.weight': tensor([[ 0.0319,  0.0354,  0.1574,  0.0091,  0.0602,  0.0300,  0.1894,  0.1837,
E            -0.1990, -0.1776, -0.1474,  0.0768, -0.0583,  0.1794, -0.1481, -0.0960,
E            -0.0429, -0.0098, -0.0988,  0.1119, -0.1824,  0.1865,  0.0125,  0.0288],
E           [-0.1994, -0.0097, -0.1277,  0.1184, -0.1580,  0.0103,  0.1713, -0.1466,
E             0.0755,  0.0308, -0.0629,  0.1770, -0.1407,  0.1577, -0.1808,  0.1077,
E             0.0769, -0.1929,  0.1705, -0.0877, -0.0538,  0.0258,  0.1939,  0.0615],
E           [ 0.2000, -0.1727,  0.0739,  0.0422,  0.1214,  0.0818,  0.1754,  0.0162,
E             0.0365, -0.0136,  0.0906, -0.0014, -0.1747, -0.0847, -0.0925, -0.1630,
E            -0.0696, -0.1101,  0.0056, -0.1161,  0.0415, -0.1682, -0.0806,  0.0017],
E           [ 0.0920,  0.1926,  0.0594, -0.1868, -0.1867, -0.0762, -0.0795, -0.0672,
E            -0.0685, -0.1645, -0.1232,  0.0777, -0.0450, -0.0516, -0.1501,  0.1507,
E             0.0812,  0.1313,  0.1427,  0.1961,  0.1897, -0.0533, -0.1903,  0.1285],
E           [ 0.1518, -0.0609,  0.0830, -0.1291,  0.1150, -0.0121, -0.1461, -0.1485,
E             0.1321, -0.1874, -0.0395,  0.0499,  0.0148,  0.0732, -0.1748, -0.1396,
E            -0.1158, -0.1509,  0.0336,  0.0959,  0.0367, -0.0252,  0.0151,  0.2000],
E           [ 0.1025, -0.1061,  0.1316,  0.0012, -0.1596, -0.0923, -0.0886, -0.0978,
E             0.0201, -0.1020, -0.1714, -0.1738, -0.1013,  0.0808,  0.1909, -0.1803,
E             0.0778,  0.0126,  0.1021, -0.1332,  0.1888,  0.0066,  0.0458,  0.0550]]), 'symbolSpace.subspace.rule_predictor.2.bias': tensor([ 0.0301, -0.1574,  0.1991,  0.0521, -0.0712, -0.1307]), 'symbolSpace.subspace.discourse.predictor.0.weight': tensor([[ 0.0861, -0.0152, -0.0520,  ...,  0.0991,  0.0530,  0.0552],
E           [ 0.0660,  0.0821, -0.0542,  ..., -0.0303, -0.0495, -0.0520],
E           [-0.0240,  0.0841,  0.0133,  ...,  0.0290, -0.0064, -0.0693],
E           ...,
E           [-0.0198,  0.0224, -0.0986,  ..., -0.0343,  0.0656,  0.0439],
E           [-0.0422,  0.0544,  0.0586,  ...,  0.0133, -0.0443, -0.0326],
E           [ 0.0286, -0.0364, -0.0092,  ..., -0.0847, -0.0639,  0.0250]]), 'symbolSpace.subspace.discourse.predictor.0.bias': tensor([-0.0784,  0.0495, -0.0267, -0.0219,  0.0889,  0.0391, -0.0220,  0.0578,
E            0.0189, -0.0696,  0.0243,  0.0177,  0.0945, -0.0402, -0.0770,  0.0695,
E           -0.0325,  0.0893, -0.0992, -0.0698,  0.0105,  0.0588, -0.0672, -0.0569,
E           -0.0470, -0.0720, -0.0024,  0.0334]), 'symbolSpace.subspace.discourse.predictor.2.weight': tensor([[ 0.0496, -0.0101,  0.1454, -0.0381, -0.0055,  0.0440,  0.1882,  0.1241,
E             0.0790, -0.0316,  0.1472,  0.0305, -0.0934,  0.0264,  0.1750, -0.0282,
E            -0.1091, -0.1769, -0.0849, -0.1316, -0.0848,  0.1664, -0.0377, -0.0289,
E             0.0045, -0.1512, -0.0445, -0.0561],
E           [-0.0377, -0.1540, -0.0612, -0.0824, -0.0564,  0.1009,  0.1056,  0.0879,
E             0.1464, -0.1228,  0.1602, -0.1541, -0.0846, -0.0529,  0.1607,  0.0059,
E             0.0220,  0.1635, -0.0389, -0.0406,  0.1308, -0.1522,  0.0259,  0.1450,
E             0.1229,  0.1634,  0.1879,  0.1182],
E           [ 0.1621, -0.0394, -0.0606,  0.0394, -0.0840,  0.0229,  0.0725,  0.1091,
E            -0.0074,  0.0341,  0.1000,  0.1566,  0.0574,  0.1371, -0.1768, -0.0732,
E            -0.1587,  0.0998,  0.1505,  0.1455,  0.0192, -0.0099,  0.0982,  0.1313,
E             0.1813,  0.0559, -0.0095, -0.1490],
E           [ 0.1653,  0.0475, -0.1754,  0.1107, -0.1407, -0.0709,  0.0900, -0.1289,
E            -0.0537, -0.1020, -0.1176, -0.0114, -0.0259, -0.0321,  0.0421, -0.0355,
E             0.1165, -0.1288,  0.1311,  0.0338,  0.0909, -0.1341,  0.1525,  0.0383,
E            -0.1658, -0.1774,  0.0446, -0.0696],
E           [ 0.0940,  0.0177,  0.0968, -0.0577,  0.0854,  0.1774, -0.0003,  0.1763,
E            -0.0474,  0.1625,  0.1722, -0.0743, -0.0663,  0.0856,  0.1213, -0.1018,
E            -0.0768, -0.0096,  0.1017,  0.0287, -0.1044, -0.0667, -0.0203,  0.1163,
E             0.1446,  0.0420, -0.1466, -0.1434],
E           [-0.0519, -0.1805, -0.1398, -0.0868, -0.0547, -0.0121, -0.0380, -0.0969,
E             0.1816, -0.1277, -0.0316,  0.1123,  0.1379, -0.0344,  0.1196,  0.1274,
E            -0.0591, -0.1574, -0.1736, -0.1570,  0.1849,  0.1470, -0.0741, -0.1262,
E            -0.1092, -0.1438, -0.1252, -0.0684],
E           [-0.0141, -0.1197, -0.0277, -0.1048,  0.0554, -0.0638,  0.1412,  0.1687,
E             0.0075, -0.0028,  0.1488, -0.1590, -0.0910, -0.0047, -0.0377, -0.1697,
E            -0.1155, -0.0170, -0.1004,  0.1709, -0.1885, -0.1297, -0.0229, -0.0130,
E             0.1152,  0.0937,  0.1650, -0.1758],
E           [ 0.1732,  0.0471,  0.0962, -0.1314, -0.0896,  0.0098,  0.1071,  0.0948,
E            -0.1355, -0.0103,  0.1772,  0.1758,  0.1835,  0.1452,  0.0758,  0.0975,
E            -0.0447, -0.0703, -0.0014, -0.0548, -0.1805, -0.0646,  0.1316, -0.1883,
E            -0.0226, -0.0642, -0.0354, -0.1565],
E           [ 0.1409, -0.1061,  0.1602,  0.0914, -0.0710,  0.1474, -0.0101, -0.0827,
E            -0.0467, -0.0318,  0.0891,  0.1687,  0.1536, -0.0038, -0.0480, -0.0984,
E            -0.0280, -0.0354, -0.0783,  0.1711,  0.1384,  0.0585, -0.1046,  0.0712,
E            -0.1259, -0.1025,  0.0588, -0.0693],
E           [-0.0851, -0.0801,  0.0645, -0.0695, -0.1870, -0.0642,  0.1869, -0.0208,
E             0.1809,  0.1296,  0.0415, -0.1415, -0.1597, -0.1426,  0.1591,  0.0738,
E            -0.1616,  0.0765,  0.0034,  0.0105,  0.0568,  0.1416,  0.1081, -0.1060,
E             0.0838, -0.0411, -0.0670, -0.1796],
E           [-0.0510, -0.0371, -0.1506, -0.1827,  0.1163, -0.1591,  0.1249,  0.1702,
E            -0.1463,  0.0571,  0.1376,  0.1669, -0.1312,  0.1745, -0.0815, -0.1150,
E             0.0331,  0.1142, -0.1278,  0.0024,  0.0540, -0.0985,  0.0098,  0.0617,
E            -0.1882,  0.0659, -0.0778,  0.0127],
E           [ 0.1491,  0.1087,  0.1241,  0.0656,  0.1398,  0.1052,  0.0951,  0.0810,
E             0.1319, -0.1132,  0.1398, -0.1728,  0.0473, -0.1451,  0.0287, -0.0213,
E             0.0944,  0.1741,  0.0258,  0.0676, -0.0453,  0.1451, -0.0764, -0.1075,
E            -0.1450,  0.0795,  0.0631, -0.1714],
E           [-0.0823,  0.1094,  0.0940,  0.0511,  0.0305,  0.1238,  0.1348, -0.0713,
E             0.0584,  0.1298,  0.0294, -0.0729,  0.0659, -0.1059, -0.1350,  0.1063,
E             0.1092,  0.0965, -0.1403,  0.1094,  0.0942, -0.1201, -0.1178,  0.0727,
E             0.0767, -0.0015, -0.1060, -0.0109],
E           [ 0.0956,  0.0929,  0.0664,  0.0342, -0.0076, -0.1245, -0.0487, -0.0049,
E            -0.0645,  0.1703, -0.0327, -0.1123, -0.0790, -0.1661,  0.0440,  0.1057,
E             0.0356,  0.0860, -0.0567, -0.0782, -0.0216,  0.0856,  0.1868,  0.1873,
E            -0.0239,  0.0103,  0.0605,  0.0215]]), 'symbolSpace.subspace.discourse.predictor.2.bias': tensor([-0.1534,  0.0491,  0.1444,  0.1027,  0.1017,  0.1322, -0.0394,  0.1573,
E            0.0148,  0.0638,  0.1506,  0.1581,  0.0236, -0.1502]), 'symbolSpace.subspace.discourse._inter_predictor.kind_weight': tensor([0., 0., 0., 0., 0., 0., 0., 0., 0., 0., 0., 0., 0., 0., 0., 0., 0., 0., 0., 0., 0., 0., 0., 0.,
E           0., 0., 0., 0., 0., 0., 0., 0., 0., 0., 0., 0., 0., 0., 0., 0., 0., 0., 0., 0., 0., 0., 0., 0.,
E           0., 0., 0., 0., 0., 0., 0., 0., 0., 0., 0., 0., 0., 0., 0., 0., 0., 0., 0., 0., 0., 0., 0., 0.,
E           0., 0., 0., 0., 0., 0., 0., 0., 0., 0., 0., 0., 0., 0., 0., 0., 0., 0.]), 'symbolSpace.subspace.discourse._inter_predictor.kind_bias': tensor(0.), 'symbolSpace.subspace.discourse._inter_predictor.network.0.weight': tensor([[ 0.0096,  0.0354, -0.0339,  ..., -0.0367,  0.0475,  0.0012],
E           [-0.0279, -0.0030,  0.0334,  ..., -0.0191, -0.0280, -0.0485],
E           [ 0.0434,  0.0487, -0.0492,  ...,  0.0134, -0.0408, -0.0245],
E           ...,
E           [-0.0363,  0.0382,  0.0137,  ...,  0.0026,  0.0216, -0.0523],
E           [ 0.0179,  0.0452,  0.0141,  ...,  0.0139,  0.0513, -0.0201],
E           [-0.0088,  0.0375, -0.0031,  ..., -0.0255,  0.0119, -0.0316]]), 'symbolSpace.subspace.discourse._inter_predictor.network.0.bias': tensor([-0.0003, -0.0385,  0.0126, -0.0065,  0.0013,  0.0518,  0.0471, -0.0092,
E           -0.0274, -0.0208, -0.0467,  0.0170,  0.0036, -0.0392, -0.0268,  0.0138,
E            0.0058, -0.0471,  0.0251,  0.0428,  0.0515, -0.0383, -0.0462,  0.0359,
E            0.0297, -0.0131,  0.0303,  0.0182, -0.0367,  0.0492,  0.0396, -0.0022,
E            0.0071,  0.0233,  0.0374,  0.0271, -0.0497, -0.0270, -0.0135, -0.0384,
E            0.0444, -0.0426, -0.0485, -0.0162,  0.0307,  0.0481, -0.0357,  0.0352,
E            0.0278,  0.0361, -0.0414, -0.0156,  0.0267, -0.0025, -0.0436,  0.0018,
E            0.0231,  0.0213, -0.0438, -0.0224,  0.0071,  0.0306, -0.0024, -0.0351,
E            0.0418, -0.0277, -0.0214, -0.0514,  0.0064, -0.0448, -0.0441, -0.0091,
E           -0.0431,  0.0347,  0.0383,  0.0076,  0.0014,  0.0065,  0.0311, -0.0394,
E            0.0174,  0.0284,  0.0262, -0.0461, -0.0074, -0.0041, -0.0311,  0.0339,
E            0.0282, -0.0441]), 'symbolSpace.subspace.discourse._inter_predictor.network.2.weight': tensor([[-0.0697,  0.0966,  0.0103,  ...,  0.0652, -0.0093, -0.0727],
E           [ 0.0454, -0.0993,  0.0429,  ...,  0.0655, -0.0375,  0.0005],
E           [-0.0913, -0.0282,  0.0090,  ..., -0.0635,  0.0768, -0.1036],
E           ...,
E           [-0.0375, -0.0060, -0.0806,  ..., -0.1027,  0.0230,  0.0914],
E           [ 0.0166, -0.0346, -0.0494,  ..., -0.0092, -0.0586, -0.0731],
E           [ 0.0419, -0.0992, -0.0795,  ...,  0.0013,  0.0961,  0.0029]]), 'symbolSpace.subspace.discourse._inter_predictor.network.2.bias': tensor([-0.0168,  0.0710,  0.1051, -0.1053, -0.0742,  0.0173, -0.0433, -0.0006,
E            0.0753,  0.0416,  0.0076, -0.0140,  0.0954, -0.0030, -0.0367, -0.0527,
E            0.0171, -0.0202,  0.0155,  0.0154, -0.0142,  0.0104, -0.0596,  0.0147,
E            0.0305,  0.0087,  0.0069,  0.0997,  0.0255,  0.0280, -0.0685, -0.0847,
E           -0.0880, -0.0549,  0.0537,  0.1031,  0.0623, -0.0697,  0.0329,  0.0011,
E           -0.0167,  0.0237,  0.0379, -0.0749, -0.0995]), 'symbolSpace.subspace.discourse._ltm_store.slots': tensor([[[0., 0., 0.,  ..., 0., 0., 0.],
E            [0., 0., 0.,  ..., 0., 0., 0.],
E            [0., 0., 0.,  ..., 0., 0., 0.]],
E   
E           [[0., 0., 0.,  ..., 0., 0., 0.],
E            [0., 0., 0.,  ..., 0., 0., 0.],
E            [0., 0., 0.,  ..., 0., 0., 0.]],
E   
E           [[0., 0., 0.,  ..., 0., 0., 0.],
E            [0., 0., 0.,  ..., 0., 0., 0.],
E            [0., 0., 0.,  ..., 0., 0., 0.]],
E   
E           ...,
E   
E           [[0., 0., 0.,  ..., 0., 0., 0.],
E            [0., 0., 0.,  ..., 0., 0., 0.],
E            [0., 0., 0.,  ..., 0., 0., 0.]],
E   
E           [[0., 0., 0.,  ..., 0., 0., 0.],
E            [0., 0., 0.,  ..., 0., 0., 0.],
E            [0., 0., 0.,  ..., 0., 0., 0.]],
E   
E           [[0., 0., 0.,  ..., 0., 0., 0.],
E            [0., 0., 0.,  ..., 0., 0., 0.],
E            [0., 0., 0.,  ..., 0., 0., 0.]]]), 'symbolSpace.subspace.discourse._ltm_store.rel_type': tensor([0, 0, 0,  ..., 0, 0, 0]), 'symbolSpace.subspace.discourse._ltm_store.timestamp': tensor([0., 0., 0.,  ..., 0., 0., 0.]), 'symbolSpace.subspace.discourse._ltm_store.trust': tensor([0., 0., 0.,  ..., 0., 0., 0.]), 'symbolSpace.subspace.discourse._ltm_store.order': tensor([-1, -1, -1,  ..., -1, -1, -1]), 'symbolSpace.subspace.discourse._ltm_store.c_plus': tensor([0., 0., 0.,  ..., 0., 0., 0.]), 'symbolSpace.subspace.discourse._ltm_store.c_minus': tensor([0., 0., 0.,  ..., 0., 0., 0.]), 'symbolSpace.subspace.discourse._ltm_store.refs': tensor([[-1, -1, -1],
E           [-1, -1, -1],
E           [-1, -1, -1],
E           ...,
E           [-1, -1, -1],
E           [-1, -1, -1],
E           [-1, -1, -1]]), 'symbolSpace.subspace.discourse._ltm_store.row_ids': tensor([-1, -1, -1,  ..., -1, -1, -1]), 'symbolSpace.subspace.discourse._ltm_store.where': tensor([[0., 0., 0., 0.],
E           [0., 0., 0., 0.],
E           [0., 0., 0., 0.],
E           ...,
E           [0., 0., 0., 0.],
E           [0., 0., 0., 0.],
E           [0., 0., 0., 0.]]), 'symbolSpace.subspace.discourse._ltm_store.when': tensor([[0., 0., 0., 0.],
E           [0., 0., 0., 0.],
E           [0., 0., 0., 0.],
E           ...,
E           [0., 0., 0., 0.],
E           [0., 0., 0., 0.],
E           [0., 0., 0., 0.]]), 'symbolSpace.subspace.discourse._ltm_store.truth_schema': tensor(8), 'symbolSpace.subspace.discourse._ltm_store.surprise': tensor([-1., -1., -1.,  ..., -1., -1., -1.]), 'symbolSpace.subspace.discourse._ltm_store.count': tensor(0), 'symbolSpace.subspace.discourse._ltm_store.origin': tensor([0, 0, 0,  ..., 0, 0, 0]), 'symbolSpace.subspace.discourse._ltm_store._next_ts': tensor(0), 'symbolSpace.subspace.discourse._ltm_store.role_mask': tensor([[False, False, False],
E           [False, False, False],
E           [False, False, False],
E           ...,
E           [False, False, False],
E           [False, False, False],
E           [False, False, False]]), 'symbolSpace.subspace.discourse._ltm_store.record_kind': tensor([0, 0, 0,  ..., 0, 0, 0]), 'symbolSpace.subspace.discourse._ltm_store.grammatical_mode': tensor([0, 0, 0,  ..., 0, 0, 0]), 'symbolSpace.subspace.discourse._ltm_store.polarity': tensor([True, True, True,  ..., True, True, True]), 'symbolSpace.subspace.discourse._ltm_store.occurrence_id': tensor([-1, -1, -1,  ..., -1, -1, -1]), 'symbolSpace.subspace.discourse._ltm_store._next_occurrence': tensor(0), 'symbolSpace.subspace.discourse._ltm_store._occurrence_namespace': tensor([122,   6,  60, 167,  92, 251,  69, 181, 147, 125, 232,  98,  87,  85,
E            71, 242], dtype=torch.uint8), 'symbolSpace.subspace.discourse._ltm_store.metadata_required': tensor([False, False, False,  ..., False, False, False]), 'symbolSpace.subspace.discourse._ltm_store.semantic_fingerprint': tensor([[0, 0, 0,  ..., 0, 0, 0],
E           [0, 0, 0,  ..., 0, 0, 0],
E           [0, 0, 0,  ..., 0, 0, 0],
E           ...,
E           [0, 0, 0,  ..., 0, 0, 0],
E           [0, 0, 0,  ..., 0, 0, 0],
E           [0, 0, 0,  ..., 0, 0, 0]], dtype=torch.uint8), 'symbolSpace.subspace.discourse._ltm_store.leaf_complete': tensor([[False, False, False],
E           [False, False, False],
E           [False, False, False],
E           ...,
E           [False, False, False],
E           [False, False, False],
E           [False, False, False]]), 'symbolSpace.subspace.discourse._ltm_store.index_stream': tensor([-1, -1, -1,  ..., -1, -1, -1]), 'symbolSpace.subspace.discourse._ltm_store.posting_codes': tensor([], dtype=torch.int64), 'symbolSpace.subspace.discourse._ltm_store.posting_roles': tensor([], dtype=torch.int64), 'symbolSpace.subspace.discourse._ltm_store.posting_rows': tensor([], dtype=torch.int64)}, 'vocab_extras': {'index_to_key': [], 'counts': [], 'total_count': 0, 'conceptual_structure': {'version': 2, 'role': 'conceptual_structure', 'percept_readout_references': {'version': 1, 'references': {}}}, 'whole_properties': {'version': 2, 'role': 'property_basis', 'property_rows': {'letter': 0, 'digit': 1, 'whitespace': 2, 'punctuation': 3, 'capital': 4, 'control': 5, 'high_byte': 6, 'pad': 7}}}, 'structural_extras': {'version': 2, 'conceptual_spaces': {0: {'conceptual_structure': {'version': 2, 'role': 'conceptual_structure', 'percept_readout_references': {'version': 1, 'references': {}}}}}, 'whole_properties': {0: {'vocab_extras': {'version': 2, 'role': 'property_basis', 'property_rows': {'letter': 0, 'digit': 1, 'whitespace': 2, 'punctuation': 3, 'capital': 4, 'control': 5, 'high_byte': 6, 'pad': 7}}}}, 'truth_semantics': {'symbolSpace.subspace.layers.2._ltm_store': {'version': 4, 'namespace': '7a063ca75cfb45b5937de862575547f2', 'records': []}}, 'what_history': None}, 'optimizer_state': None, 'training_state': {'training_step_count': 0, 'fineweb_training_progress': None, 'word_observation_serial': 0, 'mode_schedule': {'version': 2, 'value': 'parallel', 'pending': [], 'completed_parallel': 0}, 'operator_gradient_opposition': {}, 'train_batches_seen': 0, 'epoch_batches_seen': 0, 'checkpoint_batch_size': None, 'torch_rng_state': tensor([77, 56, 67,  ...,  0,  0,  0], dtype=torch.uint8), 'python_rng_state': (3, (2147483648, 604179837, 4107019691, 1461255861, 2465766734, 2603784342, 2625934366, 2049965154, 1611747312, 2607096313, 4012415631, 2321596281, 3817738109, 988675505, 1140397862, 110913159, 563954467, 3395399113, 1347880047, 3478694527, 4005214578, 3228686960, 1023230178, 237940559, 370705197, 3585750219, 3704190654, 2353520457, 773199343, 654142208, 1404074270, 2808575596, 3525287009, 3613654163, 912947608, 2286442200, 3531845588, 3410482630, 280625528, 445164375, 2866399636, 3432030434, 3164283017, 3159669275, 3980449029, 2727602318, 4116731839, 393904707, 1650811188, 1196803102, 2224386599, 2119355195, 2861652095, 2224352860, 3433909261, 1291540591, 329978017, 350340906, 428431145, 93907912, 1300651836, 3337810131, 3671677220, 1899490675, 271760386, 1077957576, 1296040508, 568174933, 997584087, 4161002827, 1338761575, 2409623096, 1129452340, 1356052678, 1264624371, 538275072, 732198509, 2612959634, 1697557967, 40718400, 1731867236, 3154359504, 2795903057, 1162256450, 634386456, 1367519899, 2090332379, 2569560693, 144646710, 1379728373, 3350034476, 2145725404, 156412175, 2060180749, 3046762081, 2136946993, 1903169250, 1741134137, 3183071613, 3686183364, 114646389, 571474293, 380093191, 2953100610, 904461720, 3037985381, 3846980378, 1185273027, 3401157642, 966120703, 3142256526, 1498965255, 2551480505, 524179132, 1276971314, 679246244, 2675646059, 3423856760, 3000015968, 2278328485, 1202263979, 887494026, 2305709786, 1435656467, 3544160070, 3796331466, 882887722, 580162490, 372435966, 3495734339, 3252060045, 204532353, 2705891753, 1855450469, 3875351208, 4143850104, 3858780557, 3541207017, 2476159343, 752685630, 3001960826, 198904038, 3282089217, 4184173579, 182738474, 3423046739, 3970146221, 1397368651, 1279691714, 1154352670, 164251165, 2824868071, 609297311, 2669590213, 846761279, 1769975577, 3173635646, 290274581, 1121438576, 729800977, 381149319, 4041640728, 458872371, 1494050166, 2773107797, 1910463694, 4118662894, 1939546227, 2783357685, 4130762893, 4276651153, 3035536654, 1857389343, 1256794369, 2616235956, 91632327, 906026958, 1466204159, 63400211, 4217186757, 469065380, 1003599122, 2066498019, 1666983774, 2758694415, 4066266515, 369826550, 1393603478, 699698060, 2358548461, 2735196136, 3314527655, 1216638112, 1835055577, 3332820920, 3848814993, 3547600872, 356159823, 2606464577, 1430867381, 4011632116, 4110590900, 2575005811, 977479008, 408832679, 4160625056, 2742732657, 3189212723, 1805495203, 2654889108, 3947209470, 3216598542, 1878587138, 3365055029, 2911000135, 396204657, 861941191, 113241736, 1872935960, 819254724, 3841488778, 764313631, 1690090755, 3292108402, 3560724554, 772577901, 3968895915, 1892987878, 2426205198, 25549617, 2317762559, 2967361080, 4294149143, 984727969, 690797615, 4235337852, 352693720, 2491613011, 2324691977, 3555233619, 1156947317, 2864891343, 3891506931, 3637357975, 2828974763, 329002073, 2734932906, 1536872765, 887921558, 2370055242, 4186299398, 3133601152, 267700584, 362282470, 2639573729, 1334802906, 481434148, 2810906940, 2107732571, 2640442164, 479285123, 1825687209, 2501826307, 2281404238, 336943755, 1594335841, 2433856895, 3734574193, 3383741276, 3789684684, 3941396915, 1427681064, 150586603, 1662060372, 2204400556, 2727358069, 574619909, 4179677473, 2839840627, 115854930, 1292146688, 3959725452, 901079866, 1553280604, 1888245077, 4207439027, 623684227, 1614860161, 2175697888, 1361121695, 1680624887, 3113527481, 4233920739, 3337654970, 2814888890, 4289936257, 999246682, 27195101, 2600210317, 3470569178, 2744242339, 254824257, 1551556615, 1195083872, 873994430, 841998694, 3194535844, 1616800121, 3626331199, 2071279448, 2022743041, 942533295, 598274444, 4018031240, 2073498169, 338758851, 3324392372, 1362847543, 4199006133, 3299932301, 2617775813, 3941851970, 2092103976, 689858210, 1954246971, 3010022548, 207897768, 666325135, 2184068154, 1947550731, 1500171908, 3273221186, 2198234701, 4055811638, 948301826, 4021366025, 155383061, 2516886168, 1779145118, 578736860, 1471538732, 2810370223, 2876317607, 1101166805, 689186294, 3356690562, 1279494598, 4261485951, 4246763996, 2432419206, 3973395457, 200843289, 3748010694, 2070819952, 1873635435, 3706850629, 3840989566, 312857463, 1366034592, 2305648289, 1503853184, 3711938109, 1418271424, 1608822412, 3598163648, 3507039275, 660330214, 1286474593, 3685007152, 4225657633, 2582764058, 2920608953, 1942740942, 1581224062, 811679545, 2228237487, 1259437767, 3627680203, 1327556894, 153190532, 3939783999, 688979540, 201522837, 3897409349, 1486137426, 66003973, 1321894342, 447637834, 2588783629, 1471090884, 2838439594, 1894600339, 60406305, 2717508190, 3936789133, 3099779216, 1687604259, 4129033991, 2368909067, 2117194048, 3736873415, 2372397499, 2712547798, 4131305060, 2840988971, 1105551593, 2217324136, 1170941496, 2801195110, 3720103853, 3067017298, 386430452, 1255177823, 2227299061, 1432256923, 2711052488, 1033385966, 1112410310, 1702851938, 1476744518, 2534423654, 3913027484, 814079423, 1465271738, 1809653905, 2049387976, 545915260, 1264109896, 168650592, 1366593217, 2151785214, 82826073, 3589903536, 61419035, 2010084264, 224356553, 912786127, 3415179347, 2127424030, 880034850, 2721605659, 325766981, 203471186, 798057933, 3531072444, 889597157, 3168345254, 2220780777, 2702225687, 1272828639, 1885297454, 4137784563, 485631394, 3291633136, 4280753599, 1566523304, 1854596179, 937535588, 3412563037, 2695562691, 975639402, 3168078418, 2917936698, 3174030040, 1154940800, 303852470, 2178169341, 3847669316, 9303798, 3558786342, 1012081072, 2022063882, 3276599659, 312606578, 3743325540, 430949118, 3177964611, 4135209073, 696876353, 3920656071, 1868745436, 2060696047, 3632933064, 1559228426, 1142844288, 1572779415, 2331255739, 1995586357, 4119359603, 951279341, 3567784512, 2170521392, 3775991659, 1900085067, 2788786995, 1440871956, 70662536, 2415556820, 1193809559, 1515218511, 1602726372, 2364153249, 2618143102, 378854661, 610399106, 3971825024, 4209989920, 3415462301, 987145524, 1551341170, 494466822, 490266302, 1301901097, 1917532799, 728699554, 3126117627, 3704777288, 1942372193, 2827986413, 235936766, 2193322087, 2323723892, 2233426747, 1350152601, 1913357749, 2698722546, 2086970179, 4112309668, 536052746, 282779948, 2544970054, 2411972063, 3661770235, 1699074435, 1557320551, 1007526360, 929790252, 1542500727, 2869345815, 1065854783, 1502841838, 2468406501, 1575239312, 2200650102, 474389323, 62160811, 3793661554, 1072052723, 2246883326, 1763307577, 3116887782, 3626315349, 2045290699, 1283661269, 1996525168, 1081074681, 3869190773, 3933444902, 3382928810, 239822464, 2023173080, 1608452892, 2951383190, 17724484, 3702824583, 4191893369, 587942501, 926606160, 2882543250, 3757508491, 1384181277, 1214944208, 3950368122, 3485627313, 2836663703, 2603233534, 2206783650, 2098283034, 3546326129, 734988304, 707437890, 3540990594, 3792911455, 486499600, 420671664, 4003049448, 282999717, 2073291163, 625124587, 559258099, 2233823861, 173551354, 3756242495, 2753675955, 662438361, 4061552905, 3465108495, 4266344110, 3730249285, 2637567776, 2094358634, 3848138657, 1990542032, 3064521251, 4251113245, 408921425, 1197280007, 3028451637, 2534851951, 979290659, 3525445577, 555027918, 2968323150, 3266136620, 3100509804, 2118589505, 3280186927, 2670117395, 2396883605, 1975723468, 4073766003, 412000037, 3267213389, 1133082632, 624), None), 'numpy_rng_state': ('MT19937', array([2147483648, 2708733525, 1668911246, 2594889614, 2312059310,
E          1744161091, 3286301047, 3406667161, 2602330429, 1416974131,
E          2790891822,  198663891, 3678498528, 4039985051, 3288346135,
E          2693976294, 2074345669, 2159914331, 3700949103, 1950108888,
E          2133125701, 3780872237, 3321760873, 2626093779, 3046869690,
E          3723943920, 3679390520,  361637194, 1594623405, 1475935726,
E          1143455536,  487058739, 3545371443,    5374708, 3381555833,
E          2610607934, 2977127698, 1638733211, 2146780514, 1152512677,
E           211722431, 4062174425, 3943647864, 3389593229,  678836183,
E          3536829977, 2225221301,  258183319, 1186245589, 2659413989,
E          1151494229, 2831431840, 1650993929,  879295134, 3473204371,
E          3064408947, 3745954919, 2482316915, 2136465184, 1952328730,
E          2105717539,  209135073,   29520597,   98232942, 3989624749,
E           680794290,  640871365,  921178828, 4102159072, 3601184019,
E           520455058, 3463269369, 2204767051, 1368317384, 2358951405,
E          2047610376,  522800264, 1592414908, 1957572793, 1359842937,
E           684308904, 3063810168, 3962852035, 2958157749, 2445828777,
E          2483047030, 3566206744, 3805015967, 2906353690, 3496764266,
E           439035996, 4068900162, 1763086775,  338438970, 2500083731,
E          1766233714, 1615986224, 2990527897,  449906470, 3527211416,
E          3256402041, 2015908126, 3184568647, 2488070488, 2912085939,
E          1568239295, 3925971318, 2072838153, 1653413676, 2002695816,
E          1431851343, 2478120257,  506910039, 3982818050, 1681203906,
E           283656076,  340570925, 1979004419,  365793370, 4192564529,
E          3053958950, 1000587557, 2891933224, 2450322760, 2280516428,
E           579651610, 3487308491,  727725524, 2119263792, 2464712654,
E          2721437122, 1090315224,  181954233, 1424527454, 2858573045,
E          3775292818, 1199466847, 3676293721, 3498712061, 4293397740,
E          1471587863, 3075095068,  786727155, 1911742342,  319519850,
E          2454712745, 1430883774,  962670469, 2551433586, 1008878420,
E          2931829591, 2184945263, 3441604099, 2016804912, 1154848930,
E          1669475654, 2206977322, 3179068778, 2493328266, 1663487250,
E          1796609911, 2505977336, 1360762604, 2600013917, 2284841038,
E          4260755395,  994561488, 1901315399,  984750739, 2431956018,
E           841428816, 3823671660, 2522449400, 1799563669, 3091650129,
E          1574993940, 2625516831,  280639452,  956535284, 2279008690,
E           785853366,  543179926,  702957169, 1457016076, 1242420524,
E          3907634031, 2110869926,  688156480, 2751375711, 3401987408,
E           333556982,  679761200, 2276436430, 4017752412, 2097573105,
E           447694987,  299228084, 1053017973, 3871000109, 2764633948,
E           836238838, 1479989872, 4006108095, 1476938252, 1745366953,
E          2564258433, 1917706842, 1501316104,    1265010,  946785416,
E           521035257, 1344562624, 1119888801, 1773510083,  357907138,
E          2592653788, 4042236366,  185803285, 3788969888, 1725745944,
E          2514057592, 4252199013,  868133545,  682857863, 3131171008,
E          2111135859,  438877151,  520722093, 1257043085,  838045381,
E          3322095252, 3706503160, 3475599624, 2920450004,  181292473,
E          3235744089, 3335157611, 1726902584, 2289254500,   46190132,
E          4137241080, 2104439049, 2667990513,  464000716,  923227238,
E           574192591, 2463482690,  967062384,  274345339, 3968965655,
E           337367660,  113214459,  556548493, 2132295566,  461013613,
E          2473369560, 2109239769, 1908521703, 2863847749, 1257012168,
E          1339010990,  272845557, 4218814945, 2316765315, 4132525168,
E          2328595853, 2122885631, 2379357398, 2899921272, 4131263848,
E          1105505267,  773767786, 2321654016, 3046255732, 1063216040,
E          1327610821,  743369007, 2897787342, 3419914816,   61524478,
E          1423555576, 1330291020, 2907884837, 2835531206, 2102327279,
E          1228971862, 3934065002,  677463125, 1140405144,  538070708,
E          1943222308, 1420868628, 1288720561, 3496276050, 3054537863,
E          1719784597, 3848780102, 3121848533,  868356789, 3964601547,
E          1029862083, 3372503506, 3269355721, 3617508458, 3999625988,
E          2924999473, 3427279039, 1341207445,  483288495, 1984564412,
E          2298323818, 3308805356,  394331296, 1216145914,  461499382,
E          4163214433, 3447730977, 2976703738, 3312141948, 1503420968,
E          1468448231, 3624289312,  229052496, 2053622339, 1041301616,
E          2403827953, 2392084995, 2876504807, 2679103374, 1411918958,
E          3862386496, 3876804375, 2211512432,  898502104, 2779623866,
E          2857378084, 3975589271, 3786328904,  525541796,  222502567,
E           193145058, 2001861927, 3960407960,  318098337, 1602933419,
E          3932517731, 3900828406, 3721471509, 1743343432, 3246303848,
E          1820690834, 1609311448,  134760041,   53727381, 3519888442,
E           841930122, 2799998085,  840689453,  177745423, 3907574268,
E          2280291787, 2326631787, 4037032919, 1746243473, 3219724872,
E          1203743337,  688291089, 1431855020, 2071396374, 1144374867,
E           998567283, 1757336538,  465751203, 2602431723, 1281350088,
E          2886870214, 2312190192, 1971229688, 3601374431,  639272286,
E          1224463450, 3878089136, 3215547070, 2957081333,  261867514,
E          1488378256, 1327347946,  626174582, 2667053721, 3942357581,
E          3008787905, 2265974660, 4048695155, 2995015618, 1462176848,
E          3105396252, 1064246990, 2701007272,  721175787,  209253900,
E           742929193, 3284831276, 2063668214, 3886953802, 3076339260,
E          4187476705,  335201901, 3446048050, 2130793504, 4142109413,
E          2417347682,  475743903, 4190996332, 1313301073, 2103427656,
E          2042766326, 1180527164, 3477498848, 3229714294, 1993039983,
E          1133237226, 3816904119, 3188242591, 3538629375, 1643819483,
E          1527532490, 1135603416, 3791807622, 4207262052, 2991709319,
E          3553459674, 1367541879,  525289006,  153590337, 1361160662,
E           233789323, 4275948476,   73864337, 3821767772, 1834056325,
E          2842224201, 2024304430, 3694669903, 3076666662, 1100774205,
E          2920580482, 3840629756,  682873095, 2087297544, 1257052363,
E           628786317, 1354522264, 4110749540,  213756171, 1771391234,
E          2045654650, 3644630301,  292060974, 1209154917, 2085040707,
E          1680872337,  847854815, 2626538650,  565635266,  929024574,
E          1618346128, 2459177059, 1753061785, 3841618843, 3586029000,
E           797573149, 4214205563,  901657759, 1034168482, 1643505538,
E          2388694948, 2896998413, 1269992100,  725828180, 3581402179,
E          3111695129, 3451995239, 1503504490, 3941703509, 2706919225,
E           369065673, 3533058561,  235938052, 3087193635, 1071524376,
E          3843039847,  506895282, 2722513895, 3884295251, 3916624229,
E          3632238731, 2941960251, 4013447006, 3935221881, 3215599310,
E          3021809532, 2793186186, 1629106317, 1826404872, 1799652965,
E          2332350338, 4165054006,  122013185, 4256853275, 1830158720,
E          3287788256, 3507968419,  226669027, 3353276664, 3380054656,
E          4240708064, 3153111953, 1301826350, 3387933560, 2907296733,
E          1990599815, 1564257914, 1010461517, 1141823754, 1813150131,
E           559885833, 3855835076, 2030649725, 3812440156, 1103152166,
E          1910152493, 1172088120, 3407363705, 3422883187,  371003274,
E          2506969913, 3644343833,  825223977, 1535802365, 1752371383,
E          3912258449, 1864658226, 1743170801, 3388330433, 3854615969,
E          1448545521, 2221690779, 4137321022,  776757805, 4143561423,
E          4173656659, 1029825397, 2144367601, 1298353061,  702634134,
E          2025151537, 4293820495, 1368823104,  150794987,  311326074,
E          3761679703,  519886746,  727406508,  416882877, 2832466357,
E          2913569631, 2855162297,  611443109, 3453685498, 1735125741,
E          1790778058, 2250974831, 3332368446,  947829224,  344020886,
E          1793318231, 1054975104, 3902005429, 3452719163,  211574968,
E          2764163744, 1274015833,  586993259, 3299182897,  974375474,
E           236874328, 3155737967, 1436699046, 4128851384, 4225900468,
E          3528574534, 2601098365,  784523171, 4209208325, 2877203849,
E           468157443, 2145201340, 3221064075, 2637522594, 3573809232,
E          2474225240, 2228096968, 3698417158, 4238789474,  417022074,
E          3784668803, 2810905244, 4218895427, 2581489599, 1862422692,
E          3703812404, 2343458826, 3369118385, 3797181282, 2613313364,
E          1519679360, 3286460866, 1834837659, 4229150564,  165096019,
E          3479509700, 2192481144, 1634874725, 4061414624], dtype=uint32), 623, 0, 0.0), 'cuda_rng_state_all': None, 'mps_rng_state': tensor([  1,   0,   0,   0,   1,   0,   0,   0,   1,   0,   0,   0,   1,   0,
E             0,   0,   1,   0,   0,   0,  27, 163, 119, 190, 212,  69, 139,  85,
E            27, 163, 119, 190, 212,  69, 139,  85,   0,   0,   0,   0,   0,   0,
E             0,   0], dtype=torch.uint8), 'data_manifest': {'dataset': 'xor', 'content_sha256': 'f6ae3b92e25052d47c9ba82d0e37a08341cb45236a96b04c4d4df675965b94cd'}}, 'checkpoint_schema': {'version': 2, 'whole_space_role': 'property_basis'}}
----------------------------- Captured stdout call -----------------------------
[BasicModel] Weights saved to /var/folders/_y/q6ybzrpx39jd0fzf9g671z280000gn/T/tmp7myuwcqd/weights.ckpt
_____________ test_perceptualspace_lex_and_embed_renamed_to_embed ______________
test/test_lexicon_ownership.py:334: in test_perceptualspace_lex_and_embed_renamed_to_embed
    assert hasattr(Spaces.PartSpace, '_embed'), \
E   AssertionError: _embed must exist after Task 4 rename
E   assert False
E    +  where False = hasattr(<class 'bin.Spaces.PartSpace'>, '_embed')
E    +    where <class 'bin.Spaces.PartSpace'> = <module 'bin.Spaces' from '/Users/arogers/github/WikiOracle/basicmodel/bin/Spaces.py'>.PartSpace
=============================== warnings summary ===============================
test/test_lexicon_ownership.py::TestCheckpointBundle::test_ckpt_includes_vocab_and_bpe_extras
  /Users/arogers/github/WikiOracle/basicmodel/bin/Models.py:7565: RuntimeWarning: output_state_boundary [config /var/folders/_y/q6ybzrpx39jd0fzf9g671z280000gn/T/tmpuxgsyr9l.xml]: supervised outputs with reconstruction and answerSynthesis=false use the direct head: output gradients train the whole input state; enable answerSynthesis for the concluded-idea state boundary
    warnings.warn(f"{site} [config {cfg}]: {detail}", RuntimeWarning)

-- Docs: https://docs.pytest.org/en/stable/how-to/capture-warnings.html
=========================== short test summary info ============================
FAILED test/test_lexicon_ownership.py::TestCheckpointBundle::test_ckpt_includes_vocab_and_bpe_extras
FAILED test/test_lexicon_ownership.py::test_perceptualspace_lex_and_embed_renamed_to_embed
2 failed, 3 passed, 1 warning in 2.19s
