F                                                                        [100%]
=================================== FAILURES ===================================
_____ TestXorGrammarReconstruction.test_piecewise_overall_at_least_50_pct ______
test/test_explicit_dimensions.py:265: in test_piecewise_overall_at_least_50_pct
    self.assertEqual(perfect, 4,
E   AssertionError: 2 != 4 : XOR_grammar reconstruction: 2/4 word multisets recovered; [('hello world', 'hello world'), ('hello there', 'there there'), ('loving world', 'loving world'), ('loving there', 'loving loving')]
----------------------------- Captured stdout call -----------------------------
Device: cpu
Peer pipeline: static PS/WS stage bodies compiled separately; legacy compatibility scheduler remains outside fullgraph capture


==== BasicModel ====

Trial [1/1]
Baseline test pass skipped (--test not specified). Re-invoke train.py with --test to include baseline + post-epoch evaluation.
Epoch [1/400]
[AMP] off (fp32, MODEL_AMP unset or =off)
batch = 0 (warm-up, 100.00%)
Training throughput: 1 batches in 105.157s; word units 100.0% of 8 words (letters-only 100.0% of 8).
Train Loss: output=0.1775, reconstruction=1.8648
Epoch [2/400]
batch = 0 (Δ=0.346s, 100.00%)
Training throughput: 1 batches in 0.345s; word units 100.0% of 8 words (letters-only 100.0% of 8).
Train Loss: output=0.1682, reconstruction=2.0269
Epoch [3/400]
batch = 0 (Δ=0.344s, 100.00%)
Training throughput: 1 batches in 0.344s; word units 100.0% of 8 words (letters-only 100.0% of 8).
Train Loss: output=0.1704, reconstruction=1.8669
Epoch [4/400]
batch = 0 (Δ=0.348s, 100.00%)
Training throughput: 1 batches in 0.348s; word units 100.0% of 8 words (letters-only 100.0% of 8).
Train Loss: output=0.1637, reconstruction=1.3912
Epoch [5/400]
batch = 0 (Δ=0.343s, 100.00%)
Training throughput: 1 batches in 0.343s; word units 100.0% of 8 words (letters-only 100.0% of 8).
Train Loss: output=0.1570, reconstruction=0.6380
Epoch [6/400]
batch = 0 (Δ=0.348s, 100.00%)
Training throughput: 1 batches in 0.347s; word units 100.0% of 8 words (letters-only 100.0% of 8).
Train Loss: output=0.1589, reconstruction=0.8821
Epoch [7/400]
batch = 0 (Δ=0.343s, 100.00%)
Training throughput: 1 batches in 0.343s; word units 100.0% of 8 words (letters-only 100.0% of 8).
Train Loss: output=0.1396, reconstruction=1.3914
Epoch [8/400]
batch = 0 (Δ=0.343s, 100.00%)
Training throughput: 1 batches in 0.343s; word units 100.0% of 8 words (letters-only 100.0% of 8).
Train Loss: output=0.1586, reconstruction=1.2190
Epoch [9/400]
batch = 0 (Δ=0.345s, 100.00%)
Training throughput: 1 batches in 0.344s; word units 100.0% of 8 words (letters-only 100.0% of 8).
Train Loss: output=0.1274, reconstruction=0.5759
Epoch [10/400]
batch = 0 (Δ=0.343s, 100.00%)
Training throughput: 1 batches in 0.343s; word units 100.0% of 8 words (letters-only 100.0% of 8).
Train Loss: output=0.1681, reconstruction=0.8467
Epoch [11/400]
batch = 0 (Δ=0.345s, 100.00%)
Training throughput: 1 batches in 0.344s; word units 100.0% of 8 words (letters-only 100.0% of 8).
Train Loss: output=0.1049, reconstruction=1.3301
Epoch [12/400]
batch = 0 (Δ=0.346s, 100.00%)
Training throughput: 1 batches in 0.345s; word units 100.0% of 8 words (letters-only 100.0% of 8).
Train Loss: output=0.1413, reconstruction=0.0603
Epoch [13/400]
batch = 0 (Δ=0.348s, 100.00%)
Training throughput: 1 batches in 0.348s; word units 100.0% of 8 words (letters-only 100.0% of 8).
Train Loss: output=0.1199, reconstruction=0.8849
Epoch [14/400]
batch = 0 (Δ=0.344s, 100.00%)
Training throughput: 1 batches in 0.343s; word units 100.0% of 8 words (letters-only 100.0% of 8).
Train Loss: output=0.1885, reconstruction=0.1648
Epoch [15/400]
batch = 0 (Δ=0.345s, 100.00%)
Training throughput: 1 batches in 0.344s; word units 100.0% of 8 words (letters-only 100.0% of 8).
Train Loss: output=0.1292, reconstruction=0.7094
Epoch [16/400]
batch = 0 (Δ=0.345s, 100.00%)
Training throughput: 1 batches in 0.344s; word units 100.0% of 8 words (letters-only 100.0% of 8).
Train Loss: output=0.0990, reconstruction=0.8503
Epoch [17/400]
batch = 0 (Δ=0.345s, 100.00%)
Training throughput: 1 batches in 0.344s; word units 100.0% of 8 words (letters-only 100.0% of 8).
Train Loss: output=0.1740, reconstruction=0.4150
Epoch [18/400]
batch = 0 (Δ=0.351s, 100.00%)
Training throughput: 1 batches in 0.351s; word units 100.0% of 8 words (letters-only 100.0% of 8).
Train Loss: output=0.1849, reconstruction=0.7977
Epoch [19/400]
batch = 0 (Δ=0.346s, 100.00%)
Training throughput: 1 batches in 0.346s; word units 100.0% of 8 words (letters-only 100.0% of 8).
Train Loss: output=0.1351, reconstruction=1.0515
Epoch [20/400]
batch = 0 (Δ=0.345s, 100.00%)
Training throughput: 1 batches in 0.344s; word units 100.0% of 8 words (letters-only 100.0% of 8).
Train Loss: output=0.1701, reconstruction=0.7867
Epoch [21/400]
batch = 0 (Δ=0.347s, 100.00%)
Training throughput: 1 batches in 0.346s; word units 100.0% of 8 words (letters-only 100.0% of 8).
Train Loss: output=0.1484, reconstruction=0.4069
Epoch [22/400]
batch = 0 (Δ=0.344s, 100.00%)
Training throughput: 1 batches in 0.344s; word units 100.0% of 8 words (letters-only 100.0% of 8).
Train Loss: output=0.1766, reconstruction=0.8539
Epoch [23/400]
batch = 0 (Δ=0.348s, 100.00%)
Training throughput: 1 batches in 0.348s; word units 100.0% of 8 words (letters-only 100.0% of 8).
Train Loss: output=0.1702, reconstruction=0.8360
Epoch [24/400]
batch = 0 (Δ=0.348s, 100.00%)
Training throughput: 1 batches in 0.347s; word units 100.0% of 8 words (letters-only 100.0% of 8).
Train Loss: output=0.1788, reconstruction=0.4080
Epoch [25/400]
batch = 0 (Δ=0.348s, 100.00%)
Training throughput: 1 batches in 0.348s; word units 100.0% of 8 words (letters-only 100.0% of 8).
Train Loss: output=0.1712, reconstruction=0.7760
Epoch [26/400]
batch = 0 (Δ=0.346s, 100.00%)
Training throughput: 1 batches in 0.345s; word units 100.0% of 8 words (letters-only 100.0% of 8).
Train Loss: output=0.1764, reconstruction=2.8480
Epoch [27/400]
batch = 0 (Δ=0.350s, 100.00%)
Training throughput: 1 batches in 0.350s; word units 100.0% of 8 words (letters-only 100.0% of 8).
Train Loss: output=0.1560, reconstruction=2.5635
Epoch [28/400]
batch = 0 (Δ=0.344s, 100.00%)
Training throughput: 1 batches in 0.344s; word units 100.0% of 8 words (letters-only 100.0% of 8).
Train Loss: output=0.1714, reconstruction=2.2125
Epoch [29/400]
batch = 0 (Δ=0.350s, 100.00%)
Training throughput: 1 batches in 0.349s; word units 100.0% of 8 words (letters-only 100.0% of 8).
Train Loss: output=0.1587, reconstruction=2.6045
Epoch [30/400]
batch = 0 (Δ=0.350s, 100.00%)
Training throughput: 1 batches in 0.350s; word units 100.0% of 8 words (letters-only 100.0% of 8).
Train Loss: output=0.1747, reconstruction=2.5471
Epoch [31/400]
batch = 0 (Δ=0.345s, 100.00%)
Training throughput: 1 batches in 0.344s; word units 100.0% of 8 words (letters-only 100.0% of 8).
Train Loss: output=0.1589, reconstruction=2.1229
Epoch [32/400]
batch = 0 (Δ=0.348s, 100.00%)
Training throughput: 1 batches in 0.347s; word units 100.0% of 8 words (letters-only 100.0% of 8).
Train Loss: output=0.1658, reconstruction=2.4546
Epoch [33/400]
batch = 0 (Δ=0.345s, 100.00%)
Training throughput: 1 batches in 0.344s; word units 100.0% of 8 words (letters-only 100.0% of 8).
Train Loss: output=0.1679, reconstruction=2.6426
Epoch [34/400]
batch = 0 (Δ=0.345s, 100.00%)
Training throughput: 1 batches in 0.344s; word units 100.0% of 8 words (letters-only 100.0% of 8).
Train Loss: output=0.1584, reconstruction=2.3757
Epoch [35/400]
batch = 0 (Δ=0.361s, 100.00%)
Training throughput: 1 batches in 0.361s; word units 100.0% of 8 words (letters-only 100.0% of 8).
Train Loss: output=0.1506, reconstruction=2.0411
Epoch [36/400]
batch = 0 (Δ=0.344s, 100.00%)
Training throughput: 1 batches in 0.344s; word units 100.0% of 8 words (letters-only 100.0% of 8).
Train Loss: output=0.1537, reconstruction=2.2816
Epoch [37/400]
batch = 0 (Δ=0.350s, 100.00%)
Training throughput: 1 batches in 0.350s; word units 100.0% of 8 words (letters-only 100.0% of 8).
Train Loss: output=0.1332, reconstruction=2.2527
Epoch [38/400]
batch = 0 (Δ=0.346s, 100.00%)
Training throughput: 1 batches in 0.345s; word units 100.0% of 8 words (letters-only 100.0% of 8).
Train Loss: output=0.1278, reconstruction=2.0108
Epoch [39/400]
batch = 0 (Δ=0.342s, 100.00%)
Training throughput: 1 batches in 0.342s; word units 100.0% of 8 words (letters-only 100.0% of 8).
Train Loss: output=0.1348, reconstruction=2.2647
Epoch [40/400]
batch = 0 (Δ=0.346s, 100.00%)
Training throughput: 1 batches in 0.345s; word units 100.0% of 8 words (letters-only 100.0% of 8).
Train Loss: output=0.1116, reconstruction=2.2557
Epoch [41/400]
batch = 0 (Δ=0.344s, 100.00%)
Training throughput: 1 batches in 0.343s; word units 100.0% of 8 words (letters-only 100.0% of 8).
Train Loss: output=0.1189, reconstruction=2.0218
Epoch [42/400]
batch = 0 (Δ=0.348s, 100.00%)
Training throughput: 1 batches in 0.347s; word units 100.0% of 8 words (letters-only 100.0% of 8).
Train Loss: output=0.1106, reconstruction=2.1035
Epoch [43/400]
batch = 0 (Δ=0.349s, 100.00%)
Training throughput: 1 batches in 0.348s; word units 100.0% of 8 words (letters-only 100.0% of 8).
Train Loss: output=0.1013, reconstruction=2.1833
Epoch [44/400]
batch = 0 (Δ=0.342s, 100.00%)
Training throughput: 1 batches in 0.341s; word units 100.0% of 8 words (letters-only 100.0% of 8).
Train Loss: output=0.1298, reconstruction=1.9754
Epoch [45/400]
batch = 0 (Δ=0.343s, 100.00%)
Training throughput: 1 batches in 0.343s; word units 100.0% of 8 words (letters-only 100.0% of 8).
Train Loss: output=0.0864, reconstruction=2.2100
Epoch [46/400]
batch = 0 (Δ=0.349s, 100.00%)
Training throughput: 1 batches in 0.348s; word units 100.0% of 8 words (letters-only 100.0% of 8).
Train Loss: output=0.0969, reconstruction=2.3308
Epoch [47/400]
batch = 0 (Δ=0.347s, 100.00%)
Training throughput: 1 batches in 0.347s; word units 100.0% of 8 words (letters-only 100.0% of 8).
Train Loss: output=0.1366, reconstruction=2.0686
Epoch [48/400]
batch = 0 (Δ=0.348s, 100.00%)
Training throughput: 1 batches in 0.348s; word units 100.0% of 8 words (letters-only 100.0% of 8).
Train Loss: output=0.1241, reconstruction=2.1278
Epoch [49/400]
batch = 0 (Δ=0.347s, 100.00%)
Training throughput: 1 batches in 0.346s; word units 100.0% of 8 words (letters-only 100.0% of 8).
Train Loss: output=0.0935, reconstruction=2.3740
Epoch [50/400]
batch = 0 (Δ=0.344s, 100.00%)
Training throughput: 1 batches in 0.344s; word units 100.0% of 8 words (letters-only 100.0% of 8).
Train Loss: output=0.0879, reconstruction=2.1803
Epoch [51/400]
batch = 0 (Δ=0.350s, 100.00%)
Training throughput: 1 batches in 0.349s; word units 100.0% of 8 words (letters-only 100.0% of 8).
Train Loss: output=0.0787, reconstruction=2.0019
Epoch [52/400]
batch = 0 (Δ=0.347s, 100.00%)
Training throughput: 1 batches in 0.346s; word units 100.0% of 8 words (letters-only 100.0% of 8).
Train Loss: output=0.0831, reconstruction=2.2977
Epoch [53/400]
batch = 0 (Δ=0.346s, 100.00%)
Training throughput: 1 batches in 0.346s; word units 100.0% of 8 words (letters-only 100.0% of 8).
Train Loss: output=0.0714, reconstruction=2.2440
Epoch [54/400]
batch = 0 (Δ=0.347s, 100.00%)
Training throughput: 1 batches in 0.346s; word units 100.0% of 8 words (letters-only 100.0% of 8).
Train Loss: output=0.1445, reconstruction=1.9533
Epoch [55/400]
batch = 0 (Δ=0.347s, 100.00%)
Training throughput: 1 batches in 0.347s; word units 100.0% of 8 words (letters-only 100.0% of 8).
Train Loss: output=0.0628, reconstruction=2.1407
Epoch [56/400]
batch = 0 (Δ=0.349s, 100.00%)
Training throughput: 1 batches in 0.348s; word units 100.0% of 8 words (letters-only 100.0% of 8).
Train Loss: output=0.1298, reconstruction=2.1273
Epoch [57/400]
batch = 0 (Δ=0.349s, 100.00%)
Training throughput: 1 batches in 0.349s; word units 100.0% of 8 words (letters-only 100.0% of 8).
Train Loss: output=0.1029, reconstruction=1.9450
Epoch [58/400]
batch = 0 (Δ=0.341s, 100.00%)
Training throughput: 1 batches in 0.341s; word units 100.0% of 8 words (letters-only 100.0% of 8).
Train Loss: output=0.1130, reconstruction=2.1493
Epoch [59/400]
batch = 0 (Δ=0.347s, 100.00%)
Training throughput: 1 batches in 0.346s; word units 100.0% of 8 words (letters-only 100.0% of 8).
Train Loss: output=0.0892, reconstruction=2.1294
Epoch [60/400]
batch = 0 (Δ=0.345s, 100.00%)
Training throughput: 1 batches in 0.345s; word units 100.0% of 8 words (letters-only 100.0% of 8).
Train Loss: output=0.1573, reconstruction=1.9451
Epoch [61/400]
batch = 0 (Δ=0.348s, 100.00%)
Training throughput: 1 batches in 0.348s; word units 100.0% of 8 words (letters-only 100.0% of 8).
Train Loss: output=0.1315, reconstruction=2.0900
Epoch [62/400]
batch = 0 (Δ=0.347s, 100.00%)
Training throughput: 1 batches in 0.346s; word units 100.0% of 8 words (letters-only 100.0% of 8).
Train Loss: output=0.1577, reconstruction=2.0835
Epoch [63/400]
batch = 0 (Δ=0.348s, 100.00%)
Training throughput: 1 batches in 0.348s; word units 100.0% of 8 words (letters-only 100.0% of 8).
Train Loss: output=0.0885, reconstruction=1.9219
Epoch [64/400]
batch = 0 (Δ=0.344s, 100.00%)
Training throughput: 1 batches in 0.344s; word units 100.0% of 8 words (letters-only 100.0% of 8).
Train Loss: output=0.0937, reconstruction=2.1131
Epoch [65/400]
batch = 0 (Δ=0.347s, 100.00%)
Training throughput: 1 batches in 0.347s; word units 100.0% of 8 words (letters-only 100.0% of 8).
Train Loss: output=0.1228, reconstruction=2.0999
Epoch [66/400]
batch = 0 (Δ=0.352s, 100.00%)
Training throughput: 1 batches in 0.352s; word units 100.0% of 8 words (letters-only 100.0% of 8).
Train Loss: output=0.0971, reconstruction=1.9393
Epoch [67/400]
batch = 0 (Δ=0.368s, 100.00%)
Training throughput: 1 batches in 0.373s; word units 100.0% of 8 words (letters-only 100.0% of 8).
Train Loss: output=0.0822, reconstruction=2.1251
Epoch [68/400]
batch = 0 (Δ=0.354s, 100.00%)
Training throughput: 1 batches in 0.348s; word units 100.0% of 8 words (letters-only 100.0% of 8).
Train Loss: output=0.0935, reconstruction=2.1291
Epoch [69/400]
batch = 0 (Δ=0.347s, 100.00%)
Training throughput: 1 batches in 0.346s; word units 100.0% of 8 words (letters-only 100.0% of 8).
Train Loss: output=0.0693, reconstruction=1.9607
Epoch [70/400]
batch = 0 (Δ=0.347s, 100.00%)
Training throughput: 1 batches in 0.346s; word units 100.0% of 8 words (letters-only 100.0% of 8).
Train Loss: output=0.1016, reconstruction=1.9524
Epoch [71/400]
batch = 0 (Δ=0.347s, 100.00%)
Training throughput: 1 batches in 0.346s; word units 100.0% of 8 words (letters-only 100.0% of 8).
Train Loss: output=0.0675, reconstruction=1.9848
Epoch [72/400]
batch = 0 (Δ=0.345s, 100.00%)
Training throughput: 1 batches in 0.344s; word units 100.0% of 8 words (letters-only 100.0% of 8).
Train Loss: output=0.1216, reconstruction=1.9413
Epoch [73/400]
batch = 0 (Δ=0.346s, 100.00%)
Training throughput: 1 batches in 0.346s; word units 100.0% of 8 words (letters-only 100.0% of 8).
Train Loss: output=0.0928, reconstruction=2.0744
Epoch [74/400]
batch = 0 (Δ=0.347s, 100.00%)
Training throughput: 1 batches in 0.346s; word units 100.0% of 8 words (letters-only 100.0% of 8).
Train Loss: output=0.1008, reconstruction=2.1505
Epoch [75/400]
batch = 0 (Δ=0.350s, 100.00%)
Training throughput: 1 batches in 0.350s; word units 100.0% of 8 words (letters-only 100.0% of 8).
Train Loss: output=0.1591, reconstruction=2.0695
Epoch [76/400]
batch = 0 (Δ=0.345s, 100.00%)
Training throughput: 1 batches in 0.345s; word units 100.0% of 8 words (letters-only 100.0% of 8).
Train Loss: output=0.0943, reconstruction=1.9233
Epoch [77/400]
batch = 0 (Δ=0.349s, 100.00%)
Training throughput: 1 batches in 0.349s; word units 100.0% of 8 words (letters-only 100.0% of 8).
Train Loss: output=0.0921, reconstruction=2.0644
Epoch [78/400]
batch = 0 (Δ=0.348s, 100.00%)
Training throughput: 1 batches in 0.347s; word units 100.0% of 8 words (letters-only 100.0% of 8).
Train Loss: output=0.0998, reconstruction=2.0055
Epoch [79/400]
batch = 0 (Δ=0.349s, 100.00%)
Training throughput: 1 batches in 0.348s; word units 100.0% of 8 words (letters-only 100.0% of 8).
Train Loss: output=0.1338, reconstruction=1.9710
Epoch [80/400]
batch = 0 (Δ=0.357s, 100.00%)
Training throughput: 1 batches in 0.357s; word units 100.0% of 8 words (letters-only 100.0% of 8).
Train Loss: output=0.1328, reconstruction=2.0985
Epoch [81/400]
batch = 0 (Δ=0.352s, 100.00%)
Training throughput: 1 batches in 0.351s; word units 100.0% of 8 words (letters-only 100.0% of 8).
Train Loss: output=0.1036, reconstruction=1.9864
Epoch [82/400]
batch = 0 (Δ=0.353s, 100.00%)
Training throughput: 1 batches in 0.352s; word units 100.0% of 8 words (letters-only 100.0% of 8).
Train Loss: output=0.1032, reconstruction=2.0142
Epoch [83/400]
batch = 0 (Δ=0.355s, 100.00%)
Training throughput: 1 batches in 0.355s; word units 100.0% of 8 words (letters-only 100.0% of 8).
Train Loss: output=0.1287, reconstruction=2.1357
Epoch [84/400]
batch = 0 (Δ=0.352s, 100.00%)
Training throughput: 1 batches in 0.351s; word units 100.0% of 8 words (letters-only 100.0% of 8).
Train Loss: output=0.0877, reconstruction=1.9898
Epoch [85/400]
batch = 0 (Δ=0.344s, 100.00%)
Training throughput: 1 batches in 0.344s; word units 100.0% of 8 words (letters-only 100.0% of 8).
Train Loss: output=0.0881, reconstruction=2.0039
Epoch [86/400]
batch = 0 (Δ=0.348s, 100.00%)
Training throughput: 1 batches in 0.348s; word units 100.0% of 8 words (letters-only 100.0% of 8).
Train Loss: output=0.0783, reconstruction=2.0869
Epoch [87/400]
batch = 0 (Δ=0.347s, 100.00%)
Training throughput: 1 batches in 0.347s; word units 100.0% of 8 words (letters-only 100.0% of 8).
Train Loss: output=0.0917, reconstruction=1.9486
Epoch [88/400]
batch = 0 (Δ=0.350s, 100.00%)
Training throughput: 1 batches in 0.349s; word units 100.0% of 8 words (letters-only 100.0% of 8).
Train Loss: output=0.1415, reconstruction=2.0548
Epoch [89/400]
batch = 0 (Δ=0.350s, 100.00%)
Training throughput: 1 batches in 0.349s; word units 100.0% of 8 words (letters-only 100.0% of 8).
Train Loss: output=0.0821, reconstruction=2.1250
Epoch [90/400]
batch = 0 (Δ=0.345s, 100.00%)
Training throughput: 1 batches in 0.344s; word units 100.0% of 8 words (letters-only 100.0% of 8).
Train Loss: output=0.0924, reconstruction=1.9547
Epoch [91/400]
batch = 0 (Δ=0.340s, 100.00%)
Training throughput: 1 batches in 0.340s; word units 100.0% of 8 words (letters-only 100.0% of 8).
Train Loss: output=0.1110, reconstruction=2.0235
Epoch [92/400]
batch = 0 (Δ=0.345s, 100.00%)
Training throughput: 1 batches in 0.344s; word units 100.0% of 8 words (letters-only 100.0% of 8).
Train Loss: output=0.1105, reconstruction=2.0835
Epoch [93/400]
batch = 0 (Δ=0.345s, 100.00%)
Training throughput: 1 batches in 0.345s; word units 100.0% of 8 words (letters-only 100.0% of 8).
Train Loss: output=0.1118, reconstruction=1.9364
Epoch [94/400]
batch = 0 (Δ=0.346s, 100.00%)
Training throughput: 1 batches in 0.345s; word units 100.0% of 8 words (letters-only 100.0% of 8).
Train Loss: output=0.1153, reconstruction=2.1036
Epoch [95/400]
batch = 0 (Δ=0.342s, 100.00%)
Training throughput: 1 batches in 0.342s; word units 100.0% of 8 words (letters-only 100.0% of 8).
Train Loss: output=0.1085, reconstruction=2.1851
Epoch [96/400]
batch = 0 (Δ=0.348s, 100.00%)
Training throughput: 1 batches in 0.348s; word units 100.0% of 8 words (letters-only 100.0% of 8).
Train Loss: output=0.0868, reconstruction=2.0108
Epoch [97/400]
batch = 0 (Δ=0.344s, 100.00%)
Training throughput: 1 batches in 0.344s; word units 100.0% of 8 words (letters-only 100.0% of 8).
Train Loss: output=0.0781, reconstruction=1.9681
Epoch [98/400]
batch = 0 (Δ=0.345s, 100.00%)
Training throughput: 1 batches in 0.344s; word units 100.0% of 8 words (letters-only 100.0% of 8).
Train Loss: output=0.0786, reconstruction=2.1103
Epoch [99/400]
batch = 0 (Δ=0.351s, 100.00%)
Training throughput: 1 batches in 0.351s; word units 100.0% of 8 words (letters-only 100.0% of 8).
Train Loss: output=0.0860, reconstruction=2.0239
Epoch [100/400]
batch = 0 (Δ=0.344s, 100.00%)
Training throughput: 1 batches in 0.343s; word units 100.0% of 8 words (letters-only 100.0% of 8).
Train Loss: output=0.1030, reconstruction=1.9858
Epoch [101/400]
batch = 0 (Δ=0.348s, 100.00%)
Training throughput: 1 batches in 0.347s; word units 100.0% of 8 words (letters-only 100.0% of 8).
Train Loss: output=0.0740, reconstruction=2.1905
Epoch [102/400]
batch = 0 (Δ=0.351s, 100.00%)
Training throughput: 1 batches in 0.350s; word units 100.0% of 8 words (letters-only 100.0% of 8).
Train Loss: output=0.0813, reconstruction=2.1357
Epoch [103/400]
batch = 0 (Δ=0.348s, 100.00%)
Training throughput: 1 batches in 0.348s; word units 100.0% of 8 words (letters-only 100.0% of 8).
Train Loss: output=0.1043, reconstruction=1.9114
Epoch [104/400]
batch = 0 (Δ=1.458s, 100.00%)
Training throughput: 1 batches in 1.458s; word units 100.0% of 8 words (letters-only 100.0% of 8).
Train Loss: output=0.0955, reconstruction=2.1234
Epoch [105/400]
batch = 0 (Δ=0.350s, 100.00%)
Training throughput: 1 batches in 0.349s; word units 100.0% of 8 words (letters-only 100.0% of 8).
Train Loss: output=0.0666, reconstruction=2.1887
Epoch [106/400]
batch = 0 (Δ=0.348s, 100.00%)
Training throughput: 1 batches in 0.347s; word units 100.0% of 8 words (letters-only 100.0% of 8).
Train Loss: output=0.0547, reconstruction=1.9598
Epoch [107/400]
batch = 0 (Δ=0.345s, 100.00%)
Training throughput: 1 batches in 0.345s; word units 100.0% of 8 words (letters-only 100.0% of 8).
Train Loss: output=0.0575, reconstruction=2.1053
Epoch [108/400]
batch = 0 (Δ=0.347s, 100.00%)
Training throughput: 1 batches in 0.346s; word units 100.0% of 8 words (letters-only 100.0% of 8).
Train Loss: output=0.0536, reconstruction=2.2626
Epoch [109/400]
batch = 0 (Δ=0.342s, 100.00%)
Training throughput: 1 batches in 0.341s; word units 100.0% of 8 words (letters-only 100.0% of 8).
Train Loss: output=0.1756, reconstruction=2.0993
Epoch [110/400]
batch = 0 (Δ=0.345s, 100.00%)
Training throughput: 1 batches in 0.345s; word units 100.0% of 8 words (letters-only 100.0% of 8).
Train Loss: output=0.0945, reconstruction=1.9387
Epoch [111/400]
batch = 0 (Δ=0.348s, 100.00%)
Training throughput: 1 batches in 0.347s; word units 100.0% of 8 words (letters-only 100.0% of 8).
Train Loss: output=0.0967, reconstruction=2.1796
Epoch [112/400]
batch = 0 (Δ=0.342s, 100.00%)
Training throughput: 1 batches in 0.342s; word units 100.0% of 8 words (letters-only 100.0% of 8).
Train Loss: output=0.1086, reconstruction=2.1617
Epoch [113/400]
batch = 0 (Δ=0.347s, 100.00%)
Training throughput: 1 batches in 0.346s; word units 100.0% of 8 words (letters-only 100.0% of 8).
Train Loss: output=0.1033, reconstruction=1.9110
Epoch [114/400]
batch = 0 (Δ=0.343s, 100.00%)
Training throughput: 1 batches in 0.343s; word units 100.0% of 8 words (letters-only 100.0% of 8).
Train Loss: output=0.1376, reconstruction=2.1355
Epoch [115/400]
batch = 0 (Δ=0.345s, 100.00%)
Training throughput: 1 batches in 0.344s; word units 100.0% of 8 words (letters-only 100.0% of 8).
Train Loss: output=0.1103, reconstruction=2.2287
Epoch [116/400]
batch = 0 (Δ=0.344s, 100.00%)
Training throughput: 1 batches in 0.343s; word units 100.0% of 8 words (letters-only 100.0% of 8).
Train Loss: output=0.1124, reconstruction=2.0124
Epoch [117/400]
batch = 0 (Δ=0.346s, 100.00%)
Training throughput: 1 batches in 0.346s; word units 100.0% of 8 words (letters-only 100.0% of 8).
Train Loss: output=0.0710, reconstruction=1.9797
Epoch [118/400]
batch = 0 (Δ=0.345s, 100.00%)
Training throughput: 1 batches in 0.344s; word units 100.0% of 8 words (letters-only 100.0% of 8).
Train Loss: output=0.1254, reconstruction=2.2147
Epoch [119/400]
batch = 0 (Δ=0.350s, 100.00%)
Training throughput: 1 batches in 0.350s; word units 100.0% of 8 words (letters-only 100.0% of 8).
Train Loss: output=0.1111, reconstruction=2.1192
Epoch [120/400]
batch = 0 (Δ=0.381s, 100.00%)
Training throughput: 1 batches in 0.381s; word units 100.0% of 8 words (letters-only 100.0% of 8).
Train Loss: output=0.1176, reconstruction=1.9371
Epoch [121/400]
batch = 0 (Δ=0.345s, 100.00%)
Training throughput: 1 batches in 0.344s; word units 100.0% of 8 words (letters-only 100.0% of 8).
Train Loss: output=0.0997, reconstruction=2.1490
Epoch [122/400]
batch = 0 (Δ=0.345s, 100.00%)
Training throughput: 1 batches in 0.345s; word units 100.0% of 8 words (letters-only 100.0% of 8).
Train Loss: output=0.0859, reconstruction=2.1832
Epoch [123/400]
batch = 0 (Δ=0.338s, 100.00%)
Training throughput: 1 batches in 0.338s; word units 100.0% of 8 words (letters-only 100.0% of 8).
Train Loss: output=0.0861, reconstruction=1.9543
Epoch [124/400]
batch = 0 (Δ=0.348s, 100.00%)
Training throughput: 1 batches in 0.347s; word units 100.0% of 8 words (letters-only 100.0% of 8).
Train Loss: output=0.0902, reconstruction=2.0434
Epoch [125/400]
batch = 0 (Δ=0.344s, 100.00%)
Training throughput: 1 batches in 0.344s; word units 100.0% of 8 words (letters-only 100.0% of 8).
Train Loss: output=0.0939, reconstruction=2.1929
Epoch [126/400]
batch = 0 (Δ=0.342s, 100.00%)
Training throughput: 1 batches in 0.341s; word units 100.0% of 8 words (letters-only 100.0% of 8).
Train Loss: output=0.0911, reconstruction=2.0490
Epoch [127/400]
batch = 0 (Δ=0.348s, 100.00%)
Training throughput: 1 batches in 0.348s; word units 100.0% of 8 words (letters-only 100.0% of 8).
Train Loss: output=0.0855, reconstruction=1.9467
Epoch [128/400]
batch = 0 (Δ=0.344s, 100.00%)
Training throughput: 1 batches in 0.344s; word units 100.0% of 8 words (letters-only 100.0% of 8).
Train Loss: output=0.0816, reconstruction=2.1414
Epoch [129/400]
batch = 0 (Δ=0.349s, 100.00%)
Training throughput: 1 batches in 0.349s; word units 100.0% of 8 words (letters-only 100.0% of 8).
Train Loss: output=0.0742, reconstruction=2.1001
Epoch [130/400]
batch = 0 (Δ=0.349s, 100.00%)
Training throughput: 1 batches in 0.349s; word units 100.0% of 8 words (letters-only 100.0% of 8).
Train Loss: output=0.0785, reconstruction=1.9120
Epoch [131/400]
batch = 0 (Δ=0.346s, 100.00%)
Training throughput: 1 batches in 0.346s; word units 100.0% of 8 words (letters-only 100.0% of 8).
Train Loss: output=0.1250, reconstruction=2.1019
Epoch [132/400]
batch = 0 (Δ=0.346s, 100.00%)
Training throughput: 1 batches in 0.345s; word units 100.0% of 8 words (letters-only 100.0% of 8).
Train Loss: output=0.0803, reconstruction=2.1759
Epoch [133/400]
batch = 0 (Δ=0.343s, 100.00%)
Training throughput: 1 batches in 0.342s; word units 100.0% of 8 words (letters-only 100.0% of 8).
Train Loss: output=0.0757, reconstruction=1.9589
Epoch [134/400]
batch = 0 (Δ=0.348s, 100.00%)
Training throughput: 1 batches in 0.347s; word units 100.0% of 8 words (letters-only 100.0% of 8).
Train Loss: output=0.0859, reconstruction=2.0446
Epoch [135/400]
batch = 0 (Δ=0.344s, 100.00%)
Training throughput: 1 batches in 0.344s; word units 100.0% of 8 words (letters-only 100.0% of 8).
Train Loss: output=0.1092, reconstruction=2.2289
Epoch [136/400]
batch = 0 (Δ=0.346s, 100.00%)
Training throughput: 1 batches in 0.346s; word units 100.0% of 8 words (letters-only 100.0% of 8).
Train Loss: output=0.1203, reconstruction=2.1375
Epoch [137/400]
batch = 0 (Δ=0.346s, 100.00%)
Training throughput: 1 batches in 0.346s; word units 100.0% of 8 words (letters-only 100.0% of 8).
Train Loss: output=0.1007, reconstruction=1.9334
Epoch [138/400]
batch = 0 (Δ=0.348s, 100.00%)
Training throughput: 1 batches in 0.347s; word units 100.0% of 8 words (letters-only 100.0% of 8).
Train Loss: output=0.0657, reconstruction=2.1061
Epoch [139/400]
batch = 0 (Δ=0.347s, 100.00%)
Training throughput: 1 batches in 0.346s; word units 100.0% of 8 words (letters-only 100.0% of 8).
Train Loss: output=0.1319, reconstruction=2.2044
Epoch [140/400]
batch = 0 (Δ=0.348s, 100.00%)
Training throughput: 1 batches in 0.348s; word units 100.0% of 8 words (letters-only 100.0% of 8).
Train Loss: output=0.0918, reconstruction=1.9756
Epoch [141/400]
batch = 0 (Δ=0.349s, 100.00%)
Training throughput: 1 batches in 0.348s; word units 100.0% of 8 words (letters-only 100.0% of 8).
Train Loss: output=0.1296, reconstruction=2.0315
Epoch [142/400]
batch = 0 (Δ=0.344s, 100.00%)
Training throughput: 1 batches in 0.344s; word units 100.0% of 8 words (letters-only 100.0% of 8).
Train Loss: output=0.0905, reconstruction=2.2173
Epoch [143/400]
batch = 0 (Δ=0.348s, 100.00%)
Training throughput: 1 batches in 0.348s; word units 100.0% of 8 words (letters-only 100.0% of 8).
Train Loss: output=0.0851, reconstruction=2.1485
Epoch [144/400]
batch = 0 (Δ=0.348s, 100.00%)
Training throughput: 1 batches in 0.347s; word units 100.0% of 8 words (letters-only 100.0% of 8).
Train Loss: output=0.1225, reconstruction=1.9626
Epoch [145/400]
batch = 0 (Δ=0.349s, 100.00%)
Training throughput: 1 batches in 0.349s; word units 100.0% of 8 words (letters-only 100.0% of 8).
Train Loss: output=0.0985, reconstruction=2.0712
Epoch [146/400]
batch = 0 (Δ=0.347s, 100.00%)
Training throughput: 1 batches in 0.346s; word units 100.0% of 8 words (letters-only 100.0% of 8).
Train Loss: output=0.0781, reconstruction=2.1966
Epoch [147/400]
batch = 0 (Δ=0.345s, 100.00%)
Training throughput: 1 batches in 0.345s; word units 100.0% of 8 words (letters-only 100.0% of 8).
Train Loss: output=0.0822, reconstruction=2.0642
Epoch [148/400]
batch = 0 (Δ=0.347s, 100.00%)
Training throughput: 1 batches in 0.347s; word units 100.0% of 8 words (letters-only 100.0% of 8).
Train Loss: output=0.0640, reconstruction=1.9685
Epoch [149/400]
batch = 0 (Δ=0.348s, 100.00%)
Training throughput: 1 batches in 0.348s; word units 100.0% of 8 words (letters-only 100.0% of 8).
Train Loss: output=0.0958, reconstruction=2.1776
Epoch [150/400]
batch = 0 (Δ=0.347s, 100.00%)
Training throughput: 1 batches in 0.346s; word units 100.0% of 8 words (letters-only 100.0% of 8).
Train Loss: output=0.0779, reconstruction=2.1452
Epoch [151/400]
batch = 0 (Δ=0.345s, 100.00%)
Training throughput: 1 batches in 0.345s; word units 100.0% of 8 words (letters-only 100.0% of 8).
Train Loss: output=0.1354, reconstruction=1.9409
Epoch [152/400]
batch = 0 (Δ=0.346s, 100.00%)
Training throughput: 1 batches in 0.345s; word units 100.0% of 8 words (letters-only 100.0% of 8).
Train Loss: output=0.1282, reconstruction=2.0981
Epoch [153/400]
batch = 0 (Δ=0.349s, 100.00%)
Training throughput: 1 batches in 0.348s; word units 100.0% of 8 words (letters-only 100.0% of 8).
Train Loss: output=0.0748, reconstruction=2.1961
Epoch [154/400]
batch = 0 (Δ=0.343s, 100.00%)
Training throughput: 1 batches in 0.342s; word units 100.0% of 8 words (letters-only 100.0% of 8).
Train Loss: output=0.0994, reconstruction=1.9830
Epoch [155/400]
batch = 0 (Δ=0.351s, 100.00%)
Training throughput: 1 batches in 0.350s; word units 100.0% of 8 words (letters-only 100.0% of 8).
Train Loss: output=0.1269, reconstruction=2.0268
Epoch [156/400]
batch = 0 (Δ=0.346s, 100.00%)
Training throughput: 1 batches in 0.345s; word units 100.0% of 8 words (letters-only 100.0% of 8).
Train Loss: output=0.0783, reconstruction=2.2328
Epoch [157/400]
batch = 0 (Δ=0.348s, 100.00%)
Training throughput: 1 batches in 0.347s; word units 100.0% of 8 words (letters-only 100.0% of 8).
Train Loss: output=0.0873, reconstruction=2.1366
Epoch [158/400]
batch = 0 (Δ=0.347s, 100.00%)
Training throughput: 1 batches in 0.346s; word units 100.0% of 8 words (letters-only 100.0% of 8).
Train Loss: output=0.0791, reconstruction=1.9129
Epoch [159/400]
batch = 0 (Δ=0.346s, 100.00%)
Training throughput: 1 batches in 0.345s; word units 100.0% of 8 words (letters-only 100.0% of 8).
Train Loss: output=0.0873, reconstruction=2.0924
Epoch [160/400]
batch = 0 (Δ=0.348s, 100.00%)
Training throughput: 1 batches in 0.347s; word units 100.0% of 8 words (letters-only 100.0% of 8).
Train Loss: output=0.1004, reconstruction=2.2041
Epoch [161/400]
batch = 0 (Δ=0.348s, 100.00%)
Training throughput: 1 batches in 0.347s; word units 100.0% of 8 words (letters-only 100.0% of 8).
Train Loss: output=0.0790, reconstruction=2.0478
Epoch [162/400]
batch = 0 (Δ=0.349s, 100.00%)
Training throughput: 1 batches in 0.348s; word units 100.0% of 8 words (letters-only 100.0% of 8).
Train Loss: output=0.0689, reconstruction=1.9847
Epoch [163/400]
batch = 0 (Δ=0.348s, 100.00%)
Training throughput: 1 batches in 0.347s; word units 100.0% of 8 words (letters-only 100.0% of 8).
Train Loss: output=0.0769, reconstruction=2.2466
Epoch [164/400]
batch = 0 (Δ=0.349s, 100.00%)
Training throughput: 1 batches in 0.349s; word units 100.0% of 8 words (letters-only 100.0% of 8).
Train Loss: output=0.1613, reconstruction=2.2980
Epoch [165/400]
batch = 0 (Δ=0.345s, 100.00%)
Training throughput: 1 batches in 0.345s; word units 100.0% of 8 words (letters-only 100.0% of 8).
Train Loss: output=0.0721, reconstruction=2.0827
Epoch [166/400]
batch = 0 (Δ=0.346s, 100.00%)
Training throughput: 1 batches in 0.345s; word units 100.0% of 8 words (letters-only 100.0% of 8).
Train Loss: output=0.1275, reconstruction=1.9749
Epoch [167/400]
batch = 0 (Δ=0.351s, 100.00%)
Training throughput: 1 batches in 0.350s; word units 100.0% of 8 words (letters-only 100.0% of 8).
Train Loss: output=0.0782, reconstruction=2.2200
Epoch [168/400]
batch = 0 (Δ=0.345s, 100.00%)
Training throughput: 1 batches in 0.344s; word units 100.0% of 8 words (letters-only 100.0% of 8).
Train Loss: output=0.0782, reconstruction=2.1990
Epoch [169/400]
batch = 0 (Δ=0.345s, 100.00%)
Training throughput: 1 batches in 0.344s; word units 100.0% of 8 words (letters-only 100.0% of 8).
Train Loss: output=0.1068, reconstruction=1.9598
Epoch [170/400]
batch = 0 (Δ=0.343s, 100.00%)
Training throughput: 1 batches in 0.342s; word units 100.0% of 8 words (letters-only 100.0% of 8).
Train Loss: output=0.0991, reconstruction=2.0690
Epoch [171/400]
batch = 0 (Δ=0.347s, 100.00%)
Training throughput: 1 batches in 0.346s; word units 100.0% of 8 words (letters-only 100.0% of 8).
Train Loss: output=0.1263, reconstruction=2.3412
Epoch [172/400]
batch = 0 (Δ=0.349s, 100.00%)
Training throughput: 1 batches in 0.348s; word units 100.0% of 8 words (letters-only 100.0% of 8).
Train Loss: output=0.1317, reconstruction=2.3264
Epoch [173/400]
batch = 0 (Δ=0.346s, 100.00%)
Training throughput: 1 batches in 0.345s; word units 100.0% of 8 words (letters-only 100.0% of 8).
Train Loss: output=0.1202, reconstruction=2.0638
Epoch [174/400]
batch = 0 (Δ=0.346s, 100.00%)
Training throughput: 1 batches in 0.345s; word units 100.0% of 8 words (letters-only 100.0% of 8).
Train Loss: output=0.1267, reconstruction=1.9752
Epoch [175/400]
batch = 0 (Δ=0.346s, 100.00%)
Training throughput: 1 batches in 0.346s; word units 100.0% of 8 words (letters-only 100.0% of 8).
Train Loss: output=0.0919, reconstruction=2.1244
Epoch [176/400]
batch = 0 (Δ=0.346s, 100.00%)
Training throughput: 1 batches in 0.345s; word units 100.0% of 8 words (letters-only 100.0% of 8).
Train Loss: output=0.1470, reconstruction=2.0654
Epoch [177/400]
batch = 0 (Δ=0.345s, 100.00%)
Training throughput: 1 batches in 0.344s; word units 100.0% of 8 words (letters-only 100.0% of 8).
Train Loss: output=0.0964, reconstruction=1.9334
Epoch [178/400]
batch = 0 (Δ=0.345s, 100.00%)
Training throughput: 1 batches in 0.344s; word units 100.0% of 8 words (letters-only 100.0% of 8).
Train Loss: output=0.0944, reconstruction=2.0678
Epoch [179/400]
batch = 0 (Δ=0.345s, 100.00%)
Training throughput: 1 batches in 0.345s; word units 100.0% of 8 words (letters-only 100.0% of 8).
Train Loss: output=0.0971, reconstruction=2.1203
Epoch [180/400]
batch = 0 (Δ=0.348s, 100.00%)
Training throughput: 1 batches in 0.347s; word units 100.0% of 8 words (letters-only 100.0% of 8).
Train Loss: output=0.0790, reconstruction=2.0262
Epoch [181/400]
batch = 0 (Δ=0.351s, 100.00%)
Training throughput: 1 batches in 0.350s; word units 100.0% of 8 words (letters-only 100.0% of 8).
Train Loss: output=0.1253, reconstruction=1.9335
Epoch [182/400]
batch = 0 (Δ=0.347s, 100.00%)
Training throughput: 1 batches in 0.346s; word units 100.0% of 8 words (letters-only 100.0% of 8).
Train Loss: output=0.1029, reconstruction=1.9946
Epoch [183/400]
batch = 0 (Δ=0.349s, 100.00%)
Training throughput: 1 batches in 0.349s; word units 100.0% of 8 words (letters-only 100.0% of 8).
Train Loss: output=0.1315, reconstruction=1.9957
Epoch [184/400]
batch = 0 (Δ=0.384s, 100.00%)
Training throughput: 1 batches in 0.383s; word units 100.0% of 8 words (letters-only 100.0% of 8).
Train Loss: output=0.1100, reconstruction=1.9336
Epoch [185/400]
batch = 0 (Δ=0.340s, 100.00%)
Training throughput: 1 batches in 0.340s; word units 100.0% of 8 words (letters-only 100.0% of 8).
Train Loss: output=0.0995, reconstruction=1.9776
Epoch [186/400]
batch = 0 (Δ=0.345s, 100.00%)
Training throughput: 1 batches in 0.344s; word units 100.0% of 8 words (letters-only 100.0% of 8).
Train Loss: output=0.1211, reconstruction=2.0072
Epoch [187/400]
batch = 0 (Δ=0.346s, 100.00%)
Training throughput: 1 batches in 0.345s; word units 100.0% of 8 words (letters-only 100.0% of 8).
Train Loss: output=0.0897, reconstruction=1.9334
Epoch [188/400]
batch = 0 (Δ=0.343s, 100.00%)
Training throughput: 1 batches in 0.343s; word units 100.0% of 8 words (letters-only 100.0% of 8).
Train Loss: output=0.1008, reconstruction=2.0140
Epoch [189/400]
batch = 0 (Δ=0.345s, 100.00%)
Training throughput: 1 batches in 0.344s; word units 100.0% of 8 words (letters-only 100.0% of 8).
Train Loss: output=0.0713, reconstruction=1.9919
Epoch [190/400]
batch = 0 (Δ=0.347s, 100.00%)
Training throughput: 1 batches in 0.346s; word units 100.0% of 8 words (letters-only 100.0% of 8).
Train Loss: output=0.1047, reconstruction=1.9334
Epoch [191/400]
batch = 0 (Δ=0.346s, 100.00%)
Training throughput: 1 batches in 0.346s; word units 100.0% of 8 words (letters-only 100.0% of 8).
Train Loss: output=0.1482, reconstruction=2.0379
Epoch [192/400]
batch = 0 (Δ=0.345s, 100.00%)
Training throughput: 1 batches in 0.345s; word units 100.0% of 8 words (letters-only 100.0% of 8).
Train Loss: output=0.1210, reconstruction=2.1098
Epoch [193/400]
batch = 0 (Δ=0.349s, 100.00%)
Training throughput: 1 batches in 0.348s; word units 100.0% of 8 words (letters-only 100.0% of 8).
Train Loss: output=0.1115, reconstruction=2.0403
Epoch [194/400]
batch = 0 (Δ=0.345s, 100.00%)
Training throughput: 1 batches in 0.344s; word units 100.0% of 8 words (letters-only 100.0% of 8).
Train Loss: output=0.1147, reconstruction=1.9406
Epoch [195/400]
batch = 0 (Δ=0.350s, 100.00%)
Training throughput: 1 batches in 0.349s; word units 100.0% of 8 words (letters-only 100.0% of 8).
Train Loss: output=0.1005, reconstruction=2.0338
Epoch [196/400]
batch = 0 (Δ=0.344s, 100.00%)
Training throughput: 1 batches in 0.344s; word units 100.0% of 8 words (letters-only 100.0% of 8).
Train Loss: output=0.0950, reconstruction=2.1001
Epoch [197/400]
batch = 0 (Δ=0.348s, 100.00%)
Training throughput: 1 batches in 0.347s; word units 100.0% of 8 words (letters-only 100.0% of 8).
Train Loss: output=0.0845, reconstruction=1.9593
Epoch [198/400]
batch = 0 (Δ=0.350s, 100.00%)
Training throughput: 1 batches in 0.349s; word units 100.0% of 8 words (letters-only 100.0% of 8).
Train Loss: output=0.1124, reconstruction=2.0387
Epoch [199/400]
batch = 0 (Δ=0.345s, 100.00%)
Training throughput: 1 batches in 0.344s; word units 100.0% of 8 words (letters-only 100.0% of 8).
Train Loss: output=0.0861, reconstruction=2.1844
Epoch [200/400]
batch = 0 (Δ=0.350s, 100.00%)
Training throughput: 1 batches in 0.350s; word units 100.0% of 8 words (letters-only 100.0% of 8).
Train Loss: output=0.0892, reconstruction=2.0735
Epoch [201/400]
batch = 0 (Δ=0.353s, 100.00%)
Training throughput: 1 batches in 0.353s; word units 100.0% of 8 words (letters-only 100.0% of 8).
Train Loss: output=0.1610, reconstruction=1.9335
Epoch [202/400]
batch = 0 (Δ=0.353s, 100.00%)
Training throughput: 1 batches in 0.352s; word units 100.0% of 8 words (letters-only 100.0% of 8).
Train Loss: output=0.1108, reconstruction=2.0278
Epoch [203/400]
batch = 0 (Δ=0.348s, 100.00%)
Training throughput: 1 batches in 0.348s; word units 100.0% of 8 words (letters-only 100.0% of 8).
Train Loss: output=0.0685, reconstruction=2.0400
Epoch [204/400]
batch = 0 (Δ=0.344s, 100.00%)
Training throughput: 1 batches in 0.344s; word units 100.0% of 8 words (letters-only 100.0% of 8).
Train Loss: output=0.0905, reconstruction=1.9057
Epoch [205/400]
batch = 0 (Δ=0.349s, 100.00%)
Training throughput: 1 batches in 0.348s; word units 100.0% of 8 words (letters-only 100.0% of 8).
Train Loss: output=0.0677, reconstruction=2.0569
Epoch [206/400]
batch = 0 (Δ=0.347s, 100.00%)
Training throughput: 1 batches in 0.346s; word units 100.0% of 8 words (letters-only 100.0% of 8).
Train Loss: output=0.1140, reconstruction=2.1097
Epoch [207/400]
batch = 0 (Δ=0.343s, 100.00%)
Training throughput: 1 batches in 0.343s; word units 100.0% of 8 words (letters-only 100.0% of 8).
Train Loss: output=0.0752, reconstruction=1.9666
Epoch [208/400]
batch = 0 (Δ=0.345s, 100.00%)
Training throughput: 1 batches in 0.344s; word units 100.0% of 8 words (letters-only 100.0% of 8).
Train Loss: output=0.0861, reconstruction=1.9896
Epoch [209/400]
batch = 0 (Δ=0.343s, 100.00%)
Training throughput: 1 batches in 0.343s; word units 100.0% of 8 words (letters-only 100.0% of 8).
Train Loss: output=0.0774, reconstruction=2.1422
Epoch [210/400]
batch = 0 (Δ=0.346s, 100.00%)
Training throughput: 1 batches in 0.345s; word units 100.0% of 8 words (letters-only 100.0% of 8).
Train Loss: output=0.0596, reconstruction=2.0525
Epoch [211/400]
batch = 0 (Δ=0.348s, 100.00%)
Training throughput: 1 batches in 0.348s; word units 100.0% of 8 words (letters-only 100.0% of 8).
Train Loss: output=0.0687, reconstruction=1.9441
Epoch [212/400]
batch = 0 (Δ=0.344s, 100.00%)
Training throughput: 1 batches in 0.344s; word units 100.0% of 8 words (letters-only 100.0% of 8).
Train Loss: output=0.1256, reconstruction=2.1099
Epoch [213/400]
batch = 0 (Δ=0.344s, 100.00%)
Training throughput: 1 batches in 0.344s; word units 100.0% of 8 words (letters-only 100.0% of 8).
Train Loss: output=0.1343, reconstruction=2.1059
Epoch [214/400]
batch = 0 (Δ=0.343s, 100.00%)
Training throughput: 1 batches in 0.342s; word units 100.0% of 8 words (letters-only 100.0% of 8).
Train Loss: output=0.1039, reconstruction=1.9435
Epoch [215/400]
batch = 0 (Δ=0.346s, 100.00%)
Training throughput: 1 batches in 0.346s; word units 100.0% of 8 words (letters-only 100.0% of 8).
Train Loss: output=0.0563, reconstruction=2.0217
Epoch [216/400]
batch = 0 (Δ=0.345s, 100.00%)
Training throughput: 1 batches in 0.345s; word units 100.0% of 8 words (letters-only 100.0% of 8).
Train Loss: output=0.0697, reconstruction=2.0210
Epoch [217/400]
batch = 0 (Δ=0.354s, 100.00%)
Training throughput: 1 batches in 0.354s; word units 100.0% of 8 words (letters-only 100.0% of 8).
Train Loss: output=0.0450, reconstruction=1.9383
Epoch [218/400]
batch = 0 (Δ=0.345s, 100.00%)
Training throughput: 1 batches in 0.344s; word units 100.0% of 8 words (letters-only 100.0% of 8).
Train Loss: output=0.0399, reconstruction=2.0515
Epoch [219/400]
batch = 0 (Δ=0.346s, 100.00%)
Training throughput: 1 batches in 0.345s; word units 100.0% of 8 words (letters-only 100.0% of 8).
Train Loss: output=0.1439, reconstruction=2.1136
Epoch [220/400]
batch = 0 (Δ=0.349s, 100.00%)
Training throughput: 1 batches in 0.348s; word units 100.0% of 8 words (letters-only 100.0% of 8).
Train Loss: output=0.1710, reconstruction=2.0263
Epoch [221/400]
batch = 0 (Δ=0.345s, 100.00%)
Training throughput: 1 batches in 0.344s; word units 100.0% of 8 words (letters-only 100.0% of 8).
Train Loss: output=0.1298, reconstruction=1.9654
Epoch [222/400]
batch = 0 (Δ=0.347s, 100.00%)
Training throughput: 1 batches in 0.347s; word units 100.0% of 8 words (letters-only 100.0% of 8).
Train Loss: output=0.0527, reconstruction=2.1332
Epoch [223/400]
batch = 0 (Δ=0.347s, 100.00%)
Training throughput: 1 batches in 0.347s; word units 100.0% of 8 words (letters-only 100.0% of 8).
Train Loss: output=0.0859, reconstruction=2.0306
Epoch [224/400]
batch = 0 (Δ=0.379s, 100.00%)
Training throughput: 1 batches in 0.379s; word units 100.0% of 8 words (letters-only 100.0% of 8).
Train Loss: output=0.0541, reconstruction=1.9392
Epoch [225/400]
batch = 0 (Δ=0.350s, 100.00%)
Training throughput: 1 batches in 0.349s; word units 100.0% of 8 words (letters-only 100.0% of 8).
Train Loss: output=0.1311, reconstruction=2.0659
Epoch [226/400]
batch = 0 (Δ=1.177s, 100.00%)
Training throughput: 1 batches in 1.177s; word units 100.0% of 8 words (letters-only 100.0% of 8).
Train Loss: output=0.1596, reconstruction=2.1179
Epoch [227/400]
batch = 0 (Δ=0.349s, 100.00%)
Training throughput: 1 batches in 0.348s; word units 100.0% of 8 words (letters-only 100.0% of 8).
Train Loss: output=0.0962, reconstruction=1.9455
Epoch [228/400]
batch = 0 (Δ=0.341s, 100.00%)
Training throughput: 1 batches in 0.341s; word units 100.0% of 8 words (letters-only 100.0% of 8).
Train Loss: output=0.1594, reconstruction=2.0282
Epoch [229/400]
batch = 0 (Δ=0.343s, 100.00%)
Training throughput: 1 batches in 0.343s; word units 100.0% of 8 words (letters-only 100.0% of 8).
Train Loss: output=0.0853, reconstruction=2.1217
Epoch [230/400]
batch = 0 (Δ=0.343s, 100.00%)
Training throughput: 1 batches in 0.342s; word units 100.0% of 8 words (letters-only 100.0% of 8).
Train Loss: output=0.1081, reconstruction=1.9551
Epoch [231/400]
batch = 0 (Δ=0.346s, 100.00%)
Training throughput: 1 batches in 0.345s; word units 100.0% of 8 words (letters-only 100.0% of 8).
Train Loss: output=0.0901, reconstruction=2.0113
Epoch [232/400]
batch = 0 (Δ=0.343s, 100.00%)
Training throughput: 1 batches in 0.342s; word units 100.0% of 8 words (letters-only 100.0% of 8).
Train Loss: output=0.0911, reconstruction=2.1752
Epoch [233/400]
batch = 0 (Δ=0.348s, 100.00%)
Training throughput: 1 batches in 0.348s; word units 100.0% of 8 words (letters-only 100.0% of 8).
Train Loss: output=0.1121, reconstruction=2.0856
Epoch [234/400]
batch = 0 (Δ=0.346s, 100.00%)
Training throughput: 1 batches in 0.345s; word units 100.0% of 8 words (letters-only 100.0% of 8).
Train Loss: output=0.0960, reconstruction=1.9384
Epoch [235/400]
batch = 0 (Δ=0.348s, 100.00%)
Training throughput: 1 batches in 0.348s; word units 100.0% of 8 words (letters-only 100.0% of 8).
Train Loss: output=0.1053, reconstruction=2.0833
Epoch [236/400]
batch = 0 (Δ=0.347s, 100.00%)
Training throughput: 1 batches in 0.346s; word units 100.0% of 8 words (letters-only 100.0% of 8).
Train Loss: output=0.0889, reconstruction=2.0993
Epoch [237/400]
batch = 0 (Δ=0.348s, 100.00%)
Training throughput: 1 batches in 0.347s; word units 100.0% of 8 words (letters-only 100.0% of 8).
Train Loss: output=0.0723, reconstruction=1.9512
Epoch [238/400]
batch = 0 (Δ=0.347s, 100.00%)
Training throughput: 1 batches in 0.347s; word units 100.0% of 8 words (letters-only 100.0% of 8).
Train Loss: output=0.0724, reconstruction=2.0598
Epoch [239/400]
batch = 0 (Δ=0.343s, 100.00%)
Training throughput: 1 batches in 0.343s; word units 100.0% of 8 words (letters-only 100.0% of 8).
Train Loss: output=0.1424, reconstruction=2.1783
Epoch [240/400]
batch = 0 (Δ=0.347s, 100.00%)
Training throughput: 1 batches in 0.346s; word units 100.0% of 8 words (letters-only 100.0% of 8).
Train Loss: output=0.1175, reconstruction=2.0484
Epoch [241/400]
batch = 0 (Δ=0.349s, 100.00%)
Training throughput: 1 batches in 0.349s; word units 100.0% of 8 words (letters-only 100.0% of 8).
Train Loss: output=0.0760, reconstruction=1.9555
Epoch [242/400]
batch = 0 (Δ=0.346s, 100.00%)
Training throughput: 1 batches in 0.345s; word units 100.0% of 8 words (letters-only 100.0% of 8).
Train Loss: output=0.1703, reconstruction=2.1297
Epoch [243/400]
batch = 0 (Δ=0.345s, 100.00%)
Training throughput: 1 batches in 0.345s; word units 100.0% of 8 words (letters-only 100.0% of 8).
Train Loss: output=0.0603, reconstruction=2.0867
Epoch [244/400]
batch = 0 (Δ=0.346s, 100.00%)
Training throughput: 1 batches in 0.345s; word units 100.0% of 8 words (letters-only 100.0% of 8).
Train Loss: output=0.1055, reconstruction=1.9337
Epoch [245/400]
batch = 0 (Δ=0.353s, 100.00%)
Training throughput: 1 batches in 0.352s; word units 100.0% of 8 words (letters-only 100.0% of 8).
Train Loss: output=0.0729, reconstruction=2.0841
Epoch [246/400]
batch = 0 (Δ=0.356s, 100.00%)
Training throughput: 1 batches in 0.355s; word units 100.0% of 8 words (letters-only 100.0% of 8).
Train Loss: output=0.1231, reconstruction=2.1341
Epoch [247/400]
batch = 0 (Δ=0.369s, 100.00%)
Training throughput: 1 batches in 0.368s; word units 100.0% of 8 words (letters-only 100.0% of 8).
Train Loss: output=0.1252, reconstruction=1.9783
Epoch [248/400]
batch = 0 (Δ=0.345s, 100.00%)
Training throughput: 1 batches in 0.344s; word units 100.0% of 8 words (letters-only 100.0% of 8).
Train Loss: output=0.0861, reconstruction=2.0060
Epoch [249/400]
batch = 0 (Δ=0.345s, 100.00%)
Training throughput: 1 batches in 0.345s; word units 100.0% of 8 words (letters-only 100.0% of 8).
Train Loss: output=0.1295, reconstruction=2.1165
Epoch [250/400]
batch = 0 (Δ=0.349s, 100.00%)
Training throughput: 1 batches in 0.348s; word units 100.0% of 8 words (letters-only 100.0% of 8).
Train Loss: output=0.0694, reconstruction=2.0419
Epoch [251/400]
batch = 0 (Δ=0.345s, 100.00%)
Training throughput: 1 batches in 0.345s; word units 100.0% of 8 words (letters-only 100.0% of 8).
Train Loss: output=0.0820, reconstruction=1.9511
Epoch [252/400]
batch = 0 (Δ=0.349s, 100.00%)
Training throughput: 1 batches in 0.349s; word units 100.0% of 8 words (letters-only 100.0% of 8).
Train Loss: output=0.1435, reconstruction=2.1070
Epoch [253/400]
batch = 0 (Δ=0.347s, 100.00%)
Training throughput: 1 batches in 0.346s; word units 100.0% of 8 words (letters-only 100.0% of 8).
Train Loss: output=0.0770, reconstruction=2.1434
Epoch [254/400]
batch = 0 (Δ=0.343s, 100.00%)
Training throughput: 1 batches in 0.343s; word units 100.0% of 8 words (letters-only 100.0% of 8).
Train Loss: output=0.0994, reconstruction=1.9599
Epoch [255/400]
batch = 0 (Δ=0.349s, 100.00%)
Training throughput: 1 batches in 0.348s; word units 100.0% of 8 words (letters-only 100.0% of 8).
Train Loss: output=0.0532, reconstruction=2.0442
Epoch [256/400]
batch = 0 (Δ=0.341s, 100.00%)
Training throughput: 1 batches in 0.341s; word units 100.0% of 8 words (letters-only 100.0% of 8).
Train Loss: output=0.0781, reconstruction=2.1490
Epoch [257/400]
batch = 0 (Δ=0.342s, 100.00%)
Training throughput: 1 batches in 0.342s; word units 100.0% of 8 words (letters-only 100.0% of 8).
Train Loss: output=0.1256, reconstruction=2.0446
Epoch [258/400]
batch = 0 (Δ=0.346s, 100.00%)
Training throughput: 1 batches in 0.345s; word units 100.0% of 8 words (letters-only 100.0% of 8).
Train Loss: output=0.1309, reconstruction=1.9300
Epoch [259/400]
batch = 0 (Δ=0.341s, 100.00%)
Training throughput: 1 batches in 0.341s; word units 100.0% of 8 words (letters-only 100.0% of 8).
Train Loss: output=0.1437, reconstruction=2.1118
Epoch [260/400]
batch = 0 (Δ=0.345s, 100.00%)
Training throughput: 1 batches in 0.344s; word units 100.0% of 8 words (letters-only 100.0% of 8).
Train Loss: output=0.1231, reconstruction=2.0875
Epoch [261/400]
batch = 0 (Δ=0.341s, 100.00%)
Training throughput: 1 batches in 0.340s; word units 100.0% of 8 words (letters-only 100.0% of 8).
Train Loss: output=0.0701, reconstruction=1.9104
Epoch [262/400]
batch = 0 (Δ=0.340s, 100.00%)
Training throughput: 1 batches in 0.340s; word units 100.0% of 8 words (letters-only 100.0% of 8).
Train Loss: output=0.1171, reconstruction=2.0394
Epoch [263/400]
batch = 0 (Δ=0.341s, 100.00%)
Training throughput: 1 batches in 0.340s; word units 100.0% of 8 words (letters-only 100.0% of 8).
Train Loss: output=0.1029, reconstruction=2.1631
Epoch [264/400]
batch = 0 (Δ=0.337s, 100.00%)
Training throughput: 1 batches in 0.336s; word units 100.0% of 8 words (letters-only 100.0% of 8).
Train Loss: output=0.1092, reconstruction=2.0046
Epoch [265/400]
batch = 0 (Δ=0.346s, 100.00%)
Training throughput: 1 batches in 0.346s; word units 100.0% of 8 words (letters-only 100.0% of 8).
Train Loss: output=0.0907, reconstruction=1.9565
Epoch [266/400]
batch = 0 (Δ=0.341s, 100.00%)
Training throughput: 1 batches in 0.340s; word units 100.0% of 8 words (letters-only 100.0% of 8).
Train Loss: output=0.0664, reconstruction=2.1552
Epoch [267/400]
batch = 0 (Δ=0.343s, 100.00%)
Training throughput: 1 batches in 0.342s; word units 100.0% of 8 words (letters-only 100.0% of 8).
Train Loss: output=0.1710, reconstruction=2.0941
Epoch [268/400]
batch = 0 (Δ=0.346s, 100.00%)
Training throughput: 1 batches in 0.345s; word units 100.0% of 8 words (letters-only 100.0% of 8).
Train Loss: output=0.0792, reconstruction=1.9336
Epoch [269/400]
batch = 0 (Δ=0.345s, 100.00%)
Training throughput: 1 batches in 0.344s; word units 100.0% of 8 words (letters-only 100.0% of 8).
Train Loss: output=0.0961, reconstruction=2.0893
Epoch [270/400]
batch = 0 (Δ=0.340s, 100.00%)
Training throughput: 1 batches in 0.339s; word units 100.0% of 8 words (letters-only 100.0% of 8).
Train Loss: output=0.0701, reconstruction=2.1112
Epoch [271/400]
batch = 0 (Δ=0.342s, 100.00%)
Training throughput: 1 batches in 0.342s; word units 100.0% of 8 words (letters-only 100.0% of 8).
Train Loss: output=0.0445, reconstruction=1.9742
Epoch [272/400]
batch = 0 (Δ=0.343s, 100.00%)
Training throughput: 1 batches in 0.342s; word units 100.0% of 8 words (letters-only 100.0% of 8).
Train Loss: output=0.1322, reconstruction=2.0158
Epoch [273/400]
batch = 0 (Δ=0.338s, 100.00%)
Training throughput: 1 batches in 0.337s; word units 100.0% of 8 words (letters-only 100.0% of 8).
Train Loss: output=0.0711, reconstruction=2.1257
Epoch [274/400]
batch = 0 (Δ=0.347s, 100.00%)
Training throughput: 1 batches in 0.346s; word units 100.0% of 8 words (letters-only 100.0% of 8).
Train Loss: output=0.0592, reconstruction=2.0707
Epoch [275/400]
batch = 0 (Δ=0.342s, 100.00%)
Training throughput: 1 batches in 0.341s; word units 100.0% of 8 words (letters-only 100.0% of 8).
Train Loss: output=0.0463, reconstruction=1.9342
Epoch [276/400]
batch = 0 (Δ=0.341s, 100.00%)
Training throughput: 1 batches in 0.341s; word units 100.0% of 8 words (letters-only 100.0% of 8).
Train Loss: output=0.1332, reconstruction=2.0343
Epoch [277/400]
batch = 0 (Δ=0.345s, 100.00%)
Training throughput: 1 batches in 0.344s; word units 100.0% of 8 words (letters-only 100.0% of 8).
Train Loss: output=0.0781, reconstruction=2.0246
Epoch [278/400]
batch = 0 (Δ=0.342s, 100.00%)
Training throughput: 1 batches in 0.342s; word units 100.0% of 8 words (letters-only 100.0% of 8).
Train Loss: output=0.0948, reconstruction=1.9327
Epoch [279/400]
batch = 0 (Δ=0.341s, 100.00%)
Training throughput: 1 batches in 0.340s; word units 100.0% of 8 words (letters-only 100.0% of 8).
Train Loss: output=0.0846, reconstruction=2.0366
Epoch [280/400]
batch = 0 (Δ=0.345s, 100.00%)
Training throughput: 1 batches in 0.345s; word units 100.0% of 8 words (letters-only 100.0% of 8).
Train Loss: output=0.1066, reconstruction=2.1030
Epoch [281/400]
batch = 0 (Δ=0.341s, 100.00%)
Training throughput: 1 batches in 0.341s; word units 100.0% of 8 words (letters-only 100.0% of 8).
Train Loss: output=0.0902, reconstruction=1.9577
Epoch [282/400]
batch = 0 (Δ=0.343s, 100.00%)
Training throughput: 1 batches in 0.343s; word units 100.0% of 8 words (letters-only 100.0% of 8).
Train Loss: output=0.0780, reconstruction=2.0193
Epoch [283/400]
batch = 0 (Δ=0.340s, 100.00%)
Training throughput: 1 batches in 0.339s; word units 100.0% of 8 words (letters-only 100.0% of 8).
Train Loss: output=0.1117, reconstruction=2.0890
Epoch [284/400]
batch = 0 (Δ=0.341s, 100.00%)
Training throughput: 1 batches in 0.340s; word units 100.0% of 8 words (letters-only 100.0% of 8).
Train Loss: output=0.0938, reconstruction=1.9860
Epoch [285/400]
batch = 0 (Δ=0.341s, 100.00%)
Training throughput: 1 batches in 0.341s; word units 100.0% of 8 words (letters-only 100.0% of 8).
Train Loss: output=0.1420, reconstruction=1.9875
Epoch [286/400]
batch = 0 (Δ=0.345s, 100.00%)
Training throughput: 1 batches in 0.345s; word units 100.0% of 8 words (letters-only 100.0% of 8).
Train Loss: output=0.1321, reconstruction=2.1800
Epoch [287/400]
batch = 0 (Δ=0.344s, 100.00%)
Training throughput: 1 batches in 0.343s; word units 100.0% of 8 words (letters-only 100.0% of 8).
Train Loss: output=0.1104, reconstruction=2.2428
Epoch [288/400]
batch = 0 (Δ=0.346s, 100.00%)
Training throughput: 1 batches in 0.346s; word units 100.0% of 8 words (letters-only 100.0% of 8).
Train Loss: output=0.1109, reconstruction=2.0943
Epoch [289/400]
batch = 0 (Δ=0.342s, 100.00%)
Training throughput: 1 batches in 0.341s; word units 100.0% of 8 words (letters-only 100.0% of 8).
Train Loss: output=0.1165, reconstruction=1.9444
Epoch [290/400]
batch = 0 (Δ=0.348s, 100.00%)
Training throughput: 1 batches in 0.347s; word units 100.0% of 8 words (letters-only 100.0% of 8).
Train Loss: output=0.0661, reconstruction=2.1595
Epoch [291/400]
batch = 0 (Δ=0.341s, 100.00%)
Training throughput: 1 batches in 0.341s; word units 100.0% of 8 words (letters-only 100.0% of 8).
Train Loss: output=0.1464, reconstruction=2.1738
Epoch [292/400]
batch = 0 (Δ=0.343s, 100.00%)
Training throughput: 1 batches in 0.342s; word units 100.0% of 8 words (letters-only 100.0% of 8).
Train Loss: output=0.1076, reconstruction=1.9646
Epoch [293/400]
batch = 0 (Δ=0.349s, 100.00%)
Training throughput: 1 batches in 0.348s; word units 100.0% of 8 words (letters-only 100.0% of 8).
Train Loss: output=0.1104, reconstruction=2.0549
Epoch [294/400]
batch = 0 (Δ=0.344s, 100.00%)
Training throughput: 1 batches in 0.343s; word units 100.0% of 8 words (letters-only 100.0% of 8).
Train Loss: output=0.1019, reconstruction=2.1829
Epoch [295/400]
batch = 0 (Δ=0.345s, 100.00%)
Training throughput: 1 batches in 0.344s; word units 100.0% of 8 words (letters-only 100.0% of 8).
Train Loss: output=0.0661, reconstruction=2.1078
Epoch [296/400]
batch = 0 (Δ=0.346s, 100.00%)
Training throughput: 1 batches in 0.346s; word units 100.0% of 8 words (letters-only 100.0% of 8).
Train Loss: output=0.0640, reconstruction=1.9331
Epoch [297/400]
batch = 0 (Δ=0.342s, 100.00%)
Training throughput: 1 batches in 0.341s; word units 100.0% of 8 words (letters-only 100.0% of 8).
Train Loss: output=0.1678, reconstruction=2.0854
Epoch [298/400]
batch = 0 (Δ=0.342s, 100.00%)
Training throughput: 1 batches in 0.342s; word units 100.0% of 8 words (letters-only 100.0% of 8).
Train Loss: output=0.1676, reconstruction=2.0582
Epoch [299/400]
batch = 0 (Δ=0.348s, 100.00%)
Training throughput: 1 batches in 0.347s; word units 100.0% of 8 words (letters-only 100.0% of 8).
Train Loss: output=0.1362, reconstruction=1.9090
Epoch [300/400]
batch = 0 (Δ=0.344s, 100.00%)
Training throughput: 1 batches in 0.344s; word units 100.0% of 8 words (letters-only 100.0% of 8).
Train Loss: output=0.0749, reconstruction=2.0145
Epoch [301/400]
batch = 0 (Δ=0.343s, 100.00%)
Training throughput: 1 batches in 0.343s; word units 100.0% of 8 words (letters-only 100.0% of 8).
Train Loss: output=0.0937, reconstruction=2.0932
Epoch [302/400]
batch = 0 (Δ=0.344s, 100.00%)
Training throughput: 1 batches in 0.344s; word units 100.0% of 8 words (letters-only 100.0% of 8).
Train Loss: output=0.1368, reconstruction=1.9675
Epoch [303/400]
batch = 0 (Δ=0.341s, 100.00%)
Training throughput: 1 batches in 0.340s; word units 100.0% of 8 words (letters-only 100.0% of 8).
Train Loss: output=0.1601, reconstruction=1.9351
Epoch [304/400]
batch = 0 (Δ=0.344s, 100.00%)
Training throughput: 1 batches in 0.344s; word units 100.0% of 8 words (letters-only 100.0% of 8).
Train Loss: output=0.1426, reconstruction=2.0789
Epoch [305/400]
batch = 0 (Δ=0.342s, 100.00%)
Training throughput: 1 batches in 0.341s; word units 100.0% of 8 words (letters-only 100.0% of 8).
Train Loss: output=0.0949, reconstruction=2.0527
Epoch [306/400]
batch = 0 (Δ=0.342s, 100.00%)
Training throughput: 1 batches in 0.342s; word units 100.0% of 8 words (letters-only 100.0% of 8).
Train Loss: output=0.2192, reconstruction=1.9372
Epoch [307/400]
batch = 0 (Δ=0.341s, 100.00%)
Training throughput: 1 batches in 0.341s; word units 100.0% of 8 words (letters-only 100.0% of 8).
Train Loss: output=0.0653, reconstruction=2.1138
Epoch [308/400]
batch = 0 (Δ=0.344s, 100.00%)
Training throughput: 1 batches in 0.343s; word units 100.0% of 8 words (letters-only 100.0% of 8).
Train Loss: output=0.1001, reconstruction=2.1486
Epoch [309/400]
batch = 0 (Δ=0.342s, 100.00%)
Training throughput: 1 batches in 0.341s; word units 100.0% of 8 words (letters-only 100.0% of 8).
Train Loss: output=0.1198, reconstruction=2.0365
Epoch [310/400]
batch = 0 (Δ=0.347s, 100.00%)
Training throughput: 1 batches in 0.346s; word units 100.0% of 8 words (letters-only 100.0% of 8).
Train Loss: output=0.0855, reconstruction=1.9655
Epoch [311/400]
batch = 0 (Δ=0.343s, 100.00%)
Training throughput: 1 batches in 0.343s; word units 100.0% of 8 words (letters-only 100.0% of 8).
Train Loss: output=0.1460, reconstruction=2.1496
Epoch [312/400]
batch = 0 (Δ=0.377s, 100.00%)
Training throughput: 1 batches in 0.376s; word units 100.0% of 8 words (letters-only 100.0% of 8).
Train Loss: output=0.0940, reconstruction=2.1198
Epoch [313/400]
batch = 0 (Δ=0.344s, 100.00%)
Training throughput: 1 batches in 0.343s; word units 100.0% of 8 words (letters-only 100.0% of 8).
Train Loss: output=0.1240, reconstruction=1.8986
Epoch [314/400]
batch = 0 (Δ=0.339s, 100.00%)
Training throughput: 1 batches in 0.338s; word units 100.0% of 8 words (letters-only 100.0% of 8).
Train Loss: output=0.1702, reconstruction=2.0647
Epoch [315/400]
batch = 0 (Δ=0.347s, 100.00%)
Training throughput: 1 batches in 0.347s; word units 100.0% of 8 words (letters-only 100.0% of 8).
Train Loss: output=0.0749, reconstruction=2.2041
Epoch [316/400]
batch = 0 (Δ=0.339s, 100.00%)
Training throughput: 1 batches in 0.339s; word units 100.0% of 8 words (letters-only 100.0% of 8).
Train Loss: output=0.1237, reconstruction=2.0927
Epoch [317/400]
batch = 0 (Δ=0.341s, 100.00%)
Training throughput: 1 batches in 0.340s; word units 100.0% of 8 words (letters-only 100.0% of 8).
Train Loss: output=0.1571, reconstruction=1.9416
Epoch [318/400]
batch = 0 (Δ=0.346s, 100.00%)
Training throughput: 1 batches in 0.346s; word units 100.0% of 8 words (letters-only 100.0% of 8).
Train Loss: output=0.1263, reconstruction=2.0824
Epoch [319/400]
batch = 0 (Δ=0.344s, 100.00%)
Training throughput: 1 batches in 0.343s; word units 100.0% of 8 words (letters-only 100.0% of 8).
Train Loss: output=0.0687, reconstruction=2.1471
Epoch [320/400]
batch = 0 (Δ=0.345s, 100.00%)
Training throughput: 1 batches in 0.344s; word units 100.0% of 8 words (letters-only 100.0% of 8).
Train Loss: output=0.0421, reconstruction=2.0003
Epoch [321/400]
batch = 0 (Δ=0.345s, 100.00%)
Training throughput: 1 batches in 0.344s; word units 100.0% of 8 words (letters-only 100.0% of 8).
Train Loss: output=0.0884, reconstruction=1.9164
Epoch [322/400]
batch = 0 (Δ=0.345s, 100.00%)
Training throughput: 1 batches in 0.344s; word units 100.0% of 8 words (letters-only 100.0% of 8).
Train Loss: output=0.0602, reconstruction=2.1417
Epoch [323/400]
batch = 0 (Δ=0.356s, 100.00%)
Training throughput: 1 batches in 0.355s; word units 100.0% of 8 words (letters-only 100.0% of 8).
Train Loss: output=0.0973, reconstruction=2.1341
Epoch [324/400]
batch = 0 (Δ=0.345s, 100.00%)
Training throughput: 1 batches in 0.345s; word units 100.0% of 8 words (letters-only 100.0% of 8).
Train Loss: output=0.1242, reconstruction=1.9593
Epoch [325/400]
batch = 0 (Δ=0.349s, 100.00%)
Training throughput: 1 batches in 0.348s; word units 100.0% of 8 words (letters-only 100.0% of 8).
Train Loss: output=0.1436, reconstruction=2.0173
Epoch [326/400]
batch = 0 (Δ=0.351s, 100.00%)
Training throughput: 1 batches in 0.351s; word units 100.0% of 8 words (letters-only 100.0% of 8).
Train Loss: output=0.1140, reconstruction=2.1097
Epoch [327/400]
batch = 0 (Δ=0.344s, 100.00%)
Training throughput: 1 batches in 0.343s; word units 100.0% of 8 words (letters-only 100.0% of 8).
Train Loss: output=0.0893, reconstruction=1.9515
Epoch [328/400]
batch = 0 (Δ=0.345s, 100.00%)
Training throughput: 1 batches in 0.344s; word units 100.0% of 8 words (letters-only 100.0% of 8).
Train Loss: output=0.0947, reconstruction=1.9300
Epoch [329/400]
batch = 0 (Δ=0.349s, 100.00%)
Training throughput: 1 batches in 0.348s; word units 100.0% of 8 words (letters-only 100.0% of 8).
Train Loss: output=0.1272, reconstruction=2.1403
Epoch [330/400]
batch = 0 (Δ=0.344s, 100.00%)
Training throughput: 1 batches in 0.344s; word units 100.0% of 8 words (letters-only 100.0% of 8).
Train Loss: output=0.0893, reconstruction=2.1144
Epoch [331/400]
batch = 0 (Δ=0.344s, 100.00%)
Training throughput: 1 batches in 0.343s; word units 100.0% of 8 words (letters-only 100.0% of 8).
Train Loss: output=0.0809, reconstruction=1.8966
Epoch [332/400]
batch = 0 (Δ=0.346s, 100.00%)
Training throughput: 1 batches in 0.345s; word units 100.0% of 8 words (letters-only 100.0% of 8).
Train Loss: output=0.0989, reconstruction=2.0545
Epoch [333/400]
batch = 0 (Δ=0.339s, 100.00%)
Training throughput: 1 batches in 0.338s; word units 100.0% of 8 words (letters-only 100.0% of 8).
Train Loss: output=0.1454, reconstruction=2.0939
Epoch [334/400]
batch = 0 (Δ=0.346s, 100.00%)
Training throughput: 1 batches in 0.345s; word units 100.0% of 8 words (letters-only 100.0% of 8).
Train Loss: output=0.1548, reconstruction=1.9992
Epoch [335/400]
batch = 0 (Δ=0.343s, 100.00%)
Training throughput: 1 batches in 0.343s; word units 100.0% of 8 words (letters-only 100.0% of 8).
Train Loss: output=0.1138, reconstruction=1.9885
Epoch [336/400]
batch = 0 (Δ=0.343s, 100.00%)
Training throughput: 1 batches in 0.342s; word units 100.0% of 8 words (letters-only 100.0% of 8).
Train Loss: output=0.1251, reconstruction=2.1396
Epoch [337/400]
batch = 0 (Δ=0.348s, 100.00%)
Training throughput: 1 batches in 0.348s; word units 100.0% of 8 words (letters-only 100.0% of 8).
Train Loss: output=0.1057, reconstruction=2.0727
Epoch [338/400]
batch = 0 (Δ=0.345s, 100.00%)
Training throughput: 1 batches in 0.345s; word units 100.0% of 8 words (letters-only 100.0% of 8).
Train Loss: output=0.1497, reconstruction=1.8900
Epoch [339/400]
batch = 0 (Δ=0.346s, 100.00%)
Training throughput: 1 batches in 0.345s; word units 100.0% of 8 words (letters-only 100.0% of 8).
Train Loss: output=0.1603, reconstruction=2.0868
Epoch [340/400]
batch = 0 (Δ=0.343s, 100.00%)
Training throughput: 1 batches in 0.342s; word units 100.0% of 8 words (letters-only 100.0% of 8).
Train Loss: output=0.1005, reconstruction=2.1121
Epoch [341/400]
batch = 0 (Δ=0.341s, 100.00%)
Training throughput: 1 batches in 0.340s; word units 100.0% of 8 words (letters-only 100.0% of 8).
Train Loss: output=0.1374, reconstruction=1.9538
Epoch [342/400]
batch = 0 (Δ=0.346s, 100.00%)
Training throughput: 1 batches in 0.346s; word units 100.0% of 8 words (letters-only 100.0% of 8).
Train Loss: output=0.1389, reconstruction=2.0340
Epoch [343/400]
batch = 0 (Δ=0.344s, 100.00%)
Training throughput: 1 batches in 0.343s; word units 100.0% of 8 words (letters-only 100.0% of 8).
Train Loss: output=0.1172, reconstruction=2.1493
Epoch [344/400]
batch = 0 (Δ=0.344s, 100.00%)
Training throughput: 1 batches in 0.343s; word units 100.0% of 8 words (letters-only 100.0% of 8).
Train Loss: output=0.1369, reconstruction=2.0384
Epoch [345/400]
batch = 0 (Δ=0.342s, 100.00%)
Training throughput: 1 batches in 0.341s; word units 100.0% of 8 words (letters-only 100.0% of 8).
Train Loss: output=0.1588, reconstruction=1.9492
Epoch [346/400]
batch = 0 (Δ=0.346s, 100.00%)
Training throughput: 1 batches in 0.345s; word units 100.0% of 8 words (letters-only 100.0% of 8).
Train Loss: output=0.1673, reconstruction=2.0776
Epoch [347/400]
batch = 0 (Δ=0.341s, 100.00%)
Training throughput: 1 batches in 0.341s; word units 100.0% of 8 words (letters-only 100.0% of 8).
Train Loss: output=0.1736, reconstruction=2.0949
Epoch [348/400]
batch = 0 (Δ=0.345s, 100.00%)
Training throughput: 1 batches in 0.344s; word units 100.0% of 8 words (letters-only 100.0% of 8).
Train Loss: output=0.1331, reconstruction=1.9374
Epoch [349/400]
batch = 0 (Δ=0.339s, 100.00%)
Training throughput: 1 batches in 0.338s; word units 100.0% of 8 words (letters-only 100.0% of 8).
Train Loss: output=0.1472, reconstruction=2.0211
Epoch [350/400]
batch = 0 (Δ=1.134s, 100.00%)
Training throughput: 1 batches in 1.133s; word units 100.0% of 8 words (letters-only 100.0% of 8).
Train Loss: output=0.1436, reconstruction=2.1378
Epoch [351/400]
batch = 0 (Δ=0.343s, 100.00%)
Training throughput: 1 batches in 0.342s; word units 100.0% of 8 words (letters-only 100.0% of 8).
Train Loss: output=0.1471, reconstruction=2.0107
Epoch [352/400]
batch = 0 (Δ=0.340s, 100.00%)
Training throughput: 1 batches in 0.339s; word units 100.0% of 8 words (letters-only 100.0% of 8).
Train Loss: output=0.1304, reconstruction=1.9632
Epoch [353/400]
batch = 0 (Δ=0.344s, 100.00%)
Training throughput: 1 batches in 0.343s; word units 100.0% of 8 words (letters-only 100.0% of 8).
Train Loss: output=0.1270, reconstruction=2.1121
Epoch [354/400]
batch = 0 (Δ=0.348s, 100.00%)
Training throughput: 1 batches in 0.348s; word units 100.0% of 8 words (letters-only 100.0% of 8).
Train Loss: output=0.1202, reconstruction=2.0570
Epoch [355/400]
batch = 0 (Δ=0.344s, 100.00%)
Training throughput: 1 batches in 0.344s; word units 100.0% of 8 words (letters-only 100.0% of 8).
Train Loss: output=0.1127, reconstruction=1.9336
Epoch [356/400]
batch = 0 (Δ=0.343s, 100.00%)
Training throughput: 1 batches in 0.342s; word units 100.0% of 8 words (letters-only 100.0% of 8).
Train Loss: output=0.1370, reconstruction=2.0846
Epoch [357/400]
batch = 0 (Δ=0.344s, 100.00%)
Training throughput: 1 batches in 0.344s; word units 100.0% of 8 words (letters-only 100.0% of 8).
Train Loss: output=0.0943, reconstruction=2.1340
Epoch [358/400]
batch = 0 (Δ=0.342s, 100.00%)
Training throughput: 1 batches in 0.341s; word units 100.0% of 8 words (letters-only 100.0% of 8).
Train Loss: output=0.0959, reconstruction=1.9859
Epoch [359/400]
batch = 0 (Δ=0.347s, 100.00%)
Training throughput: 1 batches in 0.347s; word units 100.0% of 8 words (letters-only 100.0% of 8).
Train Loss: output=0.1054, reconstruction=1.9764
Epoch [360/400]
batch = 0 (Δ=0.345s, 100.00%)
Training throughput: 1 batches in 0.345s; word units 100.0% of 8 words (letters-only 100.0% of 8).
Train Loss: output=0.1046, reconstruction=2.0975
Epoch [361/400]
batch = 0 (Δ=0.343s, 100.00%)
Training throughput: 1 batches in 0.342s; word units 100.0% of 8 words (letters-only 100.0% of 8).
Train Loss: output=0.0982, reconstruction=2.0195
Epoch [362/400]
batch = 0 (Δ=0.344s, 100.00%)
Training throughput: 1 batches in 0.343s; word units 100.0% of 8 words (letters-only 100.0% of 8).
Train Loss: output=0.1004, reconstruction=1.9437
Epoch [363/400]
batch = 0 (Δ=0.341s, 100.00%)
Training throughput: 1 batches in 0.341s; word units 100.0% of 8 words (letters-only 100.0% of 8).
Train Loss: output=0.1612, reconstruction=2.0834
Epoch [364/400]
batch = 0 (Δ=0.342s, 100.00%)
Training throughput: 1 batches in 0.341s; word units 100.0% of 8 words (letters-only 100.0% of 8).
Train Loss: output=0.0841, reconstruction=2.1170
Epoch [365/400]
batch = 0 (Δ=0.346s, 100.00%)
Training throughput: 1 batches in 0.345s; word units 100.0% of 8 words (letters-only 100.0% of 8).
Train Loss: output=0.0989, reconstruction=1.9907
Epoch [366/400]
batch = 0 (Δ=0.346s, 100.00%)
Training throughput: 1 batches in 0.345s; word units 100.0% of 8 words (letters-only 100.0% of 8).
Train Loss: output=0.1062, reconstruction=1.9762
Epoch [367/400]
batch = 0 (Δ=0.342s, 100.00%)
Training throughput: 1 batches in 0.341s; word units 100.0% of 8 words (letters-only 100.0% of 8).
Train Loss: output=0.1536, reconstruction=2.1176
Epoch [368/400]
batch = 0 (Δ=0.374s, 100.00%)
Training throughput: 1 batches in 0.374s; word units 100.0% of 8 words (letters-only 100.0% of 8).
Train Loss: output=0.1051, reconstruction=2.0442
Epoch [369/400]
batch = 0 (Δ=0.343s, 100.00%)
Training throughput: 1 batches in 0.343s; word units 100.0% of 8 words (letters-only 100.0% of 8).
Train Loss: output=0.1151, reconstruction=1.9371
Epoch [370/400]
batch = 0 (Δ=0.342s, 100.00%)
Training throughput: 1 batches in 0.341s; word units 100.0% of 8 words (letters-only 100.0% of 8).
Train Loss: output=0.1470, reconstruction=2.1130
Epoch [371/400]
batch = 0 (Δ=0.342s, 100.00%)
Training throughput: 1 batches in 0.341s; word units 100.0% of 8 words (letters-only 100.0% of 8).
Train Loss: output=0.1344, reconstruction=2.1811
Epoch [372/400]
batch = 0 (Δ=0.342s, 100.00%)
Training throughput: 1 batches in 0.341s; word units 100.0% of 8 words (letters-only 100.0% of 8).
Train Loss: output=0.1130, reconstruction=2.0215
Epoch [373/400]
batch = 0 (Δ=0.341s, 100.00%)
Training throughput: 1 batches in 0.340s; word units 100.0% of 8 words (letters-only 100.0% of 8).
Train Loss: output=0.1640, reconstruction=1.9795
Epoch [374/400]
batch = 0 (Δ=0.342s, 100.00%)
Training throughput: 1 batches in 0.341s; word units 100.0% of 8 words (letters-only 100.0% of 8).
Train Loss: output=0.1230, reconstruction=2.1319
Epoch [375/400]
batch = 0 (Δ=0.343s, 100.00%)
Training throughput: 1 batches in 0.342s; word units 100.0% of 8 words (letters-only 100.0% of 8).
Train Loss: output=0.1032, reconstruction=2.0702
Epoch [376/400]
batch = 0 (Δ=0.344s, 100.00%)
Training throughput: 1 batches in 0.343s; word units 100.0% of 8 words (letters-only 100.0% of 8).
Train Loss: output=0.1030, reconstruction=1.9163
Epoch [377/400]
batch = 0 (Δ=0.344s, 100.00%)
Training throughput: 1 batches in 0.343s; word units 100.0% of 8 words (letters-only 100.0% of 8).
Train Loss: output=0.1233, reconstruction=2.0896
Epoch [378/400]
batch = 0 (Δ=0.345s, 100.00%)
Training throughput: 1 batches in 0.345s; word units 100.0% of 8 words (letters-only 100.0% of 8).
Train Loss: output=0.1025, reconstruction=2.1286
Epoch [379/400]
batch = 0 (Δ=0.342s, 100.00%)
Training throughput: 1 batches in 0.342s; word units 100.0% of 8 words (letters-only 100.0% of 8).
Train Loss: output=0.0887, reconstruction=1.9780
Epoch [380/400]
batch = 0 (Δ=0.338s, 100.00%)
Training throughput: 1 batches in 0.337s; word units 100.0% of 8 words (letters-only 100.0% of 8).
Train Loss: output=0.1211, reconstruction=1.9716
Epoch [381/400]
batch = 0 (Δ=0.336s, 100.00%)
Training throughput: 1 batches in 0.335s; word units 100.0% of 8 words (letters-only 100.0% of 8).
Train Loss: output=0.0708, reconstruction=2.1312
Epoch [382/400]
batch = 0 (Δ=0.335s, 100.00%)
Training throughput: 1 batches in 0.334s; word units 100.0% of 8 words (letters-only 100.0% of 8).
Train Loss: output=0.1604, reconstruction=2.0287
Epoch [383/400]
batch = 0 (Δ=0.341s, 100.00%)
Training throughput: 1 batches in 0.340s; word units 100.0% of 8 words (letters-only 100.0% of 8).
Train Loss: output=0.1366, reconstruction=1.9376
Epoch [384/400]
batch = 0 (Δ=0.339s, 100.00%)
Training throughput: 1 batches in 0.339s; word units 100.0% of 8 words (letters-only 100.0% of 8).
Train Loss: output=0.1911, reconstruction=2.0975
Epoch [385/400]
batch = 0 (Δ=0.375s, 100.00%)
Training throughput: 1 batches in 0.373s; word units 100.0% of 8 words (letters-only 100.0% of 8).
Train Loss: output=0.1271, reconstruction=2.1324
Epoch [386/400]
batch = 0 (Δ=0.333s, 100.00%)
Training throughput: 1 batches in 0.333s; word units 100.0% of 8 words (letters-only 100.0% of 8).
Train Loss: output=0.1771, reconstruction=2.0554
Epoch [387/400]
batch = 0 (Δ=0.339s, 100.00%)
Training throughput: 1 batches in 0.339s; word units 100.0% of 8 words (letters-only 100.0% of 8).
Train Loss: output=0.0843, reconstruction=1.9342
Epoch [388/400]
batch = 0 (Δ=0.342s, 100.00%)
Training throughput: 1 batches in 0.342s; word units 100.0% of 8 words (letters-only 100.0% of 8).
Train Loss: output=0.0644, reconstruction=1.9767
Epoch [389/400]
batch = 0 (Δ=0.337s, 100.00%)
Training throughput: 1 batches in 0.337s; word units 100.0% of 8 words (letters-only 100.0% of 8).
Train Loss: output=0.1024, reconstruction=1.9784
Epoch [390/400]
batch = 0 (Δ=0.337s, 100.00%)
Training throughput: 1 batches in 0.336s; word units 100.0% of 8 words (letters-only 100.0% of 8).
Train Loss: output=0.1113, reconstruction=1.9320
Epoch [391/400]
batch = 0 (Δ=0.345s, 100.00%)
Training throughput: 1 batches in 0.344s; word units 100.0% of 8 words (letters-only 100.0% of 8).
Train Loss: output=0.1081, reconstruction=1.9858
Epoch [392/400]
batch = 0 (Δ=0.338s, 100.00%)
Training throughput: 1 batches in 0.338s; word units 100.0% of 8 words (letters-only 100.0% of 8).
Train Loss: output=0.1595, reconstruction=1.9889
Epoch [393/400]
batch = 0 (Δ=0.341s, 100.00%)
Training throughput: 1 batches in 0.340s; word units 100.0% of 8 words (letters-only 100.0% of 8).
Train Loss: output=0.1039, reconstruction=1.9321
Epoch [394/400]
batch = 0 (Δ=0.340s, 100.00%)
Training throughput: 1 batches in 0.339s; word units 100.0% of 8 words (letters-only 100.0% of 8).
Train Loss: output=0.1257, reconstruction=1.9730
Epoch [395/400]
batch = 0 (Δ=0.350s, 100.00%)
Training throughput: 1 batches in 0.349s; word units 100.0% of 8 words (letters-only 100.0% of 8).
Train Loss: output=0.0790, reconstruction=1.9885
Epoch [396/400]
batch = 0 (Δ=0.341s, 100.00%)
Training throughput: 1 batches in 0.340s; word units 100.0% of 8 words (letters-only 100.0% of 8).
Train Loss: output=0.1608, reconstruction=1.9339
Epoch [397/400]
batch = 0 (Δ=0.339s, 100.00%)
Training throughput: 1 batches in 0.339s; word units 100.0% of 8 words (letters-only 100.0% of 8).
Train Loss: output=0.1146, reconstruction=2.0117
Epoch [398/400]
batch = 0 (Δ=0.338s, 100.00%)
Training throughput: 1 batches in 0.337s; word units 100.0% of 8 words (letters-only 100.0% of 8).
Train Loss: output=0.0807, reconstruction=2.0003
Epoch [399/400]
batch = 0 (Δ=0.333s, 100.00%)
Training throughput: 1 batches in 0.332s; word units 100.0% of 8 words (letters-only 100.0% of 8).
Train Loss: output=0.1079, reconstruction=1.9172
Epoch [400/400]
batch = 0 (Δ=0.342s, 100.00%)
Training throughput: 1 batches in 0.341s; word units 100.0% of 8 words (letters-only 100.0% of 8).
Train Loss: output=0.1559, reconstruction=1.9513
Final Stats:
=== Selected operation grammar ===
batch = 0 (Δ=49.767s, 100.00%)
Training throughput: 1 batches in 49.712s; word units 100.0% of 8 words (letters-only 100.0% of 8).
=== Input Reconstruction (test) ===
  row[0] input='hello world' -> reconstructed='there ' label=0.0000 predicted=0.5380 MISMATCH
  row[1] input='hello there' -> reconstructed='loving ' label=1.0000 predicted=0.4254 MISMATCH
  row[2] input='loving world' -> reconstructed='there ' label=1.0000 predicted=0.6062 MISMATCH
  row[3] input='loving there' -> reconstructed='loving ' label=0.0000 predicted=0.4393 MISMATCH
------------------------------ Captured log call -------------------------------
DEBUG    torch.__trace:utils.py:2363 
DEBUG    torch.__trace:utils.py:2363 
DEBUG    torch.__trace:structured.py:28 
DEBUG    torch.__trace:structured.py:28 
DEBUG    torch.__trace:structured.py:28 
DEBUG    torch.__trace:structured.py:28 
DEBUG    torch.__trace:structured.py:28 
DEBUG    torch.__trace:structured.py:28 
DEBUG    torch.__trace:structured.py:28 
DEBUG    torch.__trace:structured.py:28 
DEBUG    torch.__trace:structured.py:28 
DEBUG    torch.__trace:structured.py:28 
DEBUG    torch.__trace:structured.py:28 
DEBUG    torch.__trace:structured.py:28 
DEBUG    torch.__trace:structured.py:28 
DEBUG    torch.__trace:structured.py:28 
DEBUG    torch.__trace:structured.py:28 
DEBUG    torch.__trace:convert_frame.py:304 
DEBUG    torch.__trace:utils.py:2363 
DEBUG    torch.__trace:utils.py:2363 
DEBUG    torch.__trace:meta_utils.py:298 
DEBUG    torch.__trace:meta_utils.py:537 
DEBUG    torch.__trace:meta_utils.py:2385 
DEBUG    torch.__trace:meta_utils.py:298 
DEBUG    torch.__trace:meta_utils.py:537 
DEBUG    torch.__trace:meta_utils.py:2385 
DEBUG    torch.__trace:meta_utils.py:298 
DEBUG    torch.__trace:meta_utils.py:537 
DEBUG    torch.__trace:meta_utils.py:2385 
DEBUG    torch.__trace:meta_utils.py:298 
DEBUG    torch.__trace:meta_utils.py:537 
DEBUG    torch.__trace:meta_utils.py:2385 
DEBUG    torch.__trace:meta_utils.py:298 
DEBUG    torch.__trace:meta_utils.py:537 
DEBUG    torch.__trace:meta_utils.py:2385 
DEBUG    torch.__trace:meta_utils.py:298 
DEBUG    torch.__trace:meta_utils.py:537 
DEBUG    torch.__trace:meta_utils.py:2385 
DEBUG    torch.__trace:meta_utils.py:298 
DEBUG    torch.__trace:meta_utils.py:537 
DEBUG    torch.__trace:meta_utils.py:2385 
DEBUG    torch.__trace:meta_utils.py:298 
DEBUG    torch.__trace:meta_utils.py:537 
DEBUG    torch.__trace:meta_utils.py:2385 
DEBUG    torch.__trace:meta_utils.py:298 
DEBUG    torch.__trace:meta_utils.py:537 
DEBUG    torch.__trace:meta_utils.py:2385 
DEBUG    torch.__trace:structured.py:28 
DEBUG    torch.__trace:structured.py:28 
DEBUG    torch.__trace:structured.py:28 
DEBUG    torch.__trace:structured.py:28 
DEBUG    torch.__trace:structured.py:28 
DEBUG    torch.__trace:structured.py:28 
DEBUG    torch.__trace:structured.py:28 
DEBUG    torch.__trace:structured.py:28 
DEBUG    torch.__trace:structured.py:28 
DEBUG    torch.__trace:structured.py:28 
DEBUG    torch.__trace:structured.py:28 
DEBUG    torch.__trace:structured.py:28 
DEBUG    torch.__trace:symbolic_shapes.py:5971 
DEBUG    torch.__trace:meta_utils.py:298 
DEBUG    torch.__trace:meta_utils.py:537 
DEBUG    torch.__trace:meta_utils.py:2385 
DEBUG    torch.__trace:meta_utils.py:298 
DEBUG    torch.__trace:meta_utils.py:537 
DEBUG    torch.__trace:meta_utils.py:2385 
DEBUG    torch.__trace:meta_utils.py:298 
DEBUG    torch.__trace:meta_utils.py:537 
DEBUG    torch.__trace:meta_utils.py:2385 
DEBUG    torch.__trace:meta_utils.py:298 
DEBUG    torch.__trace:meta_utils.py:537 
DEBUG    torch.__trace:meta_utils.py:2385 
DEBUG    torch.__trace:meta_utils.py:298 
DEBUG    torch.__trace:meta_utils.py:537 
DEBUG    torch.__trace:meta_utils.py:2385 
DEBUG    torch.__trace:meta_utils.py:298 
DEBUG    torch.__trace:meta_utils.py:537 
DEBUG    torch.__trace:meta_utils.py:2385 
DEBUG    torch.__trace:structured.py:28 
DEBUG    torch.__trace:structured.py:28 
DEBUG    torch.__trace:structured.py:28 
DEBUG    torch.__trace:symbolic_shapes.py:5971 
DEBUG    torch.__trace:meta_utils.py:298 
DEBUG    torch.__trace:meta_utils.py:537 
DEBUG    torch.__trace:meta_utils.py:2385 
DEBUG    torch.__trace:symbolic_shapes.py:5971 
DEBUG    torch.__trace:structured.py:28 
DEBUG    torch.__trace:structured.py:28 
DEBUG    torch.__trace:symbolic_shapes.py:8465 
DEBUG    torch.__trace:meta_utils.py:298 
DEBUG    torch.__trace:meta_utils.py:537 
DEBUG    torch.__trace:meta_utils.py:2385 
DEBUG    torch.__trace:meta_utils.py:298 
DEBUG    torch.__trace:meta_utils.py:537 
DEBUG    torch.__trace:meta_utils.py:2385 
DEBUG    torch.__trace:meta_utils.py:298 
DEBUG    torch.__trace:meta_utils.py:537 
DEBUG    torch.__trace:meta_utils.py:2385 
DEBUG    torch.__trace:meta_utils.py:298 
DEBUG    torch.__trace:meta_utils.py:537 
DEBUG    torch.__trace:meta_utils.py:2385 
DEBUG    torch.__trace:meta_utils.py:298 
DEBUG    torch.__trace:meta_utils.py:537 
DEBUG    torch.__trace:meta_utils.py:2385 
DEBUG    torch.__trace:meta_utils.py:298 
DEBUG    torch.__trace:meta_utils.py:537 
DEBUG    torch.__trace:meta_utils.py:2385 
DEBUG    torch.__trace:structured.py:28 
DEBUG    torch.__trace:structured.py:28 
DEBUG    torch.__trace:structured.py:28 
DEBUG    torch.__trace:structured.py:28 
DEBUG    torch.__trace:symbolic_shapes.py:5521 
DEBUG    torch.__trace:structured.py:28 
DEBUG    torch.__trace:structured.py:28 
DEBUG    torch.__trace:structured.py:28 
DEBUG    torch.__trace:structured.py:28 
DEBUG    torch.__trace:structured.py:28 
DEBUG    torch.__trace:symbolic_shapes.py:8465 
DEBUG    torch.__trace:symbolic_shapes.py:8465 
DEBUG    torch.__trace:meta_utils.py:298 
DEBUG    torch.__trace:meta_utils.py:537 
DEBUG    torch.__trace:meta_utils.py:2385 
DEBUG    torch.__trace:meta_utils.py:298 
DEBUG    torch.__trace:meta_utils.py:537 
DEBUG    torch.__trace:meta_utils.py:2385 
DEBUG    torch.__trace:symbolic_shapes.py:5521 
DEBUG    torch.__trace:symbolic_shapes.py:8465 
DEBUG    torch.__trace:symbolic_shapes.py:8465 
DEBUG    torch.__trace:meta_utils.py:298 
DEBUG    torch.__trace:meta_utils.py:537 
DEBUG    torch.__trace:meta_utils.py:2385 
DEBUG    torch.__trace:utils.py:2363 
DEBUG    torch.__trace:utils.py:2363 
DEBUG    torch.__trace:utils.py:2363 
DEBUG    torch.__trace:output_graph.py:2942 
DEBUG    torch.__trace:utils.py:2363 
DEBUG    torch.__trace:utils.py:2363 
DEBUG    torch.__trace:utils.py:2363 
DEBUG    torch.__trace:structured.py:28 
DEBUG    torch.__trace:structured.py:28 
DEBUG    torch.__trace:structured.py:28 
DEBUG    torch.__trace:structured.py:28 
DEBUG    torch.__trace:structured.py:28 
DEBUG    torch.__trace:structured.py:28 
DEBUG    torch.__trace:structured.py:28 
DEBUG    torch.__trace:symbolic_shapes.py:5521 
DEBUG    torch.__trace:structured.py:28 
DEBUG    torch.__trace:symbolic_shapes.py:8465 
DEBUG    torch.__trace:symbolic_shapes.py:8465 
DEBUG    torch.__trace:symbolic_shapes.py:5521 
DEBUG    torch.__trace:symbolic_shapes.py:8465 
DEBUG    torch.__trace:symbolic_shapes.py:8465 
DEBUG    torch.__trace:utils.py:2363 
DEBUG    torch.__trace:utils.py:2363 
DEBUG    torch.__trace:structured.py:28 
DEBUG    torch.__trace:structured.py:28 
DEBUG    torch.__trace:structured.py:28 
DEBUG    torch.__trace:structured.py:28 
DEBUG    torch.__trace:symbolic_shapes.py:5521 
DEBUG    torch.__trace:structured.py:28 
DEBUG    torch.__trace:structured.py:28 
DEBUG    torch.__trace:symbolic_shapes.py:8465 
DEBUG    torch.__trace:symbolic_shapes.py:8465 
DEBUG    torch.__trace:symbolic_shapes.py:5521 
DEBUG    torch.__trace:symbolic_shapes.py:8465 
DEBUG    torch.__trace:symbolic_shapes.py:8465 
DEBUG    torch.__trace:structured.py:28 
DEBUG    torch.__trace:structured.py:28 
DEBUG    torch.__trace:structured.py:28 
DEBUG    torch.__trace:structured.py:28 
DEBUG    torch.__trace:structured.py:28 
DEBUG    torch.__trace:symbolic_shapes.py:5521 
DEBUG    torch.__trace:symbolic_shapes.py:5521 
DEBUG    torch.__trace:symbolic_shapes.py:5521 
DEBUG    torch.__trace:symbolic_shapes.py:5521 
DEBUG    torch.__trace:symbolic_shapes.py:5521 
DEBUG    torch.__trace:symbolic_shapes.py:5521 
DEBUG    torch.__trace:symbolic_shapes.py:5521 
DEBUG    torch.__trace:symbolic_shapes.py:5521 
DEBUG    torch.__trace:symbolic_shapes.py:5521 
DEBUG    torch.__trace:structured.py:28 
DEBUG    torch.__trace:structured.py:28 
DEBUG    torch.__trace:structured.py:28 
DEBUG    torch.__trace:symbolic_shapes.py:5521 
DEBUG    torch.__trace:symbolic_shapes.py:5521 
DEBUG    torch.__trace:symbolic_shapes.py:5521 
DEBUG    torch.__trace:symbolic_shapes.py:5521 
DEBUG    torch.__trace:symbolic_shapes.py:5521 
DEBUG    torch.__trace:symbolic_shapes.py:5521 
DEBUG    torch.__trace:symbolic_shapes.py:5521 
DEBUG    torch.__trace:symbolic_shapes.py:5521 
DEBUG    torch.__trace:symbolic_shapes.py:5521 
DEBUG    torch.__trace:structured.py:28 
DEBUG    torch.__trace:symbolic_shapes.py:5521 
DEBUG    torch.__trace:symbolic_shapes.py:5521 
DEBUG    torch.__trace:symbolic_shapes.py:5521 
DEBUG    torch.__trace:symbolic_shapes.py:5521 
DEBUG    torch.__trace:symbolic_shapes.py:5521 
DEBUG    torch.__trace:symbolic_shapes.py:5521 
DEBUG    torch.__trace:symbolic_shapes.py:5521 
DEBUG    torch.__trace:symbolic_shapes.py:5521 
DEBUG    torch.__trace:symbolic_shapes.py:5521 
DEBUG    torch.__trace:symbolic_shapes.py:5521 
DEBUG    torch.__trace:symbolic_shapes.py:5521 
DEBUG    torch.__trace:symbolic_shapes.py:5521 
DEBUG    torch.__trace:symbolic_shapes.py:5521 
DEBUG    torch.__trace:symbolic_shapes.py:5521 
DEBUG    torch.__trace:symbolic_shapes.py:5521 
DEBUG    torch.__trace:symbolic_shapes.py:5521 
DEBUG    torch.__trace:symbolic_shapes.py:5521 
DEBUG    torch.__trace:symbolic_shapes.py:5521 
DEBUG    torch.__trace:symbolic_shapes.py:5521 
DEBUG    torch.__trace:symbolic_shapes.py:5521 
DEBUG    torch.__trace:symbolic_shapes.py:5521 
DEBUG    torch.__trace:symbolic_shapes.py:5521 
DEBUG    torch.__trace:symbolic_shapes.py:5521 
DEBUG    torch.__trace:symbolic_shapes.py:5521 
DEBUG    torch.__trace:symbolic_shapes.py:5521 
DEBUG    torch.__trace:symbolic_shapes.py:5521 
DEBUG    torch.__trace:symbolic_shapes.py:5521 
DEBUG    torch.__trace:symbolic_shapes.py:5521 
DEBUG    torch.__trace:symbolic_shapes.py:5521 
DEBUG    torch.__trace:symbolic_shapes.py:5521 
DEBUG    torch.__trace:symbolic_shapes.py:5521 
DEBUG    torch.__trace:symbolic_shapes.py:5521 
DEBUG    torch.__trace:symbolic_shapes.py:5521 
DEBUG    torch.__trace:symbolic_shapes.py:5521 
DEBUG    torch.__trace:symbolic_shapes.py:5521 
DEBUG    torch.__trace:symbolic_shapes.py:5521 
DEBUG    torch.__trace:symbolic_shapes.py:5521 
DEBUG    torch.__trace:symbolic_shapes.py:5521 
DEBUG    torch.__trace:utils.py:2363 
DEBUG    torch.__trace:graph_compile.py:1820 
DEBUG    torch.__trace:graph_compile.py:1841 
DEBUG    torch.__trace:graph_compile.py:1891 
DEBUG    torch.__trace:graph_compile.py:1909 
DEBUG    torch.__trace:graph_compile.py:1913 
DEBUG    torch.__trace:codegen.py:200 
DEBUG    torch.__trace:codegen.py:200 
DEBUG    torch.__trace:codegen.py:200 
DEBUG    torch.__trace:codegen.py:200 
DEBUG    torch.__trace:codegen.py:200 
DEBUG    torch.__trace:codegen.py:200 
DEBUG    torch.__trace:utils.py:2363 
DEBUG    torch.__trace:utils.py:2363 
DEBUG    torch.__trace:utils.py:2363 
DEBUG    torch.__trace:utils.py:2363 
DEBUG    torch.__trace:guards.py:4769 
DEBUG    torch.__trace:utils.py:2363 
DEBUG    torch.__trace:utils.py:2363 
DEBUG    torch.__trace:utils.py:2363 
DEBUG    torch.__trace:utils.py:2363 
DEBUG    torch.__trace:utils.py:2363 
DEBUG    torch.__trace:utils.py:2363 
DEBUG    torch.__trace:utils.py:2022 
DEBUG    torch.__trace:utils.py:2363 
DEBUG    torch.__trace:utils.py:2363 
DEBUG    torch.__trace:utils.py:2363 
DEBUG    torch.__trace:guards.py:5625 
DEBUG    torch.__trace:convert_frame.py:304 
DEBUG    torch.__trace:utils.py:2363 
DEBUG    torch.__trace:utils.py:2363 
DEBUG    torch.__trace:meta_utils.py:298 
DEBUG    torch.__trace:meta_utils.py:537 
DEBUG    torch.__trace:meta_utils.py:2385 
DEBUG    torch.__trace:meta_utils.py:298 
DEBUG    torch.__trace:meta_utils.py:537 
DEBUG    torch.__trace:meta_utils.py:2385 
DEBUG    torch.__trace:meta_utils.py:298 
DEBUG    torch.__trace:meta_utils.py:537 
DEBUG    torch.__trace:meta_utils.py:2385 
DEBUG    torch.__trace:meta_utils.py:298 
DEBUG    torch.__trace:meta_utils.py:537 
DEBUG    torch.__trace:meta_utils.py:2385 
DEBUG    torch.__trace:meta_utils.py:298 
DEBUG    torch.__trace:meta_utils.py:537 
DEBUG    torch.__trace:meta_utils.py:2385 
DEBUG    torch.__trace:meta_utils.py:298 
DEBUG    torch.__trace:meta_utils.py:537 
DEBUG    torch.__trace:meta_utils.py:2385 
DEBUG    torch.__trace:meta_utils.py:298 
DEBUG    torch.__trace:meta_utils.py:537 
DEBUG    torch.__trace:meta_utils.py:2385 
DEBUG    torch.__trace:meta_utils.py:298 
DEBUG    torch.__trace:meta_utils.py:537 
DEBUG    torch.__trace:meta_utils.py:2385 
DEBUG    torch.__trace:meta_utils.py:298 
DEBUG    torch.__trace:meta_utils.py:537 
DEBUG    torch.__trace:meta_utils.py:2385 
DEBUG    torch.__trace:symbolic_shapes.py:5971 
DEBUG    torch.__trace:meta_utils.py:298 
DEBUG    torch.__trace:meta_utils.py:537 
DEBUG    torch.__trace:meta_utils.py:2385 
DEBUG    torch.__trace:meta_utils.py:298 
DEBUG    torch.__trace:meta_utils.py:537 
DEBUG    torch.__trace:meta_utils.py:2385 
DEBUG    torch.__trace:meta_utils.py:298 
DEBUG    torch.__trace:meta_utils.py:537 
DEBUG    torch.__trace:meta_utils.py:2385 
DEBUG    torch.__trace:meta_utils.py:298 
DEBUG    torch.__trace:meta_utils.py:537 
DEBUG    torch.__trace:meta_utils.py:2385 
DEBUG    torch.__trace:meta_utils.py:298 
DEBUG    torch.__trace:meta_utils.py:537 
DEBUG    torch.__trace:meta_utils.py:2385 
DEBUG    torch.__trace:meta_utils.py:298 
DEBUG    torch.__trace:meta_utils.py:537 
DEBUG    torch.__trace:meta_utils.py:2385 
DEBUG    torch.__trace:symbolic_shapes.py:5971 
DEBUG    torch.__trace:meta_utils.py:298 
DEBUG    torch.__trace:meta_utils.py:537 
DEBUG    torch.__trace:meta_utils.py:2385 
DEBUG    torch.__trace:symbolic_shapes.py:5971 
DEBUG    torch.__trace:symbolic_shapes.py:8465 
DEBUG    torch.__trace:meta_utils.py:298 
DEBUG    torch.__trace:meta_utils.py:537 
DEBUG    torch.__trace:meta_utils.py:2385 
DEBUG    torch.__trace:meta_utils.py:298 
DEBUG    torch.__trace:meta_utils.py:537 
DEBUG    torch.__trace:meta_utils.py:2385 
DEBUG    torch.__trace:meta_utils.py:298 
DEBUG    torch.__trace:meta_utils.py:537 
DEBUG    torch.__trace:meta_utils.py:2385 
DEBUG    torch.__trace:meta_utils.py:298 
DEBUG    torch.__trace:meta_utils.py:537 
DEBUG    torch.__trace:meta_utils.py:2385 
DEBUG    torch.__trace:meta_utils.py:298 
DEBUG    torch.__trace:meta_utils.py:537 
DEBUG    torch.__trace:meta_utils.py:2385 
DEBUG    torch.__trace:meta_utils.py:298 
DEBUG    torch.__trace:meta_utils.py:537 
DEBUG    torch.__trace:meta_utils.py:2385 
DEBUG    torch.__trace:symbolic_shapes.py:5521 
DEBUG    torch.__trace:symbolic_shapes.py:8465 
DEBUG    torch.__trace:symbolic_shapes.py:8465 
DEBUG    torch.__trace:meta_utils.py:298 
DEBUG    torch.__trace:meta_utils.py:537 
DEBUG    torch.__trace:meta_utils.py:2385 
DEBUG    torch.__trace:meta_utils.py:298 
DEBUG    torch.__trace:meta_utils.py:537 
DEBUG    torch.__trace:meta_utils.py:2385 
DEBUG    torch.__trace:meta_utils.py:298 
DEBUG    torch.__trace:meta_utils.py:537 
DEBUG    torch.__trace:meta_utils.py:2385 
DEBUG    torch.__trace:symbolic_shapes.py:5521 
DEBUG    torch.__trace:symbolic_shapes.py:8465 
DEBUG    torch.__trace:symbolic_shapes.py:8465 
DEBUG    torch.__trace:meta_utils.py:298 
DEBUG    torch.__trace:meta_utils.py:537 
DEBUG    torch.__trace:meta_utils.py:2385 
DEBUG    torch.__trace:utils.py:2363 
DEBUG    torch.__trace:utils.py:2363 
DEBUG    torch.__trace:utils.py:2363 
DEBUG    torch.__trace:output_graph.py:2942 
DEBUG    torch.__trace:utils.py:2363 
DEBUG    torch.__trace:utils.py:2363 
DEBUG    torch.__trace:utils.py:2363 
DEBUG    torch.__trace:symbolic_shapes.py:5521 
DEBUG    torch.__trace:symbolic_shapes.py:8465 
DEBUG    torch.__trace:symbolic_shapes.py:8465 
DEBUG    torch.__trace:symbolic_shapes.py:5521 
DEBUG    torch.__trace:symbolic_shapes.py:8465 
DEBUG    torch.__trace:symbolic_shapes.py:8465 
DEBUG    torch.__trace:utils.py:2363 
DEBUG    torch.__trace:utils.py:2363 
DEBUG    torch.__trace:symbolic_shapes.py:5521 
DEBUG    torch.__trace:symbolic_shapes.py:8465 
DEBUG    torch.__trace:symbolic_shapes.py:8465 
DEBUG    torch.__trace:symbolic_shapes.py:5521 
DEBUG    torch.__trace:symbolic_shapes.py:8465 
DEBUG    torch.__trace:symbolic_shapes.py:8465 
DEBUG    torch.__trace:symbolic_shapes.py:5521 
DEBUG    torch.__trace:symbolic_shapes.py:5521 
DEBUG    torch.__trace:symbolic_shapes.py:5521 
DEBUG    torch.__trace:symbolic_shapes.py:5521 
DEBUG    torch.__trace:symbolic_shapes.py:5521 
DEBUG    torch.__trace:symbolic_shapes.py:5521 
DEBUG    torch.__trace:symbolic_shapes.py:5521 
DEBUG    torch.__trace:symbolic_shapes.py:5521 
DEBUG    torch.__trace:symbolic_shapes.py:5521 
DEBUG    torch.__trace:symbolic_shapes.py:5521 
DEBUG    torch.__trace:symbolic_shapes.py:5521 
DEBUG    torch.__trace:symbolic_shapes.py:5521 
DEBUG    torch.__trace:symbolic_shapes.py:5521 
DEBUG    torch.__trace:symbolic_shapes.py:5521 
DEBUG    torch.__trace:symbolic_shapes.py:5521 
DEBUG    torch.__trace:symbolic_shapes.py:5521 
DEBUG    torch.__trace:symbolic_shapes.py:5521 
DEBUG    torch.__trace:symbolic_shapes.py:5521 
DEBUG    torch.__trace:symbolic_shapes.py:5521 
DEBUG    torch.__trace:symbolic_shapes.py:5521 
DEBUG    torch.__trace:symbolic_shapes.py:5521 
DEBUG    torch.__trace:symbolic_shapes.py:5521 
DEBUG    torch.__trace:symbolic_shapes.py:5521 
DEBUG    torch.__trace:symbolic_shapes.py:5521 
DEBUG    torch.__trace:symbolic_shapes.py:5521 
DEBUG    torch.__trace:symbolic_shapes.py:5521 
DEBUG    torch.__trace:symbolic_shapes.py:5521 
DEBUG    torch.__trace:symbolic_shapes.py:5521 
DEBUG    torch.__trace:symbolic_shapes.py:5521 
DEBUG    torch.__trace:symbolic_shapes.py:5521 
DEBUG    torch.__trace:symbolic_shapes.py:5521 
DEBUG    torch.__trace:symbolic_shapes.py:5521 
DEBUG    torch.__trace:symbolic_shapes.py:5521 
DEBUG    torch.__trace:symbolic_shapes.py:5521 
DEBUG    torch.__trace:symbolic_shapes.py:5521 
DEBUG    torch.__trace:symbolic_shapes.py:5521 
DEBUG    torch.__trace:symbolic_shapes.py:5521 
DEBUG    torch.__trace:symbolic_shapes.py:5521 
DEBUG    torch.__trace:symbolic_shapes.py:5521 
DEBUG    torch.__trace:symbolic_shapes.py:5521 
DEBUG    torch.__trace:symbolic_shapes.py:5521 
DEBUG    torch.__trace:symbolic_shapes.py:5521 
DEBUG    torch.__trace:symbolic_shapes.py:5521 
DEBUG    torch.__trace:symbolic_shapes.py:5521 
DEBUG    torch.__trace:symbolic_shapes.py:5521 
DEBUG    torch.__trace:symbolic_shapes.py:5521 
DEBUG    torch.__trace:symbolic_shapes.py:5521 
DEBUG    torch.__trace:symbolic_shapes.py:5521 
DEBUG    torch.__trace:symbolic_shapes.py:5521 
DEBUG    torch.__trace:symbolic_shapes.py:5521 
DEBUG    torch.__trace:symbolic_shapes.py:5521 
DEBUG    torch.__trace:symbolic_shapes.py:5521 
DEBUG    torch.__trace:symbolic_shapes.py:5521 
DEBUG    torch.__trace:symbolic_shapes.py:5521 
DEBUG    torch.__trace:symbolic_shapes.py:5521 
DEBUG    torch.__trace:symbolic_shapes.py:5521 
DEBUG    torch.__trace:utils.py:2363 
DEBUG    torch.__trace:graph_compile.py:1820 
DEBUG    torch.__trace:graph_compile.py:1841 
DEBUG    torch.__trace:graph_compile.py:1891 
DEBUG    torch.__trace:graph_compile.py:1909 
DEBUG    torch.__trace:graph_compile.py:1913 
DEBUG    torch.__trace:codegen.py:200 
DEBUG    torch.__trace:codegen.py:200 
DEBUG    torch.__trace:codegen.py:200 
DEBUG    torch.__trace:codegen.py:200 
DEBUG    torch.__trace:codegen.py:200 
DEBUG    torch.__trace:codegen.py:200 
DEBUG    torch.__trace:utils.py:2363 
DEBUG    torch.__trace:utils.py:2363 
DEBUG    torch.__trace:utils.py:2363 
DEBUG    torch.__trace:utils.py:2363 
DEBUG    torch.__trace:guards.py:4769 
DEBUG    torch.__trace:utils.py:2363 
DEBUG    torch.__trace:utils.py:2363 
DEBUG    torch.__trace:utils.py:2363 
DEBUG    torch.__trace:utils.py:2363 
DEBUG    torch.__trace:utils.py:2363 
DEBUG    torch.__trace:utils.py:2363 
DEBUG    torch.__trace:utils.py:2022 
DEBUG    torch.__trace:utils.py:2363 
DEBUG    torch.__trace:utils.py:2363 
DEBUG    torch.__trace:utils.py:2363 
DEBUG    torch.__trace:guards.py:5625 
DEBUG    torch.__trace:convert_frame.py:304 
DEBUG    torch.__trace:utils.py:2363 
DEBUG    torch.__trace:utils.py:2363 
DEBUG    torch.__trace:meta_utils.py:298 
DEBUG    torch.__trace:meta_utils.py:537 
DEBUG    torch.__trace:meta_utils.py:2385 
DEBUG    torch.__trace:meta_utils.py:298 
DEBUG    torch.__trace:meta_utils.py:537 
DEBUG    torch.__trace:meta_utils.py:2385 
DEBUG    torch.__trace:meta_utils.py:298 
DEBUG    torch.__trace:meta_utils.py:537 
DEBUG    torch.__trace:meta_utils.py:2385 
DEBUG    torch.__trace:meta_utils.py:298 
DEBUG    torch.__trace:meta_utils.py:537 
DEBUG    torch.__trace:meta_utils.py:2385 
DEBUG    torch.__trace:meta_utils.py:298 
DEBUG    torch.__trace:meta_utils.py:537 
DEBUG    torch.__trace:meta_utils.py:2385 
DEBUG    torch.__trace:meta_utils.py:298 
DEBUG    torch.__trace:meta_utils.py:537 
DEBUG    torch.__trace:meta_utils.py:2385 
DEBUG    torch.__trace:meta_utils.py:298 
DEBUG    torch.__trace:meta_utils.py:537 
DEBUG    torch.__trace:meta_utils.py:2385 
DEBUG    torch.__trace:meta_utils.py:298 
DEBUG    torch.__trace:meta_utils.py:537 
DEBUG    torch.__trace:meta_utils.py:2385 
DEBUG    torch.__trace:meta_utils.py:298 
DEBUG    torch.__trace:meta_utils.py:537 
DEBUG    torch.__trace:meta_utils.py:2385 
DEBUG    torch.__trace:symbolic_shapes.py:5971 
DEBUG    torch.__trace:meta_utils.py:298 
DEBUG    torch.__trace:meta_utils.py:537 
DEBUG    torch.__trace:meta_utils.py:2385 
DEBUG    torch.__trace:meta_utils.py:298 
DEBUG    torch.__trace:meta_utils.py:537 
DEBUG    torch.__trace:meta_utils.py:2385 
DEBUG    torch.__trace:meta_utils.py:298 
DEBUG    torch.__trace:meta_utils.py:537 
DEBUG    torch.__trace:meta_utils.py:2385 
DEBUG    torch.__trace:meta_utils.py:298 
DEBUG    torch.__trace:meta_utils.py:537 
DEBUG    torch.__trace:meta_utils.py:2385 
DEBUG    torch.__trace:meta_utils.py:298 
DEBUG    torch.__trace:meta_utils.py:537 
DEBUG    torch.__trace:meta_utils.py:2385 
DEBUG    torch.__trace:meta_utils.py:298 
DEBUG    torch.__trace:meta_utils.py:537 
DEBUG    torch.__trace:meta_utils.py:2385 
DEBUG    torch.__trace:symbolic_shapes.py:5971 
DEBUG    torch.__trace:meta_utils.py:298 
DEBUG    torch.__trace:meta_utils.py:537 
DEBUG    torch.__trace:meta_utils.py:2385 
DEBUG    torch.__trace:symbolic_shapes.py:5971 
DEBUG    torch.__trace:symbolic_shapes.py:8465 
DEBUG    torch.__trace:meta_utils.py:298 
DEBUG    torch.__trace:meta_utils.py:537 
DEBUG    torch.__trace:meta_utils.py:2385 
DEBUG    torch.__trace:meta_utils.py:298 
DEBUG    torch.__trace:meta_utils.py:537 
DEBUG    torch.__trace:meta_utils.py:2385 
DEBUG    torch.__trace:meta_utils.py:298 
DEBUG    torch.__trace:meta_utils.py:537 
DEBUG    torch.__trace:meta_utils.py:2385 
DEBUG    torch.__trace:meta_utils.py:298 
DEBUG    torch.__trace:meta_utils.py:537 
DEBUG    torch.__trace:meta_utils.py:2385 
DEBUG    torch.__trace:meta_utils.py:298 
DEBUG    torch.__trace:meta_utils.py:537 
DEBUG    torch.__trace:meta_utils.py:2385 
DEBUG    torch.__trace:meta_utils.py:298 
DEBUG    torch.__trace:meta_utils.py:537 
DEBUG    torch.__trace:meta_utils.py:2385 
DEBUG    torch.__trace:meta_utils.py:298 
DEBUG    torch.__trace:meta_utils.py:537 
DEBUG    torch.__trace:meta_utils.py:2385 
DEBUG    torch.__trace:meta_utils.py:298 
DEBUG    torch.__trace:meta_utils.py:537 
DEBUG    torch.__trace:meta_utils.py:2385 
DEBUG    torch.__trace:utils.py:2363 
DEBUG    torch.__trace:utils.py:2363 
DEBUG    torch.__trace:utils.py:2363 
DEBUG    torch.__trace:output_graph.py:2942 
DEBUG    torch.__trace:utils.py:2363 
DEBUG    torch.__trace:utils.py:2363 
DEBUG    torch.__trace:utils.py:2363 
DEBUG    torch.__trace:utils.py:2363 
DEBUG    torch.__trace:graph_capture.py:428 
DEBUG    torch.__trace:graph_capture.py:446 
DEBUG    torch.__trace:graph_compile.py:382 
DEBUG    torch.__trace:codegen.py:200 
DEBUG    torch.__trace:utils.py:2363 
DEBUG    torch.__trace:utils.py:2363 
DEBUG    torch.__trace:utils.py:2363 
DEBUG    torch.__trace:utils.py:2363 
DEBUG    torch.__trace:guards.py:4769 
DEBUG    torch.__trace:utils.py:2363 
DEBUG    torch.__trace:utils.py:2363 
DEBUG    torch.__trace:utils.py:2363 
DEBUG    torch.__trace:utils.py:2363 
DEBUG    torch.__trace:utils.py:2363 
DEBUG    torch.__trace:utils.py:2363 
DEBUG    torch.__trace:utils.py:2022 
DEBUG    torch.__trace:utils.py:2363 
DEBUG    torch.__trace:utils.py:2363 
DEBUG    torch.__trace:utils.py:2363 
DEBUG    torch.__trace:guards.py:5625 
DEBUG    torch.__trace:convert_frame.py:304 
DEBUG    torch.__trace:utils.py:2363 
DEBUG    torch.__trace:utils.py:2363 
DEBUG    torch.__trace:meta_utils.py:298 
DEBUG    torch.__trace:meta_utils.py:537 
DEBUG    torch.__trace:meta_utils.py:2385 
DEBUG    torch.__trace:meta_utils.py:298 
DEBUG    torch.__trace:meta_utils.py:537 
DEBUG    torch.__trace:meta_utils.py:2385 
DEBUG    torch.__trace:meta_utils.py:298 
DEBUG    torch.__trace:meta_utils.py:537 
DEBUG    torch.__trace:meta_utils.py:2385 
DEBUG    torch.__trace:meta_utils.py:298 
DEBUG    torch.__trace:meta_utils.py:537 
DEBUG    torch.__trace:meta_utils.py:2385 
DEBUG    torch.__trace:meta_utils.py:298 
DEBUG    torch.__trace:meta_utils.py:537 
DEBUG    torch.__trace:meta_utils.py:2385 
DEBUG    torch.__trace:meta_utils.py:298 
DEBUG    torch.__trace:meta_utils.py:537 
DEBUG    torch.__trace:meta_utils.py:2385 
DEBUG    torch.__trace:meta_utils.py:298 
DEBUG    torch.__trace:meta_utils.py:537 
DEBUG    torch.__trace:meta_utils.py:2385 
DEBUG    torch.__trace:meta_utils.py:298 
DEBUG    torch.__trace:meta_utils.py:537 
DEBUG    torch.__trace:meta_utils.py:2385 
DEBUG    torch.__trace:meta_utils.py:298 
DEBUG    torch.__trace:meta_utils.py:537 
DEBUG    torch.__trace:meta_utils.py:2385 
DEBUG    torch.__trace:symbolic_shapes.py:5971 
DEBUG    torch.__trace:meta_utils.py:298 
DEBUG    torch.__trace:meta_utils.py:537 
DEBUG    torch.__trace:meta_utils.py:2385 
DEBUG    torch.__trace:meta_utils.py:298 
DEBUG    torch.__trace:meta_utils.py:537 
DEBUG    torch.__trace:meta_utils.py:2385 
DEBUG    torch.__trace:meta_utils.py:298 
DEBUG    torch.__trace:meta_utils.py:537 
DEBUG    torch.__trace:meta_utils.py:2385 
DEBUG    torch.__trace:meta_utils.py:298 
DEBUG    torch.__trace:meta_utils.py:537 
DEBUG    torch.__trace:meta_utils.py:2385 
DEBUG    torch.__trace:meta_utils.py:298 
DEBUG    torch.__trace:meta_utils.py:537 
DEBUG    torch.__trace:meta_utils.py:2385 
DEBUG    torch.__trace:meta_utils.py:298 
DEBUG    torch.__trace:meta_utils.py:537 
DEBUG    torch.__trace:meta_utils.py:2385 
DEBUG    torch.__trace:symbolic_shapes.py:5971 
DEBUG    torch.__trace:meta_utils.py:298 
DEBUG    torch.__trace:meta_utils.py:537 
DEBUG    torch.__trace:meta_utils.py:2385 
DEBUG    torch.__trace:symbolic_shapes.py:5971 
DEBUG    torch.__trace:symbolic_shapes.py:8465 
DEBUG    torch.__trace:meta_utils.py:298 
DEBUG    torch.__trace:meta_utils.py:537 
DEBUG    torch.__trace:meta_utils.py:2385 
DEBUG    torch.__trace:meta_utils.py:298 
DEBUG    torch.__trace:meta_utils.py:537 
DEBUG    torch.__trace:meta_utils.py:2385 
DEBUG    torch.__trace:meta_utils.py:298 
DEBUG    torch.__trace:meta_utils.py:537 
DEBUG    torch.__trace:meta_utils.py:2385 
DEBUG    torch.__trace:meta_utils.py:298 
DEBUG    torch.__trace:meta_utils.py:537 
DEBUG    torch.__trace:meta_utils.py:2385 
DEBUG    torch.__trace:meta_utils.py:298 
DEBUG    torch.__trace:meta_utils.py:537 
DEBUG    torch.__trace:meta_utils.py:2385 
DEBUG    torch.__trace:meta_utils.py:298 
DEBUG    torch.__trace:meta_utils.py:537 
DEBUG    torch.__trace:meta_utils.py:2385 
DEBUG    torch.__trace:meta_utils.py:298 
DEBUG    torch.__trace:meta_utils.py:537 
DEBUG    torch.__trace:meta_utils.py:2385 
DEBUG    torch.__trace:meta_utils.py:298 
DEBUG    torch.__trace:meta_utils.py:537 
DEBUG    torch.__trace:meta_utils.py:2385 
DEBUG    torch.__trace:meta_utils.py:298 
DEBUG    torch.__trace:meta_utils.py:537 
DEBUG    torch.__trace:meta_utils.py:2385 
DEBUG    torch.__trace:utils.py:2363 
DEBUG    torch.__trace:utils.py:2363 
DEBUG    torch.__trace:utils.py:2363 
DEBUG    torch.__trace:output_graph.py:2942 
DEBUG    torch.__trace:utils.py:2363 
DEBUG    torch.__trace:utils.py:2363 
DEBUG    torch.__trace:utils.py:2363 
DEBUG    torch.__trace:utils.py:2363 
DEBUG    torch.__trace:graph_capture.py:428 
DEBUG    torch.__trace:graph_capture.py:446 
DEBUG    torch.__trace:graph_compile.py:382 
DEBUG    torch.__trace:codegen.py:200 
DEBUG    torch.__trace:utils.py:2363 
DEBUG    torch.__trace:utils.py:2363 
DEBUG    torch.__trace:utils.py:2363 
DEBUG    torch.__trace:utils.py:2363 
DEBUG    torch.__trace:guards.py:4769 
DEBUG    torch.__trace:utils.py:2363 
DEBUG    torch.__trace:utils.py:2363 
DEBUG    torch.__trace:utils.py:2363 
DEBUG    torch.__trace:utils.py:2363 
DEBUG    torch.__trace:utils.py:2363 
DEBUG    torch.__trace:utils.py:2363 
DEBUG    torch.__trace:utils.py:2022 
DEBUG    torch.__trace:utils.py:2363 
DEBUG    torch.__trace:utils.py:2363 
DEBUG    torch.__trace:utils.py:2363 
DEBUG    torch.__trace:convert_frame.py:304 
DEBUG    torch.__trace:utils.py:2363 
DEBUG    torch.__trace:utils.py:2363 
DEBUG    torch.__trace:meta_utils.py:298 
DEBUG    torch.__trace:meta_utils.py:537 
DEBUG    torch.__trace:meta_utils.py:2385 
DEBUG    torch.__trace:structured.py:28 
DEBUG    torch.__trace:symbolic_shapes.py:5971 
DEBUG    torch.__trace:meta_utils.py:298 
DEBUG    torch.__trace:meta_utils.py:537 
DEBUG    torch.__trace:meta_utils.py:2385 
DEBUG    torch.__trace:meta_utils.py:298 
DEBUG    torch.__trace:meta_utils.py:537 
DEBUG    torch.__trace:meta_utils.py:2385 
DEBUG    torch.__trace:meta_utils.py:298 
DEBUG    torch.__trace:meta_utils.py:537 
DEBUG    torch.__trace:meta_utils.py:2385 
DEBUG    torch.__trace:meta_utils.py:298 
DEBUG    torch.__trace:meta_utils.py:537 
DEBUG    torch.__trace:meta_utils.py:2385 
DEBUG    torch.__trace:meta_utils.py:298 
DEBUG    torch.__trace:meta_utils.py:537 
DEBUG    torch.__trace:meta_utils.py:2385 
DEBUG    torch.__trace:meta_utils.py:298 
DEBUG    torch.__trace:meta_utils.py:537 
DEBUG    torch.__trace:meta_utils.py:2385 
DEBUG    torch.__trace:symbolic_shapes.py:5971 
DEBUG    torch.__trace:meta_utils.py:298 
DEBUG    torch.__trace:meta_utils.py:537 
DEBUG    torch.__trace:meta_utils.py:2385 
DEBUG    torch.__trace:meta_utils.py:298 
DEBUG    torch.__trace:meta_utils.py:537 
DEBUG    torch.__trace:meta_utils.py:2385 
DEBUG    torch.__trace:meta_utils.py:298 
DEBUG    torch.__trace:meta_utils.py:537 
DEBUG    torch.__trace:meta_utils.py:2385 
DEBUG    torch.__trace:meta_utils.py:298 
DEBUG    torch.__trace:meta_utils.py:537 
DEBUG    torch.__trace:meta_utils.py:2385 
DEBUG    torch.__trace:meta_utils.py:298 
DEBUG    torch.__trace:meta_utils.py:537 
DEBUG    torch.__trace:meta_utils.py:2385 
DEBUG    torch.__trace:meta_utils.py:298 
DEBUG    torch.__trace:meta_utils.py:537 
DEBUG    torch.__trace:meta_utils.py:2385 
DEBUG    torch.__trace:meta_utils.py:298 
DEBUG    torch.__trace:meta_utils.py:537 
DEBUG    torch.__trace:meta_utils.py:2385 
DEBUG    torch.__trace:meta_utils.py:298 
DEBUG    torch.__trace:meta_utils.py:537 
DEBUG    torch.__trace:meta_utils.py:2385 
DEBUG    torch.__trace:meta_utils.py:298 
DEBUG    torch.__trace:meta_utils.py:537 
DEBUG    torch.__trace:meta_utils.py:2385 
DEBUG    torch.__trace:meta_utils.py:298 
DEBUG    torch.__trace:meta_utils.py:537 
DEBUG    torch.__trace:meta_utils.py:2385 
DEBUG    torch.__trace:meta_utils.py:298 
DEBUG    torch.__trace:meta_utils.py:537 
DEBUG    torch.__trace:meta_utils.py:2385 
DEBUG    torch.__trace:meta_utils.py:298 
DEBUG    torch.__trace:meta_utils.py:537 
DEBUG    torch.__trace:meta_utils.py:2385 
DEBUG    torch.__trace:meta_utils.py:298 
DEBUG    torch.__trace:meta_utils.py:537 
DEBUG    torch.__trace:meta_utils.py:2385 
DEBUG    torch.__trace:utils.py:2363 
DEBUG    torch.__trace:utils.py:2363 
DEBUG    torch.__trace:utils.py:2363 
DEBUG    torch.__trace:output_graph.py:2942 
DEBUG    torch.__trace:utils.py:2363 
DEBUG    torch.__trace:utils.py:2363 
DEBUG    torch.__trace:utils.py:2363 
DEBUG    torch.__trace:utils.py:2363 
DEBUG    torch.__trace:guards.py:4769 
DEBUG    torch.__trace:utils.py:2363 
DEBUG    torch.__trace:utils.py:2363 
DEBUG    torch.__trace:utils.py:2363 
DEBUG    torch.__trace:utils.py:2363 
DEBUG    torch.__trace:utils.py:2022 
DEBUG    torch.__trace:utils.py:2363 
DEBUG    torch.__trace:utils.py:2363 
DEBUG    torch.__trace:utils.py:2363 
DEBUG    torch.__trace:guards.py:5625 
DEBUG    torch.__trace:convert_frame.py:304 
DEBUG    torch.__trace:utils.py:2363 
DEBUG    torch.__trace:utils.py:2363 
DEBUG    torch.__trace:meta_utils.py:298 
DEBUG    torch.__trace:meta_utils.py:537 
DEBUG    torch.__trace:meta_utils.py:2385 
DEBUG    torch.__trace:symbolic_shapes.py:5971 
DEBUG    torch.__trace:utils.py:2402 
DEBUG    torch.__trace:utils.py:2402 
DEBUG    torch.__trace:meta_utils.py:298 
DEBUG    torch.__trace:meta_utils.py:537 
DEBUG    torch.__trace:meta_utils.py:2385 
DEBUG    torch.__trace:symbolic_shapes.py:5971 
DEBUG    torch.__trace:symbolic_shapes.py:5971 
DEBUG    torch.__trace:symbolic_shapes.py:5971 
DEBUG    torch.__trace:utils.py:2402 
DEBUG    torch.__trace:utils.py:2402 
DEBUG    torch.__trace:meta_utils.py:298 
DEBUG    torch.__trace:meta_utils.py:537 
DEBUG    torch.__trace:meta_utils.py:2385 
DEBUG    torch.__trace:symbolic_shapes.py:5971 
DEBUG    torch.__trace:utils.py:2402 
DEBUG    torch.__trace:meta_utils.py:298 
DEBUG    torch.__trace:meta_utils.py:537 
DEBUG    torch.__trace:meta_utils.py:2385 
DEBUG    torch.__trace:utils.py:2402 
DEBUG    torch.__trace:structured.py:28 
DEBUG    torch.__trace:symbolic_shapes.py:5971 
DEBUG    torch.__trace:symbolic_shapes.py:8465 
DEBUG    torch.__trace:symbolic_shapes.py:8056 
DEBUG    torch.__trace:utils.py:2402 
DEBUG    torch.__trace:symbolic_shapes.py:5971 
DEBUG    torch.__trace:symbolic_shapes.py:8465 
DEBUG    torch.__trace:utils.py:2402 
DEBUG    torch.__trace:structured.py:28 
DEBUG    torch.__trace:structured.py:28 
DEBUG    torch.__trace:structured.py:28 
DEBUG    torch.__trace:symbolic_shapes.py:5971 
DEBUG    torch.__trace:symbolic_shapes.py:8465 
DEBUG    torch.__trace:symbolic_shapes.py:8056 
DEBUG    torch.__trace:utils.py:2402 
DEBUG    torch.__trace:symbolic_shapes.py:5971 
DEBUG    torch.__trace:symbolic_shapes.py:8465 
DEBUG    torch.__trace:meta_utils.py:298 
DEBUG    torch.__trace:meta_utils.py:537 
DEBUG    torch.__trace:meta_utils.py:2385 
DEBUG    torch.__trace:symbolic_shapes.py:5971 
DEBUG    torch.__trace:utils.py:2402 
DEBUG    torch.__trace:symbolic_shapes.py:5971 
DEBUG    torch.__trace:symbolic_shapes.py:8465 
DEBUG    torch.__trace:symbolic_shapes.py:8056 
DEBUG    torch.__trace:utils.py:2402 
DEBUG    torch.__trace:symbolic_shapes.py:5971 
DEBUG    torch.__trace:symbolic_shapes.py:8465 
DEBUG    torch.__trace:utils.py:2402 
DEBUG    torch.__trace:symbolic_shapes.py:5971 
DEBUG    torch.__trace:symbolic_shapes.py:8465 
DEBUG    torch.__trace:symbolic_shapes.py:8056 
DEBUG    torch.__trace:utils.py:2402 
DEBUG    torch.__trace:symbolic_shapes.py:5971 
DEBUG    torch.__trace:symbolic_shapes.py:8465 
DEBUG    torch.__trace:utils.py:2402 
DEBUG    torch.__trace:utils.py:2402 
DEBUG    torch.__trace:meta_utils.py:298 
DEBUG    torch.__trace:meta_utils.py:537 
DEBUG    torch.__trace:meta_utils.py:2385 
DEBUG    torch.__trace:symbolic_shapes.py:5971 
DEBUG    torch.__trace:symbolic_shapes.py:5971 
DEBUG    torch.__trace:utils.py:2402 
DEBUG    torch.__trace:meta_utils.py:298 
DEBUG    torch.__trace:meta_utils.py:537 
DEBUG    torch.__trace:meta_utils.py:2385 
DEBUG    torch.__trace:symbolic_shapes.py:5971 
DEBUG    torch.__trace:symbolic_shapes.py:5971 
DEBUG    torch.__trace:structured.py:28 
DEBUG    torch.__trace:structured.py:28 
DEBUG    torch.__trace:symbolic_shapes.py:8465 
DEBUG    torch.__trace:symbolic_shapes.py:8465 
DEBUG    torch.__trace:utils.py:2402 
DEBUG    torch.__trace:meta_utils.py:298 
DEBUG    torch.__trace:meta_utils.py:537 
DEBUG    torch.__trace:meta_utils.py:537 
DEBUG    torch.__trace:meta_utils.py:2385 
DEBUG    torch.__trace:symbolic_shapes.py:5971 
DEBUG    torch.__trace:symbolic_shapes.py:8465 
DEBUG    torch.__trace:symbolic_shapes.py:8465 
DEBUG    torch.__trace:utils.py:2402 
DEBUG    torch.__trace:utils.py:2402 
DEBUG    torch.__trace:meta_utils.py:298 
DEBUG    torch.__trace:meta_utils.py:537 
DEBUG    torch.__trace:meta_utils.py:2385 
DEBUG    torch.__trace:symbolic_shapes.py:5971 
DEBUG    torch.__trace:symbolic_shapes.py:8465 
DEBUG    torch.__trace:utils.py:2402 
DEBUG    torch.__trace:meta_utils.py:298 
DEBUG    torch.__trace:meta_utils.py:537 
DEBUG    torch.__trace:meta_utils.py:2385 
DEBUG    torch.__trace:symbolic_shapes.py:5971 
DEBUG    torch.__trace:symbolic_shapes.py:5971 
DEBUG    torch.__trace:utils.py:2402 
DEBUG    torch.__trace:structured.py:28 
DEBUG    torch.__trace:symbolic_shapes.py:5971 
DEBUG    torch.__trace:symbolic_shapes.py:8465 
DEBUG    torch.__trace:symbolic_shapes.py:8465 
DEBUG    torch.__trace:structured.py:28 
DEBUG    torch.__trace:symbolic_shapes.py:8465 
DEBUG    torch.__trace:symbolic_shapes.py:8465 
DEBUG    torch.__trace:symbolic_shapes.py:8465 
DEBUG    torch.__trace:symbolic_shapes.py:8465 
DEBUG    torch.__trace:symbolic_shapes.py:8465 
DEBUG    torch.__trace:symbolic_shapes.py:8465 
DEBUG    torch.__trace:symbolic_shapes.py:8465 
DEBUG    torch.__trace:symbolic_shapes.py:8465 
DEBUG    torch.__trace:symbolic_shapes.py:8465 
DEBUG    torch.__trace:symbolic_shapes.py:8465 
DEBUG    torch.__trace:structured.py:28 
DEBUG    torch.__trace:symbolic_shapes.py:8465 
DEBUG    torch.__trace:symbolic_shapes.py:8465 
DEBUG    torch.__trace:symbolic_shapes.py:8465 
DEBUG    torch.__trace:symbolic_shapes.py:8465 
DEBUG    torch.__trace:meta_utils.py:298 
DEBUG    torch.__trace:meta_utils.py:537 
DEBUG    torch.__trace:meta_utils.py:2385 
DEBUG    torch.__trace:symbolic_shapes.py:8465 
DEBUG    torch.__trace:symbolic_shapes.py:8056 
DEBUG    torch.__trace:symbolic_shapes.py:8056 
DEBUG    torch.__trace:utils.py:2402 
DEBUG    torch.__trace:utils.py:2402 
DEBUG    torch.__trace:meta_utils.py:298 
DEBUG    torch.__trace:meta_utils.py:537 
DEBUG    torch.__trace:meta_utils.py:2385 
DEBUG    torch.__trace:symbolic_shapes.py:5971 
DEBUG    torch.__trace:symbolic_shapes.py:5971 
DEBUG    torch.__trace:symbolic_shapes.py:5971 
DEBUG    torch.__trace:symbolic_shapes.py:8465 
DEBUG    torch.__trace:symbolic_shapes.py:8056 
DEBUG    torch.__trace:symbolic_shapes.py:8465 
DEBUG    torch.__trace:symbolic_shapes.py:8465 
DEBUG    torch.__trace:symbolic_shapes.py:8056 
DEBUG    torch.__trace:utils.py:2402 
DEBUG    torch.__trace:utils.py:2402 
DEBUG    torch.__trace:meta_utils.py:298 
DEBUG    torch.__trace:meta_utils.py:537 
DEBUG    torch.__trace:meta_utils.py:2385 
DEBUG    torch.__trace:symbolic_shapes.py:5971 
DEBUG    torch.__trace:symbolic_shapes.py:8465 
DEBUG    torch.__trace:symbolic_shapes.py:8056 
DEBUG    torch.__trace:utils.py:2402 
DEBUG    torch.__trace:utils.py:2402 
DEBUG    torch.__trace:symbolic_shapes.py:5971 
DEBUG    torch.__trace:utils.py:2402 
DEBUG    torch.__trace:utils.py:2402 
DEBUG    torch.__trace:symbolic_shapes.py:5971 
DEBUG    torch.__trace:meta_utils.py:298 
DEBUG    torch.__trace:meta_utils.py:537 
DEBUG    torch.__trace:meta_utils.py:2385 
DEBUG    torch.__trace:utils.py:2402 
DEBUG    torch.__trace:symbolic_shapes.py:5971 
DEBUG    torch.__trace:symbolic_shapes.py:8465 
DEBUG    torch.__trace:symbolic_shapes.py:8465 
DEBUG    torch.__trace:symbolic_shapes.py:8465 
DEBUG    torch.__trace:symbolic_shapes.py:8465 
DEBUG    torch.__trace:symbolic_shapes.py:8465 
DEBUG    torch.__trace:symbolic_shapes.py:8465 
DEBUG    torch.__trace:symbolic_shapes.py:8465 
DEBUG    torch.__trace:symbolic_shapes.py:8465 
DEBUG    torch.__trace:symbolic_shapes.py:8465 
DEBUG    torch.__trace:symbolic_shapes.py:8056 
DEBUG    torch.__trace:meta_utils.py:298 
DEBUG    torch.__trace:meta_utils.py:537 
DEBUG    torch.__trace:meta_utils.py:2385 
DEBUG    torch.__trace:symbolic_shapes.py:8465 
DEBUG    torch.__trace:meta_utils.py:298 
DEBUG    torch.__trace:meta_utils.py:537 
DEBUG    torch.__trace:meta_utils.py:2385 
DEBUG    torch.__trace:meta_utils.py:298 
DEBUG    torch.__trace:meta_utils.py:537 
DEBUG    torch.__trace:meta_utils.py:2385 
DEBUG    torch.__trace:meta_utils.py:298 
DEBUG    torch.__trace:meta_utils.py:537 
DEBUG    torch.__trace:meta_utils.py:2385 
DEBUG    torch.__trace:meta_utils.py:298 
DEBUG    torch.__trace:meta_utils.py:537 
DEBUG    torch.__trace:meta_utils.py:2385 
DEBUG    torch.__trace:meta_utils.py:298 
DEBUG    torch.__trace:meta_utils.py:537 
DEBUG    torch.__trace:meta_utils.py:2385 
DEBUG    torch.__trace:meta_utils.py:298 
DEBUG    torch.__trace:meta_utils.py:537 
DEBUG    torch.__trace:meta_utils.py:2385 
DEBUG    torch.__trace:structured.py:28 
DEBUG    torch.__trace:structured.py:28 
DEBUG    torch.__trace:structured.py:28 
DEBUG    torch.__trace:symbolic_shapes.py:8465 
DEBUG    torch.__trace:symbolic_shapes.py:8056 
DEBUG    torch.__trace:meta_utils.py:298 
DEBUG    torch.__trace:meta_utils.py:537 
DEBUG    torch.__trace:meta_utils.py:2385 
DEBUG    torch.__trace:symbolic_shapes.py:8465 
DEBUG    torch.__trace:symbolic_shapes.py:8465 
DEBUG    torch.__trace:symbolic_shapes.py:8465 
DEBUG    torch.__trace:symbolic_shapes.py:8465 
DEBUG    torch.__trace:symbolic_shapes.py:8465 
DEBUG    torch.__trace:symbolic_shapes.py:8465 
DEBUG    torch.__trace:symbolic_shapes.py:8465 
DEBUG    torch.__trace:symbolic_shapes.py:8465 
DEBUG    torch.__trace:symbolic_shapes.py:8465 
DEBUG    torch.__trace:symbolic_shapes.py:8465 
DEBUG    torch.__trace:symbolic_shapes.py:8465 
DEBUG    torch.__trace:meta_utils.py:298 
DEBUG    torch.__trace:meta_utils.py:537 
DEBUG    torch.__trace:meta_utils.py:2385 
DEBUG    torch.__trace:meta_utils.py:298 
DEBUG    torch.__trace:meta_utils.py:537 
DEBUG    torch.__trace:meta_utils.py:2385 
DEBUG    torch.__trace:symbolic_shapes.py:8465 
DEBUG    torch.__trace:meta_utils.py:298 
DEBUG    torch.__trace:meta_utils.py:537 
DEBUG    torch.__trace:meta_utils.py:537 
DEBUG    torch.__trace:meta_utils.py:2385 
DEBUG    torch.__trace:symbolic_shapes.py:8465 
DEBUG    torch.__trace:symbolic_shapes.py:8056 
DEBUG    torch.__trace:symbolic_shapes.py:8465 
DEBUG    torch.__trace:symbolic_shapes.py:8465 
DEBUG    torch.__trace:symbolic_shapes.py:8056 
DEBUG    torch.__trace:symbolic_shapes.py:8465 
DEBUG    torch.__trace:symbolic_shapes.py:8056 
DEBUG    torch.__trace:structured.py:28 
DEBUG    torch.__trace:structured.py:28 
DEBUG    torch.__trace:symbolic_shapes.py:8056 
DEBUG    torch.__trace:symbolic_shapes.py:8465 
DEBUG    torch.__trace:symbolic_shapes.py:8056 
DEBUG    torch.__trace:symbolic_shapes.py:8465 
DEBUG    torch.__trace:symbolic_shapes.py:8465 
DEBUG    torch.__trace:utils.py:2363 
DEBUG    torch.__trace:utils.py:2363 
DEBUG    torch.__trace:utils.py:2363 
DEBUG    torch.__trace:output_graph.py:2942 
DEBUG    torch.__trace:utils.py:2363 
DEBUG    torch.__trace:utils.py:2363 
DEBUG    torch.__trace:utils.py:2363 
DEBUG    torch.__trace:utils.py:2363 
DEBUG    torch.__trace:guards.py:4769 
DEBUG    torch.__trace:utils.py:2363 
DEBUG    torch.__trace:utils.py:2363 
DEBUG    torch.__trace:utils.py:2363 
DEBUG    torch.__trace:utils.py:2363 
DEBUG    torch.__trace:utils.py:2363 
DEBUG    torch.__trace:utils.py:2363 
DEBUG    torch.__trace:utils.py:2022 
DEBUG    torch.__trace:utils.py:2363 
DEBUG    torch.__trace:utils.py:2363 
DEBUG    torch.__trace:utils.py:2363 
DEBUG    torch.__trace:guards.py:5625 
DEBUG    torch.__trace:convert_frame.py:304 
DEBUG    torch.__trace:utils.py:2363 
DEBUG    torch.__trace:utils.py:2363 
DEBUG    torch.__trace:meta_utils.py:298 
DEBUG    torch.__trace:meta_utils.py:537 
DEBUG    torch.__trace:meta_utils.py:2385 
DEBUG    torch.__trace:symbolic_shapes.py:5971 
DEBUG    torch.__trace:meta_utils.py:298 
DEBUG    torch.__trace:meta_utils.py:537 
DEBUG    torch.__trace:meta_utils.py:2385 
DEBUG    torch.__trace:symbolic_shapes.py:5971 
DEBUG    torch.__trace:symbolic_shapes.py:5971 
DEBUG    torch.__trace:symbolic_shapes.py:5971 
DEBUG    torch.__trace:meta_utils.py:298 
DEBUG    torch.__trace:meta_utils.py:537 
DEBUG    torch.__trace:meta_utils.py:2385 
DEBUG    torch.__trace:symbolic_shapes.py:5971 
DEBUG    torch.__trace:meta_utils.py:298 
DEBUG    torch.__trace:meta_utils.py:537 
DEBUG    torch.__trace:meta_utils.py:2385 
DEBUG    torch.__trace:utils.py:2402 
DEBUG    torch.__trace:meta_utils.py:298 
DEBUG    torch.__trace:meta_utils.py:537 
DEBUG    torch.__trace:meta_utils.py:2385 
DEBUG    torch.__trace:utils.py:2402 
DEBUG    torch.__trace:utils.py:2402 
DEBUG    torch.__trace:meta_utils.py:298 
DEBUG    torch.__trace:meta_utils.py:537 
DEBUG    torch.__trace:meta_utils.py:2385 
DEBUG    torch.__trace:symbolic_shapes.py:5971 
DEBUG    torch.__trace:meta_utils.py:298 
DEBUG    torch.__trace:meta_utils.py:537 
DEBUG    torch.__trace:meta_utils.py:2385 
DEBUG    torch.__trace:meta_utils.py:298 
DEBUG    torch.__trace:meta_utils.py:537 
DEBUG    torch.__trace:meta_utils.py:2385 
DEBUG    torch.__trace:symbolic_shapes.py:5971 
DEBUG    torch.__trace:symbolic_shapes.py:8465 
DEBUG    torch.__trace:symbolic_shapes.py:8056 
DEBUG    torch.__trace:symbolic_shapes.py:5971 
DEBUG    torch.__trace:symbolic_shapes.py:8465 
DEBUG    torch.__trace:symbolic_shapes.py:5971 
DEBUG    torch.__trace:symbolic_shapes.py:8465 
DEBUG    torch.__trace:symbolic_shapes.py:8056 
DEBUG    torch.__trace:symbolic_shapes.py:5971 
DEBUG    torch.__trace:symbolic_shapes.py:8465 
DEBUG    torch.__trace:meta_utils.py:298 
DEBUG    torch.__trace:meta_utils.py:537 
DEBUG    torch.__trace:meta_utils.py:2385 
DEBUG    torch.__trace:symbolic_shapes.py:5971 
DEBUG    torch.__trace:symbolic_shapes.py:5971 
DEBUG    torch.__trace:symbolic_shapes.py:8465 
DEBUG    torch.__trace:symbolic_shapes.py:8056 
DEBUG    torch.__trace:symbolic_shapes.py:5971 
DEBUG    torch.__trace:symbolic_shapes.py:8465 
DEBUG    torch.__trace:symbolic_shapes.py:5971 
DEBUG    torch.__trace:symbolic_shapes.py:8465 
DEBUG    torch.__trace:symbolic_shapes.py:8056 
DEBUG    torch.__trace:symbolic_shapes.py:5971 
DEBUG    torch.__trace:symbolic_shapes.py:8465 
DEBUG    torch.__trace:meta_utils.py:298 
DEBUG    torch.__trace:meta_utils.py:537 
DEBUG    torch.__trace:meta_utils.py:2385 
DEBUG    torch.__trace:meta_utils.py:298 
DEBUG    torch.__trace:meta_utils.py:537 
DEBUG    torch.__trace:meta_utils.py:2385 
DEBUG    torch.__trace:meta_utils.py:298 
DEBUG    torch.__trace:meta_utils.py:537 
DEBUG    torch.__trace:meta_utils.py:2385 
DEBUG    torch.__trace:symbolic_shapes.py:5971 
DEBUG    torch.__trace:symbolic_shapes.py:5971 
DEBUG    torch.__trace:symbolic_shapes.py:8465 
DEBUG    torch.__trace:utils.py:2402 
DEBUG    torch.__trace:meta_utils.py:298 
DEBUG    torch.__trace:meta_utils.py:537 
DEBUG    torch.__trace:meta_utils.py:2385 
DEBUG    torch.__trace:symbolic_shapes.py:5971 
DEBUG    torch.__trace:symbolic_shapes.py:5971 
DEBUG    torch.__trace:symbolic_shapes.py:8465 
DEBUG    torch.__trace:meta_utils.py:298 
DEBUG    torch.__trace:meta_utils.py:537 
DEBUG    torch.__trace:meta_utils.py:2385 
DEBUG    torch.__trace:symbolic_shapes.py:5971 
DEBUG    torch.__trace:symbolic_shapes.py:5971 
DEBUG    torch.__trace:symbolic_shapes.py:8465 
DEBUG    torch.__trace:symbolic_shapes.py:8465 
DEBUG    torch.__trace:symbolic_shapes.py:8465 
DEBUG    torch.__trace:symbolic_shapes.py:8465 
DEBUG    torch.__trace:symbolic_shapes.py:8465 
DEBUG    torch.__trace:symbolic_shapes.py:8465 
DEBUG    torch.__trace:symbolic_shapes.py:8465 
DEBUG    torch.__trace:symbolic_shapes.py:8465 
DEBUG    torch.__trace:symbolic_shapes.py:8465 
DEBUG    torch.__trace:symbolic_shapes.py:8465 
DEBUG    torch.__trace:symbolic_shapes.py:8465 
DEBUG    torch.__trace:symbolic_shapes.py:8465 
DEBUG    torch.__trace:symbolic_shapes.py:8465 
DEBUG    torch.__trace:symbolic_shapes.py:8465 
DEBUG    torch.__trace:symbolic_shapes.py:8465 
DEBUG    torch.__trace:symbolic_shapes.py:8465 
DEBUG    torch.__trace:symbolic_shapes.py:8465 
DEBUG    torch.__trace:symbolic_shapes.py:8465 
DEBUG    torch.__trace:symbolic_shapes.py:8465 
DEBUG    torch.__trace:symbolic_shapes.py:8465 
DEBUG    torch.__trace:symbolic_shapes.py:8465 
DEBUG    torch.__trace:symbolic_shapes.py:8465 
DEBUG    torch.__trace:symbolic_shapes.py:8465 
DEBUG    torch.__trace:meta_utils.py:298 
DEBUG    torch.__trace:meta_utils.py:537 
DEBUG    torch.__trace:meta_utils.py:2385 
DEBUG    torch.__trace:symbolic_shapes.py:8465 
DEBUG    torch.__trace:symbolic_shapes.py:8465 
DEBUG    torch.__trace:symbolic_shapes.py:8465 
DEBUG    torch.__trace:symbolic_shapes.py:8056 
DEBUG    torch.__trace:symbolic_shapes.py:8465 
DEBUG    torch.__trace:symbolic_shapes.py:8056 
DEBUG    torch.__trace:meta_utils.py:298 
DEBUG    torch.__trace:meta_utils.py:537 
DEBUG    torch.__trace:meta_utils.py:2385 
DEBUG    torch.__trace:meta_utils.py:298 
DEBUG    torch.__trace:meta_utils.py:537 
DEBUG    torch.__trace:meta_utils.py:2385 
DEBUG    torch.__trace:meta_utils.py:298 
DEBUG    torch.__trace:meta_utils.py:537 
DEBUG    torch.__trace:meta_utils.py:2385 
DEBUG    torch.__trace:meta_utils.py:298 
DEBUG    torch.__trace:meta_utils.py:537 
DEBUG    torch.__trace:meta_utils.py:2385 
DEBUG    torch.__trace:meta_utils.py:298 
DEBUG    torch.__trace:meta_utils.py:537 
DEBUG    torch.__trace:meta_utils.py:2385 
DEBUG    torch.__trace:meta_utils.py:298 
DEBUG    torch.__trace:meta_utils.py:537 
DEBUG    torch.__trace:meta_utils.py:2385 
DEBUG    torch.__trace:symbolic_shapes.py:5971 
DEBUG    torch.__trace:symbolic_shapes.py:5971 
DEBUG    torch.__trace:symbolic_shapes.py:8465 
DEBUG    torch.__trace:symbolic_shapes.py:8056 
DEBUG    torch.__trace:meta_utils.py:298 
DEBUG    torch.__trace:meta_utils.py:537 
DEBUG    torch.__trace:meta_utils.py:2385 
DEBUG    torch.__trace:symbolic_shapes.py:8465 
DEBUG    torch.__trace:symbolic_shapes.py:8056 
DEBUG    torch.__trace:symbolic_shapes.py:8465 
DEBUG    torch.__trace:symbolic_shapes.py:8056 
DEBUG    torch.__trace:meta_utils.py:298 
DEBUG    torch.__trace:meta_utils.py:537 
DEBUG    torch.__trace:meta_utils.py:2385 
DEBUG    torch.__trace:symbolic_shapes.py:8465 
DEBUG    torch.__trace:symbolic_shapes.py:8465 
DEBUG    torch.__trace:symbolic_shapes.py:8465 
DEBUG    torch.__trace:symbolic_shapes.py:8465 
DEBUG    torch.__trace:symbolic_shapes.py:8465 
DEBUG    torch.__trace:symbolic_shapes.py:8465 
DEBUG    torch.__trace:symbolic_shapes.py:8465 
DEBUG    torch.__trace:meta_utils.py:298 
DEBUG    torch.__trace:meta_utils.py:537 
DEBUG    torch.__trace:meta_utils.py:2385 
DEBUG    torch.__trace:meta_utils.py:298 
DEBUG    torch.__trace:meta_utils.py:537 
DEBUG    torch.__trace:meta_utils.py:2385 
DEBUG    torch.__trace:meta_utils.py:298 
DEBUG    torch.__trace:meta_utils.py:537 
DEBUG    torch.__trace:meta_utils.py:2385 
DEBUG    torch.__trace:meta_utils.py:298 
DEBUG    torch.__trace:meta_utils.py:537 
DEBUG    torch.__trace:meta_utils.py:2385 
DEBUG    torch.__trace:symbolic_shapes.py:5971 
DEBUG    torch.__trace:symbolic_shapes.py:5971 
DEBUG    torch.__trace:symbolic_shapes.py:5971 
DEBUG    torch.__trace:symbolic_shapes.py:8465 
DEBUG    torch.__trace:symbolic_shapes.py:8056 
DEBUG    torch.__trace:symbolic_shapes.py:8465 
DEBUG    torch.__trace:symbolic_shapes.py:8056 
DEBUG    torch.__trace:meta_utils.py:298 
DEBUG    torch.__trace:meta_utils.py:537 
DEBUG    torch.__trace:meta_utils.py:2385 
DEBUG    torch.__trace:symbolic_shapes.py:5971 
DEBUG    torch.__trace:symbolic_shapes.py:5971 
DEBUG    torch.__trace:symbolic_shapes.py:5971 
DEBUG    torch.__trace:utils.py:2402 
DEBUG    torch.__trace:utils.py:2402 
DEBUG    torch.__trace:meta_utils.py:298 
DEBUG    torch.__trace:meta_utils.py:537 
DEBUG    torch.__trace:meta_utils.py:2385 
DEBUG    torch.__trace:symbolic_shapes.py:5971 
DEBUG    torch.__trace:symbolic_shapes.py:5971 
DEBUG    torch.__trace:symbolic_shapes.py:5971 
DEBUG    torch.__trace:symbolic_shapes.py:8465 
DEBUG    torch.__trace:symbolic_shapes.py:8056 
DEBUG    torch.__trace:symbolic_shapes.py:8465 
DEBUG    torch.__trace:symbolic_shapes.py:8056 
DEBUG    torch.__trace:utils.py:2402 
DEBUG    torch.__trace:meta_utils.py:298 
DEBUG    torch.__trace:meta_utils.py:537 
DEBUG    torch.__trace:meta_utils.py:2385 
DEBUG    torch.__trace:symbolic_shapes.py:5971 
DEBUG    torch.__trace:symbolic_shapes.py:5971 
DEBUG    torch.__trace:symbolic_shapes.py:8465 
DEBUG    torch.__trace:symbolic_shapes.py:8465 
DEBUG    torch.__trace:symbolic_shapes.py:8465 
DEBUG    torch.__trace:meta_utils.py:298 
DEBUG    torch.__trace:meta_utils.py:537 
DEBUG    torch.__trace:meta_utils.py:2385 
DEBUG    torch.__trace:symbolic_shapes.py:5971 
DEBUG    torch.__trace:symbolic_shapes.py:8465 
DEBUG    torch.__trace:symbolic_shapes.py:8465 
DEBUG    torch.__trace:symbolic_shapes.py:8465 
DEBUG    torch.__trace:symbolic_shapes.py:8465 
DEBUG    torch.__trace:symbolic_shapes.py:8056 
DEBUG    torch.__trace:utils.py:2363 
DEBUG    torch.__trace:utils.py:2363 
DEBUG    torch.__trace:utils.py:2363 
DEBUG    torch.__trace:output_graph.py:2942 
DEBUG    torch.__trace:utils.py:2363 
DEBUG    torch.__trace:utils.py:2363 
DEBUG    torch.__trace:utils.py:2363 
DEBUG    torch.__trace:utils.py:2363 
DEBUG    torch.__trace:guards.py:4769 
DEBUG    torch.__trace:utils.py:2363 
DEBUG    torch.__trace:utils.py:2363 
DEBUG    torch.__trace:utils.py:2363 
DEBUG    torch.__trace:utils.py:2363 
DEBUG    torch.__trace:utils.py:2363 
DEBUG    torch.__trace:utils.py:2363 
DEBUG    torch.__trace:utils.py:2022 
DEBUG    torch.__trace:utils.py:2363
=============================== warnings summary ===============================
test/test_explicit_dimensions.py::TestXorGrammarReconstruction::test_piecewise_overall_at_least_50_pct
  /Users/arogers/github/WikiOracle/basicmodel/.venv/lib/python3.12/site-packages/torch/utils/_device.py:122: UserWarning: Sparse invariant checks are implicitly disabled. Memory errors (e.g. SEGFAULT) will occur when operating on a sparse tensor which violates the invariants, but checks incur performance overhead. To silence this warning, explicitly opt in or out. See `torch.sparse.check_sparse_tensor_invariants.__doc__` for guidance.  (Triggered internally at /Users/runner/work/pytorch/pytorch/aten/src/ATen/Context.cpp:855.)
    return func(*args, **kwargs)

-- Docs: https://docs.pytest.org/en/stable/how-to/capture-warnings.html
=========================== short test summary info ============================
FAILED test/test_explicit_dimensions.py::TestXorGrammarReconstruction::test_piecewise_overall_at_least_50_pct
1 failed, 1 warning in 299.78s (0:04:59)
