F                                                                        [100%]
=================================== FAILURES ===================================
_____ TestXorGrammarReconstruction.test_piecewise_overall_at_least_50_pct ______
test/test_explicit_dimensions.py:265: in test_piecewise_overall_at_least_50_pct
    self.assertEqual(perfect, 4,
E   AssertionError: 0 != 4 : XOR_grammar reconstruction: 0/4 word multisets recovered; [('hello world', 'hello hello'), ('hello there', 'hello hello'), ('loving world', 'loving loving'), ('loving there', 'there there')]
----------------------------- Captured stdout call -----------------------------
Device: cpu
Peer pipeline: static PS/WS stage bodies compiled separately; legacy compatibility scheduler remains outside fullgraph capture


==== BasicModel ====

Trial [1/1]
Baseline test pass skipped (--test not specified). Re-invoke train.py with --test to include baseline + post-epoch evaluation.
Epoch [1/400]
[AMP] off (fp32, MODEL_AMP unset or =off)
batch = 0 (warm-up, 100.00%)
Training throughput: 1 batches in 105.449s; word units 100.0% of 8 words (letters-only 100.0% of 8).
Train Loss: output=0.1739, reconstruction=3.4543
Epoch [2/400]
batch = 0 (Δ=0.352s, 100.00%)
Training throughput: 1 batches in 0.351s; word units 100.0% of 8 words (letters-only 100.0% of 8).
Train Loss: output=0.1573, reconstruction=5.3929
Epoch [3/400]
batch = 0 (Δ=0.345s, 100.00%)
Training throughput: 1 batches in 0.344s; word units 100.0% of 8 words (letters-only 100.0% of 8).
Train Loss: output=0.1699, reconstruction=0.0004
Epoch [4/400]
batch = 0 (Δ=0.345s, 100.00%)
Training throughput: 1 batches in 0.344s; word units 100.0% of 8 words (letters-only 100.0% of 8).
Train Loss: output=0.1994, reconstruction=0.0005
Epoch [5/400]
batch = 0 (Δ=0.354s, 100.00%)
Training throughput: 1 batches in 0.354s; word units 100.0% of 8 words (letters-only 100.0% of 8).
Train Loss: output=0.1688, reconstruction=2.6466
Epoch [6/400]
batch = 0 (Δ=0.349s, 100.00%)
Training throughput: 1 batches in 0.348s; word units 100.0% of 8 words (letters-only 100.0% of 8).
Train Loss: output=0.1515, reconstruction=2.5957
Epoch [7/400]
batch = 0 (Δ=0.352s, 100.00%)
Training throughput: 1 batches in 0.352s; word units 100.0% of 8 words (letters-only 100.0% of 8).
Train Loss: output=0.1574, reconstruction=0.0012
Epoch [8/400]
batch = 0 (Δ=0.357s, 100.00%)
Training throughput: 1 batches in 0.357s; word units 100.0% of 8 words (letters-only 100.0% of 8).
Train Loss: output=0.1087, reconstruction=6.3750
Epoch [9/400]
batch = 0 (Δ=0.359s, 100.00%)
Training throughput: 1 batches in 0.358s; word units 100.0% of 8 words (letters-only 100.0% of 8).
Train Loss: output=0.1518, reconstruction=6.3756
Epoch [10/400]
batch = 0 (Δ=0.347s, 100.00%)
Training throughput: 1 batches in 0.346s; word units 100.0% of 8 words (letters-only 100.0% of 8).
Train Loss: output=0.1269, reconstruction=6.3762
Epoch [11/400]
batch = 0 (Δ=0.381s, 100.00%)
Training throughput: 1 batches in 0.380s; word units 100.0% of 8 words (letters-only 100.0% of 8).
Train Loss: output=0.1219, reconstruction=6.3769
Epoch [12/400]
batch = 0 (Δ=0.342s, 100.00%)
Training throughput: 1 batches in 0.341s; word units 100.0% of 8 words (letters-only 100.0% of 8).
Train Loss: output=0.1534, reconstruction=2.9237
Epoch [13/400]
batch = 0 (Δ=0.343s, 100.00%)
Training throughput: 1 batches in 0.342s; word units 100.0% of 8 words (letters-only 100.0% of 8).
Train Loss: output=0.1690, reconstruction=2.9242
Epoch [14/400]
batch = 0 (Δ=0.350s, 100.00%)
Training throughput: 1 batches in 0.350s; word units 100.0% of 8 words (letters-only 100.0% of 8).
Train Loss: output=0.0968, reconstruction=5.4454
Epoch [15/400]
batch = 0 (Δ=0.341s, 100.00%)
Training throughput: 1 batches in 0.341s; word units 100.0% of 8 words (letters-only 100.0% of 8).
Train Loss: output=0.1684, reconstruction=6.3790
Epoch [16/400]
batch = 0 (Δ=0.344s, 100.00%)
Training throughput: 1 batches in 0.343s; word units 100.0% of 8 words (letters-only 100.0% of 8).
Train Loss: output=0.0842, reconstruction=6.3795
Epoch [17/400]
batch = 0 (Δ=0.349s, 100.00%)
Training throughput: 1 batches in 0.349s; word units 100.0% of 8 words (letters-only 100.0% of 8).
Train Loss: output=0.1353, reconstruction=2.9261
Epoch [18/400]
batch = 0 (Δ=0.345s, 100.00%)
Training throughput: 1 batches in 0.345s; word units 100.0% of 8 words (letters-only 100.0% of 8).
Train Loss: output=0.1271, reconstruction=6.3803
Epoch [19/400]
batch = 0 (Δ=0.349s, 100.00%)
Training throughput: 1 batches in 0.348s; word units 100.0% of 8 words (letters-only 100.0% of 8).
Train Loss: output=0.1719, reconstruction=2.9267
Epoch [20/400]
batch = 0 (Δ=0.349s, 100.00%)
Training throughput: 1 batches in 0.348s; word units 100.0% of 8 words (letters-only 100.0% of 8).
Train Loss: output=0.0864, reconstruction=6.3808
Epoch [21/400]
batch = 0 (Δ=0.348s, 100.00%)
Training throughput: 1 batches in 0.347s; word units 100.0% of 8 words (letters-only 100.0% of 8).
Train Loss: output=0.0857, reconstruction=6.3809
Epoch [22/400]
batch = 0 (Δ=0.352s, 100.00%)
Training throughput: 1 batches in 0.351s; word units 100.0% of 8 words (letters-only 100.0% of 8).
Train Loss: output=0.1459, reconstruction=2.9272
Epoch [23/400]
batch = 0 (Δ=0.346s, 100.00%)
Training throughput: 1 batches in 0.344s; word units 100.0% of 8 words (letters-only 100.0% of 8).
Train Loss: output=0.1797, reconstruction=2.9274
Epoch [24/400]
batch = 0 (Δ=0.347s, 100.00%)
Training throughput: 1 batches in 0.347s; word units 100.0% of 8 words (letters-only 100.0% of 8).
Train Loss: output=0.1441, reconstruction=6.3817
Epoch [25/400]
batch = 0 (Δ=0.352s, 100.00%)
Training throughput: 1 batches in 0.352s; word units 100.0% of 8 words (letters-only 100.0% of 8).
Train Loss: output=0.1320, reconstruction=6.3824
Epoch [26/400]
batch = 0 (Δ=0.351s, 100.00%)
Training throughput: 1 batches in 0.350s; word units 100.0% of 8 words (letters-only 100.0% of 8).
Train Loss: output=0.1462, reconstruction=6.3832
Epoch [27/400]
batch = 0 (Δ=0.348s, 100.00%)
Training throughput: 1 batches in 0.347s; word units 100.0% of 8 words (letters-only 100.0% of 8).
Train Loss: output=0.1302, reconstruction=6.3839
Epoch [28/400]
batch = 0 (Δ=0.352s, 100.00%)
Training throughput: 1 batches in 0.351s; word units 100.0% of 8 words (letters-only 100.0% of 8).
Train Loss: output=0.1629, reconstruction=6.3846
Epoch [29/400]
batch = 0 (Δ=0.354s, 100.00%)
Training throughput: 1 batches in 0.354s; word units 100.0% of 8 words (letters-only 100.0% of 8).
Train Loss: output=0.0991, reconstruction=6.3856
Epoch [30/400]
batch = 0 (Δ=0.353s, 100.00%)
Training throughput: 1 batches in 0.353s; word units 100.0% of 8 words (letters-only 100.0% of 8).
Train Loss: output=0.1987, reconstruction=2.9331
Epoch [31/400]
batch = 0 (Δ=0.353s, 100.00%)
Training throughput: 1 batches in 0.352s; word units 100.0% of 8 words (letters-only 100.0% of 8).
Train Loss: output=0.1300, reconstruction=2.9342
Epoch [32/400]
batch = 0 (Δ=0.353s, 100.00%)
Training throughput: 1 batches in 0.352s; word units 100.0% of 8 words (letters-only 100.0% of 8).
Train Loss: output=0.1530, reconstruction=6.3889
Epoch [33/400]
batch = 0 (Δ=0.352s, 100.00%)
Training throughput: 1 batches in 0.352s; word units 100.0% of 8 words (letters-only 100.0% of 8).
Train Loss: output=0.1737, reconstruction=6.3894
Epoch [34/400]
batch = 0 (Δ=0.355s, 100.00%)
Training throughput: 1 batches in 0.354s; word units 100.0% of 8 words (letters-only 100.0% of 8).
Train Loss: output=0.1662, reconstruction=6.3904
Epoch [35/400]
batch = 0 (Δ=0.351s, 100.00%)
Training throughput: 1 batches in 0.350s; word units 100.0% of 8 words (letters-only 100.0% of 8).
Train Loss: output=0.1132, reconstruction=6.3917
Epoch [36/400]
batch = 0 (Δ=0.353s, 100.00%)
Training throughput: 1 batches in 0.352s; word units 100.0% of 8 words (letters-only 100.0% of 8).
Train Loss: output=0.1391, reconstruction=6.3925
Epoch [37/400]
batch = 0 (Δ=0.352s, 100.00%)
Training throughput: 1 batches in 0.351s; word units 100.0% of 8 words (letters-only 100.0% of 8).
Train Loss: output=0.1412, reconstruction=6.3928
Epoch [38/400]
batch = 0 (Δ=0.351s, 100.00%)
Training throughput: 1 batches in 0.350s; word units 100.0% of 8 words (letters-only 100.0% of 8).
Train Loss: output=0.1133, reconstruction=6.3928
Epoch [39/400]
batch = 0 (Δ=0.356s, 100.00%)
Training throughput: 1 batches in 0.355s; word units 100.0% of 8 words (letters-only 100.0% of 8).
Train Loss: output=0.1193, reconstruction=6.3924
Epoch [40/400]
batch = 0 (Δ=0.349s, 100.00%)
Training throughput: 1 batches in 0.349s; word units 100.0% of 8 words (letters-only 100.0% of 8).
Train Loss: output=0.0819, reconstruction=6.3917
Epoch [41/400]
batch = 0 (Δ=0.354s, 100.00%)
Training throughput: 1 batches in 0.353s; word units 100.0% of 8 words (letters-only 100.0% of 8).
Train Loss: output=0.1440, reconstruction=2.9378
Epoch [42/400]
batch = 0 (Δ=0.353s, 100.00%)
Training throughput: 1 batches in 0.352s; word units 100.0% of 8 words (letters-only 100.0% of 8).
Train Loss: output=0.1649, reconstruction=2.9382
Epoch [43/400]
batch = 0 (Δ=0.352s, 100.00%)
Training throughput: 1 batches in 0.351s; word units 100.0% of 8 words (letters-only 100.0% of 8).
Train Loss: output=0.1006, reconstruction=6.3921
Epoch [44/400]
batch = 0 (Δ=0.357s, 100.00%)
Training throughput: 1 batches in 0.357s; word units 100.0% of 8 words (letters-only 100.0% of 8).
Train Loss: output=0.0790, reconstruction=6.3926
Epoch [45/400]
batch = 0 (Δ=0.353s, 100.00%)
Training throughput: 1 batches in 0.352s; word units 100.0% of 8 words (letters-only 100.0% of 8).
Train Loss: output=0.1332, reconstruction=6.3935
Epoch [46/400]
batch = 0 (Δ=0.351s, 100.00%)
Training throughput: 1 batches in 0.350s; word units 100.0% of 8 words (letters-only 100.0% of 8).
Train Loss: output=0.1232, reconstruction=6.3939
Epoch [47/400]
batch = 0 (Δ=0.352s, 100.00%)
Training throughput: 1 batches in 0.351s; word units 100.0% of 8 words (letters-only 100.0% of 8).
Train Loss: output=0.0930, reconstruction=6.3947
Epoch [48/400]
batch = 0 (Δ=0.355s, 100.00%)
Training throughput: 1 batches in 0.354s; word units 100.0% of 8 words (letters-only 100.0% of 8).
Train Loss: output=0.1279, reconstruction=2.9420
Epoch [49/400]
batch = 0 (Δ=0.355s, 100.00%)
Training throughput: 1 batches in 0.355s; word units 100.0% of 8 words (letters-only 100.0% of 8).
Train Loss: output=0.0517, reconstruction=6.3974
Epoch [50/400]
batch = 0 (Δ=0.348s, 100.00%)
Training throughput: 1 batches in 0.348s; word units 100.0% of 8 words (letters-only 100.0% of 8).
Train Loss: output=0.1165, reconstruction=6.3991
Epoch [51/400]
batch = 0 (Δ=0.355s, 100.00%)
Training throughput: 1 batches in 0.355s; word units 100.0% of 8 words (letters-only 100.0% of 8).
Train Loss: output=0.1052, reconstruction=6.4010
Epoch [52/400]
batch = 0 (Δ=0.351s, 100.00%)
Training throughput: 1 batches in 0.350s; word units 100.0% of 8 words (letters-only 100.0% of 8).
Train Loss: output=0.0998, reconstruction=6.4030
Epoch [53/400]
batch = 0 (Δ=0.354s, 100.00%)
Training throughput: 1 batches in 0.354s; word units 100.0% of 8 words (letters-only 100.0% of 8).
Train Loss: output=0.0998, reconstruction=6.4037
Epoch [54/400]
batch = 0 (Δ=0.354s, 100.00%)
Training throughput: 1 batches in 0.353s; word units 100.0% of 8 words (letters-only 100.0% of 8).
Train Loss: output=0.0807, reconstruction=2.9495
Epoch [55/400]
batch = 0 (Δ=0.353s, 100.00%)
Training throughput: 1 batches in 0.352s; word units 100.0% of 8 words (letters-only 100.0% of 8).
Train Loss: output=0.0772, reconstruction=6.4022
Epoch [56/400]
batch = 0 (Δ=0.354s, 100.00%)
Training throughput: 1 batches in 0.353s; word units 100.0% of 8 words (letters-only 100.0% of 8).
Train Loss: output=0.0748, reconstruction=6.4004
Epoch [57/400]
batch = 0 (Δ=0.351s, 100.00%)
Training throughput: 1 batches in 0.351s; word units 100.0% of 8 words (letters-only 100.0% of 8).
Train Loss: output=0.0719, reconstruction=6.3981
Epoch [58/400]
batch = 0 (Δ=0.350s, 100.00%)
Training throughput: 1 batches in 0.349s; word units 100.0% of 8 words (letters-only 100.0% of 8).
Train Loss: output=0.1424, reconstruction=2.9418
Epoch [59/400]
batch = 0 (Δ=0.354s, 100.00%)
Training throughput: 1 batches in 0.354s; word units 100.0% of 8 words (letters-only 100.0% of 8).
Train Loss: output=0.1282, reconstruction=6.3933
Epoch [60/400]
batch = 0 (Δ=0.356s, 100.00%)
Training throughput: 1 batches in 0.356s; word units 100.0% of 8 words (letters-only 100.0% of 8).
Train Loss: output=0.0617, reconstruction=6.3909
Epoch [61/400]
batch = 0 (Δ=0.354s, 100.00%)
Training throughput: 1 batches in 0.353s; word units 100.0% of 8 words (letters-only 100.0% of 8).
Train Loss: output=0.1056, reconstruction=2.9349
Epoch [62/400]
batch = 0 (Δ=0.349s, 100.00%)
Training throughput: 1 batches in 0.348s; word units 100.0% of 8 words (letters-only 100.0% of 8).
Train Loss: output=0.1141, reconstruction=6.3869
Epoch [63/400]
batch = 0 (Δ=0.353s, 100.00%)
Training throughput: 1 batches in 0.353s; word units 100.0% of 8 words (letters-only 100.0% of 8).
Train Loss: output=0.1041, reconstruction=6.3852
Epoch [64/400]
batch = 0 (Δ=0.351s, 100.00%)
Training throughput: 1 batches in 0.350s; word units 100.0% of 8 words (letters-only 100.0% of 8).
Train Loss: output=0.0813, reconstruction=6.3838
Epoch [65/400]
batch = 0 (Δ=0.351s, 100.00%)
Training throughput: 1 batches in 0.351s; word units 100.0% of 8 words (letters-only 100.0% of 8).
Train Loss: output=0.1042, reconstruction=6.3832
Epoch [66/400]
batch = 0 (Δ=0.356s, 100.00%)
Training throughput: 1 batches in 0.356s; word units 100.0% of 8 words (letters-only 100.0% of 8).
Train Loss: output=0.0681, reconstruction=6.3836
Epoch [67/400]
batch = 0 (Δ=0.350s, 100.00%)
Training throughput: 1 batches in 0.349s; word units 100.0% of 8 words (letters-only 100.0% of 8).
Train Loss: output=0.0840, reconstruction=6.3843
Epoch [68/400]
batch = 0 (Δ=0.354s, 100.00%)
Training throughput: 1 batches in 0.353s; word units 100.0% of 8 words (letters-only 100.0% of 8).
Train Loss: output=0.1312, reconstruction=2.9313
Epoch [69/400]
batch = 0 (Δ=0.352s, 100.00%)
Training throughput: 1 batches in 0.351s; word units 100.0% of 8 words (letters-only 100.0% of 8).
Train Loss: output=0.0916, reconstruction=6.3862
Epoch [70/400]
batch = 0 (Δ=0.348s, 100.00%)
Training throughput: 1 batches in 0.347s; word units 100.0% of 8 words (letters-only 100.0% of 8).
Train Loss: output=0.0917, reconstruction=6.3868
Epoch [71/400]
batch = 0 (Δ=0.350s, 100.00%)
Training throughput: 1 batches in 0.349s; word units 100.0% of 8 words (letters-only 100.0% of 8).
Train Loss: output=0.0709, reconstruction=6.3868
Epoch [72/400]
batch = 0 (Δ=0.353s, 100.00%)
Training throughput: 1 batches in 0.353s; word units 100.0% of 8 words (letters-only 100.0% of 8).
Train Loss: output=0.0963, reconstruction=6.3863
Epoch [73/400]
batch = 0 (Δ=0.350s, 100.00%)
Training throughput: 1 batches in 0.350s; word units 100.0% of 8 words (letters-only 100.0% of 8).
Train Loss: output=0.0945, reconstruction=6.3855
Epoch [74/400]
batch = 0 (Δ=0.351s, 100.00%)
Training throughput: 1 batches in 0.351s; word units 100.0% of 8 words (letters-only 100.0% of 8).
Train Loss: output=0.1222, reconstruction=2.9306
Epoch [75/400]
batch = 0 (Δ=0.366s, 100.00%)
Training throughput: 1 batches in 0.366s; word units 100.0% of 8 words (letters-only 100.0% of 8).
Train Loss: output=0.0816, reconstruction=6.3835
Epoch [76/400]
batch = 0 (Δ=0.354s, 100.00%)
Training throughput: 1 batches in 0.353s; word units 100.0% of 8 words (letters-only 100.0% of 8).
Train Loss: output=0.1079, reconstruction=2.9295
Epoch [77/400]
batch = 0 (Δ=0.351s, 100.00%)
Training throughput: 1 batches in 0.350s; word units 100.0% of 8 words (letters-only 100.0% of 8).
Train Loss: output=0.0734, reconstruction=6.3841
Epoch [78/400]
batch = 0 (Δ=0.357s, 100.00%)
Training throughput: 1 batches in 0.357s; word units 100.0% of 8 words (letters-only 100.0% of 8).
Train Loss: output=0.0637, reconstruction=6.3844
Epoch [79/400]
batch = 0 (Δ=0.354s, 100.00%)
Training throughput: 1 batches in 0.353s; word units 100.0% of 8 words (letters-only 100.0% of 8).
Train Loss: output=0.0819, reconstruction=2.9305
Epoch [80/400]
batch = 0 (Δ=0.357s, 100.00%)
Training throughput: 1 batches in 0.357s; word units 100.0% of 8 words (letters-only 100.0% of 8).
Train Loss: output=0.0524, reconstruction=6.3852
Epoch [81/400]
batch = 0 (Δ=0.351s, 100.00%)
Training throughput: 1 batches in 0.350s; word units 100.0% of 8 words (letters-only 100.0% of 8).
Train Loss: output=0.1209, reconstruction=2.9326
Epoch [82/400]
batch = 0 (Δ=0.354s, 100.00%)
Training throughput: 1 batches in 0.353s; word units 100.0% of 8 words (letters-only 100.0% of 8).
Train Loss: output=0.0728, reconstruction=6.3873
Epoch [83/400]
batch = 0 (Δ=0.352s, 100.00%)
Training throughput: 1 batches in 0.351s; word units 100.0% of 8 words (letters-only 100.0% of 8).
Train Loss: output=0.0643, reconstruction=6.3876
Epoch [84/400]
batch = 0 (Δ=0.381s, 100.00%)
Training throughput: 1 batches in 0.380s; word units 100.0% of 8 words (letters-only 100.0% of 8).
Train Loss: output=0.0718, reconstruction=6.3874
Epoch [85/400]
batch = 0 (Δ=0.368s, 100.00%)
Training throughput: 1 batches in 0.368s; word units 100.0% of 8 words (letters-only 100.0% of 8).
Train Loss: output=0.0734, reconstruction=6.3869
Epoch [86/400]
batch = 0 (Δ=0.355s, 100.00%)
Training throughput: 1 batches in 0.355s; word units 100.0% of 8 words (letters-only 100.0% of 8).
Train Loss: output=0.0935, reconstruction=2.9334
Epoch [87/400]
batch = 0 (Δ=0.356s, 100.00%)
Training throughput: 1 batches in 0.355s; word units 100.0% of 8 words (letters-only 100.0% of 8).
Train Loss: output=0.0692, reconstruction=6.3881
Epoch [88/400]
batch = 0 (Δ=0.352s, 100.00%)
Training throughput: 1 batches in 0.351s; word units 100.0% of 8 words (letters-only 100.0% of 8).
Train Loss: output=0.1052, reconstruction=2.9346
Epoch [89/400]
batch = 0 (Δ=0.351s, 100.00%)
Training throughput: 1 batches in 0.350s; word units 100.0% of 8 words (letters-only 100.0% of 8).
Train Loss: output=0.0643, reconstruction=6.3884
Epoch [90/400]
batch = 0 (Δ=0.355s, 100.00%)
Training throughput: 1 batches in 0.355s; word units 100.0% of 8 words (letters-only 100.0% of 8).
Train Loss: output=0.0587, reconstruction=6.3881
Epoch [91/400]
batch = 0 (Δ=0.351s, 100.00%)
Training throughput: 1 batches in 0.351s; word units 100.0% of 8 words (letters-only 100.0% of 8).
Train Loss: output=0.0720, reconstruction=6.3875
Epoch [92/400]
batch = 0 (Δ=0.357s, 100.00%)
Training throughput: 1 batches in 0.356s; word units 100.0% of 8 words (letters-only 100.0% of 8).
Train Loss: output=0.0435, reconstruction=6.3867
Epoch [93/400]
batch = 0 (Δ=0.352s, 100.00%)
Training throughput: 1 batches in 0.352s; word units 100.0% of 8 words (letters-only 100.0% of 8).
Train Loss: output=0.0657, reconstruction=2.9327
Epoch [94/400]
batch = 0 (Δ=0.351s, 100.00%)
Training throughput: 1 batches in 0.351s; word units 100.0% of 8 words (letters-only 100.0% of 8).
Train Loss: output=0.0416, reconstruction=6.3870
Epoch [95/400]
batch = 0 (Δ=0.349s, 100.00%)
Training throughput: 1 batches in 0.349s; word units 100.0% of 8 words (letters-only 100.0% of 8).
Train Loss: output=0.0876, reconstruction=6.3870
Epoch [96/400]
batch = 0 (Δ=0.354s, 100.00%)
Training throughput: 1 batches in 0.353s; word units 100.0% of 8 words (letters-only 100.0% of 8).
Train Loss: output=0.0736, reconstruction=6.3867
Epoch [97/400]
batch = 0 (Δ=0.366s, 100.00%)
Training throughput: 1 batches in 0.366s; word units 100.0% of 8 words (letters-only 100.0% of 8).
Train Loss: output=0.0872, reconstruction=2.9322
Epoch [98/400]
batch = 0 (Δ=1.301s, 100.00%)
Training throughput: 1 batches in 1.300s; word units 100.0% of 8 words (letters-only 100.0% of 8).
Train Loss: output=0.0750, reconstruction=6.3854
Epoch [99/400]
batch = 0 (Δ=0.349s, 100.00%)
Training throughput: 1 batches in 0.349s; word units 100.0% of 8 words (letters-only 100.0% of 8).
Train Loss: output=0.1051, reconstruction=6.3846
Epoch [100/400]
batch = 0 (Δ=0.356s, 100.00%)
Training throughput: 1 batches in 0.356s; word units 100.0% of 8 words (letters-only 100.0% of 8).
Train Loss: output=0.0822, reconstruction=2.9300
Epoch [101/400]
batch = 0 (Δ=0.353s, 100.00%)
Training throughput: 1 batches in 0.352s; word units 100.0% of 8 words (letters-only 100.0% of 8).
Train Loss: output=0.0591, reconstruction=6.3830
Epoch [102/400]
batch = 0 (Δ=0.354s, 100.00%)
Training throughput: 1 batches in 0.354s; word units 100.0% of 8 words (letters-only 100.0% of 8).
Train Loss: output=0.0436, reconstruction=6.3822
Epoch [103/400]
batch = 0 (Δ=0.356s, 100.00%)
Training throughput: 1 batches in 0.356s; word units 100.0% of 8 words (letters-only 100.0% of 8).
Train Loss: output=0.0683, reconstruction=2.9276
Epoch [104/400]
batch = 0 (Δ=0.350s, 100.00%)
Training throughput: 1 batches in 0.349s; word units 100.0% of 8 words (letters-only 100.0% of 8).
Train Loss: output=0.1204, reconstruction=2.9269
Epoch [105/400]
batch = 0 (Δ=0.351s, 100.00%)
Training throughput: 1 batches in 0.350s; word units 100.0% of 8 words (letters-only 100.0% of 8).
Train Loss: output=0.0973, reconstruction=2.9263
Epoch [106/400]
batch = 0 (Δ=0.351s, 100.00%)
Training throughput: 1 batches in 0.351s; word units 100.0% of 8 words (letters-only 100.0% of 8).
Train Loss: output=0.0826, reconstruction=6.3796
Epoch [107/400]
batch = 0 (Δ=0.349s, 100.00%)
Training throughput: 1 batches in 0.348s; word units 100.0% of 8 words (letters-only 100.0% of 8).
Train Loss: output=0.0703, reconstruction=6.3791
Epoch [108/400]
batch = 0 (Δ=0.354s, 100.00%)
Training throughput: 1 batches in 0.353s; word units 100.0% of 8 words (letters-only 100.0% of 8).
Train Loss: output=0.0818, reconstruction=6.3786
Epoch [109/400]
batch = 0 (Δ=0.352s, 100.00%)
Training throughput: 1 batches in 0.351s; word units 100.0% of 8 words (letters-only 100.0% of 8).
Train Loss: output=0.0572, reconstruction=6.3782
Epoch [110/400]
batch = 0 (Δ=0.349s, 100.00%)
Training throughput: 1 batches in 0.349s; word units 100.0% of 8 words (letters-only 100.0% of 8).
Train Loss: output=0.0729, reconstruction=6.3783
Epoch [111/400]
batch = 0 (Δ=0.351s, 100.00%)
Training throughput: 1 batches in 0.351s; word units 100.0% of 8 words (letters-only 100.0% of 8).
Train Loss: output=0.0508, reconstruction=6.3792
Epoch [112/400]
batch = 0 (Δ=0.352s, 100.00%)
Training throughput: 1 batches in 0.352s; word units 100.0% of 8 words (letters-only 100.0% of 8).
Train Loss: output=0.0944, reconstruction=2.9267
Epoch [113/400]
batch = 0 (Δ=0.352s, 100.00%)
Training throughput: 1 batches in 0.351s; word units 100.0% of 8 words (letters-only 100.0% of 8).
Train Loss: output=0.0794, reconstruction=6.3818
Epoch [114/400]
batch = 0 (Δ=0.354s, 100.00%)
Training throughput: 1 batches in 0.354s; word units 100.0% of 8 words (letters-only 100.0% of 8).
Train Loss: output=0.0934, reconstruction=2.9290
Epoch [115/400]
batch = 0 (Δ=0.354s, 100.00%)
Training throughput: 1 batches in 0.354s; word units 100.0% of 8 words (letters-only 100.0% of 8).
Train Loss: output=0.0444, reconstruction=6.3837
Epoch [116/400]
batch = 0 (Δ=0.352s, 100.00%)
Training throughput: 1 batches in 0.351s; word units 100.0% of 8 words (letters-only 100.0% of 8).
Train Loss: output=0.0440, reconstruction=6.3844
Epoch [117/400]
batch = 0 (Δ=0.351s, 100.00%)
Training throughput: 1 batches in 0.350s; word units 100.0% of 8 words (letters-only 100.0% of 8).
Train Loss: output=0.0801, reconstruction=2.9311
Epoch [118/400]
batch = 0 (Δ=0.361s, 100.00%)
Training throughput: 1 batches in 0.361s; word units 100.0% of 8 words (letters-only 100.0% of 8).
Train Loss: output=0.0291, reconstruction=6.3855
Epoch [119/400]
batch = 0 (Δ=0.362s, 100.00%)
Training throughput: 1 batches in 0.362s; word units 100.0% of 8 words (letters-only 100.0% of 8).
Train Loss: output=0.0140, reconstruction=6.3859
Epoch [120/400]
batch = 0 (Δ=0.357s, 100.00%)
Training throughput: 1 batches in 0.356s; word units 100.0% of 8 words (letters-only 100.0% of 8).
Train Loss: output=0.0805, reconstruction=2.9323
Epoch [121/400]
batch = 0 (Δ=0.353s, 100.00%)
Training throughput: 1 batches in 0.352s; word units 100.0% of 8 words (letters-only 100.0% of 8).
Train Loss: output=0.0198, reconstruction=6.3867
Epoch [122/400]
batch = 0 (Δ=0.352s, 100.00%)
Training throughput: 1 batches in 0.351s; word units 100.0% of 8 words (letters-only 100.0% of 8).
Train Loss: output=0.0286, reconstruction=6.3876
Epoch [123/400]
batch = 0 (Δ=0.350s, 100.00%)
Training throughput: 1 batches in 0.350s; word units 100.0% of 8 words (letters-only 100.0% of 8).
Train Loss: output=0.0755, reconstruction=2.9357
Epoch [124/400]
batch = 0 (Δ=0.354s, 100.00%)
Training throughput: 1 batches in 0.354s; word units 100.0% of 8 words (letters-only 100.0% of 8).
Train Loss: output=0.0650, reconstruction=7.0318
Epoch [125/400]
batch = 0 (Δ=0.349s, 100.00%)
Training throughput: 1 batches in 0.349s; word units 100.0% of 8 words (letters-only 100.0% of 8).
Train Loss: output=0.1113, reconstruction=6.9587
Epoch [126/400]
batch = 0 (Δ=0.349s, 100.00%)
Training throughput: 1 batches in 0.349s; word units 100.0% of 8 words (letters-only 100.0% of 8).
Train Loss: output=0.0544, reconstruction=6.4049
Epoch [127/400]
batch = 0 (Δ=0.348s, 100.00%)
Training throughput: 1 batches in 0.348s; word units 100.0% of 8 words (letters-only 100.0% of 8).
Train Loss: output=0.1218, reconstruction=2.9600
Epoch [128/400]
batch = 0 (Δ=0.347s, 100.00%)
Training throughput: 1 batches in 0.346s; word units 100.0% of 8 words (letters-only 100.0% of 8).
Train Loss: output=0.1613, reconstruction=0.0486
Epoch [129/400]
batch = 0 (Δ=0.345s, 100.00%)
Training throughput: 1 batches in 0.345s; word units 100.0% of 8 words (letters-only 100.0% of 8).
Train Loss: output=0.0752, reconstruction=3.5279
Epoch [130/400]
batch = 0 (Δ=0.344s, 100.00%)
Training throughput: 1 batches in 0.343s; word units 100.0% of 8 words (letters-only 100.0% of 8).
Train Loss: output=0.1749, reconstruction=1.0034
Epoch [131/400]
batch = 0 (Δ=0.348s, 100.00%)
Training throughput: 1 batches in 0.347s; word units 100.0% of 8 words (letters-only 100.0% of 8).
Train Loss: output=0.1314, reconstruction=0.3905
Epoch [132/400]
batch = 0 (Δ=0.346s, 100.00%)
Training throughput: 1 batches in 0.345s; word units 100.0% of 8 words (letters-only 100.0% of 8).
Train Loss: output=0.1065, reconstruction=3.5063
Epoch [133/400]
batch = 0 (Δ=0.347s, 100.00%)
Training throughput: 1 batches in 0.347s; word units 100.0% of 8 words (letters-only 100.0% of 8).
Train Loss: output=0.0819, reconstruction=6.4135
Epoch [134/400]
batch = 0 (Δ=0.349s, 100.00%)
Training throughput: 1 batches in 0.349s; word units 100.0% of 8 words (letters-only 100.0% of 8).
Train Loss: output=0.1121, reconstruction=2.9512
Epoch [135/400]
batch = 0 (Δ=0.348s, 100.00%)
Training throughput: 1 batches in 0.347s; word units 100.0% of 8 words (letters-only 100.0% of 8).
Train Loss: output=0.0952, reconstruction=3.4800
Epoch [136/400]
batch = 0 (Δ=0.381s, 100.00%)
Training throughput: 1 batches in 0.380s; word units 100.0% of 8 words (letters-only 100.0% of 8).
Train Loss: output=0.0772, reconstruction=3.4759
Epoch [137/400]
batch = 0 (Δ=0.348s, 100.00%)
Training throughput: 1 batches in 0.348s; word units 100.0% of 8 words (letters-only 100.0% of 8).
Train Loss: output=0.1170, reconstruction=3.4728
Epoch [138/400]
batch = 0 (Δ=0.350s, 100.00%)
Training throughput: 1 batches in 0.349s; word units 100.0% of 8 words (letters-only 100.0% of 8).
Train Loss: output=0.0994, reconstruction=0.0169
Epoch [139/400]
batch = 0 (Δ=0.346s, 100.00%)
Training throughput: 1 batches in 0.346s; word units 100.0% of 8 words (letters-only 100.0% of 8).
Train Loss: output=0.0768, reconstruction=0.0156
Epoch [140/400]
batch = 0 (Δ=0.349s, 100.00%)
Training throughput: 1 batches in 0.348s; word units 100.0% of 8 words (letters-only 100.0% of 8).
Train Loss: output=0.1072, reconstruction=3.4684
Epoch [141/400]
batch = 0 (Δ=0.342s, 100.00%)
Training throughput: 1 batches in 0.341s; word units 100.0% of 8 words (letters-only 100.0% of 8).
Train Loss: output=0.0798, reconstruction=3.4675
Epoch [142/400]
batch = 0 (Δ=0.347s, 100.00%)
Training throughput: 1 batches in 0.346s; word units 100.0% of 8 words (letters-only 100.0% of 8).
Train Loss: output=0.0538, reconstruction=2.3083
Epoch [143/400]
batch = 0 (Δ=0.347s, 100.00%)
Training throughput: 1 batches in 0.347s; word units 100.0% of 8 words (letters-only 100.0% of 8).
Train Loss: output=0.0584, reconstruction=0.0121
Epoch [144/400]
batch = 0 (Δ=0.344s, 100.00%)
Training throughput: 1 batches in 0.344s; word units 100.0% of 8 words (letters-only 100.0% of 8).
Train Loss: output=0.0666, reconstruction=3.4655
Epoch [145/400]
batch = 0 (Δ=0.350s, 100.00%)
Training throughput: 1 batches in 0.349s; word units 100.0% of 8 words (letters-only 100.0% of 8).
Train Loss: output=0.0426, reconstruction=0.0114
Epoch [146/400]
batch = 0 (Δ=0.351s, 100.00%)
Training throughput: 1 batches in 0.350s; word units 100.0% of 8 words (letters-only 100.0% of 8).
Train Loss: output=0.0724, reconstruction=0.0115
Epoch [147/400]
batch = 0 (Δ=0.348s, 100.00%)
Training throughput: 1 batches in 0.348s; word units 100.0% of 8 words (letters-only 100.0% of 8).
Train Loss: output=0.0872, reconstruction=3.4656
Epoch [148/400]
batch = 0 (Δ=0.346s, 100.00%)
Training throughput: 1 batches in 0.346s; word units 100.0% of 8 words (letters-only 100.0% of 8).
Train Loss: output=0.1311, reconstruction=3.4657
Epoch [149/400]
batch = 0 (Δ=0.348s, 100.00%)
Training throughput: 1 batches in 0.347s; word units 100.0% of 8 words (letters-only 100.0% of 8).
Train Loss: output=0.0520, reconstruction=0.0119
Epoch [150/400]
batch = 0 (Δ=0.349s, 100.00%)
Training throughput: 1 batches in 0.348s; word units 100.0% of 8 words (letters-only 100.0% of 8).
Train Loss: output=0.0709, reconstruction=0.0120
Epoch [151/400]
batch = 0 (Δ=0.344s, 100.00%)
Training throughput: 1 batches in 0.344s; word units 100.0% of 8 words (letters-only 100.0% of 8).
Train Loss: output=0.0976, reconstruction=0.0120
Epoch [152/400]
batch = 0 (Δ=0.350s, 100.00%)
Training throughput: 1 batches in 0.350s; word units 100.0% of 8 words (letters-only 100.0% of 8).
Train Loss: output=0.0660, reconstruction=3.4658
Epoch [153/400]
batch = 0 (Δ=0.346s, 100.00%)
Training throughput: 1 batches in 0.345s; word units 100.0% of 8 words (letters-only 100.0% of 8).
Train Loss: output=0.2228, reconstruction=0.0118
Epoch [154/400]
batch = 0 (Δ=0.349s, 100.00%)
Training throughput: 1 batches in 0.348s; word units 100.0% of 8 words (letters-only 100.0% of 8).
Train Loss: output=0.1137, reconstruction=3.4658
Epoch [155/400]
batch = 0 (Δ=0.347s, 100.00%)
Training throughput: 1 batches in 0.346s; word units 100.0% of 8 words (letters-only 100.0% of 8).
Train Loss: output=0.1483, reconstruction=3.4661
Epoch [156/400]
batch = 0 (Δ=0.349s, 100.00%)
Training throughput: 1 batches in 0.348s; word units 100.0% of 8 words (letters-only 100.0% of 8).
Train Loss: output=0.1393, reconstruction=3.4662
Epoch [157/400]
batch = 0 (Δ=0.349s, 100.00%)
Training throughput: 1 batches in 0.348s; word units 100.0% of 8 words (letters-only 100.0% of 8).
Train Loss: output=0.1455, reconstruction=3.4665
Epoch [158/400]
batch = 0 (Δ=0.344s, 100.00%)
Training throughput: 1 batches in 0.344s; word units 100.0% of 8 words (letters-only 100.0% of 8).
Train Loss: output=0.1259, reconstruction=3.4670
Epoch [159/400]
batch = 0 (Δ=0.346s, 100.00%)
Training throughput: 1 batches in 0.345s; word units 100.0% of 8 words (letters-only 100.0% of 8).
Train Loss: output=0.0810, reconstruction=0.0134
Epoch [160/400]
batch = 0 (Δ=0.347s, 100.00%)
Training throughput: 1 batches in 0.346s; word units 100.0% of 8 words (letters-only 100.0% of 8).
Train Loss: output=0.0807, reconstruction=3.4677
Epoch [161/400]
batch = 0 (Δ=0.351s, 100.00%)
Training throughput: 1 batches in 0.350s; word units 100.0% of 8 words (letters-only 100.0% of 8).
Train Loss: output=0.1088, reconstruction=0.0144
Epoch [162/400]
batch = 0 (Δ=0.348s, 100.00%)
Training throughput: 1 batches in 0.347s; word units 100.0% of 8 words (letters-only 100.0% of 8).
Train Loss: output=0.0461, reconstruction=0.0148
Epoch [163/400]
batch = 0 (Δ=0.350s, 100.00%)
Training throughput: 1 batches in 0.349s; word units 100.0% of 8 words (letters-only 100.0% of 8).
Train Loss: output=0.1579, reconstruction=3.4690
Epoch [164/400]
batch = 0 (Δ=0.350s, 100.00%)
Training throughput: 1 batches in 0.349s; word units 100.0% of 8 words (letters-only 100.0% of 8).
Train Loss: output=0.0719, reconstruction=3.4694
Epoch [165/400]
batch = 0 (Δ=0.356s, 100.00%)
Training throughput: 1 batches in 0.355s; word units 100.0% of 8 words (letters-only 100.0% of 8).
Train Loss: output=0.2043, reconstruction=0.0160
Epoch [166/400]
batch = 0 (Δ=0.348s, 100.00%)
Training throughput: 1 batches in 0.348s; word units 100.0% of 8 words (letters-only 100.0% of 8).
Train Loss: output=0.1013, reconstruction=3.4703
Epoch [167/400]
batch = 0 (Δ=0.347s, 100.00%)
Training throughput: 1 batches in 0.346s; word units 100.0% of 8 words (letters-only 100.0% of 8).
Train Loss: output=0.1455, reconstruction=3.4705
Epoch [168/400]
batch = 0 (Δ=0.350s, 100.00%)
Training throughput: 1 batches in 0.349s; word units 100.0% of 8 words (letters-only 100.0% of 8).
Train Loss: output=0.0964, reconstruction=0.0167
Epoch [169/400]
batch = 0 (Δ=0.350s, 100.00%)
Training throughput: 1 batches in 0.349s; word units 100.0% of 8 words (letters-only 100.0% of 8).
Train Loss: output=0.0512, reconstruction=0.0167
Epoch [170/400]
batch = 0 (Δ=0.350s, 100.00%)
Training throughput: 1 batches in 0.349s; word units 100.0% of 8 words (letters-only 100.0% of 8).
Train Loss: output=0.0323, reconstruction=0.0168
Epoch [171/400]
batch = 0 (Δ=0.351s, 100.00%)
Training throughput: 1 batches in 0.351s; word units 100.0% of 8 words (letters-only 100.0% of 8).
Train Loss: output=0.0763, reconstruction=3.4710
Epoch [172/400]
batch = 0 (Δ=0.351s, 100.00%)
Training throughput: 1 batches in 0.351s; word units 100.0% of 8 words (letters-only 100.0% of 8).
Train Loss: output=0.0585, reconstruction=3.4715
Epoch [173/400]
batch = 0 (Δ=0.351s, 100.00%)
Training throughput: 1 batches in 0.351s; word units 100.0% of 8 words (letters-only 100.0% of 8).
Train Loss: output=0.1780, reconstruction=3.4723
Epoch [174/400]
batch = 0 (Δ=0.352s, 100.00%)
Training throughput: 1 batches in 0.351s; word units 100.0% of 8 words (letters-only 100.0% of 8).
Train Loss: output=0.0800, reconstruction=0.0196
Epoch [175/400]
batch = 0 (Δ=0.348s, 100.00%)
Training throughput: 1 batches in 0.347s; word units 100.0% of 8 words (letters-only 100.0% of 8).
Train Loss: output=0.1203, reconstruction=0.0207
Epoch [176/400]
batch = 0 (Δ=0.353s, 100.00%)
Training throughput: 1 batches in 0.353s; word units 100.0% of 8 words (letters-only 100.0% of 8).
Train Loss: output=0.1296, reconstruction=3.4755
Epoch [177/400]
batch = 0 (Δ=0.349s, 100.00%)
Training throughput: 1 batches in 0.349s; word units 100.0% of 8 words (letters-only 100.0% of 8).
Train Loss: output=0.1199, reconstruction=0.0221
Epoch [178/400]
batch = 0 (Δ=0.353s, 100.00%)
Training throughput: 1 batches in 0.353s; word units 100.0% of 8 words (letters-only 100.0% of 8).
Train Loss: output=0.0655, reconstruction=0.0225
Epoch [179/400]
batch = 0 (Δ=0.348s, 100.00%)
Training throughput: 1 batches in 0.348s; word units 100.0% of 8 words (letters-only 100.0% of 8).
Train Loss: output=0.1089, reconstruction=0.0226
Epoch [180/400]
batch = 0 (Δ=0.349s, 100.00%)
Training throughput: 1 batches in 0.349s; word units 100.0% of 8 words (letters-only 100.0% of 8).
Train Loss: output=0.2152, reconstruction=3.4768
Epoch [181/400]
batch = 0 (Δ=0.349s, 100.00%)
Training throughput: 1 batches in 0.348s; word units 100.0% of 8 words (letters-only 100.0% of 8).
Train Loss: output=0.1234, reconstruction=3.4771
Epoch [182/400]
batch = 0 (Δ=0.344s, 100.00%)
Training throughput: 1 batches in 0.343s; word units 100.0% of 8 words (letters-only 100.0% of 8).
Train Loss: output=0.1942, reconstruction=0.0234
Epoch [183/400]
batch = 0 (Δ=0.349s, 100.00%)
Training throughput: 1 batches in 0.348s; word units 100.0% of 8 words (letters-only 100.0% of 8).
Train Loss: output=0.0535, reconstruction=0.0234
Epoch [184/400]
batch = 0 (Δ=0.350s, 100.00%)
Training throughput: 1 batches in 0.349s; word units 100.0% of 8 words (letters-only 100.0% of 8).
Train Loss: output=0.2149, reconstruction=3.4774
Epoch [185/400]
batch = 0 (Δ=0.349s, 100.00%)
Training throughput: 1 batches in 0.348s; word units 100.0% of 8 words (letters-only 100.0% of 8).
Train Loss: output=0.1342, reconstruction=3.4777
Epoch [186/400]
batch = 0 (Δ=0.349s, 100.00%)
Training throughput: 1 batches in 0.348s; word units 100.0% of 8 words (letters-only 100.0% of 8).
Train Loss: output=0.1647, reconstruction=3.4781
Epoch [187/400]
batch = 0 (Δ=0.349s, 100.00%)
Training throughput: 1 batches in 0.349s; word units 100.0% of 8 words (letters-only 100.0% of 8).
Train Loss: output=0.1608, reconstruction=3.4789
Epoch [188/400]
batch = 0 (Δ=0.351s, 100.00%)
Training throughput: 1 batches in 0.351s; word units 100.0% of 8 words (letters-only 100.0% of 8).
Train Loss: output=0.1169, reconstruction=3.4798
Epoch [189/400]
batch = 0 (Δ=0.351s, 100.00%)
Training throughput: 1 batches in 0.350s; word units 100.0% of 8 words (letters-only 100.0% of 8).
Train Loss: output=0.1509, reconstruction=3.4804
Epoch [190/400]
batch = 0 (Δ=0.354s, 100.00%)
Training throughput: 1 batches in 0.354s; word units 100.0% of 8 words (letters-only 100.0% of 8).
Train Loss: output=0.1219, reconstruction=3.4811
Epoch [191/400]
batch = 0 (Δ=0.349s, 100.00%)
Training throughput: 1 batches in 0.349s; word units 100.0% of 8 words (letters-only 100.0% of 8).
Train Loss: output=0.1481, reconstruction=0.0282
Epoch [192/400]
batch = 0 (Δ=0.351s, 100.00%)
Training throughput: 1 batches in 0.350s; word units 100.0% of 8 words (letters-only 100.0% of 8).
Train Loss: output=0.0962, reconstruction=3.4830
Epoch [193/400]
batch = 0 (Δ=0.351s, 100.00%)
Training throughput: 1 batches in 0.350s; word units 100.0% of 8 words (letters-only 100.0% of 8).
Train Loss: output=0.1742, reconstruction=3.4836
Epoch [194/400]
batch = 0 (Δ=0.348s, 100.00%)
Training throughput: 1 batches in 0.348s; word units 100.0% of 8 words (letters-only 100.0% of 8).
Train Loss: output=0.0749, reconstruction=3.4839
Epoch [195/400]
batch = 0 (Δ=0.348s, 100.00%)
Training throughput: 1 batches in 0.348s; word units 100.0% of 8 words (letters-only 100.0% of 8).
Train Loss: output=0.1110, reconstruction=0.0301
Epoch [196/400]
batch = 0 (Δ=0.347s, 100.00%)
Training throughput: 1 batches in 0.346s; word units 100.0% of 8 words (letters-only 100.0% of 8).
Train Loss: output=0.0837, reconstruction=0.0299
Epoch [197/400]
batch = 0 (Δ=0.354s, 100.00%)
Training throughput: 1 batches in 0.353s; word units 100.0% of 8 words (letters-only 100.0% of 8).
Train Loss: output=0.1289, reconstruction=3.4834
Epoch [198/400]
batch = 0 (Δ=0.350s, 100.00%)
Training throughput: 1 batches in 0.349s; word units 100.0% of 8 words (letters-only 100.0% of 8).
Train Loss: output=0.0929, reconstruction=3.4829
Epoch [199/400]
batch = 0 (Δ=0.352s, 100.00%)
Training throughput: 1 batches in 0.351s; word units 100.0% of 8 words (letters-only 100.0% of 8).
Train Loss: output=0.0737, reconstruction=0.0285
Epoch [200/400]
batch = 0 (Δ=0.377s, 100.00%)
Training throughput: 1 batches in 0.376s; word units 100.0% of 8 words (letters-only 100.0% of 8).
Train Loss: output=0.0822, reconstruction=3.4817
Epoch [201/400]
batch = 0 (Δ=0.349s, 100.00%)
Training throughput: 1 batches in 0.349s; word units 100.0% of 8 words (letters-only 100.0% of 8).
Train Loss: output=0.0625, reconstruction=0.0271
Epoch [202/400]
batch = 0 (Δ=0.355s, 100.00%)
Training throughput: 1 batches in 0.354s; word units 100.0% of 8 words (letters-only 100.0% of 8).
Train Loss: output=0.0731, reconstruction=3.4806
Epoch [203/400]
batch = 0 (Δ=0.347s, 100.00%)
Training throughput: 1 batches in 0.347s; word units 100.0% of 8 words (letters-only 100.0% of 8).
Train Loss: output=0.1074, reconstruction=3.4807
Epoch [204/400]
batch = 0 (Δ=0.346s, 100.00%)
Training throughput: 1 batches in 0.345s; word units 100.0% of 8 words (letters-only 100.0% of 8).
Train Loss: output=0.1007, reconstruction=0.0271
Epoch [205/400]
batch = 0 (Δ=0.348s, 100.00%)
Training throughput: 1 batches in 0.348s; word units 100.0% of 8 words (letters-only 100.0% of 8).
Train Loss: output=0.0822, reconstruction=3.4810
Epoch [206/400]
batch = 0 (Δ=0.348s, 100.00%)
Training throughput: 1 batches in 0.348s; word units 100.0% of 8 words (letters-only 100.0% of 8).
Train Loss: output=0.1082, reconstruction=3.4808
Epoch [207/400]
batch = 0 (Δ=0.351s, 100.00%)
Training throughput: 1 batches in 0.350s; word units 100.0% of 8 words (letters-only 100.0% of 8).
Train Loss: output=0.1420, reconstruction=3.4805
Epoch [208/400]
batch = 0 (Δ=0.350s, 100.00%)
Training throughput: 1 batches in 0.349s; word units 100.0% of 8 words (letters-only 100.0% of 8).
Train Loss: output=0.1238, reconstruction=3.4801
Epoch [209/400]
batch = 0 (Δ=0.353s, 100.00%)
Training throughput: 1 batches in 0.353s; word units 100.0% of 8 words (letters-only 100.0% of 8).
Train Loss: output=0.1298, reconstruction=3.4795
Epoch [210/400]
batch = 0 (Δ=0.348s, 100.00%)
Training throughput: 1 batches in 0.347s; word units 100.0% of 8 words (letters-only 100.0% of 8).
Train Loss: output=0.0757, reconstruction=0.0254
Epoch [211/400]
batch = 0 (Δ=0.355s, 100.00%)
Training throughput: 1 batches in 0.354s; word units 100.0% of 8 words (letters-only 100.0% of 8).
Train Loss: output=0.1219, reconstruction=3.4792
Epoch [212/400]
batch = 0 (Δ=0.349s, 100.00%)
Training throughput: 1 batches in 0.349s; word units 100.0% of 8 words (letters-only 100.0% of 8).
Train Loss: output=0.0897, reconstruction=0.0251
Epoch [213/400]
batch = 0 (Δ=0.355s, 100.00%)
Training throughput: 1 batches in 0.355s; word units 100.0% of 8 words (letters-only 100.0% of 8).
Train Loss: output=0.1094, reconstruction=0.0248
Epoch [214/400]
batch = 0 (Δ=0.352s, 100.00%)
Training throughput: 1 batches in 0.352s; word units 100.0% of 8 words (letters-only 100.0% of 8).
Train Loss: output=0.1113, reconstruction=0.0247
Epoch [215/400]
batch = 0 (Δ=0.350s, 100.00%)
Training throughput: 1 batches in 0.349s; word units 100.0% of 8 words (letters-only 100.0% of 8).
Train Loss: output=0.0774, reconstruction=0.0248
Epoch [216/400]
batch = 0 (Δ=1.175s, 100.00%)
Training throughput: 1 batches in 1.174s; word units 100.0% of 8 words (letters-only 100.0% of 8).
Train Loss: output=0.1814, reconstruction=3.4785
Epoch [217/400]
batch = 0 (Δ=0.349s, 100.00%)
Training throughput: 1 batches in 0.348s; word units 100.0% of 8 words (letters-only 100.0% of 8).
Train Loss: output=0.0989, reconstruction=0.0244
Epoch [218/400]
batch = 0 (Δ=0.350s, 100.00%)
Training throughput: 1 batches in 0.349s; word units 100.0% of 8 words (letters-only 100.0% of 8).
Train Loss: output=0.1379, reconstruction=3.4782
Epoch [219/400]
batch = 0 (Δ=0.352s, 100.00%)
Training throughput: 1 batches in 0.351s; word units 100.0% of 8 words (letters-only 100.0% of 8).
Train Loss: output=0.0869, reconstruction=3.4784
Epoch [220/400]
batch = 0 (Δ=0.347s, 100.00%)
Training throughput: 1 batches in 0.346s; word units 100.0% of 8 words (letters-only 100.0% of 8).
Train Loss: output=0.1465, reconstruction=3.4783
Epoch [221/400]
batch = 0 (Δ=0.346s, 100.00%)
Training throughput: 1 batches in 0.346s; word units 100.0% of 8 words (letters-only 100.0% of 8).
Train Loss: output=0.0771, reconstruction=0.0245
Epoch [222/400]
batch = 0 (Δ=0.348s, 100.00%)
Training throughput: 1 batches in 0.348s; word units 100.0% of 8 words (letters-only 100.0% of 8).
Train Loss: output=0.0691, reconstruction=0.0251
Epoch [223/400]
batch = 0 (Δ=0.345s, 100.00%)
Training throughput: 1 batches in 0.345s; word units 100.0% of 8 words (letters-only 100.0% of 8).
Train Loss: output=0.1111, reconstruction=3.4796
Epoch [224/400]
batch = 0 (Δ=0.354s, 100.00%)
Training throughput: 1 batches in 0.353s; word units 100.0% of 8 words (letters-only 100.0% of 8).
Train Loss: output=0.0629, reconstruction=0.0261
Epoch [225/400]
batch = 0 (Δ=0.347s, 100.00%)
Training throughput: 1 batches in 0.346s; word units 100.0% of 8 words (letters-only 100.0% of 8).
Train Loss: output=0.1277, reconstruction=3.4804
Epoch [226/400]
batch = 0 (Δ=0.350s, 100.00%)
Training throughput: 1 batches in 0.349s; word units 100.0% of 8 words (letters-only 100.0% of 8).
Train Loss: output=0.0505, reconstruction=0.0270
Epoch [227/400]
batch = 0 (Δ=0.348s, 100.00%)
Training throughput: 1 batches in 0.347s; word units 100.0% of 8 words (letters-only 100.0% of 8).
Train Loss: output=0.0815, reconstruction=0.0276
Epoch [228/400]
batch = 0 (Δ=0.347s, 100.00%)
Training throughput: 1 batches in 0.347s; word units 100.0% of 8 words (letters-only 100.0% of 8).
Train Loss: output=0.0750, reconstruction=0.0286
Epoch [229/400]
batch = 0 (Δ=0.346s, 100.00%)
Training throughput: 1 batches in 0.346s; word units 100.0% of 8 words (letters-only 100.0% of 8).
Train Loss: output=0.1222, reconstruction=3.4837
Epoch [230/400]
batch = 0 (Δ=0.348s, 100.00%)
Training throughput: 1 batches in 0.347s; word units 100.0% of 8 words (letters-only 100.0% of 8).
Train Loss: output=0.1283, reconstruction=0.0314
Epoch [231/400]
batch = 0 (Δ=0.348s, 100.00%)
Training throughput: 1 batches in 0.347s; word units 100.0% of 8 words (letters-only 100.0% of 8).
Train Loss: output=0.1244, reconstruction=3.4870
Epoch [232/400]
batch = 0 (Δ=0.348s, 100.00%)
Training throughput: 1 batches in 0.348s; word units 100.0% of 8 words (letters-only 100.0% of 8).
Train Loss: output=0.1302, reconstruction=3.4886
Epoch [233/400]
batch = 0 (Δ=0.344s, 100.00%)
Training throughput: 1 batches in 0.344s; word units 100.0% of 8 words (letters-only 100.0% of 8).
Train Loss: output=0.1262, reconstruction=3.4900
Epoch [234/400]
batch = 0 (Δ=0.348s, 100.00%)
Training throughput: 1 batches in 0.347s; word units 100.0% of 8 words (letters-only 100.0% of 8).
Train Loss: output=0.0853, reconstruction=3.4912
Epoch [235/400]
batch = 0 (Δ=0.346s, 100.00%)
Training throughput: 1 batches in 0.345s; word units 100.0% of 8 words (letters-only 100.0% of 8).
Train Loss: output=0.1311, reconstruction=3.4919
Epoch [236/400]
batch = 0 (Δ=0.350s, 100.00%)
Training throughput: 1 batches in 0.349s; word units 100.0% of 8 words (letters-only 100.0% of 8).
Train Loss: output=0.0918, reconstruction=0.0387
Epoch [237/400]
batch = 0 (Δ=0.351s, 100.00%)
Training throughput: 1 batches in 0.351s; word units 100.0% of 8 words (letters-only 100.0% of 8).
Train Loss: output=0.0918, reconstruction=3.4936
Epoch [238/400]
batch = 0 (Δ=0.381s, 100.00%)
Training throughput: 1 batches in 0.380s; word units 100.0% of 8 words (letters-only 100.0% of 8).
Train Loss: output=0.0888, reconstruction=3.4944
Epoch [239/400]
batch = 0 (Δ=0.347s, 100.00%)
Training throughput: 1 batches in 0.347s; word units 100.0% of 8 words (letters-only 100.0% of 8).
Train Loss: output=0.0840, reconstruction=0.0413
Epoch [240/400]
batch = 0 (Δ=0.354s, 100.00%)
Training throughput: 1 batches in 0.354s; word units 100.0% of 8 words (letters-only 100.0% of 8).
Train Loss: output=0.0724, reconstruction=0.0453
Epoch [241/400]
batch = 0 (Δ=0.354s, 100.00%)
Training throughput: 1 batches in 0.353s; word units 100.0% of 8 words (letters-only 100.0% of 8).
Train Loss: output=0.0990, reconstruction=3.7129
Epoch [242/400]
batch = 0 (Δ=0.348s, 100.00%)
Training throughput: 1 batches in 0.347s; word units 100.0% of 8 words (letters-only 100.0% of 8).
Train Loss: output=0.1197, reconstruction=3.8298
Epoch [243/400]
batch = 0 (Δ=0.349s, 100.00%)
Training throughput: 1 batches in 0.349s; word units 100.0% of 8 words (letters-only 100.0% of 8).
Train Loss: output=0.0986, reconstruction=3.5025
Epoch [244/400]
batch = 0 (Δ=0.353s, 100.00%)
Training throughput: 1 batches in 0.353s; word units 100.0% of 8 words (letters-only 100.0% of 8).
Train Loss: output=0.1268, reconstruction=6.7482
Epoch [245/400]
batch = 0 (Δ=0.348s, 100.00%)
Training throughput: 1 batches in 0.347s; word units 100.0% of 8 words (letters-only 100.0% of 8).
Train Loss: output=0.1292, reconstruction=3.4900
Epoch [246/400]
batch = 0 (Δ=0.351s, 100.00%)
Training throughput: 1 batches in 0.351s; word units 100.0% of 8 words (letters-only 100.0% of 8).
Train Loss: output=0.0897, reconstruction=3.4862
Epoch [247/400]
batch = 0 (Δ=0.352s, 100.00%)
Training throughput: 1 batches in 0.352s; word units 100.0% of 8 words (letters-only 100.0% of 8).
Train Loss: output=0.1686, reconstruction=8.5433
Epoch [248/400]
batch = 0 (Δ=0.346s, 100.00%)
Training throughput: 1 batches in 0.346s; word units 100.0% of 8 words (letters-only 100.0% of 8).
Train Loss: output=0.0706, reconstruction=5.1511
Epoch [249/400]
batch = 0 (Δ=0.360s, 100.00%)
Training throughput: 1 batches in 0.359s; word units 100.0% of 8 words (letters-only 100.0% of 8).
Train Loss: output=0.2313, reconstruction=6.7797
Epoch [250/400]
batch = 0 (Δ=0.352s, 100.00%)
Training throughput: 1 batches in 0.352s; word units 100.0% of 8 words (letters-only 100.0% of 8).
Train Loss: output=0.1142, reconstruction=7.9077
Epoch [251/400]
batch = 0 (Δ=0.356s, 100.00%)
Training throughput: 1 batches in 0.355s; word units 100.0% of 8 words (letters-only 100.0% of 8).
Train Loss: output=0.1132, reconstruction=4.3758
Epoch [252/400]
batch = 0 (Δ=0.358s, 100.00%)
Training throughput: 1 batches in 0.357s; word units 100.0% of 8 words (letters-only 100.0% of 8).
Train Loss: output=0.1788, reconstruction=8.2486
Epoch [253/400]
batch = 0 (Δ=0.352s, 100.00%)
Training throughput: 1 batches in 0.351s; word units 100.0% of 8 words (letters-only 100.0% of 8).
Train Loss: output=0.0806, reconstruction=7.6362
Epoch [254/400]
batch = 0 (Δ=0.353s, 100.00%)
Training throughput: 1 batches in 0.352s; word units 100.0% of 8 words (letters-only 100.0% of 8).
Train Loss: output=0.0608, reconstruction=7.6021
Epoch [255/400]
batch = 0 (Δ=0.354s, 100.00%)
Training throughput: 1 batches in 0.353s; word units 100.0% of 8 words (letters-only 100.0% of 8).
Train Loss: output=0.0949, reconstruction=10.5661
Epoch [256/400]
batch = 0 (Δ=0.346s, 100.00%)
Training throughput: 1 batches in 0.345s; word units 100.0% of 8 words (letters-only 100.0% of 8).
Train Loss: output=0.0554, reconstruction=4.1828
Epoch [257/400]
batch = 0 (Δ=0.352s, 100.00%)
Training throughput: 1 batches in 0.352s; word units 100.0% of 8 words (letters-only 100.0% of 8).
Train Loss: output=0.0903, reconstruction=8.8505
Epoch [258/400]
batch = 0 (Δ=0.354s, 100.00%)
Training throughput: 1 batches in 0.353s; word units 100.0% of 8 words (letters-only 100.0% of 8).
Train Loss: output=0.1565, reconstruction=9.2682
Epoch [259/400]
batch = 0 (Δ=0.350s, 100.00%)
Training throughput: 1 batches in 0.349s; word units 100.0% of 8 words (letters-only 100.0% of 8).
Train Loss: output=0.1052, reconstruction=7.4763
Epoch [260/400]
batch = 0 (Δ=0.354s, 100.00%)
Training throughput: 1 batches in 0.353s; word units 100.0% of 8 words (letters-only 100.0% of 8).
Train Loss: output=0.0869, reconstruction=7.1048
Epoch [261/400]
batch = 0 (Δ=0.363s, 100.00%)
Training throughput: 1 batches in 0.363s; word units 100.0% of 8 words (letters-only 100.0% of 8).
Train Loss: output=0.0618, reconstruction=7.4364
Epoch [262/400]
batch = 0 (Δ=0.387s, 100.00%)
Training throughput: 1 batches in 0.386s; word units 100.0% of 8 words (letters-only 100.0% of 8).
Train Loss: output=0.1302, reconstruction=10.8729
Epoch [263/400]
batch = 0 (Δ=0.353s, 100.00%)
Training throughput: 1 batches in 0.352s; word units 100.0% of 8 words (letters-only 100.0% of 8).
Train Loss: output=0.1770, reconstruction=9.2308
Epoch [264/400]
batch = 0 (Δ=0.351s, 100.00%)
Training throughput: 1 batches in 0.350s; word units 100.0% of 8 words (letters-only 100.0% of 8).
Train Loss: output=0.1418, reconstruction=9.9432
Epoch [265/400]
batch = 0 (Δ=0.351s, 100.00%)
Training throughput: 1 batches in 0.351s; word units 100.0% of 8 words (letters-only 100.0% of 8).
Train Loss: output=0.1298, reconstruction=9.2069
Epoch [266/400]
batch = 0 (Δ=0.350s, 100.00%)
Training throughput: 1 batches in 0.349s; word units 100.0% of 8 words (letters-only 100.0% of 8).
Train Loss: output=0.1245, reconstruction=9.1220
Epoch [267/400]
batch = 0 (Δ=0.355s, 100.00%)
Training throughput: 1 batches in 0.355s; word units 100.0% of 8 words (letters-only 100.0% of 8).
Train Loss: output=0.1709, reconstruction=9.1949
Epoch [268/400]
batch = 0 (Δ=0.349s, 100.00%)
Training throughput: 1 batches in 0.348s; word units 100.0% of 8 words (letters-only 100.0% of 8).
Train Loss: output=0.1402, reconstruction=9.1928
Epoch [269/400]
batch = 0 (Δ=0.350s, 100.00%)
Training throughput: 1 batches in 0.350s; word units 100.0% of 8 words (letters-only 100.0% of 8).
Train Loss: output=0.0920, reconstruction=9.1915
Epoch [270/400]
batch = 0 (Δ=0.357s, 100.00%)
Training throughput: 1 batches in 0.357s; word units 100.0% of 8 words (letters-only 100.0% of 8).
Train Loss: output=0.0936, reconstruction=9.1905
Epoch [271/400]
batch = 0 (Δ=0.348s, 100.00%)
Training throughput: 1 batches in 0.348s; word units 100.0% of 8 words (letters-only 100.0% of 8).
Train Loss: output=0.2542, reconstruction=9.1897
Epoch [272/400]
batch = 0 (Δ=0.350s, 100.00%)
Training throughput: 1 batches in 0.350s; word units 100.0% of 8 words (letters-only 100.0% of 8).
Train Loss: output=0.2037, reconstruction=6.2690
Epoch [273/400]
batch = 0 (Δ=0.349s, 100.00%)
Training throughput: 1 batches in 0.348s; word units 100.0% of 8 words (letters-only 100.0% of 8).
Train Loss: output=0.1585, reconstruction=5.7345
Epoch [274/400]
batch = 0 (Δ=0.346s, 100.00%)
Training throughput: 1 batches in 0.346s; word units 100.0% of 8 words (letters-only 100.0% of 8).
Train Loss: output=0.2272, reconstruction=9.1880
Epoch [275/400]
batch = 0 (Δ=0.348s, 100.00%)
Training throughput: 1 batches in 0.348s; word units 100.0% of 8 words (letters-only 100.0% of 8).
Train Loss: output=0.0997, reconstruction=6.3094
Epoch [276/400]
batch = 0 (Δ=0.352s, 100.00%)
Training throughput: 1 batches in 0.352s; word units 100.0% of 8 words (letters-only 100.0% of 8).
Train Loss: output=0.2275, reconstruction=6.3091
Epoch [277/400]
batch = 0 (Δ=0.352s, 100.00%)
Training throughput: 1 batches in 0.351s; word units 100.0% of 8 words (letters-only 100.0% of 8).
Train Loss: output=0.1569, reconstruction=5.7332
Epoch [278/400]
batch = 0 (Δ=0.346s, 100.00%)
Training throughput: 1 batches in 0.345s; word units 100.0% of 8 words (letters-only 100.0% of 8).
Train Loss: output=0.1591, reconstruction=9.1869
Epoch [279/400]
batch = 0 (Δ=0.348s, 100.00%)
Training throughput: 1 batches in 0.347s; word units 100.0% of 8 words (letters-only 100.0% of 8).
Train Loss: output=0.1888, reconstruction=6.3085
Epoch [280/400]
batch = 0 (Δ=0.347s, 100.00%)
Training throughput: 1 batches in 0.346s; word units 100.0% of 8 words (letters-only 100.0% of 8).
Train Loss: output=0.0781, reconstruction=9.1867
Epoch [281/400]
batch = 0 (Δ=0.348s, 100.00%)
Training throughput: 1 batches in 0.348s; word units 100.0% of 8 words (letters-only 100.0% of 8).
Train Loss: output=0.1754, reconstruction=9.1866
Epoch [282/400]
batch = 0 (Δ=0.355s, 100.00%)
Training throughput: 1 batches in 0.354s; word units 100.0% of 8 words (letters-only 100.0% of 8).
Train Loss: output=0.2210, reconstruction=9.1865
Epoch [283/400]
batch = 0 (Δ=0.352s, 100.00%)
Training throughput: 1 batches in 0.351s; word units 100.0% of 8 words (letters-only 100.0% of 8).
Train Loss: output=0.0546, reconstruction=9.1826
Epoch [284/400]
batch = 0 (Δ=0.350s, 100.00%)
Training throughput: 1 batches in 0.350s; word units 100.0% of 8 words (letters-only 100.0% of 8).
Train Loss: output=0.2204, reconstruction=9.1865
Epoch [285/400]
batch = 0 (Δ=0.348s, 100.00%)
Training throughput: 1 batches in 0.348s; word units 100.0% of 8 words (letters-only 100.0% of 8).
Train Loss: output=0.0738, reconstruction=5.7193
Epoch [286/400]
batch = 0 (Δ=0.349s, 100.00%)
Training throughput: 1 batches in 0.349s; word units 100.0% of 8 words (letters-only 100.0% of 8).
Train Loss: output=0.2109, reconstruction=5.7340
Epoch [287/400]
batch = 0 (Δ=0.350s, 100.00%)
Training throughput: 1 batches in 0.350s; word units 100.0% of 8 words (letters-only 100.0% of 8).
Train Loss: output=0.1561, reconstruction=9.1612
Epoch [288/400]
batch = 0 (Δ=0.349s, 100.00%)
Training throughput: 1 batches in 0.348s; word units 100.0% of 8 words (letters-only 100.0% of 8).
Train Loss: output=0.1848, reconstruction=9.1902
Epoch [289/400]
batch = 0 (Δ=0.355s, 100.00%)
Training throughput: 1 batches in 0.355s; word units 100.0% of 8 words (letters-only 100.0% of 8).
Train Loss: output=0.1152, reconstruction=5.6975
Epoch [290/400]
batch = 0 (Δ=0.349s, 100.00%)
Training throughput: 1 batches in 0.348s; word units 100.0% of 8 words (letters-only 100.0% of 8).
Train Loss: output=0.1743, reconstruction=9.1940
Epoch [291/400]
batch = 0 (Δ=0.347s, 100.00%)
Training throughput: 1 batches in 0.346s; word units 100.0% of 8 words (letters-only 100.0% of 8).
Train Loss: output=0.1859, reconstruction=9.1981
Epoch [292/400]
batch = 0 (Δ=0.353s, 100.00%)
Training throughput: 1 batches in 0.352s; word units 100.0% of 8 words (letters-only 100.0% of 8).
Train Loss: output=0.1140, reconstruction=9.2021
Epoch [293/400]
batch = 0 (Δ=0.351s, 100.00%)
Training throughput: 1 batches in 0.350s; word units 100.0% of 8 words (letters-only 100.0% of 8).
Train Loss: output=0.2210, reconstruction=5.7506
Epoch [294/400]
batch = 0 (Δ=0.353s, 100.00%)
Training throughput: 1 batches in 0.353s; word units 100.0% of 8 words (letters-only 100.0% of 8).
Train Loss: output=0.1466, reconstruction=9.1317
Epoch [295/400]
batch = 0 (Δ=0.351s, 100.00%)
Training throughput: 1 batches in 0.350s; word units 100.0% of 8 words (letters-only 100.0% of 8).
Train Loss: output=0.1203, reconstruction=9.1314
Epoch [296/400]
batch = 0 (Δ=0.349s, 100.00%)
Training throughput: 1 batches in 0.348s; word units 100.0% of 8 words (letters-only 100.0% of 8).
Train Loss: output=0.1548, reconstruction=9.2092
Epoch [297/400]
batch = 0 (Δ=0.349s, 100.00%)
Training throughput: 1 batches in 0.349s; word units 100.0% of 8 words (letters-only 100.0% of 8).
Train Loss: output=0.1752, reconstruction=9.2092
Epoch [298/400]
batch = 0 (Δ=0.352s, 100.00%)
Training throughput: 1 batches in 0.352s; word units 100.0% of 8 words (letters-only 100.0% of 8).
Train Loss: output=0.0457, reconstruction=9.2078
Epoch [299/400]
batch = 0 (Δ=0.353s, 100.00%)
Training throughput: 1 batches in 0.353s; word units 100.0% of 8 words (letters-only 100.0% of 8).
Train Loss: output=0.1264, reconstruction=9.2052
Epoch [300/400]
batch = 0 (Δ=0.350s, 100.00%)
Training throughput: 1 batches in 0.349s; word units 100.0% of 8 words (letters-only 100.0% of 8).
Train Loss: output=0.2005, reconstruction=9.2021
Epoch [301/400]
batch = 0 (Δ=0.355s, 100.00%)
Training throughput: 1 batches in 0.354s; word units 100.0% of 8 words (letters-only 100.0% of 8).
Train Loss: output=0.1354, reconstruction=9.1454
Epoch [302/400]
batch = 0 (Δ=0.349s, 100.00%)
Training throughput: 1 batches in 0.349s; word units 100.0% of 8 words (letters-only 100.0% of 8).
Train Loss: output=0.1333, reconstruction=5.6952
Epoch [303/400]
batch = 0 (Δ=0.350s, 100.00%)
Training throughput: 1 batches in 0.350s; word units 100.0% of 8 words (letters-only 100.0% of 8).
Train Loss: output=0.1831, reconstruction=9.1949
Epoch [304/400]
batch = 0 (Δ=0.348s, 100.00%)
Training throughput: 1 batches in 0.347s; word units 100.0% of 8 words (letters-only 100.0% of 8).
Train Loss: output=0.1682, reconstruction=9.1934
Epoch [305/400]
batch = 0 (Δ=0.350s, 100.00%)
Training throughput: 1 batches in 0.349s; word units 100.0% of 8 words (letters-only 100.0% of 8).
Train Loss: output=0.0477, reconstruction=9.1919
Epoch [306/400]
batch = 0 (Δ=0.349s, 100.00%)
Training throughput: 1 batches in 0.349s; word units 100.0% of 8 words (letters-only 100.0% of 8).
Train Loss: output=0.1168, reconstruction=9.1613
Epoch [307/400]
batch = 0 (Δ=0.348s, 100.00%)
Training throughput: 1 batches in 0.348s; word units 100.0% of 8 words (letters-only 100.0% of 8).
Train Loss: output=0.0739, reconstruction=5.7361
Epoch [308/400]
batch = 0 (Δ=0.354s, 100.00%)
Training throughput: 1 batches in 0.354s; word units 100.0% of 8 words (letters-only 100.0% of 8).
Train Loss: output=0.1139, reconstruction=9.1893
Epoch [309/400]
batch = 0 (Δ=0.349s, 100.00%)
Training throughput: 1 batches in 0.349s; word units 100.0% of 8 words (letters-only 100.0% of 8).
Train Loss: output=0.2433, reconstruction=9.1887
Epoch [310/400]
batch = 0 (Δ=0.350s, 100.00%)
Training throughput: 1 batches in 0.349s; word units 100.0% of 8 words (letters-only 100.0% of 8).
Train Loss: output=0.2011, reconstruction=9.1882
Epoch [311/400]
batch = 0 (Δ=0.355s, 100.00%)
Training throughput: 1 batches in 0.354s; word units 100.0% of 8 words (letters-only 100.0% of 8).
Train Loss: output=0.0415, reconstruction=5.7339
Epoch [312/400]
batch = 0 (Δ=0.350s, 100.00%)
Training throughput: 1 batches in 0.350s; word units 100.0% of 8 words (letters-only 100.0% of 8).
Train Loss: output=0.1492, reconstruction=5.7195
Epoch [313/400]
batch = 0 (Δ=0.355s, 100.00%)
Training throughput: 1 batches in 0.355s; word units 100.0% of 8 words (letters-only 100.0% of 8).
Train Loss: output=0.0723, reconstruction=5.7332
Epoch [314/400]
batch = 0 (Δ=0.353s, 100.00%)
Training throughput: 1 batches in 0.353s; word units 100.0% of 8 words (letters-only 100.0% of 8).
Train Loss: output=0.1505, reconstruction=9.1762
Epoch [315/400]
batch = 0 (Δ=0.349s, 100.00%)
Training throughput: 1 batches in 0.349s; word units 100.0% of 8 words (letters-only 100.0% of 8).
Train Loss: output=0.1912, reconstruction=9.1867
Epoch [316/400]
batch = 0 (Δ=0.346s, 100.00%)
Training throughput: 1 batches in 0.345s; word units 100.0% of 8 words (letters-only 100.0% of 8).
Train Loss: output=0.0952, reconstruction=9.1865
Epoch [317/400]
batch = 0 (Δ=0.351s, 100.00%)
Training throughput: 1 batches in 0.351s; word units 100.0% of 8 words (letters-only 100.0% of 8).
Train Loss: output=0.0640, reconstruction=9.1864
Epoch [318/400]
batch = 0 (Δ=0.354s, 100.00%)
Training throughput: 1 batches in 0.353s; word units 100.0% of 8 words (letters-only 100.0% of 8).
Train Loss: output=0.0911, reconstruction=5.7324
Epoch [319/400]
batch = 0 (Δ=0.353s, 100.00%)
Training throughput: 1 batches in 0.352s; word units 100.0% of 8 words (letters-only 100.0% of 8).
Train Loss: output=0.0772, reconstruction=9.1862
Epoch [320/400]
batch = 0 (Δ=0.353s, 100.00%)
Training throughput: 1 batches in 0.352s; word units 100.0% of 8 words (letters-only 100.0% of 8).
Train Loss: output=0.0692, reconstruction=9.1861
Epoch [321/400]
batch = 0 (Δ=0.347s, 100.00%)
Training throughput: 1 batches in 0.347s; word units 100.0% of 8 words (letters-only 100.0% of 8).
Train Loss: output=0.1678, reconstruction=9.1860
Epoch [322/400]
batch = 0 (Δ=0.351s, 100.00%)
Training throughput: 1 batches in 0.351s; word units 100.0% of 8 words (letters-only 100.0% of 8).
Train Loss: output=0.1466, reconstruction=9.1828
Epoch [323/400]
batch = 0 (Δ=0.351s, 100.00%)
Training throughput: 1 batches in 0.350s; word units 100.0% of 8 words (letters-only 100.0% of 8).
Train Loss: output=0.0840, reconstruction=9.1859
Epoch [324/400]
batch = 0 (Δ=0.357s, 100.00%)
Training throughput: 1 batches in 0.357s; word units 100.0% of 8 words (letters-only 100.0% of 8).
Train Loss: output=0.1469, reconstruction=9.1858
Epoch [325/400]
batch = 0 (Δ=0.350s, 100.00%)
Training throughput: 1 batches in 0.349s; word units 100.0% of 8 words (letters-only 100.0% of 8).
Train Loss: output=0.1631, reconstruction=9.1858
Epoch [326/400]
batch = 0 (Δ=0.381s, 100.00%)
Training throughput: 1 batches in 0.380s; word units 100.0% of 8 words (letters-only 100.0% of 8).
Train Loss: output=0.1610, reconstruction=9.1858
Epoch [327/400]
batch = 0 (Δ=0.352s, 100.00%)
Training throughput: 1 batches in 0.351s; word units 100.0% of 8 words (letters-only 100.0% of 8).
Train Loss: output=0.1351, reconstruction=5.7319
Epoch [328/400]
batch = 0 (Δ=0.347s, 100.00%)
Training throughput: 1 batches in 0.347s; word units 100.0% of 8 words (letters-only 100.0% of 8).
Train Loss: output=0.1948, reconstruction=5.7318
Epoch [329/400]
batch = 0 (Δ=0.352s, 100.00%)
Training throughput: 1 batches in 0.351s; word units 100.0% of 8 words (letters-only 100.0% of 8).
Train Loss: output=0.2017, reconstruction=9.1857
Epoch [330/400]
batch = 0 (Δ=0.351s, 100.00%)
Training throughput: 1 batches in 0.351s; word units 100.0% of 8 words (letters-only 100.0% of 8).
Train Loss: output=0.2166, reconstruction=9.1857
Epoch [331/400]
batch = 0 (Δ=0.349s, 100.00%)
Training throughput: 1 batches in 0.348s; word units 100.0% of 8 words (letters-only 100.0% of 8).
Train Loss: output=0.1383, reconstruction=5.7318
Epoch [332/400]
batch = 0 (Δ=0.353s, 100.00%)
Training throughput: 1 batches in 0.352s; word units 100.0% of 8 words (letters-only 100.0% of 8).
Train Loss: output=0.1190, reconstruction=9.1849
Epoch [333/400]
batch = 0 (Δ=0.348s, 100.00%)
Training throughput: 1 batches in 0.348s; word units 100.0% of 8 words (letters-only 100.0% of 8).
Train Loss: output=0.1261, reconstruction=9.1856
Epoch [334/400]
batch = 0 (Δ=0.350s, 100.00%)
Training throughput: 1 batches in 0.350s; word units 100.0% of 8 words (letters-only 100.0% of 8).
Train Loss: output=0.1868, reconstruction=9.1698
Epoch [335/400]
batch = 0 (Δ=0.354s, 100.00%)
Training throughput: 1 batches in 0.353s; word units 100.0% of 8 words (letters-only 100.0% of 8).
Train Loss: output=0.1549, reconstruction=9.1698
Epoch [336/400]
batch = 0 (Δ=1.117s, 100.00%)
Training throughput: 1 batches in 1.117s; word units 100.0% of 8 words (letters-only 100.0% of 8).
Train Loss: output=0.0668, reconstruction=9.1856
Epoch [337/400]
batch = 0 (Δ=0.358s, 100.00%)
Training throughput: 1 batches in 0.358s; word units 100.0% of 8 words (letters-only 100.0% of 8).
Train Loss: output=0.0821, reconstruction=5.7317
Epoch [338/400]
batch = 0 (Δ=0.355s, 100.00%)
Training throughput: 1 batches in 0.354s; word units 100.0% of 8 words (letters-only 100.0% of 8).
Train Loss: output=0.0423, reconstruction=9.1856
Epoch [339/400]
batch = 0 (Δ=0.353s, 100.00%)
Training throughput: 1 batches in 0.353s; word units 100.0% of 8 words (letters-only 100.0% of 8).
Train Loss: output=0.1975, reconstruction=9.1856
Epoch [340/400]
batch = 0 (Δ=0.351s, 100.00%)
Training throughput: 1 batches in 0.350s; word units 100.0% of 8 words (letters-only 100.0% of 8).
Train Loss: output=0.0948, reconstruction=9.1856
Epoch [341/400]
batch = 0 (Δ=0.351s, 100.00%)
Training throughput: 1 batches in 0.350s; word units 100.0% of 8 words (letters-only 100.0% of 8).
Train Loss: output=0.1046, reconstruction=9.1856
Epoch [342/400]
batch = 0 (Δ=0.353s, 100.00%)
Training throughput: 1 batches in 0.353s; word units 100.0% of 8 words (letters-only 100.0% of 8).
Train Loss: output=0.0561, reconstruction=5.7317
Epoch [343/400]
batch = 0 (Δ=0.352s, 100.00%)
Training throughput: 1 batches in 0.352s; word units 100.0% of 8 words (letters-only 100.0% of 8).
Train Loss: output=0.1794, reconstruction=8.4388
Epoch [344/400]
batch = 0 (Δ=0.346s, 100.00%)
Training throughput: 1 batches in 0.346s; word units 100.0% of 8 words (letters-only 100.0% of 8).
Train Loss: output=0.0646, reconstruction=5.7317
Epoch [345/400]
batch = 0 (Δ=0.349s, 100.00%)
Training throughput: 1 batches in 0.349s; word units 100.0% of 8 words (letters-only 100.0% of 8).
Train Loss: output=0.1531, reconstruction=9.1858
Epoch [346/400]
batch = 0 (Δ=0.350s, 100.00%)
Training throughput: 1 batches in 0.349s; word units 100.0% of 8 words (letters-only 100.0% of 8).
Train Loss: output=0.0766, reconstruction=5.7323
Epoch [347/400]
batch = 0 (Δ=0.348s, 100.00%)
Training throughput: 1 batches in 0.347s; word units 100.0% of 8 words (letters-only 100.0% of 8).
Train Loss: output=0.0527, reconstruction=5.7330
Epoch [348/400]
batch = 0 (Δ=0.352s, 100.00%)
Training throughput: 1 batches in 0.351s; word units 100.0% of 8 words (letters-only 100.0% of 8).
Train Loss: output=0.0988, reconstruction=9.1878
Epoch [349/400]
batch = 0 (Δ=0.348s, 100.00%)
Training throughput: 1 batches in 0.347s; word units 100.0% of 8 words (letters-only 100.0% of 8).
Train Loss: output=0.1095, reconstruction=9.1888
Epoch [350/400]
batch = 0 (Δ=0.347s, 100.00%)
Training throughput: 1 batches in 0.347s; word units 100.0% of 8 words (letters-only 100.0% of 8).
Train Loss: output=0.0591, reconstruction=9.1902
Epoch [351/400]
batch = 0 (Δ=0.349s, 100.00%)
Training throughput: 1 batches in 0.348s; word units 100.0% of 8 words (letters-only 100.0% of 8).
Train Loss: output=0.0808, reconstruction=9.1767
Epoch [352/400]
batch = 0 (Δ=0.348s, 100.00%)
Training throughput: 1 batches in 0.348s; word units 100.0% of 8 words (letters-only 100.0% of 8).
Train Loss: output=0.1048, reconstruction=9.1939
Epoch [353/400]
batch = 0 (Δ=0.351s, 100.00%)
Training throughput: 1 batches in 0.350s; word units 100.0% of 8 words (letters-only 100.0% of 8).
Train Loss: output=0.1244, reconstruction=6.3015
Epoch [354/400]
batch = 0 (Δ=0.350s, 100.00%)
Training throughput: 1 batches in 0.349s; word units 100.0% of 8 words (letters-only 100.0% of 8).
Train Loss: output=0.1236, reconstruction=5.7422
Epoch [355/400]
batch = 0 (Δ=0.352s, 100.00%)
Training throughput: 1 batches in 0.351s; word units 100.0% of 8 words (letters-only 100.0% of 8).
Train Loss: output=0.1272, reconstruction=9.1967
Epoch [356/400]
batch = 0 (Δ=0.346s, 100.00%)
Training throughput: 1 batches in 0.345s; word units 100.0% of 8 words (letters-only 100.0% of 8).
Train Loss: output=0.0939, reconstruction=9.1979
Epoch [357/400]
batch = 0 (Δ=0.354s, 100.00%)
Training throughput: 1 batches in 0.353s; word units 100.0% of 8 words (letters-only 100.0% of 8).
Train Loss: output=0.0570, reconstruction=9.1996
Epoch [358/400]
batch = 0 (Δ=0.348s, 100.00%)
Training throughput: 1 batches in 0.348s; word units 100.0% of 8 words (letters-only 100.0% of 8).
Train Loss: output=0.0621, reconstruction=9.2010
Epoch [359/400]
batch = 0 (Δ=0.360s, 100.00%)
Training throughput: 1 batches in 0.359s; word units 100.0% of 8 words (letters-only 100.0% of 8).
Train Loss: output=0.0619, reconstruction=9.2019
Epoch [360/400]
batch = 0 (Δ=0.347s, 100.00%)
Training throughput: 1 batches in 0.346s; word units 100.0% of 8 words (letters-only 100.0% of 8).
Train Loss: output=0.1610, reconstruction=9.1866
Epoch [361/400]
batch = 0 (Δ=0.349s, 100.00%)
Training throughput: 1 batches in 0.349s; word units 100.0% of 8 words (letters-only 100.0% of 8).
Train Loss: output=0.0905, reconstruction=9.2031
Epoch [362/400]
batch = 0 (Δ=0.358s, 100.00%)
Training throughput: 1 batches in 0.358s; word units 100.0% of 8 words (letters-only 100.0% of 8).
Train Loss: output=0.1344, reconstruction=6.3094
Epoch [363/400]
batch = 0 (Δ=0.352s, 100.00%)
Training throughput: 1 batches in 0.352s; word units 100.0% of 8 words (letters-only 100.0% of 8).
Train Loss: output=0.0711, reconstruction=9.2031
Epoch [364/400]
batch = 0 (Δ=0.351s, 100.00%)
Training throughput: 1 batches in 0.351s; word units 100.0% of 8 words (letters-only 100.0% of 8).
Train Loss: output=0.1412, reconstruction=9.2025
Epoch [365/400]
batch = 0 (Δ=0.347s, 100.00%)
Training throughput: 1 batches in 0.346s; word units 100.0% of 8 words (letters-only 100.0% of 8).
Train Loss: output=0.0592, reconstruction=9.2028
Epoch [366/400]
batch = 0 (Δ=0.350s, 100.00%)
Training throughput: 1 batches in 0.350s; word units 100.0% of 8 words (letters-only 100.0% of 8).
Train Loss: output=0.0566, reconstruction=9.2037
Epoch [367/400]
batch = 0 (Δ=0.354s, 100.00%)
Training throughput: 1 batches in 0.353s; word units 100.0% of 8 words (letters-only 100.0% of 8).
Train Loss: output=0.0889, reconstruction=6.3254
Epoch [368/400]
batch = 0 (Δ=0.352s, 100.00%)
Training throughput: 1 batches in 0.351s; word units 100.0% of 8 words (letters-only 100.0% of 8).
Train Loss: output=0.1037, reconstruction=5.7487
Epoch [369/400]
batch = 0 (Δ=0.348s, 100.00%)
Training throughput: 1 batches in 0.348s; word units 100.0% of 8 words (letters-only 100.0% of 8).
Train Loss: output=0.0918, reconstruction=5.7478
Epoch [370/400]
batch = 0 (Δ=0.352s, 100.00%)
Training throughput: 1 batches in 0.351s; word units 100.0% of 8 words (letters-only 100.0% of 8).
Train Loss: output=0.1104, reconstruction=9.2009
Epoch [371/400]
batch = 0 (Δ=0.346s, 100.00%)
Training throughput: 1 batches in 0.345s; word units 100.0% of 8 words (letters-only 100.0% of 8).
Train Loss: output=0.0948, reconstruction=5.7456
Epoch [372/400]
batch = 0 (Δ=0.352s, 100.00%)
Training throughput: 1 batches in 0.351s; word units 100.0% of 8 words (letters-only 100.0% of 8).
Train Loss: output=0.1431, reconstruction=5.7439
Epoch [373/400]
batch = 0 (Δ=0.355s, 100.00%)
Training throughput: 1 batches in 0.355s; word units 100.0% of 8 words (letters-only 100.0% of 8).
Train Loss: output=0.1375, reconstruction=6.3185
Epoch [374/400]
batch = 0 (Δ=0.351s, 100.00%)
Training throughput: 1 batches in 0.350s; word units 100.0% of 8 words (letters-only 100.0% of 8).
Train Loss: output=0.1355, reconstruction=9.1814
Epoch [375/400]
batch = 0 (Δ=0.350s, 100.00%)
Training throughput: 1 batches in 0.349s; word units 100.0% of 8 words (letters-only 100.0% of 8).
Train Loss: output=0.1213, reconstruction=5.7417
Epoch [376/400]
batch = 0 (Δ=0.350s, 100.00%)
Training throughput: 1 batches in 0.350s; word units 100.0% of 8 words (letters-only 100.0% of 8).
Train Loss: output=0.1438, reconstruction=5.7409
Epoch [377/400]
batch = 0 (Δ=0.349s, 100.00%)
Training throughput: 1 batches in 0.348s; word units 100.0% of 8 words (letters-only 100.0% of 8).
Train Loss: output=0.1128, reconstruction=9.1945
Epoch [378/400]
batch = 0 (Δ=0.351s, 100.00%)
Training throughput: 1 batches in 0.351s; word units 100.0% of 8 words (letters-only 100.0% of 8).
Train Loss: output=0.1303, reconstruction=9.1947
Epoch [379/400]
batch = 0 (Δ=0.353s, 100.00%)
Training throughput: 1 batches in 0.353s; word units 100.0% of 8 words (letters-only 100.0% of 8).
Train Loss: output=0.1479, reconstruction=9.1945
Epoch [380/400]
batch = 0 (Δ=0.349s, 100.00%)
Training throughput: 1 batches in 0.348s; word units 100.0% of 8 words (letters-only 100.0% of 8).
Train Loss: output=0.1445, reconstruction=9.1804
Epoch [381/400]
batch = 0 (Δ=0.384s, 100.00%)
Training throughput: 1 batches in 0.384s; word units 100.0% of 8 words (letters-only 100.0% of 8).
Train Loss: output=0.1239, reconstruction=9.1950
Epoch [382/400]
batch = 0 (Δ=0.349s, 100.00%)
Training throughput: 1 batches in 0.349s; word units 100.0% of 8 words (letters-only 100.0% of 8).
Train Loss: output=0.1207, reconstruction=9.1950
Epoch [383/400]
batch = 0 (Δ=0.350s, 100.00%)
Training throughput: 1 batches in 0.350s; word units 100.0% of 8 words (letters-only 100.0% of 8).
Train Loss: output=0.1130, reconstruction=9.1948
Epoch [384/400]
batch = 0 (Δ=0.350s, 100.00%)
Training throughput: 1 batches in 0.349s; word units 100.0% of 8 words (letters-only 100.0% of 8).
Train Loss: output=0.0609, reconstruction=5.7405
Epoch [385/400]
batch = 0 (Δ=0.352s, 100.00%)
Training throughput: 1 batches in 0.352s; word units 100.0% of 8 words (letters-only 100.0% of 8).
Train Loss: output=0.1351, reconstruction=9.1939
Epoch [386/400]
batch = 0 (Δ=0.353s, 100.00%)
Training throughput: 1 batches in 0.352s; word units 100.0% of 8 words (letters-only 100.0% of 8).
Train Loss: output=0.1364, reconstruction=5.7394
Epoch [387/400]
batch = 0 (Δ=0.352s, 100.00%)
Training throughput: 1 batches in 0.352s; word units 100.0% of 8 words (letters-only 100.0% of 8).
Train Loss: output=0.0910, reconstruction=9.1934
Epoch [388/400]
batch = 0 (Δ=0.350s, 100.00%)
Training throughput: 1 batches in 0.349s; word units 100.0% of 8 words (letters-only 100.0% of 8).
Train Loss: output=0.0665, reconstruction=5.7399
Epoch [389/400]
batch = 0 (Δ=0.352s, 100.00%)
Training throughput: 1 batches in 0.351s; word units 100.0% of 8 words (letters-only 100.0% of 8).
Train Loss: output=0.0994, reconstruction=9.1940
Epoch [390/400]
batch = 0 (Δ=0.351s, 100.00%)
Training throughput: 1 batches in 0.350s; word units 100.0% of 8 words (letters-only 100.0% of 8).
Train Loss: output=0.0863, reconstruction=9.1946
Epoch [391/400]
batch = 0 (Δ=0.353s, 100.00%)
Training throughput: 1 batches in 0.353s; word units 100.0% of 8 words (letters-only 100.0% of 8).
Train Loss: output=0.0980, reconstruction=9.1954
Epoch [392/400]
batch = 0 (Δ=0.347s, 100.00%)
Training throughput: 1 batches in 0.347s; word units 100.0% of 8 words (letters-only 100.0% of 8).
Train Loss: output=0.1457, reconstruction=9.1959
Epoch [393/400]
batch = 0 (Δ=0.350s, 100.00%)
Training throughput: 1 batches in 0.349s; word units 100.0% of 8 words (letters-only 100.0% of 8).
Train Loss: output=0.0890, reconstruction=5.7430
Epoch [394/400]
batch = 0 (Δ=0.349s, 100.00%)
Training throughput: 1 batches in 0.349s; word units 100.0% of 8 words (letters-only 100.0% of 8).
Train Loss: output=0.1108, reconstruction=9.1989
Epoch [395/400]
batch = 0 (Δ=0.346s, 100.00%)
Training throughput: 1 batches in 0.345s; word units 100.0% of 8 words (letters-only 100.0% of 8).
Train Loss: output=0.0925, reconstruction=5.7475
Epoch [396/400]
batch = 0 (Δ=0.347s, 100.00%)
Training throughput: 1 batches in 0.347s; word units 100.0% of 8 words (letters-only 100.0% of 8).
Train Loss: output=0.1065, reconstruction=9.1977
Epoch [397/400]
batch = 0 (Δ=0.355s, 100.00%)
Training throughput: 1 batches in 0.354s; word units 100.0% of 8 words (letters-only 100.0% of 8).
Train Loss: output=0.0955, reconstruction=6.5536
Epoch [398/400]
batch = 0 (Δ=0.374s, 100.00%)
Training throughput: 1 batches in 0.373s; word units 100.0% of 8 words (letters-only 100.0% of 8).
Train Loss: output=0.0280, reconstruction=6.4544
Epoch [399/400]
batch = 0 (Δ=0.347s, 100.00%)
Training throughput: 1 batches in 0.346s; word units 100.0% of 8 words (letters-only 100.0% of 8).
Train Loss: output=0.1309, reconstruction=6.5317
Epoch [400/400]
batch = 0 (Δ=0.353s, 100.00%)
Training throughput: 1 batches in 0.353s; word units 100.0% of 8 words (letters-only 100.0% of 8).
Train Loss: output=0.1327, reconstruction=6.5214
Final Stats:
=== Selected operation grammar ===
batch = 0 (Δ=50.389s, 100.00%)
Training throughput: 1 batches in 50.336s; word units 100.0% of 8 words (letters-only 100.0% of 8).
=== Input Reconstruction (test) ===
  row[0] input='hello world' -> reconstructed='hello ' label=0.0000 predicted=0.4799 MISMATCH
  row[1] input='hello there' -> reconstructed='there ' label=1.0000 predicted=0.6073 MISMATCH
  row[2] input='loving world' -> reconstructed='hello ' label=1.0000 predicted=0.2809 MISMATCH
  row[3] input='loving there' -> reconstructed='loving ' label=0.0000 predicted=0.2152 MISMATCH
------------------------------ Captured log call -------------------------------
DEBUG    torch.__trace:utils.py:2363 
DEBUG    torch.__trace:utils.py:2363 
DEBUG    torch.__trace:structured.py:28 
DEBUG    torch.__trace:structured.py:28 
DEBUG    torch.__trace:structured.py:28 
DEBUG    torch.__trace:structured.py:28 
DEBUG    torch.__trace:structured.py:28 
DEBUG    torch.__trace:structured.py:28 
DEBUG    torch.__trace:structured.py:28 
DEBUG    torch.__trace:structured.py:28 
DEBUG    torch.__trace:structured.py:28 
DEBUG    torch.__trace:structured.py:28 
DEBUG    torch.__trace:structured.py:28 
DEBUG    torch.__trace:structured.py:28 
DEBUG    torch.__trace:structured.py:28 
DEBUG    torch.__trace:structured.py:28 
DEBUG    torch.__trace:structured.py:28 
DEBUG    torch.__trace:convert_frame.py:304 
DEBUG    torch.__trace:utils.py:2363 
DEBUG    torch.__trace:utils.py:2363 
DEBUG    torch.__trace:meta_utils.py:298 
DEBUG    torch.__trace:meta_utils.py:537 
DEBUG    torch.__trace:meta_utils.py:2385 
DEBUG    torch.__trace:meta_utils.py:298 
DEBUG    torch.__trace:meta_utils.py:537 
DEBUG    torch.__trace:meta_utils.py:2385 
DEBUG    torch.__trace:meta_utils.py:298 
DEBUG    torch.__trace:meta_utils.py:537 
DEBUG    torch.__trace:meta_utils.py:2385 
DEBUG    torch.__trace:meta_utils.py:298 
DEBUG    torch.__trace:meta_utils.py:537 
DEBUG    torch.__trace:meta_utils.py:2385 
DEBUG    torch.__trace:meta_utils.py:298 
DEBUG    torch.__trace:meta_utils.py:537 
DEBUG    torch.__trace:meta_utils.py:2385 
DEBUG    torch.__trace:meta_utils.py:298 
DEBUG    torch.__trace:meta_utils.py:537 
DEBUG    torch.__trace:meta_utils.py:2385 
DEBUG    torch.__trace:meta_utils.py:298 
DEBUG    torch.__trace:meta_utils.py:537 
DEBUG    torch.__trace:meta_utils.py:2385 
DEBUG    torch.__trace:meta_utils.py:298 
DEBUG    torch.__trace:meta_utils.py:537 
DEBUG    torch.__trace:meta_utils.py:2385 
DEBUG    torch.__trace:meta_utils.py:298 
DEBUG    torch.__trace:meta_utils.py:537 
DEBUG    torch.__trace:meta_utils.py:2385 
DEBUG    torch.__trace:structured.py:28 
DEBUG    torch.__trace:structured.py:28 
DEBUG    torch.__trace:structured.py:28 
DEBUG    torch.__trace:structured.py:28 
DEBUG    torch.__trace:structured.py:28 
DEBUG    torch.__trace:structured.py:28 
DEBUG    torch.__trace:structured.py:28 
DEBUG    torch.__trace:structured.py:28 
DEBUG    torch.__trace:structured.py:28 
DEBUG    torch.__trace:structured.py:28 
DEBUG    torch.__trace:structured.py:28 
DEBUG    torch.__trace:structured.py:28 
DEBUG    torch.__trace:symbolic_shapes.py:5971 
DEBUG    torch.__trace:meta_utils.py:298 
DEBUG    torch.__trace:meta_utils.py:537 
DEBUG    torch.__trace:meta_utils.py:2385 
DEBUG    torch.__trace:meta_utils.py:298 
DEBUG    torch.__trace:meta_utils.py:537 
DEBUG    torch.__trace:meta_utils.py:2385 
DEBUG    torch.__trace:meta_utils.py:298 
DEBUG    torch.__trace:meta_utils.py:537 
DEBUG    torch.__trace:meta_utils.py:2385 
DEBUG    torch.__trace:meta_utils.py:298 
DEBUG    torch.__trace:meta_utils.py:537 
DEBUG    torch.__trace:meta_utils.py:2385 
DEBUG    torch.__trace:meta_utils.py:298 
DEBUG    torch.__trace:meta_utils.py:537 
DEBUG    torch.__trace:meta_utils.py:2385 
DEBUG    torch.__trace:meta_utils.py:298 
DEBUG    torch.__trace:meta_utils.py:537 
DEBUG    torch.__trace:meta_utils.py:2385 
DEBUG    torch.__trace:structured.py:28 
DEBUG    torch.__trace:structured.py:28 
DEBUG    torch.__trace:structured.py:28 
DEBUG    torch.__trace:symbolic_shapes.py:5971 
DEBUG    torch.__trace:meta_utils.py:298 
DEBUG    torch.__trace:meta_utils.py:537 
DEBUG    torch.__trace:meta_utils.py:2385 
DEBUG    torch.__trace:symbolic_shapes.py:5971 
DEBUG    torch.__trace:structured.py:28 
DEBUG    torch.__trace:structured.py:28 
DEBUG    torch.__trace:symbolic_shapes.py:8465 
DEBUG    torch.__trace:meta_utils.py:298 
DEBUG    torch.__trace:meta_utils.py:537 
DEBUG    torch.__trace:meta_utils.py:2385 
DEBUG    torch.__trace:meta_utils.py:298 
DEBUG    torch.__trace:meta_utils.py:537 
DEBUG    torch.__trace:meta_utils.py:2385 
DEBUG    torch.__trace:meta_utils.py:298 
DEBUG    torch.__trace:meta_utils.py:537 
DEBUG    torch.__trace:meta_utils.py:2385 
DEBUG    torch.__trace:meta_utils.py:298 
DEBUG    torch.__trace:meta_utils.py:537 
DEBUG    torch.__trace:meta_utils.py:2385 
DEBUG    torch.__trace:meta_utils.py:298 
DEBUG    torch.__trace:meta_utils.py:537 
DEBUG    torch.__trace:meta_utils.py:2385 
DEBUG    torch.__trace:meta_utils.py:298 
DEBUG    torch.__trace:meta_utils.py:537 
DEBUG    torch.__trace:meta_utils.py:2385 
DEBUG    torch.__trace:structured.py:28 
DEBUG    torch.__trace:structured.py:28 
DEBUG    torch.__trace:structured.py:28 
DEBUG    torch.__trace:structured.py:28 
DEBUG    torch.__trace:symbolic_shapes.py:5521 
DEBUG    torch.__trace:structured.py:28 
DEBUG    torch.__trace:structured.py:28 
DEBUG    torch.__trace:structured.py:28 
DEBUG    torch.__trace:structured.py:28 
DEBUG    torch.__trace:structured.py:28 
DEBUG    torch.__trace:symbolic_shapes.py:8465 
DEBUG    torch.__trace:symbolic_shapes.py:8465 
DEBUG    torch.__trace:meta_utils.py:298 
DEBUG    torch.__trace:meta_utils.py:537 
DEBUG    torch.__trace:meta_utils.py:2385 
DEBUG    torch.__trace:meta_utils.py:298 
DEBUG    torch.__trace:meta_utils.py:537 
DEBUG    torch.__trace:meta_utils.py:2385 
DEBUG    torch.__trace:symbolic_shapes.py:5521 
DEBUG    torch.__trace:symbolic_shapes.py:8465 
DEBUG    torch.__trace:symbolic_shapes.py:8465 
DEBUG    torch.__trace:meta_utils.py:298 
DEBUG    torch.__trace:meta_utils.py:537 
DEBUG    torch.__trace:meta_utils.py:2385 
DEBUG    torch.__trace:utils.py:2363 
DEBUG    torch.__trace:utils.py:2363 
DEBUG    torch.__trace:utils.py:2363 
DEBUG    torch.__trace:output_graph.py:2942 
DEBUG    torch.__trace:utils.py:2363 
DEBUG    torch.__trace:utils.py:2363 
DEBUG    torch.__trace:utils.py:2363 
DEBUG    torch.__trace:structured.py:28 
DEBUG    torch.__trace:structured.py:28 
DEBUG    torch.__trace:structured.py:28 
DEBUG    torch.__trace:structured.py:28 
DEBUG    torch.__trace:structured.py:28 
DEBUG    torch.__trace:structured.py:28 
DEBUG    torch.__trace:structured.py:28 
DEBUG    torch.__trace:symbolic_shapes.py:5521 
DEBUG    torch.__trace:structured.py:28 
DEBUG    torch.__trace:symbolic_shapes.py:8465 
DEBUG    torch.__trace:symbolic_shapes.py:8465 
DEBUG    torch.__trace:symbolic_shapes.py:5521 
DEBUG    torch.__trace:symbolic_shapes.py:8465 
DEBUG    torch.__trace:symbolic_shapes.py:8465 
DEBUG    torch.__trace:utils.py:2363 
DEBUG    torch.__trace:utils.py:2363 
DEBUG    torch.__trace:structured.py:28 
DEBUG    torch.__trace:structured.py:28 
DEBUG    torch.__trace:structured.py:28 
DEBUG    torch.__trace:structured.py:28 
DEBUG    torch.__trace:symbolic_shapes.py:5521 
DEBUG    torch.__trace:structured.py:28 
DEBUG    torch.__trace:structured.py:28 
DEBUG    torch.__trace:symbolic_shapes.py:8465 
DEBUG    torch.__trace:symbolic_shapes.py:8465 
DEBUG    torch.__trace:symbolic_shapes.py:5521 
DEBUG    torch.__trace:symbolic_shapes.py:8465 
DEBUG    torch.__trace:symbolic_shapes.py:8465 
DEBUG    torch.__trace:structured.py:28 
DEBUG    torch.__trace:structured.py:28 
DEBUG    torch.__trace:structured.py:28 
DEBUG    torch.__trace:structured.py:28 
DEBUG    torch.__trace:structured.py:28 
DEBUG    torch.__trace:symbolic_shapes.py:5521 
DEBUG    torch.__trace:symbolic_shapes.py:5521 
DEBUG    torch.__trace:symbolic_shapes.py:5521 
DEBUG    torch.__trace:symbolic_shapes.py:5521 
DEBUG    torch.__trace:symbolic_shapes.py:5521 
DEBUG    torch.__trace:symbolic_shapes.py:5521 
DEBUG    torch.__trace:symbolic_shapes.py:5521 
DEBUG    torch.__trace:symbolic_shapes.py:5521 
DEBUG    torch.__trace:symbolic_shapes.py:5521 
DEBUG    torch.__trace:structured.py:28 
DEBUG    torch.__trace:structured.py:28 
DEBUG    torch.__trace:structured.py:28 
DEBUG    torch.__trace:symbolic_shapes.py:5521 
DEBUG    torch.__trace:symbolic_shapes.py:5521 
DEBUG    torch.__trace:symbolic_shapes.py:5521 
DEBUG    torch.__trace:symbolic_shapes.py:5521 
DEBUG    torch.__trace:symbolic_shapes.py:5521 
DEBUG    torch.__trace:symbolic_shapes.py:5521 
DEBUG    torch.__trace:symbolic_shapes.py:5521 
DEBUG    torch.__trace:symbolic_shapes.py:5521 
DEBUG    torch.__trace:symbolic_shapes.py:5521 
DEBUG    torch.__trace:structured.py:28 
DEBUG    torch.__trace:symbolic_shapes.py:5521 
DEBUG    torch.__trace:symbolic_shapes.py:5521 
DEBUG    torch.__trace:symbolic_shapes.py:5521 
DEBUG    torch.__trace:symbolic_shapes.py:5521 
DEBUG    torch.__trace:symbolic_shapes.py:5521 
DEBUG    torch.__trace:symbolic_shapes.py:5521 
DEBUG    torch.__trace:symbolic_shapes.py:5521 
DEBUG    torch.__trace:symbolic_shapes.py:5521 
DEBUG    torch.__trace:symbolic_shapes.py:5521 
DEBUG    torch.__trace:symbolic_shapes.py:5521 
DEBUG    torch.__trace:symbolic_shapes.py:5521 
DEBUG    torch.__trace:symbolic_shapes.py:5521 
DEBUG    torch.__trace:symbolic_shapes.py:5521 
DEBUG    torch.__trace:symbolic_shapes.py:5521 
DEBUG    torch.__trace:symbolic_shapes.py:5521 
DEBUG    torch.__trace:symbolic_shapes.py:5521 
DEBUG    torch.__trace:symbolic_shapes.py:5521 
DEBUG    torch.__trace:symbolic_shapes.py:5521 
DEBUG    torch.__trace:symbolic_shapes.py:5521 
DEBUG    torch.__trace:symbolic_shapes.py:5521 
DEBUG    torch.__trace:symbolic_shapes.py:5521 
DEBUG    torch.__trace:symbolic_shapes.py:5521 
DEBUG    torch.__trace:symbolic_shapes.py:5521 
DEBUG    torch.__trace:symbolic_shapes.py:5521 
DEBUG    torch.__trace:symbolic_shapes.py:5521 
DEBUG    torch.__trace:symbolic_shapes.py:5521 
DEBUG    torch.__trace:symbolic_shapes.py:5521 
DEBUG    torch.__trace:symbolic_shapes.py:5521 
DEBUG    torch.__trace:symbolic_shapes.py:5521 
DEBUG    torch.__trace:symbolic_shapes.py:5521 
DEBUG    torch.__trace:symbolic_shapes.py:5521 
DEBUG    torch.__trace:symbolic_shapes.py:5521 
DEBUG    torch.__trace:symbolic_shapes.py:5521 
DEBUG    torch.__trace:symbolic_shapes.py:5521 
DEBUG    torch.__trace:symbolic_shapes.py:5521 
DEBUG    torch.__trace:symbolic_shapes.py:5521 
DEBUG    torch.__trace:symbolic_shapes.py:5521 
DEBUG    torch.__trace:symbolic_shapes.py:5521 
DEBUG    torch.__trace:utils.py:2363 
DEBUG    torch.__trace:graph_compile.py:1820 
DEBUG    torch.__trace:graph_compile.py:1841 
DEBUG    torch.__trace:graph_compile.py:1891 
DEBUG    torch.__trace:graph_compile.py:1909 
DEBUG    torch.__trace:graph_compile.py:1913 
DEBUG    torch.__trace:codegen.py:200 
DEBUG    torch.__trace:codegen.py:200 
DEBUG    torch.__trace:codegen.py:200 
DEBUG    torch.__trace:codegen.py:200 
DEBUG    torch.__trace:codegen.py:200 
DEBUG    torch.__trace:codegen.py:200 
DEBUG    torch.__trace:utils.py:2363 
DEBUG    torch.__trace:utils.py:2363 
DEBUG    torch.__trace:utils.py:2363 
DEBUG    torch.__trace:utils.py:2363 
DEBUG    torch.__trace:guards.py:4769 
DEBUG    torch.__trace:utils.py:2363 
DEBUG    torch.__trace:utils.py:2363 
DEBUG    torch.__trace:utils.py:2363 
DEBUG    torch.__trace:utils.py:2363 
DEBUG    torch.__trace:utils.py:2363 
DEBUG    torch.__trace:utils.py:2363 
DEBUG    torch.__trace:utils.py:2022 
DEBUG    torch.__trace:utils.py:2363 
DEBUG    torch.__trace:utils.py:2363 
DEBUG    torch.__trace:utils.py:2363 
DEBUG    torch.__trace:guards.py:5625 
DEBUG    torch.__trace:convert_frame.py:304 
DEBUG    torch.__trace:utils.py:2363 
DEBUG    torch.__trace:utils.py:2363 
DEBUG    torch.__trace:meta_utils.py:298 
DEBUG    torch.__trace:meta_utils.py:537 
DEBUG    torch.__trace:meta_utils.py:2385 
DEBUG    torch.__trace:meta_utils.py:298 
DEBUG    torch.__trace:meta_utils.py:537 
DEBUG    torch.__trace:meta_utils.py:2385 
DEBUG    torch.__trace:meta_utils.py:298 
DEBUG    torch.__trace:meta_utils.py:537 
DEBUG    torch.__trace:meta_utils.py:2385 
DEBUG    torch.__trace:meta_utils.py:298 
DEBUG    torch.__trace:meta_utils.py:537 
DEBUG    torch.__trace:meta_utils.py:2385 
DEBUG    torch.__trace:meta_utils.py:298 
DEBUG    torch.__trace:meta_utils.py:537 
DEBUG    torch.__trace:meta_utils.py:2385 
DEBUG    torch.__trace:meta_utils.py:298 
DEBUG    torch.__trace:meta_utils.py:537 
DEBUG    torch.__trace:meta_utils.py:2385 
DEBUG    torch.__trace:meta_utils.py:298 
DEBUG    torch.__trace:meta_utils.py:537 
DEBUG    torch.__trace:meta_utils.py:2385 
DEBUG    torch.__trace:meta_utils.py:298 
DEBUG    torch.__trace:meta_utils.py:537 
DEBUG    torch.__trace:meta_utils.py:2385 
DEBUG    torch.__trace:meta_utils.py:298 
DEBUG    torch.__trace:meta_utils.py:537 
DEBUG    torch.__trace:meta_utils.py:2385 
DEBUG    torch.__trace:symbolic_shapes.py:5971 
DEBUG    torch.__trace:meta_utils.py:298 
DEBUG    torch.__trace:meta_utils.py:537 
DEBUG    torch.__trace:meta_utils.py:2385 
DEBUG    torch.__trace:meta_utils.py:298 
DEBUG    torch.__trace:meta_utils.py:537 
DEBUG    torch.__trace:meta_utils.py:2385 
DEBUG    torch.__trace:meta_utils.py:298 
DEBUG    torch.__trace:meta_utils.py:537 
DEBUG    torch.__trace:meta_utils.py:2385 
DEBUG    torch.__trace:meta_utils.py:298 
DEBUG    torch.__trace:meta_utils.py:537 
DEBUG    torch.__trace:meta_utils.py:2385 
DEBUG    torch.__trace:meta_utils.py:298 
DEBUG    torch.__trace:meta_utils.py:537 
DEBUG    torch.__trace:meta_utils.py:2385 
DEBUG    torch.__trace:meta_utils.py:298 
DEBUG    torch.__trace:meta_utils.py:537 
DEBUG    torch.__trace:meta_utils.py:2385 
DEBUG    torch.__trace:symbolic_shapes.py:5971 
DEBUG    torch.__trace:meta_utils.py:298 
DEBUG    torch.__trace:meta_utils.py:537 
DEBUG    torch.__trace:meta_utils.py:2385 
DEBUG    torch.__trace:symbolic_shapes.py:5971 
DEBUG    torch.__trace:symbolic_shapes.py:8465 
DEBUG    torch.__trace:meta_utils.py:298 
DEBUG    torch.__trace:meta_utils.py:537 
DEBUG    torch.__trace:meta_utils.py:2385 
DEBUG    torch.__trace:meta_utils.py:298 
DEBUG    torch.__trace:meta_utils.py:537 
DEBUG    torch.__trace:meta_utils.py:2385 
DEBUG    torch.__trace:meta_utils.py:298 
DEBUG    torch.__trace:meta_utils.py:537 
DEBUG    torch.__trace:meta_utils.py:2385 
DEBUG    torch.__trace:meta_utils.py:298 
DEBUG    torch.__trace:meta_utils.py:537 
DEBUG    torch.__trace:meta_utils.py:2385 
DEBUG    torch.__trace:meta_utils.py:298 
DEBUG    torch.__trace:meta_utils.py:537 
DEBUG    torch.__trace:meta_utils.py:2385 
DEBUG    torch.__trace:meta_utils.py:298 
DEBUG    torch.__trace:meta_utils.py:537 
DEBUG    torch.__trace:meta_utils.py:2385 
DEBUG    torch.__trace:symbolic_shapes.py:5521 
DEBUG    torch.__trace:symbolic_shapes.py:8465 
DEBUG    torch.__trace:symbolic_shapes.py:8465 
DEBUG    torch.__trace:meta_utils.py:298 
DEBUG    torch.__trace:meta_utils.py:537 
DEBUG    torch.__trace:meta_utils.py:2385 
DEBUG    torch.__trace:meta_utils.py:298 
DEBUG    torch.__trace:meta_utils.py:537 
DEBUG    torch.__trace:meta_utils.py:2385 
DEBUG    torch.__trace:meta_utils.py:298 
DEBUG    torch.__trace:meta_utils.py:537 
DEBUG    torch.__trace:meta_utils.py:2385 
DEBUG    torch.__trace:symbolic_shapes.py:5521 
DEBUG    torch.__trace:symbolic_shapes.py:8465 
DEBUG    torch.__trace:symbolic_shapes.py:8465 
DEBUG    torch.__trace:meta_utils.py:298 
DEBUG    torch.__trace:meta_utils.py:537 
DEBUG    torch.__trace:meta_utils.py:2385 
DEBUG    torch.__trace:utils.py:2363 
DEBUG    torch.__trace:utils.py:2363 
DEBUG    torch.__trace:utils.py:2363 
DEBUG    torch.__trace:output_graph.py:2942 
DEBUG    torch.__trace:utils.py:2363 
DEBUG    torch.__trace:utils.py:2363 
DEBUG    torch.__trace:utils.py:2363 
DEBUG    torch.__trace:symbolic_shapes.py:5521 
DEBUG    torch.__trace:symbolic_shapes.py:8465 
DEBUG    torch.__trace:symbolic_shapes.py:8465 
DEBUG    torch.__trace:symbolic_shapes.py:5521 
DEBUG    torch.__trace:symbolic_shapes.py:8465 
DEBUG    torch.__trace:symbolic_shapes.py:8465 
DEBUG    torch.__trace:utils.py:2363 
DEBUG    torch.__trace:utils.py:2363 
DEBUG    torch.__trace:symbolic_shapes.py:5521 
DEBUG    torch.__trace:symbolic_shapes.py:8465 
DEBUG    torch.__trace:symbolic_shapes.py:8465 
DEBUG    torch.__trace:symbolic_shapes.py:5521 
DEBUG    torch.__trace:symbolic_shapes.py:8465 
DEBUG    torch.__trace:symbolic_shapes.py:8465 
DEBUG    torch.__trace:symbolic_shapes.py:5521 
DEBUG    torch.__trace:symbolic_shapes.py:5521 
DEBUG    torch.__trace:symbolic_shapes.py:5521 
DEBUG    torch.__trace:symbolic_shapes.py:5521 
DEBUG    torch.__trace:symbolic_shapes.py:5521 
DEBUG    torch.__trace:symbolic_shapes.py:5521 
DEBUG    torch.__trace:symbolic_shapes.py:5521 
DEBUG    torch.__trace:symbolic_shapes.py:5521 
DEBUG    torch.__trace:symbolic_shapes.py:5521 
DEBUG    torch.__trace:symbolic_shapes.py:5521 
DEBUG    torch.__trace:symbolic_shapes.py:5521 
DEBUG    torch.__trace:symbolic_shapes.py:5521 
DEBUG    torch.__trace:symbolic_shapes.py:5521 
DEBUG    torch.__trace:symbolic_shapes.py:5521 
DEBUG    torch.__trace:symbolic_shapes.py:5521 
DEBUG    torch.__trace:symbolic_shapes.py:5521 
DEBUG    torch.__trace:symbolic_shapes.py:5521 
DEBUG    torch.__trace:symbolic_shapes.py:5521 
DEBUG    torch.__trace:symbolic_shapes.py:5521 
DEBUG    torch.__trace:symbolic_shapes.py:5521 
DEBUG    torch.__trace:symbolic_shapes.py:5521 
DEBUG    torch.__trace:symbolic_shapes.py:5521 
DEBUG    torch.__trace:symbolic_shapes.py:5521 
DEBUG    torch.__trace:symbolic_shapes.py:5521 
DEBUG    torch.__trace:symbolic_shapes.py:5521 
DEBUG    torch.__trace:symbolic_shapes.py:5521 
DEBUG    torch.__trace:symbolic_shapes.py:5521 
DEBUG    torch.__trace:symbolic_shapes.py:5521 
DEBUG    torch.__trace:symbolic_shapes.py:5521 
DEBUG    torch.__trace:symbolic_shapes.py:5521 
DEBUG    torch.__trace:symbolic_shapes.py:5521 
DEBUG    torch.__trace:symbolic_shapes.py:5521 
DEBUG    torch.__trace:symbolic_shapes.py:5521 
DEBUG    torch.__trace:symbolic_shapes.py:5521 
DEBUG    torch.__trace:symbolic_shapes.py:5521 
DEBUG    torch.__trace:symbolic_shapes.py:5521 
DEBUG    torch.__trace:symbolic_shapes.py:5521 
DEBUG    torch.__trace:symbolic_shapes.py:5521 
DEBUG    torch.__trace:symbolic_shapes.py:5521 
DEBUG    torch.__trace:symbolic_shapes.py:5521 
DEBUG    torch.__trace:symbolic_shapes.py:5521 
DEBUG    torch.__trace:symbolic_shapes.py:5521 
DEBUG    torch.__trace:symbolic_shapes.py:5521 
DEBUG    torch.__trace:symbolic_shapes.py:5521 
DEBUG    torch.__trace:symbolic_shapes.py:5521 
DEBUG    torch.__trace:symbolic_shapes.py:5521 
DEBUG    torch.__trace:symbolic_shapes.py:5521 
DEBUG    torch.__trace:symbolic_shapes.py:5521 
DEBUG    torch.__trace:symbolic_shapes.py:5521 
DEBUG    torch.__trace:symbolic_shapes.py:5521 
DEBUG    torch.__trace:symbolic_shapes.py:5521 
DEBUG    torch.__trace:symbolic_shapes.py:5521 
DEBUG    torch.__trace:symbolic_shapes.py:5521 
DEBUG    torch.__trace:symbolic_shapes.py:5521 
DEBUG    torch.__trace:symbolic_shapes.py:5521 
DEBUG    torch.__trace:symbolic_shapes.py:5521 
DEBUG    torch.__trace:utils.py:2363 
DEBUG    torch.__trace:graph_compile.py:1820 
DEBUG    torch.__trace:graph_compile.py:1841 
DEBUG    torch.__trace:graph_compile.py:1891 
DEBUG    torch.__trace:graph_compile.py:1909 
DEBUG    torch.__trace:graph_compile.py:1913 
DEBUG    torch.__trace:codegen.py:200 
DEBUG    torch.__trace:codegen.py:200 
DEBUG    torch.__trace:codegen.py:200 
DEBUG    torch.__trace:codegen.py:200 
DEBUG    torch.__trace:codegen.py:200 
DEBUG    torch.__trace:codegen.py:200 
DEBUG    torch.__trace:utils.py:2363 
DEBUG    torch.__trace:utils.py:2363 
DEBUG    torch.__trace:utils.py:2363 
DEBUG    torch.__trace:utils.py:2363 
DEBUG    torch.__trace:guards.py:4769 
DEBUG    torch.__trace:utils.py:2363 
DEBUG    torch.__trace:utils.py:2363 
DEBUG    torch.__trace:utils.py:2363 
DEBUG    torch.__trace:utils.py:2363 
DEBUG    torch.__trace:utils.py:2363 
DEBUG    torch.__trace:utils.py:2363 
DEBUG    torch.__trace:utils.py:2022 
DEBUG    torch.__trace:utils.py:2363 
DEBUG    torch.__trace:utils.py:2363 
DEBUG    torch.__trace:utils.py:2363 
DEBUG    torch.__trace:guards.py:5625 
DEBUG    torch.__trace:convert_frame.py:304 
DEBUG    torch.__trace:utils.py:2363 
DEBUG    torch.__trace:utils.py:2363 
DEBUG    torch.__trace:meta_utils.py:298 
DEBUG    torch.__trace:meta_utils.py:537 
DEBUG    torch.__trace:meta_utils.py:2385 
DEBUG    torch.__trace:meta_utils.py:298 
DEBUG    torch.__trace:meta_utils.py:537 
DEBUG    torch.__trace:meta_utils.py:2385 
DEBUG    torch.__trace:meta_utils.py:298 
DEBUG    torch.__trace:meta_utils.py:537 
DEBUG    torch.__trace:meta_utils.py:2385 
DEBUG    torch.__trace:meta_utils.py:298 
DEBUG    torch.__trace:meta_utils.py:537 
DEBUG    torch.__trace:meta_utils.py:2385 
DEBUG    torch.__trace:meta_utils.py:298 
DEBUG    torch.__trace:meta_utils.py:537 
DEBUG    torch.__trace:meta_utils.py:2385 
DEBUG    torch.__trace:meta_utils.py:298 
DEBUG    torch.__trace:meta_utils.py:537 
DEBUG    torch.__trace:meta_utils.py:2385 
DEBUG    torch.__trace:meta_utils.py:298 
DEBUG    torch.__trace:meta_utils.py:537 
DEBUG    torch.__trace:meta_utils.py:2385 
DEBUG    torch.__trace:meta_utils.py:298 
DEBUG    torch.__trace:meta_utils.py:537 
DEBUG    torch.__trace:meta_utils.py:2385 
DEBUG    torch.__trace:meta_utils.py:298 
DEBUG    torch.__trace:meta_utils.py:537 
DEBUG    torch.__trace:meta_utils.py:2385 
DEBUG    torch.__trace:symbolic_shapes.py:5971 
DEBUG    torch.__trace:meta_utils.py:298 
DEBUG    torch.__trace:meta_utils.py:537 
DEBUG    torch.__trace:meta_utils.py:2385 
DEBUG    torch.__trace:meta_utils.py:298 
DEBUG    torch.__trace:meta_utils.py:537 
DEBUG    torch.__trace:meta_utils.py:2385 
DEBUG    torch.__trace:meta_utils.py:298 
DEBUG    torch.__trace:meta_utils.py:537 
DEBUG    torch.__trace:meta_utils.py:2385 
DEBUG    torch.__trace:meta_utils.py:298 
DEBUG    torch.__trace:meta_utils.py:537 
DEBUG    torch.__trace:meta_utils.py:2385 
DEBUG    torch.__trace:meta_utils.py:298 
DEBUG    torch.__trace:meta_utils.py:537 
DEBUG    torch.__trace:meta_utils.py:2385 
DEBUG    torch.__trace:meta_utils.py:298 
DEBUG    torch.__trace:meta_utils.py:537 
DEBUG    torch.__trace:meta_utils.py:2385 
DEBUG    torch.__trace:symbolic_shapes.py:5971 
DEBUG    torch.__trace:meta_utils.py:298 
DEBUG    torch.__trace:meta_utils.py:537 
DEBUG    torch.__trace:meta_utils.py:2385 
DEBUG    torch.__trace:symbolic_shapes.py:5971 
DEBUG    torch.__trace:symbolic_shapes.py:8465 
DEBUG    torch.__trace:meta_utils.py:298 
DEBUG    torch.__trace:meta_utils.py:537 
DEBUG    torch.__trace:meta_utils.py:2385 
DEBUG    torch.__trace:meta_utils.py:298 
DEBUG    torch.__trace:meta_utils.py:537 
DEBUG    torch.__trace:meta_utils.py:2385 
DEBUG    torch.__trace:meta_utils.py:298 
DEBUG    torch.__trace:meta_utils.py:537 
DEBUG    torch.__trace:meta_utils.py:2385 
DEBUG    torch.__trace:meta_utils.py:298 
DEBUG    torch.__trace:meta_utils.py:537 
DEBUG    torch.__trace:meta_utils.py:2385 
DEBUG    torch.__trace:meta_utils.py:298 
DEBUG    torch.__trace:meta_utils.py:537 
DEBUG    torch.__trace:meta_utils.py:2385 
DEBUG    torch.__trace:meta_utils.py:298 
DEBUG    torch.__trace:meta_utils.py:537 
DEBUG    torch.__trace:meta_utils.py:2385 
DEBUG    torch.__trace:meta_utils.py:298 
DEBUG    torch.__trace:meta_utils.py:537 
DEBUG    torch.__trace:meta_utils.py:2385 
DEBUG    torch.__trace:meta_utils.py:298 
DEBUG    torch.__trace:meta_utils.py:537 
DEBUG    torch.__trace:meta_utils.py:2385 
DEBUG    torch.__trace:utils.py:2363 
DEBUG    torch.__trace:utils.py:2363 
DEBUG    torch.__trace:utils.py:2363 
DEBUG    torch.__trace:output_graph.py:2942 
DEBUG    torch.__trace:utils.py:2363 
DEBUG    torch.__trace:utils.py:2363 
DEBUG    torch.__trace:utils.py:2363 
DEBUG    torch.__trace:utils.py:2363 
DEBUG    torch.__trace:graph_capture.py:428 
DEBUG    torch.__trace:graph_capture.py:446 
DEBUG    torch.__trace:graph_compile.py:382 
DEBUG    torch.__trace:codegen.py:200 
DEBUG    torch.__trace:utils.py:2363 
DEBUG    torch.__trace:utils.py:2363 
DEBUG    torch.__trace:utils.py:2363 
DEBUG    torch.__trace:utils.py:2363 
DEBUG    torch.__trace:guards.py:4769 
DEBUG    torch.__trace:utils.py:2363 
DEBUG    torch.__trace:utils.py:2363 
DEBUG    torch.__trace:utils.py:2363 
DEBUG    torch.__trace:utils.py:2363 
DEBUG    torch.__trace:utils.py:2363 
DEBUG    torch.__trace:utils.py:2363 
DEBUG    torch.__trace:utils.py:2022 
DEBUG    torch.__trace:utils.py:2363 
DEBUG    torch.__trace:utils.py:2363 
DEBUG    torch.__trace:utils.py:2363 
DEBUG    torch.__trace:guards.py:5625 
DEBUG    torch.__trace:convert_frame.py:304 
DEBUG    torch.__trace:utils.py:2363 
DEBUG    torch.__trace:utils.py:2363 
DEBUG    torch.__trace:meta_utils.py:298 
DEBUG    torch.__trace:meta_utils.py:537 
DEBUG    torch.__trace:meta_utils.py:2385 
DEBUG    torch.__trace:meta_utils.py:298 
DEBUG    torch.__trace:meta_utils.py:537 
DEBUG    torch.__trace:meta_utils.py:2385 
DEBUG    torch.__trace:meta_utils.py:298 
DEBUG    torch.__trace:meta_utils.py:537 
DEBUG    torch.__trace:meta_utils.py:2385 
DEBUG    torch.__trace:meta_utils.py:298 
DEBUG    torch.__trace:meta_utils.py:537 
DEBUG    torch.__trace:meta_utils.py:2385 
DEBUG    torch.__trace:meta_utils.py:298 
DEBUG    torch.__trace:meta_utils.py:537 
DEBUG    torch.__trace:meta_utils.py:2385 
DEBUG    torch.__trace:meta_utils.py:298 
DEBUG    torch.__trace:meta_utils.py:537 
DEBUG    torch.__trace:meta_utils.py:2385 
DEBUG    torch.__trace:meta_utils.py:298 
DEBUG    torch.__trace:meta_utils.py:537 
DEBUG    torch.__trace:meta_utils.py:2385 
DEBUG    torch.__trace:meta_utils.py:298 
DEBUG    torch.__trace:meta_utils.py:537 
DEBUG    torch.__trace:meta_utils.py:2385 
DEBUG    torch.__trace:meta_utils.py:298 
DEBUG    torch.__trace:meta_utils.py:537 
DEBUG    torch.__trace:meta_utils.py:2385 
DEBUG    torch.__trace:symbolic_shapes.py:5971 
DEBUG    torch.__trace:meta_utils.py:298 
DEBUG    torch.__trace:meta_utils.py:537 
DEBUG    torch.__trace:meta_utils.py:2385 
DEBUG    torch.__trace:meta_utils.py:298 
DEBUG    torch.__trace:meta_utils.py:537 
DEBUG    torch.__trace:meta_utils.py:2385 
DEBUG    torch.__trace:meta_utils.py:298 
DEBUG    torch.__trace:meta_utils.py:537 
DEBUG    torch.__trace:meta_utils.py:2385 
DEBUG    torch.__trace:meta_utils.py:298 
DEBUG    torch.__trace:meta_utils.py:537 
DEBUG    torch.__trace:meta_utils.py:2385 
DEBUG    torch.__trace:meta_utils.py:298 
DEBUG    torch.__trace:meta_utils.py:537 
DEBUG    torch.__trace:meta_utils.py:2385 
DEBUG    torch.__trace:meta_utils.py:298 
DEBUG    torch.__trace:meta_utils.py:537 
DEBUG    torch.__trace:meta_utils.py:2385 
DEBUG    torch.__trace:symbolic_shapes.py:5971 
DEBUG    torch.__trace:meta_utils.py:298 
DEBUG    torch.__trace:meta_utils.py:537 
DEBUG    torch.__trace:meta_utils.py:2385 
DEBUG    torch.__trace:symbolic_shapes.py:5971 
DEBUG    torch.__trace:symbolic_shapes.py:8465 
DEBUG    torch.__trace:meta_utils.py:298 
DEBUG    torch.__trace:meta_utils.py:537 
DEBUG    torch.__trace:meta_utils.py:2385 
DEBUG    torch.__trace:meta_utils.py:298 
DEBUG    torch.__trace:meta_utils.py:537 
DEBUG    torch.__trace:meta_utils.py:2385 
DEBUG    torch.__trace:meta_utils.py:298 
DEBUG    torch.__trace:meta_utils.py:537 
DEBUG    torch.__trace:meta_utils.py:2385 
DEBUG    torch.__trace:meta_utils.py:298 
DEBUG    torch.__trace:meta_utils.py:537 
DEBUG    torch.__trace:meta_utils.py:2385 
DEBUG    torch.__trace:meta_utils.py:298 
DEBUG    torch.__trace:meta_utils.py:537 
DEBUG    torch.__trace:meta_utils.py:2385 
DEBUG    torch.__trace:meta_utils.py:298 
DEBUG    torch.__trace:meta_utils.py:537 
DEBUG    torch.__trace:meta_utils.py:2385 
DEBUG    torch.__trace:meta_utils.py:298 
DEBUG    torch.__trace:meta_utils.py:537 
DEBUG    torch.__trace:meta_utils.py:2385 
DEBUG    torch.__trace:meta_utils.py:298 
DEBUG    torch.__trace:meta_utils.py:537 
DEBUG    torch.__trace:meta_utils.py:2385 
DEBUG    torch.__trace:meta_utils.py:298 
DEBUG    torch.__trace:meta_utils.py:537 
DEBUG    torch.__trace:meta_utils.py:2385 
DEBUG    torch.__trace:utils.py:2363 
DEBUG    torch.__trace:utils.py:2363 
DEBUG    torch.__trace:utils.py:2363 
DEBUG    torch.__trace:output_graph.py:2942 
DEBUG    torch.__trace:utils.py:2363 
DEBUG    torch.__trace:utils.py:2363 
DEBUG    torch.__trace:utils.py:2363 
DEBUG    torch.__trace:utils.py:2363 
DEBUG    torch.__trace:graph_capture.py:428 
DEBUG    torch.__trace:graph_capture.py:446 
DEBUG    torch.__trace:graph_compile.py:382 
DEBUG    torch.__trace:codegen.py:200 
DEBUG    torch.__trace:utils.py:2363 
DEBUG    torch.__trace:utils.py:2363 
DEBUG    torch.__trace:utils.py:2363 
DEBUG    torch.__trace:utils.py:2363 
DEBUG    torch.__trace:guards.py:4769 
DEBUG    torch.__trace:utils.py:2363 
DEBUG    torch.__trace:utils.py:2363 
DEBUG    torch.__trace:utils.py:2363 
DEBUG    torch.__trace:utils.py:2363 
DEBUG    torch.__trace:utils.py:2363 
DEBUG    torch.__trace:utils.py:2363 
DEBUG    torch.__trace:utils.py:2022 
DEBUG    torch.__trace:utils.py:2363 
DEBUG    torch.__trace:utils.py:2363 
DEBUG    torch.__trace:utils.py:2363 
DEBUG    torch.__trace:convert_frame.py:304 
DEBUG    torch.__trace:utils.py:2363 
DEBUG    torch.__trace:utils.py:2363 
DEBUG    torch.__trace:meta_utils.py:298 
DEBUG    torch.__trace:meta_utils.py:537 
DEBUG    torch.__trace:meta_utils.py:2385 
DEBUG    torch.__trace:structured.py:28 
DEBUG    torch.__trace:symbolic_shapes.py:5971 
DEBUG    torch.__trace:meta_utils.py:298 
DEBUG    torch.__trace:meta_utils.py:537 
DEBUG    torch.__trace:meta_utils.py:2385 
DEBUG    torch.__trace:meta_utils.py:298 
DEBUG    torch.__trace:meta_utils.py:537 
DEBUG    torch.__trace:meta_utils.py:2385 
DEBUG    torch.__trace:meta_utils.py:298 
DEBUG    torch.__trace:meta_utils.py:537 
DEBUG    torch.__trace:meta_utils.py:2385 
DEBUG    torch.__trace:meta_utils.py:298 
DEBUG    torch.__trace:meta_utils.py:537 
DEBUG    torch.__trace:meta_utils.py:2385 
DEBUG    torch.__trace:meta_utils.py:298 
DEBUG    torch.__trace:meta_utils.py:537 
DEBUG    torch.__trace:meta_utils.py:2385 
DEBUG    torch.__trace:meta_utils.py:298 
DEBUG    torch.__trace:meta_utils.py:537 
DEBUG    torch.__trace:meta_utils.py:2385 
DEBUG    torch.__trace:symbolic_shapes.py:5971 
DEBUG    torch.__trace:meta_utils.py:298 
DEBUG    torch.__trace:meta_utils.py:537 
DEBUG    torch.__trace:meta_utils.py:2385 
DEBUG    torch.__trace:meta_utils.py:298 
DEBUG    torch.__trace:meta_utils.py:537 
DEBUG    torch.__trace:meta_utils.py:2385 
DEBUG    torch.__trace:meta_utils.py:298 
DEBUG    torch.__trace:meta_utils.py:537 
DEBUG    torch.__trace:meta_utils.py:2385 
DEBUG    torch.__trace:meta_utils.py:298 
DEBUG    torch.__trace:meta_utils.py:537 
DEBUG    torch.__trace:meta_utils.py:2385 
DEBUG    torch.__trace:meta_utils.py:298 
DEBUG    torch.__trace:meta_utils.py:537 
DEBUG    torch.__trace:meta_utils.py:2385 
DEBUG    torch.__trace:meta_utils.py:298 
DEBUG    torch.__trace:meta_utils.py:537 
DEBUG    torch.__trace:meta_utils.py:2385 
DEBUG    torch.__trace:meta_utils.py:298 
DEBUG    torch.__trace:meta_utils.py:537 
DEBUG    torch.__trace:meta_utils.py:2385 
DEBUG    torch.__trace:meta_utils.py:298 
DEBUG    torch.__trace:meta_utils.py:537 
DEBUG    torch.__trace:meta_utils.py:2385 
DEBUG    torch.__trace:meta_utils.py:298 
DEBUG    torch.__trace:meta_utils.py:537 
DEBUG    torch.__trace:meta_utils.py:2385 
DEBUG    torch.__trace:meta_utils.py:298 
DEBUG    torch.__trace:meta_utils.py:537 
DEBUG    torch.__trace:meta_utils.py:2385 
DEBUG    torch.__trace:meta_utils.py:298 
DEBUG    torch.__trace:meta_utils.py:537 
DEBUG    torch.__trace:meta_utils.py:2385 
DEBUG    torch.__trace:meta_utils.py:298 
DEBUG    torch.__trace:meta_utils.py:537 
DEBUG    torch.__trace:meta_utils.py:2385 
DEBUG    torch.__trace:meta_utils.py:298 
DEBUG    torch.__trace:meta_utils.py:537 
DEBUG    torch.__trace:meta_utils.py:2385 
DEBUG    torch.__trace:utils.py:2363 
DEBUG    torch.__trace:utils.py:2363 
DEBUG    torch.__trace:utils.py:2363 
DEBUG    torch.__trace:output_graph.py:2942 
DEBUG    torch.__trace:utils.py:2363 
DEBUG    torch.__trace:utils.py:2363 
DEBUG    torch.__trace:utils.py:2363 
DEBUG    torch.__trace:utils.py:2363 
DEBUG    torch.__trace:guards.py:4769 
DEBUG    torch.__trace:utils.py:2363 
DEBUG    torch.__trace:utils.py:2363 
DEBUG    torch.__trace:utils.py:2363 
DEBUG    torch.__trace:utils.py:2363 
DEBUG    torch.__trace:utils.py:2022 
DEBUG    torch.__trace:utils.py:2363 
DEBUG    torch.__trace:utils.py:2363 
DEBUG    torch.__trace:utils.py:2363 
DEBUG    torch.__trace:guards.py:5625 
DEBUG    torch.__trace:convert_frame.py:304 
DEBUG    torch.__trace:utils.py:2363 
DEBUG    torch.__trace:utils.py:2363 
DEBUG    torch.__trace:meta_utils.py:298 
DEBUG    torch.__trace:meta_utils.py:537 
DEBUG    torch.__trace:meta_utils.py:2385 
DEBUG    torch.__trace:symbolic_shapes.py:5971 
DEBUG    torch.__trace:utils.py:2402 
DEBUG    torch.__trace:utils.py:2402 
DEBUG    torch.__trace:meta_utils.py:298 
DEBUG    torch.__trace:meta_utils.py:537 
DEBUG    torch.__trace:meta_utils.py:2385 
DEBUG    torch.__trace:symbolic_shapes.py:5971 
DEBUG    torch.__trace:symbolic_shapes.py:5971 
DEBUG    torch.__trace:symbolic_shapes.py:5971 
DEBUG    torch.__trace:utils.py:2402 
DEBUG    torch.__trace:utils.py:2402 
DEBUG    torch.__trace:meta_utils.py:298 
DEBUG    torch.__trace:meta_utils.py:537 
DEBUG    torch.__trace:meta_utils.py:2385 
DEBUG    torch.__trace:symbolic_shapes.py:5971 
DEBUG    torch.__trace:utils.py:2402 
DEBUG    torch.__trace:meta_utils.py:298 
DEBUG    torch.__trace:meta_utils.py:537 
DEBUG    torch.__trace:meta_utils.py:2385 
DEBUG    torch.__trace:utils.py:2402 
DEBUG    torch.__trace:structured.py:28 
DEBUG    torch.__trace:symbolic_shapes.py:5971 
DEBUG    torch.__trace:symbolic_shapes.py:8465 
DEBUG    torch.__trace:symbolic_shapes.py:8056 
DEBUG    torch.__trace:utils.py:2402 
DEBUG    torch.__trace:symbolic_shapes.py:5971 
DEBUG    torch.__trace:symbolic_shapes.py:8465 
DEBUG    torch.__trace:utils.py:2402 
DEBUG    torch.__trace:structured.py:28 
DEBUG    torch.__trace:structured.py:28 
DEBUG    torch.__trace:structured.py:28 
DEBUG    torch.__trace:symbolic_shapes.py:5971 
DEBUG    torch.__trace:symbolic_shapes.py:8465 
DEBUG    torch.__trace:symbolic_shapes.py:8056 
DEBUG    torch.__trace:utils.py:2402 
DEBUG    torch.__trace:symbolic_shapes.py:5971 
DEBUG    torch.__trace:symbolic_shapes.py:8465 
DEBUG    torch.__trace:meta_utils.py:298 
DEBUG    torch.__trace:meta_utils.py:537 
DEBUG    torch.__trace:meta_utils.py:2385 
DEBUG    torch.__trace:symbolic_shapes.py:5971 
DEBUG    torch.__trace:utils.py:2402 
DEBUG    torch.__trace:symbolic_shapes.py:5971 
DEBUG    torch.__trace:symbolic_shapes.py:8465 
DEBUG    torch.__trace:symbolic_shapes.py:8056 
DEBUG    torch.__trace:utils.py:2402 
DEBUG    torch.__trace:symbolic_shapes.py:5971 
DEBUG    torch.__trace:symbolic_shapes.py:8465 
DEBUG    torch.__trace:utils.py:2402 
DEBUG    torch.__trace:symbolic_shapes.py:5971 
DEBUG    torch.__trace:symbolic_shapes.py:8465 
DEBUG    torch.__trace:symbolic_shapes.py:8056 
DEBUG    torch.__trace:utils.py:2402 
DEBUG    torch.__trace:symbolic_shapes.py:5971 
DEBUG    torch.__trace:symbolic_shapes.py:8465 
DEBUG    torch.__trace:utils.py:2402 
DEBUG    torch.__trace:utils.py:2402 
DEBUG    torch.__trace:meta_utils.py:298 
DEBUG    torch.__trace:meta_utils.py:537 
DEBUG    torch.__trace:meta_utils.py:2385 
DEBUG    torch.__trace:symbolic_shapes.py:5971 
DEBUG    torch.__trace:symbolic_shapes.py:5971 
DEBUG    torch.__trace:utils.py:2402 
DEBUG    torch.__trace:meta_utils.py:298 
DEBUG    torch.__trace:meta_utils.py:537 
DEBUG    torch.__trace:meta_utils.py:2385 
DEBUG    torch.__trace:symbolic_shapes.py:5971 
DEBUG    torch.__trace:symbolic_shapes.py:5971 
DEBUG    torch.__trace:structured.py:28 
DEBUG    torch.__trace:structured.py:28 
DEBUG    torch.__trace:symbolic_shapes.py:8465 
DEBUG    torch.__trace:symbolic_shapes.py:8465 
DEBUG    torch.__trace:utils.py:2402 
DEBUG    torch.__trace:meta_utils.py:298 
DEBUG    torch.__trace:meta_utils.py:537 
DEBUG    torch.__trace:meta_utils.py:537 
DEBUG    torch.__trace:meta_utils.py:2385 
DEBUG    torch.__trace:symbolic_shapes.py:5971 
DEBUG    torch.__trace:symbolic_shapes.py:8465 
DEBUG    torch.__trace:symbolic_shapes.py:8465 
DEBUG    torch.__trace:utils.py:2402 
DEBUG    torch.__trace:utils.py:2402 
DEBUG    torch.__trace:meta_utils.py:298 
DEBUG    torch.__trace:meta_utils.py:537 
DEBUG    torch.__trace:meta_utils.py:2385 
DEBUG    torch.__trace:symbolic_shapes.py:5971 
DEBUG    torch.__trace:symbolic_shapes.py:8465 
DEBUG    torch.__trace:utils.py:2402 
DEBUG    torch.__trace:meta_utils.py:298 
DEBUG    torch.__trace:meta_utils.py:537 
DEBUG    torch.__trace:meta_utils.py:2385 
DEBUG    torch.__trace:symbolic_shapes.py:5971 
DEBUG    torch.__trace:symbolic_shapes.py:5971 
DEBUG    torch.__trace:utils.py:2402 
DEBUG    torch.__trace:structured.py:28 
DEBUG    torch.__trace:symbolic_shapes.py:5971 
DEBUG    torch.__trace:symbolic_shapes.py:8465 
DEBUG    torch.__trace:symbolic_shapes.py:8465 
DEBUG    torch.__trace:structured.py:28 
DEBUG    torch.__trace:symbolic_shapes.py:8465 
DEBUG    torch.__trace:symbolic_shapes.py:8465 
DEBUG    torch.__trace:symbolic_shapes.py:8465 
DEBUG    torch.__trace:symbolic_shapes.py:8465 
DEBUG    torch.__trace:symbolic_shapes.py:8465 
DEBUG    torch.__trace:symbolic_shapes.py:8465 
DEBUG    torch.__trace:symbolic_shapes.py:8465 
DEBUG    torch.__trace:symbolic_shapes.py:8465 
DEBUG    torch.__trace:symbolic_shapes.py:8465 
DEBUG    torch.__trace:symbolic_shapes.py:8465 
DEBUG    torch.__trace:structured.py:28 
DEBUG    torch.__trace:symbolic_shapes.py:8465 
DEBUG    torch.__trace:symbolic_shapes.py:8465 
DEBUG    torch.__trace:symbolic_shapes.py:8465 
DEBUG    torch.__trace:symbolic_shapes.py:8465 
DEBUG    torch.__trace:meta_utils.py:298 
DEBUG    torch.__trace:meta_utils.py:537 
DEBUG    torch.__trace:meta_utils.py:2385 
DEBUG    torch.__trace:symbolic_shapes.py:8465 
DEBUG    torch.__trace:symbolic_shapes.py:8056 
DEBUG    torch.__trace:symbolic_shapes.py:8056 
DEBUG    torch.__trace:utils.py:2402 
DEBUG    torch.__trace:utils.py:2402 
DEBUG    torch.__trace:meta_utils.py:298 
DEBUG    torch.__trace:meta_utils.py:537 
DEBUG    torch.__trace:meta_utils.py:2385 
DEBUG    torch.__trace:symbolic_shapes.py:5971 
DEBUG    torch.__trace:symbolic_shapes.py:5971 
DEBUG    torch.__trace:symbolic_shapes.py:5971 
DEBUG    torch.__trace:symbolic_shapes.py:8465 
DEBUG    torch.__trace:symbolic_shapes.py:8056 
DEBUG    torch.__trace:symbolic_shapes.py:8465 
DEBUG    torch.__trace:symbolic_shapes.py:8465 
DEBUG    torch.__trace:symbolic_shapes.py:8056 
DEBUG    torch.__trace:utils.py:2402 
DEBUG    torch.__trace:utils.py:2402 
DEBUG    torch.__trace:meta_utils.py:298 
DEBUG    torch.__trace:meta_utils.py:537 
DEBUG    torch.__trace:meta_utils.py:2385 
DEBUG    torch.__trace:symbolic_shapes.py:5971 
DEBUG    torch.__trace:symbolic_shapes.py:8465 
DEBUG    torch.__trace:symbolic_shapes.py:8056 
DEBUG    torch.__trace:utils.py:2402 
DEBUG    torch.__trace:utils.py:2402 
DEBUG    torch.__trace:symbolic_shapes.py:5971 
DEBUG    torch.__trace:utils.py:2402 
DEBUG    torch.__trace:utils.py:2402 
DEBUG    torch.__trace:symbolic_shapes.py:5971 
DEBUG    torch.__trace:meta_utils.py:298 
DEBUG    torch.__trace:meta_utils.py:537 
DEBUG    torch.__trace:meta_utils.py:2385 
DEBUG    torch.__trace:utils.py:2402 
DEBUG    torch.__trace:symbolic_shapes.py:5971 
DEBUG    torch.__trace:symbolic_shapes.py:8465 
DEBUG    torch.__trace:symbolic_shapes.py:8465 
DEBUG    torch.__trace:symbolic_shapes.py:8465 
DEBUG    torch.__trace:symbolic_shapes.py:8465 
DEBUG    torch.__trace:symbolic_shapes.py:8465 
DEBUG    torch.__trace:symbolic_shapes.py:8465 
DEBUG    torch.__trace:symbolic_shapes.py:8465 
DEBUG    torch.__trace:symbolic_shapes.py:8465 
DEBUG    torch.__trace:symbolic_shapes.py:8465 
DEBUG    torch.__trace:symbolic_shapes.py:8056 
DEBUG    torch.__trace:meta_utils.py:298 
DEBUG    torch.__trace:meta_utils.py:537 
DEBUG    torch.__trace:meta_utils.py:2385 
DEBUG    torch.__trace:symbolic_shapes.py:8465 
DEBUG    torch.__trace:meta_utils.py:298 
DEBUG    torch.__trace:meta_utils.py:537 
DEBUG    torch.__trace:meta_utils.py:2385 
DEBUG    torch.__trace:meta_utils.py:298 
DEBUG    torch.__trace:meta_utils.py:537 
DEBUG    torch.__trace:meta_utils.py:2385 
DEBUG    torch.__trace:meta_utils.py:298 
DEBUG    torch.__trace:meta_utils.py:537 
DEBUG    torch.__trace:meta_utils.py:2385 
DEBUG    torch.__trace:meta_utils.py:298 
DEBUG    torch.__trace:meta_utils.py:537 
DEBUG    torch.__trace:meta_utils.py:2385 
DEBUG    torch.__trace:meta_utils.py:298 
DEBUG    torch.__trace:meta_utils.py:537 
DEBUG    torch.__trace:meta_utils.py:2385 
DEBUG    torch.__trace:meta_utils.py:298 
DEBUG    torch.__trace:meta_utils.py:537 
DEBUG    torch.__trace:meta_utils.py:2385 
DEBUG    torch.__trace:structured.py:28 
DEBUG    torch.__trace:structured.py:28 
DEBUG    torch.__trace:structured.py:28 
DEBUG    torch.__trace:symbolic_shapes.py:8465 
DEBUG    torch.__trace:symbolic_shapes.py:8056 
DEBUG    torch.__trace:meta_utils.py:298 
DEBUG    torch.__trace:meta_utils.py:537 
DEBUG    torch.__trace:meta_utils.py:2385 
DEBUG    torch.__trace:symbolic_shapes.py:8465 
DEBUG    torch.__trace:symbolic_shapes.py:8465 
DEBUG    torch.__trace:symbolic_shapes.py:8465 
DEBUG    torch.__trace:symbolic_shapes.py:8465 
DEBUG    torch.__trace:symbolic_shapes.py:8465 
DEBUG    torch.__trace:symbolic_shapes.py:8465 
DEBUG    torch.__trace:symbolic_shapes.py:8465 
DEBUG    torch.__trace:symbolic_shapes.py:8465 
DEBUG    torch.__trace:symbolic_shapes.py:8465 
DEBUG    torch.__trace:symbolic_shapes.py:8465 
DEBUG    torch.__trace:symbolic_shapes.py:8465 
DEBUG    torch.__trace:meta_utils.py:298 
DEBUG    torch.__trace:meta_utils.py:537 
DEBUG    torch.__trace:meta_utils.py:2385 
DEBUG    torch.__trace:meta_utils.py:298 
DEBUG    torch.__trace:meta_utils.py:537 
DEBUG    torch.__trace:meta_utils.py:2385 
DEBUG    torch.__trace:symbolic_shapes.py:8465 
DEBUG    torch.__trace:meta_utils.py:298 
DEBUG    torch.__trace:meta_utils.py:537 
DEBUG    torch.__trace:meta_utils.py:537 
DEBUG    torch.__trace:meta_utils.py:2385 
DEBUG    torch.__trace:symbolic_shapes.py:8465 
DEBUG    torch.__trace:symbolic_shapes.py:8056 
DEBUG    torch.__trace:symbolic_shapes.py:8465 
DEBUG    torch.__trace:symbolic_shapes.py:8465 
DEBUG    torch.__trace:symbolic_shapes.py:8056 
DEBUG    torch.__trace:symbolic_shapes.py:8465 
DEBUG    torch.__trace:symbolic_shapes.py:8056 
DEBUG    torch.__trace:structured.py:28 
DEBUG    torch.__trace:structured.py:28 
DEBUG    torch.__trace:symbolic_shapes.py:8056 
DEBUG    torch.__trace:symbolic_shapes.py:8465 
DEBUG    torch.__trace:symbolic_shapes.py:8056 
DEBUG    torch.__trace:symbolic_shapes.py:8465 
DEBUG    torch.__trace:symbolic_shapes.py:8465 
DEBUG    torch.__trace:utils.py:2363 
DEBUG    torch.__trace:utils.py:2363 
DEBUG    torch.__trace:utils.py:2363 
DEBUG    torch.__trace:output_graph.py:2942 
DEBUG    torch.__trace:utils.py:2363 
DEBUG    torch.__trace:utils.py:2363 
DEBUG    torch.__trace:utils.py:2363 
DEBUG    torch.__trace:utils.py:2363 
DEBUG    torch.__trace:guards.py:4769 
DEBUG    torch.__trace:utils.py:2363 
DEBUG    torch.__trace:utils.py:2363 
DEBUG    torch.__trace:utils.py:2363 
DEBUG    torch.__trace:utils.py:2363 
DEBUG    torch.__trace:utils.py:2363 
DEBUG    torch.__trace:utils.py:2363 
DEBUG    torch.__trace:utils.py:2022 
DEBUG    torch.__trace:utils.py:2363 
DEBUG    torch.__trace:utils.py:2363 
DEBUG    torch.__trace:utils.py:2363 
DEBUG    torch.__trace:guards.py:5625 
DEBUG    torch.__trace:convert_frame.py:304 
DEBUG    torch.__trace:utils.py:2363 
DEBUG    torch.__trace:utils.py:2363 
DEBUG    torch.__trace:meta_utils.py:298 
DEBUG    torch.__trace:meta_utils.py:537 
DEBUG    torch.__trace:meta_utils.py:2385 
DEBUG    torch.__trace:symbolic_shapes.py:5971 
DEBUG    torch.__trace:meta_utils.py:298 
DEBUG    torch.__trace:meta_utils.py:537 
DEBUG    torch.__trace:meta_utils.py:2385 
DEBUG    torch.__trace:symbolic_shapes.py:5971 
DEBUG    torch.__trace:symbolic_shapes.py:5971 
DEBUG    torch.__trace:symbolic_shapes.py:5971 
DEBUG    torch.__trace:meta_utils.py:298 
DEBUG    torch.__trace:meta_utils.py:537 
DEBUG    torch.__trace:meta_utils.py:2385 
DEBUG    torch.__trace:symbolic_shapes.py:5971 
DEBUG    torch.__trace:meta_utils.py:298 
DEBUG    torch.__trace:meta_utils.py:537 
DEBUG    torch.__trace:meta_utils.py:2385 
DEBUG    torch.__trace:utils.py:2402 
DEBUG    torch.__trace:meta_utils.py:298 
DEBUG    torch.__trace:meta_utils.py:537 
DEBUG    torch.__trace:meta_utils.py:2385 
DEBUG    torch.__trace:utils.py:2402 
DEBUG    torch.__trace:utils.py:2402 
DEBUG    torch.__trace:meta_utils.py:298 
DEBUG    torch.__trace:meta_utils.py:537 
DEBUG    torch.__trace:meta_utils.py:2385 
DEBUG    torch.__trace:symbolic_shapes.py:5971 
DEBUG    torch.__trace:meta_utils.py:298 
DEBUG    torch.__trace:meta_utils.py:537 
DEBUG    torch.__trace:meta_utils.py:2385 
DEBUG    torch.__trace:meta_utils.py:298 
DEBUG    torch.__trace:meta_utils.py:537 
DEBUG    torch.__trace:meta_utils.py:2385 
DEBUG    torch.__trace:symbolic_shapes.py:5971 
DEBUG    torch.__trace:symbolic_shapes.py:8465 
DEBUG    torch.__trace:symbolic_shapes.py:8056 
DEBUG    torch.__trace:symbolic_shapes.py:5971 
DEBUG    torch.__trace:symbolic_shapes.py:8465 
DEBUG    torch.__trace:symbolic_shapes.py:5971 
DEBUG    torch.__trace:symbolic_shapes.py:8465 
DEBUG    torch.__trace:symbolic_shapes.py:8056 
DEBUG    torch.__trace:symbolic_shapes.py:5971 
DEBUG    torch.__trace:symbolic_shapes.py:8465 
DEBUG    torch.__trace:meta_utils.py:298 
DEBUG    torch.__trace:meta_utils.py:537 
DEBUG    torch.__trace:meta_utils.py:2385 
DEBUG    torch.__trace:symbolic_shapes.py:5971 
DEBUG    torch.__trace:symbolic_shapes.py:5971 
DEBUG    torch.__trace:symbolic_shapes.py:8465 
DEBUG    torch.__trace:symbolic_shapes.py:8056 
DEBUG    torch.__trace:symbolic_shapes.py:5971 
DEBUG    torch.__trace:symbolic_shapes.py:8465 
DEBUG    torch.__trace:symbolic_shapes.py:5971 
DEBUG    torch.__trace:symbolic_shapes.py:8465 
DEBUG    torch.__trace:symbolic_shapes.py:8056 
DEBUG    torch.__trace:symbolic_shapes.py:5971 
DEBUG    torch.__trace:symbolic_shapes.py:8465 
DEBUG    torch.__trace:meta_utils.py:298 
DEBUG    torch.__trace:meta_utils.py:537 
DEBUG    torch.__trace:meta_utils.py:2385 
DEBUG    torch.__trace:meta_utils.py:298 
DEBUG    torch.__trace:meta_utils.py:537 
DEBUG    torch.__trace:meta_utils.py:2385 
DEBUG    torch.__trace:meta_utils.py:298 
DEBUG    torch.__trace:meta_utils.py:537 
DEBUG    torch.__trace:meta_utils.py:2385 
DEBUG    torch.__trace:symbolic_shapes.py:5971 
DEBUG    torch.__trace:symbolic_shapes.py:5971 
DEBUG    torch.__trace:symbolic_shapes.py:8465 
DEBUG    torch.__trace:utils.py:2402 
DEBUG    torch.__trace:meta_utils.py:298 
DEBUG    torch.__trace:meta_utils.py:537 
DEBUG    torch.__trace:meta_utils.py:2385 
DEBUG    torch.__trace:symbolic_shapes.py:5971 
DEBUG    torch.__trace:symbolic_shapes.py:5971 
DEBUG    torch.__trace:symbolic_shapes.py:8465 
DEBUG    torch.__trace:meta_utils.py:298 
DEBUG    torch.__trace:meta_utils.py:537 
DEBUG    torch.__trace:meta_utils.py:2385 
DEBUG    torch.__trace:symbolic_shapes.py:5971 
DEBUG    torch.__trace:symbolic_shapes.py:5971 
DEBUG    torch.__trace:symbolic_shapes.py:8465 
DEBUG    torch.__trace:symbolic_shapes.py:8465 
DEBUG    torch.__trace:symbolic_shapes.py:8465 
DEBUG    torch.__trace:symbolic_shapes.py:8465 
DEBUG    torch.__trace:symbolic_shapes.py:8465 
DEBUG    torch.__trace:symbolic_shapes.py:8465 
DEBUG    torch.__trace:symbolic_shapes.py:8465 
DEBUG    torch.__trace:symbolic_shapes.py:8465 
DEBUG    torch.__trace:symbolic_shapes.py:8465 
DEBUG    torch.__trace:symbolic_shapes.py:8465 
DEBUG    torch.__trace:symbolic_shapes.py:8465 
DEBUG    torch.__trace:symbolic_shapes.py:8465 
DEBUG    torch.__trace:symbolic_shapes.py:8465 
DEBUG    torch.__trace:symbolic_shapes.py:8465 
DEBUG    torch.__trace:symbolic_shapes.py:8465 
DEBUG    torch.__trace:symbolic_shapes.py:8465 
DEBUG    torch.__trace:symbolic_shapes.py:8465 
DEBUG    torch.__trace:symbolic_shapes.py:8465 
DEBUG    torch.__trace:symbolic_shapes.py:8465 
DEBUG    torch.__trace:symbolic_shapes.py:8465 
DEBUG    torch.__trace:symbolic_shapes.py:8465 
DEBUG    torch.__trace:symbolic_shapes.py:8465 
DEBUG    torch.__trace:symbolic_shapes.py:8465 
DEBUG    torch.__trace:meta_utils.py:298 
DEBUG    torch.__trace:meta_utils.py:537 
DEBUG    torch.__trace:meta_utils.py:2385 
DEBUG    torch.__trace:symbolic_shapes.py:8465 
DEBUG    torch.__trace:symbolic_shapes.py:8465 
DEBUG    torch.__trace:symbolic_shapes.py:8465 
DEBUG    torch.__trace:symbolic_shapes.py:8056 
DEBUG    torch.__trace:symbolic_shapes.py:8465 
DEBUG    torch.__trace:symbolic_shapes.py:8056 
DEBUG    torch.__trace:meta_utils.py:298 
DEBUG    torch.__trace:meta_utils.py:537 
DEBUG    torch.__trace:meta_utils.py:2385 
DEBUG    torch.__trace:meta_utils.py:298 
DEBUG    torch.__trace:meta_utils.py:537 
DEBUG    torch.__trace:meta_utils.py:2385 
DEBUG    torch.__trace:meta_utils.py:298 
DEBUG    torch.__trace:meta_utils.py:537 
DEBUG    torch.__trace:meta_utils.py:2385 
DEBUG    torch.__trace:meta_utils.py:298 
DEBUG    torch.__trace:meta_utils.py:537 
DEBUG    torch.__trace:meta_utils.py:2385 
DEBUG    torch.__trace:meta_utils.py:298 
DEBUG    torch.__trace:meta_utils.py:537 
DEBUG    torch.__trace:meta_utils.py:2385 
DEBUG    torch.__trace:meta_utils.py:298 
DEBUG    torch.__trace:meta_utils.py:537 
DEBUG    torch.__trace:meta_utils.py:2385 
DEBUG    torch.__trace:symbolic_shapes.py:5971 
DEBUG    torch.__trace:symbolic_shapes.py:5971 
DEBUG    torch.__trace:symbolic_shapes.py:8465 
DEBUG    torch.__trace:symbolic_shapes.py:8056 
DEBUG    torch.__trace:meta_utils.py:298 
DEBUG    torch.__trace:meta_utils.py:537 
DEBUG    torch.__trace:meta_utils.py:2385 
DEBUG    torch.__trace:symbolic_shapes.py:8465 
DEBUG    torch.__trace:symbolic_shapes.py:8056 
DEBUG    torch.__trace:symbolic_shapes.py:8465 
DEBUG    torch.__trace:symbolic_shapes.py:8056 
DEBUG    torch.__trace:meta_utils.py:298 
DEBUG    torch.__trace:meta_utils.py:537 
DEBUG    torch.__trace:meta_utils.py:2385 
DEBUG    torch.__trace:symbolic_shapes.py:8465 
DEBUG    torch.__trace:symbolic_shapes.py:8465 
DEBUG    torch.__trace:symbolic_shapes.py:8465 
DEBUG    torch.__trace:symbolic_shapes.py:8465 
DEBUG    torch.__trace:symbolic_shapes.py:8465 
DEBUG    torch.__trace:symbolic_shapes.py:8465 
DEBUG    torch.__trace:symbolic_shapes.py:8465 
DEBUG    torch.__trace:meta_utils.py:298 
DEBUG    torch.__trace:meta_utils.py:537 
DEBUG    torch.__trace:meta_utils.py:2385 
DEBUG    torch.__trace:meta_utils.py:298 
DEBUG    torch.__trace:meta_utils.py:537 
DEBUG    torch.__trace:meta_utils.py:2385 
DEBUG    torch.__trace:meta_utils.py:298 
DEBUG    torch.__trace:meta_utils.py:537 
DEBUG    torch.__trace:meta_utils.py:2385 
DEBUG    torch.__trace:meta_utils.py:298 
DEBUG    torch.__trace:meta_utils.py:537 
DEBUG    torch.__trace:meta_utils.py:2385 
DEBUG    torch.__trace:symbolic_shapes.py:5971 
DEBUG    torch.__trace:symbolic_shapes.py:5971 
DEBUG    torch.__trace:symbolic_shapes.py:5971 
DEBUG    torch.__trace:symbolic_shapes.py:8465 
DEBUG    torch.__trace:symbolic_shapes.py:8056 
DEBUG    torch.__trace:symbolic_shapes.py:8465 
DEBUG    torch.__trace:symbolic_shapes.py:8056 
DEBUG    torch.__trace:meta_utils.py:298 
DEBUG    torch.__trace:meta_utils.py:537 
DEBUG    torch.__trace:meta_utils.py:2385 
DEBUG    torch.__trace:symbolic_shapes.py:5971 
DEBUG    torch.__trace:symbolic_shapes.py:5971 
DEBUG    torch.__trace:symbolic_shapes.py:5971 
DEBUG    torch.__trace:utils.py:2402 
DEBUG    torch.__trace:utils.py:2402 
DEBUG    torch.__trace:meta_utils.py:298 
DEBUG    torch.__trace:meta_utils.py:537 
DEBUG    torch.__trace:meta_utils.py:2385 
DEBUG    torch.__trace:symbolic_shapes.py:5971 
DEBUG    torch.__trace:symbolic_shapes.py:5971 
DEBUG    torch.__trace:symbolic_shapes.py:5971 
DEBUG    torch.__trace:symbolic_shapes.py:8465 
DEBUG    torch.__trace:symbolic_shapes.py:8056 
DEBUG    torch.__trace:symbolic_shapes.py:8465 
DEBUG    torch.__trace:symbolic_shapes.py:8056 
DEBUG    torch.__trace:utils.py:2402 
DEBUG    torch.__trace:meta_utils.py:298 
DEBUG    torch.__trace:meta_utils.py:537 
DEBUG    torch.__trace:meta_utils.py:2385 
DEBUG    torch.__trace:symbolic_shapes.py:5971 
DEBUG    torch.__trace:symbolic_shapes.py:5971 
DEBUG    torch.__trace:symbolic_shapes.py:8465 
DEBUG    torch.__trace:symbolic_shapes.py:8465 
DEBUG    torch.__trace:symbolic_shapes.py:8465 
DEBUG    torch.__trace:meta_utils.py:298 
DEBUG    torch.__trace:meta_utils.py:537 
DEBUG    torch.__trace:meta_utils.py:2385 
DEBUG    torch.__trace:symbolic_shapes.py:5971 
DEBUG    torch.__trace:symbolic_shapes.py:8465 
DEBUG    torch.__trace:symbolic_shapes.py:8465 
DEBUG    torch.__trace:symbolic_shapes.py:8465 
DEBUG    torch.__trace:symbolic_shapes.py:8465 
DEBUG    torch.__trace:symbolic_shapes.py:8056 
DEBUG    torch.__trace:utils.py:2363 
DEBUG    torch.__trace:utils.py:2363 
DEBUG    torch.__trace:utils.py:2363 
DEBUG    torch.__trace:output_graph.py:2942 
DEBUG    torch.__trace:utils.py:2363 
DEBUG    torch.__trace:utils.py:2363 
DEBUG    torch.__trace:utils.py:2363 
DEBUG    torch.__trace:utils.py:2363 
DEBUG    torch.__trace:guards.py:4769 
DEBUG    torch.__trace:utils.py:2363 
DEBUG    torch.__trace:utils.py:2363 
DEBUG    torch.__trace:utils.py:2363 
DEBUG    torch.__trace:utils.py:2363 
DEBUG    torch.__trace:utils.py:2363 
DEBUG    torch.__trace:utils.py:2363 
DEBUG    torch.__trace:utils.py:2022 
DEBUG    torch.__trace:utils.py:2363
=============================== warnings summary ===============================
test/test_explicit_dimensions.py::TestXorGrammarReconstruction::test_piecewise_overall_at_least_50_pct
  /Users/arogers/github/WikiOracle/basicmodel/.venv/lib/python3.12/site-packages/torch/utils/_device.py:122: UserWarning: Sparse invariant checks are implicitly disabled. Memory errors (e.g. SEGFAULT) will occur when operating on a sparse tensor which violates the invariants, but checks incur performance overhead. To silence this warning, explicitly opt in or out. See `torch.sparse.check_sparse_tensor_invariants.__doc__` for guidance.  (Triggered internally at /Users/runner/work/pytorch/pytorch/aten/src/ATen/Context.cpp:855.)
    return func(*args, **kwargs)

-- Docs: https://docs.pytest.org/en/stable/how-to/capture-warnings.html
=========================== short test summary info ============================
FAILED test/test_explicit_dimensions.py::TestXorGrammarReconstruction::test_piecewise_overall_at_least_50_pct
1 failed, 1 warning in 302.81s (0:05:02)
