F                                                                        [100%]
=================================== FAILURES ===================================
_______________ TestXorGrammarLearnsXor.test_xor_class_accuracy ________________
test/test_explicit_dimensions.py:236: in test_xor_class_accuracy
    self.assertTrue(
E   AssertionError: False is not true : XOR_grammar requires all four answers correct: [0.6521313190460205, 0.6520177125930786, 0.6368553638458252, 0.6609878540039062]
----------------------------- Captured stdout call -----------------------------
Device: cpu
Peer pipeline: static PS/WS stage bodies compiled separately; legacy compatibility scheduler remains outside fullgraph capture


==== BasicModel ====

Trial [1/1]
Baseline test pass skipped (--test not specified). Re-invoke train.py with --test to include baseline + post-epoch evaluation.
Epoch [1/400]
[AMP] off (fp32, MODEL_AMP unset or =off)
batch = 0 (warm-up, 100.00%)
Training throughput: 1 batches in 53.647s; word units 100.0% of 8 words (letters-only 100.0% of 8).
Train Loss: output=0.1680, reconstruction=0.0010
Epoch [2/400]
batch = 0 (Δ=0.259s, 100.00%)
Training throughput: 1 batches in 0.258s; word units 100.0% of 8 words (letters-only 100.0% of 8).
Train Loss: output=0.1575, reconstruction=0.6603
Epoch [3/400]
batch = 0 (Δ=0.257s, 100.00%)
Training throughput: 1 batches in 0.257s; word units 100.0% of 8 words (letters-only 100.0% of 8).
Train Loss: output=0.1527, reconstruction=1.1615
Epoch [4/400]
batch = 0 (Δ=0.255s, 100.00%)
Training throughput: 1 batches in 0.255s; word units 100.0% of 8 words (letters-only 100.0% of 8).
Train Loss: output=0.1424, reconstruction=0.0013
Epoch [5/400]
batch = 0 (Δ=0.254s, 100.00%)
Training throughput: 1 batches in 0.253s; word units 100.0% of 8 words (letters-only 100.0% of 8).
Train Loss: output=0.1437, reconstruction=0.4568
Epoch [6/400]
batch = 0 (Δ=0.259s, 100.00%)
Training throughput: 1 batches in 0.258s; word units 100.0% of 8 words (letters-only 100.0% of 8).
Train Loss: output=0.1419, reconstruction=0.0020
Epoch [7/400]
batch = 0 (Δ=0.255s, 100.00%)
Training throughput: 1 batches in 0.254s; word units 100.0% of 8 words (letters-only 100.0% of 8).
Train Loss: output=0.1609, reconstruction=0.4113
Epoch [8/400]
batch = 0 (Δ=0.259s, 100.00%)
Training throughput: 1 batches in 0.259s; word units 100.0% of 8 words (letters-only 100.0% of 8).
Train Loss: output=0.1560, reconstruction=0.3893
Epoch [9/400]
batch = 0 (Δ=0.259s, 100.00%)
Training throughput: 1 batches in 0.258s; word units 100.0% of 8 words (letters-only 100.0% of 8).
Train Loss: output=0.1525, reconstruction=0.9091
Epoch [10/400]
batch = 0 (Δ=0.262s, 100.00%)
Training throughput: 1 batches in 0.262s; word units 100.0% of 8 words (letters-only 100.0% of 8).
Train Loss: output=0.1710, reconstruction=0.8705
Epoch [11/400]
batch = 0 (Δ=0.256s, 100.00%)
Training throughput: 1 batches in 0.256s; word units 100.0% of 8 words (letters-only 100.0% of 8).
Train Loss: output=0.1497, reconstruction=0.5202
Epoch [12/400]
batch = 0 (Δ=0.259s, 100.00%)
Training throughput: 1 batches in 0.259s; word units 100.0% of 8 words (letters-only 100.0% of 8).
Train Loss: output=0.1674, reconstruction=0.4997
Epoch [13/400]
batch = 0 (Δ=0.260s, 100.00%)
Training throughput: 1 batches in 0.258s; word units 100.0% of 8 words (letters-only 100.0% of 8).
Train Loss: output=0.1812, reconstruction=0.4803
Epoch [14/400]
batch = 0 (Δ=0.259s, 100.00%)
Training throughput: 1 batches in 0.259s; word units 100.0% of 8 words (letters-only 100.0% of 8).
Train Loss: output=0.1587, reconstruction=0.4623
Epoch [15/400]
batch = 0 (Δ=0.260s, 100.00%)
Training throughput: 1 batches in 0.259s; word units 100.0% of 8 words (letters-only 100.0% of 8).
Train Loss: output=0.1757, reconstruction=0.4438
Epoch [16/400]
batch = 0 (Δ=0.260s, 100.00%)
Training throughput: 1 batches in 0.259s; word units 100.0% of 8 words (letters-only 100.0% of 8).
Train Loss: output=0.1734, reconstruction=0.4262
Epoch [17/400]
batch = 0 (Δ=0.263s, 100.00%)
Training throughput: 1 batches in 0.262s; word units 100.0% of 8 words (letters-only 100.0% of 8).
Train Loss: output=0.1549, reconstruction=0.4101
Epoch [18/400]
batch = 0 (Δ=0.258s, 100.00%)
Training throughput: 1 batches in 0.257s; word units 100.0% of 8 words (letters-only 100.0% of 8).
Train Loss: output=0.1636, reconstruction=0.0218
Epoch [19/400]
batch = 0 (Δ=0.265s, 100.00%)
Training throughput: 1 batches in 0.264s; word units 100.0% of 8 words (letters-only 100.0% of 8).
Train Loss: output=0.1429, reconstruction=0.0242
Epoch [20/400]
batch = 0 (Δ=0.260s, 100.00%)
Training throughput: 1 batches in 0.260s; word units 100.0% of 8 words (letters-only 100.0% of 8).
Train Loss: output=0.1638, reconstruction=0.0265
Epoch [21/400]
batch = 0 (Δ=0.261s, 100.00%)
Training throughput: 1 batches in 0.261s; word units 100.0% of 8 words (letters-only 100.0% of 8).
Train Loss: output=0.1692, reconstruction=0.0284
Epoch [22/400]
batch = 0 (Δ=0.263s, 100.00%)
Training throughput: 1 batches in 0.262s; word units 100.0% of 8 words (letters-only 100.0% of 8).
Train Loss: output=0.1463, reconstruction=0.0303
Epoch [23/400]
batch = 0 (Δ=0.259s, 100.00%)
Training throughput: 1 batches in 0.258s; word units 100.0% of 8 words (letters-only 100.0% of 8).
Train Loss: output=0.1816, reconstruction=0.0317
Epoch [24/400]
batch = 0 (Δ=0.258s, 100.00%)
Training throughput: 1 batches in 0.258s; word units 100.0% of 8 words (letters-only 100.0% of 8).
Train Loss: output=0.1347, reconstruction=0.0321
Epoch [25/400]
batch = 0 (Δ=0.259s, 100.00%)
Training throughput: 1 batches in 0.258s; word units 100.0% of 8 words (letters-only 100.0% of 8).
Train Loss: output=0.1461, reconstruction=0.0319
Epoch [26/400]
batch = 0 (Δ=0.263s, 100.00%)
Training throughput: 1 batches in 0.263s; word units 100.0% of 8 words (letters-only 100.0% of 8).
Train Loss: output=0.1471, reconstruction=0.0317
Epoch [27/400]
batch = 0 (Δ=0.260s, 100.00%)
Training throughput: 1 batches in 0.259s; word units 100.0% of 8 words (letters-only 100.0% of 8).
Train Loss: output=0.1366, reconstruction=0.0313
Epoch [28/400]
batch = 0 (Δ=0.257s, 100.00%)
Training throughput: 1 batches in 0.256s; word units 100.0% of 8 words (letters-only 100.0% of 8).
Train Loss: output=0.1367, reconstruction=0.0307
Epoch [29/400]
batch = 0 (Δ=0.259s, 100.00%)
Training throughput: 1 batches in 0.258s; word units 100.0% of 8 words (letters-only 100.0% of 8).
Train Loss: output=0.1103, reconstruction=0.0303
Epoch [30/400]
batch = 0 (Δ=0.260s, 100.00%)
Training throughput: 1 batches in 0.259s; word units 100.0% of 8 words (letters-only 100.0% of 8).
Train Loss: output=0.1634, reconstruction=0.0304
Epoch [31/400]
batch = 0 (Δ=0.260s, 100.00%)
Training throughput: 1 batches in 0.260s; word units 100.0% of 8 words (letters-only 100.0% of 8).
Train Loss: output=0.1564, reconstruction=0.0298
Epoch [32/400]
batch = 0 (Δ=0.260s, 100.00%)
Training throughput: 1 batches in 0.259s; word units 100.0% of 8 words (letters-only 100.0% of 8).
Train Loss: output=0.1067, reconstruction=0.0288
Epoch [33/400]
batch = 0 (Δ=0.258s, 100.00%)
Training throughput: 1 batches in 0.258s; word units 100.0% of 8 words (letters-only 100.0% of 8).
Train Loss: output=0.1808, reconstruction=0.0285
Epoch [34/400]
batch = 0 (Δ=0.257s, 100.00%)
Training throughput: 1 batches in 0.257s; word units 100.0% of 8 words (letters-only 100.0% of 8).
Train Loss: output=0.1248, reconstruction=0.0284
Epoch [35/400]
batch = 0 (Δ=0.257s, 100.00%)
Training throughput: 1 batches in 0.256s; word units 100.0% of 8 words (letters-only 100.0% of 8).
Train Loss: output=0.1516, reconstruction=0.0286
Epoch [36/400]
batch = 0 (Δ=0.257s, 100.00%)
Training throughput: 1 batches in 0.257s; word units 100.0% of 8 words (letters-only 100.0% of 8).
Train Loss: output=0.1083, reconstruction=0.0288
Epoch [37/400]
batch = 0 (Δ=0.258s, 100.00%)
Training throughput: 1 batches in 0.258s; word units 100.0% of 8 words (letters-only 100.0% of 8).
Train Loss: output=0.1305, reconstruction=0.0280
Epoch [38/400]
batch = 0 (Δ=0.260s, 100.00%)
Training throughput: 1 batches in 0.259s; word units 100.0% of 8 words (letters-only 100.0% of 8).
Train Loss: output=0.1421, reconstruction=0.0264
Epoch [39/400]
batch = 0 (Δ=0.259s, 100.00%)
Training throughput: 1 batches in 0.258s; word units 100.0% of 8 words (letters-only 100.0% of 8).
Train Loss: output=0.1433, reconstruction=0.0243
Epoch [40/400]
batch = 0 (Δ=0.255s, 100.00%)
Training throughput: 1 batches in 0.255s; word units 100.0% of 8 words (letters-only 100.0% of 8).
Train Loss: output=0.1390, reconstruction=0.0223
Epoch [41/400]
batch = 0 (Δ=0.257s, 100.00%)
Training throughput: 1 batches in 0.256s; word units 100.0% of 8 words (letters-only 100.0% of 8).
Train Loss: output=0.1044, reconstruction=0.2446
Epoch [42/400]
batch = 0 (Δ=0.262s, 100.00%)
Training throughput: 1 batches in 0.261s; word units 100.0% of 8 words (letters-only 100.0% of 8).
Train Loss: output=0.1197, reconstruction=0.2395
Epoch [43/400]
batch = 0 (Δ=0.258s, 100.00%)
Training throughput: 1 batches in 0.258s; word units 100.0% of 8 words (letters-only 100.0% of 8).
Train Loss: output=0.1351, reconstruction=0.0228
Epoch [44/400]
batch = 0 (Δ=0.262s, 100.00%)
Training throughput: 1 batches in 0.262s; word units 100.0% of 8 words (letters-only 100.0% of 8).
Train Loss: output=0.1164, reconstruction=0.0259
Epoch [45/400]
batch = 0 (Δ=0.258s, 100.00%)
Training throughput: 1 batches in 0.258s; word units 100.0% of 8 words (letters-only 100.0% of 8).
Train Loss: output=0.1263, reconstruction=0.0302
Epoch [46/400]
batch = 0 (Δ=0.255s, 100.00%)
Training throughput: 1 batches in 0.254s; word units 100.0% of 8 words (letters-only 100.0% of 8).
Train Loss: output=0.1400, reconstruction=0.0354
Epoch [47/400]
batch = 0 (Δ=0.259s, 100.00%)
Training throughput: 1 batches in 0.259s; word units 100.0% of 8 words (letters-only 100.0% of 8).
Train Loss: output=0.1265, reconstruction=0.0404
Epoch [48/400]
batch = 0 (Δ=0.261s, 100.00%)
Training throughput: 1 batches in 0.261s; word units 100.0% of 8 words (letters-only 100.0% of 8).
Train Loss: output=0.1207, reconstruction=0.0444
Epoch [49/400]
batch = 0 (Δ=0.262s, 100.00%)
Training throughput: 1 batches in 0.261s; word units 100.0% of 8 words (letters-only 100.0% of 8).
Train Loss: output=0.1211, reconstruction=0.0476
Epoch [50/400]
batch = 0 (Δ=0.264s, 100.00%)
Training throughput: 1 batches in 0.263s; word units 100.0% of 8 words (letters-only 100.0% of 8).
Train Loss: output=0.1171, reconstruction=0.0501
Epoch [51/400]
batch = 0 (Δ=0.258s, 100.00%)
Training throughput: 1 batches in 0.257s; word units 100.0% of 8 words (letters-only 100.0% of 8).
Train Loss: output=0.1099, reconstruction=0.0521
Epoch [52/400]
batch = 0 (Δ=0.261s, 100.00%)
Training throughput: 1 batches in 0.260s; word units 100.0% of 8 words (letters-only 100.0% of 8).
Train Loss: output=0.1126, reconstruction=0.0535
Epoch [53/400]
batch = 0 (Δ=0.257s, 100.00%)
Training throughput: 1 batches in 0.256s; word units 100.0% of 8 words (letters-only 100.0% of 8).
Train Loss: output=0.1346, reconstruction=0.0543
Epoch [54/400]
batch = 0 (Δ=0.256s, 100.00%)
Training throughput: 1 batches in 0.256s; word units 100.0% of 8 words (letters-only 100.0% of 8).
Train Loss: output=0.1251, reconstruction=0.0548
Epoch [55/400]
batch = 0 (Δ=0.256s, 100.00%)
Training throughput: 1 batches in 0.255s; word units 100.0% of 8 words (letters-only 100.0% of 8).
Train Loss: output=0.0930, reconstruction=0.0550
Epoch [56/400]
batch = 0 (Δ=0.256s, 100.00%)
Training throughput: 1 batches in 0.255s; word units 100.0% of 8 words (letters-only 100.0% of 8).
Train Loss: output=0.1167, reconstruction=0.0548
Epoch [57/400]
batch = 0 (Δ=0.257s, 100.00%)
Training throughput: 1 batches in 0.257s; word units 100.0% of 8 words (letters-only 100.0% of 8).
Train Loss: output=0.1075, reconstruction=0.0543
Epoch [58/400]
batch = 0 (Δ=0.257s, 100.00%)
Training throughput: 1 batches in 0.257s; word units 100.0% of 8 words (letters-only 100.0% of 8).
Train Loss: output=0.1200, reconstruction=0.0539
Epoch [59/400]
batch = 0 (Δ=0.260s, 100.00%)
Training throughput: 1 batches in 0.259s; word units 100.0% of 8 words (letters-only 100.0% of 8).
Train Loss: output=0.0739, reconstruction=0.0539
Epoch [60/400]
batch = 0 (Δ=0.255s, 100.00%)
Training throughput: 1 batches in 0.255s; word units 100.0% of 8 words (letters-only 100.0% of 8).
Train Loss: output=0.1197, reconstruction=0.0540
Epoch [61/400]
batch = 0 (Δ=0.257s, 100.00%)
Training throughput: 1 batches in 0.256s; word units 100.0% of 8 words (letters-only 100.0% of 8).
Train Loss: output=0.1471, reconstruction=0.0539
Epoch [62/400]
batch = 0 (Δ=0.256s, 100.00%)
Training throughput: 1 batches in 0.255s; word units 100.0% of 8 words (letters-only 100.0% of 8).
Train Loss: output=0.1447, reconstruction=0.0535
Epoch [63/400]
batch = 0 (Δ=0.257s, 100.00%)
Training throughput: 1 batches in 0.256s; word units 100.0% of 8 words (letters-only 100.0% of 8).
Train Loss: output=0.0916, reconstruction=0.0528
Epoch [64/400]
batch = 0 (Δ=0.252s, 100.00%)
Training throughput: 1 batches in 0.252s; word units 100.0% of 8 words (letters-only 100.0% of 8).
Train Loss: output=0.1596, reconstruction=0.0519
Epoch [65/400]
batch = 0 (Δ=0.256s, 100.00%)
Training throughput: 1 batches in 0.256s; word units 100.0% of 8 words (letters-only 100.0% of 8).
Train Loss: output=0.1053, reconstruction=0.0512
Epoch [66/400]
batch = 0 (Δ=0.259s, 100.00%)
Training throughput: 1 batches in 0.259s; word units 100.0% of 8 words (letters-only 100.0% of 8).
Train Loss: output=0.1748, reconstruction=0.0504
Epoch [67/400]
batch = 0 (Δ=0.259s, 100.00%)
Training throughput: 1 batches in 0.259s; word units 100.0% of 8 words (letters-only 100.0% of 8).
Train Loss: output=0.1078, reconstruction=0.0500
Epoch [68/400]
batch = 0 (Δ=0.258s, 100.00%)
Training throughput: 1 batches in 0.258s; word units 100.0% of 8 words (letters-only 100.0% of 8).
Train Loss: output=0.1277, reconstruction=0.0502
Epoch [69/400]
batch = 0 (Δ=0.257s, 100.00%)
Training throughput: 1 batches in 0.256s; word units 100.0% of 8 words (letters-only 100.0% of 8).
Train Loss: output=0.1728, reconstruction=0.0500
Epoch [70/400]
batch = 0 (Δ=0.256s, 100.00%)
Training throughput: 1 batches in 0.255s; word units 100.0% of 8 words (letters-only 100.0% of 8).
Train Loss: output=0.0801, reconstruction=0.0498
Epoch [71/400]
batch = 0 (Δ=0.257s, 100.00%)
Training throughput: 1 batches in 0.256s; word units 100.0% of 8 words (letters-only 100.0% of 8).
Train Loss: output=0.0894, reconstruction=0.0502
Epoch [72/400]
batch = 0 (Δ=0.256s, 100.00%)
Training throughput: 1 batches in 0.255s; word units 100.0% of 8 words (letters-only 100.0% of 8).
Train Loss: output=0.1844, reconstruction=0.0509
Epoch [73/400]
batch = 0 (Δ=0.260s, 100.00%)
Training throughput: 1 batches in 0.260s; word units 100.0% of 8 words (letters-only 100.0% of 8).
Train Loss: output=0.1813, reconstruction=0.0514
Epoch [74/400]
batch = 0 (Δ=0.258s, 100.00%)
Training throughput: 1 batches in 0.257s; word units 100.0% of 8 words (letters-only 100.0% of 8).
Train Loss: output=0.1452, reconstruction=0.0511
Epoch [75/400]
batch = 0 (Δ=0.254s, 100.00%)
Training throughput: 1 batches in 0.254s; word units 100.0% of 8 words (letters-only 100.0% of 8).
Train Loss: output=0.1857, reconstruction=0.0506
Epoch [76/400]
batch = 0 (Δ=0.266s, 100.00%)
Training throughput: 1 batches in 0.266s; word units 100.0% of 8 words (letters-only 100.0% of 8).
Train Loss: output=0.1425, reconstruction=0.0518
Epoch [77/400]
batch = 0 (Δ=0.261s, 100.00%)
Training throughput: 1 batches in 0.260s; word units 100.0% of 8 words (letters-only 100.0% of 8).
Train Loss: output=0.1610, reconstruction=0.0527
Epoch [78/400]
batch = 0 (Δ=0.257s, 100.00%)
Training throughput: 1 batches in 0.257s; word units 100.0% of 8 words (letters-only 100.0% of 8).
Train Loss: output=0.1288, reconstruction=0.0512
Epoch [79/400]
batch = 0 (Δ=0.255s, 100.00%)
Training throughput: 1 batches in 0.254s; word units 100.0% of 8 words (letters-only 100.0% of 8).
Train Loss: output=0.1517, reconstruction=0.0497
Epoch [80/400]
batch = 0 (Δ=0.260s, 100.00%)
Training throughput: 1 batches in 0.259s; word units 100.0% of 8 words (letters-only 100.0% of 8).
Train Loss: output=0.1554, reconstruction=0.0510
Epoch [81/400]
batch = 0 (Δ=0.255s, 100.00%)
Training throughput: 1 batches in 0.255s; word units 100.0% of 8 words (letters-only 100.0% of 8).
Train Loss: output=0.1249, reconstruction=0.0568
Epoch [82/400]
batch = 0 (Δ=0.254s, 100.00%)
Training throughput: 1 batches in 0.254s; word units 100.0% of 8 words (letters-only 100.0% of 8).
Train Loss: output=0.1201, reconstruction=0.0643
Epoch [83/400]
batch = 0 (Δ=0.257s, 100.00%)
Training throughput: 1 batches in 0.256s; word units 100.0% of 8 words (letters-only 100.0% of 8).
Train Loss: output=0.1555, reconstruction=0.0714
Epoch [84/400]
batch = 0 (Δ=0.259s, 100.00%)
Training throughput: 1 batches in 0.259s; word units 100.0% of 8 words (letters-only 100.0% of 8).
Train Loss: output=0.1203, reconstruction=0.0776
Epoch [85/400]
batch = 0 (Δ=0.255s, 100.00%)
Training throughput: 1 batches in 0.254s; word units 100.0% of 8 words (letters-only 100.0% of 8).
Train Loss: output=0.1204, reconstruction=0.0833
Epoch [86/400]
batch = 0 (Δ=0.257s, 100.00%)
Training throughput: 1 batches in 0.256s; word units 100.0% of 8 words (letters-only 100.0% of 8).
Train Loss: output=0.1520, reconstruction=0.0882
Epoch [87/400]
batch = 0 (Δ=0.256s, 100.00%)
Training throughput: 1 batches in 0.256s; word units 100.0% of 8 words (letters-only 100.0% of 8).
Train Loss: output=0.1113, reconstruction=0.0923
Epoch [88/400]
batch = 0 (Δ=0.255s, 100.00%)
Training throughput: 1 batches in 0.254s; word units 100.0% of 8 words (letters-only 100.0% of 8).
Train Loss: output=0.1351, reconstruction=0.0962
Epoch [89/400]
batch = 0 (Δ=0.732s, 100.00%)
Training throughput: 1 batches in 0.732s; word units 100.0% of 8 words (letters-only 100.0% of 8).
Train Loss: output=0.1050, reconstruction=0.1002
Epoch [90/400]
batch = 0 (Δ=0.254s, 100.00%)
Training throughput: 1 batches in 0.253s; word units 100.0% of 8 words (letters-only 100.0% of 8).
Train Loss: output=0.1326, reconstruction=0.1040
Epoch [91/400]
batch = 0 (Δ=0.257s, 100.00%)
Training throughput: 1 batches in 0.256s; word units 100.0% of 8 words (letters-only 100.0% of 8).
Train Loss: output=0.1158, reconstruction=0.1076
Epoch [92/400]
batch = 0 (Δ=0.255s, 100.00%)
Training throughput: 1 batches in 0.254s; word units 100.0% of 8 words (letters-only 100.0% of 8).
Train Loss: output=0.1337, reconstruction=0.1107
Epoch [93/400]
batch = 0 (Δ=0.254s, 100.00%)
Training throughput: 1 batches in 0.254s; word units 100.0% of 8 words (letters-only 100.0% of 8).
Train Loss: output=0.1645, reconstruction=0.1122
Epoch [94/400]
batch = 0 (Δ=0.260s, 100.00%)
Training throughput: 1 batches in 0.259s; word units 100.0% of 8 words (letters-only 100.0% of 8).
Train Loss: output=0.1430, reconstruction=0.1128
Epoch [95/400]
batch = 0 (Δ=0.252s, 100.00%)
Training throughput: 1 batches in 0.252s; word units 100.0% of 8 words (letters-only 100.0% of 8).
Train Loss: output=0.1518, reconstruction=0.1141
Epoch [96/400]
batch = 0 (Δ=0.253s, 100.00%)
Training throughput: 1 batches in 0.253s; word units 100.0% of 8 words (letters-only 100.0% of 8).
Train Loss: output=0.1467, reconstruction=0.1157
Epoch [97/400]
batch = 0 (Δ=0.260s, 100.00%)
Training throughput: 1 batches in 0.260s; word units 100.0% of 8 words (letters-only 100.0% of 8).
Train Loss: output=0.0842, reconstruction=0.1174
Epoch [98/400]
batch = 0 (Δ=0.254s, 100.00%)
Training throughput: 1 batches in 0.254s; word units 100.0% of 8 words (letters-only 100.0% of 8).
Train Loss: output=0.0866, reconstruction=0.1198
Epoch [99/400]
batch = 0 (Δ=0.258s, 100.00%)
Training throughput: 1 batches in 0.257s; word units 100.0% of 8 words (letters-only 100.0% of 8).
Train Loss: output=0.1138, reconstruction=0.1215
Epoch [100/400]
batch = 0 (Δ=0.256s, 100.00%)
Training throughput: 1 batches in 0.255s; word units 100.0% of 8 words (letters-only 100.0% of 8).
Train Loss: output=0.1473, reconstruction=0.2956
Epoch [101/400]
batch = 0 (Δ=0.252s, 100.00%)
Training throughput: 1 batches in 0.252s; word units 100.0% of 8 words (letters-only 100.0% of 8).
Train Loss: output=0.1470, reconstruction=0.3169
Epoch [102/400]
batch = 0 (Δ=0.255s, 100.00%)
Training throughput: 1 batches in 0.255s; word units 100.0% of 8 words (letters-only 100.0% of 8).
Train Loss: output=0.1836, reconstruction=0.4748
Epoch [103/400]
batch = 0 (Δ=0.256s, 100.00%)
Training throughput: 1 batches in 0.255s; word units 100.0% of 8 words (letters-only 100.0% of 8).
Train Loss: output=0.1586, reconstruction=0.4697
Epoch [104/400]
batch = 0 (Δ=0.254s, 100.00%)
Training throughput: 1 batches in 0.253s; word units 100.0% of 8 words (letters-only 100.0% of 8).
Train Loss: output=0.1696, reconstruction=0.4629
Epoch [105/400]
batch = 0 (Δ=0.255s, 100.00%)
Training throughput: 1 batches in 0.255s; word units 100.0% of 8 words (letters-only 100.0% of 8).
Train Loss: output=0.1529, reconstruction=0.4550
Epoch [106/400]
batch = 0 (Δ=0.255s, 100.00%)
Training throughput: 1 batches in 0.255s; word units 100.0% of 8 words (letters-only 100.0% of 8).
Train Loss: output=0.1472, reconstruction=0.4470
Epoch [107/400]
batch = 0 (Δ=0.254s, 100.00%)
Training throughput: 1 batches in 0.254s; word units 100.0% of 8 words (letters-only 100.0% of 8).
Train Loss: output=0.1869, reconstruction=0.4402
Epoch [108/400]
batch = 0 (Δ=0.267s, 100.00%)
Training throughput: 1 batches in 0.266s; word units 100.0% of 8 words (letters-only 100.0% of 8).
Train Loss: output=0.1242, reconstruction=0.3008
Epoch [109/400]
batch = 0 (Δ=0.260s, 100.00%)
Training throughput: 1 batches in 0.259s; word units 100.0% of 8 words (letters-only 100.0% of 8).
Train Loss: output=0.1216, reconstruction=0.4313
Epoch [110/400]
batch = 0 (Δ=0.258s, 100.00%)
Training throughput: 1 batches in 0.258s; word units 100.0% of 8 words (letters-only 100.0% of 8).
Train Loss: output=0.1099, reconstruction=0.4278
Epoch [111/400]
batch = 0 (Δ=0.257s, 100.00%)
Training throughput: 1 batches in 0.257s; word units 100.0% of 8 words (letters-only 100.0% of 8).
Train Loss: output=0.0845, reconstruction=0.2908
Epoch [112/400]
batch = 0 (Δ=0.257s, 100.00%)
Training throughput: 1 batches in 0.256s; word units 100.0% of 8 words (letters-only 100.0% of 8).
Train Loss: output=0.1460, reconstruction=0.2878
Epoch [113/400]
batch = 0 (Δ=0.251s, 100.00%)
Training throughput: 1 batches in 0.251s; word units 100.0% of 8 words (letters-only 100.0% of 8).
Train Loss: output=0.1040, reconstruction=0.4206
Epoch [114/400]
batch = 0 (Δ=0.258s, 100.00%)
Training throughput: 1 batches in 0.257s; word units 100.0% of 8 words (letters-only 100.0% of 8).
Train Loss: output=0.1877, reconstruction=0.4197
Epoch [115/400]
batch = 0 (Δ=0.258s, 100.00%)
Training throughput: 1 batches in 0.257s; word units 100.0% of 8 words (letters-only 100.0% of 8).
Train Loss: output=0.1240, reconstruction=0.2749
Epoch [116/400]
batch = 0 (Δ=0.258s, 100.00%)
Training throughput: 1 batches in 0.257s; word units 100.0% of 8 words (letters-only 100.0% of 8).
Train Loss: output=0.2717, reconstruction=0.4181
Epoch [117/400]
batch = 0 (Δ=0.260s, 100.00%)
Training throughput: 1 batches in 0.260s; word units 100.0% of 8 words (letters-only 100.0% of 8).
Train Loss: output=0.1499, reconstruction=0.2684
Epoch [118/400]
batch = 0 (Δ=0.257s, 100.00%)
Training throughput: 1 batches in 0.256s; word units 100.0% of 8 words (letters-only 100.0% of 8).
Train Loss: output=0.1132, reconstruction=0.4205
Epoch [119/400]
batch = 0 (Δ=0.256s, 100.00%)
Training throughput: 1 batches in 0.256s; word units 100.0% of 8 words (letters-only 100.0% of 8).
Train Loss: output=0.1716, reconstruction=0.4226
Epoch [120/400]
batch = 0 (Δ=0.258s, 100.00%)
Training throughput: 1 batches in 0.258s; word units 100.0% of 8 words (letters-only 100.0% of 8).
Train Loss: output=0.1860, reconstruction=0.4241
Epoch [121/400]
batch = 0 (Δ=0.257s, 100.00%)
Training throughput: 1 batches in 0.256s; word units 100.0% of 8 words (letters-only 100.0% of 8).
Train Loss: output=0.1443, reconstruction=0.4248
Epoch [122/400]
batch = 0 (Δ=0.256s, 100.00%)
Training throughput: 1 batches in 0.255s; word units 100.0% of 8 words (letters-only 100.0% of 8).
Train Loss: output=0.1491, reconstruction=0.4249
Epoch [123/400]
batch = 0 (Δ=0.255s, 100.00%)
Training throughput: 1 batches in 0.255s; word units 100.0% of 8 words (letters-only 100.0% of 8).
Train Loss: output=0.1382, reconstruction=0.2642
Epoch [124/400]
batch = 0 (Δ=0.260s, 100.00%)
Training throughput: 1 batches in 0.259s; word units 100.0% of 8 words (letters-only 100.0% of 8).
Train Loss: output=0.1739, reconstruction=0.4257
Epoch [125/400]
batch = 0 (Δ=0.255s, 100.00%)
Training throughput: 1 batches in 0.255s; word units 100.0% of 8 words (letters-only 100.0% of 8).
Train Loss: output=0.1615, reconstruction=0.4275
Epoch [126/400]
batch = 0 (Δ=0.260s, 100.00%)
Training throughput: 1 batches in 0.260s; word units 100.0% of 8 words (letters-only 100.0% of 8).
Train Loss: output=0.1581, reconstruction=0.6730
Epoch [127/400]
batch = 0 (Δ=0.259s, 100.00%)
Training throughput: 1 batches in 0.258s; word units 100.0% of 8 words (letters-only 100.0% of 8).
Train Loss: output=0.1794, reconstruction=0.9098
Epoch [128/400]
batch = 0 (Δ=0.256s, 100.00%)
Training throughput: 1 batches in 0.256s; word units 100.0% of 8 words (letters-only 100.0% of 8).
Train Loss: output=0.1452, reconstruction=0.4348
Epoch [129/400]
batch = 0 (Δ=0.257s, 100.00%)
Training throughput: 1 batches in 0.256s; word units 100.0% of 8 words (letters-only 100.0% of 8).
Train Loss: output=0.1655, reconstruction=0.6483
Epoch [130/400]
batch = 0 (Δ=0.256s, 100.00%)
Training throughput: 1 batches in 0.255s; word units 100.0% of 8 words (letters-only 100.0% of 8).
Train Loss: output=0.1855, reconstruction=0.8982
Epoch [131/400]
batch = 0 (Δ=0.256s, 100.00%)
Training throughput: 1 batches in 0.255s; word units 100.0% of 8 words (letters-only 100.0% of 8).
Train Loss: output=0.1794, reconstruction=0.8937
Epoch [132/400]
batch = 0 (Δ=0.255s, 100.00%)
Training throughput: 1 batches in 0.254s; word units 100.0% of 8 words (letters-only 100.0% of 8).
Train Loss: output=0.1843, reconstruction=0.8889
Epoch [133/400]
batch = 0 (Δ=0.254s, 100.00%)
Training throughput: 1 batches in 0.254s; word units 100.0% of 8 words (letters-only 100.0% of 8).
Train Loss: output=0.1420, reconstruction=0.6451
Epoch [134/400]
batch = 0 (Δ=0.262s, 100.00%)
Training throughput: 1 batches in 0.261s; word units 100.0% of 8 words (letters-only 100.0% of 8).
Train Loss: output=0.1428, reconstruction=0.8820
Epoch [135/400]
batch = 0 (Δ=0.254s, 100.00%)
Training throughput: 1 batches in 0.254s; word units 100.0% of 8 words (letters-only 100.0% of 8).
Train Loss: output=0.1537, reconstruction=0.6491
Epoch [136/400]
batch = 0 (Δ=0.258s, 100.00%)
Training throughput: 1 batches in 0.258s; word units 100.0% of 8 words (letters-only 100.0% of 8).
Train Loss: output=0.1474, reconstruction=0.8927
Epoch [137/400]
batch = 0 (Δ=0.259s, 100.00%)
Training throughput: 1 batches in 0.258s; word units 100.0% of 8 words (letters-only 100.0% of 8).
Train Loss: output=0.2086, reconstruction=0.9079
Epoch [138/400]
batch = 0 (Δ=0.261s, 100.00%)
Training throughput: 1 batches in 0.261s; word units 100.0% of 8 words (letters-only 100.0% of 8).
Train Loss: output=0.1261, reconstruction=0.9248
Epoch [139/400]
batch = 0 (Δ=0.256s, 100.00%)
Training throughput: 1 batches in 0.256s; word units 100.0% of 8 words (letters-only 100.0% of 8).
Train Loss: output=0.1764, reconstruction=0.9420
Epoch [140/400]
batch = 0 (Δ=0.261s, 100.00%)
Training throughput: 1 batches in 0.260s; word units 100.0% of 8 words (letters-only 100.0% of 8).
Train Loss: output=0.1446, reconstruction=0.9607
Epoch [141/400]
batch = 0 (Δ=0.257s, 100.00%)
Training throughput: 1 batches in 0.257s; word units 100.0% of 8 words (letters-only 100.0% of 8).
Train Loss: output=0.1400, reconstruction=0.9816
Epoch [142/400]
batch = 0 (Δ=0.254s, 100.00%)
Training throughput: 1 batches in 0.253s; word units 100.0% of 8 words (letters-only 100.0% of 8).
Train Loss: output=0.1446, reconstruction=0.7432
Epoch [143/400]
batch = 0 (Δ=0.258s, 100.00%)
Training throughput: 1 batches in 0.258s; word units 100.0% of 8 words (letters-only 100.0% of 8).
Train Loss: output=0.1760, reconstruction=1.0371
Epoch [144/400]
batch = 0 (Δ=0.260s, 100.00%)
Training throughput: 1 batches in 0.260s; word units 100.0% of 8 words (letters-only 100.0% of 8).
Train Loss: output=0.1405, reconstruction=0.7917
Epoch [145/400]
batch = 0 (Δ=0.261s, 100.00%)
Training throughput: 1 batches in 0.261s; word units 100.0% of 8 words (letters-only 100.0% of 8).
Train Loss: output=0.1384, reconstruction=1.1060
Epoch [146/400]
batch = 0 (Δ=0.253s, 100.00%)
Training throughput: 1 batches in 0.252s; word units 100.0% of 8 words (letters-only 100.0% of 8).
Train Loss: output=0.1215, reconstruction=0.0653
Epoch [147/400]
batch = 0 (Δ=0.257s, 100.00%)
Training throughput: 1 batches in 0.257s; word units 100.0% of 8 words (letters-only 100.0% of 8).
Train Loss: output=0.0914, reconstruction=0.0589
Epoch [148/400]
batch = 0 (Δ=0.263s, 100.00%)
Training throughput: 1 batches in 0.262s; word units 100.0% of 8 words (letters-only 100.0% of 8).
Train Loss: output=0.1183, reconstruction=0.0534
Epoch [149/400]
batch = 0 (Δ=0.259s, 100.00%)
Training throughput: 1 batches in 0.258s; word units 100.0% of 8 words (letters-only 100.0% of 8).
Train Loss: output=0.1227, reconstruction=0.0488
Epoch [150/400]
batch = 0 (Δ=0.255s, 100.00%)
Training throughput: 1 batches in 0.254s; word units 100.0% of 8 words (letters-only 100.0% of 8).
Train Loss: output=0.1482, reconstruction=0.0445
Epoch [151/400]
batch = 0 (Δ=0.256s, 100.00%)
Training throughput: 1 batches in 0.256s; word units 100.0% of 8 words (letters-only 100.0% of 8).
Train Loss: output=0.1262, reconstruction=0.0405
Epoch [152/400]
batch = 0 (Δ=0.258s, 100.00%)
Training throughput: 1 batches in 0.257s; word units 100.0% of 8 words (letters-only 100.0% of 8).
Train Loss: output=0.1534, reconstruction=0.0373
Epoch [153/400]
batch = 0 (Δ=0.255s, 100.00%)
Training throughput: 1 batches in 0.255s; word units 100.0% of 8 words (letters-only 100.0% of 8).
Train Loss: output=0.1307, reconstruction=0.0346
Epoch [154/400]
batch = 0 (Δ=0.256s, 100.00%)
Training throughput: 1 batches in 0.256s; word units 100.0% of 8 words (letters-only 100.0% of 8).
Train Loss: output=0.1639, reconstruction=0.0323
Epoch [155/400]
batch = 0 (Δ=0.254s, 100.00%)
Training throughput: 1 batches in 0.254s; word units 100.0% of 8 words (letters-only 100.0% of 8).
Train Loss: output=0.1280, reconstruction=0.0303
Epoch [156/400]
batch = 0 (Δ=0.256s, 100.00%)
Training throughput: 1 batches in 0.255s; word units 100.0% of 8 words (letters-only 100.0% of 8).
Train Loss: output=0.1887, reconstruction=0.0286
Epoch [157/400]
batch = 0 (Δ=0.253s, 100.00%)
Training throughput: 1 batches in 0.253s; word units 100.0% of 8 words (letters-only 100.0% of 8).
Train Loss: output=0.1323, reconstruction=0.0269
Epoch [158/400]
batch = 0 (Δ=0.257s, 100.00%)
Training throughput: 1 batches in 0.256s; word units 100.0% of 8 words (letters-only 100.0% of 8).
Train Loss: output=0.1520, reconstruction=0.0255
Epoch [159/400]
batch = 0 (Δ=0.255s, 100.00%)
Training throughput: 1 batches in 0.255s; word units 100.0% of 8 words (letters-only 100.0% of 8).
Train Loss: output=0.1009, reconstruction=0.0245
Epoch [160/400]
batch = 0 (Δ=0.258s, 100.00%)
Training throughput: 1 batches in 0.257s; word units 100.0% of 8 words (letters-only 100.0% of 8).
Train Loss: output=0.1855, reconstruction=0.0236
Epoch [161/400]
batch = 0 (Δ=0.256s, 100.00%)
Training throughput: 1 batches in 0.256s; word units 100.0% of 8 words (letters-only 100.0% of 8).
Train Loss: output=0.1730, reconstruction=0.0229
Epoch [162/400]
batch = 0 (Δ=0.258s, 100.00%)
Training throughput: 1 batches in 0.257s; word units 100.0% of 8 words (letters-only 100.0% of 8).
Train Loss: output=0.1802, reconstruction=0.0222
Epoch [163/400]
batch = 0 (Δ=0.260s, 100.00%)
Training throughput: 1 batches in 0.259s; word units 100.0% of 8 words (letters-only 100.0% of 8).
Train Loss: output=0.1015, reconstruction=0.0217
Epoch [164/400]
batch = 0 (Δ=0.262s, 100.00%)
Training throughput: 1 batches in 0.261s; word units 100.0% of 8 words (letters-only 100.0% of 8).
Train Loss: output=0.2596, reconstruction=0.0214
Epoch [165/400]
batch = 0 (Δ=0.260s, 100.00%)
Training throughput: 1 batches in 0.260s; word units 100.0% of 8 words (letters-only 100.0% of 8).
Train Loss: output=0.0834, reconstruction=0.0212
Epoch [166/400]
batch = 0 (Δ=0.266s, 100.00%)
Training throughput: 1 batches in 0.265s; word units 100.0% of 8 words (letters-only 100.0% of 8).
Train Loss: output=0.1641, reconstruction=0.0212
Epoch [167/400]
batch = 0 (Δ=0.258s, 100.00%)
Training throughput: 1 batches in 0.257s; word units 100.0% of 8 words (letters-only 100.0% of 8).
Train Loss: output=0.1115, reconstruction=0.0215
Epoch [168/400]
batch = 0 (Δ=0.745s, 100.00%)
Training throughput: 1 batches in 0.745s; word units 100.0% of 8 words (letters-only 100.0% of 8).
Train Loss: output=0.1445, reconstruction=0.0218
Epoch [169/400]
batch = 0 (Δ=0.264s, 100.00%)
Training throughput: 1 batches in 0.263s; word units 100.0% of 8 words (letters-only 100.0% of 8).
Train Loss: output=0.0949, reconstruction=0.0222
Epoch [170/400]
batch = 0 (Δ=0.253s, 100.00%)
Training throughput: 1 batches in 0.252s; word units 100.0% of 8 words (letters-only 100.0% of 8).
Train Loss: output=0.1593, reconstruction=0.0227
Epoch [171/400]
batch = 0 (Δ=0.230s, 100.00%)
Training throughput: 1 batches in 0.230s; word units 100.0% of 8 words (letters-only 100.0% of 8).
Train Loss: output=0.1586, reconstruction=0.0234
Epoch [172/400]
batch = 0 (Δ=0.231s, 100.00%)
Training throughput: 1 batches in 0.231s; word units 100.0% of 8 words (letters-only 100.0% of 8).
Train Loss: output=0.0818, reconstruction=0.0240
Epoch [173/400]
batch = 0 (Δ=0.236s, 100.00%)
Training throughput: 1 batches in 0.235s; word units 100.0% of 8 words (letters-only 100.0% of 8).
Train Loss: output=0.1917, reconstruction=0.0246
Epoch [174/400]
batch = 0 (Δ=0.227s, 100.00%)
Training throughput: 1 batches in 0.226s; word units 100.0% of 8 words (letters-only 100.0% of 8).
Train Loss: output=0.1666, reconstruction=0.0251
Epoch [175/400]
batch = 0 (Δ=0.234s, 100.00%)
Training throughput: 1 batches in 0.233s; word units 100.0% of 8 words (letters-only 100.0% of 8).
Train Loss: output=0.2295, reconstruction=0.0253
Epoch [176/400]
batch = 0 (Δ=0.236s, 100.00%)
Training throughput: 1 batches in 0.235s; word units 100.0% of 8 words (letters-only 100.0% of 8).
Train Loss: output=0.1565, reconstruction=0.0252
Epoch [177/400]
batch = 0 (Δ=0.233s, 100.00%)
Training throughput: 1 batches in 0.232s; word units 100.0% of 8 words (letters-only 100.0% of 8).
Train Loss: output=0.1002, reconstruction=0.0253
Epoch [178/400]
batch = 0 (Δ=0.231s, 100.00%)
Training throughput: 1 batches in 0.230s; word units 100.0% of 8 words (letters-only 100.0% of 8).
Train Loss: output=0.2525, reconstruction=0.0256
Epoch [179/400]
batch = 0 (Δ=0.237s, 100.00%)
Training throughput: 1 batches in 0.236s; word units 100.0% of 8 words (letters-only 100.0% of 8).
Train Loss: output=0.1321, reconstruction=0.0258
Epoch [180/400]
batch = 0 (Δ=0.242s, 100.00%)
Training throughput: 1 batches in 0.242s; word units 100.0% of 8 words (letters-only 100.0% of 8).
Train Loss: output=0.1954, reconstruction=0.0259
Epoch [181/400]
batch = 0 (Δ=0.251s, 100.00%)
Training throughput: 1 batches in 0.250s; word units 100.0% of 8 words (letters-only 100.0% of 8).
Train Loss: output=0.1735, reconstruction=0.0259
Epoch [182/400]
batch = 0 (Δ=0.256s, 100.00%)
Training throughput: 1 batches in 0.255s; word units 100.0% of 8 words (letters-only 100.0% of 8).
Train Loss: output=0.2129, reconstruction=0.0260
Epoch [183/400]
batch = 0 (Δ=0.252s, 100.00%)
Training throughput: 1 batches in 0.251s; word units 100.0% of 8 words (letters-only 100.0% of 8).
Train Loss: output=0.1577, reconstruction=0.0262
Epoch [184/400]
batch = 0 (Δ=0.258s, 100.00%)
Training throughput: 1 batches in 0.258s; word units 100.0% of 8 words (letters-only 100.0% of 8).
Train Loss: output=0.1565, reconstruction=0.0265
Epoch [185/400]
batch = 0 (Δ=0.249s, 100.00%)
Training throughput: 1 batches in 0.247s; word units 100.0% of 8 words (letters-only 100.0% of 8).
Train Loss: output=0.1311, reconstruction=0.0269
Epoch [186/400]
batch = 0 (Δ=0.236s, 100.00%)
Training throughput: 1 batches in 0.235s; word units 100.0% of 8 words (letters-only 100.0% of 8).
Train Loss: output=0.1240, reconstruction=0.0272
Epoch [187/400]
batch = 0 (Δ=0.226s, 100.00%)
Training throughput: 1 batches in 0.226s; word units 100.0% of 8 words (letters-only 100.0% of 8).
Train Loss: output=0.1830, reconstruction=0.0274
Epoch [188/400]
batch = 0 (Δ=0.230s, 100.00%)
Training throughput: 1 batches in 0.230s; word units 100.0% of 8 words (letters-only 100.0% of 8).
Train Loss: output=0.0995, reconstruction=0.0281
Epoch [189/400]
batch = 0 (Δ=0.232s, 100.00%)
Training throughput: 1 batches in 0.231s; word units 100.0% of 8 words (letters-only 100.0% of 8).
Train Loss: output=0.0970, reconstruction=0.0288
Epoch [190/400]
batch = 0 (Δ=0.250s, 100.00%)
Training throughput: 1 batches in 0.250s; word units 100.0% of 8 words (letters-only 100.0% of 8).
Train Loss: output=0.1912, reconstruction=0.0291
Epoch [191/400]
batch = 0 (Δ=0.257s, 100.00%)
Training throughput: 1 batches in 0.257s; word units 100.0% of 8 words (letters-only 100.0% of 8).
Train Loss: output=0.1331, reconstruction=0.0313
Epoch [192/400]
batch = 0 (Δ=0.256s, 100.00%)
Training throughput: 1 batches in 0.255s; word units 100.0% of 8 words (letters-only 100.0% of 8).
Train Loss: output=0.0858, reconstruction=0.0353
Epoch [193/400]
batch = 0 (Δ=0.257s, 100.00%)
Training throughput: 1 batches in 0.256s; word units 100.0% of 8 words (letters-only 100.0% of 8).
Train Loss: output=0.1423, reconstruction=0.0385
Epoch [194/400]
batch = 0 (Δ=0.255s, 100.00%)
Training throughput: 1 batches in 0.254s; word units 100.0% of 8 words (letters-only 100.0% of 8).
Train Loss: output=0.1445, reconstruction=0.0406
Epoch [195/400]
batch = 0 (Δ=0.253s, 100.00%)
Training throughput: 1 batches in 0.253s; word units 100.0% of 8 words (letters-only 100.0% of 8).
Train Loss: output=0.1164, reconstruction=0.0416
Epoch [196/400]
batch = 0 (Δ=0.258s, 100.00%)
Training throughput: 1 batches in 0.257s; word units 100.0% of 8 words (letters-only 100.0% of 8).
Train Loss: output=0.0883, reconstruction=0.0417
Epoch [197/400]
batch = 0 (Δ=0.255s, 100.00%)
Training throughput: 1 batches in 0.254s; word units 100.0% of 8 words (letters-only 100.0% of 8).
Train Loss: output=0.1426, reconstruction=0.0414
Epoch [198/400]
batch = 0 (Δ=0.248s, 100.00%)
Training throughput: 1 batches in 0.248s; word units 100.0% of 8 words (letters-only 100.0% of 8).
Train Loss: output=0.0895, reconstruction=0.0406
Epoch [199/400]
batch = 0 (Δ=0.253s, 100.00%)
Training throughput: 1 batches in 0.253s; word units 100.0% of 8 words (letters-only 100.0% of 8).
Train Loss: output=0.0713, reconstruction=0.0392
Epoch [200/400]
batch = 0 (Δ=0.256s, 100.00%)
Training throughput: 1 batches in 0.256s; word units 100.0% of 8 words (letters-only 100.0% of 8).
Train Loss: output=0.1034, reconstruction=0.0379
Epoch [201/400]
batch = 0 (Δ=0.259s, 100.00%)
Training throughput: 1 batches in 0.258s; word units 100.0% of 8 words (letters-only 100.0% of 8).
Train Loss: output=0.1301, reconstruction=0.0367
Epoch [202/400]
batch = 0 (Δ=0.250s, 100.00%)
Training throughput: 1 batches in 0.250s; word units 100.0% of 8 words (letters-only 100.0% of 8).
Train Loss: output=0.1266, reconstruction=0.0354
Epoch [203/400]
batch = 0 (Δ=0.259s, 100.00%)
Training throughput: 1 batches in 0.258s; word units 100.0% of 8 words (letters-only 100.0% of 8).
Train Loss: output=0.1171, reconstruction=0.0339
Epoch [204/400]
batch = 0 (Δ=0.254s, 100.00%)
Training throughput: 1 batches in 0.254s; word units 100.0% of 8 words (letters-only 100.0% of 8).
Train Loss: output=0.1804, reconstruction=0.0327
Epoch [205/400]
batch = 0 (Δ=0.251s, 100.00%)
Training throughput: 1 batches in 0.250s; word units 100.0% of 8 words (letters-only 100.0% of 8).
Train Loss: output=0.0838, reconstruction=0.0317
Epoch [206/400]
batch = 0 (Δ=0.254s, 100.00%)
Training throughput: 1 batches in 0.253s; word units 100.0% of 8 words (letters-only 100.0% of 8).
Train Loss: output=0.0702, reconstruction=0.0306
Epoch [207/400]
batch = 0 (Δ=0.252s, 100.00%)
Training throughput: 1 batches in 0.252s; word units 100.0% of 8 words (letters-only 100.0% of 8).
Train Loss: output=0.1439, reconstruction=0.0297
Epoch [208/400]
batch = 0 (Δ=0.256s, 100.00%)
Training throughput: 1 batches in 0.256s; word units 100.0% of 8 words (letters-only 100.0% of 8).
Train Loss: output=0.0714, reconstruction=0.0291
Epoch [209/400]
batch = 0 (Δ=0.253s, 100.00%)
Training throughput: 1 batches in 0.253s; word units 100.0% of 8 words (letters-only 100.0% of 8).
Train Loss: output=0.1085, reconstruction=0.0286
Epoch [210/400]
batch = 0 (Δ=0.255s, 100.00%)
Training throughput: 1 batches in 0.254s; word units 100.0% of 8 words (letters-only 100.0% of 8).
Train Loss: output=0.1081, reconstruction=0.0284
Epoch [211/400]
batch = 0 (Δ=0.256s, 100.00%)
Training throughput: 1 batches in 0.256s; word units 100.0% of 8 words (letters-only 100.0% of 8).
Train Loss: output=0.1293, reconstruction=0.0284
Epoch [212/400]
batch = 0 (Δ=0.251s, 100.00%)
Training throughput: 1 batches in 0.250s; word units 100.0% of 8 words (letters-only 100.0% of 8).
Train Loss: output=0.1041, reconstruction=0.0285
Epoch [213/400]
batch = 0 (Δ=0.253s, 100.00%)
Training throughput: 1 batches in 0.253s; word units 100.0% of 8 words (letters-only 100.0% of 8).
Train Loss: output=0.1416, reconstruction=0.0283
Epoch [214/400]
batch = 0 (Δ=0.255s, 100.00%)
Training throughput: 1 batches in 0.254s; word units 100.0% of 8 words (letters-only 100.0% of 8).
Train Loss: output=0.1242, reconstruction=0.0281
Epoch [215/400]
batch = 0 (Δ=0.255s, 100.00%)
Training throughput: 1 batches in 0.254s; word units 100.0% of 8 words (letters-only 100.0% of 8).
Train Loss: output=0.1771, reconstruction=0.0278
Epoch [216/400]
batch = 0 (Δ=0.251s, 100.00%)
Training throughput: 1 batches in 0.251s; word units 100.0% of 8 words (letters-only 100.0% of 8).
Train Loss: output=0.0911, reconstruction=0.0277
Epoch [217/400]
batch = 0 (Δ=0.258s, 100.00%)
Training throughput: 1 batches in 0.257s; word units 100.0% of 8 words (letters-only 100.0% of 8).
Train Loss: output=0.1092, reconstruction=0.0295
Epoch [218/400]
batch = 0 (Δ=0.254s, 100.00%)
Training throughput: 1 batches in 0.254s; word units 100.0% of 8 words (letters-only 100.0% of 8).
Train Loss: output=0.1771, reconstruction=0.0328
Epoch [219/400]
batch = 0 (Δ=0.258s, 100.00%)
Training throughput: 1 batches in 0.257s; word units 100.0% of 8 words (letters-only 100.0% of 8).
Train Loss: output=0.1079, reconstruction=0.0355
Epoch [220/400]
batch = 0 (Δ=0.258s, 100.00%)
Training throughput: 1 batches in 0.257s; word units 100.0% of 8 words (letters-only 100.0% of 8).
Train Loss: output=0.0961, reconstruction=0.0374
Epoch [221/400]
batch = 0 (Δ=0.253s, 100.00%)
Training throughput: 1 batches in 0.253s; word units 100.0% of 8 words (letters-only 100.0% of 8).
Train Loss: output=0.1095, reconstruction=0.0386
Epoch [222/400]
batch = 0 (Δ=0.258s, 100.00%)
Training throughput: 1 batches in 0.258s; word units 100.0% of 8 words (letters-only 100.0% of 8).
Train Loss: output=0.1144, reconstruction=0.0393
Epoch [223/400]
batch = 0 (Δ=0.253s, 100.00%)
Training throughput: 1 batches in 0.252s; word units 100.0% of 8 words (letters-only 100.0% of 8).
Train Loss: output=0.1706, reconstruction=0.0396
Epoch [224/400]
batch = 0 (Δ=0.252s, 100.00%)
Training throughput: 1 batches in 0.251s; word units 100.0% of 8 words (letters-only 100.0% of 8).
Train Loss: output=0.1210, reconstruction=0.0397
Epoch [225/400]
batch = 0 (Δ=0.255s, 100.00%)
Training throughput: 1 batches in 0.254s; word units 100.0% of 8 words (letters-only 100.0% of 8).
Train Loss: output=0.1498, reconstruction=0.0395
Epoch [226/400]
batch = 0 (Δ=0.255s, 100.00%)
Training throughput: 1 batches in 0.255s; word units 100.0% of 8 words (letters-only 100.0% of 8).
Train Loss: output=0.0854, reconstruction=0.0388
Epoch [227/400]
batch = 0 (Δ=0.254s, 100.00%)
Training throughput: 1 batches in 0.254s; word units 100.0% of 8 words (letters-only 100.0% of 8).
Train Loss: output=0.1155, reconstruction=0.0380
Epoch [228/400]
batch = 0 (Δ=0.254s, 100.00%)
Training throughput: 1 batches in 0.253s; word units 100.0% of 8 words (letters-only 100.0% of 8).
Train Loss: output=0.1737, reconstruction=0.0372
Epoch [229/400]
batch = 0 (Δ=0.258s, 100.00%)
Training throughput: 1 batches in 0.257s; word units 100.0% of 8 words (letters-only 100.0% of 8).
Train Loss: output=0.1576, reconstruction=0.0364
Epoch [230/400]
batch = 0 (Δ=0.254s, 100.00%)
Training throughput: 1 batches in 0.254s; word units 100.0% of 8 words (letters-only 100.0% of 8).
Train Loss: output=0.1513, reconstruction=0.0355
Epoch [231/400]
batch = 0 (Δ=0.256s, 100.00%)
Training throughput: 1 batches in 0.255s; word units 100.0% of 8 words (letters-only 100.0% of 8).
Train Loss: output=0.1149, reconstruction=0.0344
Epoch [232/400]
batch = 0 (Δ=0.256s, 100.00%)
Training throughput: 1 batches in 0.255s; word units 100.0% of 8 words (letters-only 100.0% of 8).
Train Loss: output=0.1620, reconstruction=0.0333
Epoch [233/400]
batch = 0 (Δ=0.251s, 100.00%)
Training throughput: 1 batches in 0.251s; word units 100.0% of 8 words (letters-only 100.0% of 8).
Train Loss: output=0.0949, reconstruction=0.0321
Epoch [234/400]
batch = 0 (Δ=0.255s, 100.00%)
Training throughput: 1 batches in 0.254s; word units 100.0% of 8 words (letters-only 100.0% of 8).
Train Loss: output=0.1688, reconstruction=0.0313
Epoch [235/400]
batch = 0 (Δ=0.256s, 100.00%)
Training throughput: 1 batches in 0.255s; word units 100.0% of 8 words (letters-only 100.0% of 8).
Train Loss: output=0.1173, reconstruction=0.0307
Epoch [236/400]
batch = 0 (Δ=0.257s, 100.00%)
Training throughput: 1 batches in 0.256s; word units 100.0% of 8 words (letters-only 100.0% of 8).
Train Loss: output=0.1787, reconstruction=0.0304
Epoch [237/400]
batch = 0 (Δ=0.257s, 100.00%)
Training throughput: 1 batches in 0.256s; word units 100.0% of 8 words (letters-only 100.0% of 8).
Train Loss: output=0.1288, reconstruction=0.0302
Epoch [238/400]
batch = 0 (Δ=0.254s, 100.00%)
Training throughput: 1 batches in 0.253s; word units 100.0% of 8 words (letters-only 100.0% of 8).
Train Loss: output=0.1708, reconstruction=0.0299
Epoch [239/400]
batch = 0 (Δ=0.256s, 100.00%)
Training throughput: 1 batches in 0.255s; word units 100.0% of 8 words (letters-only 100.0% of 8).
Train Loss: output=0.1329, reconstruction=0.0297
Epoch [240/400]
batch = 0 (Δ=0.255s, 100.00%)
Training throughput: 1 batches in 0.254s; word units 100.0% of 8 words (letters-only 100.0% of 8).
Train Loss: output=0.1090, reconstruction=0.0295
Epoch [241/400]
batch = 0 (Δ=0.255s, 100.00%)
Training throughput: 1 batches in 0.254s; word units 100.0% of 8 words (letters-only 100.0% of 8).
Train Loss: output=0.1076, reconstruction=0.0305
Epoch [242/400]
batch = 0 (Δ=0.255s, 100.00%)
Training throughput: 1 batches in 0.255s; word units 100.0% of 8 words (letters-only 100.0% of 8).
Train Loss: output=0.1172, reconstruction=0.0324
Epoch [243/400]
batch = 0 (Δ=0.255s, 100.00%)
Training throughput: 1 batches in 0.255s; word units 100.0% of 8 words (letters-only 100.0% of 8).
Train Loss: output=0.0912, reconstruction=0.0340
Epoch [244/400]
batch = 0 (Δ=0.253s, 100.00%)
Training throughput: 1 batches in 0.253s; word units 100.0% of 8 words (letters-only 100.0% of 8).
Train Loss: output=0.1174, reconstruction=0.0355
Epoch [245/400]
batch = 0 (Δ=0.256s, 100.00%)
Training throughput: 1 batches in 0.255s; word units 100.0% of 8 words (letters-only 100.0% of 8).
Train Loss: output=0.1609, reconstruction=0.0366
Epoch [246/400]
batch = 0 (Δ=0.254s, 100.00%)
Training throughput: 1 batches in 0.253s; word units 100.0% of 8 words (letters-only 100.0% of 8).
Train Loss: output=0.1262, reconstruction=0.0372
Epoch [247/400]
batch = 0 (Δ=0.256s, 100.00%)
Training throughput: 1 batches in 0.256s; word units 100.0% of 8 words (letters-only 100.0% of 8).
Train Loss: output=0.1477, reconstruction=0.0372
Epoch [248/400]
batch = 0 (Δ=0.648s, 100.00%)
Training throughput: 1 batches in 0.647s; word units 100.0% of 8 words (letters-only 100.0% of 8).
Train Loss: output=0.1142, reconstruction=0.0370
Epoch [249/400]
batch = 0 (Δ=0.257s, 100.00%)
Training throughput: 1 batches in 0.257s; word units 100.0% of 8 words (letters-only 100.0% of 8).
Train Loss: output=0.1271, reconstruction=0.0368
Epoch [250/400]
batch = 0 (Δ=0.260s, 100.00%)
Training throughput: 1 batches in 0.260s; word units 100.0% of 8 words (letters-only 100.0% of 8).
Train Loss: output=0.0859, reconstruction=0.0366
Epoch [251/400]
batch = 0 (Δ=0.257s, 100.00%)
Training throughput: 1 batches in 0.256s; word units 100.0% of 8 words (letters-only 100.0% of 8).
Train Loss: output=0.1427, reconstruction=0.0365
Epoch [252/400]
batch = 0 (Δ=0.254s, 100.00%)
Training throughput: 1 batches in 0.253s; word units 100.0% of 8 words (letters-only 100.0% of 8).
Train Loss: output=0.1418, reconstruction=0.0363
Epoch [253/400]
batch = 0 (Δ=0.254s, 100.00%)
Training throughput: 1 batches in 0.254s; word units 100.0% of 8 words (letters-only 100.0% of 8).
Train Loss: output=0.1731, reconstruction=0.0361
Epoch [254/400]
batch = 0 (Δ=0.252s, 100.00%)
Training throughput: 1 batches in 0.251s; word units 100.0% of 8 words (letters-only 100.0% of 8).
Train Loss: output=0.1189, reconstruction=0.0359
Epoch [255/400]
batch = 0 (Δ=0.254s, 100.00%)
Training throughput: 1 batches in 0.253s; word units 100.0% of 8 words (letters-only 100.0% of 8).
Train Loss: output=0.1572, reconstruction=0.0356
Epoch [256/400]
batch = 0 (Δ=0.248s, 100.00%)
Training throughput: 1 batches in 0.247s; word units 100.0% of 8 words (letters-only 100.0% of 8).
Train Loss: output=0.1699, reconstruction=0.0352
Epoch [257/400]
batch = 0 (Δ=0.253s, 100.00%)
Training throughput: 1 batches in 0.252s; word units 100.0% of 8 words (letters-only 100.0% of 8).
Train Loss: output=0.1174, reconstruction=0.0348
Epoch [258/400]
batch = 0 (Δ=0.251s, 100.00%)
Training throughput: 1 batches in 0.250s; word units 100.0% of 8 words (letters-only 100.0% of 8).
Train Loss: output=0.1458, reconstruction=0.0348
Epoch [259/400]
batch = 0 (Δ=0.251s, 100.00%)
Training throughput: 1 batches in 0.250s; word units 100.0% of 8 words (letters-only 100.0% of 8).
Train Loss: output=0.1191, reconstruction=0.0349
Epoch [260/400]
batch = 0 (Δ=0.251s, 100.00%)
Training throughput: 1 batches in 0.250s; word units 100.0% of 8 words (letters-only 100.0% of 8).
Train Loss: output=0.1362, reconstruction=0.0351
Epoch [261/400]
batch = 0 (Δ=0.253s, 100.00%)
Training throughput: 1 batches in 0.252s; word units 100.0% of 8 words (letters-only 100.0% of 8).
Train Loss: output=0.0913, reconstruction=0.0354
Epoch [262/400]
batch = 0 (Δ=0.251s, 100.00%)
Training throughput: 1 batches in 0.251s; word units 100.0% of 8 words (letters-only 100.0% of 8).
Train Loss: output=0.1206, reconstruction=0.0357
Epoch [263/400]
batch = 0 (Δ=0.257s, 100.00%)
Training throughput: 1 batches in 0.256s; word units 100.0% of 8 words (letters-only 100.0% of 8).
Train Loss: output=0.1405, reconstruction=0.0361
Epoch [264/400]
batch = 0 (Δ=0.252s, 100.00%)
Training throughput: 1 batches in 0.251s; word units 100.0% of 8 words (letters-only 100.0% of 8).
Train Loss: output=0.1071, reconstruction=0.0378
Epoch [265/400]
batch = 0 (Δ=0.253s, 100.00%)
Training throughput: 1 batches in 0.252s; word units 100.0% of 8 words (letters-only 100.0% of 8).
Train Loss: output=0.1188, reconstruction=0.0403
Epoch [266/400]
batch = 0 (Δ=0.251s, 100.00%)
Training throughput: 1 batches in 0.250s; word units 100.0% of 8 words (letters-only 100.0% of 8).
Train Loss: output=0.1474, reconstruction=0.0424
Epoch [267/400]
batch = 0 (Δ=0.252s, 100.00%)
Training throughput: 1 batches in 0.251s; word units 100.0% of 8 words (letters-only 100.0% of 8).
Train Loss: output=0.1362, reconstruction=0.0440
Epoch [268/400]
batch = 0 (Δ=0.254s, 100.00%)
Training throughput: 1 batches in 0.254s; word units 100.0% of 8 words (letters-only 100.0% of 8).
Train Loss: output=0.1200, reconstruction=0.0451
Epoch [269/400]
batch = 0 (Δ=0.251s, 100.00%)
Training throughput: 1 batches in 0.250s; word units 100.0% of 8 words (letters-only 100.0% of 8).
Train Loss: output=0.1326, reconstruction=0.0459
Epoch [270/400]
batch = 0 (Δ=0.255s, 100.00%)
Training throughput: 1 batches in 0.254s; word units 100.0% of 8 words (letters-only 100.0% of 8).
Train Loss: output=0.1056, reconstruction=0.0463
Epoch [271/400]
batch = 0 (Δ=0.249s, 100.00%)
Training throughput: 1 batches in 0.249s; word units 100.0% of 8 words (letters-only 100.0% of 8).
Train Loss: output=0.1216, reconstruction=0.0464
Epoch [272/400]
batch = 0 (Δ=0.252s, 100.00%)
Training throughput: 1 batches in 0.251s; word units 100.0% of 8 words (letters-only 100.0% of 8).
Train Loss: output=0.0856, reconstruction=0.0463
Epoch [273/400]
batch = 0 (Δ=0.251s, 100.00%)
Training throughput: 1 batches in 0.250s; word units 100.0% of 8 words (letters-only 100.0% of 8).
Train Loss: output=0.1170, reconstruction=0.0459
Epoch [274/400]
batch = 0 (Δ=0.249s, 100.00%)
Training throughput: 1 batches in 0.249s; word units 100.0% of 8 words (letters-only 100.0% of 8).
Train Loss: output=0.1168, reconstruction=0.0453
Epoch [275/400]
batch = 0 (Δ=0.251s, 100.00%)
Training throughput: 1 batches in 0.250s; word units 100.0% of 8 words (letters-only 100.0% of 8).
Train Loss: output=0.1741, reconstruction=0.0448
Epoch [276/400]
batch = 0 (Δ=0.253s, 100.00%)
Training throughput: 1 batches in 0.252s; word units 100.0% of 8 words (letters-only 100.0% of 8).
Train Loss: output=0.0910, reconstruction=0.0444
Epoch [277/400]
batch = 0 (Δ=0.252s, 100.00%)
Training throughput: 1 batches in 0.251s; word units 100.0% of 8 words (letters-only 100.0% of 8).
Train Loss: output=0.1163, reconstruction=0.0438
Epoch [278/400]
batch = 0 (Δ=0.251s, 100.00%)
Training throughput: 1 batches in 0.250s; word units 100.0% of 8 words (letters-only 100.0% of 8).
Train Loss: output=0.1371, reconstruction=0.0431
Epoch [279/400]
batch = 0 (Δ=0.252s, 100.00%)
Training throughput: 1 batches in 0.251s; word units 100.0% of 8 words (letters-only 100.0% of 8).
Train Loss: output=0.1686, reconstruction=0.0423
Epoch [280/400]
batch = 0 (Δ=0.252s, 100.00%)
Training throughput: 1 batches in 0.252s; word units 100.0% of 8 words (letters-only 100.0% of 8).
Train Loss: output=0.1003, reconstruction=0.0415
Epoch [281/400]
batch = 0 (Δ=0.252s, 100.00%)
Training throughput: 1 batches in 0.252s; word units 100.0% of 8 words (letters-only 100.0% of 8).
Train Loss: output=0.1089, reconstruction=0.0409
Epoch [282/400]
batch = 0 (Δ=0.259s, 100.00%)
Training throughput: 1 batches in 0.259s; word units 100.0% of 8 words (letters-only 100.0% of 8).
Train Loss: output=0.1312, reconstruction=0.0405
Epoch [283/400]
batch = 0 (Δ=0.252s, 100.00%)
Training throughput: 1 batches in 0.251s; word units 100.0% of 8 words (letters-only 100.0% of 8).
Train Loss: output=0.0906, reconstruction=0.0403
Epoch [284/400]
batch = 0 (Δ=0.250s, 100.00%)
Training throughput: 1 batches in 0.250s; word units 100.0% of 8 words (letters-only 100.0% of 8).
Train Loss: output=0.1546, reconstruction=0.0401
Epoch [285/400]
batch = 0 (Δ=0.253s, 100.00%)
Training throughput: 1 batches in 0.252s; word units 100.0% of 8 words (letters-only 100.0% of 8).
Train Loss: output=0.1137, reconstruction=0.0401
Epoch [286/400]
batch = 0 (Δ=0.251s, 100.00%)
Training throughput: 1 batches in 0.250s; word units 100.0% of 8 words (letters-only 100.0% of 8).
Train Loss: output=0.1221, reconstruction=0.0403
Epoch [287/400]
batch = 0 (Δ=0.253s, 100.00%)
Training throughput: 1 batches in 0.253s; word units 100.0% of 8 words (letters-only 100.0% of 8).
Train Loss: output=0.1323, reconstruction=0.0406
Epoch [288/400]
batch = 0 (Δ=0.252s, 100.00%)
Training throughput: 1 batches in 0.251s; word units 100.0% of 8 words (letters-only 100.0% of 8).
Train Loss: output=0.1086, reconstruction=0.0407
Epoch [289/400]
batch = 0 (Δ=0.252s, 100.00%)
Training throughput: 1 batches in 0.252s; word units 100.0% of 8 words (letters-only 100.0% of 8).
Train Loss: output=0.1038, reconstruction=0.0415
Epoch [290/400]
batch = 0 (Δ=0.251s, 100.00%)
Training throughput: 1 batches in 0.250s; word units 100.0% of 8 words (letters-only 100.0% of 8).
Train Loss: output=0.1402, reconstruction=0.0430
Epoch [291/400]
batch = 0 (Δ=0.250s, 100.00%)
Training throughput: 1 batches in 0.249s; word units 100.0% of 8 words (letters-only 100.0% of 8).
Train Loss: output=0.1249, reconstruction=0.0441
Epoch [292/400]
batch = 0 (Δ=0.252s, 100.00%)
Training throughput: 1 batches in 0.251s; word units 100.0% of 8 words (letters-only 100.0% of 8).
Train Loss: output=0.1336, reconstruction=0.0449
Epoch [293/400]
batch = 0 (Δ=0.251s, 100.00%)
Training throughput: 1 batches in 0.251s; word units 100.0% of 8 words (letters-only 100.0% of 8).
Train Loss: output=0.1213, reconstruction=0.0452
Epoch [294/400]
batch = 0 (Δ=0.253s, 100.00%)
Training throughput: 1 batches in 0.252s; word units 100.0% of 8 words (letters-only 100.0% of 8).
Train Loss: output=0.0920, reconstruction=0.0453
Epoch [295/400]
batch = 0 (Δ=0.251s, 100.00%)
Training throughput: 1 batches in 0.250s; word units 100.0% of 8 words (letters-only 100.0% of 8).
Train Loss: output=0.1307, reconstruction=0.0448
Epoch [296/400]
batch = 0 (Δ=0.256s, 100.00%)
Training throughput: 1 batches in 0.256s; word units 100.0% of 8 words (letters-only 100.0% of 8).
Train Loss: output=0.0847, reconstruction=0.0437
Epoch [297/400]
batch = 0 (Δ=0.252s, 100.00%)
Training throughput: 1 batches in 0.252s; word units 100.0% of 8 words (letters-only 100.0% of 8).
Train Loss: output=0.1048, reconstruction=0.0423
Epoch [298/400]
batch = 0 (Δ=0.253s, 100.00%)
Training throughput: 1 batches in 0.252s; word units 100.0% of 8 words (letters-only 100.0% of 8).
Train Loss: output=0.1058, reconstruction=0.0408
Epoch [299/400]
batch = 0 (Δ=0.254s, 100.00%)
Training throughput: 1 batches in 0.253s; word units 100.0% of 8 words (letters-only 100.0% of 8).
Train Loss: output=0.1125, reconstruction=0.0391
Epoch [300/400]
batch = 0 (Δ=0.251s, 100.00%)
Training throughput: 1 batches in 0.251s; word units 100.0% of 8 words (letters-only 100.0% of 8).
Train Loss: output=0.1062, reconstruction=0.0380
Epoch [301/400]
batch = 0 (Δ=0.259s, 100.00%)
Training throughput: 1 batches in 0.259s; word units 100.0% of 8 words (letters-only 100.0% of 8).
Train Loss: output=0.1524, reconstruction=0.0372
Epoch [302/400]
batch = 0 (Δ=0.252s, 100.00%)
Training throughput: 1 batches in 0.252s; word units 100.0% of 8 words (letters-only 100.0% of 8).
Train Loss: output=0.0892, reconstruction=0.0367
Epoch [303/400]
batch = 0 (Δ=0.253s, 100.00%)
Training throughput: 1 batches in 0.252s; word units 100.0% of 8 words (letters-only 100.0% of 8).
Train Loss: output=0.0831, reconstruction=0.0363
Epoch [304/400]
batch = 0 (Δ=0.252s, 100.00%)
Training throughput: 1 batches in 0.251s; word units 100.0% of 8 words (letters-only 100.0% of 8).
Train Loss: output=0.2050, reconstruction=0.0358
Epoch [305/400]
batch = 0 (Δ=0.252s, 100.00%)
Training throughput: 1 batches in 0.251s; word units 100.0% of 8 words (letters-only 100.0% of 8).
Train Loss: output=0.1233, reconstruction=0.0354
Epoch [306/400]
batch = 0 (Δ=0.255s, 100.00%)
Training throughput: 1 batches in 0.255s; word units 100.0% of 8 words (letters-only 100.0% of 8).
Train Loss: output=0.0982, reconstruction=0.0350
Epoch [307/400]
batch = 0 (Δ=0.255s, 100.00%)
Training throughput: 1 batches in 0.254s; word units 100.0% of 8 words (letters-only 100.0% of 8).
Train Loss: output=0.2246, reconstruction=0.0344
Epoch [308/400]
batch = 0 (Δ=0.252s, 100.00%)
Training throughput: 1 batches in 0.252s; word units 100.0% of 8 words (letters-only 100.0% of 8).
Train Loss: output=0.1992, reconstruction=0.0347
Epoch [309/400]
batch = 0 (Δ=0.253s, 100.00%)
Training throughput: 1 batches in 0.253s; word units 100.0% of 8 words (letters-only 100.0% of 8).
Train Loss: output=0.1199, reconstruction=0.0385
Epoch [310/400]
batch = 0 (Δ=0.255s, 100.00%)
Training throughput: 1 batches in 0.255s; word units 100.0% of 8 words (letters-only 100.0% of 8).
Train Loss: output=0.1385, reconstruction=0.0444
Epoch [311/400]
batch = 0 (Δ=0.257s, 100.00%)
Training throughput: 1 batches in 0.256s; word units 100.0% of 8 words (letters-only 100.0% of 8).
Train Loss: output=0.1429, reconstruction=0.0494
Epoch [312/400]
batch = 0 (Δ=0.253s, 100.00%)
Training throughput: 1 batches in 0.253s; word units 100.0% of 8 words (letters-only 100.0% of 8).
Train Loss: output=0.0749, reconstruction=0.0533
Epoch [313/400]
batch = 0 (Δ=0.255s, 100.00%)
Training throughput: 1 batches in 0.254s; word units 100.0% of 8 words (letters-only 100.0% of 8).
Train Loss: output=0.1069, reconstruction=0.0561
Epoch [314/400]
batch = 0 (Δ=0.252s, 100.00%)
Training throughput: 1 batches in 0.252s; word units 100.0% of 8 words (letters-only 100.0% of 8).
Train Loss: output=0.1322, reconstruction=0.0578
Epoch [315/400]
batch = 0 (Δ=0.256s, 100.00%)
Training throughput: 1 batches in 0.256s; word units 100.0% of 8 words (letters-only 100.0% of 8).
Train Loss: output=0.1265, reconstruction=0.0588
Epoch [316/400]
batch = 0 (Δ=0.252s, 100.00%)
Training throughput: 1 batches in 0.252s; word units 100.0% of 8 words (letters-only 100.0% of 8).
Train Loss: output=0.1462, reconstruction=0.0591
Epoch [317/400]
batch = 0 (Δ=0.254s, 100.00%)
Training throughput: 1 batches in 0.253s; word units 100.0% of 8 words (letters-only 100.0% of 8).
Train Loss: output=0.1007, reconstruction=0.0590
Epoch [318/400]
batch = 0 (Δ=0.251s, 100.00%)
Training throughput: 1 batches in 0.251s; word units 100.0% of 8 words (letters-only 100.0% of 8).
Train Loss: output=0.0763, reconstruction=0.0585
Epoch [319/400]
batch = 0 (Δ=0.257s, 100.00%)
Training throughput: 1 batches in 0.257s; word units 100.0% of 8 words (letters-only 100.0% of 8).
Train Loss: output=0.0941, reconstruction=0.0576
Epoch [320/400]
batch = 0 (Δ=0.260s, 100.00%)
Training throughput: 1 batches in 0.260s; word units 100.0% of 8 words (letters-only 100.0% of 8).
Train Loss: output=0.1274, reconstruction=0.0562
Epoch [321/400]
batch = 0 (Δ=0.253s, 100.00%)
Training throughput: 1 batches in 0.252s; word units 100.0% of 8 words (letters-only 100.0% of 8).
Train Loss: output=0.1552, reconstruction=0.0547
Epoch [322/400]
batch = 0 (Δ=0.255s, 100.00%)
Training throughput: 1 batches in 0.254s; word units 100.0% of 8 words (letters-only 100.0% of 8).
Train Loss: output=0.1065, reconstruction=0.0533
Epoch [323/400]
batch = 0 (Δ=0.256s, 100.00%)
Training throughput: 1 batches in 0.255s; word units 100.0% of 8 words (letters-only 100.0% of 8).
Train Loss: output=0.2312, reconstruction=0.0519
Epoch [324/400]
batch = 0 (Δ=0.253s, 100.00%)
Training throughput: 1 batches in 0.253s; word units 100.0% of 8 words (letters-only 100.0% of 8).
Train Loss: output=0.1269, reconstruction=0.0505
Epoch [325/400]
batch = 0 (Δ=0.259s, 100.00%)
Training throughput: 1 batches in 0.259s; word units 100.0% of 8 words (letters-only 100.0% of 8).
Train Loss: output=0.1578, reconstruction=0.0491
Epoch [326/400]
batch = 0 (Δ=0.253s, 100.00%)
Training throughput: 1 batches in 0.253s; word units 100.0% of 8 words (letters-only 100.0% of 8).
Train Loss: output=0.1509, reconstruction=0.0478
Epoch [327/400]
batch = 0 (Δ=0.250s, 100.00%)
Training throughput: 1 batches in 0.250s; word units 100.0% of 8 words (letters-only 100.0% of 8).
Train Loss: output=0.1729, reconstruction=0.0465
Epoch [328/400]
batch = 0 (Δ=0.253s, 100.00%)
Training throughput: 1 batches in 0.252s; word units 100.0% of 8 words (letters-only 100.0% of 8).
Train Loss: output=0.1299, reconstruction=0.0462
Epoch [329/400]
batch = 0 (Δ=0.252s, 100.00%)
Training throughput: 1 batches in 0.251s; word units 100.0% of 8 words (letters-only 100.0% of 8).
Train Loss: output=0.1733, reconstruction=0.0465
Epoch [330/400]
batch = 0 (Δ=0.253s, 100.00%)
Training throughput: 1 batches in 0.252s; word units 100.0% of 8 words (letters-only 100.0% of 8).
Train Loss: output=0.1635, reconstruction=0.0466
Epoch [331/400]
batch = 0 (Δ=0.657s, 100.00%)
Training throughput: 1 batches in 0.657s; word units 100.0% of 8 words (letters-only 100.0% of 8).
Train Loss: output=0.1023, reconstruction=0.0467
Epoch [332/400]
batch = 0 (Δ=0.251s, 100.00%)
Training throughput: 1 batches in 0.250s; word units 100.0% of 8 words (letters-only 100.0% of 8).
Train Loss: output=0.0895, reconstruction=0.0467
Epoch [333/400]
batch = 0 (Δ=0.250s, 100.00%)
Training throughput: 1 batches in 0.249s; word units 100.0% of 8 words (letters-only 100.0% of 8).
Train Loss: output=0.0926, reconstruction=0.0462
Epoch [334/400]
batch = 0 (Δ=0.251s, 100.00%)
Training throughput: 1 batches in 0.250s; word units 100.0% of 8 words (letters-only 100.0% of 8).
Train Loss: output=0.1760, reconstruction=0.0468
Epoch [335/400]
batch = 0 (Δ=0.257s, 100.00%)
Training throughput: 1 batches in 0.257s; word units 100.0% of 8 words (letters-only 100.0% of 8).
Train Loss: output=0.1543, reconstruction=0.0483
Epoch [336/400]
batch = 0 (Δ=0.256s, 100.00%)
Training throughput: 1 batches in 0.255s; word units 100.0% of 8 words (letters-only 100.0% of 8).
Train Loss: output=0.0969, reconstruction=0.0492
Epoch [337/400]
batch = 0 (Δ=0.254s, 100.00%)
Training throughput: 1 batches in 0.254s; word units 100.0% of 8 words (letters-only 100.0% of 8).
Train Loss: output=0.1533, reconstruction=0.0519
Epoch [338/400]
batch = 0 (Δ=0.256s, 100.00%)
Training throughput: 1 batches in 0.256s; word units 100.0% of 8 words (letters-only 100.0% of 8).
Train Loss: output=0.1292, reconstruction=0.0557
Epoch [339/400]
batch = 0 (Δ=0.253s, 100.00%)
Training throughput: 1 batches in 0.253s; word units 100.0% of 8 words (letters-only 100.0% of 8).
Train Loss: output=0.1604, reconstruction=0.0583
Epoch [340/400]
batch = 0 (Δ=0.249s, 100.00%)
Training throughput: 1 batches in 0.248s; word units 100.0% of 8 words (letters-only 100.0% of 8).
Train Loss: output=0.1244, reconstruction=0.0598
Epoch [341/400]
batch = 0 (Δ=0.250s, 100.00%)
Training throughput: 1 batches in 0.250s; word units 100.0% of 8 words (letters-only 100.0% of 8).
Train Loss: output=0.1645, reconstruction=0.0601
Epoch [342/400]
batch = 0 (Δ=0.251s, 100.00%)
Training throughput: 1 batches in 0.250s; word units 100.0% of 8 words (letters-only 100.0% of 8).
Train Loss: output=0.1010, reconstruction=0.0596
Epoch [343/400]
batch = 0 (Δ=0.250s, 100.00%)
Training throughput: 1 batches in 0.249s; word units 100.0% of 8 words (letters-only 100.0% of 8).
Train Loss: output=0.1116, reconstruction=0.0586
Epoch [344/400]
batch = 0 (Δ=0.253s, 100.00%)
Training throughput: 1 batches in 0.253s; word units 100.0% of 8 words (letters-only 100.0% of 8).
Train Loss: output=0.1239, reconstruction=0.0572
Epoch [345/400]
batch = 0 (Δ=0.249s, 100.00%)
Training throughput: 1 batches in 0.248s; word units 100.0% of 8 words (letters-only 100.0% of 8).
Train Loss: output=0.1963, reconstruction=0.0558
Epoch [346/400]
batch = 0 (Δ=0.253s, 100.00%)
Training throughput: 1 batches in 0.252s; word units 100.0% of 8 words (letters-only 100.0% of 8).
Train Loss: output=0.1509, reconstruction=0.0548
Epoch [347/400]
batch = 0 (Δ=0.251s, 100.00%)
Training throughput: 1 batches in 0.250s; word units 100.0% of 8 words (letters-only 100.0% of 8).
Train Loss: output=0.1427, reconstruction=0.0554
Epoch [348/400]
batch = 0 (Δ=0.254s, 100.00%)
Training throughput: 1 batches in 0.253s; word units 100.0% of 8 words (letters-only 100.0% of 8).
Train Loss: output=0.1548, reconstruction=0.0569
Epoch [349/400]
batch = 0 (Δ=0.251s, 100.00%)
Training throughput: 1 batches in 0.250s; word units 100.0% of 8 words (letters-only 100.0% of 8).
Train Loss: output=0.1083, reconstruction=0.0578
Epoch [350/400]
batch = 0 (Δ=0.255s, 100.00%)
Training throughput: 1 batches in 0.254s; word units 100.0% of 8 words (letters-only 100.0% of 8).
Train Loss: output=0.1315, reconstruction=0.0579
Epoch [351/400]
batch = 0 (Δ=0.251s, 100.00%)
Training throughput: 1 batches in 0.250s; word units 100.0% of 8 words (letters-only 100.0% of 8).
Train Loss: output=0.1017, reconstruction=0.0578
Epoch [352/400]
batch = 0 (Δ=0.254s, 100.00%)
Training throughput: 1 batches in 0.254s; word units 100.0% of 8 words (letters-only 100.0% of 8).
Train Loss: output=0.1531, reconstruction=0.0573
Epoch [353/400]
batch = 0 (Δ=0.260s, 100.00%)
Training throughput: 1 batches in 0.259s; word units 100.0% of 8 words (letters-only 100.0% of 8).
Train Loss: output=0.1544, reconstruction=0.0566
Epoch [354/400]
batch = 0 (Δ=0.255s, 100.00%)
Training throughput: 1 batches in 0.254s; word units 100.0% of 8 words (letters-only 100.0% of 8).
Train Loss: output=0.1015, reconstruction=0.0557
Epoch [355/400]
batch = 0 (Δ=0.251s, 100.00%)
Training throughput: 1 batches in 0.251s; word units 100.0% of 8 words (letters-only 100.0% of 8).
Train Loss: output=0.1498, reconstruction=0.0545
Epoch [356/400]
batch = 0 (Δ=0.253s, 100.00%)
Training throughput: 1 batches in 0.252s; word units 100.0% of 8 words (letters-only 100.0% of 8).
Train Loss: output=0.1489, reconstruction=0.0530
Epoch [357/400]
batch = 0 (Δ=0.252s, 100.00%)
Training throughput: 1 batches in 0.252s; word units 100.0% of 8 words (letters-only 100.0% of 8).
Train Loss: output=0.1371, reconstruction=0.0514
Epoch [358/400]
batch = 0 (Δ=0.248s, 100.00%)
Training throughput: 1 batches in 0.248s; word units 100.0% of 8 words (letters-only 100.0% of 8).
Train Loss: output=0.1768, reconstruction=0.0502
Epoch [359/400]
batch = 0 (Δ=0.246s, 100.00%)
Training throughput: 1 batches in 0.246s; word units 100.0% of 8 words (letters-only 100.0% of 8).
Train Loss: output=0.1034, reconstruction=0.0496
Epoch [360/400]
batch = 0 (Δ=0.253s, 100.00%)
Training throughput: 1 batches in 0.252s; word units 100.0% of 8 words (letters-only 100.0% of 8).
Train Loss: output=0.1113, reconstruction=0.0490
Epoch [361/400]
batch = 0 (Δ=0.252s, 100.00%)
Training throughput: 1 batches in 0.251s; word units 100.0% of 8 words (letters-only 100.0% of 8).
Train Loss: output=0.1544, reconstruction=0.0483
Epoch [362/400]
batch = 0 (Δ=0.253s, 100.00%)
Training throughput: 1 batches in 0.253s; word units 100.0% of 8 words (letters-only 100.0% of 8).
Train Loss: output=0.1476, reconstruction=0.0478
Epoch [363/400]
batch = 0 (Δ=0.252s, 100.00%)
Training throughput: 1 batches in 0.251s; word units 100.0% of 8 words (letters-only 100.0% of 8).
Train Loss: output=0.1483, reconstruction=0.0476
Epoch [364/400]
batch = 0 (Δ=0.254s, 100.00%)
Training throughput: 1 batches in 0.253s; word units 100.0% of 8 words (letters-only 100.0% of 8).
Train Loss: output=0.1441, reconstruction=0.0475
Epoch [365/400]
batch = 0 (Δ=0.254s, 100.00%)
Training throughput: 1 batches in 0.254s; word units 100.0% of 8 words (letters-only 100.0% of 8).
Train Loss: output=0.1624, reconstruction=0.0484
Epoch [366/400]
batch = 0 (Δ=0.248s, 100.00%)
Training throughput: 1 batches in 0.248s; word units 100.0% of 8 words (letters-only 100.0% of 8).
Train Loss: output=0.1072, reconstruction=0.0505
Epoch [367/400]
batch = 0 (Δ=0.248s, 100.00%)
Training throughput: 1 batches in 0.247s; word units 100.0% of 8 words (letters-only 100.0% of 8).
Train Loss: output=0.1420, reconstruction=0.0526
Epoch [368/400]
batch = 0 (Δ=0.251s, 100.00%)
Training throughput: 1 batches in 0.251s; word units 100.0% of 8 words (letters-only 100.0% of 8).
Train Loss: output=0.1452, reconstruction=0.0550
Epoch [369/400]
batch = 0 (Δ=0.250s, 100.00%)
Training throughput: 1 batches in 0.250s; word units 100.0% of 8 words (letters-only 100.0% of 8).
Train Loss: output=0.0911, reconstruction=0.0579
Epoch [370/400]
batch = 0 (Δ=0.249s, 100.00%)
Training throughput: 1 batches in 0.248s; word units 100.0% of 8 words (letters-only 100.0% of 8).
Train Loss: output=0.1909, reconstruction=0.0598
Epoch [371/400]
batch = 0 (Δ=0.256s, 100.00%)
Training throughput: 1 batches in 0.255s; word units 100.0% of 8 words (letters-only 100.0% of 8).
Train Loss: output=0.1132, reconstruction=0.0607
Epoch [372/400]
batch = 0 (Δ=0.255s, 100.00%)
Training throughput: 1 batches in 0.254s; word units 100.0% of 8 words (letters-only 100.0% of 8).
Train Loss: output=0.1087, reconstruction=0.0611
Epoch [373/400]
batch = 0 (Δ=0.255s, 100.00%)
Training throughput: 1 batches in 0.255s; word units 100.0% of 8 words (letters-only 100.0% of 8).
Train Loss: output=0.1542, reconstruction=0.0610
Epoch [374/400]
batch = 0 (Δ=0.254s, 100.00%)
Training throughput: 1 batches in 0.254s; word units 100.0% of 8 words (letters-only 100.0% of 8).
Train Loss: output=0.1450, reconstruction=0.0606
Epoch [375/400]
batch = 0 (Δ=0.248s, 100.00%)
Training throughput: 1 batches in 0.247s; word units 100.0% of 8 words (letters-only 100.0% of 8).
Train Loss: output=0.1088, reconstruction=0.0599
Epoch [376/400]
batch = 0 (Δ=0.251s, 100.00%)
Training throughput: 1 batches in 0.250s; word units 100.0% of 8 words (letters-only 100.0% of 8).
Train Loss: output=0.1350, reconstruction=0.0590
Epoch [377/400]
batch = 0 (Δ=0.252s, 100.00%)
Training throughput: 1 batches in 0.252s; word units 100.0% of 8 words (letters-only 100.0% of 8).
Train Loss: output=0.1883, reconstruction=0.0580
Epoch [378/400]
batch = 0 (Δ=0.253s, 100.00%)
Training throughput: 1 batches in 0.253s; word units 100.0% of 8 words (letters-only 100.0% of 8).
Train Loss: output=0.1062, reconstruction=0.0572
Epoch [379/400]
batch = 0 (Δ=0.259s, 100.00%)
Training throughput: 1 batches in 0.259s; word units 100.0% of 8 words (letters-only 100.0% of 8).
Train Loss: output=0.1053, reconstruction=0.0564
Epoch [380/400]
batch = 0 (Δ=0.255s, 100.00%)
Training throughput: 1 batches in 0.255s; word units 100.0% of 8 words (letters-only 100.0% of 8).
Train Loss: output=0.0894, reconstruction=0.0557
Epoch [381/400]
batch = 0 (Δ=0.250s, 100.00%)
Training throughput: 1 batches in 0.250s; word units 100.0% of 8 words (letters-only 100.0% of 8).
Train Loss: output=0.1907, reconstruction=0.0547
Epoch [382/400]
batch = 0 (Δ=0.255s, 100.00%)
Training throughput: 1 batches in 0.254s; word units 100.0% of 8 words (letters-only 100.0% of 8).
Train Loss: output=0.1266, reconstruction=0.0540
Epoch [383/400]
batch = 0 (Δ=0.256s, 100.00%)
Training throughput: 1 batches in 0.256s; word units 100.0% of 8 words (letters-only 100.0% of 8).
Train Loss: output=0.1104, reconstruction=0.0533
Epoch [384/400]
batch = 0 (Δ=0.252s, 100.00%)
Training throughput: 1 batches in 0.251s; word units 100.0% of 8 words (letters-only 100.0% of 8).
Train Loss: output=0.0913, reconstruction=0.0528
Epoch [385/400]
batch = 0 (Δ=0.253s, 100.00%)
Training throughput: 1 batches in 0.252s; word units 100.0% of 8 words (letters-only 100.0% of 8).
Train Loss: output=0.1703, reconstruction=0.0533
Epoch [386/400]
batch = 0 (Δ=0.254s, 100.00%)
Training throughput: 1 batches in 0.254s; word units 100.0% of 8 words (letters-only 100.0% of 8).
Train Loss: output=0.1212, reconstruction=0.0548
Epoch [387/400]
batch = 0 (Δ=0.251s, 100.00%)
Training throughput: 1 batches in 0.251s; word units 100.0% of 8 words (letters-only 100.0% of 8).
Train Loss: output=0.1770, reconstruction=0.0558
Epoch [388/400]
batch = 0 (Δ=0.253s, 100.00%)
Training throughput: 1 batches in 0.253s; word units 100.0% of 8 words (letters-only 100.0% of 8).
Train Loss: output=0.1000, reconstruction=0.0565
Epoch [389/400]
batch = 0 (Δ=0.254s, 100.00%)
Training throughput: 1 batches in 0.254s; word units 100.0% of 8 words (letters-only 100.0% of 8).
Train Loss: output=0.1201, reconstruction=0.0571
Epoch [390/400]
batch = 0 (Δ=0.254s, 100.00%)
Training throughput: 1 batches in 0.254s; word units 100.0% of 8 words (letters-only 100.0% of 8).
Train Loss: output=0.1085, reconstruction=0.0575
Epoch [391/400]
batch = 0 (Δ=0.256s, 100.00%)
Training throughput: 1 batches in 0.255s; word units 100.0% of 8 words (letters-only 100.0% of 8).
Train Loss: output=0.1148, reconstruction=0.0574
Epoch [392/400]
batch = 0 (Δ=0.252s, 100.00%)
Training throughput: 1 batches in 0.252s; word units 100.0% of 8 words (letters-only 100.0% of 8).
Train Loss: output=0.1023, reconstruction=0.0569
Epoch [393/400]
batch = 0 (Δ=0.251s, 100.00%)
Training throughput: 1 batches in 0.250s; word units 100.0% of 8 words (letters-only 100.0% of 8).
Train Loss: output=0.1465, reconstruction=0.0564
Epoch [394/400]
batch = 0 (Δ=0.250s, 100.00%)
Training throughput: 1 batches in 0.250s; word units 100.0% of 8 words (letters-only 100.0% of 8).
Train Loss: output=0.0942, reconstruction=0.0558
Epoch [395/400]
batch = 0 (Δ=0.253s, 100.00%)
Training throughput: 1 batches in 0.252s; word units 100.0% of 8 words (letters-only 100.0% of 8).
Train Loss: output=0.0913, reconstruction=0.0554
Epoch [396/400]
batch = 0 (Δ=0.255s, 100.00%)
Training throughput: 1 batches in 0.255s; word units 100.0% of 8 words (letters-only 100.0% of 8).
Train Loss: output=0.1379, reconstruction=0.0548
Epoch [397/400]
batch = 0 (Δ=0.258s, 100.00%)
Training throughput: 1 batches in 0.257s; word units 100.0% of 8 words (letters-only 100.0% of 8).
Train Loss: output=0.1431, reconstruction=0.0541
Epoch [398/400]
batch = 0 (Δ=0.255s, 100.00%)
Training throughput: 1 batches in 0.255s; word units 100.0% of 8 words (letters-only 100.0% of 8).
Train Loss: output=0.1008, reconstruction=0.0535
Epoch [399/400]
batch = 0 (Δ=0.253s, 100.00%)
Training throughput: 1 batches in 0.253s; word units 100.0% of 8 words (letters-only 100.0% of 8).
Train Loss: output=0.1424, reconstruction=0.0529
Epoch [400/400]
batch = 0 (Δ=0.257s, 100.00%)
Training throughput: 1 batches in 0.256s; word units 100.0% of 8 words (letters-only 100.0% of 8).
Train Loss: output=0.1365, reconstruction=0.0524
Final Stats:
=== Selected operation grammar ===
batch = 0 (Δ=29.531s, 100.00%)
Training throughput: 1 batches in 29.478s; word units 100.0% of 8 words (letters-only 100.0% of 8).
=== Input Reconstruction (test) ===
  row[0] input='hello world' -> reconstructed='hello ' label=0.0000 predicted=0.6521 MISMATCH
  row[1] input='hello there' -> reconstructed='hello ' label=1.0000 predicted=0.6520 MISMATCH
  row[2] input='loving world' -> reconstructed='loving ' label=1.0000 predicted=0.6369 MISMATCH
  row[3] input='loving there' -> reconstructed='loving ' label=0.0000 predicted=0.6610 MISMATCH
------------------------------ Captured log call -------------------------------
DEBUG    torch.__trace:utils.py:2363 
DEBUG    torch.__trace:utils.py:2363 
DEBUG    torch.__trace:structured.py:28 
DEBUG    torch.__trace:structured.py:28 
DEBUG    torch.__trace:structured.py:28 
DEBUG    torch.__trace:structured.py:28 
DEBUG    torch.__trace:structured.py:28 
DEBUG    torch.__trace:structured.py:28 
DEBUG    torch.__trace:structured.py:28 
DEBUG    torch.__trace:structured.py:28 
DEBUG    torch.__trace:structured.py:28 
DEBUG    torch.__trace:structured.py:28 
DEBUG    torch.__trace:structured.py:28 
DEBUG    torch.__trace:structured.py:28 
DEBUG    torch.__trace:structured.py:28 
DEBUG    torch.__trace:structured.py:28 
DEBUG    torch.__trace:structured.py:28 
DEBUG    torch.__trace:convert_frame.py:304 
DEBUG    torch.__trace:utils.py:2363 
DEBUG    torch.__trace:utils.py:2363 
DEBUG    torch.__trace:meta_utils.py:298 
DEBUG    torch.__trace:meta_utils.py:537 
DEBUG    torch.__trace:meta_utils.py:2385 
DEBUG    torch.__trace:meta_utils.py:298 
DEBUG    torch.__trace:meta_utils.py:537 
DEBUG    torch.__trace:meta_utils.py:2385 
DEBUG    torch.__trace:meta_utils.py:298 
DEBUG    torch.__trace:meta_utils.py:537 
DEBUG    torch.__trace:meta_utils.py:2385 
DEBUG    torch.__trace:meta_utils.py:298 
DEBUG    torch.__trace:meta_utils.py:537 
DEBUG    torch.__trace:meta_utils.py:2385 
DEBUG    torch.__trace:meta_utils.py:298 
DEBUG    torch.__trace:meta_utils.py:537 
DEBUG    torch.__trace:meta_utils.py:2385 
DEBUG    torch.__trace:meta_utils.py:298 
DEBUG    torch.__trace:meta_utils.py:537 
DEBUG    torch.__trace:meta_utils.py:2385 
DEBUG    torch.__trace:meta_utils.py:298 
DEBUG    torch.__trace:meta_utils.py:537 
DEBUG    torch.__trace:meta_utils.py:2385 
DEBUG    torch.__trace:meta_utils.py:298 
DEBUG    torch.__trace:meta_utils.py:537 
DEBUG    torch.__trace:meta_utils.py:2385 
DEBUG    torch.__trace:meta_utils.py:298 
DEBUG    torch.__trace:meta_utils.py:537 
DEBUG    torch.__trace:meta_utils.py:2385 
DEBUG    torch.__trace:structured.py:28 
DEBUG    torch.__trace:structured.py:28 
DEBUG    torch.__trace:structured.py:28 
DEBUG    torch.__trace:structured.py:28 
DEBUG    torch.__trace:structured.py:28 
DEBUG    torch.__trace:structured.py:28 
DEBUG    torch.__trace:structured.py:28 
DEBUG    torch.__trace:structured.py:28 
DEBUG    torch.__trace:structured.py:28 
DEBUG    torch.__trace:structured.py:28 
DEBUG    torch.__trace:structured.py:28 
DEBUG    torch.__trace:structured.py:28 
DEBUG    torch.__trace:symbolic_shapes.py:5971 
DEBUG    torch.__trace:meta_utils.py:298 
DEBUG    torch.__trace:meta_utils.py:537 
DEBUG    torch.__trace:meta_utils.py:2385 
DEBUG    torch.__trace:meta_utils.py:298 
DEBUG    torch.__trace:meta_utils.py:537 
DEBUG    torch.__trace:meta_utils.py:2385 
DEBUG    torch.__trace:meta_utils.py:298 
DEBUG    torch.__trace:meta_utils.py:537 
DEBUG    torch.__trace:meta_utils.py:2385 
DEBUG    torch.__trace:meta_utils.py:298 
DEBUG    torch.__trace:meta_utils.py:537 
DEBUG    torch.__trace:meta_utils.py:2385 
DEBUG    torch.__trace:meta_utils.py:298 
DEBUG    torch.__trace:meta_utils.py:537 
DEBUG    torch.__trace:meta_utils.py:2385 
DEBUG    torch.__trace:meta_utils.py:298 
DEBUG    torch.__trace:meta_utils.py:537 
DEBUG    torch.__trace:meta_utils.py:2385 
DEBUG    torch.__trace:structured.py:28 
DEBUG    torch.__trace:structured.py:28 
DEBUG    torch.__trace:structured.py:28 
DEBUG    torch.__trace:symbolic_shapes.py:5971 
DEBUG    torch.__trace:meta_utils.py:298 
DEBUG    torch.__trace:meta_utils.py:537 
DEBUG    torch.__trace:meta_utils.py:2385 
DEBUG    torch.__trace:symbolic_shapes.py:5971 
DEBUG    torch.__trace:structured.py:28 
DEBUG    torch.__trace:structured.py:28 
DEBUG    torch.__trace:symbolic_shapes.py:8465 
DEBUG    torch.__trace:meta_utils.py:298 
DEBUG    torch.__trace:meta_utils.py:537 
DEBUG    torch.__trace:meta_utils.py:2385 
DEBUG    torch.__trace:meta_utils.py:298 
DEBUG    torch.__trace:meta_utils.py:537 
DEBUG    torch.__trace:meta_utils.py:2385 
DEBUG    torch.__trace:meta_utils.py:298 
DEBUG    torch.__trace:meta_utils.py:537 
DEBUG    torch.__trace:meta_utils.py:2385 
DEBUG    torch.__trace:meta_utils.py:298 
DEBUG    torch.__trace:meta_utils.py:537 
DEBUG    torch.__trace:meta_utils.py:2385 
DEBUG    torch.__trace:meta_utils.py:298 
DEBUG    torch.__trace:meta_utils.py:537 
DEBUG    torch.__trace:meta_utils.py:2385 
DEBUG    torch.__trace:meta_utils.py:298 
DEBUG    torch.__trace:meta_utils.py:537 
DEBUG    torch.__trace:meta_utils.py:2385 
DEBUG    torch.__trace:structured.py:28 
DEBUG    torch.__trace:structured.py:28 
DEBUG    torch.__trace:structured.py:28 
DEBUG    torch.__trace:structured.py:28 
DEBUG    torch.__trace:symbolic_shapes.py:5521 
DEBUG    torch.__trace:structured.py:28 
DEBUG    torch.__trace:structured.py:28 
DEBUG    torch.__trace:structured.py:28 
DEBUG    torch.__trace:structured.py:28 
DEBUG    torch.__trace:structured.py:28 
DEBUG    torch.__trace:symbolic_shapes.py:8465 
DEBUG    torch.__trace:symbolic_shapes.py:8465 
DEBUG    torch.__trace:meta_utils.py:298 
DEBUG    torch.__trace:meta_utils.py:537 
DEBUG    torch.__trace:meta_utils.py:2385 
DEBUG    torch.__trace:meta_utils.py:298 
DEBUG    torch.__trace:meta_utils.py:537 
DEBUG    torch.__trace:meta_utils.py:2385 
DEBUG    torch.__trace:symbolic_shapes.py:5521 
DEBUG    torch.__trace:symbolic_shapes.py:8465 
DEBUG    torch.__trace:symbolic_shapes.py:8465 
DEBUG    torch.__trace:meta_utils.py:298 
DEBUG    torch.__trace:meta_utils.py:537 
DEBUG    torch.__trace:meta_utils.py:2385 
DEBUG    torch.__trace:utils.py:2363 
DEBUG    torch.__trace:utils.py:2363 
DEBUG    torch.__trace:utils.py:2363 
DEBUG    torch.__trace:output_graph.py:2942 
DEBUG    torch.__trace:utils.py:2363 
DEBUG    torch.__trace:utils.py:2363 
DEBUG    torch.__trace:utils.py:2363 
DEBUG    torch.__trace:structured.py:28 
DEBUG    torch.__trace:structured.py:28 
DEBUG    torch.__trace:structured.py:28 
DEBUG    torch.__trace:structured.py:28 
DEBUG    torch.__trace:structured.py:28 
DEBUG    torch.__trace:structured.py:28 
DEBUG    torch.__trace:structured.py:28 
DEBUG    torch.__trace:symbolic_shapes.py:5521 
DEBUG    torch.__trace:structured.py:28 
DEBUG    torch.__trace:symbolic_shapes.py:8465 
DEBUG    torch.__trace:symbolic_shapes.py:8465 
DEBUG    torch.__trace:symbolic_shapes.py:5521 
DEBUG    torch.__trace:symbolic_shapes.py:8465 
DEBUG    torch.__trace:symbolic_shapes.py:8465 
DEBUG    torch.__trace:utils.py:2363 
DEBUG    torch.__trace:utils.py:2363 
DEBUG    torch.__trace:structured.py:28 
DEBUG    torch.__trace:structured.py:28 
DEBUG    torch.__trace:structured.py:28 
DEBUG    torch.__trace:structured.py:28 
DEBUG    torch.__trace:symbolic_shapes.py:5521 
DEBUG    torch.__trace:structured.py:28 
DEBUG    torch.__trace:structured.py:28 
DEBUG    torch.__trace:symbolic_shapes.py:8465 
DEBUG    torch.__trace:symbolic_shapes.py:8465 
DEBUG    torch.__trace:symbolic_shapes.py:5521 
DEBUG    torch.__trace:symbolic_shapes.py:8465 
DEBUG    torch.__trace:symbolic_shapes.py:8465 
DEBUG    torch.__trace:structured.py:28 
DEBUG    torch.__trace:structured.py:28 
DEBUG    torch.__trace:structured.py:28 
DEBUG    torch.__trace:structured.py:28 
DEBUG    torch.__trace:structured.py:28 
DEBUG    torch.__trace:symbolic_shapes.py:5521 
DEBUG    torch.__trace:symbolic_shapes.py:5521 
DEBUG    torch.__trace:symbolic_shapes.py:5521 
DEBUG    torch.__trace:symbolic_shapes.py:5521 
DEBUG    torch.__trace:symbolic_shapes.py:5521 
DEBUG    torch.__trace:symbolic_shapes.py:5521 
DEBUG    torch.__trace:symbolic_shapes.py:5521 
DEBUG    torch.__trace:symbolic_shapes.py:5521 
DEBUG    torch.__trace:symbolic_shapes.py:5521 
DEBUG    torch.__trace:structured.py:28 
DEBUG    torch.__trace:structured.py:28 
DEBUG    torch.__trace:structured.py:28 
DEBUG    torch.__trace:symbolic_shapes.py:5521 
DEBUG    torch.__trace:symbolic_shapes.py:5521 
DEBUG    torch.__trace:symbolic_shapes.py:5521 
DEBUG    torch.__trace:symbolic_shapes.py:5521 
DEBUG    torch.__trace:symbolic_shapes.py:5521 
DEBUG    torch.__trace:symbolic_shapes.py:5521 
DEBUG    torch.__trace:symbolic_shapes.py:5521 
DEBUG    torch.__trace:symbolic_shapes.py:5521 
DEBUG    torch.__trace:symbolic_shapes.py:5521 
DEBUG    torch.__trace:structured.py:28 
DEBUG    torch.__trace:symbolic_shapes.py:5521 
DEBUG    torch.__trace:symbolic_shapes.py:5521 
DEBUG    torch.__trace:symbolic_shapes.py:5521 
DEBUG    torch.__trace:symbolic_shapes.py:5521 
DEBUG    torch.__trace:symbolic_shapes.py:5521 
DEBUG    torch.__trace:symbolic_shapes.py:5521 
DEBUG    torch.__trace:symbolic_shapes.py:5521 
DEBUG    torch.__trace:symbolic_shapes.py:5521 
DEBUG    torch.__trace:symbolic_shapes.py:5521 
DEBUG    torch.__trace:symbolic_shapes.py:5521 
DEBUG    torch.__trace:symbolic_shapes.py:5521 
DEBUG    torch.__trace:symbolic_shapes.py:5521 
DEBUG    torch.__trace:symbolic_shapes.py:5521 
DEBUG    torch.__trace:symbolic_shapes.py:5521 
DEBUG    torch.__trace:symbolic_shapes.py:5521 
DEBUG    torch.__trace:symbolic_shapes.py:5521 
DEBUG    torch.__trace:symbolic_shapes.py:5521 
DEBUG    torch.__trace:symbolic_shapes.py:5521 
DEBUG    torch.__trace:symbolic_shapes.py:5521 
DEBUG    torch.__trace:symbolic_shapes.py:5521 
DEBUG    torch.__trace:symbolic_shapes.py:5521 
DEBUG    torch.__trace:symbolic_shapes.py:5521 
DEBUG    torch.__trace:symbolic_shapes.py:5521 
DEBUG    torch.__trace:symbolic_shapes.py:5521 
DEBUG    torch.__trace:symbolic_shapes.py:5521 
DEBUG    torch.__trace:symbolic_shapes.py:5521 
DEBUG    torch.__trace:symbolic_shapes.py:5521 
DEBUG    torch.__trace:symbolic_shapes.py:5521 
DEBUG    torch.__trace:symbolic_shapes.py:5521 
DEBUG    torch.__trace:symbolic_shapes.py:5521 
DEBUG    torch.__trace:symbolic_shapes.py:5521 
DEBUG    torch.__trace:symbolic_shapes.py:5521 
DEBUG    torch.__trace:symbolic_shapes.py:5521 
DEBUG    torch.__trace:symbolic_shapes.py:5521 
DEBUG    torch.__trace:symbolic_shapes.py:5521 
DEBUG    torch.__trace:symbolic_shapes.py:5521 
DEBUG    torch.__trace:symbolic_shapes.py:5521 
DEBUG    torch.__trace:symbolic_shapes.py:5521 
DEBUG    torch.__trace:utils.py:2363 
DEBUG    torch.__trace:graph_compile.py:1820 
DEBUG    torch.__trace:graph_compile.py:1841 
DEBUG    torch.__trace:graph_compile.py:1891 
DEBUG    torch.__trace:graph_compile.py:1909 
DEBUG    torch.__trace:graph_compile.py:1913 
DEBUG    torch.__trace:codegen.py:200 
DEBUG    torch.__trace:codegen.py:200 
DEBUG    torch.__trace:codegen.py:200 
DEBUG    torch.__trace:codegen.py:200 
DEBUG    torch.__trace:codegen.py:200 
DEBUG    torch.__trace:codegen.py:200 
DEBUG    torch.__trace:utils.py:2363 
DEBUG    torch.__trace:utils.py:2363 
DEBUG    torch.__trace:utils.py:2363 
DEBUG    torch.__trace:utils.py:2363 
DEBUG    torch.__trace:guards.py:4769 
DEBUG    torch.__trace:utils.py:2363 
DEBUG    torch.__trace:utils.py:2363 
DEBUG    torch.__trace:utils.py:2363 
DEBUG    torch.__trace:utils.py:2363 
DEBUG    torch.__trace:utils.py:2363 
DEBUG    torch.__trace:utils.py:2363 
DEBUG    torch.__trace:utils.py:2022 
DEBUG    torch.__trace:utils.py:2363 
DEBUG    torch.__trace:utils.py:2363 
DEBUG    torch.__trace:utils.py:2363 
DEBUG    torch.__trace:guards.py:5625 
DEBUG    torch.__trace:convert_frame.py:304 
DEBUG    torch.__trace:utils.py:2363 
DEBUG    torch.__trace:utils.py:2363 
DEBUG    torch.__trace:meta_utils.py:298 
DEBUG    torch.__trace:meta_utils.py:537 
DEBUG    torch.__trace:meta_utils.py:2385 
DEBUG    torch.__trace:meta_utils.py:298 
DEBUG    torch.__trace:meta_utils.py:537 
DEBUG    torch.__trace:meta_utils.py:2385 
DEBUG    torch.__trace:meta_utils.py:298 
DEBUG    torch.__trace:meta_utils.py:537 
DEBUG    torch.__trace:meta_utils.py:2385 
DEBUG    torch.__trace:meta_utils.py:298 
DEBUG    torch.__trace:meta_utils.py:537 
DEBUG    torch.__trace:meta_utils.py:2385 
DEBUG    torch.__trace:meta_utils.py:298 
DEBUG    torch.__trace:meta_utils.py:537 
DEBUG    torch.__trace:meta_utils.py:2385 
DEBUG    torch.__trace:meta_utils.py:298 
DEBUG    torch.__trace:meta_utils.py:537 
DEBUG    torch.__trace:meta_utils.py:2385 
DEBUG    torch.__trace:meta_utils.py:298 
DEBUG    torch.__trace:meta_utils.py:537 
DEBUG    torch.__trace:meta_utils.py:2385 
DEBUG    torch.__trace:meta_utils.py:298 
DEBUG    torch.__trace:meta_utils.py:537 
DEBUG    torch.__trace:meta_utils.py:2385 
DEBUG    torch.__trace:meta_utils.py:298 
DEBUG    torch.__trace:meta_utils.py:537 
DEBUG    torch.__trace:meta_utils.py:2385 
DEBUG    torch.__trace:symbolic_shapes.py:5971 
DEBUG    torch.__trace:meta_utils.py:298 
DEBUG    torch.__trace:meta_utils.py:537 
DEBUG    torch.__trace:meta_utils.py:2385 
DEBUG    torch.__trace:meta_utils.py:298 
DEBUG    torch.__trace:meta_utils.py:537 
DEBUG    torch.__trace:meta_utils.py:2385 
DEBUG    torch.__trace:meta_utils.py:298 
DEBUG    torch.__trace:meta_utils.py:537 
DEBUG    torch.__trace:meta_utils.py:2385 
DEBUG    torch.__trace:meta_utils.py:298 
DEBUG    torch.__trace:meta_utils.py:537 
DEBUG    torch.__trace:meta_utils.py:2385 
DEBUG    torch.__trace:meta_utils.py:298 
DEBUG    torch.__trace:meta_utils.py:537 
DEBUG    torch.__trace:meta_utils.py:2385 
DEBUG    torch.__trace:meta_utils.py:298 
DEBUG    torch.__trace:meta_utils.py:537 
DEBUG    torch.__trace:meta_utils.py:2385 
DEBUG    torch.__trace:symbolic_shapes.py:5971 
DEBUG    torch.__trace:meta_utils.py:298 
DEBUG    torch.__trace:meta_utils.py:537 
DEBUG    torch.__trace:meta_utils.py:2385 
DEBUG    torch.__trace:symbolic_shapes.py:5971 
DEBUG    torch.__trace:symbolic_shapes.py:8465 
DEBUG    torch.__trace:meta_utils.py:298 
DEBUG    torch.__trace:meta_utils.py:537 
DEBUG    torch.__trace:meta_utils.py:2385 
DEBUG    torch.__trace:meta_utils.py:298 
DEBUG    torch.__trace:meta_utils.py:537 
DEBUG    torch.__trace:meta_utils.py:2385 
DEBUG    torch.__trace:meta_utils.py:298 
DEBUG    torch.__trace:meta_utils.py:537 
DEBUG    torch.__trace:meta_utils.py:2385 
DEBUG    torch.__trace:meta_utils.py:298 
DEBUG    torch.__trace:meta_utils.py:537 
DEBUG    torch.__trace:meta_utils.py:2385 
DEBUG    torch.__trace:meta_utils.py:298 
DEBUG    torch.__trace:meta_utils.py:537 
DEBUG    torch.__trace:meta_utils.py:2385 
DEBUG    torch.__trace:meta_utils.py:298 
DEBUG    torch.__trace:meta_utils.py:537 
DEBUG    torch.__trace:meta_utils.py:2385 
DEBUG    torch.__trace:meta_utils.py:298 
DEBUG    torch.__trace:meta_utils.py:537 
DEBUG    torch.__trace:meta_utils.py:2385 
DEBUG    torch.__trace:meta_utils.py:298 
DEBUG    torch.__trace:meta_utils.py:537 
DEBUG    torch.__trace:meta_utils.py:2385 
DEBUG    torch.__trace:utils.py:2363 
DEBUG    torch.__trace:utils.py:2363 
DEBUG    torch.__trace:utils.py:2363 
DEBUG    torch.__trace:output_graph.py:2942 
DEBUG    torch.__trace:utils.py:2363 
DEBUG    torch.__trace:utils.py:2363 
DEBUG    torch.__trace:utils.py:2363 
DEBUG    torch.__trace:utils.py:2363 
DEBUG    torch.__trace:graph_capture.py:428 
DEBUG    torch.__trace:graph_capture.py:446 
DEBUG    torch.__trace:graph_compile.py:382 
DEBUG    torch.__trace:codegen.py:200 
DEBUG    torch.__trace:utils.py:2363 
DEBUG    torch.__trace:utils.py:2363 
DEBUG    torch.__trace:utils.py:2363 
DEBUG    torch.__trace:utils.py:2363 
DEBUG    torch.__trace:guards.py:4769 
DEBUG    torch.__trace:utils.py:2363 
DEBUG    torch.__trace:utils.py:2363 
DEBUG    torch.__trace:utils.py:2363 
DEBUG    torch.__trace:utils.py:2363 
DEBUG    torch.__trace:utils.py:2363 
DEBUG    torch.__trace:utils.py:2363 
DEBUG    torch.__trace:utils.py:2022 
DEBUG    torch.__trace:utils.py:2363 
DEBUG    torch.__trace:utils.py:2363 
DEBUG    torch.__trace:utils.py:2363 
DEBUG    torch.__trace:convert_frame.py:304 
DEBUG    torch.__trace:utils.py:2363 
DEBUG    torch.__trace:utils.py:2363 
DEBUG    torch.__trace:meta_utils.py:298 
DEBUG    torch.__trace:meta_utils.py:537 
DEBUG    torch.__trace:meta_utils.py:2385 
DEBUG    torch.__trace:structured.py:28 
DEBUG    torch.__trace:symbolic_shapes.py:5971 
DEBUG    torch.__trace:meta_utils.py:298 
DEBUG    torch.__trace:meta_utils.py:537 
DEBUG    torch.__trace:meta_utils.py:2385 
DEBUG    torch.__trace:meta_utils.py:298 
DEBUG    torch.__trace:meta_utils.py:537 
DEBUG    torch.__trace:meta_utils.py:2385 
DEBUG    torch.__trace:meta_utils.py:298 
DEBUG    torch.__trace:meta_utils.py:537 
DEBUG    torch.__trace:meta_utils.py:2385 
DEBUG    torch.__trace:meta_utils.py:298 
DEBUG    torch.__trace:meta_utils.py:537 
DEBUG    torch.__trace:meta_utils.py:2385 
DEBUG    torch.__trace:meta_utils.py:298 
DEBUG    torch.__trace:meta_utils.py:537 
DEBUG    torch.__trace:meta_utils.py:2385 
DEBUG    torch.__trace:meta_utils.py:298 
DEBUG    torch.__trace:meta_utils.py:537 
DEBUG    torch.__trace:meta_utils.py:2385 
DEBUG    torch.__trace:symbolic_shapes.py:5971 
DEBUG    torch.__trace:meta_utils.py:298 
DEBUG    torch.__trace:meta_utils.py:537 
DEBUG    torch.__trace:meta_utils.py:2385 
DEBUG    torch.__trace:meta_utils.py:298 
DEBUG    torch.__trace:meta_utils.py:537 
DEBUG    torch.__trace:meta_utils.py:2385 
DEBUG    torch.__trace:meta_utils.py:298 
DEBUG    torch.__trace:meta_utils.py:537 
DEBUG    torch.__trace:meta_utils.py:2385 
DEBUG    torch.__trace:meta_utils.py:298 
DEBUG    torch.__trace:meta_utils.py:537 
DEBUG    torch.__trace:meta_utils.py:2385 
DEBUG    torch.__trace:meta_utils.py:298 
DEBUG    torch.__trace:meta_utils.py:537 
DEBUG    torch.__trace:meta_utils.py:2385 
DEBUG    torch.__trace:meta_utils.py:298 
DEBUG    torch.__trace:meta_utils.py:537 
DEBUG    torch.__trace:meta_utils.py:2385 
DEBUG    torch.__trace:meta_utils.py:298 
DEBUG    torch.__trace:meta_utils.py:537 
DEBUG    torch.__trace:meta_utils.py:2385 
DEBUG    torch.__trace:meta_utils.py:298 
DEBUG    torch.__trace:meta_utils.py:537 
DEBUG    torch.__trace:meta_utils.py:2385 
DEBUG    torch.__trace:meta_utils.py:298 
DEBUG    torch.__trace:meta_utils.py:537 
DEBUG    torch.__trace:meta_utils.py:2385 
DEBUG    torch.__trace:meta_utils.py:298 
DEBUG    torch.__trace:meta_utils.py:537 
DEBUG    torch.__trace:meta_utils.py:2385 
DEBUG    torch.__trace:meta_utils.py:298 
DEBUG    torch.__trace:meta_utils.py:537 
DEBUG    torch.__trace:meta_utils.py:2385 
DEBUG    torch.__trace:meta_utils.py:298 
DEBUG    torch.__trace:meta_utils.py:537 
DEBUG    torch.__trace:meta_utils.py:2385 
DEBUG    torch.__trace:meta_utils.py:298 
DEBUG    torch.__trace:meta_utils.py:537 
DEBUG    torch.__trace:meta_utils.py:2385 
DEBUG    torch.__trace:utils.py:2363 
DEBUG    torch.__trace:utils.py:2363 
DEBUG    torch.__trace:utils.py:2363 
DEBUG    torch.__trace:output_graph.py:2942 
DEBUG    torch.__trace:utils.py:2363 
DEBUG    torch.__trace:utils.py:2363 
DEBUG    torch.__trace:utils.py:2363 
DEBUG    torch.__trace:utils.py:2363 
DEBUG    torch.__trace:guards.py:4769 
DEBUG    torch.__trace:utils.py:2363 
DEBUG    torch.__trace:utils.py:2363 
DEBUG    torch.__trace:utils.py:2363 
DEBUG    torch.__trace:utils.py:2363 
DEBUG    torch.__trace:utils.py:2022 
DEBUG    torch.__trace:utils.py:2363 
DEBUG    torch.__trace:utils.py:2363 
DEBUG    torch.__trace:utils.py:2363 
DEBUG    torch.__trace:guards.py:5625 
DEBUG    torch.__trace:convert_frame.py:304 
DEBUG    torch.__trace:utils.py:2363 
DEBUG    torch.__trace:utils.py:2363 
DEBUG    torch.__trace:meta_utils.py:298 
DEBUG    torch.__trace:meta_utils.py:537 
DEBUG    torch.__trace:meta_utils.py:2385 
DEBUG    torch.__trace:symbolic_shapes.py:5971 
DEBUG    torch.__trace:utils.py:2402 
DEBUG    torch.__trace:utils.py:2402 
DEBUG    torch.__trace:meta_utils.py:298 
DEBUG    torch.__trace:meta_utils.py:537 
DEBUG    torch.__trace:meta_utils.py:2385 
DEBUG    torch.__trace:symbolic_shapes.py:5971 
DEBUG    torch.__trace:symbolic_shapes.py:5971 
DEBUG    torch.__trace:symbolic_shapes.py:5971 
DEBUG    torch.__trace:utils.py:2402 
DEBUG    torch.__trace:utils.py:2402 
DEBUG    torch.__trace:meta_utils.py:298 
DEBUG    torch.__trace:meta_utils.py:537 
DEBUG    torch.__trace:meta_utils.py:2385 
DEBUG    torch.__trace:symbolic_shapes.py:5971 
DEBUG    torch.__trace:utils.py:2402 
DEBUG    torch.__trace:meta_utils.py:298 
DEBUG    torch.__trace:meta_utils.py:537 
DEBUG    torch.__trace:meta_utils.py:2385 
DEBUG    torch.__trace:utils.py:2402 
DEBUG    torch.__trace:structured.py:28 
DEBUG    torch.__trace:symbolic_shapes.py:5971 
DEBUG    torch.__trace:symbolic_shapes.py:8465 
DEBUG    torch.__trace:symbolic_shapes.py:8056 
DEBUG    torch.__trace:utils.py:2402 
DEBUG    torch.__trace:symbolic_shapes.py:5971 
DEBUG    torch.__trace:symbolic_shapes.py:8465 
DEBUG    torch.__trace:utils.py:2402 
DEBUG    torch.__trace:structured.py:28 
DEBUG    torch.__trace:structured.py:28 
DEBUG    torch.__trace:structured.py:28 
DEBUG    torch.__trace:symbolic_shapes.py:5971 
DEBUG    torch.__trace:symbolic_shapes.py:8465 
DEBUG    torch.__trace:symbolic_shapes.py:8056 
DEBUG    torch.__trace:utils.py:2402 
DEBUG    torch.__trace:symbolic_shapes.py:5971 
DEBUG    torch.__trace:symbolic_shapes.py:8465 
DEBUG    torch.__trace:meta_utils.py:298 
DEBUG    torch.__trace:meta_utils.py:537 
DEBUG    torch.__trace:meta_utils.py:2385 
DEBUG    torch.__trace:symbolic_shapes.py:5971 
DEBUG    torch.__trace:utils.py:2402 
DEBUG    torch.__trace:symbolic_shapes.py:5971 
DEBUG    torch.__trace:symbolic_shapes.py:8465 
DEBUG    torch.__trace:symbolic_shapes.py:8056 
DEBUG    torch.__trace:utils.py:2402 
DEBUG    torch.__trace:symbolic_shapes.py:5971 
DEBUG    torch.__trace:symbolic_shapes.py:8465 
DEBUG    torch.__trace:utils.py:2402 
DEBUG    torch.__trace:symbolic_shapes.py:5971 
DEBUG    torch.__trace:symbolic_shapes.py:8465 
DEBUG    torch.__trace:symbolic_shapes.py:8056 
DEBUG    torch.__trace:utils.py:2402 
DEBUG    torch.__trace:symbolic_shapes.py:5971 
DEBUG    torch.__trace:symbolic_shapes.py:8465 
DEBUG    torch.__trace:utils.py:2402 
DEBUG    torch.__trace:utils.py:2402 
DEBUG    torch.__trace:meta_utils.py:298 
DEBUG    torch.__trace:meta_utils.py:537 
DEBUG    torch.__trace:meta_utils.py:2385 
DEBUG    torch.__trace:symbolic_shapes.py:5971 
DEBUG    torch.__trace:symbolic_shapes.py:5971 
DEBUG    torch.__trace:utils.py:2402 
DEBUG    torch.__trace:meta_utils.py:298 
DEBUG    torch.__trace:meta_utils.py:537 
DEBUG    torch.__trace:meta_utils.py:2385 
DEBUG    torch.__trace:symbolic_shapes.py:5971 
DEBUG    torch.__trace:symbolic_shapes.py:5971 
DEBUG    torch.__trace:structured.py:28 
DEBUG    torch.__trace:structured.py:28 
DEBUG    torch.__trace:symbolic_shapes.py:8465 
DEBUG    torch.__trace:symbolic_shapes.py:8465 
DEBUG    torch.__trace:utils.py:2402 
DEBUG    torch.__trace:meta_utils.py:298 
DEBUG    torch.__trace:meta_utils.py:537 
DEBUG    torch.__trace:meta_utils.py:537 
DEBUG    torch.__trace:meta_utils.py:2385 
DEBUG    torch.__trace:symbolic_shapes.py:5971 
DEBUG    torch.__trace:symbolic_shapes.py:8465 
DEBUG    torch.__trace:symbolic_shapes.py:8465 
DEBUG    torch.__trace:utils.py:2402 
DEBUG    torch.__trace:utils.py:2402 
DEBUG    torch.__trace:meta_utils.py:298 
DEBUG    torch.__trace:meta_utils.py:537 
DEBUG    torch.__trace:meta_utils.py:2385 
DEBUG    torch.__trace:symbolic_shapes.py:5971 
DEBUG    torch.__trace:symbolic_shapes.py:8465 
DEBUG    torch.__trace:utils.py:2402 
DEBUG    torch.__trace:meta_utils.py:298 
DEBUG    torch.__trace:meta_utils.py:537 
DEBUG    torch.__trace:meta_utils.py:2385 
DEBUG    torch.__trace:symbolic_shapes.py:5971 
DEBUG    torch.__trace:symbolic_shapes.py:5971 
DEBUG    torch.__trace:utils.py:2402 
DEBUG    torch.__trace:structured.py:28 
DEBUG    torch.__trace:symbolic_shapes.py:5971 
DEBUG    torch.__trace:symbolic_shapes.py:8465 
DEBUG    torch.__trace:symbolic_shapes.py:8465 
DEBUG    torch.__trace:structured.py:28 
DEBUG    torch.__trace:symbolic_shapes.py:8465 
DEBUG    torch.__trace:symbolic_shapes.py:8465 
DEBUG    torch.__trace:symbolic_shapes.py:8465 
DEBUG    torch.__trace:symbolic_shapes.py:8465 
DEBUG    torch.__trace:symbolic_shapes.py:8465 
DEBUG    torch.__trace:symbolic_shapes.py:8465 
DEBUG    torch.__trace:symbolic_shapes.py:8465 
DEBUG    torch.__trace:symbolic_shapes.py:8465 
DEBUG    torch.__trace:symbolic_shapes.py:8465 
DEBUG    torch.__trace:symbolic_shapes.py:8465 
DEBUG    torch.__trace:structured.py:28 
DEBUG    torch.__trace:symbolic_shapes.py:8465 
DEBUG    torch.__trace:symbolic_shapes.py:8465 
DEBUG    torch.__trace:symbolic_shapes.py:8465 
DEBUG    torch.__trace:symbolic_shapes.py:8465 
DEBUG    torch.__trace:meta_utils.py:298 
DEBUG    torch.__trace:meta_utils.py:537 
DEBUG    torch.__trace:meta_utils.py:2385 
DEBUG    torch.__trace:symbolic_shapes.py:8465 
DEBUG    torch.__trace:symbolic_shapes.py:8056 
DEBUG    torch.__trace:symbolic_shapes.py:8056 
DEBUG    torch.__trace:utils.py:2402 
DEBUG    torch.__trace:utils.py:2402 
DEBUG    torch.__trace:meta_utils.py:298 
DEBUG    torch.__trace:meta_utils.py:537 
DEBUG    torch.__trace:meta_utils.py:2385 
DEBUG    torch.__trace:symbolic_shapes.py:5971 
DEBUG    torch.__trace:symbolic_shapes.py:5971 
DEBUG    torch.__trace:symbolic_shapes.py:5971 
DEBUG    torch.__trace:symbolic_shapes.py:8465 
DEBUG    torch.__trace:symbolic_shapes.py:8056 
DEBUG    torch.__trace:symbolic_shapes.py:8465 
DEBUG    torch.__trace:symbolic_shapes.py:8465 
DEBUG    torch.__trace:symbolic_shapes.py:8056 
DEBUG    torch.__trace:utils.py:2402 
DEBUG    torch.__trace:utils.py:2402 
DEBUG    torch.__trace:meta_utils.py:298 
DEBUG    torch.__trace:meta_utils.py:537 
DEBUG    torch.__trace:meta_utils.py:2385 
DEBUG    torch.__trace:symbolic_shapes.py:5971 
DEBUG    torch.__trace:symbolic_shapes.py:8465 
DEBUG    torch.__trace:symbolic_shapes.py:8056 
DEBUG    torch.__trace:utils.py:2402 
DEBUG    torch.__trace:utils.py:2402 
DEBUG    torch.__trace:symbolic_shapes.py:5971 
DEBUG    torch.__trace:utils.py:2402 
DEBUG    torch.__trace:utils.py:2402 
DEBUG    torch.__trace:symbolic_shapes.py:5971 
DEBUG    torch.__trace:meta_utils.py:298 
DEBUG    torch.__trace:meta_utils.py:537 
DEBUG    torch.__trace:meta_utils.py:2385 
DEBUG    torch.__trace:utils.py:2402 
DEBUG    torch.__trace:symbolic_shapes.py:5971 
DEBUG    torch.__trace:symbolic_shapes.py:8465 
DEBUG    torch.__trace:symbolic_shapes.py:8465 
DEBUG    torch.__trace:symbolic_shapes.py:8465 
DEBUG    torch.__trace:symbolic_shapes.py:8465 
DEBUG    torch.__trace:symbolic_shapes.py:8465 
DEBUG    torch.__trace:symbolic_shapes.py:8465 
DEBUG    torch.__trace:symbolic_shapes.py:8465 
DEBUG    torch.__trace:symbolic_shapes.py:8465 
DEBUG    torch.__trace:symbolic_shapes.py:8465 
DEBUG    torch.__trace:symbolic_shapes.py:8056 
DEBUG    torch.__trace:meta_utils.py:298 
DEBUG    torch.__trace:meta_utils.py:537 
DEBUG    torch.__trace:meta_utils.py:2385 
DEBUG    torch.__trace:meta_utils.py:298 
DEBUG    torch.__trace:meta_utils.py:537 
DEBUG    torch.__trace:meta_utils.py:2385 
DEBUG    torch.__trace:meta_utils.py:298 
DEBUG    torch.__trace:meta_utils.py:537 
DEBUG    torch.__trace:meta_utils.py:2385 
DEBUG    torch.__trace:meta_utils.py:298 
DEBUG    torch.__trace:meta_utils.py:537 
DEBUG    torch.__trace:meta_utils.py:2385 
DEBUG    torch.__trace:meta_utils.py:298 
DEBUG    torch.__trace:meta_utils.py:537 
DEBUG    torch.__trace:meta_utils.py:2385 
DEBUG    torch.__trace:meta_utils.py:298 
DEBUG    torch.__trace:meta_utils.py:537 
DEBUG    torch.__trace:meta_utils.py:2385 
DEBUG    torch.__trace:symbolic_shapes.py:8465 
DEBUG    torch.__trace:meta_utils.py:298 
DEBUG    torch.__trace:meta_utils.py:537 
DEBUG    torch.__trace:meta_utils.py:2385 
DEBUG    torch.__trace:meta_utils.py:298 
DEBUG    torch.__trace:meta_utils.py:537 
DEBUG    torch.__trace:meta_utils.py:2385 
DEBUG    torch.__trace:symbolic_shapes.py:8465 
DEBUG    torch.__trace:meta_utils.py:298 
DEBUG    torch.__trace:meta_utils.py:537 
DEBUG    torch.__trace:meta_utils.py:2385 
DEBUG    torch.__trace:meta_utils.py:298 
DEBUG    torch.__trace:meta_utils.py:537 
DEBUG    torch.__trace:meta_utils.py:2385 
DEBUG    torch.__trace:meta_utils.py:298 
DEBUG    torch.__trace:meta_utils.py:537 
DEBUG    torch.__trace:meta_utils.py:2385 
DEBUG    torch.__trace:meta_utils.py:298 
DEBUG    torch.__trace:meta_utils.py:537 
DEBUG    torch.__trace:meta_utils.py:2385 
DEBUG    torch.__trace:structured.py:28 
DEBUG    torch.__trace:structured.py:28 
DEBUG    torch.__trace:structured.py:28 
DEBUG    torch.__trace:symbolic_shapes.py:8465 
DEBUG    torch.__trace:symbolic_shapes.py:8056 
DEBUG    torch.__trace:meta_utils.py:298 
DEBUG    torch.__trace:meta_utils.py:537 
DEBUG    torch.__trace:meta_utils.py:2385 
DEBUG    torch.__trace:symbolic_shapes.py:8465 
DEBUG    torch.__trace:symbolic_shapes.py:8465 
DEBUG    torch.__trace:symbolic_shapes.py:8465 
DEBUG    torch.__trace:symbolic_shapes.py:8465 
DEBUG    torch.__trace:symbolic_shapes.py:8465 
DEBUG    torch.__trace:symbolic_shapes.py:8465 
DEBUG    torch.__trace:symbolic_shapes.py:8465 
DEBUG    torch.__trace:symbolic_shapes.py:8465 
DEBUG    torch.__trace:symbolic_shapes.py:8465 
DEBUG    torch.__trace:symbolic_shapes.py:8465 
DEBUG    torch.__trace:symbolic_shapes.py:8465 
DEBUG    torch.__trace:meta_utils.py:298 
DEBUG    torch.__trace:meta_utils.py:537 
DEBUG    torch.__trace:meta_utils.py:2385 
DEBUG    torch.__trace:meta_utils.py:298 
DEBUG    torch.__trace:meta_utils.py:537 
DEBUG    torch.__trace:meta_utils.py:2385 
DEBUG    torch.__trace:symbolic_shapes.py:8465 
DEBUG    torch.__trace:meta_utils.py:298 
DEBUG    torch.__trace:meta_utils.py:537 
DEBUG    torch.__trace:meta_utils.py:537 
DEBUG    torch.__trace:meta_utils.py:2385 
DEBUG    torch.__trace:symbolic_shapes.py:8465 
DEBUG    torch.__trace:symbolic_shapes.py:8056 
DEBUG    torch.__trace:symbolic_shapes.py:8465 
DEBUG    torch.__trace:symbolic_shapes.py:8465 
DEBUG    torch.__trace:symbolic_shapes.py:8056 
DEBUG    torch.__trace:symbolic_shapes.py:8465 
DEBUG    torch.__trace:symbolic_shapes.py:8056 
DEBUG    torch.__trace:structured.py:28 
DEBUG    torch.__trace:structured.py:28 
DEBUG    torch.__trace:symbolic_shapes.py:8056 
DEBUG    torch.__trace:symbolic_shapes.py:8465 
DEBUG    torch.__trace:symbolic_shapes.py:8056 
DEBUG    torch.__trace:symbolic_shapes.py:8465 
DEBUG    torch.__trace:symbolic_shapes.py:8465 
DEBUG    torch.__trace:utils.py:2363 
DEBUG    torch.__trace:utils.py:2363 
DEBUG    torch.__trace:utils.py:2363 
DEBUG    torch.__trace:output_graph.py:2942 
DEBUG    torch.__trace:utils.py:2363 
DEBUG    torch.__trace:utils.py:2363 
DEBUG    torch.__trace:utils.py:2363 
DEBUG    torch.__trace:utils.py:2363 
DEBUG    torch.__trace:guards.py:4769 
DEBUG    torch.__trace:utils.py:2363 
DEBUG    torch.__trace:utils.py:2363 
DEBUG    torch.__trace:utils.py:2363 
DEBUG    torch.__trace:utils.py:2363 
DEBUG    torch.__trace:utils.py:2363 
DEBUG    torch.__trace:utils.py:2363 
DEBUG    torch.__trace:utils.py:2022 
DEBUG    torch.__trace:utils.py:2363 
DEBUG    torch.__trace:utils.py:2363 
DEBUG    torch.__trace:utils.py:2363 
DEBUG    torch.__trace:guards.py:5625 
DEBUG    torch.__trace:convert_frame.py:304 
DEBUG    torch.__trace:utils.py:2363 
DEBUG    torch.__trace:utils.py:2363 
DEBUG    torch.__trace:meta_utils.py:298 
DEBUG    torch.__trace:meta_utils.py:537 
DEBUG    torch.__trace:meta_utils.py:2385 
DEBUG    torch.__trace:symbolic_shapes.py:5971 
DEBUG    torch.__trace:meta_utils.py:298 
DEBUG    torch.__trace:meta_utils.py:537 
DEBUG    torch.__trace:meta_utils.py:2385 
DEBUG    torch.__trace:symbolic_shapes.py:5971 
DEBUG    torch.__trace:symbolic_shapes.py:5971 
DEBUG    torch.__trace:symbolic_shapes.py:5971 
DEBUG    torch.__trace:meta_utils.py:298 
DEBUG    torch.__trace:meta_utils.py:537 
DEBUG    torch.__trace:meta_utils.py:2385 
DEBUG    torch.__trace:symbolic_shapes.py:5971 
DEBUG    torch.__trace:meta_utils.py:298 
DEBUG    torch.__trace:meta_utils.py:537 
DEBUG    torch.__trace:meta_utils.py:2385 
DEBUG    torch.__trace:utils.py:2402 
DEBUG    torch.__trace:meta_utils.py:298 
DEBUG    torch.__trace:meta_utils.py:537 
DEBUG    torch.__trace:meta_utils.py:2385 
DEBUG    torch.__trace:utils.py:2402 
DEBUG    torch.__trace:utils.py:2402 
DEBUG    torch.__trace:meta_utils.py:298 
DEBUG    torch.__trace:meta_utils.py:537 
DEBUG    torch.__trace:meta_utils.py:2385 
DEBUG    torch.__trace:symbolic_shapes.py:5971 
DEBUG    torch.__trace:meta_utils.py:298 
DEBUG    torch.__trace:meta_utils.py:537 
DEBUG    torch.__trace:meta_utils.py:2385 
DEBUG    torch.__trace:meta_utils.py:298 
DEBUG    torch.__trace:meta_utils.py:537 
DEBUG    torch.__trace:meta_utils.py:2385 
DEBUG    torch.__trace:symbolic_shapes.py:5971 
DEBUG    torch.__trace:symbolic_shapes.py:8465 
DEBUG    torch.__trace:symbolic_shapes.py:8056 
DEBUG    torch.__trace:symbolic_shapes.py:5971 
DEBUG    torch.__trace:symbolic_shapes.py:8465 
DEBUG    torch.__trace:symbolic_shapes.py:5971 
DEBUG    torch.__trace:symbolic_shapes.py:8465 
DEBUG    torch.__trace:symbolic_shapes.py:8056 
DEBUG    torch.__trace:symbolic_shapes.py:5971 
DEBUG    torch.__trace:symbolic_shapes.py:8465 
DEBUG    torch.__trace:meta_utils.py:298 
DEBUG    torch.__trace:meta_utils.py:537 
DEBUG    torch.__trace:meta_utils.py:2385 
DEBUG    torch.__trace:symbolic_shapes.py:5971 
DEBUG    torch.__trace:symbolic_shapes.py:5971 
DEBUG    torch.__trace:symbolic_shapes.py:8465 
DEBUG    torch.__trace:symbolic_shapes.py:8056 
DEBUG    torch.__trace:symbolic_shapes.py:5971 
DEBUG    torch.__trace:symbolic_shapes.py:8465 
DEBUG    torch.__trace:symbolic_shapes.py:5971 
DEBUG    torch.__trace:symbolic_shapes.py:8465 
DEBUG    torch.__trace:symbolic_shapes.py:8056 
DEBUG    torch.__trace:symbolic_shapes.py:5971 
DEBUG    torch.__trace:symbolic_shapes.py:8465 
DEBUG    torch.__trace:meta_utils.py:298 
DEBUG    torch.__trace:meta_utils.py:537 
DEBUG    torch.__trace:meta_utils.py:2385 
DEBUG    torch.__trace:utils.py:2402 
DEBUG    torch.__trace:meta_utils.py:298 
DEBUG    torch.__trace:meta_utils.py:537 
DEBUG    torch.__trace:meta_utils.py:2385 
DEBUG    torch.__trace:symbolic_shapes.py:5971 
DEBUG    torch.__trace:symbolic_shapes.py:5971 
DEBUG    torch.__trace:symbolic_shapes.py:8465 
DEBUG    torch.__trace:meta_utils.py:298 
DEBUG    torch.__trace:meta_utils.py:537 
DEBUG    torch.__trace:meta_utils.py:2385 
DEBUG    torch.__trace:symbolic_shapes.py:5971 
DEBUG    torch.__trace:symbolic_shapes.py:5971 
DEBUG    torch.__trace:symbolic_shapes.py:8465 
DEBUG    torch.__trace:utils.py:2402 
DEBUG    torch.__trace:utils.py:2402 
DEBUG    torch.__trace:meta_utils.py:298 
DEBUG    torch.__trace:meta_utils.py:537 
DEBUG    torch.__trace:meta_utils.py:2385 
DEBUG    torch.__trace:symbolic_shapes.py:5971 
DEBUG    torch.__trace:symbolic_shapes.py:5971 
DEBUG    torch.__trace:symbolic_shapes.py:8465 
DEBUG    torch.__trace:meta_utils.py:298 
DEBUG    torch.__trace:meta_utils.py:537 
DEBUG    torch.__trace:meta_utils.py:2385 
DEBUG    torch.__trace:utils.py:2402 
DEBUG    torch.__trace:utils.py:2402 
DEBUG    torch.__trace:symbolic_shapes.py:5971 
DEBUG    torch.__trace:symbolic_shapes.py:5971 
DEBUG    torch.__trace:symbolic_shapes.py:8465 
DEBUG    torch.__trace:symbolic_shapes.py:8465 
DEBUG    torch.__trace:symbolic_shapes.py:8465 
DEBUG    torch.__trace:symbolic_shapes.py:8465 
DEBUG    torch.__trace:symbolic_shapes.py:8465 
DEBUG    torch.__trace:symbolic_shapes.py:8465 
DEBUG    torch.__trace:symbolic_shapes.py:8465 
DEBUG    torch.__trace:symbolic_shapes.py:8465 
DEBUG    torch.__trace:symbolic_shapes.py:8465 
DEBUG    torch.__trace:symbolic_shapes.py:8465 
DEBUG    torch.__trace:symbolic_shapes.py:8465 
DEBUG    torch.__trace:symbolic_shapes.py:8465 
DEBUG    torch.__trace:symbolic_shapes.py:8465 
DEBUG    torch.__trace:symbolic_shapes.py:8465 
DEBUG    torch.__trace:symbolic_shapes.py:8465 
DEBUG    torch.__trace:symbolic_shapes.py:8465 
DEBUG    torch.__trace:symbolic_shapes.py:8465 
DEBUG    torch.__trace:symbolic_shapes.py:8465 
DEBUG    torch.__trace:symbolic_shapes.py:8465 
DEBUG    torch.__trace:symbolic_shapes.py:8465 
DEBUG    torch.__trace:symbolic_shapes.py:8465 
DEBUG    torch.__trace:symbolic_shapes.py:8465 
DEBUG    torch.__trace:symbolic_shapes.py:8465 
DEBUG    torch.__trace:meta_utils.py:298 
DEBUG    torch.__trace:meta_utils.py:537 
DEBUG    torch.__trace:meta_utils.py:2385 
DEBUG    torch.__trace:symbolic_shapes.py:8465 
DEBUG    torch.__trace:symbolic_shapes.py:8465 
DEBUG    torch.__trace:symbolic_shapes.py:8465 
DEBUG    torch.__trace:symbolic_shapes.py:8056 
DEBUG    torch.__trace:symbolic_shapes.py:8465 
DEBUG    torch.__trace:symbolic_shapes.py:8056 
DEBUG    torch.__trace:meta_utils.py:298 
DEBUG    torch.__trace:meta_utils.py:537 
DEBUG    torch.__trace:meta_utils.py:2385 
DEBUG    torch.__trace:meta_utils.py:298 
DEBUG    torch.__trace:meta_utils.py:537 
DEBUG    torch.__trace:meta_utils.py:2385 
DEBUG    torch.__trace:meta_utils.py:298 
DEBUG    torch.__trace:meta_utils.py:537 
DEBUG    torch.__trace:meta_utils.py:2385 
DEBUG    torch.__trace:meta_utils.py:298 
DEBUG    torch.__trace:meta_utils.py:537 
DEBUG    torch.__trace:meta_utils.py:2385 
DEBUG    torch.__trace:meta_utils.py:298 
DEBUG    torch.__trace:meta_utils.py:537 
DEBUG    torch.__trace:meta_utils.py:2385 
DEBUG    torch.__trace:meta_utils.py:298 
DEBUG    torch.__trace:meta_utils.py:537 
DEBUG    torch.__trace:meta_utils.py:2385 
DEBUG    torch.__trace:meta_utils.py:298 
DEBUG    torch.__trace:meta_utils.py:537 
DEBUG    torch.__trace:meta_utils.py:2385 
DEBUG    torch.__trace:meta_utils.py:298 
DEBUG    torch.__trace:meta_utils.py:537 
DEBUG    torch.__trace:meta_utils.py:2385 
DEBUG    torch.__trace:meta_utils.py:298 
DEBUG    torch.__trace:meta_utils.py:537 
DEBUG    torch.__trace:meta_utils.py:2385 
DEBUG    torch.__trace:meta_utils.py:298 
DEBUG    torch.__trace:meta_utils.py:537 
DEBUG    torch.__trace:meta_utils.py:2385 
DEBUG    torch.__trace:meta_utils.py:298 
DEBUG    torch.__trace:meta_utils.py:537 
DEBUG    torch.__trace:meta_utils.py:2385 
DEBUG    torch.__trace:symbolic_shapes.py:5971 
DEBUG    torch.__trace:symbolic_shapes.py:5971 
DEBUG    torch.__trace:symbolic_shapes.py:8465 
DEBUG    torch.__trace:symbolic_shapes.py:8056 
DEBUG    torch.__trace:meta_utils.py:298 
DEBUG    torch.__trace:meta_utils.py:537 
DEBUG    torch.__trace:meta_utils.py:2385 
DEBUG    torch.__trace:symbolic_shapes.py:8465 
DEBUG    torch.__trace:symbolic_shapes.py:8056 
DEBUG    torch.__trace:symbolic_shapes.py:8465 
DEBUG    torch.__trace:symbolic_shapes.py:8056 
DEBUG    torch.__trace:meta_utils.py:298 
DEBUG    torch.__trace:meta_utils.py:537 
DEBUG    torch.__trace:meta_utils.py:2385 
DEBUG    torch.__trace:symbolic_shapes.py:8465 
DEBUG    torch.__trace:symbolic_shapes.py:8465 
DEBUG    torch.__trace:symbolic_shapes.py:8465 
DEBUG    torch.__trace:symbolic_shapes.py:8465 
DEBUG    torch.__trace:symbolic_shapes.py:8465 
DEBUG    torch.__trace:symbolic_shapes.py:8465 
DEBUG    torch.__trace:symbolic_shapes.py:8465 
DEBUG    torch.__trace:meta_utils.py:298 
DEBUG    torch.__trace:meta_utils.py:537 
DEBUG    torch.__trace:meta_utils.py:2385 
DEBUG    torch.__trace:meta_utils.py:298 
DEBUG    torch.__trace:meta_utils.py:537 
DEBUG    torch.__trace:meta_utils.py:2385 
DEBUG    torch.__trace:meta_utils.py:298 
DEBUG    torch.__trace:meta_utils.py:537 
DEBUG    torch.__trace:meta_utils.py:2385 
DEBUG    torch.__trace:meta_utils.py:298 
DEBUG    torch.__trace:meta_utils.py:537 
DEBUG    torch.__trace:meta_utils.py:2385 
DEBUG    torch.__trace:symbolic_shapes.py:5971 
DEBUG    torch.__trace:symbolic_shapes.py:5971 
DEBUG    torch.__trace:symbolic_shapes.py:8465 
DEBUG    torch.__trace:symbolic_shapes.py:8056 
DEBUG    torch.__trace:symbolic_shapes.py:8465 
DEBUG    torch.__trace:symbolic_shapes.py:8056 
DEBUG    torch.__trace:meta_utils.py:298 
DEBUG    torch.__trace:meta_utils.py:537 
DEBUG    torch.__trace:meta_utils.py:2385 
DEBUG    torch.__trace:symbolic_shapes.py:5971 
DEBUG    torch.__trace:symbolic_shapes.py:5971 
DEBUG    torch.__trace:meta_utils.py:298 
DEBUG    torch.__trace:meta_utils.py:537 
DEBUG    torch.__trace:meta_utils.py:2385 
DEBUG    torch.__trace:symbolic_shapes.py:5971 
DEBUG    torch.__trace:symbolic_shapes.py:5971 
DEBUG    torch.__trace:symbolic_shapes.py:8465 
DEBUG    torch.__trace:symbolic_shapes.py:8056 
DEBUG    torch.__trace:symbolic_shapes.py:8465 
DEBUG    torch.__trace:symbolic_shapes.py:8465 
DEBUG    torch.__trace:symbolic_shapes.py:8465 
DEBUG    torch.__trace:symbolic_shapes.py:8056 
DEBUG    torch.__trace:utils.py:2363 
DEBUG    torch.__trace:utils.py:2363 
DEBUG    torch.__trace:utils.py:2363 
DEBUG    torch.__trace:output_graph.py:2942 
DEBUG    torch.__trace:utils.py:2363 
DEBUG    torch.__trace:utils.py:2363 
DEBUG    torch.__trace:utils.py:2363 
DEBUG    torch.__trace:utils.py:2363 
DEBUG    torch.__trace:guards.py:4769 
DEBUG    torch.__trace:utils.py:2363 
DEBUG    torch.__trace:utils.py:2363 
DEBUG    torch.__trace:utils.py:2363 
DEBUG    torch.__trace:utils.py:2363 
DEBUG    torch.__trace:utils.py:2363 
DEBUG    torch.__trace:utils.py:2363 
DEBUG    torch.__trace:utils.py:2022 
DEBUG    torch.__trace:utils.py:2363
=============================== warnings summary ===============================
test/test_explicit_dimensions.py::TestXorGrammarLearnsXor::test_xor_class_accuracy
  /Users/arogers/github/WikiOracle/basicmodel/.venv/lib/python3.12/site-packages/torch/utils/_device.py:122: UserWarning: Sparse invariant checks are implicitly disabled. Memory errors (e.g. SEGFAULT) will occur when operating on a sparse tensor which violates the invariants, but checks incur performance overhead. To silence this warning, explicitly opt in or out. See `torch.sparse.check_sparse_tensor_invariants.__doc__` for guidance.  (Triggered internally at /Users/runner/work/pytorch/pytorch/aten/src/ATen/Context.cpp:855.)
    return func(*args, **kwargs)

-- Docs: https://docs.pytest.org/en/stable/how-to/capture-warnings.html
=========================== short test summary info ============================
FAILED test/test_explicit_dimensions.py::TestXorGrammarLearnsXor::test_xor_class_accuracy
1 failed, 1 warning in 189.99s (0:03:09)
