F                                                                        [100%]
=================================== FAILURES ===================================
_____ TestXorGrammarReconstruction.test_piecewise_overall_at_least_50_pct ______
test/test_explicit_dimensions.py:265: in test_piecewise_overall_at_least_50_pct
    self.assertEqual(perfect, 4,
E   AssertionError: 1 != 4 : XOR_grammar reconstruction: 1/4 word multisets recovered; [('hello world', 'world hello'), ('hello there', 'hello hello'), ('loving world', 'loving loving'), ('loving there', 'loving loving')]
----------------------------- Captured stdout call -----------------------------
Device: cpu
Peer pipeline: static PS/WS stage bodies compiled separately; legacy compatibility scheduler remains outside fullgraph capture


==== BasicModel ====

Trial [1/1]
Baseline test pass skipped (--test not specified). Re-invoke train.py with --test to include baseline + post-epoch evaluation.
Epoch [1/400]
[AMP] off (fp32, MODEL_AMP unset or =off)
batch = 0 (warm-up, 100.00%)
Training throughput: 1 batches in 105.993s; word units 100.0% of 8 words (letters-only 100.0% of 8).
Train Loss: output=0.1744, reconstruction=0.0034
Epoch [2/400]
batch = 0 (Δ=0.347s, 100.00%)
Training throughput: 1 batches in 0.346s; word units 100.0% of 8 words (letters-only 100.0% of 8).
Train Loss: output=0.1578, reconstruction=0.0017
Epoch [3/400]
batch = 0 (Δ=0.347s, 100.00%)
Training throughput: 1 batches in 0.347s; word units 100.0% of 8 words (letters-only 100.0% of 8).
Train Loss: output=0.1725, reconstruction=0.0009
Epoch [4/400]
batch = 0 (Δ=0.346s, 100.00%)
Training throughput: 1 batches in 0.345s; word units 100.0% of 8 words (letters-only 100.0% of 8).
Train Loss: output=0.1421, reconstruction=0.0007
Epoch [5/400]
batch = 0 (Δ=0.347s, 100.00%)
Training throughput: 1 batches in 0.347s; word units 100.0% of 8 words (letters-only 100.0% of 8).
Train Loss: output=0.1315, reconstruction=0.0007
Epoch [6/400]
batch = 0 (Δ=0.347s, 100.00%)
Training throughput: 1 batches in 0.346s; word units 100.0% of 8 words (letters-only 100.0% of 8).
Train Loss: output=0.1519, reconstruction=0.0008
Epoch [7/400]
batch = 0 (Δ=0.349s, 100.00%)
Training throughput: 1 batches in 0.348s; word units 100.0% of 8 words (letters-only 100.0% of 8).
Train Loss: output=0.1164, reconstruction=0.0010
Epoch [8/400]
batch = 0 (Δ=0.344s, 100.00%)
Training throughput: 1 batches in 0.344s; word units 100.0% of 8 words (letters-only 100.0% of 8).
Train Loss: output=0.1473, reconstruction=0.0014
Epoch [9/400]
batch = 0 (Δ=0.349s, 100.00%)
Training throughput: 1 batches in 0.349s; word units 100.0% of 8 words (letters-only 100.0% of 8).
Train Loss: output=0.1826, reconstruction=0.0021
Epoch [10/400]
batch = 0 (Δ=0.350s, 100.00%)
Training throughput: 1 batches in 0.349s; word units 100.0% of 8 words (letters-only 100.0% of 8).
Train Loss: output=0.1911, reconstruction=2.3056
Epoch [11/400]
batch = 0 (Δ=0.347s, 100.00%)
Training throughput: 1 batches in 0.347s; word units 100.0% of 8 words (letters-only 100.0% of 8).
Train Loss: output=0.1387, reconstruction=2.3068
Epoch [12/400]
batch = 0 (Δ=0.352s, 100.00%)
Training throughput: 1 batches in 0.352s; word units 100.0% of 8 words (letters-only 100.0% of 8).
Train Loss: output=0.1761, reconstruction=5.8034
Epoch [13/400]
batch = 0 (Δ=0.350s, 100.00%)
Training throughput: 1 batches in 0.350s; word units 100.0% of 8 words (letters-only 100.0% of 8).
Train Loss: output=0.1734, reconstruction=2.8856
Epoch [14/400]
batch = 0 (Δ=0.349s, 100.00%)
Training throughput: 1 batches in 0.349s; word units 100.0% of 8 words (letters-only 100.0% of 8).
Train Loss: output=0.1720, reconstruction=4.2870
Epoch [15/400]
batch = 0 (Δ=0.346s, 100.00%)
Training throughput: 1 batches in 0.346s; word units 100.0% of 8 words (letters-only 100.0% of 8).
Train Loss: output=0.1627, reconstruction=10.2468
Epoch [16/400]
batch = 0 (Δ=0.345s, 100.00%)
Training throughput: 1 batches in 0.344s; word units 100.0% of 8 words (letters-only 100.0% of 8).
Train Loss: output=0.1498, reconstruction=8.6479
Epoch [17/400]
batch = 0 (Δ=0.350s, 100.00%)
Training throughput: 1 batches in 0.350s; word units 100.0% of 8 words (letters-only 100.0% of 8).
Train Loss: output=0.1706, reconstruction=8.6707
Epoch [18/400]
batch = 0 (Δ=0.349s, 100.00%)
Training throughput: 1 batches in 0.348s; word units 100.0% of 8 words (letters-only 100.0% of 8).
Train Loss: output=0.1527, reconstruction=10.1884
Epoch [19/400]
batch = 0 (Δ=0.352s, 100.00%)
Training throughput: 1 batches in 0.352s; word units 100.0% of 8 words (letters-only 100.0% of 8).
Train Loss: output=0.1698, reconstruction=6.5235
Epoch [20/400]
batch = 0 (Δ=0.349s, 100.00%)
Training throughput: 1 batches in 0.348s; word units 100.0% of 8 words (letters-only 100.0% of 8).
Train Loss: output=0.1719, reconstruction=8.5155
Epoch [21/400]
batch = 0 (Δ=0.354s, 100.00%)
Training throughput: 1 batches in 0.354s; word units 100.0% of 8 words (letters-only 100.0% of 8).
Train Loss: output=0.1371, reconstruction=5.2151
Epoch [22/400]
batch = 0 (Δ=0.369s, 100.00%)
Training throughput: 1 batches in 0.368s; word units 100.0% of 8 words (letters-only 100.0% of 8).
Train Loss: output=0.1659, reconstruction=9.1768
Epoch [23/400]
batch = 0 (Δ=0.351s, 100.00%)
Training throughput: 1 batches in 0.351s; word units 100.0% of 8 words (letters-only 100.0% of 8).
Train Loss: output=0.1519, reconstruction=6.8290
Epoch [24/400]
batch = 0 (Δ=0.350s, 100.00%)
Training throughput: 1 batches in 0.350s; word units 100.0% of 8 words (letters-only 100.0% of 8).
Train Loss: output=0.1499, reconstruction=6.3484
Epoch [25/400]
batch = 0 (Δ=0.353s, 100.00%)
Training throughput: 1 batches in 0.353s; word units 100.0% of 8 words (letters-only 100.0% of 8).
Train Loss: output=0.1592, reconstruction=6.6770
Epoch [26/400]
batch = 0 (Δ=0.354s, 100.00%)
Training throughput: 1 batches in 0.353s; word units 100.0% of 8 words (letters-only 100.0% of 8).
Train Loss: output=0.1449, reconstruction=8.1187
Epoch [27/400]
batch = 0 (Δ=0.350s, 100.00%)
Training throughput: 1 batches in 0.349s; word units 100.0% of 8 words (letters-only 100.0% of 8).
Train Loss: output=0.1670, reconstruction=8.9487
Epoch [28/400]
batch = 0 (Δ=0.353s, 100.00%)
Training throughput: 1 batches in 0.352s; word units 100.0% of 8 words (letters-only 100.0% of 8).
Train Loss: output=0.1159, reconstruction=6.5633
Epoch [29/400]
batch = 0 (Δ=0.354s, 100.00%)
Training throughput: 1 batches in 0.353s; word units 100.0% of 8 words (letters-only 100.0% of 8).
Train Loss: output=0.1512, reconstruction=8.0672
Epoch [30/400]
batch = 0 (Δ=0.348s, 100.00%)
Training throughput: 1 batches in 0.348s; word units 100.0% of 8 words (letters-only 100.0% of 8).
Train Loss: output=0.1342, reconstruction=8.0066
Epoch [31/400]
batch = 0 (Δ=0.358s, 100.00%)
Training throughput: 1 batches in 0.358s; word units 100.0% of 8 words (letters-only 100.0% of 8).
Train Loss: output=0.1003, reconstruction=6.5112
Epoch [32/400]
batch = 0 (Δ=0.353s, 100.00%)
Training throughput: 1 batches in 0.352s; word units 100.0% of 8 words (letters-only 100.0% of 8).
Train Loss: output=0.1186, reconstruction=8.0397
Epoch [33/400]
batch = 0 (Δ=0.352s, 100.00%)
Training throughput: 1 batches in 0.352s; word units 100.0% of 8 words (letters-only 100.0% of 8).
Train Loss: output=0.1193, reconstruction=5.5769
Epoch [34/400]
batch = 0 (Δ=0.357s, 100.00%)
Training throughput: 1 batches in 0.356s; word units 100.0% of 8 words (letters-only 100.0% of 8).
Train Loss: output=0.1204, reconstruction=6.4143
Epoch [35/400]
batch = 0 (Δ=0.348s, 100.00%)
Training throughput: 1 batches in 0.348s; word units 100.0% of 8 words (letters-only 100.0% of 8).
Train Loss: output=0.1595, reconstruction=8.7335
Epoch [36/400]
batch = 0 (Δ=0.350s, 100.00%)
Training throughput: 1 batches in 0.349s; word units 100.0% of 8 words (letters-only 100.0% of 8).
Train Loss: output=0.1527, reconstruction=6.4378
Epoch [37/400]
batch = 0 (Δ=0.352s, 100.00%)
Training throughput: 1 batches in 0.351s; word units 100.0% of 8 words (letters-only 100.0% of 8).
Train Loss: output=0.1485, reconstruction=8.7353
Epoch [38/400]
batch = 0 (Δ=0.352s, 100.00%)
Training throughput: 1 batches in 0.351s; word units 100.0% of 8 words (letters-only 100.0% of 8).
Train Loss: output=0.1400, reconstruction=8.7254
Epoch [39/400]
batch = 0 (Δ=0.347s, 100.00%)
Training throughput: 1 batches in 0.346s; word units 100.0% of 8 words (letters-only 100.0% of 8).
Train Loss: output=0.1307, reconstruction=10.1607
Epoch [40/400]
batch = 0 (Δ=0.355s, 100.00%)
Training throughput: 1 batches in 0.355s; word units 100.0% of 8 words (letters-only 100.0% of 8).
Train Loss: output=0.1208, reconstruction=10.1612
Epoch [41/400]
batch = 0 (Δ=0.352s, 100.00%)
Training throughput: 1 batches in 0.351s; word units 100.0% of 8 words (letters-only 100.0% of 8).
Train Loss: output=0.1071, reconstruction=9.9197
Epoch [42/400]
batch = 0 (Δ=0.348s, 100.00%)
Training throughput: 1 batches in 0.348s; word units 100.0% of 8 words (letters-only 100.0% of 8).
Train Loss: output=0.1141, reconstruction=8.4402
Epoch [43/400]
batch = 0 (Δ=0.353s, 100.00%)
Training throughput: 1 batches in 0.352s; word units 100.0% of 8 words (letters-only 100.0% of 8).
Train Loss: output=0.0774, reconstruction=8.4478
Epoch [44/400]
batch = 0 (Δ=0.353s, 100.00%)
Training throughput: 1 batches in 0.352s; word units 100.0% of 8 words (letters-only 100.0% of 8).
Train Loss: output=0.0989, reconstruction=8.4540
Epoch [45/400]
batch = 0 (Δ=0.348s, 100.00%)
Training throughput: 1 batches in 0.348s; word units 100.0% of 8 words (letters-only 100.0% of 8).
Train Loss: output=0.0511, reconstruction=8.4580
Epoch [46/400]
batch = 0 (Δ=0.350s, 100.00%)
Training throughput: 1 batches in 0.349s; word units 100.0% of 8 words (letters-only 100.0% of 8).
Train Loss: output=0.0640, reconstruction=8.4596
Epoch [47/400]
batch = 0 (Δ=0.352s, 100.00%)
Training throughput: 1 batches in 0.352s; word units 100.0% of 8 words (letters-only 100.0% of 8).
Train Loss: output=0.0535, reconstruction=6.1564
Epoch [48/400]
batch = 0 (Δ=0.363s, 100.00%)
Training throughput: 1 batches in 0.368s; word units 100.0% of 8 words (letters-only 100.0% of 8).
Train Loss: output=0.0578, reconstruction=8.4566
Epoch [49/400]
batch = 0 (Δ=0.372s, 100.00%)
Training throughput: 1 batches in 0.366s; word units 100.0% of 8 words (letters-only 100.0% of 8).
Train Loss: output=0.0424, reconstruction=8.4528
Epoch [50/400]
batch = 0 (Δ=0.346s, 100.00%)
Training throughput: 1 batches in 0.345s; word units 100.0% of 8 words (letters-only 100.0% of 8).
Train Loss: output=0.0638, reconstruction=8.4479
Epoch [51/400]
batch = 0 (Δ=0.349s, 100.00%)
Training throughput: 1 batches in 0.349s; word units 100.0% of 8 words (letters-only 100.0% of 8).
Train Loss: output=0.0974, reconstruction=6.1395
Epoch [52/400]
batch = 0 (Δ=0.350s, 100.00%)
Training throughput: 1 batches in 0.350s; word units 100.0% of 8 words (letters-only 100.0% of 8).
Train Loss: output=0.0427, reconstruction=6.1330
Epoch [53/400]
batch = 0 (Δ=0.352s, 100.00%)
Training throughput: 1 batches in 0.351s; word units 100.0% of 8 words (letters-only 100.0% of 8).
Train Loss: output=0.0506, reconstruction=6.1259
Epoch [54/400]
batch = 0 (Δ=0.353s, 100.00%)
Training throughput: 1 batches in 0.352s; word units 100.0% of 8 words (letters-only 100.0% of 8).
Train Loss: output=0.0666, reconstruction=6.1184
Epoch [55/400]
batch = 0 (Δ=0.351s, 100.00%)
Training throughput: 1 batches in 0.351s; word units 100.0% of 8 words (letters-only 100.0% of 8).
Train Loss: output=0.0884, reconstruction=6.1264
Epoch [56/400]
batch = 0 (Δ=0.354s, 100.00%)
Training throughput: 1 batches in 0.353s; word units 100.0% of 8 words (letters-only 100.0% of 8).
Train Loss: output=0.1066, reconstruction=6.1101
Epoch [57/400]
batch = 0 (Δ=0.348s, 100.00%)
Training throughput: 1 batches in 0.349s; word units 100.0% of 8 words (letters-only 100.0% of 8).
Train Loss: output=0.1061, reconstruction=6.1103
Epoch [58/400]
batch = 0 (Δ=0.350s, 100.00%)
Training throughput: 1 batches in 0.348s; word units 100.0% of 8 words (letters-only 100.0% of 8).
Train Loss: output=0.0675, reconstruction=6.1093
Epoch [59/400]
batch = 0 (Δ=0.348s, 100.00%)
Training throughput: 1 batches in 0.347s; word units 100.0% of 8 words (letters-only 100.0% of 8).
Train Loss: output=0.1051, reconstruction=6.1077
Epoch [60/400]
batch = 0 (Δ=0.353s, 100.00%)
Training throughput: 1 batches in 0.353s; word units 100.0% of 8 words (letters-only 100.0% of 8).
Train Loss: output=0.1079, reconstruction=6.1054
Epoch [61/400]
batch = 0 (Δ=0.357s, 100.00%)
Training throughput: 1 batches in 0.357s; word units 100.0% of 8 words (letters-only 100.0% of 8).
Train Loss: output=0.0564, reconstruction=6.1028
Epoch [62/400]
batch = 0 (Δ=0.353s, 100.00%)
Training throughput: 1 batches in 0.352s; word units 100.0% of 8 words (letters-only 100.0% of 8).
Train Loss: output=0.1074, reconstruction=6.1001
Epoch [63/400]
batch = 0 (Δ=0.356s, 100.00%)
Training throughput: 1 batches in 0.355s; word units 100.0% of 8 words (letters-only 100.0% of 8).
Train Loss: output=0.0940, reconstruction=6.0971
Epoch [64/400]
batch = 0 (Δ=0.351s, 100.00%)
Training throughput: 1 batches in 0.351s; word units 100.0% of 8 words (letters-only 100.0% of 8).
Train Loss: output=0.0700, reconstruction=6.0943
Epoch [65/400]
batch = 0 (Δ=0.375s, 100.00%)
Training throughput: 1 batches in 0.376s; word units 100.0% of 8 words (letters-only 100.0% of 8).
Train Loss: output=0.0797, reconstruction=6.0918
Epoch [66/400]
batch = 0 (Δ=0.357s, 100.00%)
Training throughput: 1 batches in 0.354s; word units 100.0% of 8 words (letters-only 100.0% of 8).
Train Loss: output=0.0553, reconstruction=6.0893
Epoch [67/400]
batch = 0 (Δ=0.349s, 100.00%)
Training throughput: 1 batches in 0.349s; word units 100.0% of 8 words (letters-only 100.0% of 8).
Train Loss: output=0.0638, reconstruction=6.0867
Epoch [68/400]
batch = 0 (Δ=0.348s, 100.00%)
Training throughput: 1 batches in 0.347s; word units 100.0% of 8 words (letters-only 100.0% of 8).
Train Loss: output=0.0587, reconstruction=6.0840
Epoch [69/400]
batch = 0 (Δ=0.350s, 100.00%)
Training throughput: 1 batches in 0.350s; word units 100.0% of 8 words (letters-only 100.0% of 8).
Train Loss: output=0.0438, reconstruction=6.0814
Epoch [70/400]
batch = 0 (Δ=0.348s, 100.00%)
Training throughput: 1 batches in 0.348s; word units 100.0% of 8 words (letters-only 100.0% of 8).
Train Loss: output=0.0508, reconstruction=6.0788
Epoch [71/400]
batch = 0 (Δ=0.353s, 100.00%)
Training throughput: 1 batches in 0.353s; word units 100.0% of 8 words (letters-only 100.0% of 8).
Train Loss: output=0.0331, reconstruction=6.0763
Epoch [72/400]
batch = 0 (Δ=0.355s, 100.00%)
Training throughput: 1 batches in 0.354s; word units 100.0% of 8 words (letters-only 100.0% of 8).
Train Loss: output=0.0557, reconstruction=5.9216
Epoch [73/400]
batch = 0 (Δ=0.357s, 100.00%)
Training throughput: 1 batches in 0.356s; word units 100.0% of 8 words (letters-only 100.0% of 8).
Train Loss: output=0.0374, reconstruction=6.8139
Epoch [74/400]
batch = 0 (Δ=0.352s, 100.00%)
Training throughput: 1 batches in 0.352s; word units 100.0% of 8 words (letters-only 100.0% of 8).
Train Loss: output=0.0408, reconstruction=6.5535
Epoch [75/400]
batch = 0 (Δ=0.353s, 100.00%)
Training throughput: 1 batches in 0.352s; word units 100.0% of 8 words (letters-only 100.0% of 8).
Train Loss: output=0.0269, reconstruction=6.0746
Epoch [76/400]
batch = 0 (Δ=0.351s, 100.00%)
Training throughput: 1 batches in 0.350s; word units 100.0% of 8 words (letters-only 100.0% of 8).
Train Loss: output=0.0208, reconstruction=6.0847
Epoch [77/400]
batch = 0 (Δ=0.356s, 100.00%)
Training throughput: 1 batches in 0.356s; word units 100.0% of 8 words (letters-only 100.0% of 8).
Train Loss: output=0.0252, reconstruction=6.0947
Epoch [78/400]
batch = 0 (Δ=0.350s, 100.00%)
Training throughput: 1 batches in 0.349s; word units 100.0% of 8 words (letters-only 100.0% of 8).
Train Loss: output=0.0486, reconstruction=6.1036
Epoch [79/400]
batch = 0 (Δ=0.351s, 100.00%)
Training throughput: 1 batches in 0.351s; word units 100.0% of 8 words (letters-only 100.0% of 8).
Train Loss: output=0.0188, reconstruction=6.1109
Epoch [80/400]
batch = 0 (Δ=0.355s, 100.00%)
Training throughput: 1 batches in 0.354s; word units 100.0% of 8 words (letters-only 100.0% of 8).
Train Loss: output=0.0331, reconstruction=6.1168
Epoch [81/400]
batch = 0 (Δ=0.352s, 100.00%)
Training throughput: 1 batches in 0.352s; word units 100.0% of 8 words (letters-only 100.0% of 8).
Train Loss: output=0.0112, reconstruction=6.1216
Epoch [82/400]
batch = 0 (Δ=0.354s, 100.00%)
Training throughput: 1 batches in 0.353s; word units 100.0% of 8 words (letters-only 100.0% of 8).
Train Loss: output=0.0357, reconstruction=6.1254
Epoch [83/400]
batch = 0 (Δ=0.363s, 100.00%)
Training throughput: 1 batches in 0.362s; word units 100.0% of 8 words (letters-only 100.0% of 8).
Train Loss: output=0.0173, reconstruction=6.1282
Epoch [84/400]
batch = 0 (Δ=0.362s, 100.00%)
Training throughput: 1 batches in 0.361s; word units 100.0% of 8 words (letters-only 100.0% of 8).
Train Loss: output=0.0196, reconstruction=6.1307
Epoch [85/400]
batch = 0 (Δ=0.359s, 100.00%)
Training throughput: 1 batches in 0.359s; word units 100.0% of 8 words (letters-only 100.0% of 8).
Train Loss: output=0.0372, reconstruction=6.1326
Epoch [86/400]
batch = 0 (Δ=0.353s, 100.00%)
Training throughput: 1 batches in 0.352s; word units 100.0% of 8 words (letters-only 100.0% of 8).
Train Loss: output=0.0238, reconstruction=6.1338
Epoch [87/400]
batch = 0 (Δ=0.357s, 100.00%)
Training throughput: 1 batches in 0.356s; word units 100.0% of 8 words (letters-only 100.0% of 8).
Train Loss: output=0.0156, reconstruction=6.1343
Epoch [88/400]
batch = 0 (Δ=0.357s, 100.00%)
Training throughput: 1 batches in 0.357s; word units 100.0% of 8 words (letters-only 100.0% of 8).
Train Loss: output=0.0276, reconstruction=6.1343
Epoch [89/400]
batch = 0 (Δ=0.354s, 100.00%)
Training throughput: 1 batches in 0.354s; word units 100.0% of 8 words (letters-only 100.0% of 8).
Train Loss: output=0.0139, reconstruction=6.1342
Epoch [90/400]
batch = 0 (Δ=0.353s, 100.00%)
Training throughput: 1 batches in 0.353s; word units 100.0% of 8 words (letters-only 100.0% of 8).
Train Loss: output=0.0121, reconstruction=6.1341
Epoch [91/400]
batch = 0 (Δ=0.352s, 100.00%)
Training throughput: 1 batches in 0.352s; word units 100.0% of 8 words (letters-only 100.0% of 8).
Train Loss: output=0.0360, reconstruction=6.1335
Epoch [92/400]
batch = 0 (Δ=0.349s, 100.00%)
Training throughput: 1 batches in 0.348s; word units 100.0% of 8 words (letters-only 100.0% of 8).
Train Loss: output=0.0524, reconstruction=6.1326
Epoch [93/400]
batch = 0 (Δ=0.348s, 100.00%)
Training throughput: 1 batches in 0.348s; word units 100.0% of 8 words (letters-only 100.0% of 8).
Train Loss: output=0.0627, reconstruction=6.1314
Epoch [94/400]
batch = 0 (Δ=0.357s, 100.00%)
Training throughput: 1 batches in 0.356s; word units 100.0% of 8 words (letters-only 100.0% of 8).
Train Loss: output=0.0468, reconstruction=6.1301
Epoch [95/400]
batch = 0 (Δ=0.355s, 100.00%)
Training throughput: 1 batches in 0.354s; word units 100.0% of 8 words (letters-only 100.0% of 8).
Train Loss: output=0.0338, reconstruction=6.1289
Epoch [96/400]
batch = 0 (Δ=0.363s, 100.00%)
Training throughput: 1 batches in 0.363s; word units 100.0% of 8 words (letters-only 100.0% of 8).
Train Loss: output=0.0218, reconstruction=6.1279
Epoch [97/400]
batch = 0 (Δ=0.360s, 100.00%)
Training throughput: 1 batches in 0.359s; word units 100.0% of 8 words (letters-only 100.0% of 8).
Train Loss: output=0.0150, reconstruction=6.1267
Epoch [98/400]
batch = 0 (Δ=0.354s, 100.00%)
Training throughput: 1 batches in 0.354s; word units 100.0% of 8 words (letters-only 100.0% of 8).
Train Loss: output=0.0573, reconstruction=6.1254
Epoch [99/400]
batch = 0 (Δ=0.352s, 100.00%)
Training throughput: 1 batches in 0.351s; word units 100.0% of 8 words (letters-only 100.0% of 8).
Train Loss: output=0.0402, reconstruction=6.1239
Epoch [100/400]
batch = 0 (Δ=1.299s, 100.00%)
Training throughput: 1 batches in 1.298s; word units 100.0% of 8 words (letters-only 100.0% of 8).
Train Loss: output=0.0365, reconstruction=6.1223
Epoch [101/400]
batch = 0 (Δ=0.352s, 100.00%)
Training throughput: 1 batches in 0.351s; word units 100.0% of 8 words (letters-only 100.0% of 8).
Train Loss: output=0.0379, reconstruction=6.1207
Epoch [102/400]
batch = 0 (Δ=0.351s, 100.00%)
Training throughput: 1 batches in 0.350s; word units 100.0% of 8 words (letters-only 100.0% of 8).
Train Loss: output=0.0144, reconstruction=6.1190
Epoch [103/400]
batch = 0 (Δ=0.354s, 100.00%)
Training throughput: 1 batches in 0.353s; word units 100.0% of 8 words (letters-only 100.0% of 8).
Train Loss: output=0.0292, reconstruction=6.1174
Epoch [104/400]
batch = 0 (Δ=0.350s, 100.00%)
Training throughput: 1 batches in 0.350s; word units 100.0% of 8 words (letters-only 100.0% of 8).
Train Loss: output=0.0201, reconstruction=6.1161
Epoch [105/400]
batch = 0 (Δ=0.351s, 100.00%)
Training throughput: 1 batches in 0.351s; word units 100.0% of 8 words (letters-only 100.0% of 8).
Train Loss: output=0.0132, reconstruction=6.1151
Epoch [106/400]
batch = 0 (Δ=0.349s, 100.00%)
Training throughput: 1 batches in 0.349s; word units 100.0% of 8 words (letters-only 100.0% of 8).
Train Loss: output=0.0182, reconstruction=6.1139
Epoch [107/400]
batch = 0 (Δ=0.353s, 100.00%)
Training throughput: 1 batches in 0.352s; word units 100.0% of 8 words (letters-only 100.0% of 8).
Train Loss: output=0.0579, reconstruction=6.1130
Epoch [108/400]
batch = 0 (Δ=0.354s, 100.00%)
Training throughput: 1 batches in 0.354s; word units 100.0% of 8 words (letters-only 100.0% of 8).
Train Loss: output=0.0387, reconstruction=6.1126
Epoch [109/400]
batch = 0 (Δ=0.354s, 100.00%)
Training throughput: 1 batches in 0.353s; word units 100.0% of 8 words (letters-only 100.0% of 8).
Train Loss: output=0.0193, reconstruction=6.1126
Epoch [110/400]
batch = 0 (Δ=0.347s, 100.00%)
Training throughput: 1 batches in 0.346s; word units 100.0% of 8 words (letters-only 100.0% of 8).
Train Loss: output=0.0084, reconstruction=6.1128
Epoch [111/400]
batch = 0 (Δ=0.350s, 100.00%)
Training throughput: 1 batches in 0.350s; word units 100.0% of 8 words (letters-only 100.0% of 8).
Train Loss: output=0.0123, reconstruction=6.1126
Epoch [112/400]
batch = 0 (Δ=0.351s, 100.00%)
Training throughput: 1 batches in 0.350s; word units 100.0% of 8 words (letters-only 100.0% of 8).
Train Loss: output=0.0107, reconstruction=6.1125
Epoch [113/400]
batch = 0 (Δ=0.350s, 100.00%)
Training throughput: 1 batches in 0.349s; word units 100.0% of 8 words (letters-only 100.0% of 8).
Train Loss: output=0.0179, reconstruction=6.1130
Epoch [114/400]
batch = 0 (Δ=0.351s, 100.00%)
Training throughput: 1 batches in 0.350s; word units 100.0% of 8 words (letters-only 100.0% of 8).
Train Loss: output=0.0220, reconstruction=6.1138
Epoch [115/400]
batch = 0 (Δ=0.348s, 100.00%)
Training throughput: 1 batches in 0.347s; word units 100.0% of 8 words (letters-only 100.0% of 8).
Train Loss: output=0.0249, reconstruction=5.9740
Epoch [116/400]
batch = 0 (Δ=0.351s, 100.00%)
Training throughput: 1 batches in 0.350s; word units 100.0% of 8 words (letters-only 100.0% of 8).
Train Loss: output=0.0191, reconstruction=4.6957
Epoch [117/400]
batch = 0 (Δ=0.353s, 100.00%)
Training throughput: 1 batches in 0.353s; word units 100.0% of 8 words (letters-only 100.0% of 8).
Train Loss: output=0.0196, reconstruction=4.6917
Epoch [118/400]
batch = 0 (Δ=0.350s, 100.00%)
Training throughput: 1 batches in 0.349s; word units 100.0% of 8 words (letters-only 100.0% of 8).
Train Loss: output=0.0129, reconstruction=4.7004
Epoch [119/400]
batch = 0 (Δ=0.354s, 100.00%)
Training throughput: 1 batches in 0.353s; word units 100.0% of 8 words (letters-only 100.0% of 8).
Train Loss: output=0.0112, reconstruction=4.7074
Epoch [120/400]
batch = 0 (Δ=0.352s, 100.00%)
Training throughput: 1 batches in 0.352s; word units 100.0% of 8 words (letters-only 100.0% of 8).
Train Loss: output=0.0195, reconstruction=7.0150
Epoch [121/400]
batch = 0 (Δ=0.352s, 100.00%)
Training throughput: 1 batches in 0.352s; word units 100.0% of 8 words (letters-only 100.0% of 8).
Train Loss: output=0.0275, reconstruction=7.0186
Epoch [122/400]
batch = 0 (Δ=0.356s, 100.00%)
Training throughput: 1 batches in 0.355s; word units 100.0% of 8 words (letters-only 100.0% of 8).
Train Loss: output=0.0584, reconstruction=7.0208
Epoch [123/400]
batch = 0 (Δ=0.349s, 100.00%)
Training throughput: 1 batches in 0.348s; word units 100.0% of 8 words (letters-only 100.0% of 8).
Train Loss: output=0.0203, reconstruction=4.7190
Epoch [124/400]
batch = 0 (Δ=0.352s, 100.00%)
Training throughput: 1 batches in 0.351s; word units 100.0% of 8 words (letters-only 100.0% of 8).
Train Loss: output=0.0192, reconstruction=7.0213
Epoch [125/400]
batch = 0 (Δ=0.347s, 100.00%)
Training throughput: 1 batches in 0.347s; word units 100.0% of 8 words (letters-only 100.0% of 8).
Train Loss: output=0.0365, reconstruction=4.7174
Epoch [126/400]
batch = 0 (Δ=0.353s, 100.00%)
Training throughput: 1 batches in 0.352s; word units 100.0% of 8 words (letters-only 100.0% of 8).
Train Loss: output=0.0462, reconstruction=4.7156
Epoch [127/400]
batch = 0 (Δ=0.351s, 100.00%)
Training throughput: 1 batches in 0.351s; word units 100.0% of 8 words (letters-only 100.0% of 8).
Train Loss: output=0.0212, reconstruction=7.0164
Epoch [128/400]
batch = 0 (Δ=0.350s, 100.00%)
Training throughput: 1 batches in 0.350s; word units 100.0% of 8 words (letters-only 100.0% of 8).
Train Loss: output=0.0285, reconstruction=7.0145
Epoch [129/400]
batch = 0 (Δ=0.352s, 100.00%)
Training throughput: 1 batches in 0.352s; word units 100.0% of 8 words (letters-only 100.0% of 8).
Train Loss: output=0.0470, reconstruction=4.7096
Epoch [130/400]
batch = 0 (Δ=0.348s, 100.00%)
Training throughput: 1 batches in 0.347s; word units 100.0% of 8 words (letters-only 100.0% of 8).
Train Loss: output=0.0400, reconstruction=4.7065
Epoch [131/400]
batch = 0 (Δ=0.352s, 100.00%)
Training throughput: 1 batches in 0.351s; word units 100.0% of 8 words (letters-only 100.0% of 8).
Train Loss: output=0.0156, reconstruction=7.0052
Epoch [132/400]
batch = 0 (Δ=0.348s, 100.00%)
Training throughput: 1 batches in 0.348s; word units 100.0% of 8 words (letters-only 100.0% of 8).
Train Loss: output=0.0246, reconstruction=7.0007
Epoch [133/400]
batch = 0 (Δ=0.349s, 100.00%)
Training throughput: 1 batches in 0.349s; word units 100.0% of 8 words (letters-only 100.0% of 8).
Train Loss: output=0.0354, reconstruction=6.9964
Epoch [134/400]
batch = 0 (Δ=0.349s, 100.00%)
Training throughput: 1 batches in 0.349s; word units 100.0% of 8 words (letters-only 100.0% of 8).
Train Loss: output=0.0467, reconstruction=6.9928
Epoch [135/400]
batch = 0 (Δ=0.350s, 100.00%)
Training throughput: 1 batches in 0.350s; word units 100.0% of 8 words (letters-only 100.0% of 8).
Train Loss: output=0.0501, reconstruction=4.6867
Epoch [136/400]
batch = 0 (Δ=0.346s, 100.00%)
Training throughput: 1 batches in 0.345s; word units 100.0% of 8 words (letters-only 100.0% of 8).
Train Loss: output=0.0227, reconstruction=6.9852
Epoch [137/400]
batch = 0 (Δ=0.349s, 100.00%)
Training throughput: 1 batches in 0.349s; word units 100.0% of 8 words (letters-only 100.0% of 8).
Train Loss: output=0.0133, reconstruction=6.9808
Epoch [138/400]
batch = 0 (Δ=0.349s, 100.00%)
Training throughput: 1 batches in 0.348s; word units 100.0% of 8 words (letters-only 100.0% of 8).
Train Loss: output=0.0293, reconstruction=6.9762
Epoch [139/400]
batch = 0 (Δ=0.346s, 100.00%)
Training throughput: 1 batches in 0.345s; word units 100.0% of 8 words (letters-only 100.0% of 8).
Train Loss: output=0.0561, reconstruction=6.9716
Epoch [140/400]
batch = 0 (Δ=0.345s, 100.00%)
Training throughput: 1 batches in 0.345s; word units 100.0% of 8 words (letters-only 100.0% of 8).
Train Loss: output=0.0507, reconstruction=6.9679
Epoch [141/400]
batch = 0 (Δ=0.348s, 100.00%)
Training throughput: 1 batches in 0.348s; word units 100.0% of 8 words (letters-only 100.0% of 8).
Train Loss: output=0.0479, reconstruction=6.9649
Epoch [142/400]
batch = 0 (Δ=0.350s, 100.00%)
Training throughput: 1 batches in 0.349s; word units 100.0% of 8 words (letters-only 100.0% of 8).
Train Loss: output=0.0357, reconstruction=4.6592
Epoch [143/400]
batch = 0 (Δ=0.376s, 100.00%)
Training throughput: 1 batches in 0.376s; word units 100.0% of 8 words (letters-only 100.0% of 8).
Train Loss: output=0.0288, reconstruction=6.9588
Epoch [144/400]
batch = 0 (Δ=0.349s, 100.00%)
Training throughput: 1 batches in 0.348s; word units 100.0% of 8 words (letters-only 100.0% of 8).
Train Loss: output=0.0343, reconstruction=6.9559
Epoch [145/400]
batch = 0 (Δ=0.353s, 100.00%)
Training throughput: 1 batches in 0.352s; word units 100.0% of 8 words (letters-only 100.0% of 8).
Train Loss: output=0.0409, reconstruction=4.7698
Epoch [146/400]
batch = 0 (Δ=0.348s, 100.00%)
Training throughput: 1 batches in 0.348s; word units 100.0% of 8 words (letters-only 100.0% of 8).
Train Loss: output=0.0701, reconstruction=3.2270
Epoch [147/400]
batch = 0 (Δ=0.368s, 100.00%)
Training throughput: 1 batches in 0.367s; word units 100.0% of 8 words (letters-only 100.0% of 8).
Train Loss: output=0.0272, reconstruction=6.9549
Epoch [148/400]
batch = 0 (Δ=0.352s, 100.00%)
Training throughput: 1 batches in 0.351s; word units 100.0% of 8 words (letters-only 100.0% of 8).
Train Loss: output=0.0734, reconstruction=4.6553
Epoch [149/400]
batch = 0 (Δ=0.353s, 100.00%)
Training throughput: 1 batches in 0.352s; word units 100.0% of 8 words (letters-only 100.0% of 8).
Train Loss: output=0.0428, reconstruction=4.6578
Epoch [150/400]
batch = 0 (Δ=0.349s, 100.00%)
Training throughput: 1 batches in 0.349s; word units 100.0% of 8 words (letters-only 100.0% of 8).
Train Loss: output=0.0319, reconstruction=6.9626
Epoch [151/400]
batch = 0 (Δ=0.351s, 100.00%)
Training throughput: 1 batches in 0.350s; word units 100.0% of 8 words (letters-only 100.0% of 8).
Train Loss: output=0.0370, reconstruction=6.9646
Epoch [152/400]
batch = 0 (Δ=0.349s, 100.00%)
Training throughput: 1 batches in 0.348s; word units 100.0% of 8 words (letters-only 100.0% of 8).
Train Loss: output=0.0425, reconstruction=4.6639
Epoch [153/400]
batch = 0 (Δ=0.350s, 100.00%)
Training throughput: 1 batches in 0.349s; word units 100.0% of 8 words (letters-only 100.0% of 8).
Train Loss: output=0.0340, reconstruction=4.6656
Epoch [154/400]
batch = 0 (Δ=0.356s, 100.00%)
Training throughput: 1 batches in 0.355s; word units 100.0% of 8 words (letters-only 100.0% of 8).
Train Loss: output=0.0146, reconstruction=6.9696
Epoch [155/400]
batch = 0 (Δ=0.351s, 100.00%)
Training throughput: 1 batches in 0.350s; word units 100.0% of 8 words (letters-only 100.0% of 8).
Train Loss: output=0.0257, reconstruction=6.9710
Epoch [156/400]
batch = 0 (Δ=0.351s, 100.00%)
Training throughput: 1 batches in 0.350s; word units 100.0% of 8 words (letters-only 100.0% of 8).
Train Loss: output=0.0488, reconstruction=4.6696
Epoch [157/400]
batch = 0 (Δ=0.353s, 100.00%)
Training throughput: 1 batches in 0.352s; word units 100.0% of 8 words (letters-only 100.0% of 8).
Train Loss: output=0.0239, reconstruction=6.9732
Epoch [158/400]
batch = 0 (Δ=0.350s, 100.00%)
Training throughput: 1 batches in 0.349s; word units 100.0% of 8 words (letters-only 100.0% of 8).
Train Loss: output=0.0416, reconstruction=6.9740
Epoch [159/400]
batch = 0 (Δ=0.350s, 100.00%)
Training throughput: 1 batches in 0.350s; word units 100.0% of 8 words (letters-only 100.0% of 8).
Train Loss: output=0.0508, reconstruction=6.9744
Epoch [160/400]
batch = 0 (Δ=0.352s, 100.00%)
Training throughput: 1 batches in 0.351s; word units 100.0% of 8 words (letters-only 100.0% of 8).
Train Loss: output=0.0159, reconstruction=6.9746
Epoch [161/400]
batch = 0 (Δ=0.351s, 100.00%)
Training throughput: 1 batches in 0.350s; word units 100.0% of 8 words (letters-only 100.0% of 8).
Train Loss: output=0.0158, reconstruction=6.9745
Epoch [162/400]
batch = 0 (Δ=0.352s, 100.00%)
Training throughput: 1 batches in 0.352s; word units 100.0% of 8 words (letters-only 100.0% of 8).
Train Loss: output=0.0360, reconstruction=4.6716
Epoch [163/400]
batch = 0 (Δ=0.351s, 100.00%)
Training throughput: 1 batches in 0.351s; word units 100.0% of 8 words (letters-only 100.0% of 8).
Train Loss: output=0.0447, reconstruction=4.6711
Epoch [164/400]
batch = 0 (Δ=0.353s, 100.00%)
Training throughput: 1 batches in 0.353s; word units 100.0% of 8 words (letters-only 100.0% of 8).
Train Loss: output=0.0153, reconstruction=6.9731
Epoch [165/400]
batch = 0 (Δ=0.350s, 100.00%)
Training throughput: 1 batches in 0.350s; word units 100.0% of 8 words (letters-only 100.0% of 8).
Train Loss: output=0.0225, reconstruction=6.9723
Epoch [166/400]
batch = 0 (Δ=0.355s, 100.00%)
Training throughput: 1 batches in 0.354s; word units 100.0% of 8 words (letters-only 100.0% of 8).
Train Loss: output=0.0236, reconstruction=6.9715
Epoch [167/400]
batch = 0 (Δ=0.352s, 100.00%)
Training throughput: 1 batches in 0.351s; word units 100.0% of 8 words (letters-only 100.0% of 8).
Train Loss: output=0.0339, reconstruction=4.6681
Epoch [168/400]
batch = 0 (Δ=0.355s, 100.00%)
Training throughput: 1 batches in 0.355s; word units 100.0% of 8 words (letters-only 100.0% of 8).
Train Loss: output=0.0365, reconstruction=6.9697
Epoch [169/400]
batch = 0 (Δ=0.352s, 100.00%)
Training throughput: 1 batches in 0.351s; word units 100.0% of 8 words (letters-only 100.0% of 8).
Train Loss: output=0.0220, reconstruction=6.9688
Epoch [170/400]
batch = 0 (Δ=0.353s, 100.00%)
Training throughput: 1 batches in 0.353s; word units 100.0% of 8 words (letters-only 100.0% of 8).
Train Loss: output=0.0271, reconstruction=6.9679
Epoch [171/400]
batch = 0 (Δ=0.351s, 100.00%)
Training throughput: 1 batches in 0.350s; word units 100.0% of 8 words (letters-only 100.0% of 8).
Train Loss: output=0.0222, reconstruction=6.9673
Epoch [172/400]
batch = 0 (Δ=0.356s, 100.00%)
Training throughput: 1 batches in 0.355s; word units 100.0% of 8 words (letters-only 100.0% of 8).
Train Loss: output=0.0182, reconstruction=6.9668
Epoch [173/400]
batch = 0 (Δ=0.354s, 100.00%)
Training throughput: 1 batches in 0.353s; word units 100.0% of 8 words (letters-only 100.0% of 8).
Train Loss: output=0.0481, reconstruction=6.9661
Epoch [174/400]
batch = 0 (Δ=0.350s, 100.00%)
Training throughput: 1 batches in 0.349s; word units 100.0% of 8 words (letters-only 100.0% of 8).
Train Loss: output=0.0484, reconstruction=6.9653
Epoch [175/400]
batch = 0 (Δ=0.351s, 100.00%)
Training throughput: 1 batches in 0.351s; word units 100.0% of 8 words (letters-only 100.0% of 8).
Train Loss: output=0.0462, reconstruction=4.6619
Epoch [176/400]
batch = 0 (Δ=0.349s, 100.00%)
Training throughput: 1 batches in 0.348s; word units 100.0% of 8 words (letters-only 100.0% of 8).
Train Loss: output=0.0350, reconstruction=6.9637
Epoch [177/400]
batch = 0 (Δ=0.353s, 100.00%)
Training throughput: 1 batches in 0.352s; word units 100.0% of 8 words (letters-only 100.0% of 8).
Train Loss: output=0.0256, reconstruction=6.9629
Epoch [178/400]
batch = 0 (Δ=0.351s, 100.00%)
Training throughput: 1 batches in 0.350s; word units 100.0% of 8 words (letters-only 100.0% of 8).
Train Loss: output=0.0286, reconstruction=6.9624
Epoch [179/400]
batch = 0 (Δ=0.352s, 100.00%)
Training throughput: 1 batches in 0.351s; word units 100.0% of 8 words (letters-only 100.0% of 8).
Train Loss: output=0.0253, reconstruction=6.9621
Epoch [180/400]
batch = 0 (Δ=0.352s, 100.00%)
Training throughput: 1 batches in 0.351s; word units 100.0% of 8 words (letters-only 100.0% of 8).
Train Loss: output=0.0247, reconstruction=6.9620
Epoch [181/400]
batch = 0 (Δ=0.350s, 100.00%)
Training throughput: 1 batches in 0.350s; word units 100.0% of 8 words (letters-only 100.0% of 8).
Train Loss: output=0.0360, reconstruction=6.9619
Epoch [182/400]
batch = 0 (Δ=0.352s, 100.00%)
Training throughput: 1 batches in 0.351s; word units 100.0% of 8 words (letters-only 100.0% of 8).
Train Loss: output=0.0328, reconstruction=4.6591
Epoch [183/400]
batch = 0 (Δ=0.353s, 100.00%)
Training throughput: 1 batches in 0.353s; word units 100.0% of 8 words (letters-only 100.0% of 8).
Train Loss: output=0.0137, reconstruction=6.9614
Epoch [184/400]
batch = 0 (Δ=0.351s, 100.00%)
Training throughput: 1 batches in 0.350s; word units 100.0% of 8 words (letters-only 100.0% of 8).
Train Loss: output=0.0221, reconstruction=6.9612
Epoch [185/400]
batch = 0 (Δ=0.348s, 100.00%)
Training throughput: 1 batches in 0.347s; word units 100.0% of 8 words (letters-only 100.0% of 8).
Train Loss: output=0.0293, reconstruction=6.9610
Epoch [186/400]
batch = 0 (Δ=0.346s, 100.00%)
Training throughput: 1 batches in 0.345s; word units 100.0% of 8 words (letters-only 100.0% of 8).
Train Loss: output=0.0367, reconstruction=6.9610
Epoch [187/400]
batch = 0 (Δ=0.352s, 100.00%)
Training throughput: 1 batches in 0.351s; word units 100.0% of 8 words (letters-only 100.0% of 8).
Train Loss: output=0.0332, reconstruction=6.9610
Epoch [188/400]
batch = 0 (Δ=0.350s, 100.00%)
Training throughput: 1 batches in 0.350s; word units 100.0% of 8 words (letters-only 100.0% of 8).
Train Loss: output=0.0353, reconstruction=6.9610
Epoch [189/400]
batch = 0 (Δ=0.349s, 100.00%)
Training throughput: 1 batches in 0.348s; word units 100.0% of 8 words (letters-only 100.0% of 8).
Train Loss: output=0.0698, reconstruction=4.6586
Epoch [190/400]
batch = 0 (Δ=0.350s, 100.00%)
Training throughput: 1 batches in 0.349s; word units 100.0% of 8 words (letters-only 100.0% of 8).
Train Loss: output=0.0223, reconstruction=6.9615
Epoch [191/400]
batch = 0 (Δ=0.352s, 100.00%)
Training throughput: 1 batches in 0.351s; word units 100.0% of 8 words (letters-only 100.0% of 8).
Train Loss: output=0.0541, reconstruction=6.9616
Epoch [192/400]
batch = 0 (Δ=0.351s, 100.00%)
Training throughput: 1 batches in 0.350s; word units 100.0% of 8 words (letters-only 100.0% of 8).
Train Loss: output=0.0526, reconstruction=6.9616
Epoch [193/400]
batch = 0 (Δ=0.351s, 100.00%)
Training throughput: 1 batches in 0.350s; word units 100.0% of 8 words (letters-only 100.0% of 8).
Train Loss: output=0.0310, reconstruction=6.9615
Epoch [194/400]
batch = 0 (Δ=0.352s, 100.00%)
Training throughput: 1 batches in 0.352s; word units 100.0% of 8 words (letters-only 100.0% of 8).
Train Loss: output=0.0636, reconstruction=6.9613
Epoch [195/400]
batch = 0 (Δ=0.348s, 100.00%)
Training throughput: 1 batches in 0.348s; word units 100.0% of 8 words (letters-only 100.0% of 8).
Train Loss: output=0.0293, reconstruction=6.9612
Epoch [196/400]
batch = 0 (Δ=0.348s, 100.00%)
Training throughput: 1 batches in 0.347s; word units 100.0% of 8 words (letters-only 100.0% of 8).
Train Loss: output=0.0571, reconstruction=6.9610
Epoch [197/400]
batch = 0 (Δ=0.354s, 100.00%)
Training throughput: 1 batches in 0.354s; word units 100.0% of 8 words (letters-only 100.0% of 8).
Train Loss: output=0.0553, reconstruction=6.9608
Epoch [198/400]
batch = 0 (Δ=0.355s, 100.00%)
Training throughput: 1 batches in 0.355s; word units 100.0% of 8 words (letters-only 100.0% of 8).
Train Loss: output=0.0471, reconstruction=6.9608
Epoch [199/400]
batch = 0 (Δ=0.348s, 100.00%)
Training throughput: 1 batches in 0.348s; word units 100.0% of 8 words (letters-only 100.0% of 8).
Train Loss: output=0.0901, reconstruction=6.9609
Epoch [200/400]
batch = 0 (Δ=0.353s, 100.00%)
Training throughput: 1 batches in 0.353s; word units 100.0% of 8 words (letters-only 100.0% of 8).
Train Loss: output=0.0200, reconstruction=6.9609
Epoch [201/400]
batch = 0 (Δ=0.351s, 100.00%)
Training throughput: 1 batches in 0.350s; word units 100.0% of 8 words (letters-only 100.0% of 8).
Train Loss: output=0.0425, reconstruction=6.9608
Epoch [202/400]
batch = 0 (Δ=0.358s, 100.00%)
Training throughput: 1 batches in 0.357s; word units 100.0% of 8 words (letters-only 100.0% of 8).
Train Loss: output=0.0425, reconstruction=6.9609
Epoch [203/400]
batch = 0 (Δ=0.360s, 100.00%)
Training throughput: 1 batches in 0.359s; word units 100.0% of 8 words (letters-only 100.0% of 8).
Train Loss: output=0.0723, reconstruction=4.6586
Epoch [204/400]
batch = 0 (Δ=0.362s, 100.00%)
Training throughput: 1 batches in 0.361s; word units 100.0% of 8 words (letters-only 100.0% of 8).
Train Loss: output=0.0473, reconstruction=6.9615
Epoch [205/400]
batch = 0 (Δ=0.393s, 100.00%)
Training throughput: 1 batches in 0.392s; word units 100.0% of 8 words (letters-only 100.0% of 8).
Train Loss: output=0.0355, reconstruction=6.9619
Epoch [206/400]
batch = 0 (Δ=0.354s, 100.00%)
Training throughput: 1 batches in 0.354s; word units 100.0% of 8 words (letters-only 100.0% of 8).
Train Loss: output=0.0428, reconstruction=6.9623
Epoch [207/400]
batch = 0 (Δ=0.353s, 100.00%)
Training throughput: 1 batches in 0.352s; word units 100.0% of 8 words (letters-only 100.0% of 8).
Train Loss: output=0.0236, reconstruction=6.9624
Epoch [208/400]
batch = 0 (Δ=0.355s, 100.00%)
Training throughput: 1 batches in 0.355s; word units 100.0% of 8 words (letters-only 100.0% of 8).
Train Loss: output=0.0263, reconstruction=6.9625
Epoch [209/400]
batch = 0 (Δ=0.351s, 100.00%)
Training throughput: 1 batches in 0.350s; word units 100.0% of 8 words (letters-only 100.0% of 8).
Train Loss: output=0.0463, reconstruction=6.9628
Epoch [210/400]
batch = 0 (Δ=0.352s, 100.00%)
Training throughput: 1 batches in 0.352s; word units 100.0% of 8 words (letters-only 100.0% of 8).
Train Loss: output=0.0463, reconstruction=4.6605
Epoch [211/400]
batch = 0 (Δ=0.353s, 100.00%)
Training throughput: 1 batches in 0.352s; word units 100.0% of 8 words (letters-only 100.0% of 8).
Train Loss: output=0.0557, reconstruction=6.9630
Epoch [212/400]
batch = 0 (Δ=0.355s, 100.00%)
Training throughput: 1 batches in 0.355s; word units 100.0% of 8 words (letters-only 100.0% of 8).
Train Loss: output=0.0713, reconstruction=4.6603
Epoch [213/400]
batch = 0 (Δ=0.351s, 100.00%)
Training throughput: 1 batches in 0.350s; word units 100.0% of 8 words (letters-only 100.0% of 8).
Train Loss: output=0.0417, reconstruction=6.9629
Epoch [214/400]
batch = 0 (Δ=0.353s, 100.00%)
Training throughput: 1 batches in 0.353s; word units 100.0% of 8 words (letters-only 100.0% of 8).
Train Loss: output=0.0347, reconstruction=6.9630
Epoch [215/400]
batch = 0 (Δ=0.360s, 100.00%)
Training throughput: 1 batches in 0.360s; word units 100.0% of 8 words (letters-only 100.0% of 8).
Train Loss: output=0.0741, reconstruction=6.9631
Epoch [216/400]
batch = 0 (Δ=0.361s, 100.00%)
Training throughput: 1 batches in 0.361s; word units 100.0% of 8 words (letters-only 100.0% of 8).
Train Loss: output=0.0413, reconstruction=7.4742
Epoch [217/400]
batch = 0 (Δ=1.197s, 100.00%)
Training throughput: 1 batches in 1.196s; word units 100.0% of 8 words (letters-only 100.0% of 8).
Train Loss: output=0.0748, reconstruction=4.6611
Epoch [218/400]
batch = 0 (Δ=0.354s, 100.00%)
Training throughput: 1 batches in 0.354s; word units 100.0% of 8 words (letters-only 100.0% of 8).
Train Loss: output=0.0222, reconstruction=6.9639
Epoch [219/400]
batch = 0 (Δ=0.354s, 100.00%)
Training throughput: 1 batches in 0.353s; word units 100.0% of 8 words (letters-only 100.0% of 8).
Train Loss: output=0.0264, reconstruction=6.9638
Epoch [220/400]
batch = 0 (Δ=0.355s, 100.00%)
Training throughput: 1 batches in 0.355s; word units 100.0% of 8 words (letters-only 100.0% of 8).
Train Loss: output=0.0498, reconstruction=4.8589
Epoch [221/400]
batch = 0 (Δ=0.350s, 100.00%)
Training throughput: 1 batches in 0.350s; word units 100.0% of 8 words (letters-only 100.0% of 8).
Train Loss: output=0.0320, reconstruction=7.7880
Epoch [222/400]
batch = 0 (Δ=0.358s, 100.00%)
Training throughput: 1 batches in 0.358s; word units 100.0% of 8 words (letters-only 100.0% of 8).
Train Loss: output=0.0335, reconstruction=6.9705
Epoch [223/400]
batch = 0 (Δ=0.353s, 100.00%)
Training throughput: 1 batches in 0.353s; word units 100.0% of 8 words (letters-only 100.0% of 8).
Train Loss: output=0.0278, reconstruction=6.9637
Epoch [224/400]
batch = 0 (Δ=0.356s, 100.00%)
Training throughput: 1 batches in 0.355s; word units 100.0% of 8 words (letters-only 100.0% of 8).
Train Loss: output=0.0183, reconstruction=6.9638
Epoch [225/400]
batch = 0 (Δ=0.357s, 100.00%)
Training throughput: 1 batches in 0.356s; word units 100.0% of 8 words (letters-only 100.0% of 8).
Train Loss: output=0.0224, reconstruction=6.9638
Epoch [226/400]
batch = 0 (Δ=0.378s, 100.00%)
Training throughput: 1 batches in 0.377s; word units 100.0% of 8 words (letters-only 100.0% of 8).
Train Loss: output=0.0159, reconstruction=6.9636
Epoch [227/400]
batch = 0 (Δ=0.352s, 100.00%)
Training throughput: 1 batches in 0.352s; word units 100.0% of 8 words (letters-only 100.0% of 8).
Train Loss: output=0.0353, reconstruction=4.6609
Epoch [228/400]
batch = 0 (Δ=0.350s, 100.00%)
Training throughput: 1 batches in 0.350s; word units 100.0% of 8 words (letters-only 100.0% of 8).
Train Loss: output=0.0375, reconstruction=6.9634
Epoch [229/400]
batch = 0 (Δ=0.351s, 100.00%)
Training throughput: 1 batches in 0.350s; word units 100.0% of 8 words (letters-only 100.0% of 8).
Train Loss: output=0.0202, reconstruction=4.6608
Epoch [230/400]
batch = 0 (Δ=0.349s, 100.00%)
Training throughput: 1 batches in 0.348s; word units 100.0% of 8 words (letters-only 100.0% of 8).
Train Loss: output=0.0157, reconstruction=6.9634
Epoch [231/400]
batch = 0 (Δ=0.349s, 100.00%)
Training throughput: 1 batches in 0.348s; word units 100.0% of 8 words (letters-only 100.0% of 8).
Train Loss: output=0.0201, reconstruction=6.9635
Epoch [232/400]
batch = 0 (Δ=0.356s, 100.00%)
Training throughput: 1 batches in 0.356s; word units 100.0% of 8 words (letters-only 100.0% of 8).
Train Loss: output=0.0309, reconstruction=6.9634
Epoch [233/400]
batch = 0 (Δ=0.350s, 100.00%)
Training throughput: 1 batches in 0.350s; word units 100.0% of 8 words (letters-only 100.0% of 8).
Train Loss: output=0.0226, reconstruction=6.9631
Epoch [234/400]
batch = 0 (Δ=0.351s, 100.00%)
Training throughput: 1 batches in 0.350s; word units 100.0% of 8 words (letters-only 100.0% of 8).
Train Loss: output=0.0240, reconstruction=6.9630
Epoch [235/400]
batch = 0 (Δ=0.347s, 100.00%)
Training throughput: 1 batches in 0.347s; word units 100.0% of 8 words (letters-only 100.0% of 8).
Train Loss: output=0.0406, reconstruction=6.9632
Epoch [236/400]
batch = 0 (Δ=0.351s, 100.00%)
Training throughput: 1 batches in 0.350s; word units 100.0% of 8 words (letters-only 100.0% of 8).
Train Loss: output=0.0508, reconstruction=6.9635
Epoch [237/400]
batch = 0 (Δ=0.359s, 100.00%)
Training throughput: 1 batches in 0.359s; word units 100.0% of 8 words (letters-only 100.0% of 8).
Train Loss: output=0.0369, reconstruction=4.6612
Epoch [238/400]
batch = 0 (Δ=0.350s, 100.00%)
Training throughput: 1 batches in 0.349s; word units 100.0% of 8 words (letters-only 100.0% of 8).
Train Loss: output=0.0265, reconstruction=6.9639
Epoch [239/400]
batch = 0 (Δ=0.354s, 100.00%)
Training throughput: 1 batches in 0.354s; word units 100.0% of 8 words (letters-only 100.0% of 8).
Train Loss: output=0.0347, reconstruction=6.9640
Epoch [240/400]
batch = 0 (Δ=0.352s, 100.00%)
Training throughput: 1 batches in 0.352s; word units 100.0% of 8 words (letters-only 100.0% of 8).
Train Loss: output=0.0243, reconstruction=6.9643
Epoch [241/400]
batch = 0 (Δ=0.353s, 100.00%)
Training throughput: 1 batches in 0.353s; word units 100.0% of 8 words (letters-only 100.0% of 8).
Train Loss: output=0.0668, reconstruction=6.9646
Epoch [242/400]
batch = 0 (Δ=0.351s, 100.00%)
Training throughput: 1 batches in 0.351s; word units 100.0% of 8 words (letters-only 100.0% of 8).
Train Loss: output=0.0438, reconstruction=6.9649
Epoch [243/400]
batch = 0 (Δ=0.353s, 100.00%)
Training throughput: 1 batches in 0.353s; word units 100.0% of 8 words (letters-only 100.0% of 8).
Train Loss: output=0.0339, reconstruction=6.9649
Epoch [244/400]
batch = 0 (Δ=0.352s, 100.00%)
Training throughput: 1 batches in 0.351s; word units 100.0% of 8 words (letters-only 100.0% of 8).
Train Loss: output=0.0130, reconstruction=6.9649
Epoch [245/400]
batch = 0 (Δ=0.348s, 100.00%)
Training throughput: 1 batches in 0.348s; word units 100.0% of 8 words (letters-only 100.0% of 8).
Train Loss: output=0.0258, reconstruction=6.9647
Epoch [246/400]
batch = 0 (Δ=0.352s, 100.00%)
Training throughput: 1 batches in 0.351s; word units 100.0% of 8 words (letters-only 100.0% of 8).
Train Loss: output=0.0506, reconstruction=4.6618
Epoch [247/400]
batch = 0 (Δ=0.348s, 100.00%)
Training throughput: 1 batches in 0.347s; word units 100.0% of 8 words (letters-only 100.0% of 8).
Train Loss: output=0.0296, reconstruction=4.6614
Epoch [248/400]
batch = 0 (Δ=0.353s, 100.00%)
Training throughput: 1 batches in 0.352s; word units 100.0% of 8 words (letters-only 100.0% of 8).
Train Loss: output=0.0350, reconstruction=6.9636
Epoch [249/400]
batch = 0 (Δ=0.352s, 100.00%)
Training throughput: 1 batches in 0.351s; word units 100.0% of 8 words (letters-only 100.0% of 8).
Train Loss: output=0.0284, reconstruction=6.9633
Epoch [250/400]
batch = 0 (Δ=0.349s, 100.00%)
Training throughput: 1 batches in 0.349s; word units 100.0% of 8 words (letters-only 100.0% of 8).
Train Loss: output=0.0303, reconstruction=6.9632
Epoch [251/400]
batch = 0 (Δ=0.354s, 100.00%)
Training throughput: 1 batches in 0.354s; word units 100.0% of 8 words (letters-only 100.0% of 8).
Train Loss: output=0.0785, reconstruction=6.9632
Epoch [252/400]
batch = 0 (Δ=0.351s, 100.00%)
Training throughput: 1 batches in 0.351s; word units 100.0% of 8 words (letters-only 100.0% of 8).
Train Loss: output=0.0346, reconstruction=6.9631
Epoch [253/400]
batch = 0 (Δ=0.350s, 100.00%)
Training throughput: 1 batches in 0.350s; word units 100.0% of 8 words (letters-only 100.0% of 8).
Train Loss: output=0.0311, reconstruction=6.9633
Epoch [254/400]
batch = 0 (Δ=0.350s, 100.00%)
Training throughput: 1 batches in 0.350s; word units 100.0% of 8 words (letters-only 100.0% of 8).
Train Loss: output=0.0367, reconstruction=6.9635
Epoch [255/400]
batch = 0 (Δ=0.353s, 100.00%)
Training throughput: 1 batches in 0.353s; word units 100.0% of 8 words (letters-only 100.0% of 8).
Train Loss: output=0.0615, reconstruction=6.9636
Epoch [256/400]
batch = 0 (Δ=0.350s, 100.00%)
Training throughput: 1 batches in 0.349s; word units 100.0% of 8 words (letters-only 100.0% of 8).
Train Loss: output=0.0611, reconstruction=4.6610
Epoch [257/400]
batch = 0 (Δ=0.349s, 100.00%)
Training throughput: 1 batches in 0.349s; word units 100.0% of 8 words (letters-only 100.0% of 8).
Train Loss: output=0.0300, reconstruction=6.9635
Epoch [258/400]
batch = 0 (Δ=0.347s, 100.00%)
Training throughput: 1 batches in 0.346s; word units 100.0% of 8 words (letters-only 100.0% of 8).
Train Loss: output=0.0281, reconstruction=6.9635
Epoch [259/400]
batch = 0 (Δ=0.350s, 100.00%)
Training throughput: 1 batches in 0.349s; word units 100.0% of 8 words (letters-only 100.0% of 8).
Train Loss: output=0.0270, reconstruction=6.9632
Epoch [260/400]
batch = 0 (Δ=0.349s, 100.00%)
Training throughput: 1 batches in 0.348s; word units 100.0% of 8 words (letters-only 100.0% of 8).
Train Loss: output=0.0609, reconstruction=6.9628
Epoch [261/400]
batch = 0 (Δ=0.349s, 100.00%)
Training throughput: 1 batches in 0.349s; word units 100.0% of 8 words (letters-only 100.0% of 8).
Train Loss: output=0.0202, reconstruction=6.9623
Epoch [262/400]
batch = 0 (Δ=0.352s, 100.00%)
Training throughput: 1 batches in 0.351s; word units 100.0% of 8 words (letters-only 100.0% of 8).
Train Loss: output=0.0517, reconstruction=6.9619
Epoch [263/400]
batch = 0 (Δ=0.349s, 100.00%)
Training throughput: 1 batches in 0.348s; word units 100.0% of 8 words (letters-only 100.0% of 8).
Train Loss: output=0.0371, reconstruction=6.9615
Epoch [264/400]
batch = 0 (Δ=0.350s, 100.00%)
Training throughput: 1 batches in 0.350s; word units 100.0% of 8 words (letters-only 100.0% of 8).
Train Loss: output=0.0215, reconstruction=6.9612
Epoch [265/400]
batch = 0 (Δ=0.351s, 100.00%)
Training throughput: 1 batches in 0.351s; word units 100.0% of 8 words (letters-only 100.0% of 8).
Train Loss: output=0.0260, reconstruction=6.9610
Epoch [266/400]
batch = 0 (Δ=0.350s, 100.00%)
Training throughput: 1 batches in 0.349s; word units 100.0% of 8 words (letters-only 100.0% of 8).
Train Loss: output=0.0224, reconstruction=6.9607
Epoch [267/400]
batch = 0 (Δ=0.347s, 100.00%)
Training throughput: 1 batches in 0.346s; word units 100.0% of 8 words (letters-only 100.0% of 8).
Train Loss: output=0.0083, reconstruction=6.9605
Epoch [268/400]
batch = 0 (Δ=0.351s, 100.00%)
Training throughput: 1 batches in 0.350s; word units 100.0% of 8 words (letters-only 100.0% of 8).
Train Loss: output=0.0136, reconstruction=6.9603
Epoch [269/400]
batch = 0 (Δ=0.345s, 100.00%)
Training throughput: 1 batches in 0.344s; word units 100.0% of 8 words (letters-only 100.0% of 8).
Train Loss: output=0.0405, reconstruction=6.9604
Epoch [270/400]
batch = 0 (Δ=0.346s, 100.00%)
Training throughput: 1 batches in 0.345s; word units 100.0% of 8 words (letters-only 100.0% of 8).
Train Loss: output=0.0456, reconstruction=6.9606
Epoch [271/400]
batch = 0 (Δ=0.353s, 100.00%)
Training throughput: 1 batches in 0.352s; word units 100.0% of 8 words (letters-only 100.0% of 8).
Train Loss: output=0.0366, reconstruction=6.9610
Epoch [272/400]
batch = 0 (Δ=0.347s, 100.00%)
Training throughput: 1 batches in 0.346s; word units 100.0% of 8 words (letters-only 100.0% of 8).
Train Loss: output=0.0235, reconstruction=6.9612
Epoch [273/400]
batch = 0 (Δ=0.352s, 100.00%)
Training throughput: 1 batches in 0.351s; word units 100.0% of 8 words (letters-only 100.0% of 8).
Train Loss: output=0.0134, reconstruction=6.9614
Epoch [274/400]
batch = 0 (Δ=0.352s, 100.00%)
Training throughput: 1 batches in 0.352s; word units 100.0% of 8 words (letters-only 100.0% of 8).
Train Loss: output=0.0319, reconstruction=6.9615
Epoch [275/400]
batch = 0 (Δ=0.351s, 100.00%)
Training throughput: 1 batches in 0.350s; word units 100.0% of 8 words (letters-only 100.0% of 8).
Train Loss: output=0.0529, reconstruction=4.6594
Epoch [276/400]
batch = 0 (Δ=0.350s, 100.00%)
Training throughput: 1 batches in 0.350s; word units 100.0% of 8 words (letters-only 100.0% of 8).
Train Loss: output=0.0413, reconstruction=6.9623
Epoch [277/400]
batch = 0 (Δ=0.356s, 100.00%)
Training throughput: 1 batches in 0.356s; word units 100.0% of 8 words (letters-only 100.0% of 8).
Train Loss: output=0.0221, reconstruction=6.9624
Epoch [278/400]
batch = 0 (Δ=0.349s, 100.00%)
Training throughput: 1 batches in 0.348s; word units 100.0% of 8 words (letters-only 100.0% of 8).
Train Loss: output=0.0206, reconstruction=6.9623
Epoch [279/400]
batch = 0 (Δ=0.351s, 100.00%)
Training throughput: 1 batches in 0.351s; word units 100.0% of 8 words (letters-only 100.0% of 8).
Train Loss: output=0.0214, reconstruction=6.9620
Epoch [280/400]
batch = 0 (Δ=0.351s, 100.00%)
Training throughput: 1 batches in 0.350s; word units 100.0% of 8 words (letters-only 100.0% of 8).
Train Loss: output=0.0410, reconstruction=4.6590
Epoch [281/400]
batch = 0 (Δ=0.351s, 100.00%)
Training throughput: 1 batches in 0.350s; word units 100.0% of 8 words (letters-only 100.0% of 8).
Train Loss: output=0.0379, reconstruction=4.6589
Epoch [282/400]
batch = 0 (Δ=0.348s, 100.00%)
Training throughput: 1 batches in 0.347s; word units 100.0% of 8 words (letters-only 100.0% of 8).
Train Loss: output=0.0906, reconstruction=6.9614
Epoch [283/400]
batch = 0 (Δ=0.351s, 100.00%)
Training throughput: 1 batches in 0.351s; word units 100.0% of 8 words (letters-only 100.0% of 8).
Train Loss: output=0.1003, reconstruction=4.6588
Epoch [284/400]
batch = 0 (Δ=0.354s, 100.00%)
Training throughput: 1 batches in 0.353s; word units 100.0% of 8 words (letters-only 100.0% of 8).
Train Loss: output=0.1182, reconstruction=6.9613
Epoch [285/400]
batch = 0 (Δ=0.350s, 100.00%)
Training throughput: 1 batches in 0.350s; word units 100.0% of 8 words (letters-only 100.0% of 8).
Train Loss: output=0.1069, reconstruction=6.9611
Epoch [286/400]
batch = 0 (Δ=0.353s, 100.00%)
Training throughput: 1 batches in 0.353s; word units 100.0% of 8 words (letters-only 100.0% of 8).
Train Loss: output=0.0971, reconstruction=6.9610
Epoch [287/400]
batch = 0 (Δ=0.352s, 100.00%)
Training throughput: 1 batches in 0.351s; word units 100.0% of 8 words (letters-only 100.0% of 8).
Train Loss: output=0.0819, reconstruction=6.9607
Epoch [288/400]
batch = 0 (Δ=0.352s, 100.00%)
Training throughput: 1 batches in 0.351s; word units 100.0% of 8 words (letters-only 100.0% of 8).
Train Loss: output=0.0940, reconstruction=4.6578
Epoch [289/400]
batch = 0 (Δ=0.352s, 100.00%)
Training throughput: 1 batches in 0.352s; word units 100.0% of 8 words (letters-only 100.0% of 8).
Train Loss: output=0.0471, reconstruction=4.6574
Epoch [290/400]
batch = 0 (Δ=0.376s, 100.00%)
Training throughput: 1 batches in 0.375s; word units 100.0% of 8 words (letters-only 100.0% of 8).
Train Loss: output=0.0543, reconstruction=6.9597
Epoch [291/400]
batch = 0 (Δ=0.355s, 100.00%)
Training throughput: 1 batches in 0.355s; word units 100.0% of 8 words (letters-only 100.0% of 8).
Train Loss: output=0.0764, reconstruction=6.9593
Epoch [292/400]
batch = 0 (Δ=0.349s, 100.00%)
Training throughput: 1 batches in 0.348s; word units 100.0% of 8 words (letters-only 100.0% of 8).
Train Loss: output=0.0933, reconstruction=6.9587
Epoch [293/400]
batch = 0 (Δ=0.351s, 100.00%)
Training throughput: 1 batches in 0.351s; word units 100.0% of 8 words (letters-only 100.0% of 8).
Train Loss: output=0.0475, reconstruction=4.6555
Epoch [294/400]
batch = 0 (Δ=0.351s, 100.00%)
Training throughput: 1 batches in 0.350s; word units 100.0% of 8 words (letters-only 100.0% of 8).
Train Loss: output=0.1740, reconstruction=6.9576
Epoch [295/400]
batch = 0 (Δ=0.352s, 100.00%)
Training throughput: 1 batches in 0.351s; word units 100.0% of 8 words (letters-only 100.0% of 8).
Train Loss: output=0.0851, reconstruction=6.9572
Epoch [296/400]
batch = 0 (Δ=0.353s, 100.00%)
Training throughput: 1 batches in 0.353s; word units 100.0% of 8 words (letters-only 100.0% of 8).
Train Loss: output=0.1038, reconstruction=4.6545
Epoch [297/400]
batch = 0 (Δ=0.351s, 100.00%)
Training throughput: 1 batches in 0.351s; word units 100.0% of 8 words (letters-only 100.0% of 8).
Train Loss: output=0.0621, reconstruction=6.9572
Epoch [298/400]
batch = 0 (Δ=0.349s, 100.00%)
Training throughput: 1 batches in 0.348s; word units 100.0% of 8 words (letters-only 100.0% of 8).
Train Loss: output=0.0616, reconstruction=6.9576
Epoch [299/400]
batch = 0 (Δ=0.349s, 100.00%)
Training throughput: 1 batches in 0.349s; word units 100.0% of 8 words (letters-only 100.0% of 8).
Train Loss: output=0.0354, reconstruction=6.9579
Epoch [300/400]
batch = 0 (Δ=0.348s, 100.00%)
Training throughput: 1 batches in 0.347s; word units 100.0% of 8 words (letters-only 100.0% of 8).
Train Loss: output=0.0375, reconstruction=4.6554
Epoch [301/400]
batch = 0 (Δ=0.346s, 100.00%)
Training throughput: 1 batches in 0.346s; word units 100.0% of 8 words (letters-only 100.0% of 8).
Train Loss: output=0.1084, reconstruction=6.9581
Epoch [302/400]
batch = 0 (Δ=0.350s, 100.00%)
Training throughput: 1 batches in 0.349s; word units 100.0% of 8 words (letters-only 100.0% of 8).
Train Loss: output=0.0369, reconstruction=6.9581
Epoch [303/400]
batch = 0 (Δ=0.345s, 100.00%)
Training throughput: 1 batches in 0.345s; word units 100.0% of 8 words (letters-only 100.0% of 8).
Train Loss: output=0.1116, reconstruction=6.9579
Epoch [304/400]
batch = 0 (Δ=0.348s, 100.00%)
Training throughput: 1 batches in 0.347s; word units 100.0% of 8 words (letters-only 100.0% of 8).
Train Loss: output=0.0445, reconstruction=6.9577
Epoch [305/400]
batch = 0 (Δ=0.352s, 100.00%)
Training throughput: 1 batches in 0.352s; word units 100.0% of 8 words (letters-only 100.0% of 8).
Train Loss: output=0.0476, reconstruction=4.6551
Epoch [306/400]
batch = 0 (Δ=0.344s, 100.00%)
Training throughput: 1 batches in 0.344s; word units 100.0% of 8 words (letters-only 100.0% of 8).
Train Loss: output=0.0791, reconstruction=6.9576
Epoch [307/400]
batch = 0 (Δ=0.349s, 100.00%)
Training throughput: 1 batches in 0.348s; word units 100.0% of 8 words (letters-only 100.0% of 8).
Train Loss: output=0.0508, reconstruction=4.6550
Epoch [308/400]
batch = 0 (Δ=0.349s, 100.00%)
Training throughput: 1 batches in 0.349s; word units 100.0% of 8 words (letters-only 100.0% of 8).
Train Loss: output=0.0812, reconstruction=6.9575
Epoch [309/400]
batch = 0 (Δ=0.341s, 100.00%)
Training throughput: 1 batches in 0.341s; word units 100.0% of 8 words (letters-only 100.0% of 8).
Train Loss: output=0.0949, reconstruction=4.6550
Epoch [310/400]
batch = 0 (Δ=0.346s, 100.00%)
Training throughput: 1 batches in 0.346s; word units 100.0% of 8 words (letters-only 100.0% of 8).
Train Loss: output=0.0562, reconstruction=6.9577
Epoch [311/400]
batch = 0 (Δ=0.349s, 100.00%)
Training throughput: 1 batches in 0.349s; word units 100.0% of 8 words (letters-only 100.0% of 8).
Train Loss: output=0.1285, reconstruction=4.6551
Epoch [312/400]
batch = 0 (Δ=0.352s, 100.00%)
Training throughput: 1 batches in 0.351s; word units 100.0% of 8 words (letters-only 100.0% of 8).
Train Loss: output=0.0512, reconstruction=4.6550
Epoch [313/400]
batch = 0 (Δ=0.348s, 100.00%)
Training throughput: 1 batches in 0.347s; word units 100.0% of 8 words (letters-only 100.0% of 8).
Train Loss: output=0.1143, reconstruction=4.6549
Epoch [314/400]
batch = 0 (Δ=0.347s, 100.00%)
Training throughput: 1 batches in 0.347s; word units 100.0% of 8 words (letters-only 100.0% of 8).
Train Loss: output=0.1160, reconstruction=6.9573
Epoch [315/400]
batch = 0 (Δ=0.347s, 100.00%)
Training throughput: 1 batches in 0.346s; word units 100.0% of 8 words (letters-only 100.0% of 8).
Train Loss: output=0.0974, reconstruction=4.6544
Epoch [316/400]
batch = 0 (Δ=0.353s, 100.00%)
Training throughput: 1 batches in 0.352s; word units 100.0% of 8 words (letters-only 100.0% of 8).
Train Loss: output=0.0933, reconstruction=4.6541
Epoch [317/400]
batch = 0 (Δ=0.352s, 100.00%)
Training throughput: 1 batches in 0.351s; word units 100.0% of 8 words (letters-only 100.0% of 8).
Train Loss: output=0.1123, reconstruction=6.9565
Epoch [318/400]
batch = 0 (Δ=0.347s, 100.00%)
Training throughput: 1 batches in 0.347s; word units 100.0% of 8 words (letters-only 100.0% of 8).
Train Loss: output=0.1400, reconstruction=4.6541
Epoch [319/400]
batch = 0 (Δ=0.355s, 100.00%)
Training throughput: 1 batches in 0.354s; word units 100.0% of 8 words (letters-only 100.0% of 8).
Train Loss: output=0.0733, reconstruction=6.9573
Epoch [320/400]
batch = 0 (Δ=0.348s, 100.00%)
Training throughput: 1 batches in 0.348s; word units 100.0% of 8 words (letters-only 100.0% of 8).
Train Loss: output=0.1308, reconstruction=6.9579
Epoch [321/400]
batch = 0 (Δ=0.353s, 100.00%)
Training throughput: 1 batches in 0.353s; word units 100.0% of 8 words (letters-only 100.0% of 8).
Train Loss: output=0.0684, reconstruction=6.9584
Epoch [322/400]
batch = 0 (Δ=0.354s, 100.00%)
Training throughput: 1 batches in 0.353s; word units 100.0% of 8 words (letters-only 100.0% of 8).
Train Loss: output=0.0992, reconstruction=6.9587
Epoch [323/400]
batch = 0 (Δ=0.351s, 100.00%)
Training throughput: 1 batches in 0.350s; word units 100.0% of 8 words (letters-only 100.0% of 8).
Train Loss: output=0.1660, reconstruction=6.9591
Epoch [324/400]
batch = 0 (Δ=0.351s, 100.00%)
Training throughput: 1 batches in 0.350s; word units 100.0% of 8 words (letters-only 100.0% of 8).
Train Loss: output=0.0845, reconstruction=6.9597
Epoch [325/400]
batch = 0 (Δ=0.359s, 100.00%)
Training throughput: 1 batches in 0.358s; word units 100.0% of 8 words (letters-only 100.0% of 8).
Train Loss: output=0.1666, reconstruction=6.9603
Epoch [326/400]
batch = 0 (Δ=0.355s, 100.00%)
Training throughput: 1 batches in 0.354s; word units 100.0% of 8 words (letters-only 100.0% of 8).
Train Loss: output=0.0573, reconstruction=4.6585
Epoch [327/400]
batch = 0 (Δ=0.355s, 100.00%)
Training throughput: 1 batches in 0.354s; word units 100.0% of 8 words (letters-only 100.0% of 8).
Train Loss: output=0.1001, reconstruction=4.6593
Epoch [328/400]
batch = 0 (Δ=0.352s, 100.00%)
Training throughput: 1 batches in 0.351s; word units 100.0% of 8 words (letters-only 100.0% of 8).
Train Loss: output=0.0554, reconstruction=4.6601
Epoch [329/400]
batch = 0 (Δ=0.347s, 100.00%)
Training throughput: 1 batches in 0.346s; word units 100.0% of 8 words (letters-only 100.0% of 8).
Train Loss: output=0.0925, reconstruction=6.9632
Epoch [330/400]
batch = 0 (Δ=0.354s, 100.00%)
Training throughput: 1 batches in 0.353s; word units 100.0% of 8 words (letters-only 100.0% of 8).
Train Loss: output=0.1131, reconstruction=6.9636
Epoch [331/400]
batch = 0 (Δ=0.351s, 100.00%)
Training throughput: 1 batches in 0.350s; word units 100.0% of 8 words (letters-only 100.0% of 8).
Train Loss: output=0.0977, reconstruction=6.9639
Epoch [332/400]
batch = 0 (Δ=1.126s, 100.00%)
Training throughput: 1 batches in 1.126s; word units 100.0% of 8 words (letters-only 100.0% of 8).
Train Loss: output=0.0925, reconstruction=6.9638
Epoch [333/400]
batch = 0 (Δ=0.348s, 100.00%)
Training throughput: 1 batches in 0.347s; word units 100.0% of 8 words (letters-only 100.0% of 8).
Train Loss: output=0.0540, reconstruction=4.6611
Epoch [334/400]
batch = 0 (Δ=0.349s, 100.00%)
Training throughput: 1 batches in 0.349s; word units 100.0% of 8 words (letters-only 100.0% of 8).
Train Loss: output=0.0443, reconstruction=4.6609
Epoch [335/400]
batch = 0 (Δ=0.350s, 100.00%)
Training throughput: 1 batches in 0.350s; word units 100.0% of 8 words (letters-only 100.0% of 8).
Train Loss: output=0.1114, reconstruction=6.9634
Epoch [336/400]
batch = 0 (Δ=0.355s, 100.00%)
Training throughput: 1 batches in 0.354s; word units 100.0% of 8 words (letters-only 100.0% of 8).
Train Loss: output=0.0609, reconstruction=6.9513
Epoch [337/400]
batch = 0 (Δ=0.357s, 100.00%)
Training throughput: 1 batches in 0.356s; word units 100.0% of 8 words (letters-only 100.0% of 8).
Train Loss: output=0.0343, reconstruction=4.6866
Epoch [338/400]
batch = 0 (Δ=0.354s, 100.00%)
Training throughput: 1 batches in 0.354s; word units 100.0% of 8 words (letters-only 100.0% of 8).
Train Loss: output=0.0519, reconstruction=5.9106
Epoch [339/400]
batch = 0 (Δ=0.348s, 100.00%)
Training throughput: 1 batches in 0.347s; word units 100.0% of 8 words (letters-only 100.0% of 8).
Train Loss: output=0.0642, reconstruction=6.3930
Epoch [340/400]
batch = 0 (Δ=0.351s, 100.00%)
Training throughput: 1 batches in 0.350s; word units 100.0% of 8 words (letters-only 100.0% of 8).
Train Loss: output=0.0643, reconstruction=6.9623
Epoch [341/400]
batch = 0 (Δ=0.347s, 100.00%)
Training throughput: 1 batches in 0.347s; word units 100.0% of 8 words (letters-only 100.0% of 8).
Train Loss: output=0.0495, reconstruction=6.9623
Epoch [342/400]
batch = 0 (Δ=0.348s, 100.00%)
Training throughput: 1 batches in 0.348s; word units 100.0% of 8 words (letters-only 100.0% of 8).
Train Loss: output=0.0464, reconstruction=4.6596
Epoch [343/400]
batch = 0 (Δ=0.354s, 100.00%)
Training throughput: 1 batches in 0.353s; word units 100.0% of 8 words (letters-only 100.0% of 8).
Train Loss: output=0.0627, reconstruction=6.9619
Epoch [344/400]
batch = 0 (Δ=0.349s, 100.00%)
Training throughput: 1 batches in 0.348s; word units 100.0% of 8 words (letters-only 100.0% of 8).
Train Loss: output=0.0558, reconstruction=6.9615
Epoch [345/400]
batch = 0 (Δ=0.376s, 100.00%)
Training throughput: 1 batches in 0.376s; word units 100.0% of 8 words (letters-only 100.0% of 8).
Train Loss: output=0.0406, reconstruction=6.9611
Epoch [346/400]
batch = 0 (Δ=0.347s, 100.00%)
Training throughput: 1 batches in 0.346s; word units 100.0% of 8 words (letters-only 100.0% of 8).
Train Loss: output=0.0493, reconstruction=6.9605
Epoch [347/400]
batch = 0 (Δ=0.346s, 100.00%)
Training throughput: 1 batches in 0.345s; word units 100.0% of 8 words (letters-only 100.0% of 8).
Train Loss: output=0.0415, reconstruction=6.9598
Epoch [348/400]
batch = 0 (Δ=0.347s, 100.00%)
Training throughput: 1 batches in 0.346s; word units 100.0% of 8 words (letters-only 100.0% of 8).
Train Loss: output=0.0700, reconstruction=6.9593
Epoch [349/400]
batch = 0 (Δ=0.349s, 100.00%)
Training throughput: 1 batches in 0.348s; word units 100.0% of 8 words (letters-only 100.0% of 8).
Train Loss: output=0.0367, reconstruction=6.9589
Epoch [350/400]
batch = 0 (Δ=0.348s, 100.00%)
Training throughput: 1 batches in 0.348s; word units 100.0% of 8 words (letters-only 100.0% of 8).
Train Loss: output=0.0451, reconstruction=4.6557
Epoch [351/400]
batch = 0 (Δ=0.345s, 100.00%)
Training throughput: 1 batches in 0.344s; word units 100.0% of 8 words (letters-only 100.0% of 8).
Train Loss: output=0.0588, reconstruction=6.9576
Epoch [352/400]
batch = 0 (Δ=0.349s, 100.00%)
Training throughput: 1 batches in 0.349s; word units 100.0% of 8 words (letters-only 100.0% of 8).
Train Loss: output=0.0299, reconstruction=6.9570
Epoch [353/400]
batch = 0 (Δ=0.348s, 100.00%)
Training throughput: 1 batches in 0.347s; word units 100.0% of 8 words (letters-only 100.0% of 8).
Train Loss: output=0.0351, reconstruction=6.9564
Epoch [354/400]
batch = 0 (Δ=0.351s, 100.00%)
Training throughput: 1 batches in 0.350s; word units 100.0% of 8 words (letters-only 100.0% of 8).
Train Loss: output=0.0451, reconstruction=4.6531
Epoch [355/400]
batch = 0 (Δ=0.349s, 100.00%)
Training throughput: 1 batches in 0.349s; word units 100.0% of 8 words (letters-only 100.0% of 8).
Train Loss: output=0.0474, reconstruction=6.9550
Epoch [356/400]
batch = 0 (Δ=0.349s, 100.00%)
Training throughput: 1 batches in 0.348s; word units 100.0% of 8 words (letters-only 100.0% of 8).
Train Loss: output=0.0630, reconstruction=6.9547
Epoch [357/400]
batch = 0 (Δ=0.349s, 100.00%)
Training throughput: 1 batches in 0.349s; word units 100.0% of 8 words (letters-only 100.0% of 8).
Train Loss: output=0.1164, reconstruction=6.9546
Epoch [358/400]
batch = 0 (Δ=0.348s, 100.00%)
Training throughput: 1 batches in 0.347s; word units 100.0% of 8 words (letters-only 100.0% of 8).
Train Loss: output=0.0797, reconstruction=4.6518
Epoch [359/400]
batch = 0 (Δ=0.353s, 100.00%)
Training throughput: 1 batches in 0.354s; word units 100.0% of 8 words (letters-only 100.0% of 8).
Train Loss: output=0.0561, reconstruction=4.6516
Epoch [360/400]
batch = 0 (Δ=0.351s, 100.00%)
Training throughput: 1 batches in 0.350s; word units 100.0% of 8 words (letters-only 100.0% of 8).
Train Loss: output=0.0653, reconstruction=6.9539
Epoch [361/400]
batch = 0 (Δ=0.380s, 100.00%)
Training throughput: 1 batches in 0.379s; word units 100.0% of 8 words (letters-only 100.0% of 8).
Train Loss: output=0.0404, reconstruction=4.6513
Epoch [362/400]
batch = 0 (Δ=0.345s, 100.00%)
Training throughput: 1 batches in 0.344s; word units 100.0% of 8 words (letters-only 100.0% of 8).
Train Loss: output=0.0646, reconstruction=6.9539
Epoch [363/400]
batch = 0 (Δ=0.349s, 100.00%)
Training throughput: 1 batches in 0.349s; word units 100.0% of 8 words (letters-only 100.0% of 8).
Train Loss: output=0.0265, reconstruction=6.9537
Epoch [364/400]
batch = 0 (Δ=0.348s, 100.00%)
Training throughput: 1 batches in 0.347s; word units 100.0% of 8 words (letters-only 100.0% of 8).
Train Loss: output=0.0412, reconstruction=4.6508
Epoch [365/400]
batch = 0 (Δ=0.351s, 100.00%)
Training throughput: 1 batches in 0.350s; word units 100.0% of 8 words (letters-only 100.0% of 8).
Train Loss: output=0.0614, reconstruction=6.9529
Epoch [366/400]
batch = 0 (Δ=0.348s, 100.00%)
Training throughput: 1 batches in 0.347s; word units 100.0% of 8 words (letters-only 100.0% of 8).
Train Loss: output=0.0465, reconstruction=7.0370
Epoch [367/400]
batch = 0 (Δ=0.346s, 100.00%)
Training throughput: 1 batches in 0.346s; word units 100.0% of 8 words (letters-only 100.0% of 8).
Train Loss: output=0.0759, reconstruction=4.8015
Epoch [368/400]
batch = 0 (Δ=0.346s, 100.00%)
Training throughput: 1 batches in 0.346s; word units 100.0% of 8 words (letters-only 100.0% of 8).
Train Loss: output=0.0452, reconstruction=6.9579
Epoch [369/400]
batch = 0 (Δ=0.348s, 100.00%)
Training throughput: 1 batches in 0.347s; word units 100.0% of 8 words (letters-only 100.0% of 8).
Train Loss: output=0.0679, reconstruction=6.9711
Epoch [370/400]
batch = 0 (Δ=0.349s, 100.00%)
Training throughput: 1 batches in 0.349s; word units 100.0% of 8 words (letters-only 100.0% of 8).
Train Loss: output=0.0906, reconstruction=6.9843
Epoch [371/400]
batch = 0 (Δ=0.351s, 100.00%)
Training throughput: 1 batches in 0.351s; word units 100.0% of 8 words (letters-only 100.0% of 8).
Train Loss: output=0.1102, reconstruction=6.9948
Epoch [372/400]
batch = 0 (Δ=0.350s, 100.00%)
Training throughput: 1 batches in 0.349s; word units 100.0% of 8 words (letters-only 100.0% of 8).
Train Loss: output=0.0267, reconstruction=4.6998
Epoch [373/400]
batch = 0 (Δ=0.352s, 100.00%)
Training throughput: 1 batches in 0.352s; word units 100.0% of 8 words (letters-only 100.0% of 8).
Train Loss: output=0.0124, reconstruction=7.0073
Epoch [374/400]
batch = 0 (Δ=0.349s, 100.00%)
Training throughput: 1 batches in 0.349s; word units 100.0% of 8 words (letters-only 100.0% of 8).
Train Loss: output=0.0153, reconstruction=7.0099
Epoch [375/400]
batch = 0 (Δ=0.351s, 100.00%)
Training throughput: 1 batches in 0.350s; word units 100.0% of 8 words (letters-only 100.0% of 8).
Train Loss: output=0.0052, reconstruction=7.0110
Epoch [376/400]
batch = 0 (Δ=0.343s, 100.00%)
Training throughput: 1 batches in 0.343s; word units 100.0% of 8 words (letters-only 100.0% of 8).
Train Loss: output=0.0472, reconstruction=7.0109
Epoch [377/400]
batch = 0 (Δ=0.346s, 100.00%)
Training throughput: 1 batches in 0.346s; word units 100.0% of 8 words (letters-only 100.0% of 8).
Train Loss: output=0.0265, reconstruction=7.0100
Epoch [378/400]
batch = 0 (Δ=0.346s, 100.00%)
Training throughput: 1 batches in 0.345s; word units 100.0% of 8 words (letters-only 100.0% of 8).
Train Loss: output=0.0311, reconstruction=7.0085
Epoch [379/400]
batch = 0 (Δ=0.348s, 100.00%)
Training throughput: 1 batches in 0.348s; word units 100.0% of 8 words (letters-only 100.0% of 8).
Train Loss: output=0.0239, reconstruction=7.0065
Epoch [380/400]
batch = 0 (Δ=0.342s, 100.00%)
Training throughput: 1 batches in 0.342s; word units 100.0% of 8 words (letters-only 100.0% of 8).
Train Loss: output=0.0075, reconstruction=7.0046
Epoch [381/400]
batch = 0 (Δ=0.351s, 100.00%)
Training throughput: 1 batches in 0.350s; word units 100.0% of 8 words (letters-only 100.0% of 8).
Train Loss: output=0.0626, reconstruction=7.0025
Epoch [382/400]
batch = 0 (Δ=0.348s, 100.00%)
Training throughput: 1 batches in 0.347s; word units 100.0% of 8 words (letters-only 100.0% of 8).
Train Loss: output=0.0134, reconstruction=7.0002
Epoch [383/400]
batch = 0 (Δ=0.349s, 100.00%)
Training throughput: 1 batches in 0.349s; word units 100.0% of 8 words (letters-only 100.0% of 8).
Train Loss: output=0.0098, reconstruction=6.9977
Epoch [384/400]
batch = 0 (Δ=0.342s, 100.00%)
Training throughput: 1 batches in 0.341s; word units 100.0% of 8 words (letters-only 100.0% of 8).
Train Loss: output=0.0103, reconstruction=6.9950
Epoch [385/400]
batch = 0 (Δ=0.340s, 100.00%)
Training throughput: 1 batches in 0.340s; word units 100.0% of 8 words (letters-only 100.0% of 8).
Train Loss: output=0.0108, reconstruction=6.9922
Epoch [386/400]
batch = 0 (Δ=0.346s, 100.00%)
Training throughput: 1 batches in 0.346s; word units 100.0% of 8 words (letters-only 100.0% of 8).
Train Loss: output=0.0424, reconstruction=6.9893
Epoch [387/400]
batch = 0 (Δ=0.347s, 100.00%)
Training throughput: 1 batches in 0.347s; word units 100.0% of 8 words (letters-only 100.0% of 8).
Train Loss: output=0.0114, reconstruction=6.9864
Epoch [388/400]
batch = 0 (Δ=0.346s, 100.00%)
Training throughput: 1 batches in 0.346s; word units 100.0% of 8 words (letters-only 100.0% of 8).
Train Loss: output=0.0043, reconstruction=6.9834
Epoch [389/400]
batch = 0 (Δ=0.343s, 100.00%)
Training throughput: 1 batches in 0.343s; word units 100.0% of 8 words (letters-only 100.0% of 8).
Train Loss: output=0.0239, reconstruction=6.9804
Epoch [390/400]
batch = 0 (Δ=0.346s, 100.00%)
Training throughput: 1 batches in 0.345s; word units 100.0% of 8 words (letters-only 100.0% of 8).
Train Loss: output=0.0121, reconstruction=6.9778
Epoch [391/400]
batch = 0 (Δ=0.354s, 100.00%)
Training throughput: 1 batches in 0.354s; word units 100.0% of 8 words (letters-only 100.0% of 8).
Train Loss: output=0.0689, reconstruction=6.9754
Epoch [392/400]
batch = 0 (Δ=0.358s, 100.00%)
Training throughput: 1 batches in 0.357s; word units 100.0% of 8 words (letters-only 100.0% of 8).
Train Loss: output=0.0496, reconstruction=4.6708
Epoch [393/400]
batch = 0 (Δ=0.347s, 100.00%)
Training throughput: 1 batches in 0.347s; word units 100.0% of 8 words (letters-only 100.0% of 8).
Train Loss: output=0.0614, reconstruction=6.9716
Epoch [394/400]
batch = 0 (Δ=0.344s, 100.00%)
Training throughput: 1 batches in 0.343s; word units 100.0% of 8 words (letters-only 100.0% of 8).
Train Loss: output=0.0755, reconstruction=6.9697
Epoch [395/400]
batch = 0 (Δ=0.349s, 100.00%)
Training throughput: 1 batches in 0.349s; word units 100.0% of 8 words (letters-only 100.0% of 8).
Train Loss: output=0.0590, reconstruction=6.9678
Epoch [396/400]
batch = 0 (Δ=0.349s, 100.00%)
Training throughput: 1 batches in 0.349s; word units 100.0% of 8 words (letters-only 100.0% of 8).
Train Loss: output=0.0521, reconstruction=6.9658
Epoch [397/400]
batch = 0 (Δ=0.345s, 100.00%)
Training throughput: 1 batches in 0.345s; word units 100.0% of 8 words (letters-only 100.0% of 8).
Train Loss: output=0.0483, reconstruction=6.9637
Epoch [398/400]
batch = 0 (Δ=0.344s, 100.00%)
Training throughput: 1 batches in 0.343s; word units 100.0% of 8 words (letters-only 100.0% of 8).
Train Loss: output=0.0666, reconstruction=6.9616
Epoch [399/400]
batch = 0 (Δ=0.345s, 100.00%)
Training throughput: 1 batches in 0.344s; word units 100.0% of 8 words (letters-only 100.0% of 8).
Train Loss: output=0.0833, reconstruction=6.9597
Epoch [400/400]
batch = 0 (Δ=0.351s, 100.00%)
Training throughput: 1 batches in 0.350s; word units 100.0% of 8 words (letters-only 100.0% of 8).
Train Loss: output=0.0531, reconstruction=6.9582
Final Stats:
=== Selected operation grammar ===
batch = 0 (Δ=50.164s, 100.00%)
Training throughput: 1 batches in 50.111s; word units 100.0% of 8 words (letters-only 100.0% of 8).
=== Input Reconstruction (test) ===
  row[0] input='hello world' -> reconstructed='world ' label=0.0000 predicted=0.1842 MISMATCH
  row[1] input='hello there' -> reconstructed='there ' label=1.0000 predicted=0.6561 MISMATCH
  row[2] input='loving world' -> reconstructed='hello ' label=1.0000 predicted=0.4752 MISMATCH
  row[3] input='loving there' -> reconstructed='hello ' label=0.0000 predicted=0.4781 MISMATCH
------------------------------ Captured log call -------------------------------
DEBUG    torch.__trace:utils.py:2363 
DEBUG    torch.__trace:utils.py:2363 
DEBUG    torch.__trace:structured.py:28 
DEBUG    torch.__trace:structured.py:28 
DEBUG    torch.__trace:structured.py:28 
DEBUG    torch.__trace:structured.py:28 
DEBUG    torch.__trace:structured.py:28 
DEBUG    torch.__trace:structured.py:28 
DEBUG    torch.__trace:structured.py:28 
DEBUG    torch.__trace:structured.py:28 
DEBUG    torch.__trace:structured.py:28 
DEBUG    torch.__trace:structured.py:28 
DEBUG    torch.__trace:structured.py:28 
DEBUG    torch.__trace:structured.py:28 
DEBUG    torch.__trace:structured.py:28 
DEBUG    torch.__trace:structured.py:28 
DEBUG    torch.__trace:structured.py:28 
DEBUG    torch.__trace:convert_frame.py:304 
DEBUG    torch.__trace:utils.py:2363 
DEBUG    torch.__trace:utils.py:2363 
DEBUG    torch.__trace:meta_utils.py:298 
DEBUG    torch.__trace:meta_utils.py:537 
DEBUG    torch.__trace:meta_utils.py:2385 
DEBUG    torch.__trace:meta_utils.py:298 
DEBUG    torch.__trace:meta_utils.py:537 
DEBUG    torch.__trace:meta_utils.py:2385 
DEBUG    torch.__trace:meta_utils.py:298 
DEBUG    torch.__trace:meta_utils.py:537 
DEBUG    torch.__trace:meta_utils.py:2385 
DEBUG    torch.__trace:meta_utils.py:298 
DEBUG    torch.__trace:meta_utils.py:537 
DEBUG    torch.__trace:meta_utils.py:2385 
DEBUG    torch.__trace:meta_utils.py:298 
DEBUG    torch.__trace:meta_utils.py:537 
DEBUG    torch.__trace:meta_utils.py:2385 
DEBUG    torch.__trace:meta_utils.py:298 
DEBUG    torch.__trace:meta_utils.py:537 
DEBUG    torch.__trace:meta_utils.py:2385 
DEBUG    torch.__trace:meta_utils.py:298 
DEBUG    torch.__trace:meta_utils.py:537 
DEBUG    torch.__trace:meta_utils.py:2385 
DEBUG    torch.__trace:meta_utils.py:298 
DEBUG    torch.__trace:meta_utils.py:537 
DEBUG    torch.__trace:meta_utils.py:2385 
DEBUG    torch.__trace:meta_utils.py:298 
DEBUG    torch.__trace:meta_utils.py:537 
DEBUG    torch.__trace:meta_utils.py:2385 
DEBUG    torch.__trace:structured.py:28 
DEBUG    torch.__trace:structured.py:28 
DEBUG    torch.__trace:structured.py:28 
DEBUG    torch.__trace:structured.py:28 
DEBUG    torch.__trace:structured.py:28 
DEBUG    torch.__trace:structured.py:28 
DEBUG    torch.__trace:structured.py:28 
DEBUG    torch.__trace:structured.py:28 
DEBUG    torch.__trace:structured.py:28 
DEBUG    torch.__trace:structured.py:28 
DEBUG    torch.__trace:structured.py:28 
DEBUG    torch.__trace:structured.py:28 
DEBUG    torch.__trace:symbolic_shapes.py:5971 
DEBUG    torch.__trace:meta_utils.py:298 
DEBUG    torch.__trace:meta_utils.py:537 
DEBUG    torch.__trace:meta_utils.py:2385 
DEBUG    torch.__trace:meta_utils.py:298 
DEBUG    torch.__trace:meta_utils.py:537 
DEBUG    torch.__trace:meta_utils.py:2385 
DEBUG    torch.__trace:meta_utils.py:298 
DEBUG    torch.__trace:meta_utils.py:537 
DEBUG    torch.__trace:meta_utils.py:2385 
DEBUG    torch.__trace:meta_utils.py:298 
DEBUG    torch.__trace:meta_utils.py:537 
DEBUG    torch.__trace:meta_utils.py:2385 
DEBUG    torch.__trace:meta_utils.py:298 
DEBUG    torch.__trace:meta_utils.py:537 
DEBUG    torch.__trace:meta_utils.py:2385 
DEBUG    torch.__trace:meta_utils.py:298 
DEBUG    torch.__trace:meta_utils.py:537 
DEBUG    torch.__trace:meta_utils.py:2385 
DEBUG    torch.__trace:structured.py:28 
DEBUG    torch.__trace:structured.py:28 
DEBUG    torch.__trace:structured.py:28 
DEBUG    torch.__trace:symbolic_shapes.py:5971 
DEBUG    torch.__trace:meta_utils.py:298 
DEBUG    torch.__trace:meta_utils.py:537 
DEBUG    torch.__trace:meta_utils.py:2385 
DEBUG    torch.__trace:symbolic_shapes.py:5971 
DEBUG    torch.__trace:structured.py:28 
DEBUG    torch.__trace:structured.py:28 
DEBUG    torch.__trace:symbolic_shapes.py:8465 
DEBUG    torch.__trace:meta_utils.py:298 
DEBUG    torch.__trace:meta_utils.py:537 
DEBUG    torch.__trace:meta_utils.py:2385 
DEBUG    torch.__trace:meta_utils.py:298 
DEBUG    torch.__trace:meta_utils.py:537 
DEBUG    torch.__trace:meta_utils.py:2385 
DEBUG    torch.__trace:meta_utils.py:298 
DEBUG    torch.__trace:meta_utils.py:537 
DEBUG    torch.__trace:meta_utils.py:2385 
DEBUG    torch.__trace:meta_utils.py:298 
DEBUG    torch.__trace:meta_utils.py:537 
DEBUG    torch.__trace:meta_utils.py:2385 
DEBUG    torch.__trace:meta_utils.py:298 
DEBUG    torch.__trace:meta_utils.py:537 
DEBUG    torch.__trace:meta_utils.py:2385 
DEBUG    torch.__trace:meta_utils.py:298 
DEBUG    torch.__trace:meta_utils.py:537 
DEBUG    torch.__trace:meta_utils.py:2385 
DEBUG    torch.__trace:structured.py:28 
DEBUG    torch.__trace:structured.py:28 
DEBUG    torch.__trace:structured.py:28 
DEBUG    torch.__trace:structured.py:28 
DEBUG    torch.__trace:symbolic_shapes.py:5521 
DEBUG    torch.__trace:structured.py:28 
DEBUG    torch.__trace:structured.py:28 
DEBUG    torch.__trace:structured.py:28 
DEBUG    torch.__trace:structured.py:28 
DEBUG    torch.__trace:structured.py:28 
DEBUG    torch.__trace:symbolic_shapes.py:8465 
DEBUG    torch.__trace:symbolic_shapes.py:8465 
DEBUG    torch.__trace:meta_utils.py:298 
DEBUG    torch.__trace:meta_utils.py:537 
DEBUG    torch.__trace:meta_utils.py:2385 
DEBUG    torch.__trace:meta_utils.py:298 
DEBUG    torch.__trace:meta_utils.py:537 
DEBUG    torch.__trace:meta_utils.py:2385 
DEBUG    torch.__trace:symbolic_shapes.py:5521 
DEBUG    torch.__trace:symbolic_shapes.py:8465 
DEBUG    torch.__trace:symbolic_shapes.py:8465 
DEBUG    torch.__trace:meta_utils.py:298 
DEBUG    torch.__trace:meta_utils.py:537 
DEBUG    torch.__trace:meta_utils.py:2385 
DEBUG    torch.__trace:utils.py:2363 
DEBUG    torch.__trace:utils.py:2363 
DEBUG    torch.__trace:utils.py:2363 
DEBUG    torch.__trace:output_graph.py:2942 
DEBUG    torch.__trace:utils.py:2363 
DEBUG    torch.__trace:utils.py:2363 
DEBUG    torch.__trace:utils.py:2363 
DEBUG    torch.__trace:structured.py:28 
DEBUG    torch.__trace:structured.py:28 
DEBUG    torch.__trace:structured.py:28 
DEBUG    torch.__trace:structured.py:28 
DEBUG    torch.__trace:structured.py:28 
DEBUG    torch.__trace:structured.py:28 
DEBUG    torch.__trace:structured.py:28 
DEBUG    torch.__trace:symbolic_shapes.py:5521 
DEBUG    torch.__trace:structured.py:28 
DEBUG    torch.__trace:symbolic_shapes.py:8465 
DEBUG    torch.__trace:symbolic_shapes.py:8465 
DEBUG    torch.__trace:symbolic_shapes.py:5521 
DEBUG    torch.__trace:symbolic_shapes.py:8465 
DEBUG    torch.__trace:symbolic_shapes.py:8465 
DEBUG    torch.__trace:utils.py:2363 
DEBUG    torch.__trace:utils.py:2363 
DEBUG    torch.__trace:structured.py:28 
DEBUG    torch.__trace:structured.py:28 
DEBUG    torch.__trace:structured.py:28 
DEBUG    torch.__trace:structured.py:28 
DEBUG    torch.__trace:symbolic_shapes.py:5521 
DEBUG    torch.__trace:structured.py:28 
DEBUG    torch.__trace:structured.py:28 
DEBUG    torch.__trace:symbolic_shapes.py:8465 
DEBUG    torch.__trace:symbolic_shapes.py:8465 
DEBUG    torch.__trace:symbolic_shapes.py:5521 
DEBUG    torch.__trace:symbolic_shapes.py:8465 
DEBUG    torch.__trace:symbolic_shapes.py:8465 
DEBUG    torch.__trace:structured.py:28 
DEBUG    torch.__trace:structured.py:28 
DEBUG    torch.__trace:structured.py:28 
DEBUG    torch.__trace:structured.py:28 
DEBUG    torch.__trace:structured.py:28 
DEBUG    torch.__trace:symbolic_shapes.py:5521 
DEBUG    torch.__trace:symbolic_shapes.py:5521 
DEBUG    torch.__trace:symbolic_shapes.py:5521 
DEBUG    torch.__trace:symbolic_shapes.py:5521 
DEBUG    torch.__trace:symbolic_shapes.py:5521 
DEBUG    torch.__trace:symbolic_shapes.py:5521 
DEBUG    torch.__trace:symbolic_shapes.py:5521 
DEBUG    torch.__trace:symbolic_shapes.py:5521 
DEBUG    torch.__trace:symbolic_shapes.py:5521 
DEBUG    torch.__trace:structured.py:28 
DEBUG    torch.__trace:structured.py:28 
DEBUG    torch.__trace:structured.py:28 
DEBUG    torch.__trace:symbolic_shapes.py:5521 
DEBUG    torch.__trace:symbolic_shapes.py:5521 
DEBUG    torch.__trace:symbolic_shapes.py:5521 
DEBUG    torch.__trace:symbolic_shapes.py:5521 
DEBUG    torch.__trace:symbolic_shapes.py:5521 
DEBUG    torch.__trace:symbolic_shapes.py:5521 
DEBUG    torch.__trace:symbolic_shapes.py:5521 
DEBUG    torch.__trace:symbolic_shapes.py:5521 
DEBUG    torch.__trace:symbolic_shapes.py:5521 
DEBUG    torch.__trace:structured.py:28 
DEBUG    torch.__trace:symbolic_shapes.py:5521 
DEBUG    torch.__trace:symbolic_shapes.py:5521 
DEBUG    torch.__trace:symbolic_shapes.py:5521 
DEBUG    torch.__trace:symbolic_shapes.py:5521 
DEBUG    torch.__trace:symbolic_shapes.py:5521 
DEBUG    torch.__trace:symbolic_shapes.py:5521 
DEBUG    torch.__trace:symbolic_shapes.py:5521 
DEBUG    torch.__trace:symbolic_shapes.py:5521 
DEBUG    torch.__trace:symbolic_shapes.py:5521 
DEBUG    torch.__trace:symbolic_shapes.py:5521 
DEBUG    torch.__trace:symbolic_shapes.py:5521 
DEBUG    torch.__trace:symbolic_shapes.py:5521 
DEBUG    torch.__trace:symbolic_shapes.py:5521 
DEBUG    torch.__trace:symbolic_shapes.py:5521 
DEBUG    torch.__trace:symbolic_shapes.py:5521 
DEBUG    torch.__trace:symbolic_shapes.py:5521 
DEBUG    torch.__trace:symbolic_shapes.py:5521 
DEBUG    torch.__trace:symbolic_shapes.py:5521 
DEBUG    torch.__trace:symbolic_shapes.py:5521 
DEBUG    torch.__trace:symbolic_shapes.py:5521 
DEBUG    torch.__trace:symbolic_shapes.py:5521 
DEBUG    torch.__trace:symbolic_shapes.py:5521 
DEBUG    torch.__trace:symbolic_shapes.py:5521 
DEBUG    torch.__trace:symbolic_shapes.py:5521 
DEBUG    torch.__trace:symbolic_shapes.py:5521 
DEBUG    torch.__trace:symbolic_shapes.py:5521 
DEBUG    torch.__trace:symbolic_shapes.py:5521 
DEBUG    torch.__trace:symbolic_shapes.py:5521 
DEBUG    torch.__trace:symbolic_shapes.py:5521 
DEBUG    torch.__trace:symbolic_shapes.py:5521 
DEBUG    torch.__trace:symbolic_shapes.py:5521 
DEBUG    torch.__trace:symbolic_shapes.py:5521 
DEBUG    torch.__trace:symbolic_shapes.py:5521 
DEBUG    torch.__trace:symbolic_shapes.py:5521 
DEBUG    torch.__trace:symbolic_shapes.py:5521 
DEBUG    torch.__trace:symbolic_shapes.py:5521 
DEBUG    torch.__trace:symbolic_shapes.py:5521 
DEBUG    torch.__trace:symbolic_shapes.py:5521 
DEBUG    torch.__trace:utils.py:2363 
DEBUG    torch.__trace:graph_compile.py:1820 
DEBUG    torch.__trace:graph_compile.py:1841 
DEBUG    torch.__trace:graph_compile.py:1891 
DEBUG    torch.__trace:graph_compile.py:1909 
DEBUG    torch.__trace:graph_compile.py:1913 
DEBUG    torch.__trace:codegen.py:200 
DEBUG    torch.__trace:codegen.py:200 
DEBUG    torch.__trace:codegen.py:200 
DEBUG    torch.__trace:codegen.py:200 
DEBUG    torch.__trace:codegen.py:200 
DEBUG    torch.__trace:codegen.py:200 
DEBUG    torch.__trace:utils.py:2363 
DEBUG    torch.__trace:utils.py:2363 
DEBUG    torch.__trace:utils.py:2363 
DEBUG    torch.__trace:utils.py:2363 
DEBUG    torch.__trace:guards.py:4769 
DEBUG    torch.__trace:utils.py:2363 
DEBUG    torch.__trace:utils.py:2363 
DEBUG    torch.__trace:utils.py:2363 
DEBUG    torch.__trace:utils.py:2363 
DEBUG    torch.__trace:utils.py:2363 
DEBUG    torch.__trace:utils.py:2363 
DEBUG    torch.__trace:utils.py:2022 
DEBUG    torch.__trace:utils.py:2363 
DEBUG    torch.__trace:utils.py:2363 
DEBUG    torch.__trace:utils.py:2363 
DEBUG    torch.__trace:guards.py:5625 
DEBUG    torch.__trace:convert_frame.py:304 
DEBUG    torch.__trace:utils.py:2363 
DEBUG    torch.__trace:utils.py:2363 
DEBUG    torch.__trace:meta_utils.py:298 
DEBUG    torch.__trace:meta_utils.py:537 
DEBUG    torch.__trace:meta_utils.py:2385 
DEBUG    torch.__trace:meta_utils.py:298 
DEBUG    torch.__trace:meta_utils.py:537 
DEBUG    torch.__trace:meta_utils.py:2385 
DEBUG    torch.__trace:meta_utils.py:298 
DEBUG    torch.__trace:meta_utils.py:537 
DEBUG    torch.__trace:meta_utils.py:2385 
DEBUG    torch.__trace:meta_utils.py:298 
DEBUG    torch.__trace:meta_utils.py:537 
DEBUG    torch.__trace:meta_utils.py:2385 
DEBUG    torch.__trace:meta_utils.py:298 
DEBUG    torch.__trace:meta_utils.py:537 
DEBUG    torch.__trace:meta_utils.py:2385 
DEBUG    torch.__trace:meta_utils.py:298 
DEBUG    torch.__trace:meta_utils.py:537 
DEBUG    torch.__trace:meta_utils.py:2385 
DEBUG    torch.__trace:meta_utils.py:298 
DEBUG    torch.__trace:meta_utils.py:537 
DEBUG    torch.__trace:meta_utils.py:2385 
DEBUG    torch.__trace:meta_utils.py:298 
DEBUG    torch.__trace:meta_utils.py:537 
DEBUG    torch.__trace:meta_utils.py:2385 
DEBUG    torch.__trace:meta_utils.py:298 
DEBUG    torch.__trace:meta_utils.py:537 
DEBUG    torch.__trace:meta_utils.py:2385 
DEBUG    torch.__trace:symbolic_shapes.py:5971 
DEBUG    torch.__trace:meta_utils.py:298 
DEBUG    torch.__trace:meta_utils.py:537 
DEBUG    torch.__trace:meta_utils.py:2385 
DEBUG    torch.__trace:meta_utils.py:298 
DEBUG    torch.__trace:meta_utils.py:537 
DEBUG    torch.__trace:meta_utils.py:2385 
DEBUG    torch.__trace:meta_utils.py:298 
DEBUG    torch.__trace:meta_utils.py:537 
DEBUG    torch.__trace:meta_utils.py:2385 
DEBUG    torch.__trace:meta_utils.py:298 
DEBUG    torch.__trace:meta_utils.py:537 
DEBUG    torch.__trace:meta_utils.py:2385 
DEBUG    torch.__trace:meta_utils.py:298 
DEBUG    torch.__trace:meta_utils.py:537 
DEBUG    torch.__trace:meta_utils.py:2385 
DEBUG    torch.__trace:meta_utils.py:298 
DEBUG    torch.__trace:meta_utils.py:537 
DEBUG    torch.__trace:meta_utils.py:2385 
DEBUG    torch.__trace:symbolic_shapes.py:5971 
DEBUG    torch.__trace:meta_utils.py:298 
DEBUG    torch.__trace:meta_utils.py:537 
DEBUG    torch.__trace:meta_utils.py:2385 
DEBUG    torch.__trace:symbolic_shapes.py:5971 
DEBUG    torch.__trace:symbolic_shapes.py:8465 
DEBUG    torch.__trace:meta_utils.py:298 
DEBUG    torch.__trace:meta_utils.py:537 
DEBUG    torch.__trace:meta_utils.py:2385 
DEBUG    torch.__trace:meta_utils.py:298 
DEBUG    torch.__trace:meta_utils.py:537 
DEBUG    torch.__trace:meta_utils.py:2385 
DEBUG    torch.__trace:meta_utils.py:298 
DEBUG    torch.__trace:meta_utils.py:537 
DEBUG    torch.__trace:meta_utils.py:2385 
DEBUG    torch.__trace:meta_utils.py:298 
DEBUG    torch.__trace:meta_utils.py:537 
DEBUG    torch.__trace:meta_utils.py:2385 
DEBUG    torch.__trace:meta_utils.py:298 
DEBUG    torch.__trace:meta_utils.py:537 
DEBUG    torch.__trace:meta_utils.py:2385 
DEBUG    torch.__trace:meta_utils.py:298 
DEBUG    torch.__trace:meta_utils.py:537 
DEBUG    torch.__trace:meta_utils.py:2385 
DEBUG    torch.__trace:symbolic_shapes.py:5521 
DEBUG    torch.__trace:symbolic_shapes.py:8465 
DEBUG    torch.__trace:symbolic_shapes.py:8465 
DEBUG    torch.__trace:meta_utils.py:298 
DEBUG    torch.__trace:meta_utils.py:537 
DEBUG    torch.__trace:meta_utils.py:2385 
DEBUG    torch.__trace:meta_utils.py:298 
DEBUG    torch.__trace:meta_utils.py:537 
DEBUG    torch.__trace:meta_utils.py:2385 
DEBUG    torch.__trace:meta_utils.py:298 
DEBUG    torch.__trace:meta_utils.py:537 
DEBUG    torch.__trace:meta_utils.py:2385 
DEBUG    torch.__trace:symbolic_shapes.py:5521 
DEBUG    torch.__trace:symbolic_shapes.py:8465 
DEBUG    torch.__trace:symbolic_shapes.py:8465 
DEBUG    torch.__trace:meta_utils.py:298 
DEBUG    torch.__trace:meta_utils.py:537 
DEBUG    torch.__trace:meta_utils.py:2385 
DEBUG    torch.__trace:utils.py:2363 
DEBUG    torch.__trace:utils.py:2363 
DEBUG    torch.__trace:utils.py:2363 
DEBUG    torch.__trace:output_graph.py:2942 
DEBUG    torch.__trace:utils.py:2363 
DEBUG    torch.__trace:utils.py:2363 
DEBUG    torch.__trace:utils.py:2363 
DEBUG    torch.__trace:symbolic_shapes.py:5521 
DEBUG    torch.__trace:symbolic_shapes.py:8465 
DEBUG    torch.__trace:symbolic_shapes.py:8465 
DEBUG    torch.__trace:symbolic_shapes.py:5521 
DEBUG    torch.__trace:symbolic_shapes.py:8465 
DEBUG    torch.__trace:symbolic_shapes.py:8465 
DEBUG    torch.__trace:utils.py:2363 
DEBUG    torch.__trace:utils.py:2363 
DEBUG    torch.__trace:symbolic_shapes.py:5521 
DEBUG    torch.__trace:symbolic_shapes.py:8465 
DEBUG    torch.__trace:symbolic_shapes.py:8465 
DEBUG    torch.__trace:symbolic_shapes.py:5521 
DEBUG    torch.__trace:symbolic_shapes.py:8465 
DEBUG    torch.__trace:symbolic_shapes.py:8465 
DEBUG    torch.__trace:symbolic_shapes.py:5521 
DEBUG    torch.__trace:symbolic_shapes.py:5521 
DEBUG    torch.__trace:symbolic_shapes.py:5521 
DEBUG    torch.__trace:symbolic_shapes.py:5521 
DEBUG    torch.__trace:symbolic_shapes.py:5521 
DEBUG    torch.__trace:symbolic_shapes.py:5521 
DEBUG    torch.__trace:symbolic_shapes.py:5521 
DEBUG    torch.__trace:symbolic_shapes.py:5521 
DEBUG    torch.__trace:symbolic_shapes.py:5521 
DEBUG    torch.__trace:symbolic_shapes.py:5521 
DEBUG    torch.__trace:symbolic_shapes.py:5521 
DEBUG    torch.__trace:symbolic_shapes.py:5521 
DEBUG    torch.__trace:symbolic_shapes.py:5521 
DEBUG    torch.__trace:symbolic_shapes.py:5521 
DEBUG    torch.__trace:symbolic_shapes.py:5521 
DEBUG    torch.__trace:symbolic_shapes.py:5521 
DEBUG    torch.__trace:symbolic_shapes.py:5521 
DEBUG    torch.__trace:symbolic_shapes.py:5521 
DEBUG    torch.__trace:symbolic_shapes.py:5521 
DEBUG    torch.__trace:symbolic_shapes.py:5521 
DEBUG    torch.__trace:symbolic_shapes.py:5521 
DEBUG    torch.__trace:symbolic_shapes.py:5521 
DEBUG    torch.__trace:symbolic_shapes.py:5521 
DEBUG    torch.__trace:symbolic_shapes.py:5521 
DEBUG    torch.__trace:symbolic_shapes.py:5521 
DEBUG    torch.__trace:symbolic_shapes.py:5521 
DEBUG    torch.__trace:symbolic_shapes.py:5521 
DEBUG    torch.__trace:symbolic_shapes.py:5521 
DEBUG    torch.__trace:symbolic_shapes.py:5521 
DEBUG    torch.__trace:symbolic_shapes.py:5521 
DEBUG    torch.__trace:symbolic_shapes.py:5521 
DEBUG    torch.__trace:symbolic_shapes.py:5521 
DEBUG    torch.__trace:symbolic_shapes.py:5521 
DEBUG    torch.__trace:symbolic_shapes.py:5521 
DEBUG    torch.__trace:symbolic_shapes.py:5521 
DEBUG    torch.__trace:symbolic_shapes.py:5521 
DEBUG    torch.__trace:symbolic_shapes.py:5521 
DEBUG    torch.__trace:symbolic_shapes.py:5521 
DEBUG    torch.__trace:symbolic_shapes.py:5521 
DEBUG    torch.__trace:symbolic_shapes.py:5521 
DEBUG    torch.__trace:symbolic_shapes.py:5521 
DEBUG    torch.__trace:symbolic_shapes.py:5521 
DEBUG    torch.__trace:symbolic_shapes.py:5521 
DEBUG    torch.__trace:symbolic_shapes.py:5521 
DEBUG    torch.__trace:symbolic_shapes.py:5521 
DEBUG    torch.__trace:symbolic_shapes.py:5521 
DEBUG    torch.__trace:symbolic_shapes.py:5521 
DEBUG    torch.__trace:symbolic_shapes.py:5521 
DEBUG    torch.__trace:symbolic_shapes.py:5521 
DEBUG    torch.__trace:symbolic_shapes.py:5521 
DEBUG    torch.__trace:symbolic_shapes.py:5521 
DEBUG    torch.__trace:symbolic_shapes.py:5521 
DEBUG    torch.__trace:symbolic_shapes.py:5521 
DEBUG    torch.__trace:symbolic_shapes.py:5521 
DEBUG    torch.__trace:symbolic_shapes.py:5521 
DEBUG    torch.__trace:symbolic_shapes.py:5521 
DEBUG    torch.__trace:utils.py:2363 
DEBUG    torch.__trace:graph_compile.py:1820 
DEBUG    torch.__trace:graph_compile.py:1841 
DEBUG    torch.__trace:graph_compile.py:1891 
DEBUG    torch.__trace:graph_compile.py:1909 
DEBUG    torch.__trace:graph_compile.py:1913 
DEBUG    torch.__trace:codegen.py:200 
DEBUG    torch.__trace:codegen.py:200 
DEBUG    torch.__trace:codegen.py:200 
DEBUG    torch.__trace:codegen.py:200 
DEBUG    torch.__trace:codegen.py:200 
DEBUG    torch.__trace:codegen.py:200 
DEBUG    torch.__trace:utils.py:2363 
DEBUG    torch.__trace:utils.py:2363 
DEBUG    torch.__trace:utils.py:2363 
DEBUG    torch.__trace:utils.py:2363 
DEBUG    torch.__trace:guards.py:4769 
DEBUG    torch.__trace:utils.py:2363 
DEBUG    torch.__trace:utils.py:2363 
DEBUG    torch.__trace:utils.py:2363 
DEBUG    torch.__trace:utils.py:2363 
DEBUG    torch.__trace:utils.py:2363 
DEBUG    torch.__trace:utils.py:2363 
DEBUG    torch.__trace:utils.py:2022 
DEBUG    torch.__trace:utils.py:2363 
DEBUG    torch.__trace:utils.py:2363 
DEBUG    torch.__trace:utils.py:2363 
DEBUG    torch.__trace:guards.py:5625 
DEBUG    torch.__trace:convert_frame.py:304 
DEBUG    torch.__trace:utils.py:2363 
DEBUG    torch.__trace:utils.py:2363 
DEBUG    torch.__trace:meta_utils.py:298 
DEBUG    torch.__trace:meta_utils.py:537 
DEBUG    torch.__trace:meta_utils.py:2385 
DEBUG    torch.__trace:meta_utils.py:298 
DEBUG    torch.__trace:meta_utils.py:537 
DEBUG    torch.__trace:meta_utils.py:2385 
DEBUG    torch.__trace:meta_utils.py:298 
DEBUG    torch.__trace:meta_utils.py:537 
DEBUG    torch.__trace:meta_utils.py:2385 
DEBUG    torch.__trace:meta_utils.py:298 
DEBUG    torch.__trace:meta_utils.py:537 
DEBUG    torch.__trace:meta_utils.py:2385 
DEBUG    torch.__trace:meta_utils.py:298 
DEBUG    torch.__trace:meta_utils.py:537 
DEBUG    torch.__trace:meta_utils.py:2385 
DEBUG    torch.__trace:meta_utils.py:298 
DEBUG    torch.__trace:meta_utils.py:537 
DEBUG    torch.__trace:meta_utils.py:2385 
DEBUG    torch.__trace:meta_utils.py:298 
DEBUG    torch.__trace:meta_utils.py:537 
DEBUG    torch.__trace:meta_utils.py:2385 
DEBUG    torch.__trace:meta_utils.py:298 
DEBUG    torch.__trace:meta_utils.py:537 
DEBUG    torch.__trace:meta_utils.py:2385 
DEBUG    torch.__trace:meta_utils.py:298 
DEBUG    torch.__trace:meta_utils.py:537 
DEBUG    torch.__trace:meta_utils.py:2385 
DEBUG    torch.__trace:symbolic_shapes.py:5971 
DEBUG    torch.__trace:meta_utils.py:298 
DEBUG    torch.__trace:meta_utils.py:537 
DEBUG    torch.__trace:meta_utils.py:2385 
DEBUG    torch.__trace:meta_utils.py:298 
DEBUG    torch.__trace:meta_utils.py:537 
DEBUG    torch.__trace:meta_utils.py:2385 
DEBUG    torch.__trace:meta_utils.py:298 
DEBUG    torch.__trace:meta_utils.py:537 
DEBUG    torch.__trace:meta_utils.py:2385 
DEBUG    torch.__trace:meta_utils.py:298 
DEBUG    torch.__trace:meta_utils.py:537 
DEBUG    torch.__trace:meta_utils.py:2385 
DEBUG    torch.__trace:meta_utils.py:298 
DEBUG    torch.__trace:meta_utils.py:537 
DEBUG    torch.__trace:meta_utils.py:2385 
DEBUG    torch.__trace:meta_utils.py:298 
DEBUG    torch.__trace:meta_utils.py:537 
DEBUG    torch.__trace:meta_utils.py:2385 
DEBUG    torch.__trace:symbolic_shapes.py:5971 
DEBUG    torch.__trace:meta_utils.py:298 
DEBUG    torch.__trace:meta_utils.py:537 
DEBUG    torch.__trace:meta_utils.py:2385 
DEBUG    torch.__trace:symbolic_shapes.py:5971 
DEBUG    torch.__trace:symbolic_shapes.py:8465 
DEBUG    torch.__trace:meta_utils.py:298 
DEBUG    torch.__trace:meta_utils.py:537 
DEBUG    torch.__trace:meta_utils.py:2385 
DEBUG    torch.__trace:meta_utils.py:298 
DEBUG    torch.__trace:meta_utils.py:537 
DEBUG    torch.__trace:meta_utils.py:2385 
DEBUG    torch.__trace:meta_utils.py:298 
DEBUG    torch.__trace:meta_utils.py:537 
DEBUG    torch.__trace:meta_utils.py:2385 
DEBUG    torch.__trace:meta_utils.py:298 
DEBUG    torch.__trace:meta_utils.py:537 
DEBUG    torch.__trace:meta_utils.py:2385 
DEBUG    torch.__trace:meta_utils.py:298 
DEBUG    torch.__trace:meta_utils.py:537 
DEBUG    torch.__trace:meta_utils.py:2385 
DEBUG    torch.__trace:meta_utils.py:298 
DEBUG    torch.__trace:meta_utils.py:537 
DEBUG    torch.__trace:meta_utils.py:2385 
DEBUG    torch.__trace:meta_utils.py:298 
DEBUG    torch.__trace:meta_utils.py:537 
DEBUG    torch.__trace:meta_utils.py:2385 
DEBUG    torch.__trace:meta_utils.py:298 
DEBUG    torch.__trace:meta_utils.py:537 
DEBUG    torch.__trace:meta_utils.py:2385 
DEBUG    torch.__trace:utils.py:2363 
DEBUG    torch.__trace:utils.py:2363 
DEBUG    torch.__trace:utils.py:2363 
DEBUG    torch.__trace:output_graph.py:2942 
DEBUG    torch.__trace:utils.py:2363 
DEBUG    torch.__trace:utils.py:2363 
DEBUG    torch.__trace:utils.py:2363 
DEBUG    torch.__trace:utils.py:2363 
DEBUG    torch.__trace:graph_capture.py:428 
DEBUG    torch.__trace:graph_capture.py:446 
DEBUG    torch.__trace:graph_compile.py:382 
DEBUG    torch.__trace:codegen.py:200 
DEBUG    torch.__trace:utils.py:2363 
DEBUG    torch.__trace:utils.py:2363 
DEBUG    torch.__trace:utils.py:2363 
DEBUG    torch.__trace:utils.py:2363 
DEBUG    torch.__trace:guards.py:4769 
DEBUG    torch.__trace:utils.py:2363 
DEBUG    torch.__trace:utils.py:2363 
DEBUG    torch.__trace:utils.py:2363 
DEBUG    torch.__trace:utils.py:2363 
DEBUG    torch.__trace:utils.py:2363 
DEBUG    torch.__trace:utils.py:2363 
DEBUG    torch.__trace:utils.py:2022 
DEBUG    torch.__trace:utils.py:2363 
DEBUG    torch.__trace:utils.py:2363 
DEBUG    torch.__trace:utils.py:2363 
DEBUG    torch.__trace:guards.py:5625 
DEBUG    torch.__trace:convert_frame.py:304 
DEBUG    torch.__trace:utils.py:2363 
DEBUG    torch.__trace:utils.py:2363 
DEBUG    torch.__trace:meta_utils.py:298 
DEBUG    torch.__trace:meta_utils.py:537 
DEBUG    torch.__trace:meta_utils.py:2385 
DEBUG    torch.__trace:meta_utils.py:298 
DEBUG    torch.__trace:meta_utils.py:537 
DEBUG    torch.__trace:meta_utils.py:2385 
DEBUG    torch.__trace:meta_utils.py:298 
DEBUG    torch.__trace:meta_utils.py:537 
DEBUG    torch.__trace:meta_utils.py:2385 
DEBUG    torch.__trace:meta_utils.py:298 
DEBUG    torch.__trace:meta_utils.py:537 
DEBUG    torch.__trace:meta_utils.py:2385 
DEBUG    torch.__trace:meta_utils.py:298 
DEBUG    torch.__trace:meta_utils.py:537 
DEBUG    torch.__trace:meta_utils.py:2385 
DEBUG    torch.__trace:meta_utils.py:298 
DEBUG    torch.__trace:meta_utils.py:537 
DEBUG    torch.__trace:meta_utils.py:2385 
DEBUG    torch.__trace:meta_utils.py:298 
DEBUG    torch.__trace:meta_utils.py:537 
DEBUG    torch.__trace:meta_utils.py:2385 
DEBUG    torch.__trace:meta_utils.py:298 
DEBUG    torch.__trace:meta_utils.py:537 
DEBUG    torch.__trace:meta_utils.py:2385 
DEBUG    torch.__trace:meta_utils.py:298 
DEBUG    torch.__trace:meta_utils.py:537 
DEBUG    torch.__trace:meta_utils.py:2385 
DEBUG    torch.__trace:symbolic_shapes.py:5971 
DEBUG    torch.__trace:meta_utils.py:298 
DEBUG    torch.__trace:meta_utils.py:537 
DEBUG    torch.__trace:meta_utils.py:2385 
DEBUG    torch.__trace:meta_utils.py:298 
DEBUG    torch.__trace:meta_utils.py:537 
DEBUG    torch.__trace:meta_utils.py:2385 
DEBUG    torch.__trace:meta_utils.py:298 
DEBUG    torch.__trace:meta_utils.py:537 
DEBUG    torch.__trace:meta_utils.py:2385 
DEBUG    torch.__trace:meta_utils.py:298 
DEBUG    torch.__trace:meta_utils.py:537 
DEBUG    torch.__trace:meta_utils.py:2385 
DEBUG    torch.__trace:meta_utils.py:298 
DEBUG    torch.__trace:meta_utils.py:537 
DEBUG    torch.__trace:meta_utils.py:2385 
DEBUG    torch.__trace:meta_utils.py:298 
DEBUG    torch.__trace:meta_utils.py:537 
DEBUG    torch.__trace:meta_utils.py:2385 
DEBUG    torch.__trace:symbolic_shapes.py:5971 
DEBUG    torch.__trace:meta_utils.py:298 
DEBUG    torch.__trace:meta_utils.py:537 
DEBUG    torch.__trace:meta_utils.py:2385 
DEBUG    torch.__trace:symbolic_shapes.py:5971 
DEBUG    torch.__trace:symbolic_shapes.py:8465 
DEBUG    torch.__trace:meta_utils.py:298 
DEBUG    torch.__trace:meta_utils.py:537 
DEBUG    torch.__trace:meta_utils.py:2385 
DEBUG    torch.__trace:meta_utils.py:298 
DEBUG    torch.__trace:meta_utils.py:537 
DEBUG    torch.__trace:meta_utils.py:2385 
DEBUG    torch.__trace:meta_utils.py:298 
DEBUG    torch.__trace:meta_utils.py:537 
DEBUG    torch.__trace:meta_utils.py:2385 
DEBUG    torch.__trace:meta_utils.py:298 
DEBUG    torch.__trace:meta_utils.py:537 
DEBUG    torch.__trace:meta_utils.py:2385 
DEBUG    torch.__trace:meta_utils.py:298 
DEBUG    torch.__trace:meta_utils.py:537 
DEBUG    torch.__trace:meta_utils.py:2385 
DEBUG    torch.__trace:meta_utils.py:298 
DEBUG    torch.__trace:meta_utils.py:537 
DEBUG    torch.__trace:meta_utils.py:2385 
DEBUG    torch.__trace:meta_utils.py:298 
DEBUG    torch.__trace:meta_utils.py:537 
DEBUG    torch.__trace:meta_utils.py:2385 
DEBUG    torch.__trace:meta_utils.py:298 
DEBUG    torch.__trace:meta_utils.py:537 
DEBUG    torch.__trace:meta_utils.py:2385 
DEBUG    torch.__trace:meta_utils.py:298 
DEBUG    torch.__trace:meta_utils.py:537 
DEBUG    torch.__trace:meta_utils.py:2385 
DEBUG    torch.__trace:utils.py:2363 
DEBUG    torch.__trace:utils.py:2363 
DEBUG    torch.__trace:utils.py:2363 
DEBUG    torch.__trace:output_graph.py:2942 
DEBUG    torch.__trace:utils.py:2363 
DEBUG    torch.__trace:utils.py:2363 
DEBUG    torch.__trace:utils.py:2363 
DEBUG    torch.__trace:utils.py:2363 
DEBUG    torch.__trace:graph_capture.py:428 
DEBUG    torch.__trace:graph_capture.py:446 
DEBUG    torch.__trace:graph_compile.py:382 
DEBUG    torch.__trace:codegen.py:200 
DEBUG    torch.__trace:utils.py:2363 
DEBUG    torch.__trace:utils.py:2363 
DEBUG    torch.__trace:utils.py:2363 
DEBUG    torch.__trace:utils.py:2363 
DEBUG    torch.__trace:guards.py:4769 
DEBUG    torch.__trace:utils.py:2363 
DEBUG    torch.__trace:utils.py:2363 
DEBUG    torch.__trace:utils.py:2363 
DEBUG    torch.__trace:utils.py:2363 
DEBUG    torch.__trace:utils.py:2363 
DEBUG    torch.__trace:utils.py:2363 
DEBUG    torch.__trace:utils.py:2022 
DEBUG    torch.__trace:utils.py:2363 
DEBUG    torch.__trace:utils.py:2363 
DEBUG    torch.__trace:utils.py:2363 
DEBUG    torch.__trace:convert_frame.py:304 
DEBUG    torch.__trace:utils.py:2363 
DEBUG    torch.__trace:utils.py:2363 
DEBUG    torch.__trace:meta_utils.py:298 
DEBUG    torch.__trace:meta_utils.py:537 
DEBUG    torch.__trace:meta_utils.py:2385 
DEBUG    torch.__trace:structured.py:28 
DEBUG    torch.__trace:symbolic_shapes.py:5971 
DEBUG    torch.__trace:meta_utils.py:298 
DEBUG    torch.__trace:meta_utils.py:537 
DEBUG    torch.__trace:meta_utils.py:2385 
DEBUG    torch.__trace:meta_utils.py:298 
DEBUG    torch.__trace:meta_utils.py:537 
DEBUG    torch.__trace:meta_utils.py:2385 
DEBUG    torch.__trace:meta_utils.py:298 
DEBUG    torch.__trace:meta_utils.py:537 
DEBUG    torch.__trace:meta_utils.py:2385 
DEBUG    torch.__trace:meta_utils.py:298 
DEBUG    torch.__trace:meta_utils.py:537 
DEBUG    torch.__trace:meta_utils.py:2385 
DEBUG    torch.__trace:meta_utils.py:298 
DEBUG    torch.__trace:meta_utils.py:537 
DEBUG    torch.__trace:meta_utils.py:2385 
DEBUG    torch.__trace:meta_utils.py:298 
DEBUG    torch.__trace:meta_utils.py:537 
DEBUG    torch.__trace:meta_utils.py:2385 
DEBUG    torch.__trace:symbolic_shapes.py:5971 
DEBUG    torch.__trace:meta_utils.py:298 
DEBUG    torch.__trace:meta_utils.py:537 
DEBUG    torch.__trace:meta_utils.py:2385 
DEBUG    torch.__trace:meta_utils.py:298 
DEBUG    torch.__trace:meta_utils.py:537 
DEBUG    torch.__trace:meta_utils.py:2385 
DEBUG    torch.__trace:meta_utils.py:298 
DEBUG    torch.__trace:meta_utils.py:537 
DEBUG    torch.__trace:meta_utils.py:2385 
DEBUG    torch.__trace:meta_utils.py:298 
DEBUG    torch.__trace:meta_utils.py:537 
DEBUG    torch.__trace:meta_utils.py:2385 
DEBUG    torch.__trace:meta_utils.py:298 
DEBUG    torch.__trace:meta_utils.py:537 
DEBUG    torch.__trace:meta_utils.py:2385 
DEBUG    torch.__trace:meta_utils.py:298 
DEBUG    torch.__trace:meta_utils.py:537 
DEBUG    torch.__trace:meta_utils.py:2385 
DEBUG    torch.__trace:meta_utils.py:298 
DEBUG    torch.__trace:meta_utils.py:537 
DEBUG    torch.__trace:meta_utils.py:2385 
DEBUG    torch.__trace:meta_utils.py:298 
DEBUG    torch.__trace:meta_utils.py:537 
DEBUG    torch.__trace:meta_utils.py:2385 
DEBUG    torch.__trace:meta_utils.py:298 
DEBUG    torch.__trace:meta_utils.py:537 
DEBUG    torch.__trace:meta_utils.py:2385 
DEBUG    torch.__trace:meta_utils.py:298 
DEBUG    torch.__trace:meta_utils.py:537 
DEBUG    torch.__trace:meta_utils.py:2385 
DEBUG    torch.__trace:meta_utils.py:298 
DEBUG    torch.__trace:meta_utils.py:537 
DEBUG    torch.__trace:meta_utils.py:2385 
DEBUG    torch.__trace:meta_utils.py:298 
DEBUG    torch.__trace:meta_utils.py:537 
DEBUG    torch.__trace:meta_utils.py:2385 
DEBUG    torch.__trace:meta_utils.py:298 
DEBUG    torch.__trace:meta_utils.py:537 
DEBUG    torch.__trace:meta_utils.py:2385 
DEBUG    torch.__trace:utils.py:2363 
DEBUG    torch.__trace:utils.py:2363 
DEBUG    torch.__trace:utils.py:2363 
DEBUG    torch.__trace:output_graph.py:2942 
DEBUG    torch.__trace:utils.py:2363 
DEBUG    torch.__trace:utils.py:2363 
DEBUG    torch.__trace:utils.py:2363 
DEBUG    torch.__trace:utils.py:2363 
DEBUG    torch.__trace:guards.py:4769 
DEBUG    torch.__trace:utils.py:2363 
DEBUG    torch.__trace:utils.py:2363 
DEBUG    torch.__trace:utils.py:2363 
DEBUG    torch.__trace:utils.py:2363 
DEBUG    torch.__trace:utils.py:2022 
DEBUG    torch.__trace:utils.py:2363 
DEBUG    torch.__trace:utils.py:2363 
DEBUG    torch.__trace:utils.py:2363 
DEBUG    torch.__trace:guards.py:5625 
DEBUG    torch.__trace:convert_frame.py:304 
DEBUG    torch.__trace:utils.py:2363 
DEBUG    torch.__trace:utils.py:2363 
DEBUG    torch.__trace:meta_utils.py:298 
DEBUG    torch.__trace:meta_utils.py:537 
DEBUG    torch.__trace:meta_utils.py:2385 
DEBUG    torch.__trace:symbolic_shapes.py:5971 
DEBUG    torch.__trace:utils.py:2402 
DEBUG    torch.__trace:utils.py:2402 
DEBUG    torch.__trace:meta_utils.py:298 
DEBUG    torch.__trace:meta_utils.py:537 
DEBUG    torch.__trace:meta_utils.py:2385 
DEBUG    torch.__trace:symbolic_shapes.py:5971 
DEBUG    torch.__trace:symbolic_shapes.py:5971 
DEBUG    torch.__trace:symbolic_shapes.py:5971 
DEBUG    torch.__trace:utils.py:2402 
DEBUG    torch.__trace:utils.py:2402 
DEBUG    torch.__trace:meta_utils.py:298 
DEBUG    torch.__trace:meta_utils.py:537 
DEBUG    torch.__trace:meta_utils.py:2385 
DEBUG    torch.__trace:symbolic_shapes.py:5971 
DEBUG    torch.__trace:utils.py:2402 
DEBUG    torch.__trace:meta_utils.py:298 
DEBUG    torch.__trace:meta_utils.py:537 
DEBUG    torch.__trace:meta_utils.py:2385 
DEBUG    torch.__trace:utils.py:2402 
DEBUG    torch.__trace:structured.py:28 
DEBUG    torch.__trace:symbolic_shapes.py:5971 
DEBUG    torch.__trace:symbolic_shapes.py:8465 
DEBUG    torch.__trace:symbolic_shapes.py:8056 
DEBUG    torch.__trace:utils.py:2402 
DEBUG    torch.__trace:symbolic_shapes.py:5971 
DEBUG    torch.__trace:symbolic_shapes.py:8465 
DEBUG    torch.__trace:utils.py:2402 
DEBUG    torch.__trace:structured.py:28 
DEBUG    torch.__trace:structured.py:28 
DEBUG    torch.__trace:structured.py:28 
DEBUG    torch.__trace:symbolic_shapes.py:5971 
DEBUG    torch.__trace:symbolic_shapes.py:8465 
DEBUG    torch.__trace:symbolic_shapes.py:8056 
DEBUG    torch.__trace:utils.py:2402 
DEBUG    torch.__trace:symbolic_shapes.py:5971 
DEBUG    torch.__trace:symbolic_shapes.py:8465 
DEBUG    torch.__trace:meta_utils.py:298 
DEBUG    torch.__trace:meta_utils.py:537 
DEBUG    torch.__trace:meta_utils.py:2385 
DEBUG    torch.__trace:symbolic_shapes.py:5971 
DEBUG    torch.__trace:utils.py:2402 
DEBUG    torch.__trace:symbolic_shapes.py:5971 
DEBUG    torch.__trace:symbolic_shapes.py:8465 
DEBUG    torch.__trace:symbolic_shapes.py:8056 
DEBUG    torch.__trace:utils.py:2402 
DEBUG    torch.__trace:symbolic_shapes.py:5971 
DEBUG    torch.__trace:symbolic_shapes.py:8465 
DEBUG    torch.__trace:utils.py:2402 
DEBUG    torch.__trace:symbolic_shapes.py:5971 
DEBUG    torch.__trace:symbolic_shapes.py:8465 
DEBUG    torch.__trace:symbolic_shapes.py:8056 
DEBUG    torch.__trace:utils.py:2402 
DEBUG    torch.__trace:symbolic_shapes.py:5971 
DEBUG    torch.__trace:symbolic_shapes.py:8465 
DEBUG    torch.__trace:utils.py:2402 
DEBUG    torch.__trace:utils.py:2402 
DEBUG    torch.__trace:meta_utils.py:298 
DEBUG    torch.__trace:meta_utils.py:537 
DEBUG    torch.__trace:meta_utils.py:2385 
DEBUG    torch.__trace:symbolic_shapes.py:5971 
DEBUG    torch.__trace:symbolic_shapes.py:5971 
DEBUG    torch.__trace:utils.py:2402 
DEBUG    torch.__trace:meta_utils.py:298 
DEBUG    torch.__trace:meta_utils.py:537 
DEBUG    torch.__trace:meta_utils.py:2385 
DEBUG    torch.__trace:symbolic_shapes.py:5971 
DEBUG    torch.__trace:symbolic_shapes.py:5971 
DEBUG    torch.__trace:structured.py:28 
DEBUG    torch.__trace:structured.py:28 
DEBUG    torch.__trace:symbolic_shapes.py:8465 
DEBUG    torch.__trace:symbolic_shapes.py:8465 
DEBUG    torch.__trace:utils.py:2402 
DEBUG    torch.__trace:meta_utils.py:298 
DEBUG    torch.__trace:meta_utils.py:537 
DEBUG    torch.__trace:meta_utils.py:537 
DEBUG    torch.__trace:meta_utils.py:2385 
DEBUG    torch.__trace:symbolic_shapes.py:5971 
DEBUG    torch.__trace:symbolic_shapes.py:8465 
DEBUG    torch.__trace:symbolic_shapes.py:8465 
DEBUG    torch.__trace:utils.py:2402 
DEBUG    torch.__trace:utils.py:2402 
DEBUG    torch.__trace:meta_utils.py:298 
DEBUG    torch.__trace:meta_utils.py:537 
DEBUG    torch.__trace:meta_utils.py:2385 
DEBUG    torch.__trace:symbolic_shapes.py:5971 
DEBUG    torch.__trace:symbolic_shapes.py:8465 
DEBUG    torch.__trace:utils.py:2402 
DEBUG    torch.__trace:meta_utils.py:298 
DEBUG    torch.__trace:meta_utils.py:537 
DEBUG    torch.__trace:meta_utils.py:2385 
DEBUG    torch.__trace:symbolic_shapes.py:5971 
DEBUG    torch.__trace:symbolic_shapes.py:5971 
DEBUG    torch.__trace:utils.py:2402 
DEBUG    torch.__trace:structured.py:28 
DEBUG    torch.__trace:symbolic_shapes.py:5971 
DEBUG    torch.__trace:symbolic_shapes.py:8465 
DEBUG    torch.__trace:symbolic_shapes.py:8465 
DEBUG    torch.__trace:structured.py:28 
DEBUG    torch.__trace:symbolic_shapes.py:8465 
DEBUG    torch.__trace:symbolic_shapes.py:8465 
DEBUG    torch.__trace:symbolic_shapes.py:8465 
DEBUG    torch.__trace:symbolic_shapes.py:8465 
DEBUG    torch.__trace:symbolic_shapes.py:8465 
DEBUG    torch.__trace:symbolic_shapes.py:8465 
DEBUG    torch.__trace:symbolic_shapes.py:8465 
DEBUG    torch.__trace:symbolic_shapes.py:8465 
DEBUG    torch.__trace:symbolic_shapes.py:8465 
DEBUG    torch.__trace:symbolic_shapes.py:8465 
DEBUG    torch.__trace:structured.py:28 
DEBUG    torch.__trace:symbolic_shapes.py:8465 
DEBUG    torch.__trace:symbolic_shapes.py:8465 
DEBUG    torch.__trace:symbolic_shapes.py:8465 
DEBUG    torch.__trace:symbolic_shapes.py:8465 
DEBUG    torch.__trace:meta_utils.py:298 
DEBUG    torch.__trace:meta_utils.py:537 
DEBUG    torch.__trace:meta_utils.py:2385 
DEBUG    torch.__trace:symbolic_shapes.py:8465 
DEBUG    torch.__trace:symbolic_shapes.py:8056 
DEBUG    torch.__trace:symbolic_shapes.py:8056 
DEBUG    torch.__trace:utils.py:2402 
DEBUG    torch.__trace:utils.py:2402 
DEBUG    torch.__trace:meta_utils.py:298 
DEBUG    torch.__trace:meta_utils.py:537 
DEBUG    torch.__trace:meta_utils.py:2385 
DEBUG    torch.__trace:symbolic_shapes.py:5971 
DEBUG    torch.__trace:symbolic_shapes.py:5971 
DEBUG    torch.__trace:symbolic_shapes.py:5971 
DEBUG    torch.__trace:symbolic_shapes.py:8465 
DEBUG    torch.__trace:symbolic_shapes.py:8056 
DEBUG    torch.__trace:symbolic_shapes.py:8465 
DEBUG    torch.__trace:symbolic_shapes.py:8465 
DEBUG    torch.__trace:symbolic_shapes.py:8056 
DEBUG    torch.__trace:utils.py:2402 
DEBUG    torch.__trace:utils.py:2402 
DEBUG    torch.__trace:meta_utils.py:298 
DEBUG    torch.__trace:meta_utils.py:537 
DEBUG    torch.__trace:meta_utils.py:2385 
DEBUG    torch.__trace:symbolic_shapes.py:5971 
DEBUG    torch.__trace:symbolic_shapes.py:8465 
DEBUG    torch.__trace:symbolic_shapes.py:8056 
DEBUG    torch.__trace:utils.py:2402 
DEBUG    torch.__trace:utils.py:2402 
DEBUG    torch.__trace:symbolic_shapes.py:5971 
DEBUG    torch.__trace:utils.py:2402 
DEBUG    torch.__trace:utils.py:2402 
DEBUG    torch.__trace:symbolic_shapes.py:5971 
DEBUG    torch.__trace:meta_utils.py:298 
DEBUG    torch.__trace:meta_utils.py:537 
DEBUG    torch.__trace:meta_utils.py:2385 
DEBUG    torch.__trace:utils.py:2402 
DEBUG    torch.__trace:symbolic_shapes.py:5971 
DEBUG    torch.__trace:symbolic_shapes.py:8465 
DEBUG    torch.__trace:symbolic_shapes.py:8465 
DEBUG    torch.__trace:symbolic_shapes.py:8465 
DEBUG    torch.__trace:symbolic_shapes.py:8465 
DEBUG    torch.__trace:symbolic_shapes.py:8465 
DEBUG    torch.__trace:symbolic_shapes.py:8465 
DEBUG    torch.__trace:symbolic_shapes.py:8465 
DEBUG    torch.__trace:symbolic_shapes.py:8465 
DEBUG    torch.__trace:symbolic_shapes.py:8465 
DEBUG    torch.__trace:symbolic_shapes.py:8056 
DEBUG    torch.__trace:meta_utils.py:298 
DEBUG    torch.__trace:meta_utils.py:537 
DEBUG    torch.__trace:meta_utils.py:2385 
DEBUG    torch.__trace:symbolic_shapes.py:8465 
DEBUG    torch.__trace:meta_utils.py:298 
DEBUG    torch.__trace:meta_utils.py:537 
DEBUG    torch.__trace:meta_utils.py:2385 
DEBUG    torch.__trace:meta_utils.py:298 
DEBUG    torch.__trace:meta_utils.py:537 
DEBUG    torch.__trace:meta_utils.py:2385 
DEBUG    torch.__trace:meta_utils.py:298 
DEBUG    torch.__trace:meta_utils.py:537 
DEBUG    torch.__trace:meta_utils.py:2385 
DEBUG    torch.__trace:meta_utils.py:298 
DEBUG    torch.__trace:meta_utils.py:537 
DEBUG    torch.__trace:meta_utils.py:2385 
DEBUG    torch.__trace:meta_utils.py:298 
DEBUG    torch.__trace:meta_utils.py:537 
DEBUG    torch.__trace:meta_utils.py:2385 
DEBUG    torch.__trace:meta_utils.py:298 
DEBUG    torch.__trace:meta_utils.py:537 
DEBUG    torch.__trace:meta_utils.py:2385 
DEBUG    torch.__trace:structured.py:28 
DEBUG    torch.__trace:structured.py:28 
DEBUG    torch.__trace:structured.py:28 
DEBUG    torch.__trace:symbolic_shapes.py:8465 
DEBUG    torch.__trace:symbolic_shapes.py:8056 
DEBUG    torch.__trace:meta_utils.py:298 
DEBUG    torch.__trace:meta_utils.py:537 
DEBUG    torch.__trace:meta_utils.py:2385 
DEBUG    torch.__trace:symbolic_shapes.py:8465 
DEBUG    torch.__trace:symbolic_shapes.py:8465 
DEBUG    torch.__trace:symbolic_shapes.py:8465 
DEBUG    torch.__trace:symbolic_shapes.py:8465 
DEBUG    torch.__trace:symbolic_shapes.py:8465 
DEBUG    torch.__trace:symbolic_shapes.py:8465 
DEBUG    torch.__trace:symbolic_shapes.py:8465 
DEBUG    torch.__trace:symbolic_shapes.py:8465 
DEBUG    torch.__trace:symbolic_shapes.py:8465 
DEBUG    torch.__trace:symbolic_shapes.py:8465 
DEBUG    torch.__trace:symbolic_shapes.py:8465 
DEBUG    torch.__trace:meta_utils.py:298 
DEBUG    torch.__trace:meta_utils.py:537 
DEBUG    torch.__trace:meta_utils.py:2385 
DEBUG    torch.__trace:meta_utils.py:298 
DEBUG    torch.__trace:meta_utils.py:537 
DEBUG    torch.__trace:meta_utils.py:2385 
DEBUG    torch.__trace:symbolic_shapes.py:8465 
DEBUG    torch.__trace:meta_utils.py:298 
DEBUG    torch.__trace:meta_utils.py:537 
DEBUG    torch.__trace:meta_utils.py:537 
DEBUG    torch.__trace:meta_utils.py:2385 
DEBUG    torch.__trace:symbolic_shapes.py:8465 
DEBUG    torch.__trace:symbolic_shapes.py:8056 
DEBUG    torch.__trace:symbolic_shapes.py:8465 
DEBUG    torch.__trace:symbolic_shapes.py:8465 
DEBUG    torch.__trace:symbolic_shapes.py:8056 
DEBUG    torch.__trace:symbolic_shapes.py:8465 
DEBUG    torch.__trace:symbolic_shapes.py:8056 
DEBUG    torch.__trace:structured.py:28 
DEBUG    torch.__trace:structured.py:28 
DEBUG    torch.__trace:symbolic_shapes.py:8056 
DEBUG    torch.__trace:symbolic_shapes.py:8465 
DEBUG    torch.__trace:symbolic_shapes.py:8056 
DEBUG    torch.__trace:symbolic_shapes.py:8465 
DEBUG    torch.__trace:symbolic_shapes.py:8465 
DEBUG    torch.__trace:utils.py:2363 
DEBUG    torch.__trace:utils.py:2363 
DEBUG    torch.__trace:utils.py:2363 
DEBUG    torch.__trace:output_graph.py:2942 
DEBUG    torch.__trace:utils.py:2363 
DEBUG    torch.__trace:utils.py:2363 
DEBUG    torch.__trace:utils.py:2363 
DEBUG    torch.__trace:utils.py:2363 
DEBUG    torch.__trace:guards.py:4769 
DEBUG    torch.__trace:utils.py:2363 
DEBUG    torch.__trace:utils.py:2363 
DEBUG    torch.__trace:utils.py:2363 
DEBUG    torch.__trace:utils.py:2363 
DEBUG    torch.__trace:utils.py:2363 
DEBUG    torch.__trace:utils.py:2363 
DEBUG    torch.__trace:utils.py:2022 
DEBUG    torch.__trace:utils.py:2363 
DEBUG    torch.__trace:utils.py:2363 
DEBUG    torch.__trace:utils.py:2363 
DEBUG    torch.__trace:guards.py:5625 
DEBUG    torch.__trace:convert_frame.py:304 
DEBUG    torch.__trace:utils.py:2363 
DEBUG    torch.__trace:utils.py:2363 
DEBUG    torch.__trace:meta_utils.py:298 
DEBUG    torch.__trace:meta_utils.py:537 
DEBUG    torch.__trace:meta_utils.py:2385 
DEBUG    torch.__trace:symbolic_shapes.py:5971 
DEBUG    torch.__trace:meta_utils.py:298 
DEBUG    torch.__trace:meta_utils.py:537 
DEBUG    torch.__trace:meta_utils.py:2385 
DEBUG    torch.__trace:symbolic_shapes.py:5971 
DEBUG    torch.__trace:symbolic_shapes.py:5971 
DEBUG    torch.__trace:symbolic_shapes.py:5971 
DEBUG    torch.__trace:meta_utils.py:298 
DEBUG    torch.__trace:meta_utils.py:537 
DEBUG    torch.__trace:meta_utils.py:2385 
DEBUG    torch.__trace:symbolic_shapes.py:5971 
DEBUG    torch.__trace:meta_utils.py:298 
DEBUG    torch.__trace:meta_utils.py:537 
DEBUG    torch.__trace:meta_utils.py:2385 
DEBUG    torch.__trace:utils.py:2402 
DEBUG    torch.__trace:meta_utils.py:298 
DEBUG    torch.__trace:meta_utils.py:537 
DEBUG    torch.__trace:meta_utils.py:2385 
DEBUG    torch.__trace:utils.py:2402 
DEBUG    torch.__trace:utils.py:2402 
DEBUG    torch.__trace:meta_utils.py:298 
DEBUG    torch.__trace:meta_utils.py:537 
DEBUG    torch.__trace:meta_utils.py:2385 
DEBUG    torch.__trace:symbolic_shapes.py:5971 
DEBUG    torch.__trace:meta_utils.py:298 
DEBUG    torch.__trace:meta_utils.py:537 
DEBUG    torch.__trace:meta_utils.py:2385 
DEBUG    torch.__trace:meta_utils.py:298 
DEBUG    torch.__trace:meta_utils.py:537 
DEBUG    torch.__trace:meta_utils.py:2385 
DEBUG    torch.__trace:symbolic_shapes.py:5971 
DEBUG    torch.__trace:symbolic_shapes.py:8465 
DEBUG    torch.__trace:symbolic_shapes.py:8056 
DEBUG    torch.__trace:symbolic_shapes.py:5971 
DEBUG    torch.__trace:symbolic_shapes.py:8465 
DEBUG    torch.__trace:symbolic_shapes.py:5971 
DEBUG    torch.__trace:symbolic_shapes.py:8465 
DEBUG    torch.__trace:symbolic_shapes.py:8056 
DEBUG    torch.__trace:symbolic_shapes.py:5971 
DEBUG    torch.__trace:symbolic_shapes.py:8465 
DEBUG    torch.__trace:meta_utils.py:298 
DEBUG    torch.__trace:meta_utils.py:537 
DEBUG    torch.__trace:meta_utils.py:2385 
DEBUG    torch.__trace:symbolic_shapes.py:5971 
DEBUG    torch.__trace:symbolic_shapes.py:5971 
DEBUG    torch.__trace:symbolic_shapes.py:8465 
DEBUG    torch.__trace:symbolic_shapes.py:8056 
DEBUG    torch.__trace:symbolic_shapes.py:5971 
DEBUG    torch.__trace:symbolic_shapes.py:8465 
DEBUG    torch.__trace:symbolic_shapes.py:5971 
DEBUG    torch.__trace:symbolic_shapes.py:8465 
DEBUG    torch.__trace:symbolic_shapes.py:8056 
DEBUG    torch.__trace:symbolic_shapes.py:5971 
DEBUG    torch.__trace:symbolic_shapes.py:8465 
DEBUG    torch.__trace:meta_utils.py:298 
DEBUG    torch.__trace:meta_utils.py:537 
DEBUG    torch.__trace:meta_utils.py:2385 
DEBUG    torch.__trace:meta_utils.py:298 
DEBUG    torch.__trace:meta_utils.py:537 
DEBUG    torch.__trace:meta_utils.py:2385 
DEBUG    torch.__trace:meta_utils.py:298 
DEBUG    torch.__trace:meta_utils.py:537 
DEBUG    torch.__trace:meta_utils.py:2385 
DEBUG    torch.__trace:symbolic_shapes.py:5971 
DEBUG    torch.__trace:symbolic_shapes.py:5971 
DEBUG    torch.__trace:symbolic_shapes.py:8465 
DEBUG    torch.__trace:utils.py:2402 
DEBUG    torch.__trace:meta_utils.py:298 
DEBUG    torch.__trace:meta_utils.py:537 
DEBUG    torch.__trace:meta_utils.py:2385 
DEBUG    torch.__trace:symbolic_shapes.py:5971 
DEBUG    torch.__trace:symbolic_shapes.py:5971 
DEBUG    torch.__trace:symbolic_shapes.py:8465 
DEBUG    torch.__trace:meta_utils.py:298 
DEBUG    torch.__trace:meta_utils.py:537 
DEBUG    torch.__trace:meta_utils.py:2385 
DEBUG    torch.__trace:symbolic_shapes.py:5971 
DEBUG    torch.__trace:symbolic_shapes.py:5971 
DEBUG    torch.__trace:symbolic_shapes.py:8465 
DEBUG    torch.__trace:symbolic_shapes.py:8465 
DEBUG    torch.__trace:symbolic_shapes.py:8465 
DEBUG    torch.__trace:symbolic_shapes.py:8465 
DEBUG    torch.__trace:symbolic_shapes.py:8465 
DEBUG    torch.__trace:symbolic_shapes.py:8465 
DEBUG    torch.__trace:symbolic_shapes.py:8465 
DEBUG    torch.__trace:symbolic_shapes.py:8465 
DEBUG    torch.__trace:symbolic_shapes.py:8465 
DEBUG    torch.__trace:symbolic_shapes.py:8465 
DEBUG    torch.__trace:symbolic_shapes.py:8465 
DEBUG    torch.__trace:symbolic_shapes.py:8465 
DEBUG    torch.__trace:symbolic_shapes.py:8465 
DEBUG    torch.__trace:symbolic_shapes.py:8465 
DEBUG    torch.__trace:symbolic_shapes.py:8465 
DEBUG    torch.__trace:symbolic_shapes.py:8465 
DEBUG    torch.__trace:symbolic_shapes.py:8465 
DEBUG    torch.__trace:symbolic_shapes.py:8465 
DEBUG    torch.__trace:symbolic_shapes.py:8465 
DEBUG    torch.__trace:symbolic_shapes.py:8465 
DEBUG    torch.__trace:symbolic_shapes.py:8465 
DEBUG    torch.__trace:symbolic_shapes.py:8465 
DEBUG    torch.__trace:symbolic_shapes.py:8465 
DEBUG    torch.__trace:meta_utils.py:298 
DEBUG    torch.__trace:meta_utils.py:537 
DEBUG    torch.__trace:meta_utils.py:2385 
DEBUG    torch.__trace:symbolic_shapes.py:8465 
DEBUG    torch.__trace:symbolic_shapes.py:8465 
DEBUG    torch.__trace:symbolic_shapes.py:8465 
DEBUG    torch.__trace:symbolic_shapes.py:8056 
DEBUG    torch.__trace:symbolic_shapes.py:8465 
DEBUG    torch.__trace:symbolic_shapes.py:8056 
DEBUG    torch.__trace:meta_utils.py:298 
DEBUG    torch.__trace:meta_utils.py:537 
DEBUG    torch.__trace:meta_utils.py:2385 
DEBUG    torch.__trace:meta_utils.py:298 
DEBUG    torch.__trace:meta_utils.py:537 
DEBUG    torch.__trace:meta_utils.py:2385 
DEBUG    torch.__trace:meta_utils.py:298 
DEBUG    torch.__trace:meta_utils.py:537 
DEBUG    torch.__trace:meta_utils.py:2385 
DEBUG    torch.__trace:meta_utils.py:298 
DEBUG    torch.__trace:meta_utils.py:537 
DEBUG    torch.__trace:meta_utils.py:2385 
DEBUG    torch.__trace:meta_utils.py:298 
DEBUG    torch.__trace:meta_utils.py:537 
DEBUG    torch.__trace:meta_utils.py:2385 
DEBUG    torch.__trace:meta_utils.py:298 
DEBUG    torch.__trace:meta_utils.py:537 
DEBUG    torch.__trace:meta_utils.py:2385 
DEBUG    torch.__trace:symbolic_shapes.py:5971 
DEBUG    torch.__trace:symbolic_shapes.py:5971 
DEBUG    torch.__trace:symbolic_shapes.py:8465 
DEBUG    torch.__trace:symbolic_shapes.py:8056 
DEBUG    torch.__trace:meta_utils.py:298 
DEBUG    torch.__trace:meta_utils.py:537 
DEBUG    torch.__trace:meta_utils.py:2385 
DEBUG    torch.__trace:symbolic_shapes.py:8465 
DEBUG    torch.__trace:symbolic_shapes.py:8056 
DEBUG    torch.__trace:symbolic_shapes.py:8465 
DEBUG    torch.__trace:symbolic_shapes.py:8056 
DEBUG    torch.__trace:meta_utils.py:298 
DEBUG    torch.__trace:meta_utils.py:537 
DEBUG    torch.__trace:meta_utils.py:2385 
DEBUG    torch.__trace:symbolic_shapes.py:8465 
DEBUG    torch.__trace:symbolic_shapes.py:8465 
DEBUG    torch.__trace:symbolic_shapes.py:8465 
DEBUG    torch.__trace:symbolic_shapes.py:8465 
DEBUG    torch.__trace:symbolic_shapes.py:8465 
DEBUG    torch.__trace:symbolic_shapes.py:8465 
DEBUG    torch.__trace:symbolic_shapes.py:8465 
DEBUG    torch.__trace:meta_utils.py:298 
DEBUG    torch.__trace:meta_utils.py:537 
DEBUG    torch.__trace:meta_utils.py:2385 
DEBUG    torch.__trace:meta_utils.py:298 
DEBUG    torch.__trace:meta_utils.py:537 
DEBUG    torch.__trace:meta_utils.py:2385 
DEBUG    torch.__trace:meta_utils.py:298 
DEBUG    torch.__trace:meta_utils.py:537 
DEBUG    torch.__trace:meta_utils.py:2385 
DEBUG    torch.__trace:meta_utils.py:298 
DEBUG    torch.__trace:meta_utils.py:537 
DEBUG    torch.__trace:meta_utils.py:2385 
DEBUG    torch.__trace:symbolic_shapes.py:5971 
DEBUG    torch.__trace:symbolic_shapes.py:5971 
DEBUG    torch.__trace:symbolic_shapes.py:5971 
DEBUG    torch.__trace:symbolic_shapes.py:8465 
DEBUG    torch.__trace:symbolic_shapes.py:8056 
DEBUG    torch.__trace:symbolic_shapes.py:8465 
DEBUG    torch.__trace:symbolic_shapes.py:8056 
DEBUG    torch.__trace:meta_utils.py:298 
DEBUG    torch.__trace:meta_utils.py:537 
DEBUG    torch.__trace:meta_utils.py:2385 
DEBUG    torch.__trace:symbolic_shapes.py:5971 
DEBUG    torch.__trace:symbolic_shapes.py:5971 
DEBUG    torch.__trace:symbolic_shapes.py:5971 
DEBUG    torch.__trace:utils.py:2402 
DEBUG    torch.__trace:utils.py:2402 
DEBUG    torch.__trace:meta_utils.py:298 
DEBUG    torch.__trace:meta_utils.py:537 
DEBUG    torch.__trace:meta_utils.py:2385 
DEBUG    torch.__trace:symbolic_shapes.py:5971 
DEBUG    torch.__trace:symbolic_shapes.py:5971 
DEBUG    torch.__trace:symbolic_shapes.py:5971 
DEBUG    torch.__trace:symbolic_shapes.py:8465 
DEBUG    torch.__trace:symbolic_shapes.py:8056 
DEBUG    torch.__trace:symbolic_shapes.py:8465 
DEBUG    torch.__trace:symbolic_shapes.py:8056 
DEBUG    torch.__trace:utils.py:2402 
DEBUG    torch.__trace:meta_utils.py:298 
DEBUG    torch.__trace:meta_utils.py:537 
DEBUG    torch.__trace:meta_utils.py:2385 
DEBUG    torch.__trace:symbolic_shapes.py:5971 
DEBUG    torch.__trace:symbolic_shapes.py:5971 
DEBUG    torch.__trace:symbolic_shapes.py:8465 
DEBUG    torch.__trace:symbolic_shapes.py:8465 
DEBUG    torch.__trace:symbolic_shapes.py:8465 
DEBUG    torch.__trace:meta_utils.py:298 
DEBUG    torch.__trace:meta_utils.py:537 
DEBUG    torch.__trace:meta_utils.py:2385 
DEBUG    torch.__trace:symbolic_shapes.py:5971 
DEBUG    torch.__trace:symbolic_shapes.py:8465 
DEBUG    torch.__trace:symbolic_shapes.py:8465 
DEBUG    torch.__trace:symbolic_shapes.py:8465 
DEBUG    torch.__trace:symbolic_shapes.py:8465 
DEBUG    torch.__trace:symbolic_shapes.py:8056 
DEBUG    torch.__trace:utils.py:2363 
DEBUG    torch.__trace:utils.py:2363 
DEBUG    torch.__trace:utils.py:2363 
DEBUG    torch.__trace:output_graph.py:2942 
DEBUG    torch.__trace:utils.py:2363 
DEBUG    torch.__trace:utils.py:2363 
DEBUG    torch.__trace:utils.py:2363 
DEBUG    torch.__trace:utils.py:2363 
DEBUG    torch.__trace:guards.py:4769 
DEBUG    torch.__trace:utils.py:2363 
DEBUG    torch.__trace:utils.py:2363 
DEBUG    torch.__trace:utils.py:2363 
DEBUG    torch.__trace:utils.py:2363 
DEBUG    torch.__trace:utils.py:2363 
DEBUG    torch.__trace:utils.py:2363 
DEBUG    torch.__trace:utils.py:2022 
DEBUG    torch.__trace:utils.py:2363
=============================== warnings summary ===============================
test/test_explicit_dimensions.py::TestXorGrammarReconstruction::test_piecewise_overall_at_least_50_pct
  /Users/arogers/github/WikiOracle/basicmodel/.venv/lib/python3.12/site-packages/torch/utils/_device.py:122: UserWarning: Sparse invariant checks are implicitly disabled. Memory errors (e.g. SEGFAULT) will occur when operating on a sparse tensor which violates the invariants, but checks incur performance overhead. To silence this warning, explicitly opt in or out. See `torch.sparse.check_sparse_tensor_invariants.__doc__` for guidance.  (Triggered internally at /Users/runner/work/pytorch/pytorch/aten/src/ATen/Context.cpp:855.)
    return func(*args, **kwargs)

-- Docs: https://docs.pytest.org/en/stable/how-to/capture-warnings.html
=========================== short test summary info ============================
FAILED test/test_explicit_dimensions.py::TestXorGrammarReconstruction::test_piecewise_overall_at_least_50_pct
1 failed, 1 warning in 303.25s (0:05:03)
