F                                                                        [100%]
=================================== FAILURES ===================================
_____ TestXorGrammarReconstruction.test_piecewise_overall_at_least_50_pct ______
test/test_explicit_dimensions.py:265: in test_piecewise_overall_at_least_50_pct
    self.assertEqual(perfect, 4,
E   AssertionError: 2 != 4 : XOR_grammar reconstruction: 2/4 word multisets recovered; [('hello world', 'world hello'), ('hello there', 'hello there'), ('loving world', 'world there'), ('loving there', 'world there')]
----------------------------- Captured stdout call -----------------------------
Device: cpu
Peer pipeline: static PS/WS stage bodies compiled separately; legacy compatibility scheduler remains outside fullgraph capture


==== BasicModel ====

Trial [1/1]
Baseline test pass skipped (--test not specified). Re-invoke train.py with --test to include baseline + post-epoch evaluation.
Epoch [1/400]
[AMP] off (fp32, MODEL_AMP unset or =off)
batch = 0 (warm-up, 100.00%)
Training throughput: 1 batches in 52.765s; word units 100.0% of 8 words (letters-only 100.0% of 8).
Train Loss: output=0.1691, reconstruction=0.0011
Epoch [2/400]
batch = 0 (Δ=0.258s, 100.00%)
Training throughput: 1 batches in 0.257s; word units 100.0% of 8 words (letters-only 100.0% of 8).
Train Loss: output=0.1595, reconstruction=0.7523
Epoch [3/400]
batch = 0 (Δ=0.257s, 100.00%)
Training throughput: 1 batches in 0.257s; word units 100.0% of 8 words (letters-only 100.0% of 8).
Train Loss: output=0.1471, reconstruction=1.6199
Epoch [4/400]
batch = 0 (Δ=0.997s, 100.00%)
Training throughput: 1 batches in 0.996s; word units 100.0% of 8 words (letters-only 100.0% of 8).
Train Loss: output=0.1316, reconstruction=1.5828
Epoch [5/400]
batch = 0 (Δ=0.254s, 100.00%)
Training throughput: 1 batches in 0.253s; word units 100.0% of 8 words (letters-only 100.0% of 8).
Train Loss: output=0.1404, reconstruction=0.8584
Epoch [6/400]
batch = 0 (Δ=0.252s, 100.00%)
Training throughput: 1 batches in 0.251s; word units 100.0% of 8 words (letters-only 100.0% of 8).
Train Loss: output=0.1144, reconstruction=1.4978
Epoch [7/400]
batch = 0 (Δ=0.249s, 100.00%)
Training throughput: 1 batches in 0.248s; word units 100.0% of 8 words (letters-only 100.0% of 8).
Train Loss: output=0.1615, reconstruction=0.8134
Epoch [8/400]
batch = 0 (Δ=0.255s, 100.00%)
Training throughput: 1 batches in 0.255s; word units 100.0% of 8 words (letters-only 100.0% of 8).
Train Loss: output=0.1248, reconstruction=1.4160
Epoch [9/400]
batch = 0 (Δ=0.255s, 100.00%)
Training throughput: 1 batches in 0.254s; word units 100.0% of 8 words (letters-only 100.0% of 8).
Train Loss: output=0.1372, reconstruction=1.3785
Epoch [10/400]
batch = 0 (Δ=0.257s, 100.00%)
Training throughput: 1 batches in 0.256s; word units 100.0% of 8 words (letters-only 100.0% of 8).
Train Loss: output=0.0856, reconstruction=1.3431
Epoch [11/400]
batch = 0 (Δ=0.260s, 100.00%)
Training throughput: 1 batches in 0.259s; word units 100.0% of 8 words (letters-only 100.0% of 8).
Train Loss: output=0.1407, reconstruction=1.3094
Epoch [12/400]
batch = 0 (Δ=0.255s, 100.00%)
Training throughput: 1 batches in 0.254s; word units 100.0% of 8 words (letters-only 100.0% of 8).
Train Loss: output=0.1483, reconstruction=0.6875
Epoch [13/400]
batch = 0 (Δ=0.252s, 100.00%)
Training throughput: 1 batches in 0.252s; word units 100.0% of 8 words (letters-only 100.0% of 8).
Train Loss: output=0.1310, reconstruction=1.2511
Epoch [14/400]
batch = 0 (Δ=0.255s, 100.00%)
Training throughput: 1 batches in 0.255s; word units 100.0% of 8 words (letters-only 100.0% of 8).
Train Loss: output=0.1169, reconstruction=1.2273
Epoch [15/400]
batch = 0 (Δ=0.251s, 100.00%)
Training throughput: 1 batches in 0.250s; word units 100.0% of 8 words (letters-only 100.0% of 8).
Train Loss: output=0.1281, reconstruction=0.6332
Epoch [16/400]
batch = 0 (Δ=0.255s, 100.00%)
Training throughput: 1 batches in 0.254s; word units 100.0% of 8 words (letters-only 100.0% of 8).
Train Loss: output=0.1389, reconstruction=1.1879
Epoch [17/400]
batch = 0 (Δ=0.251s, 100.00%)
Training throughput: 1 batches in 0.251s; word units 100.0% of 8 words (letters-only 100.0% of 8).
Train Loss: output=0.1018, reconstruction=1.1714
Epoch [18/400]
batch = 0 (Δ=0.257s, 100.00%)
Training throughput: 1 batches in 0.257s; word units 100.0% of 8 words (letters-only 100.0% of 8).
Train Loss: output=0.1146, reconstruction=0.6010
Epoch [19/400]
batch = 0 (Δ=0.254s, 100.00%)
Training throughput: 1 batches in 0.254s; word units 100.0% of 8 words (letters-only 100.0% of 8).
Train Loss: output=0.1341, reconstruction=1.1421
Epoch [20/400]
batch = 0 (Δ=0.254s, 100.00%)
Training throughput: 1 batches in 0.254s; word units 100.0% of 8 words (letters-only 100.0% of 8).
Train Loss: output=0.1138, reconstruction=0.5867
Epoch [21/400]
batch = 0 (Δ=0.251s, 100.00%)
Training throughput: 1 batches in 0.251s; word units 100.0% of 8 words (letters-only 100.0% of 8).
Train Loss: output=0.1139, reconstruction=0.5812
Epoch [22/400]
batch = 0 (Δ=0.255s, 100.00%)
Training throughput: 1 batches in 0.254s; word units 100.0% of 8 words (letters-only 100.0% of 8).
Train Loss: output=0.1276, reconstruction=1.1072
Epoch [23/400]
batch = 0 (Δ=0.252s, 100.00%)
Training throughput: 1 batches in 0.251s; word units 100.0% of 8 words (letters-only 100.0% of 8).
Train Loss: output=0.1032, reconstruction=1.0974
Epoch [24/400]
batch = 0 (Δ=0.250s, 100.00%)
Training throughput: 1 batches in 0.250s; word units 100.0% of 8 words (letters-only 100.0% of 8).
Train Loss: output=0.0987, reconstruction=1.0878
Epoch [25/400]
batch = 0 (Δ=0.253s, 100.00%)
Training throughput: 1 batches in 0.252s; word units 100.0% of 8 words (letters-only 100.0% of 8).
Train Loss: output=0.0877, reconstruction=0.5659
Epoch [26/400]
batch = 0 (Δ=0.254s, 100.00%)
Training throughput: 1 batches in 0.253s; word units 100.0% of 8 words (letters-only 100.0% of 8).
Train Loss: output=0.0881, reconstruction=1.0694
Epoch [27/400]
batch = 0 (Δ=0.252s, 100.00%)
Training throughput: 1 batches in 0.251s; word units 100.0% of 8 words (letters-only 100.0% of 8).
Train Loss: output=0.1190, reconstruction=1.0609
Epoch [28/400]
batch = 0 (Δ=0.255s, 100.00%)
Training throughput: 1 batches in 0.254s; word units 100.0% of 8 words (letters-only 100.0% of 8).
Train Loss: output=0.1120, reconstruction=0.5595
Epoch [29/400]
batch = 0 (Δ=0.254s, 100.00%)
Training throughput: 1 batches in 0.253s; word units 100.0% of 8 words (letters-only 100.0% of 8).
Train Loss: output=0.0845, reconstruction=0.5579
Epoch [30/400]
batch = 0 (Δ=0.253s, 100.00%)
Training throughput: 1 batches in 0.252s; word units 100.0% of 8 words (letters-only 100.0% of 8).
Train Loss: output=0.1214, reconstruction=1.0329
Epoch [31/400]
batch = 0 (Δ=0.254s, 100.00%)
Training throughput: 1 batches in 0.254s; word units 100.0% of 8 words (letters-only 100.0% of 8).
Train Loss: output=0.1363, reconstruction=1.0166
Epoch [32/400]
batch = 0 (Δ=0.255s, 100.00%)
Training throughput: 1 batches in 0.254s; word units 100.0% of 8 words (letters-only 100.0% of 8).
Train Loss: output=0.0936, reconstruction=1.0001
Epoch [33/400]
batch = 0 (Δ=0.252s, 100.00%)
Training throughput: 1 batches in 0.252s; word units 100.0% of 8 words (letters-only 100.0% of 8).
Train Loss: output=0.1251, reconstruction=0.5550
Epoch [34/400]
batch = 0 (Δ=0.252s, 100.00%)
Training throughput: 1 batches in 0.251s; word units 100.0% of 8 words (letters-only 100.0% of 8).
Train Loss: output=0.1379, reconstruction=0.5599
Epoch [35/400]
batch = 0 (Δ=0.257s, 100.00%)
Training throughput: 1 batches in 0.256s; word units 100.0% of 8 words (letters-only 100.0% of 8).
Train Loss: output=0.1505, reconstruction=0.9855
Epoch [36/400]
batch = 0 (Δ=0.255s, 100.00%)
Training throughput: 1 batches in 0.255s; word units 100.0% of 8 words (letters-only 100.0% of 8).
Train Loss: output=0.1366, reconstruction=0.9978
Epoch [37/400]
batch = 0 (Δ=0.253s, 100.00%)
Training throughput: 1 batches in 0.252s; word units 100.0% of 8 words (letters-only 100.0% of 8).
Train Loss: output=0.0870, reconstruction=1.0127
Epoch [38/400]
batch = 0 (Δ=0.251s, 100.00%)
Training throughput: 1 batches in 0.251s; word units 100.0% of 8 words (letters-only 100.0% of 8).
Train Loss: output=0.1019, reconstruction=0.6282
Epoch [39/400]
batch = 0 (Δ=0.260s, 100.00%)
Training throughput: 1 batches in 0.259s; word units 100.0% of 8 words (letters-only 100.0% of 8).
Train Loss: output=0.0755, reconstruction=0.6421
Epoch [40/400]
batch = 0 (Δ=0.254s, 100.00%)
Training throughput: 1 batches in 0.253s; word units 100.0% of 8 words (letters-only 100.0% of 8).
Train Loss: output=0.1392, reconstruction=1.0575
Epoch [41/400]
batch = 0 (Δ=0.251s, 100.00%)
Training throughput: 1 batches in 0.251s; word units 100.0% of 8 words (letters-only 100.0% of 8).
Train Loss: output=0.0966, reconstruction=1.0694
Epoch [42/400]
batch = 0 (Δ=0.249s, 100.00%)
Training throughput: 1 batches in 0.249s; word units 100.0% of 8 words (letters-only 100.0% of 8).
Train Loss: output=0.1505, reconstruction=1.0775
Epoch [43/400]
batch = 0 (Δ=0.256s, 100.00%)
Training throughput: 1 batches in 0.256s; word units 100.0% of 8 words (letters-only 100.0% of 8).
Train Loss: output=0.0920, reconstruction=1.0908
Epoch [44/400]
batch = 0 (Δ=0.255s, 100.00%)
Training throughput: 1 batches in 0.255s; word units 100.0% of 8 words (letters-only 100.0% of 8).
Train Loss: output=0.1418, reconstruction=1.1070
Epoch [45/400]
batch = 0 (Δ=0.249s, 100.00%)
Training throughput: 1 batches in 0.249s; word units 100.0% of 8 words (letters-only 100.0% of 8).
Train Loss: output=0.0888, reconstruction=0.0095
Epoch [46/400]
batch = 0 (Δ=0.251s, 100.00%)
Training throughput: 1 batches in 0.251s; word units 100.0% of 8 words (letters-only 100.0% of 8).
Train Loss: output=0.1065, reconstruction=1.1302
Epoch [47/400]
batch = 0 (Δ=0.249s, 100.00%)
Training throughput: 1 batches in 0.249s; word units 100.0% of 8 words (letters-only 100.0% of 8).
Train Loss: output=0.0856, reconstruction=0.4920
Epoch [48/400]
batch = 0 (Δ=0.252s, 100.00%)
Training throughput: 1 batches in 0.251s; word units 100.0% of 8 words (letters-only 100.0% of 8).
Train Loss: output=0.1315, reconstruction=1.1468
Epoch [49/400]
batch = 0 (Δ=0.253s, 100.00%)
Training throughput: 1 batches in 0.252s; word units 100.0% of 8 words (letters-only 100.0% of 8).
Train Loss: output=0.1247, reconstruction=1.1528
Epoch [50/400]
batch = 0 (Δ=0.251s, 100.00%)
Training throughput: 1 batches in 0.250s; word units 100.0% of 8 words (letters-only 100.0% of 8).
Train Loss: output=0.0959, reconstruction=0.6487
Epoch [51/400]
batch = 0 (Δ=0.252s, 100.00%)
Training throughput: 1 batches in 0.252s; word units 100.0% of 8 words (letters-only 100.0% of 8).
Train Loss: output=0.1127, reconstruction=1.1608
Epoch [52/400]
batch = 0 (Δ=0.256s, 100.00%)
Training throughput: 1 batches in 0.255s; word units 100.0% of 8 words (letters-only 100.0% of 8).
Train Loss: output=0.1242, reconstruction=1.1630
Epoch [53/400]
batch = 0 (Δ=0.250s, 100.00%)
Training throughput: 1 batches in 0.250s; word units 100.0% of 8 words (letters-only 100.0% of 8).
Train Loss: output=0.1396, reconstruction=1.1622
Epoch [54/400]
batch = 0 (Δ=0.253s, 100.00%)
Training throughput: 1 batches in 0.253s; word units 100.0% of 8 words (letters-only 100.0% of 8).
Train Loss: output=0.1024, reconstruction=1.1592
Epoch [55/400]
batch = 0 (Δ=0.256s, 100.00%)
Training throughput: 1 batches in 0.255s; word units 100.0% of 8 words (letters-only 100.0% of 8).
Train Loss: output=0.1080, reconstruction=0.5374
Epoch [56/400]
batch = 0 (Δ=0.254s, 100.00%)
Training throughput: 1 batches in 0.253s; word units 100.0% of 8 words (letters-only 100.0% of 8).
Train Loss: output=0.0994, reconstruction=1.1490
Epoch [57/400]
batch = 0 (Δ=0.255s, 100.00%)
Training throughput: 1 batches in 0.254s; word units 100.0% of 8 words (letters-only 100.0% of 8).
Train Loss: output=0.1130, reconstruction=1.1429
Epoch [58/400]
batch = 0 (Δ=0.252s, 100.00%)
Training throughput: 1 batches in 0.251s; word units 100.0% of 8 words (letters-only 100.0% of 8).
Train Loss: output=0.1037, reconstruction=1.1363
Epoch [59/400]
batch = 0 (Δ=0.250s, 100.00%)
Training throughput: 1 batches in 0.250s; word units 100.0% of 8 words (letters-only 100.0% of 8).
Train Loss: output=0.0799, reconstruction=0.5945
Epoch [60/400]
batch = 0 (Δ=0.252s, 100.00%)
Training throughput: 1 batches in 0.252s; word units 100.0% of 8 words (letters-only 100.0% of 8).
Train Loss: output=0.0776, reconstruction=0.5444
Epoch [61/400]
batch = 0 (Δ=0.254s, 100.00%)
Training throughput: 1 batches in 0.254s; word units 100.0% of 8 words (letters-only 100.0% of 8).
Train Loss: output=0.0960, reconstruction=0.5823
Epoch [62/400]
batch = 0 (Δ=0.253s, 100.00%)
Training throughput: 1 batches in 0.253s; word units 100.0% of 8 words (letters-only 100.0% of 8).
Train Loss: output=0.1382, reconstruction=1.1134
Epoch [63/400]
batch = 0 (Δ=0.253s, 100.00%)
Training throughput: 1 batches in 0.252s; word units 100.0% of 8 words (letters-only 100.0% of 8).
Train Loss: output=0.1319, reconstruction=1.1087
Epoch [64/400]
batch = 0 (Δ=0.253s, 100.00%)
Training throughput: 1 batches in 0.252s; word units 100.0% of 8 words (letters-only 100.0% of 8).
Train Loss: output=0.1049, reconstruction=1.1039
Epoch [65/400]
batch = 0 (Δ=0.261s, 100.00%)
Training throughput: 1 batches in 0.261s; word units 100.0% of 8 words (letters-only 100.0% of 8).
Train Loss: output=0.1100, reconstruction=0.5425
Epoch [66/400]
batch = 0 (Δ=0.262s, 100.00%)
Training throughput: 1 batches in 0.262s; word units 100.0% of 8 words (letters-only 100.0% of 8).
Train Loss: output=0.1215, reconstruction=1.0949
Epoch [67/400]
batch = 0 (Δ=0.253s, 100.00%)
Training throughput: 1 batches in 0.252s; word units 100.0% of 8 words (letters-only 100.0% of 8).
Train Loss: output=0.1174, reconstruction=1.0908
Epoch [68/400]
batch = 0 (Δ=0.250s, 100.00%)
Training throughput: 1 batches in 0.250s; word units 100.0% of 8 words (letters-only 100.0% of 8).
Train Loss: output=0.0954, reconstruction=0.5384
Epoch [69/400]
batch = 0 (Δ=0.258s, 100.00%)
Training throughput: 1 batches in 0.257s; word units 100.0% of 8 words (letters-only 100.0% of 8).
Train Loss: output=0.1133, reconstruction=1.0832
Epoch [70/400]
batch = 0 (Δ=0.252s, 100.00%)
Training throughput: 1 batches in 0.251s; word units 100.0% of 8 words (letters-only 100.0% of 8).
Train Loss: output=0.1219, reconstruction=1.0797
Epoch [71/400]
batch = 0 (Δ=0.252s, 100.00%)
Training throughput: 1 batches in 0.252s; word units 100.0% of 8 words (letters-only 100.0% of 8).
Train Loss: output=0.1029, reconstruction=1.0763
Epoch [72/400]
batch = 0 (Δ=0.253s, 100.00%)
Training throughput: 1 batches in 0.253s; word units 100.0% of 8 words (letters-only 100.0% of 8).
Train Loss: output=0.0860, reconstruction=1.0730
Epoch [73/400]
batch = 0 (Δ=0.253s, 100.00%)
Training throughput: 1 batches in 0.253s; word units 100.0% of 8 words (letters-only 100.0% of 8).
Train Loss: output=0.0653, reconstruction=0.5479
Epoch [74/400]
batch = 0 (Δ=0.257s, 100.00%)
Training throughput: 1 batches in 0.257s; word units 100.0% of 8 words (letters-only 100.0% of 8).
Train Loss: output=0.0754, reconstruction=1.0661
Epoch [75/400]
batch = 0 (Δ=0.253s, 100.00%)
Training throughput: 1 batches in 0.253s; word units 100.0% of 8 words (letters-only 100.0% of 8).
Train Loss: output=0.0807, reconstruction=1.0629
Epoch [76/400]
batch = 0 (Δ=0.252s, 100.00%)
Training throughput: 1 batches in 0.252s; word units 100.0% of 8 words (letters-only 100.0% of 8).
Train Loss: output=0.0973, reconstruction=0.5422
Epoch [77/400]
batch = 0 (Δ=0.251s, 100.00%)
Training throughput: 1 batches in 0.251s; word units 100.0% of 8 words (letters-only 100.0% of 8).
Train Loss: output=0.1261, reconstruction=0.5259
Epoch [78/400]
batch = 0 (Δ=0.254s, 100.00%)
Training throughput: 1 batches in 0.254s; word units 100.0% of 8 words (letters-only 100.0% of 8).
Train Loss: output=0.1009, reconstruction=0.5252
Epoch [79/400]
batch = 0 (Δ=0.249s, 100.00%)
Training throughput: 1 batches in 0.248s; word units 100.0% of 8 words (letters-only 100.0% of 8).
Train Loss: output=0.0853, reconstruction=0.5246
Epoch [80/400]
batch = 0 (Δ=0.248s, 100.00%)
Training throughput: 1 batches in 0.248s; word units 100.0% of 8 words (letters-only 100.0% of 8).
Train Loss: output=0.1417, reconstruction=0.5349
Epoch [81/400]
batch = 0 (Δ=0.253s, 100.00%)
Training throughput: 1 batches in 0.253s; word units 100.0% of 8 words (letters-only 100.0% of 8).
Train Loss: output=0.1194, reconstruction=1.0475
Epoch [82/400]
batch = 0 (Δ=0.255s, 100.00%)
Training throughput: 1 batches in 0.254s; word units 100.0% of 8 words (letters-only 100.0% of 8).
Train Loss: output=0.0842, reconstruction=1.0455
Epoch [83/400]
batch = 0 (Δ=0.254s, 100.00%)
Training throughput: 1 batches in 0.253s; word units 100.0% of 8 words (letters-only 100.0% of 8).
Train Loss: output=0.1142, reconstruction=1.0434
Epoch [84/400]
batch = 0 (Δ=0.252s, 100.00%)
Training throughput: 1 batches in 0.252s; word units 100.0% of 8 words (letters-only 100.0% of 8).
Train Loss: output=0.1288, reconstruction=1.0411
Epoch [85/400]
batch = 0 (Δ=0.250s, 100.00%)
Training throughput: 1 batches in 0.250s; word units 100.0% of 8 words (letters-only 100.0% of 8).
Train Loss: output=0.1657, reconstruction=1.0388
Epoch [86/400]
batch = 0 (Δ=0.250s, 100.00%)
Training throughput: 1 batches in 0.250s; word units 100.0% of 8 words (letters-only 100.0% of 8).
Train Loss: output=0.0751, reconstruction=1.0363
Epoch [87/400]
batch = 0 (Δ=0.250s, 100.00%)
Training throughput: 1 batches in 0.249s; word units 100.0% of 8 words (letters-only 100.0% of 8).
Train Loss: output=0.1098, reconstruction=1.0338
Epoch [88/400]
batch = 0 (Δ=0.252s, 100.00%)
Training throughput: 1 batches in 0.251s; word units 100.0% of 8 words (letters-only 100.0% of 8).
Train Loss: output=0.0791, reconstruction=0.5204
Epoch [89/400]
batch = 0 (Δ=0.695s, 100.00%)
Training throughput: 1 batches in 0.695s; word units 100.0% of 8 words (letters-only 100.0% of 8).
Train Loss: output=0.1301, reconstruction=1.0294
Epoch [90/400]
batch = 0 (Δ=0.254s, 100.00%)
Training throughput: 1 batches in 0.254s; word units 100.0% of 8 words (letters-only 100.0% of 8).
Train Loss: output=0.1020, reconstruction=1.0273
Epoch [91/400]
batch = 0 (Δ=0.256s, 100.00%)
Training throughput: 1 batches in 0.256s; word units 100.0% of 8 words (letters-only 100.0% of 8).
Train Loss: output=0.1192, reconstruction=0.5150
Epoch [92/400]
batch = 0 (Δ=0.249s, 100.00%)
Training throughput: 1 batches in 0.249s; word units 100.0% of 8 words (letters-only 100.0% of 8).
Train Loss: output=0.0862, reconstruction=0.5130
Epoch [93/400]
batch = 0 (Δ=0.250s, 100.00%)
Training throughput: 1 batches in 0.249s; word units 100.0% of 8 words (letters-only 100.0% of 8).
Train Loss: output=0.0874, reconstruction=1.0210
Epoch [94/400]
batch = 0 (Δ=0.245s, 100.00%)
Training throughput: 1 batches in 0.244s; word units 100.0% of 8 words (letters-only 100.0% of 8).
Train Loss: output=0.0604, reconstruction=0.0102
Epoch [95/400]
batch = 0 (Δ=0.252s, 100.00%)
Training throughput: 1 batches in 0.252s; word units 100.0% of 8 words (letters-only 100.0% of 8).
Train Loss: output=0.1001, reconstruction=1.0171
Epoch [96/400]
batch = 0 (Δ=0.253s, 100.00%)
Training throughput: 1 batches in 0.252s; word units 100.0% of 8 words (letters-only 100.0% of 8).
Train Loss: output=0.0959, reconstruction=1.0152
Epoch [97/400]
batch = 0 (Δ=0.258s, 100.00%)
Training throughput: 1 batches in 0.258s; word units 100.0% of 8 words (letters-only 100.0% of 8).
Train Loss: output=0.0836, reconstruction=0.5196
Epoch [98/400]
batch = 0 (Δ=0.252s, 100.00%)
Training throughput: 1 batches in 0.251s; word units 100.0% of 8 words (letters-only 100.0% of 8).
Train Loss: output=0.1005, reconstruction=1.0115
Epoch [99/400]
batch = 0 (Δ=0.260s, 100.00%)
Training throughput: 1 batches in 0.259s; word units 100.0% of 8 words (letters-only 100.0% of 8).
Train Loss: output=0.0865, reconstruction=1.0098
Epoch [100/400]
batch = 0 (Δ=0.252s, 100.00%)
Training throughput: 1 batches in 0.251s; word units 100.0% of 8 words (letters-only 100.0% of 8).
Train Loss: output=0.0840, reconstruction=1.0080
Epoch [101/400]
batch = 0 (Δ=0.250s, 100.00%)
Training throughput: 1 batches in 0.250s; word units 100.0% of 8 words (letters-only 100.0% of 8).
Train Loss: output=0.0417, reconstruction=0.0105
Epoch [102/400]
batch = 0 (Δ=0.254s, 100.00%)
Training throughput: 1 batches in 0.253s; word units 100.0% of 8 words (letters-only 100.0% of 8).
Train Loss: output=0.1237, reconstruction=1.0040
Epoch [103/400]
batch = 0 (Δ=0.250s, 100.00%)
Training throughput: 1 batches in 0.249s; word units 100.0% of 8 words (letters-only 100.0% of 8).
Train Loss: output=0.1019, reconstruction=0.4944
Epoch [104/400]
batch = 0 (Δ=0.249s, 100.00%)
Training throughput: 1 batches in 0.249s; word units 100.0% of 8 words (letters-only 100.0% of 8).
Train Loss: output=0.0520, reconstruction=0.0106
Epoch [105/400]
batch = 0 (Δ=0.252s, 100.00%)
Training throughput: 1 batches in 0.252s; word units 100.0% of 8 words (letters-only 100.0% of 8).
Train Loss: output=0.1072, reconstruction=0.4910
Epoch [106/400]
batch = 0 (Δ=0.252s, 100.00%)
Training throughput: 1 batches in 0.252s; word units 100.0% of 8 words (letters-only 100.0% of 8).
Train Loss: output=0.0764, reconstruction=0.9973
Epoch [107/400]
batch = 0 (Δ=0.253s, 100.00%)
Training throughput: 1 batches in 0.252s; word units 100.0% of 8 words (letters-only 100.0% of 8).
Train Loss: output=0.0682, reconstruction=0.5189
Epoch [108/400]
batch = 0 (Δ=0.251s, 100.00%)
Training throughput: 1 batches in 0.250s; word units 100.0% of 8 words (letters-only 100.0% of 8).
Train Loss: output=0.0874, reconstruction=0.9940
Epoch [109/400]
batch = 0 (Δ=0.252s, 100.00%)
Training throughput: 1 batches in 0.251s; word units 100.0% of 8 words (letters-only 100.0% of 8).
Train Loss: output=0.0849, reconstruction=0.4838
Epoch [110/400]
batch = 0 (Δ=0.252s, 100.00%)
Training throughput: 1 batches in 0.251s; word units 100.0% of 8 words (letters-only 100.0% of 8).
Train Loss: output=0.1048, reconstruction=0.4817
Epoch [111/400]
batch = 0 (Δ=0.252s, 100.00%)
Training throughput: 1 batches in 0.252s; word units 100.0% of 8 words (letters-only 100.0% of 8).
Train Loss: output=0.1178, reconstruction=0.9885
Epoch [112/400]
batch = 0 (Δ=0.253s, 100.00%)
Training throughput: 1 batches in 0.252s; word units 100.0% of 8 words (letters-only 100.0% of 8).
Train Loss: output=0.0553, reconstruction=0.5200
Epoch [113/400]
batch = 0 (Δ=0.254s, 100.00%)
Training throughput: 1 batches in 0.253s; word units 100.0% of 8 words (letters-only 100.0% of 8).
Train Loss: output=0.1046, reconstruction=0.9850
Epoch [114/400]
batch = 0 (Δ=0.251s, 100.00%)
Training throughput: 1 batches in 0.251s; word units 100.0% of 8 words (letters-only 100.0% of 8).
Train Loss: output=0.0725, reconstruction=0.5206
Epoch [115/400]
batch = 0 (Δ=0.251s, 100.00%)
Training throughput: 1 batches in 0.250s; word units 100.0% of 8 words (letters-only 100.0% of 8).
Train Loss: output=0.0820, reconstruction=0.9819
Epoch [116/400]
batch = 0 (Δ=0.252s, 100.00%)
Training throughput: 1 batches in 0.251s; word units 100.0% of 8 words (letters-only 100.0% of 8).
Train Loss: output=0.1601, reconstruction=0.9803
Epoch [117/400]
batch = 0 (Δ=0.253s, 100.00%)
Training throughput: 1 batches in 0.252s; word units 100.0% of 8 words (letters-only 100.0% of 8).
Train Loss: output=0.0855, reconstruction=0.4686
Epoch [118/400]
batch = 0 (Δ=0.250s, 100.00%)
Training throughput: 1 batches in 0.250s; word units 100.0% of 8 words (letters-only 100.0% of 8).
Train Loss: output=0.1416, reconstruction=0.4668
Epoch [119/400]
batch = 0 (Δ=0.251s, 100.00%)
Training throughput: 1 batches in 0.251s; word units 100.0% of 8 words (letters-only 100.0% of 8).
Train Loss: output=0.1448, reconstruction=0.9753
Epoch [120/400]
batch = 0 (Δ=0.257s, 100.00%)
Training throughput: 1 batches in 0.257s; word units 100.0% of 8 words (letters-only 100.0% of 8).
Train Loss: output=0.1549, reconstruction=0.9735
Epoch [121/400]
batch = 0 (Δ=0.253s, 100.00%)
Training throughput: 1 batches in 0.253s; word units 100.0% of 8 words (letters-only 100.0% of 8).
Train Loss: output=0.1091, reconstruction=0.5220
Epoch [122/400]
batch = 0 (Δ=0.257s, 100.00%)
Training throughput: 1 batches in 0.256s; word units 100.0% of 8 words (letters-only 100.0% of 8).
Train Loss: output=0.1202, reconstruction=0.9703
Epoch [123/400]
batch = 0 (Δ=0.255s, 100.00%)
Training throughput: 1 batches in 0.255s; word units 100.0% of 8 words (letters-only 100.0% of 8).
Train Loss: output=0.1212, reconstruction=0.9689
Epoch [124/400]
batch = 0 (Δ=0.254s, 100.00%)
Training throughput: 1 batches in 0.253s; word units 100.0% of 8 words (letters-only 100.0% of 8).
Train Loss: output=0.1181, reconstruction=0.9676
Epoch [125/400]
batch = 0 (Δ=0.253s, 100.00%)
Training throughput: 1 batches in 0.252s; word units 100.0% of 8 words (letters-only 100.0% of 8).
Train Loss: output=0.1169, reconstruction=0.5235
Epoch [126/400]
batch = 0 (Δ=0.252s, 100.00%)
Training throughput: 1 batches in 0.251s; word units 100.0% of 8 words (letters-only 100.0% of 8).
Train Loss: output=0.1393, reconstruction=0.9649
Epoch [127/400]
batch = 0 (Δ=0.253s, 100.00%)
Training throughput: 1 batches in 0.252s; word units 100.0% of 8 words (letters-only 100.0% of 8).
Train Loss: output=0.0928, reconstruction=0.5244
Epoch [128/400]
batch = 0 (Δ=0.257s, 100.00%)
Training throughput: 1 batches in 0.257s; word units 100.0% of 8 words (letters-only 100.0% of 8).
Train Loss: output=0.1031, reconstruction=0.5247
Epoch [129/400]
batch = 0 (Δ=0.253s, 100.00%)
Training throughput: 1 batches in 0.252s; word units 100.0% of 8 words (letters-only 100.0% of 8).
Train Loss: output=0.1272, reconstruction=0.5249
Epoch [130/400]
batch = 0 (Δ=0.255s, 100.00%)
Training throughput: 1 batches in 0.254s; word units 100.0% of 8 words (letters-only 100.0% of 8).
Train Loss: output=0.1332, reconstruction=0.9597
Epoch [131/400]
batch = 0 (Δ=0.256s, 100.00%)
Training throughput: 1 batches in 0.255s; word units 100.0% of 8 words (letters-only 100.0% of 8).
Train Loss: output=0.1718, reconstruction=0.9585
Epoch [132/400]
batch = 0 (Δ=0.256s, 100.00%)
Training throughput: 1 batches in 0.256s; word units 100.0% of 8 words (letters-only 100.0% of 8).
Train Loss: output=0.1180, reconstruction=0.9573
Epoch [133/400]
batch = 0 (Δ=0.251s, 100.00%)
Training throughput: 1 batches in 0.251s; word units 100.0% of 8 words (letters-only 100.0% of 8).
Train Loss: output=0.1171, reconstruction=0.9559
Epoch [134/400]
batch = 0 (Δ=0.253s, 100.00%)
Training throughput: 1 batches in 0.252s; word units 100.0% of 8 words (letters-only 100.0% of 8).
Train Loss: output=0.0940, reconstruction=0.4390
Epoch [135/400]
batch = 0 (Δ=0.253s, 100.00%)
Training throughput: 1 batches in 0.252s; word units 100.0% of 8 words (letters-only 100.0% of 8).
Train Loss: output=0.1275, reconstruction=0.9533
Epoch [136/400]
batch = 0 (Δ=0.255s, 100.00%)
Training throughput: 1 batches in 0.254s; word units 100.0% of 8 words (letters-only 100.0% of 8).
Train Loss: output=0.0905, reconstruction=0.9521
Epoch [137/400]
batch = 0 (Δ=0.255s, 100.00%)
Training throughput: 1 batches in 0.254s; word units 100.0% of 8 words (letters-only 100.0% of 8).
Train Loss: output=0.0932, reconstruction=0.4335
Epoch [138/400]
batch = 0 (Δ=0.260s, 100.00%)
Training throughput: 1 batches in 0.259s; word units 100.0% of 8 words (letters-only 100.0% of 8).
Train Loss: output=0.0919, reconstruction=0.4317
Epoch [139/400]
batch = 0 (Δ=0.260s, 100.00%)
Training throughput: 1 batches in 0.260s; word units 100.0% of 8 words (letters-only 100.0% of 8).
Train Loss: output=0.1067, reconstruction=0.9483
Epoch [140/400]
batch = 0 (Δ=0.257s, 100.00%)
Training throughput: 1 batches in 0.256s; word units 100.0% of 8 words (letters-only 100.0% of 8).
Train Loss: output=0.1295, reconstruction=0.9471
Epoch [141/400]
batch = 0 (Δ=0.252s, 100.00%)
Training throughput: 1 batches in 0.252s; word units 100.0% of 8 words (letters-only 100.0% of 8).
Train Loss: output=0.1058, reconstruction=0.9458
Epoch [142/400]
batch = 0 (Δ=0.253s, 100.00%)
Training throughput: 1 batches in 0.252s; word units 100.0% of 8 words (letters-only 100.0% of 8).
Train Loss: output=0.0776, reconstruction=0.5320
Epoch [143/400]
batch = 0 (Δ=0.252s, 100.00%)
Training throughput: 1 batches in 0.252s; word units 100.0% of 8 words (letters-only 100.0% of 8).
Train Loss: output=0.1168, reconstruction=0.9426
Epoch [144/400]
batch = 0 (Δ=0.255s, 100.00%)
Training throughput: 1 batches in 0.254s; word units 100.0% of 8 words (letters-only 100.0% of 8).
Train Loss: output=0.1006, reconstruction=0.9411
Epoch [145/400]
batch = 0 (Δ=0.252s, 100.00%)
Training throughput: 1 batches in 0.252s; word units 100.0% of 8 words (letters-only 100.0% of 8).
Train Loss: output=0.0897, reconstruction=0.4184
Epoch [146/400]
batch = 0 (Δ=0.252s, 100.00%)
Training throughput: 1 batches in 0.252s; word units 100.0% of 8 words (letters-only 100.0% of 8).
Train Loss: output=0.1099, reconstruction=0.4163
Epoch [147/400]
batch = 0 (Δ=0.252s, 100.00%)
Training throughput: 1 batches in 0.252s; word units 100.0% of 8 words (letters-only 100.0% of 8).
Train Loss: output=0.0950, reconstruction=0.4142
Epoch [148/400]
batch = 0 (Δ=0.253s, 100.00%)
Training throughput: 1 batches in 0.253s; word units 100.0% of 8 words (letters-only 100.0% of 8).
Train Loss: output=0.1068, reconstruction=0.4121
Epoch [149/400]
batch = 0 (Δ=0.256s, 100.00%)
Training throughput: 1 batches in 0.255s; word units 100.0% of 8 words (letters-only 100.0% of 8).
Train Loss: output=0.0927, reconstruction=0.4100
Epoch [150/400]
batch = 0 (Δ=0.249s, 100.00%)
Training throughput: 1 batches in 0.249s; word units 100.0% of 8 words (letters-only 100.0% of 8).
Train Loss: output=0.1051, reconstruction=0.4078
Epoch [151/400]
batch = 0 (Δ=0.252s, 100.00%)
Training throughput: 1 batches in 0.252s; word units 100.0% of 8 words (letters-only 100.0% of 8).
Train Loss: output=0.0799, reconstruction=0.4056
Epoch [152/400]
batch = 0 (Δ=0.259s, 100.00%)
Training throughput: 1 batches in 0.259s; word units 100.0% of 8 words (letters-only 100.0% of 8).
Train Loss: output=0.1244, reconstruction=0.9282
Epoch [153/400]
batch = 0 (Δ=0.257s, 100.00%)
Training throughput: 1 batches in 0.256s; word units 100.0% of 8 words (letters-only 100.0% of 8).
Train Loss: output=0.1377, reconstruction=0.9266
Epoch [154/400]
batch = 0 (Δ=0.257s, 100.00%)
Training throughput: 1 batches in 0.257s; word units 100.0% of 8 words (letters-only 100.0% of 8).
Train Loss: output=0.1137, reconstruction=0.3989
Epoch [155/400]
batch = 0 (Δ=0.258s, 100.00%)
Training throughput: 1 batches in 0.257s; word units 100.0% of 8 words (letters-only 100.0% of 8).
Train Loss: output=0.1101, reconstruction=0.5399
Epoch [156/400]
batch = 0 (Δ=0.256s, 100.00%)
Training throughput: 1 batches in 0.255s; word units 100.0% of 8 words (letters-only 100.0% of 8).
Train Loss: output=0.1087, reconstruction=0.3950
Epoch [157/400]
batch = 0 (Δ=0.258s, 100.00%)
Training throughput: 1 batches in 0.258s; word units 100.0% of 8 words (letters-only 100.0% of 8).
Train Loss: output=0.1379, reconstruction=0.9215
Epoch [158/400]
batch = 0 (Δ=0.257s, 100.00%)
Training throughput: 1 batches in 0.256s; word units 100.0% of 8 words (letters-only 100.0% of 8).
Train Loss: output=0.1388, reconstruction=0.9205
Epoch [159/400]
batch = 0 (Δ=0.255s, 100.00%)
Training throughput: 1 batches in 0.254s; word units 100.0% of 8 words (letters-only 100.0% of 8).
Train Loss: output=0.0780, reconstruction=0.3899
Epoch [160/400]
batch = 0 (Δ=0.258s, 100.00%)
Training throughput: 1 batches in 0.257s; word units 100.0% of 8 words (letters-only 100.0% of 8).
Train Loss: output=0.1421, reconstruction=0.9186
Epoch [161/400]
batch = 0 (Δ=0.238s, 100.00%)
Training throughput: 1 batches in 0.237s; word units 100.0% of 8 words (letters-only 100.0% of 8).
Train Loss: output=0.1368, reconstruction=0.9174
Epoch [162/400]
batch = 0 (Δ=0.237s, 100.00%)
Training throughput: 1 batches in 0.237s; word units 100.0% of 8 words (letters-only 100.0% of 8).
Train Loss: output=0.0920, reconstruction=0.3846
Epoch [163/400]
batch = 0 (Δ=0.232s, 100.00%)
Training throughput: 1 batches in 0.231s; word units 100.0% of 8 words (letters-only 100.0% of 8).
Train Loss: output=0.1110, reconstruction=0.5458
Epoch [164/400]
batch = 0 (Δ=0.231s, 100.00%)
Training throughput: 1 batches in 0.231s; word units 100.0% of 8 words (letters-only 100.0% of 8).
Train Loss: output=0.0889, reconstruction=0.5464
Epoch [165/400]
batch = 0 (Δ=0.237s, 100.00%)
Training throughput: 1 batches in 0.236s; word units 100.0% of 8 words (letters-only 100.0% of 8).
Train Loss: output=0.1035, reconstruction=0.9126
Epoch [166/400]
batch = 0 (Δ=0.234s, 100.00%)
Training throughput: 1 batches in 0.234s; word units 100.0% of 8 words (letters-only 100.0% of 8).
Train Loss: output=0.1318, reconstruction=0.9115
Epoch [167/400]
batch = 0 (Δ=0.235s, 100.00%)
Training throughput: 1 batches in 0.234s; word units 100.0% of 8 words (letters-only 100.0% of 8).
Train Loss: output=0.0927, reconstruction=0.5479
Epoch [168/400]
batch = 0 (Δ=0.230s, 100.00%)
Training throughput: 1 batches in 0.230s; word units 100.0% of 8 words (letters-only 100.0% of 8).
Train Loss: output=0.1108, reconstruction=0.9091
Epoch [169/400]
batch = 0 (Δ=0.590s, 100.00%)
Training throughput: 1 batches in 0.589s; word units 100.0% of 8 words (letters-only 100.0% of 8).
Train Loss: output=0.1189, reconstruction=0.9079
Epoch [170/400]
batch = 0 (Δ=0.250s, 100.00%)
Training throughput: 1 batches in 0.249s; word units 100.0% of 8 words (letters-only 100.0% of 8).
Train Loss: output=0.1119, reconstruction=0.9068
Epoch [171/400]
batch = 0 (Δ=0.256s, 100.00%)
Training throughput: 1 batches in 0.256s; word units 100.0% of 8 words (letters-only 100.0% of 8).
Train Loss: output=0.0931, reconstruction=0.5495
Epoch [172/400]
batch = 0 (Δ=0.258s, 100.00%)
Training throughput: 1 batches in 0.257s; word units 100.0% of 8 words (letters-only 100.0% of 8).
Train Loss: output=0.0944, reconstruction=0.9043
Epoch [173/400]
batch = 0 (Δ=0.253s, 100.00%)
Training throughput: 1 batches in 0.252s; word units 100.0% of 8 words (letters-only 100.0% of 8).
Train Loss: output=0.1081, reconstruction=0.9031
Epoch [174/400]
batch = 0 (Δ=0.257s, 100.00%)
Training throughput: 1 batches in 0.257s; word units 100.0% of 8 words (letters-only 100.0% of 8).
Train Loss: output=0.1090, reconstruction=0.9019
Epoch [175/400]
batch = 0 (Δ=0.230s, 100.00%)
Training throughput: 1 batches in 0.229s; word units 100.0% of 8 words (letters-only 100.0% of 8).
Train Loss: output=0.1128, reconstruction=0.9007
Epoch [176/400]
batch = 0 (Δ=0.233s, 100.00%)
Training throughput: 1 batches in 0.233s; word units 100.0% of 8 words (letters-only 100.0% of 8).
Train Loss: output=0.0745, reconstruction=0.5512
Epoch [177/400]
batch = 0 (Δ=0.234s, 100.00%)
Training throughput: 1 batches in 0.233s; word units 100.0% of 8 words (letters-only 100.0% of 8).
Train Loss: output=0.0630, reconstruction=0.5516
Epoch [178/400]
batch = 0 (Δ=0.233s, 100.00%)
Training throughput: 1 batches in 0.232s; word units 100.0% of 8 words (letters-only 100.0% of 8).
Train Loss: output=0.0848, reconstruction=0.8971
Epoch [179/400]
batch = 0 (Δ=0.244s, 100.00%)
Training throughput: 1 batches in 0.244s; word units 100.0% of 8 words (letters-only 100.0% of 8).
Train Loss: output=0.0676, reconstruction=0.8960
Epoch [180/400]
batch = 0 (Δ=0.255s, 100.00%)
Training throughput: 1 batches in 0.254s; word units 100.0% of 8 words (letters-only 100.0% of 8).
Train Loss: output=0.1176, reconstruction=0.8950
Epoch [181/400]
batch = 0 (Δ=0.252s, 100.00%)
Training throughput: 1 batches in 0.251s; word units 100.0% of 8 words (letters-only 100.0% of 8).
Train Loss: output=0.1009, reconstruction=0.5532
Epoch [182/400]
batch = 0 (Δ=0.254s, 100.00%)
Training throughput: 1 batches in 0.253s; word units 100.0% of 8 words (letters-only 100.0% of 8).
Train Loss: output=0.1276, reconstruction=0.8930
Epoch [183/400]
batch = 0 (Δ=0.257s, 100.00%)
Training throughput: 1 batches in 0.256s; word units 100.0% of 8 words (letters-only 100.0% of 8).
Train Loss: output=0.0995, reconstruction=0.8921
Epoch [184/400]
batch = 0 (Δ=0.252s, 100.00%)
Training throughput: 1 batches in 0.251s; word units 100.0% of 8 words (letters-only 100.0% of 8).
Train Loss: output=0.1137, reconstruction=0.8913
Epoch [185/400]
batch = 0 (Δ=0.255s, 100.00%)
Training throughput: 1 batches in 0.254s; word units 100.0% of 8 words (letters-only 100.0% of 8).
Train Loss: output=0.1148, reconstruction=0.8904
Epoch [186/400]
batch = 0 (Δ=0.253s, 100.00%)
Training throughput: 1 batches in 0.253s; word units 100.0% of 8 words (letters-only 100.0% of 8).
Train Loss: output=0.1342, reconstruction=0.8895
Epoch [187/400]
batch = 0 (Δ=0.256s, 100.00%)
Training throughput: 1 batches in 0.255s; word units 100.0% of 8 words (letters-only 100.0% of 8).
Train Loss: output=0.0973, reconstruction=0.5555
Epoch [188/400]
batch = 0 (Δ=0.255s, 100.00%)
Training throughput: 1 batches in 0.254s; word units 100.0% of 8 words (letters-only 100.0% of 8).
Train Loss: output=0.1014, reconstruction=0.8877
Epoch [189/400]
batch = 0 (Δ=0.255s, 100.00%)
Training throughput: 1 batches in 0.255s; word units 100.0% of 8 words (letters-only 100.0% of 8).
Train Loss: output=0.0990, reconstruction=0.8867
Epoch [190/400]
batch = 0 (Δ=0.252s, 100.00%)
Training throughput: 1 batches in 0.252s; word units 100.0% of 8 words (letters-only 100.0% of 8).
Train Loss: output=0.0993, reconstruction=0.5564
Epoch [191/400]
batch = 0 (Δ=0.258s, 100.00%)
Training throughput: 1 batches in 0.258s; word units 100.0% of 8 words (letters-only 100.0% of 8).
Train Loss: output=0.1098, reconstruction=0.8845
Epoch [192/400]
batch = 0 (Δ=0.255s, 100.00%)
Training throughput: 1 batches in 0.255s; word units 100.0% of 8 words (letters-only 100.0% of 8).
Train Loss: output=0.0872, reconstruction=0.8833
Epoch [193/400]
batch = 0 (Δ=0.255s, 100.00%)
Training throughput: 1 batches in 0.254s; word units 100.0% of 8 words (letters-only 100.0% of 8).
Train Loss: output=0.1362, reconstruction=0.8822
Epoch [194/400]
batch = 0 (Δ=0.253s, 100.00%)
Training throughput: 1 batches in 0.252s; word units 100.0% of 8 words (letters-only 100.0% of 8).
Train Loss: output=0.1277, reconstruction=0.8810
Epoch [195/400]
batch = 0 (Δ=0.252s, 100.00%)
Training throughput: 1 batches in 0.251s; word units 100.0% of 8 words (letters-only 100.0% of 8).
Train Loss: output=0.1066, reconstruction=0.5572
Epoch [196/400]
batch = 0 (Δ=0.250s, 100.00%)
Training throughput: 1 batches in 0.250s; word units 100.0% of 8 words (letters-only 100.0% of 8).
Train Loss: output=0.0917, reconstruction=0.8788
Epoch [197/400]
batch = 0 (Δ=0.257s, 100.00%)
Training throughput: 1 batches in 0.256s; word units 100.0% of 8 words (letters-only 100.0% of 8).
Train Loss: output=0.1174, reconstruction=0.8777
Epoch [198/400]
batch = 0 (Δ=0.252s, 100.00%)
Training throughput: 1 batches in 0.252s; word units 100.0% of 8 words (letters-only 100.0% of 8).
Train Loss: output=0.0949, reconstruction=0.5574
Epoch [199/400]
batch = 0 (Δ=0.255s, 100.00%)
Training throughput: 1 batches in 0.255s; word units 100.0% of 8 words (letters-only 100.0% of 8).
Train Loss: output=0.0883, reconstruction=0.8756
Epoch [200/400]
batch = 0 (Δ=0.255s, 100.00%)
Training throughput: 1 batches in 0.255s; word units 100.0% of 8 words (letters-only 100.0% of 8).
Train Loss: output=0.1276, reconstruction=0.8746
Epoch [201/400]
batch = 0 (Δ=0.252s, 100.00%)
Training throughput: 1 batches in 0.252s; word units 100.0% of 8 words (letters-only 100.0% of 8).
Train Loss: output=0.0875, reconstruction=0.5580
Epoch [202/400]
batch = 0 (Δ=0.255s, 100.00%)
Training throughput: 1 batches in 0.254s; word units 100.0% of 8 words (letters-only 100.0% of 8).
Train Loss: output=0.0897, reconstruction=0.8728
Epoch [203/400]
batch = 0 (Δ=0.255s, 100.00%)
Training throughput: 1 batches in 0.255s; word units 100.0% of 8 words (letters-only 100.0% of 8).
Train Loss: output=0.1308, reconstruction=0.8719
Epoch [204/400]
batch = 0 (Δ=0.256s, 100.00%)
Training throughput: 1 batches in 0.256s; word units 100.0% of 8 words (letters-only 100.0% of 8).
Train Loss: output=0.0973, reconstruction=0.8710
Epoch [205/400]
batch = 0 (Δ=0.254s, 100.00%)
Training throughput: 1 batches in 0.253s; word units 100.0% of 8 words (letters-only 100.0% of 8).
Train Loss: output=0.0925, reconstruction=0.8700
Epoch [206/400]
batch = 0 (Δ=0.255s, 100.00%)
Training throughput: 1 batches in 0.254s; word units 100.0% of 8 words (letters-only 100.0% of 8).
Train Loss: output=0.0908, reconstruction=0.8690
Epoch [207/400]
batch = 0 (Δ=0.254s, 100.00%)
Training throughput: 1 batches in 0.253s; word units 100.0% of 8 words (letters-only 100.0% of 8).
Train Loss: output=0.0989, reconstruction=0.8681
Epoch [208/400]
batch = 0 (Δ=0.258s, 100.00%)
Training throughput: 1 batches in 0.257s; word units 100.0% of 8 words (letters-only 100.0% of 8).
Train Loss: output=0.0888, reconstruction=0.8671
Epoch [209/400]
batch = 0 (Δ=0.258s, 100.00%)
Training throughput: 1 batches in 0.257s; word units 100.0% of 8 words (letters-only 100.0% of 8).
Train Loss: output=0.1010, reconstruction=0.8661
Epoch [210/400]
batch = 0 (Δ=0.252s, 100.00%)
Training throughput: 1 batches in 0.252s; word units 100.0% of 8 words (letters-only 100.0% of 8).
Train Loss: output=0.1338, reconstruction=0.8650
Epoch [211/400]
batch = 0 (Δ=0.254s, 100.00%)
Training throughput: 1 batches in 0.254s; word units 100.0% of 8 words (letters-only 100.0% of 8).
Train Loss: output=0.1264, reconstruction=0.8640
Epoch [212/400]
batch = 0 (Δ=0.253s, 100.00%)
Training throughput: 1 batches in 0.253s; word units 100.0% of 8 words (letters-only 100.0% of 8).
Train Loss: output=0.0989, reconstruction=0.8630
Epoch [213/400]
batch = 0 (Δ=0.253s, 100.00%)
Training throughput: 1 batches in 0.252s; word units 100.0% of 8 words (letters-only 100.0% of 8).
Train Loss: output=0.0991, reconstruction=0.5604
Epoch [214/400]
batch = 0 (Δ=0.252s, 100.00%)
Training throughput: 1 batches in 0.252s; word units 100.0% of 8 words (letters-only 100.0% of 8).
Train Loss: output=0.1232, reconstruction=0.8610
Epoch [215/400]
batch = 0 (Δ=0.254s, 100.00%)
Training throughput: 1 batches in 0.253s; word units 100.0% of 8 words (letters-only 100.0% of 8).
Train Loss: output=0.1011, reconstruction=0.8601
Epoch [216/400]
batch = 0 (Δ=0.252s, 100.00%)
Training throughput: 1 batches in 0.252s; word units 100.0% of 8 words (letters-only 100.0% of 8).
Train Loss: output=0.0905, reconstruction=0.8592
Epoch [217/400]
batch = 0 (Δ=0.250s, 100.00%)
Training throughput: 1 batches in 0.250s; word units 100.0% of 8 words (letters-only 100.0% of 8).
Train Loss: output=0.1250, reconstruction=0.8582
Epoch [218/400]
batch = 0 (Δ=0.252s, 100.00%)
Training throughput: 1 batches in 0.251s; word units 100.0% of 8 words (letters-only 100.0% of 8).
Train Loss: output=0.0752, reconstruction=0.5614
Epoch [219/400]
batch = 0 (Δ=0.252s, 100.00%)
Training throughput: 1 batches in 0.252s; word units 100.0% of 8 words (letters-only 100.0% of 8).
Train Loss: output=0.0812, reconstruction=0.8563
Epoch [220/400]
batch = 0 (Δ=0.250s, 100.00%)
Training throughput: 1 batches in 0.250s; word units 100.0% of 8 words (letters-only 100.0% of 8).
Train Loss: output=0.0884, reconstruction=0.5617
Epoch [221/400]
batch = 0 (Δ=0.254s, 100.00%)
Training throughput: 1 batches in 0.253s; word units 100.0% of 8 words (letters-only 100.0% of 8).
Train Loss: output=0.0909, reconstruction=0.8543
Epoch [222/400]
batch = 0 (Δ=0.248s, 100.00%)
Training throughput: 1 batches in 0.248s; word units 100.0% of 8 words (letters-only 100.0% of 8).
Train Loss: output=0.0941, reconstruction=0.8534
Epoch [223/400]
batch = 0 (Δ=0.248s, 100.00%)
Training throughput: 1 batches in 0.247s; word units 100.0% of 8 words (letters-only 100.0% of 8).
Train Loss: output=0.0828, reconstruction=0.5621
Epoch [224/400]
batch = 0 (Δ=0.251s, 100.00%)
Training throughput: 1 batches in 0.251s; word units 100.0% of 8 words (letters-only 100.0% of 8).
Train Loss: output=0.0858, reconstruction=0.8513
Epoch [225/400]
batch = 0 (Δ=0.252s, 100.00%)
Training throughput: 1 batches in 0.251s; word units 100.0% of 8 words (letters-only 100.0% of 8).
Train Loss: output=0.0804, reconstruction=0.8504
Epoch [226/400]
batch = 0 (Δ=0.255s, 100.00%)
Training throughput: 1 batches in 0.255s; word units 100.0% of 8 words (letters-only 100.0% of 8).
Train Loss: output=0.1178, reconstruction=0.8494
Epoch [227/400]
batch = 0 (Δ=0.253s, 100.00%)
Training throughput: 1 batches in 0.253s; word units 100.0% of 8 words (letters-only 100.0% of 8).
Train Loss: output=0.0665, reconstruction=0.5625
Epoch [228/400]
batch = 0 (Δ=0.248s, 100.00%)
Training throughput: 1 batches in 0.248s; word units 100.0% of 8 words (letters-only 100.0% of 8).
Train Loss: output=0.0747, reconstruction=0.5626
Epoch [229/400]
batch = 0 (Δ=0.256s, 100.00%)
Training throughput: 1 batches in 0.256s; word units 100.0% of 8 words (letters-only 100.0% of 8).
Train Loss: output=0.0652, reconstruction=0.8466
Epoch [230/400]
batch = 0 (Δ=0.249s, 100.00%)
Training throughput: 1 batches in 0.249s; word units 100.0% of 8 words (letters-only 100.0% of 8).
Train Loss: output=0.0780, reconstruction=0.5627
Epoch [231/400]
batch = 0 (Δ=0.251s, 100.00%)
Training throughput: 1 batches in 0.250s; word units 100.0% of 8 words (letters-only 100.0% of 8).
Train Loss: output=0.0601, reconstruction=0.8447
Epoch [232/400]
batch = 0 (Δ=0.250s, 100.00%)
Training throughput: 1 batches in 0.249s; word units 100.0% of 8 words (letters-only 100.0% of 8).
Train Loss: output=0.1118, reconstruction=0.8437
Epoch [233/400]
batch = 0 (Δ=0.252s, 100.00%)
Training throughput: 1 batches in 0.251s; word units 100.0% of 8 words (letters-only 100.0% of 8).
Train Loss: output=0.0626, reconstruction=0.8426
Epoch [234/400]
batch = 0 (Δ=0.250s, 100.00%)
Training throughput: 1 batches in 0.250s; word units 100.0% of 8 words (letters-only 100.0% of 8).
Train Loss: output=0.0714, reconstruction=0.5626
Epoch [235/400]
batch = 0 (Δ=0.254s, 100.00%)
Training throughput: 1 batches in 0.254s; word units 100.0% of 8 words (letters-only 100.0% of 8).
Train Loss: output=0.1218, reconstruction=0.8405
Epoch [236/400]
batch = 0 (Δ=0.251s, 100.00%)
Training throughput: 1 batches in 0.251s; word units 100.0% of 8 words (letters-only 100.0% of 8).
Train Loss: output=0.0710, reconstruction=0.5625
Epoch [237/400]
batch = 0 (Δ=0.251s, 100.00%)
Training throughput: 1 batches in 0.250s; word units 100.0% of 8 words (letters-only 100.0% of 8).
Train Loss: output=0.0819, reconstruction=0.8385
Epoch [238/400]
batch = 0 (Δ=0.250s, 100.00%)
Training throughput: 1 batches in 0.249s; word units 100.0% of 8 words (letters-only 100.0% of 8).
Train Loss: output=0.0621, reconstruction=0.5624
Epoch [239/400]
batch = 0 (Δ=0.252s, 100.00%)
Training throughput: 1 batches in 0.251s; word units 100.0% of 8 words (letters-only 100.0% of 8).
Train Loss: output=0.0537, reconstruction=0.8366
Epoch [240/400]
batch = 0 (Δ=0.257s, 100.00%)
Training throughput: 1 batches in 0.257s; word units 100.0% of 8 words (letters-only 100.0% of 8).
Train Loss: output=0.0750, reconstruction=0.8357
Epoch [241/400]
batch = 0 (Δ=0.253s, 100.00%)
Training throughput: 1 batches in 0.253s; word units 100.0% of 8 words (letters-only 100.0% of 8).
Train Loss: output=0.0816, reconstruction=0.8348
Epoch [242/400]
batch = 0 (Δ=0.255s, 100.00%)
Training throughput: 1 batches in 0.255s; word units 100.0% of 8 words (letters-only 100.0% of 8).
Train Loss: output=0.0645, reconstruction=0.5624
Epoch [243/400]
batch = 0 (Δ=0.254s, 100.00%)
Training throughput: 1 batches in 0.253s; word units 100.0% of 8 words (letters-only 100.0% of 8).
Train Loss: output=0.0845, reconstruction=0.8331
Epoch [244/400]
batch = 0 (Δ=0.253s, 100.00%)
Training throughput: 1 batches in 0.252s; word units 100.0% of 8 words (letters-only 100.0% of 8).
Train Loss: output=0.0610, reconstruction=0.5624
Epoch [245/400]
batch = 0 (Δ=0.252s, 100.00%)
Training throughput: 1 batches in 0.252s; word units 100.0% of 8 words (letters-only 100.0% of 8).
Train Loss: output=0.0891, reconstruction=0.8314
Epoch [246/400]
batch = 0 (Δ=0.644s, 100.00%)
Training throughput: 1 batches in 0.644s; word units 100.0% of 8 words (letters-only 100.0% of 8).
Train Loss: output=0.0986, reconstruction=0.8306
Epoch [247/400]
batch = 0 (Δ=0.250s, 100.00%)
Training throughput: 1 batches in 0.249s; word units 100.0% of 8 words (letters-only 100.0% of 8).
Train Loss: output=0.1155, reconstruction=0.8297
Epoch [248/400]
batch = 0 (Δ=0.252s, 100.00%)
Training throughput: 1 batches in 0.251s; word units 100.0% of 8 words (letters-only 100.0% of 8).
Train Loss: output=0.0815, reconstruction=0.8289
Epoch [249/400]
batch = 0 (Δ=0.250s, 100.00%)
Training throughput: 1 batches in 0.250s; word units 100.0% of 8 words (letters-only 100.0% of 8).
Train Loss: output=0.1044, reconstruction=0.8280
Epoch [250/400]
batch = 0 (Δ=0.252s, 100.00%)
Training throughput: 1 batches in 0.251s; word units 100.0% of 8 words (letters-only 100.0% of 8).
Train Loss: output=0.1157, reconstruction=0.8271
Epoch [251/400]
batch = 0 (Δ=0.259s, 100.00%)
Training throughput: 1 batches in 0.258s; word units 100.0% of 8 words (letters-only 100.0% of 8).
Train Loss: output=0.0805, reconstruction=0.8263
Epoch [252/400]
batch = 0 (Δ=0.258s, 100.00%)
Training throughput: 1 batches in 0.257s; word units 100.0% of 8 words (letters-only 100.0% of 8).
Train Loss: output=0.0703, reconstruction=0.8255
Epoch [253/400]
batch = 0 (Δ=0.253s, 100.00%)
Training throughput: 1 batches in 0.253s; word units 100.0% of 8 words (letters-only 100.0% of 8).
Train Loss: output=0.0481, reconstruction=0.8246
Epoch [254/400]
batch = 0 (Δ=0.254s, 100.00%)
Training throughput: 1 batches in 0.253s; word units 100.0% of 8 words (letters-only 100.0% of 8).
Train Loss: output=0.1464, reconstruction=0.8238
Epoch [255/400]
batch = 0 (Δ=0.253s, 100.00%)
Training throughput: 1 batches in 0.252s; word units 100.0% of 8 words (letters-only 100.0% of 8).
Train Loss: output=0.0927, reconstruction=0.8229
Epoch [256/400]
batch = 0 (Δ=0.251s, 100.00%)
Training throughput: 1 batches in 0.251s; word units 100.0% of 8 words (letters-only 100.0% of 8).
Train Loss: output=0.0769, reconstruction=0.8221
Epoch [257/400]
batch = 0 (Δ=0.251s, 100.00%)
Training throughput: 1 batches in 0.251s; word units 100.0% of 8 words (letters-only 100.0% of 8).
Train Loss: output=0.0904, reconstruction=0.8213
Epoch [258/400]
batch = 0 (Δ=0.253s, 100.00%)
Training throughput: 1 batches in 0.252s; word units 100.0% of 8 words (letters-only 100.0% of 8).
Train Loss: output=0.0601, reconstruction=0.8205
Epoch [259/400]
batch = 0 (Δ=0.250s, 100.00%)
Training throughput: 1 batches in 0.250s; word units 100.0% of 8 words (letters-only 100.0% of 8).
Train Loss: output=0.0960, reconstruction=0.8196
Epoch [260/400]
batch = 0 (Δ=0.252s, 100.00%)
Training throughput: 1 batches in 0.251s; word units 100.0% of 8 words (letters-only 100.0% of 8).
Train Loss: output=0.0860, reconstruction=0.5624
Epoch [261/400]
batch = 0 (Δ=0.249s, 100.00%)
Training throughput: 1 batches in 0.249s; word units 100.0% of 8 words (letters-only 100.0% of 8).
Train Loss: output=0.0651, reconstruction=0.5625
Epoch [262/400]
batch = 0 (Δ=0.252s, 100.00%)
Training throughput: 1 batches in 0.252s; word units 100.0% of 8 words (letters-only 100.0% of 8).
Train Loss: output=0.0913, reconstruction=0.8172
Epoch [263/400]
batch = 0 (Δ=0.250s, 100.00%)
Training throughput: 1 batches in 0.250s; word units 100.0% of 8 words (letters-only 100.0% of 8).
Train Loss: output=0.1454, reconstruction=0.8164
Epoch [264/400]
batch = 0 (Δ=0.250s, 100.00%)
Training throughput: 1 batches in 0.249s; word units 100.0% of 8 words (letters-only 100.0% of 8).
Train Loss: output=0.1189, reconstruction=0.8156
Epoch [265/400]
batch = 0 (Δ=0.248s, 100.00%)
Training throughput: 1 batches in 0.248s; word units 100.0% of 8 words (letters-only 100.0% of 8).
Train Loss: output=0.0807, reconstruction=0.5626
Epoch [266/400]
batch = 0 (Δ=0.253s, 100.00%)
Training throughput: 1 batches in 0.252s; word units 100.0% of 8 words (letters-only 100.0% of 8).
Train Loss: output=0.0875, reconstruction=0.8142
Epoch [267/400]
batch = 0 (Δ=0.253s, 100.00%)
Training throughput: 1 batches in 0.252s; word units 100.0% of 8 words (letters-only 100.0% of 8).
Train Loss: output=0.0838, reconstruction=0.8135
Epoch [268/400]
batch = 0 (Δ=0.256s, 100.00%)
Training throughput: 1 batches in 0.255s; word units 100.0% of 8 words (letters-only 100.0% of 8).
Train Loss: output=0.0846, reconstruction=0.8128
Epoch [269/400]
batch = 0 (Δ=0.251s, 100.00%)
Training throughput: 1 batches in 0.250s; word units 100.0% of 8 words (letters-only 100.0% of 8).
Train Loss: output=0.0842, reconstruction=0.8120
Epoch [270/400]
batch = 0 (Δ=0.249s, 100.00%)
Training throughput: 1 batches in 0.249s; word units 100.0% of 8 words (letters-only 100.0% of 8).
Train Loss: output=0.1248, reconstruction=0.8113
Epoch [271/400]
batch = 0 (Δ=0.254s, 100.00%)
Training throughput: 1 batches in 0.254s; word units 100.0% of 8 words (letters-only 100.0% of 8).
Train Loss: output=0.1143, reconstruction=0.8106
Epoch [272/400]
batch = 0 (Δ=0.254s, 100.00%)
Training throughput: 1 batches in 0.253s; word units 100.0% of 8 words (letters-only 100.0% of 8).
Train Loss: output=0.0633, reconstruction=0.8100
Epoch [273/400]
batch = 0 (Δ=0.252s, 100.00%)
Training throughput: 1 batches in 0.252s; word units 100.0% of 8 words (letters-only 100.0% of 8).
Train Loss: output=0.1154, reconstruction=0.8093
Epoch [274/400]
batch = 0 (Δ=0.253s, 100.00%)
Training throughput: 1 batches in 0.252s; word units 100.0% of 8 words (letters-only 100.0% of 8).
Train Loss: output=0.1083, reconstruction=0.8086
Epoch [275/400]
batch = 0 (Δ=0.253s, 100.00%)
Training throughput: 1 batches in 0.253s; word units 100.0% of 8 words (letters-only 100.0% of 8).
Train Loss: output=0.0481, reconstruction=0.8080
Epoch [276/400]
batch = 0 (Δ=0.250s, 100.00%)
Training throughput: 1 batches in 0.250s; word units 100.0% of 8 words (letters-only 100.0% of 8).
Train Loss: output=0.0721, reconstruction=0.8074
Epoch [277/400]
batch = 0 (Δ=0.251s, 100.00%)
Training throughput: 1 batches in 0.250s; word units 100.0% of 8 words (letters-only 100.0% of 8).
Train Loss: output=0.1170, reconstruction=0.8067
Epoch [278/400]
batch = 0 (Δ=0.247s, 100.00%)
Training throughput: 1 batches in 0.246s; word units 100.0% of 8 words (letters-only 100.0% of 8).
Train Loss: output=0.1025, reconstruction=0.8061
Epoch [279/400]
batch = 0 (Δ=0.252s, 100.00%)
Training throughput: 1 batches in 0.251s; word units 100.0% of 8 words (letters-only 100.0% of 8).
Train Loss: output=0.0993, reconstruction=0.8054
Epoch [280/400]
batch = 0 (Δ=0.251s, 100.00%)
Training throughput: 1 batches in 0.251s; word units 100.0% of 8 words (letters-only 100.0% of 8).
Train Loss: output=0.1150, reconstruction=0.8048
Epoch [281/400]
batch = 0 (Δ=0.252s, 100.00%)
Training throughput: 1 batches in 0.251s; word units 100.0% of 8 words (letters-only 100.0% of 8).
Train Loss: output=0.1310, reconstruction=0.8041
Epoch [282/400]
batch = 0 (Δ=0.249s, 100.00%)
Training throughput: 1 batches in 0.248s; word units 100.0% of 8 words (letters-only 100.0% of 8).
Train Loss: output=0.0512, reconstruction=0.5627
Epoch [283/400]
batch = 0 (Δ=0.252s, 100.00%)
Training throughput: 1 batches in 0.251s; word units 100.0% of 8 words (letters-only 100.0% of 8).
Train Loss: output=0.0844, reconstruction=0.8029
Epoch [284/400]
batch = 0 (Δ=0.252s, 100.00%)
Training throughput: 1 batches in 0.252s; word units 100.0% of 8 words (letters-only 100.0% of 8).
Train Loss: output=0.0794, reconstruction=0.8022
Epoch [285/400]
batch = 0 (Δ=0.247s, 100.00%)
Training throughput: 1 batches in 0.247s; word units 100.0% of 8 words (letters-only 100.0% of 8).
Train Loss: output=0.0637, reconstruction=0.8016
Epoch [286/400]
batch = 0 (Δ=0.252s, 100.00%)
Training throughput: 1 batches in 0.251s; word units 100.0% of 8 words (letters-only 100.0% of 8).
Train Loss: output=0.0447, reconstruction=0.8009
Epoch [287/400]
batch = 0 (Δ=0.250s, 100.00%)
Training throughput: 1 batches in 0.249s; word units 100.0% of 8 words (letters-only 100.0% of 8).
Train Loss: output=0.1055, reconstruction=0.8002
Epoch [288/400]
batch = 0 (Δ=0.251s, 100.00%)
Training throughput: 1 batches in 0.251s; word units 100.0% of 8 words (letters-only 100.0% of 8).
Train Loss: output=0.0774, reconstruction=0.5625
Epoch [289/400]
batch = 0 (Δ=0.249s, 100.00%)
Training throughput: 1 batches in 0.248s; word units 100.0% of 8 words (letters-only 100.0% of 8).
Train Loss: output=0.0745, reconstruction=0.7988
Epoch [290/400]
batch = 0 (Δ=0.250s, 100.00%)
Training throughput: 1 batches in 0.249s; word units 100.0% of 8 words (letters-only 100.0% of 8).
Train Loss: output=0.0807, reconstruction=0.5624
Epoch [291/400]
batch = 0 (Δ=0.251s, 100.00%)
Training throughput: 1 batches in 0.251s; word units 100.0% of 8 words (letters-only 100.0% of 8).
Train Loss: output=0.0877, reconstruction=0.7975
Epoch [292/400]
batch = 0 (Δ=0.253s, 100.00%)
Training throughput: 1 batches in 0.252s; word units 100.0% of 8 words (letters-only 100.0% of 8).
Train Loss: output=0.0588, reconstruction=0.7969
Epoch [293/400]
batch = 0 (Δ=0.250s, 100.00%)
Training throughput: 1 batches in 0.249s; word units 100.0% of 8 words (letters-only 100.0% of 8).
Train Loss: output=0.0809, reconstruction=0.5624
Epoch [294/400]
batch = 0 (Δ=0.253s, 100.00%)
Training throughput: 1 batches in 0.253s; word units 100.0% of 8 words (letters-only 100.0% of 8).
Train Loss: output=0.0796, reconstruction=0.7957
Epoch [295/400]
batch = 0 (Δ=0.248s, 100.00%)
Training throughput: 1 batches in 0.248s; word units 100.0% of 8 words (letters-only 100.0% of 8).
Train Loss: output=0.0937, reconstruction=0.5625
Epoch [296/400]
batch = 0 (Δ=0.255s, 100.00%)
Training throughput: 1 batches in 0.254s; word units 100.0% of 8 words (letters-only 100.0% of 8).
Train Loss: output=0.0363, reconstruction=0.7946
Epoch [297/400]
batch = 0 (Δ=0.250s, 100.00%)
Training throughput: 1 batches in 0.250s; word units 100.0% of 8 words (letters-only 100.0% of 8).
Train Loss: output=0.1675, reconstruction=0.5625
Epoch [298/400]
batch = 0 (Δ=0.249s, 100.00%)
Training throughput: 1 batches in 0.249s; word units 100.0% of 8 words (letters-only 100.0% of 8).
Train Loss: output=0.0775, reconstruction=0.7935
Epoch [299/400]
batch = 0 (Δ=0.249s, 100.00%)
Training throughput: 1 batches in 0.249s; word units 100.0% of 8 words (letters-only 100.0% of 8).
Train Loss: output=0.1013, reconstruction=0.7930
Epoch [300/400]
batch = 0 (Δ=0.249s, 100.00%)
Training throughput: 1 batches in 0.249s; word units 100.0% of 8 words (letters-only 100.0% of 8).
Train Loss: output=0.1027, reconstruction=0.7925
Epoch [301/400]
batch = 0 (Δ=0.253s, 100.00%)
Training throughput: 1 batches in 0.252s; word units 100.0% of 8 words (letters-only 100.0% of 8).
Train Loss: output=0.0777, reconstruction=0.5626
Epoch [302/400]
batch = 0 (Δ=0.248s, 100.00%)
Training throughput: 1 batches in 0.247s; word units 100.0% of 8 words (letters-only 100.0% of 8).
Train Loss: output=0.1405, reconstruction=0.7915
Epoch [303/400]
batch = 0 (Δ=0.251s, 100.00%)
Training throughput: 1 batches in 0.250s; word units 100.0% of 8 words (letters-only 100.0% of 8).
Train Loss: output=0.1088, reconstruction=0.7910
Epoch [304/400]
batch = 0 (Δ=0.253s, 100.00%)
Training throughput: 1 batches in 0.252s; word units 100.0% of 8 words (letters-only 100.0% of 8).
Train Loss: output=0.0863, reconstruction=0.7906
Epoch [305/400]
batch = 0 (Δ=0.254s, 100.00%)
Training throughput: 1 batches in 0.253s; word units 100.0% of 8 words (letters-only 100.0% of 8).
Train Loss: output=0.0988, reconstruction=0.7901
Epoch [306/400]
batch = 0 (Δ=0.253s, 100.00%)
Training throughput: 1 batches in 0.252s; word units 100.0% of 8 words (letters-only 100.0% of 8).
Train Loss: output=0.0819, reconstruction=0.7896
Epoch [307/400]
batch = 0 (Δ=0.249s, 100.00%)
Training throughput: 1 batches in 0.249s; word units 100.0% of 8 words (letters-only 100.0% of 8).
Train Loss: output=0.0759, reconstruction=0.5628
Epoch [308/400]
batch = 0 (Δ=0.253s, 100.00%)
Training throughput: 1 batches in 0.253s; word units 100.0% of 8 words (letters-only 100.0% of 8).
Train Loss: output=0.0573, reconstruction=0.7887
Epoch [309/400]
batch = 0 (Δ=0.259s, 100.00%)
Training throughput: 1 batches in 0.258s; word units 100.0% of 8 words (letters-only 100.0% of 8).
Train Loss: output=0.0801, reconstruction=0.5629
Epoch [310/400]
batch = 0 (Δ=0.250s, 100.00%)
Training throughput: 1 batches in 0.249s; word units 100.0% of 8 words (letters-only 100.0% of 8).
Train Loss: output=0.0777, reconstruction=0.7878
Epoch [311/400]
batch = 0 (Δ=0.250s, 100.00%)
Training throughput: 1 batches in 0.249s; word units 100.0% of 8 words (letters-only 100.0% of 8).
Train Loss: output=0.0739, reconstruction=0.5630
Epoch [312/400]
batch = 0 (Δ=0.251s, 100.00%)
Training throughput: 1 batches in 0.250s; word units 100.0% of 8 words (letters-only 100.0% of 8).
Train Loss: output=0.0867, reconstruction=0.7869
Epoch [313/400]
batch = 0 (Δ=0.248s, 100.00%)
Training throughput: 1 batches in 0.248s; word units 100.0% of 8 words (letters-only 100.0% of 8).
Train Loss: output=0.0542, reconstruction=0.5630
Epoch [314/400]
batch = 0 (Δ=0.251s, 100.00%)
Training throughput: 1 batches in 0.250s; word units 100.0% of 8 words (letters-only 100.0% of 8).
Train Loss: output=0.1179, reconstruction=0.7860
Epoch [315/400]
batch = 0 (Δ=0.250s, 100.00%)
Training throughput: 1 batches in 0.249s; word units 100.0% of 8 words (letters-only 100.0% of 8).
Train Loss: output=0.0604, reconstruction=0.7856
Epoch [316/400]
batch = 0 (Δ=0.249s, 100.00%)
Training throughput: 1 batches in 0.248s; word units 100.0% of 8 words (letters-only 100.0% of 8).
Train Loss: output=0.0519, reconstruction=0.7852
Epoch [317/400]
batch = 0 (Δ=0.249s, 100.00%)
Training throughput: 1 batches in 0.249s; word units 100.0% of 8 words (letters-only 100.0% of 8).
Train Loss: output=0.0886, reconstruction=0.5632
Epoch [318/400]
batch = 0 (Δ=0.252s, 100.00%)
Training throughput: 1 batches in 0.252s; word units 100.0% of 8 words (letters-only 100.0% of 8).
Train Loss: output=0.1130, reconstruction=0.7845
Epoch [319/400]
batch = 0 (Δ=0.251s, 100.00%)
Training throughput: 1 batches in 0.250s; word units 100.0% of 8 words (letters-only 100.0% of 8).
Train Loss: output=0.1141, reconstruction=0.7841
Epoch [320/400]
batch = 0 (Δ=0.251s, 100.00%)
Training throughput: 1 batches in 0.251s; word units 100.0% of 8 words (letters-only 100.0% of 8).
Train Loss: output=0.0472, reconstruction=0.7837
Epoch [321/400]
batch = 0 (Δ=0.251s, 100.00%)
Training throughput: 1 batches in 0.250s; word units 100.0% of 8 words (letters-only 100.0% of 8).
Train Loss: output=0.0318, reconstruction=0.7832
Epoch [322/400]
batch = 0 (Δ=0.250s, 100.00%)
Training throughput: 1 batches in 0.250s; word units 100.0% of 8 words (letters-only 100.0% of 8).
Train Loss: output=0.0644, reconstruction=0.5632
Epoch [323/400]
batch = 0 (Δ=0.249s, 100.00%)
Training throughput: 1 batches in 0.248s; word units 100.0% of 8 words (letters-only 100.0% of 8).
Train Loss: output=0.0494, reconstruction=0.5631
Epoch [324/400]
batch = 0 (Δ=0.250s, 100.00%)
Training throughput: 1 batches in 0.249s; word units 100.0% of 8 words (letters-only 100.0% of 8).
Train Loss: output=0.0599, reconstruction=0.7818
Epoch [325/400]
batch = 0 (Δ=0.252s, 100.00%)
Training throughput: 1 batches in 0.251s; word units 100.0% of 8 words (letters-only 100.0% of 8).
Train Loss: output=0.0885, reconstruction=0.7813
Epoch [326/400]
batch = 0 (Δ=0.255s, 100.00%)
Training throughput: 1 batches in 0.254s; word units 100.0% of 8 words (letters-only 100.0% of 8).
Train Loss: output=0.0525, reconstruction=0.7809
Epoch [327/400]
batch = 0 (Δ=0.660s, 100.00%)
Training throughput: 1 batches in 0.660s; word units 100.0% of 8 words (letters-only 100.0% of 8).
Train Loss: output=0.0823, reconstruction=0.7804
Epoch [328/400]
batch = 0 (Δ=0.249s, 100.00%)
Training throughput: 1 batches in 0.248s; word units 100.0% of 8 words (letters-only 100.0% of 8).
Train Loss: output=0.0617, reconstruction=0.5629
Epoch [329/400]
batch = 0 (Δ=0.247s, 100.00%)
Training throughput: 1 batches in 0.246s; word units 100.0% of 8 words (letters-only 100.0% of 8).
Train Loss: output=0.0538, reconstruction=0.5629
Epoch [330/400]
batch = 0 (Δ=0.249s, 100.00%)
Training throughput: 1 batches in 0.248s; word units 100.0% of 8 words (letters-only 100.0% of 8).
Train Loss: output=0.0854, reconstruction=0.7790
Epoch [331/400]
batch = 0 (Δ=0.250s, 100.00%)
Training throughput: 1 batches in 0.249s; word units 100.0% of 8 words (letters-only 100.0% of 8).
Train Loss: output=0.0931, reconstruction=0.7786
Epoch [332/400]
batch = 0 (Δ=0.253s, 100.00%)
Training throughput: 1 batches in 0.253s; word units 100.0% of 8 words (letters-only 100.0% of 8).
Train Loss: output=0.0840, reconstruction=0.7781
Epoch [333/400]
batch = 0 (Δ=0.252s, 100.00%)
Training throughput: 1 batches in 0.251s; word units 100.0% of 8 words (letters-only 100.0% of 8).
Train Loss: output=0.0935, reconstruction=0.7776
Epoch [334/400]
batch = 0 (Δ=0.257s, 100.00%)
Training throughput: 1 batches in 0.257s; word units 100.0% of 8 words (letters-only 100.0% of 8).
Train Loss: output=0.0847, reconstruction=0.7771
Epoch [335/400]
batch = 0 (Δ=0.253s, 100.00%)
Training throughput: 1 batches in 0.252s; word units 100.0% of 8 words (letters-only 100.0% of 8).
Train Loss: output=0.0902, reconstruction=0.7766
Epoch [336/400]
batch = 0 (Δ=0.250s, 100.00%)
Training throughput: 1 batches in 0.250s; word units 100.0% of 8 words (letters-only 100.0% of 8).
Train Loss: output=0.0445, reconstruction=0.5625
Epoch [337/400]
batch = 0 (Δ=0.253s, 100.00%)
Training throughput: 1 batches in 0.252s; word units 100.0% of 8 words (letters-only 100.0% of 8).
Train Loss: output=0.0385, reconstruction=0.7757
Epoch [338/400]
batch = 0 (Δ=0.255s, 100.00%)
Training throughput: 1 batches in 0.254s; word units 100.0% of 8 words (letters-only 100.0% of 8).
Train Loss: output=0.0436, reconstruction=0.7753
Epoch [339/400]
batch = 0 (Δ=0.253s, 100.00%)
Training throughput: 1 batches in 0.253s; word units 100.0% of 8 words (letters-only 100.0% of 8).
Train Loss: output=0.0230, reconstruction=0.5624
Epoch [340/400]
batch = 0 (Δ=0.250s, 100.00%)
Training throughput: 1 batches in 0.250s; word units 100.0% of 8 words (letters-only 100.0% of 8).
Train Loss: output=0.0930, reconstruction=0.7745
Epoch [341/400]
batch = 0 (Δ=0.249s, 100.00%)
Training throughput: 1 batches in 0.249s; word units 100.0% of 8 words (letters-only 100.0% of 8).
Train Loss: output=0.0211, reconstruction=0.5624
Epoch [342/400]
batch = 0 (Δ=0.256s, 100.00%)
Training throughput: 1 batches in 0.256s; word units 100.0% of 8 words (letters-only 100.0% of 8).
Train Loss: output=0.0470, reconstruction=0.7737
Epoch [343/400]
batch = 0 (Δ=0.257s, 100.00%)
Training throughput: 1 batches in 0.256s; word units 100.0% of 8 words (letters-only 100.0% of 8).
Train Loss: output=0.0955, reconstruction=0.7733
Epoch [344/400]
batch = 0 (Δ=0.249s, 100.00%)
Training throughput: 1 batches in 0.249s; word units 100.0% of 8 words (letters-only 100.0% of 8).
Train Loss: output=0.0299, reconstruction=0.7729
Epoch [345/400]
batch = 0 (Δ=0.251s, 100.00%)
Training throughput: 1 batches in 0.251s; word units 100.0% of 8 words (letters-only 100.0% of 8).
Train Loss: output=0.0701, reconstruction=0.7726
Epoch [346/400]
batch = 0 (Δ=0.251s, 100.00%)
Training throughput: 1 batches in 0.250s; word units 100.0% of 8 words (letters-only 100.0% of 8).
Train Loss: output=0.0976, reconstruction=0.7722
Epoch [347/400]
batch = 0 (Δ=0.250s, 100.00%)
Training throughput: 1 batches in 0.249s; word units 100.0% of 8 words (letters-only 100.0% of 8).
Train Loss: output=0.0501, reconstruction=0.5628
Epoch [348/400]
batch = 0 (Δ=0.251s, 100.00%)
Training throughput: 1 batches in 0.251s; word units 100.0% of 8 words (letters-only 100.0% of 8).
Train Loss: output=0.1018, reconstruction=0.7713
Epoch [349/400]
batch = 0 (Δ=0.250s, 100.00%)
Training throughput: 1 batches in 0.250s; word units 100.0% of 8 words (letters-only 100.0% of 8).
Train Loss: output=0.0654, reconstruction=0.7709
Epoch [350/400]
batch = 0 (Δ=0.249s, 100.00%)
Training throughput: 1 batches in 0.249s; word units 100.0% of 8 words (letters-only 100.0% of 8).
Train Loss: output=0.0377, reconstruction=0.5629
Epoch [351/400]
batch = 0 (Δ=0.250s, 100.00%)
Training throughput: 1 batches in 0.249s; word units 100.0% of 8 words (letters-only 100.0% of 8).
Train Loss: output=0.0704, reconstruction=0.7701
Epoch [352/400]
batch = 0 (Δ=0.251s, 100.00%)
Training throughput: 1 batches in 0.250s; word units 100.0% of 8 words (letters-only 100.0% of 8).
Train Loss: output=0.0306, reconstruction=0.5630
Epoch [353/400]
batch = 0 (Δ=0.245s, 100.00%)
Training throughput: 1 batches in 0.245s; word units 100.0% of 8 words (letters-only 100.0% of 8).
Train Loss: output=0.0594, reconstruction=0.5630
Epoch [354/400]
batch = 0 (Δ=0.254s, 100.00%)
Training throughput: 1 batches in 0.253s; word units 100.0% of 8 words (letters-only 100.0% of 8).
Train Loss: output=0.0915, reconstruction=0.7690
Epoch [355/400]
batch = 0 (Δ=0.255s, 100.00%)
Training throughput: 1 batches in 0.254s; word units 100.0% of 8 words (letters-only 100.0% of 8).
Train Loss: output=0.0227, reconstruction=0.7687
Epoch [356/400]
batch = 0 (Δ=0.249s, 100.00%)
Training throughput: 1 batches in 0.248s; word units 100.0% of 8 words (letters-only 100.0% of 8).
Train Loss: output=0.0313, reconstruction=0.5632
Epoch [357/400]
batch = 0 (Δ=0.251s, 100.00%)
Training throughput: 1 batches in 0.250s; word units 100.0% of 8 words (letters-only 100.0% of 8).
Train Loss: output=0.0752, reconstruction=0.5632
Epoch [358/400]
batch = 0 (Δ=0.249s, 100.00%)
Training throughput: 1 batches in 0.249s; word units 100.0% of 8 words (letters-only 100.0% of 8).
Train Loss: output=0.0653, reconstruction=0.7677
Epoch [359/400]
batch = 0 (Δ=0.248s, 100.00%)
Training throughput: 1 batches in 0.248s; word units 100.0% of 8 words (letters-only 100.0% of 8).
Train Loss: output=0.0713, reconstruction=0.5633
Epoch [360/400]
batch = 0 (Δ=0.252s, 100.00%)
Training throughput: 1 batches in 0.251s; word units 100.0% of 8 words (letters-only 100.0% of 8).
Train Loss: output=0.1149, reconstruction=0.7670
Epoch [361/400]
batch = 0 (Δ=0.251s, 100.00%)
Training throughput: 1 batches in 0.250s; word units 100.0% of 8 words (letters-only 100.0% of 8).
Train Loss: output=0.0672, reconstruction=0.7666
Epoch [362/400]
batch = 0 (Δ=0.249s, 100.00%)
Training throughput: 1 batches in 0.249s; word units 100.0% of 8 words (letters-only 100.0% of 8).
Train Loss: output=0.0742, reconstruction=0.7662
Epoch [363/400]
batch = 0 (Δ=0.248s, 100.00%)
Training throughput: 1 batches in 0.248s; word units 100.0% of 8 words (letters-only 100.0% of 8).
Train Loss: output=0.0931, reconstruction=0.7659
Epoch [364/400]
batch = 0 (Δ=0.248s, 100.00%)
Training throughput: 1 batches in 0.247s; word units 100.0% of 8 words (letters-only 100.0% of 8).
Train Loss: output=0.0661, reconstruction=0.5631
Epoch [365/400]
batch = 0 (Δ=0.251s, 100.00%)
Training throughput: 1 batches in 0.251s; word units 100.0% of 8 words (letters-only 100.0% of 8).
Train Loss: output=0.1032, reconstruction=0.7651
Epoch [366/400]
batch = 0 (Δ=0.251s, 100.00%)
Training throughput: 1 batches in 0.251s; word units 100.0% of 8 words (letters-only 100.0% of 8).
Train Loss: output=0.0510, reconstruction=0.7648
Epoch [367/400]
batch = 0 (Δ=0.250s, 100.00%)
Training throughput: 1 batches in 0.250s; word units 100.0% of 8 words (letters-only 100.0% of 8).
Train Loss: output=0.0515, reconstruction=0.7644
Epoch [368/400]
batch = 0 (Δ=0.257s, 100.00%)
Training throughput: 1 batches in 0.257s; word units 100.0% of 8 words (letters-only 100.0% of 8).
Train Loss: output=0.0813, reconstruction=0.7640
Epoch [369/400]
batch = 0 (Δ=0.256s, 100.00%)
Training throughput: 1 batches in 0.255s; word units 100.0% of 8 words (letters-only 100.0% of 8).
Train Loss: output=0.0562, reconstruction=0.5629
Epoch [370/400]
batch = 0 (Δ=0.251s, 100.00%)
Training throughput: 1 batches in 0.250s; word units 100.0% of 8 words (letters-only 100.0% of 8).
Train Loss: output=0.0895, reconstruction=0.5629
Epoch [371/400]
batch = 0 (Δ=0.248s, 100.00%)
Training throughput: 1 batches in 0.247s; word units 100.0% of 8 words (letters-only 100.0% of 8).
Train Loss: output=0.1059, reconstruction=0.7630
Epoch [372/400]
batch = 0 (Δ=0.250s, 100.00%)
Training throughput: 1 batches in 0.250s; word units 100.0% of 8 words (letters-only 100.0% of 8).
Train Loss: output=0.0847, reconstruction=0.7626
Epoch [373/400]
batch = 0 (Δ=0.251s, 100.00%)
Training throughput: 1 batches in 0.250s; word units 100.0% of 8 words (letters-only 100.0% of 8).
Train Loss: output=0.1073, reconstruction=0.7623
Epoch [374/400]
batch = 0 (Δ=0.252s, 100.00%)
Training throughput: 1 batches in 0.252s; word units 100.0% of 8 words (letters-only 100.0% of 8).
Train Loss: output=0.0739, reconstruction=0.7620
Epoch [375/400]
batch = 0 (Δ=0.252s, 100.00%)
Training throughput: 1 batches in 0.251s; word units 100.0% of 8 words (letters-only 100.0% of 8).
Train Loss: output=0.1045, reconstruction=0.7617
Epoch [376/400]
batch = 0 (Δ=0.251s, 100.00%)
Training throughput: 1 batches in 0.251s; word units 100.0% of 8 words (letters-only 100.0% of 8).
Train Loss: output=0.0376, reconstruction=0.7614
Epoch [377/400]
batch = 0 (Δ=0.247s, 100.00%)
Training throughput: 1 batches in 0.246s; word units 100.0% of 8 words (letters-only 100.0% of 8).
Train Loss: output=0.0778, reconstruction=0.5629
Epoch [378/400]
batch = 0 (Δ=0.252s, 100.00%)
Training throughput: 1 batches in 0.252s; word units 100.0% of 8 words (letters-only 100.0% of 8).
Train Loss: output=0.0422, reconstruction=0.5628
Epoch [379/400]
batch = 0 (Δ=0.250s, 100.00%)
Training throughput: 1 batches in 0.249s; word units 100.0% of 8 words (letters-only 100.0% of 8).
Train Loss: output=0.0455, reconstruction=0.7604
Epoch [380/400]
batch = 0 (Δ=0.249s, 100.00%)
Training throughput: 1 batches in 0.249s; word units 100.0% of 8 words (letters-only 100.0% of 8).
Train Loss: output=0.0227, reconstruction=0.5628
Epoch [381/400]
batch = 0 (Δ=0.256s, 100.00%)
Training throughput: 1 batches in 0.255s; word units 100.0% of 8 words (letters-only 100.0% of 8).
Train Loss: output=0.0935, reconstruction=0.7598
Epoch [382/400]
batch = 0 (Δ=0.249s, 100.00%)
Training throughput: 1 batches in 0.248s; word units 100.0% of 8 words (letters-only 100.0% of 8).
Train Loss: output=0.0510, reconstruction=0.7595
Epoch [383/400]
batch = 0 (Δ=0.252s, 100.00%)
Training throughput: 1 batches in 0.252s; word units 100.0% of 8 words (letters-only 100.0% of 8).
Train Loss: output=0.1362, reconstruction=0.7592
Epoch [384/400]
batch = 0 (Δ=0.249s, 100.00%)
Training throughput: 1 batches in 0.248s; word units 100.0% of 8 words (letters-only 100.0% of 8).
Train Loss: output=0.0555, reconstruction=0.5629
Epoch [385/400]
batch = 0 (Δ=0.250s, 100.00%)
Training throughput: 1 batches in 0.250s; word units 100.0% of 8 words (letters-only 100.0% of 8).
Train Loss: output=0.0693, reconstruction=0.7586
Epoch [386/400]
batch = 0 (Δ=0.251s, 100.00%)
Training throughput: 1 batches in 0.250s; word units 100.0% of 8 words (letters-only 100.0% of 8).
Train Loss: output=0.0281, reconstruction=0.5629
Epoch [387/400]
batch = 0 (Δ=0.252s, 100.00%)
Training throughput: 1 batches in 0.252s; word units 100.0% of 8 words (letters-only 100.0% of 8).
Train Loss: output=0.0365, reconstruction=0.7581
Epoch [388/400]
batch = 0 (Δ=0.248s, 100.00%)
Training throughput: 1 batches in 0.248s; word units 100.0% of 8 words (letters-only 100.0% of 8).
Train Loss: output=0.0505, reconstruction=0.7579
Epoch [389/400]
batch = 0 (Δ=0.249s, 100.00%)
Training throughput: 1 batches in 0.248s; word units 100.0% of 8 words (letters-only 100.0% of 8).
Train Loss: output=0.0532, reconstruction=0.7577
Epoch [390/400]
batch = 0 (Δ=0.255s, 100.00%)
Training throughput: 1 batches in 0.254s; word units 100.0% of 8 words (letters-only 100.0% of 8).
Train Loss: output=0.0385, reconstruction=0.5632
Epoch [391/400]
batch = 0 (Δ=0.252s, 100.00%)
Training throughput: 1 batches in 0.251s; word units 100.0% of 8 words (letters-only 100.0% of 8).
Train Loss: output=0.0921, reconstruction=0.7573
Epoch [392/400]
batch = 0 (Δ=0.252s, 100.00%)
Training throughput: 1 batches in 0.251s; word units 100.0% of 8 words (letters-only 100.0% of 8).
Train Loss: output=0.0549, reconstruction=0.5634
Epoch [393/400]
batch = 0 (Δ=0.250s, 100.00%)
Training throughput: 1 batches in 0.249s; word units 100.0% of 8 words (letters-only 100.0% of 8).
Train Loss: output=0.0810, reconstruction=0.7569
Epoch [394/400]
batch = 0 (Δ=0.250s, 100.00%)
Training throughput: 1 batches in 0.250s; word units 100.0% of 8 words (letters-only 100.0% of 8).
Train Loss: output=0.0418, reconstruction=0.5636
Epoch [395/400]
batch = 0 (Δ=0.251s, 100.00%)
Training throughput: 1 batches in 0.250s; word units 100.0% of 8 words (letters-only 100.0% of 8).
Train Loss: output=0.0872, reconstruction=0.7564
Epoch [396/400]
batch = 0 (Δ=0.249s, 100.00%)
Training throughput: 1 batches in 0.249s; word units 100.0% of 8 words (letters-only 100.0% of 8).
Train Loss: output=0.0476, reconstruction=0.5638
Epoch [397/400]
batch = 0 (Δ=0.257s, 100.00%)
Training throughput: 1 batches in 0.257s; word units 100.0% of 8 words (letters-only 100.0% of 8).
Train Loss: output=0.1147, reconstruction=0.7559
Epoch [398/400]
batch = 0 (Δ=0.258s, 100.00%)
Training throughput: 1 batches in 0.257s; word units 100.0% of 8 words (letters-only 100.0% of 8).
Train Loss: output=0.0643, reconstruction=0.7556
Epoch [399/400]
batch = 0 (Δ=0.251s, 100.00%)
Training throughput: 1 batches in 0.251s; word units 100.0% of 8 words (letters-only 100.0% of 8).
Train Loss: output=0.0435, reconstruction=0.7553
Epoch [400/400]
batch = 0 (Δ=0.253s, 100.00%)
Training throughput: 1 batches in 0.252s; word units 100.0% of 8 words (letters-only 100.0% of 8).
Train Loss: output=0.0840, reconstruction=0.7551
Final Stats:
=== Selected operation grammar ===
batch = 0 (Δ=29.000s, 100.00%)
Training throughput: 1 batches in 28.943s; word units 100.0% of 8 words (letters-only 100.0% of 8).
=== Input Reconstruction (test) ===
  row[0] input='hello world' -> reconstructed='hello ' label=0.0000 predicted=-0.0750 MISMATCH
  row[1] input='hello there' -> reconstructed='hello ' label=1.0000 predicted=0.2964 MISMATCH
  row[2] input='loving world' -> reconstructed='loving ' label=1.0000 predicted=0.4993 MISMATCH
  row[3] input='loving there' -> reconstructed='loving ' label=0.0000 predicted=0.3516 MISMATCH
------------------------------ Captured log call -------------------------------
DEBUG    torch.__trace:utils.py:2363 
DEBUG    torch.__trace:utils.py:2363 
DEBUG    torch.__trace:structured.py:28 
DEBUG    torch.__trace:structured.py:28 
DEBUG    torch.__trace:structured.py:28 
DEBUG    torch.__trace:structured.py:28 
DEBUG    torch.__trace:structured.py:28 
DEBUG    torch.__trace:structured.py:28 
DEBUG    torch.__trace:structured.py:28 
DEBUG    torch.__trace:structured.py:28 
DEBUG    torch.__trace:structured.py:28 
DEBUG    torch.__trace:structured.py:28 
DEBUG    torch.__trace:structured.py:28 
DEBUG    torch.__trace:structured.py:28 
DEBUG    torch.__trace:structured.py:28 
DEBUG    torch.__trace:structured.py:28 
DEBUG    torch.__trace:structured.py:28 
DEBUG    torch.__trace:convert_frame.py:304 
DEBUG    torch.__trace:utils.py:2363 
DEBUG    torch.__trace:utils.py:2363 
DEBUG    torch.__trace:meta_utils.py:298 
DEBUG    torch.__trace:meta_utils.py:537 
DEBUG    torch.__trace:meta_utils.py:2385 
DEBUG    torch.__trace:meta_utils.py:298 
DEBUG    torch.__trace:meta_utils.py:537 
DEBUG    torch.__trace:meta_utils.py:2385 
DEBUG    torch.__trace:meta_utils.py:298 
DEBUG    torch.__trace:meta_utils.py:537 
DEBUG    torch.__trace:meta_utils.py:2385 
DEBUG    torch.__trace:meta_utils.py:298 
DEBUG    torch.__trace:meta_utils.py:537 
DEBUG    torch.__trace:meta_utils.py:2385 
DEBUG    torch.__trace:meta_utils.py:298 
DEBUG    torch.__trace:meta_utils.py:537 
DEBUG    torch.__trace:meta_utils.py:2385 
DEBUG    torch.__trace:meta_utils.py:298 
DEBUG    torch.__trace:meta_utils.py:537 
DEBUG    torch.__trace:meta_utils.py:2385 
DEBUG    torch.__trace:meta_utils.py:298 
DEBUG    torch.__trace:meta_utils.py:537 
DEBUG    torch.__trace:meta_utils.py:2385 
DEBUG    torch.__trace:meta_utils.py:298 
DEBUG    torch.__trace:meta_utils.py:537 
DEBUG    torch.__trace:meta_utils.py:2385 
DEBUG    torch.__trace:meta_utils.py:298 
DEBUG    torch.__trace:meta_utils.py:537 
DEBUG    torch.__trace:meta_utils.py:2385 
DEBUG    torch.__trace:structured.py:28 
DEBUG    torch.__trace:structured.py:28 
DEBUG    torch.__trace:structured.py:28 
DEBUG    torch.__trace:structured.py:28 
DEBUG    torch.__trace:structured.py:28 
DEBUG    torch.__trace:structured.py:28 
DEBUG    torch.__trace:structured.py:28 
DEBUG    torch.__trace:structured.py:28 
DEBUG    torch.__trace:structured.py:28 
DEBUG    torch.__trace:structured.py:28 
DEBUG    torch.__trace:structured.py:28 
DEBUG    torch.__trace:structured.py:28 
DEBUG    torch.__trace:symbolic_shapes.py:5971 
DEBUG    torch.__trace:meta_utils.py:298 
DEBUG    torch.__trace:meta_utils.py:537 
DEBUG    torch.__trace:meta_utils.py:2385 
DEBUG    torch.__trace:meta_utils.py:298 
DEBUG    torch.__trace:meta_utils.py:537 
DEBUG    torch.__trace:meta_utils.py:2385 
DEBUG    torch.__trace:meta_utils.py:298 
DEBUG    torch.__trace:meta_utils.py:537 
DEBUG    torch.__trace:meta_utils.py:2385 
DEBUG    torch.__trace:meta_utils.py:298 
DEBUG    torch.__trace:meta_utils.py:537 
DEBUG    torch.__trace:meta_utils.py:2385 
DEBUG    torch.__trace:meta_utils.py:298 
DEBUG    torch.__trace:meta_utils.py:537 
DEBUG    torch.__trace:meta_utils.py:2385 
DEBUG    torch.__trace:meta_utils.py:298 
DEBUG    torch.__trace:meta_utils.py:537 
DEBUG    torch.__trace:meta_utils.py:2385 
DEBUG    torch.__trace:structured.py:28 
DEBUG    torch.__trace:structured.py:28 
DEBUG    torch.__trace:structured.py:28 
DEBUG    torch.__trace:symbolic_shapes.py:5971 
DEBUG    torch.__trace:meta_utils.py:298 
DEBUG    torch.__trace:meta_utils.py:537 
DEBUG    torch.__trace:meta_utils.py:2385 
DEBUG    torch.__trace:symbolic_shapes.py:5971 
DEBUG    torch.__trace:structured.py:28 
DEBUG    torch.__trace:structured.py:28 
DEBUG    torch.__trace:symbolic_shapes.py:8465 
DEBUG    torch.__trace:meta_utils.py:298 
DEBUG    torch.__trace:meta_utils.py:537 
DEBUG    torch.__trace:meta_utils.py:2385 
DEBUG    torch.__trace:meta_utils.py:298 
DEBUG    torch.__trace:meta_utils.py:537 
DEBUG    torch.__trace:meta_utils.py:2385 
DEBUG    torch.__trace:meta_utils.py:298 
DEBUG    torch.__trace:meta_utils.py:537 
DEBUG    torch.__trace:meta_utils.py:2385 
DEBUG    torch.__trace:meta_utils.py:298 
DEBUG    torch.__trace:meta_utils.py:537 
DEBUG    torch.__trace:meta_utils.py:2385 
DEBUG    torch.__trace:meta_utils.py:298 
DEBUG    torch.__trace:meta_utils.py:537 
DEBUG    torch.__trace:meta_utils.py:2385 
DEBUG    torch.__trace:meta_utils.py:298 
DEBUG    torch.__trace:meta_utils.py:537 
DEBUG    torch.__trace:meta_utils.py:2385 
DEBUG    torch.__trace:structured.py:28 
DEBUG    torch.__trace:structured.py:28 
DEBUG    torch.__trace:structured.py:28 
DEBUG    torch.__trace:structured.py:28 
DEBUG    torch.__trace:symbolic_shapes.py:5521 
DEBUG    torch.__trace:structured.py:28 
DEBUG    torch.__trace:structured.py:28 
DEBUG    torch.__trace:structured.py:28 
DEBUG    torch.__trace:structured.py:28 
DEBUG    torch.__trace:structured.py:28 
DEBUG    torch.__trace:symbolic_shapes.py:8465 
DEBUG    torch.__trace:symbolic_shapes.py:8465 
DEBUG    torch.__trace:meta_utils.py:298 
DEBUG    torch.__trace:meta_utils.py:537 
DEBUG    torch.__trace:meta_utils.py:2385 
DEBUG    torch.__trace:meta_utils.py:298 
DEBUG    torch.__trace:meta_utils.py:537 
DEBUG    torch.__trace:meta_utils.py:2385 
DEBUG    torch.__trace:symbolic_shapes.py:5521 
DEBUG    torch.__trace:symbolic_shapes.py:8465 
DEBUG    torch.__trace:symbolic_shapes.py:8465 
DEBUG    torch.__trace:meta_utils.py:298 
DEBUG    torch.__trace:meta_utils.py:537 
DEBUG    torch.__trace:meta_utils.py:2385 
DEBUG    torch.__trace:utils.py:2363 
DEBUG    torch.__trace:utils.py:2363 
DEBUG    torch.__trace:utils.py:2363 
DEBUG    torch.__trace:output_graph.py:2942 
DEBUG    torch.__trace:utils.py:2363 
DEBUG    torch.__trace:utils.py:2363 
DEBUG    torch.__trace:utils.py:2363 
DEBUG    torch.__trace:structured.py:28 
DEBUG    torch.__trace:structured.py:28 
DEBUG    torch.__trace:structured.py:28 
DEBUG    torch.__trace:structured.py:28 
DEBUG    torch.__trace:structured.py:28 
DEBUG    torch.__trace:structured.py:28 
DEBUG    torch.__trace:structured.py:28 
DEBUG    torch.__trace:symbolic_shapes.py:5521 
DEBUG    torch.__trace:structured.py:28 
DEBUG    torch.__trace:symbolic_shapes.py:8465 
DEBUG    torch.__trace:symbolic_shapes.py:8465 
DEBUG    torch.__trace:symbolic_shapes.py:5521 
DEBUG    torch.__trace:symbolic_shapes.py:8465 
DEBUG    torch.__trace:symbolic_shapes.py:8465 
DEBUG    torch.__trace:utils.py:2363 
DEBUG    torch.__trace:utils.py:2363 
DEBUG    torch.__trace:structured.py:28 
DEBUG    torch.__trace:structured.py:28 
DEBUG    torch.__trace:structured.py:28 
DEBUG    torch.__trace:structured.py:28 
DEBUG    torch.__trace:symbolic_shapes.py:5521 
DEBUG    torch.__trace:structured.py:28 
DEBUG    torch.__trace:structured.py:28 
DEBUG    torch.__trace:symbolic_shapes.py:8465 
DEBUG    torch.__trace:symbolic_shapes.py:8465 
DEBUG    torch.__trace:symbolic_shapes.py:5521 
DEBUG    torch.__trace:symbolic_shapes.py:8465 
DEBUG    torch.__trace:symbolic_shapes.py:8465 
DEBUG    torch.__trace:structured.py:28 
DEBUG    torch.__trace:structured.py:28 
DEBUG    torch.__trace:structured.py:28 
DEBUG    torch.__trace:structured.py:28 
DEBUG    torch.__trace:structured.py:28 
DEBUG    torch.__trace:symbolic_shapes.py:5521 
DEBUG    torch.__trace:symbolic_shapes.py:5521 
DEBUG    torch.__trace:symbolic_shapes.py:5521 
DEBUG    torch.__trace:symbolic_shapes.py:5521 
DEBUG    torch.__trace:symbolic_shapes.py:5521 
DEBUG    torch.__trace:symbolic_shapes.py:5521 
DEBUG    torch.__trace:symbolic_shapes.py:5521 
DEBUG    torch.__trace:symbolic_shapes.py:5521 
DEBUG    torch.__trace:symbolic_shapes.py:5521 
DEBUG    torch.__trace:structured.py:28 
DEBUG    torch.__trace:structured.py:28 
DEBUG    torch.__trace:structured.py:28 
DEBUG    torch.__trace:symbolic_shapes.py:5521 
DEBUG    torch.__trace:symbolic_shapes.py:5521 
DEBUG    torch.__trace:symbolic_shapes.py:5521 
DEBUG    torch.__trace:symbolic_shapes.py:5521 
DEBUG    torch.__trace:symbolic_shapes.py:5521 
DEBUG    torch.__trace:symbolic_shapes.py:5521 
DEBUG    torch.__trace:symbolic_shapes.py:5521 
DEBUG    torch.__trace:symbolic_shapes.py:5521 
DEBUG    torch.__trace:symbolic_shapes.py:5521 
DEBUG    torch.__trace:structured.py:28 
DEBUG    torch.__trace:symbolic_shapes.py:5521 
DEBUG    torch.__trace:symbolic_shapes.py:5521 
DEBUG    torch.__trace:symbolic_shapes.py:5521 
DEBUG    torch.__trace:symbolic_shapes.py:5521 
DEBUG    torch.__trace:symbolic_shapes.py:5521 
DEBUG    torch.__trace:symbolic_shapes.py:5521 
DEBUG    torch.__trace:symbolic_shapes.py:5521 
DEBUG    torch.__trace:symbolic_shapes.py:5521 
DEBUG    torch.__trace:symbolic_shapes.py:5521 
DEBUG    torch.__trace:symbolic_shapes.py:5521 
DEBUG    torch.__trace:symbolic_shapes.py:5521 
DEBUG    torch.__trace:symbolic_shapes.py:5521 
DEBUG    torch.__trace:symbolic_shapes.py:5521 
DEBUG    torch.__trace:symbolic_shapes.py:5521 
DEBUG    torch.__trace:symbolic_shapes.py:5521 
DEBUG    torch.__trace:symbolic_shapes.py:5521 
DEBUG    torch.__trace:symbolic_shapes.py:5521 
DEBUG    torch.__trace:symbolic_shapes.py:5521 
DEBUG    torch.__trace:symbolic_shapes.py:5521 
DEBUG    torch.__trace:symbolic_shapes.py:5521 
DEBUG    torch.__trace:symbolic_shapes.py:5521 
DEBUG    torch.__trace:symbolic_shapes.py:5521 
DEBUG    torch.__trace:symbolic_shapes.py:5521 
DEBUG    torch.__trace:symbolic_shapes.py:5521 
DEBUG    torch.__trace:symbolic_shapes.py:5521 
DEBUG    torch.__trace:symbolic_shapes.py:5521 
DEBUG    torch.__trace:symbolic_shapes.py:5521 
DEBUG    torch.__trace:symbolic_shapes.py:5521 
DEBUG    torch.__trace:symbolic_shapes.py:5521 
DEBUG    torch.__trace:symbolic_shapes.py:5521 
DEBUG    torch.__trace:symbolic_shapes.py:5521 
DEBUG    torch.__trace:symbolic_shapes.py:5521 
DEBUG    torch.__trace:symbolic_shapes.py:5521 
DEBUG    torch.__trace:symbolic_shapes.py:5521 
DEBUG    torch.__trace:symbolic_shapes.py:5521 
DEBUG    torch.__trace:symbolic_shapes.py:5521 
DEBUG    torch.__trace:symbolic_shapes.py:5521 
DEBUG    torch.__trace:symbolic_shapes.py:5521 
DEBUG    torch.__trace:utils.py:2363 
DEBUG    torch.__trace:graph_compile.py:1820 
DEBUG    torch.__trace:graph_compile.py:1841 
DEBUG    torch.__trace:graph_compile.py:1891 
DEBUG    torch.__trace:graph_compile.py:1909 
DEBUG    torch.__trace:graph_compile.py:1913 
DEBUG    torch.__trace:codegen.py:200 
DEBUG    torch.__trace:codegen.py:200 
DEBUG    torch.__trace:codegen.py:200 
DEBUG    torch.__trace:codegen.py:200 
DEBUG    torch.__trace:codegen.py:200 
DEBUG    torch.__trace:codegen.py:200 
DEBUG    torch.__trace:utils.py:2363 
DEBUG    torch.__trace:utils.py:2363 
DEBUG    torch.__trace:utils.py:2363 
DEBUG    torch.__trace:utils.py:2363 
DEBUG    torch.__trace:guards.py:4769 
DEBUG    torch.__trace:utils.py:2363 
DEBUG    torch.__trace:utils.py:2363 
DEBUG    torch.__trace:utils.py:2363 
DEBUG    torch.__trace:utils.py:2363 
DEBUG    torch.__trace:utils.py:2363 
DEBUG    torch.__trace:utils.py:2363 
DEBUG    torch.__trace:utils.py:2022 
DEBUG    torch.__trace:utils.py:2363 
DEBUG    torch.__trace:utils.py:2363 
DEBUG    torch.__trace:utils.py:2363 
DEBUG    torch.__trace:guards.py:5625 
DEBUG    torch.__trace:convert_frame.py:304 
DEBUG    torch.__trace:utils.py:2363 
DEBUG    torch.__trace:utils.py:2363 
DEBUG    torch.__trace:meta_utils.py:298 
DEBUG    torch.__trace:meta_utils.py:537 
DEBUG    torch.__trace:meta_utils.py:2385 
DEBUG    torch.__trace:meta_utils.py:298 
DEBUG    torch.__trace:meta_utils.py:537 
DEBUG    torch.__trace:meta_utils.py:2385 
DEBUG    torch.__trace:meta_utils.py:298 
DEBUG    torch.__trace:meta_utils.py:537 
DEBUG    torch.__trace:meta_utils.py:2385 
DEBUG    torch.__trace:meta_utils.py:298 
DEBUG    torch.__trace:meta_utils.py:537 
DEBUG    torch.__trace:meta_utils.py:2385 
DEBUG    torch.__trace:meta_utils.py:298 
DEBUG    torch.__trace:meta_utils.py:537 
DEBUG    torch.__trace:meta_utils.py:2385 
DEBUG    torch.__trace:meta_utils.py:298 
DEBUG    torch.__trace:meta_utils.py:537 
DEBUG    torch.__trace:meta_utils.py:2385 
DEBUG    torch.__trace:meta_utils.py:298 
DEBUG    torch.__trace:meta_utils.py:537 
DEBUG    torch.__trace:meta_utils.py:2385 
DEBUG    torch.__trace:meta_utils.py:298 
DEBUG    torch.__trace:meta_utils.py:537 
DEBUG    torch.__trace:meta_utils.py:2385 
DEBUG    torch.__trace:meta_utils.py:298 
DEBUG    torch.__trace:meta_utils.py:537 
DEBUG    torch.__trace:meta_utils.py:2385 
DEBUG    torch.__trace:symbolic_shapes.py:5971 
DEBUG    torch.__trace:meta_utils.py:298 
DEBUG    torch.__trace:meta_utils.py:537 
DEBUG    torch.__trace:meta_utils.py:2385 
DEBUG    torch.__trace:meta_utils.py:298 
DEBUG    torch.__trace:meta_utils.py:537 
DEBUG    torch.__trace:meta_utils.py:2385 
DEBUG    torch.__trace:meta_utils.py:298 
DEBUG    torch.__trace:meta_utils.py:537 
DEBUG    torch.__trace:meta_utils.py:2385 
DEBUG    torch.__trace:meta_utils.py:298 
DEBUG    torch.__trace:meta_utils.py:537 
DEBUG    torch.__trace:meta_utils.py:2385 
DEBUG    torch.__trace:meta_utils.py:298 
DEBUG    torch.__trace:meta_utils.py:537 
DEBUG    torch.__trace:meta_utils.py:2385 
DEBUG    torch.__trace:meta_utils.py:298 
DEBUG    torch.__trace:meta_utils.py:537 
DEBUG    torch.__trace:meta_utils.py:2385 
DEBUG    torch.__trace:symbolic_shapes.py:5971 
DEBUG    torch.__trace:meta_utils.py:298 
DEBUG    torch.__trace:meta_utils.py:537 
DEBUG    torch.__trace:meta_utils.py:2385 
DEBUG    torch.__trace:symbolic_shapes.py:5971 
DEBUG    torch.__trace:symbolic_shapes.py:8465 
DEBUG    torch.__trace:meta_utils.py:298 
DEBUG    torch.__trace:meta_utils.py:537 
DEBUG    torch.__trace:meta_utils.py:2385 
DEBUG    torch.__trace:meta_utils.py:298 
DEBUG    torch.__trace:meta_utils.py:537 
DEBUG    torch.__trace:meta_utils.py:2385 
DEBUG    torch.__trace:meta_utils.py:298 
DEBUG    torch.__trace:meta_utils.py:537 
DEBUG    torch.__trace:meta_utils.py:2385 
DEBUG    torch.__trace:meta_utils.py:298 
DEBUG    torch.__trace:meta_utils.py:537 
DEBUG    torch.__trace:meta_utils.py:2385 
DEBUG    torch.__trace:meta_utils.py:298 
DEBUG    torch.__trace:meta_utils.py:537 
DEBUG    torch.__trace:meta_utils.py:2385 
DEBUG    torch.__trace:meta_utils.py:298 
DEBUG    torch.__trace:meta_utils.py:537 
DEBUG    torch.__trace:meta_utils.py:2385 
DEBUG    torch.__trace:meta_utils.py:298 
DEBUG    torch.__trace:meta_utils.py:537 
DEBUG    torch.__trace:meta_utils.py:2385 
DEBUG    torch.__trace:meta_utils.py:298 
DEBUG    torch.__trace:meta_utils.py:537 
DEBUG    torch.__trace:meta_utils.py:2385 
DEBUG    torch.__trace:utils.py:2363 
DEBUG    torch.__trace:utils.py:2363 
DEBUG    torch.__trace:utils.py:2363 
DEBUG    torch.__trace:output_graph.py:2942 
DEBUG    torch.__trace:utils.py:2363 
DEBUG    torch.__trace:utils.py:2363 
DEBUG    torch.__trace:utils.py:2363 
DEBUG    torch.__trace:utils.py:2363 
DEBUG    torch.__trace:graph_capture.py:428 
DEBUG    torch.__trace:graph_capture.py:446 
DEBUG    torch.__trace:graph_compile.py:382 
DEBUG    torch.__trace:codegen.py:200 
DEBUG    torch.__trace:utils.py:2363 
DEBUG    torch.__trace:utils.py:2363 
DEBUG    torch.__trace:utils.py:2363 
DEBUG    torch.__trace:utils.py:2363 
DEBUG    torch.__trace:guards.py:4769 
DEBUG    torch.__trace:utils.py:2363 
DEBUG    torch.__trace:utils.py:2363 
DEBUG    torch.__trace:utils.py:2363 
DEBUG    torch.__trace:utils.py:2363 
DEBUG    torch.__trace:utils.py:2363 
DEBUG    torch.__trace:utils.py:2363 
DEBUG    torch.__trace:utils.py:2022 
DEBUG    torch.__trace:utils.py:2363 
DEBUG    torch.__trace:utils.py:2363 
DEBUG    torch.__trace:utils.py:2363 
DEBUG    torch.__trace:convert_frame.py:304 
DEBUG    torch.__trace:utils.py:2363 
DEBUG    torch.__trace:utils.py:2363 
DEBUG    torch.__trace:meta_utils.py:298 
DEBUG    torch.__trace:meta_utils.py:537 
DEBUG    torch.__trace:meta_utils.py:2385 
DEBUG    torch.__trace:structured.py:28 
DEBUG    torch.__trace:symbolic_shapes.py:5971 
DEBUG    torch.__trace:meta_utils.py:298 
DEBUG    torch.__trace:meta_utils.py:537 
DEBUG    torch.__trace:meta_utils.py:2385 
DEBUG    torch.__trace:meta_utils.py:298 
DEBUG    torch.__trace:meta_utils.py:537 
DEBUG    torch.__trace:meta_utils.py:2385 
DEBUG    torch.__trace:meta_utils.py:298 
DEBUG    torch.__trace:meta_utils.py:537 
DEBUG    torch.__trace:meta_utils.py:2385 
DEBUG    torch.__trace:meta_utils.py:298 
DEBUG    torch.__trace:meta_utils.py:537 
DEBUG    torch.__trace:meta_utils.py:2385 
DEBUG    torch.__trace:meta_utils.py:298 
DEBUG    torch.__trace:meta_utils.py:537 
DEBUG    torch.__trace:meta_utils.py:2385 
DEBUG    torch.__trace:meta_utils.py:298 
DEBUG    torch.__trace:meta_utils.py:537 
DEBUG    torch.__trace:meta_utils.py:2385 
DEBUG    torch.__trace:symbolic_shapes.py:5971 
DEBUG    torch.__trace:meta_utils.py:298 
DEBUG    torch.__trace:meta_utils.py:537 
DEBUG    torch.__trace:meta_utils.py:2385 
DEBUG    torch.__trace:meta_utils.py:298 
DEBUG    torch.__trace:meta_utils.py:537 
DEBUG    torch.__trace:meta_utils.py:2385 
DEBUG    torch.__trace:meta_utils.py:298 
DEBUG    torch.__trace:meta_utils.py:537 
DEBUG    torch.__trace:meta_utils.py:2385 
DEBUG    torch.__trace:meta_utils.py:298 
DEBUG    torch.__trace:meta_utils.py:537 
DEBUG    torch.__trace:meta_utils.py:2385 
DEBUG    torch.__trace:meta_utils.py:298 
DEBUG    torch.__trace:meta_utils.py:537 
DEBUG    torch.__trace:meta_utils.py:2385 
DEBUG    torch.__trace:meta_utils.py:298 
DEBUG    torch.__trace:meta_utils.py:537 
DEBUG    torch.__trace:meta_utils.py:2385 
DEBUG    torch.__trace:meta_utils.py:298 
DEBUG    torch.__trace:meta_utils.py:537 
DEBUG    torch.__trace:meta_utils.py:2385 
DEBUG    torch.__trace:meta_utils.py:298 
DEBUG    torch.__trace:meta_utils.py:537 
DEBUG    torch.__trace:meta_utils.py:2385 
DEBUG    torch.__trace:meta_utils.py:298 
DEBUG    torch.__trace:meta_utils.py:537 
DEBUG    torch.__trace:meta_utils.py:2385 
DEBUG    torch.__trace:meta_utils.py:298 
DEBUG    torch.__trace:meta_utils.py:537 
DEBUG    torch.__trace:meta_utils.py:2385 
DEBUG    torch.__trace:meta_utils.py:298 
DEBUG    torch.__trace:meta_utils.py:537 
DEBUG    torch.__trace:meta_utils.py:2385 
DEBUG    torch.__trace:meta_utils.py:298 
DEBUG    torch.__trace:meta_utils.py:537 
DEBUG    torch.__trace:meta_utils.py:2385 
DEBUG    torch.__trace:meta_utils.py:298 
DEBUG    torch.__trace:meta_utils.py:537 
DEBUG    torch.__trace:meta_utils.py:2385 
DEBUG    torch.__trace:utils.py:2363 
DEBUG    torch.__trace:utils.py:2363 
DEBUG    torch.__trace:utils.py:2363 
DEBUG    torch.__trace:output_graph.py:2942 
DEBUG    torch.__trace:utils.py:2363 
DEBUG    torch.__trace:utils.py:2363 
DEBUG    torch.__trace:utils.py:2363 
DEBUG    torch.__trace:utils.py:2363 
DEBUG    torch.__trace:guards.py:4769 
DEBUG    torch.__trace:utils.py:2363 
DEBUG    torch.__trace:utils.py:2363 
DEBUG    torch.__trace:utils.py:2363 
DEBUG    torch.__trace:utils.py:2363 
DEBUG    torch.__trace:utils.py:2022 
DEBUG    torch.__trace:utils.py:2363 
DEBUG    torch.__trace:utils.py:2363 
DEBUG    torch.__trace:utils.py:2363 
DEBUG    torch.__trace:guards.py:5625 
DEBUG    torch.__trace:convert_frame.py:304 
DEBUG    torch.__trace:utils.py:2363 
DEBUG    torch.__trace:utils.py:2363 
DEBUG    torch.__trace:meta_utils.py:298 
DEBUG    torch.__trace:meta_utils.py:537 
DEBUG    torch.__trace:meta_utils.py:2385 
DEBUG    torch.__trace:symbolic_shapes.py:5971 
DEBUG    torch.__trace:utils.py:2402 
DEBUG    torch.__trace:utils.py:2402 
DEBUG    torch.__trace:meta_utils.py:298 
DEBUG    torch.__trace:meta_utils.py:537 
DEBUG    torch.__trace:meta_utils.py:2385 
DEBUG    torch.__trace:symbolic_shapes.py:5971 
DEBUG    torch.__trace:symbolic_shapes.py:5971 
DEBUG    torch.__trace:symbolic_shapes.py:5971 
DEBUG    torch.__trace:utils.py:2402 
DEBUG    torch.__trace:utils.py:2402 
DEBUG    torch.__trace:meta_utils.py:298 
DEBUG    torch.__trace:meta_utils.py:537 
DEBUG    torch.__trace:meta_utils.py:2385 
DEBUG    torch.__trace:symbolic_shapes.py:5971 
DEBUG    torch.__trace:utils.py:2402 
DEBUG    torch.__trace:meta_utils.py:298 
DEBUG    torch.__trace:meta_utils.py:537 
DEBUG    torch.__trace:meta_utils.py:2385 
DEBUG    torch.__trace:utils.py:2402 
DEBUG    torch.__trace:structured.py:28 
DEBUG    torch.__trace:symbolic_shapes.py:5971 
DEBUG    torch.__trace:symbolic_shapes.py:8465 
DEBUG    torch.__trace:symbolic_shapes.py:8056 
DEBUG    torch.__trace:utils.py:2402 
DEBUG    torch.__trace:symbolic_shapes.py:5971 
DEBUG    torch.__trace:symbolic_shapes.py:8465 
DEBUG    torch.__trace:utils.py:2402 
DEBUG    torch.__trace:structured.py:28 
DEBUG    torch.__trace:structured.py:28 
DEBUG    torch.__trace:structured.py:28 
DEBUG    torch.__trace:symbolic_shapes.py:5971 
DEBUG    torch.__trace:symbolic_shapes.py:8465 
DEBUG    torch.__trace:symbolic_shapes.py:8056 
DEBUG    torch.__trace:utils.py:2402 
DEBUG    torch.__trace:symbolic_shapes.py:5971 
DEBUG    torch.__trace:symbolic_shapes.py:8465 
DEBUG    torch.__trace:meta_utils.py:298 
DEBUG    torch.__trace:meta_utils.py:537 
DEBUG    torch.__trace:meta_utils.py:2385 
DEBUG    torch.__trace:symbolic_shapes.py:5971 
DEBUG    torch.__trace:utils.py:2402 
DEBUG    torch.__trace:symbolic_shapes.py:5971 
DEBUG    torch.__trace:symbolic_shapes.py:8465 
DEBUG    torch.__trace:symbolic_shapes.py:8056 
DEBUG    torch.__trace:utils.py:2402 
DEBUG    torch.__trace:symbolic_shapes.py:5971 
DEBUG    torch.__trace:symbolic_shapes.py:8465 
DEBUG    torch.__trace:utils.py:2402 
DEBUG    torch.__trace:symbolic_shapes.py:5971 
DEBUG    torch.__trace:symbolic_shapes.py:8465 
DEBUG    torch.__trace:symbolic_shapes.py:8056 
DEBUG    torch.__trace:utils.py:2402 
DEBUG    torch.__trace:symbolic_shapes.py:5971 
DEBUG    torch.__trace:symbolic_shapes.py:8465 
DEBUG    torch.__trace:utils.py:2402 
DEBUG    torch.__trace:utils.py:2402 
DEBUG    torch.__trace:meta_utils.py:298 
DEBUG    torch.__trace:meta_utils.py:537 
DEBUG    torch.__trace:meta_utils.py:2385 
DEBUG    torch.__trace:symbolic_shapes.py:5971 
DEBUG    torch.__trace:symbolic_shapes.py:5971 
DEBUG    torch.__trace:utils.py:2402 
DEBUG    torch.__trace:meta_utils.py:298 
DEBUG    torch.__trace:meta_utils.py:537 
DEBUG    torch.__trace:meta_utils.py:2385 
DEBUG    torch.__trace:symbolic_shapes.py:5971 
DEBUG    torch.__trace:symbolic_shapes.py:5971 
DEBUG    torch.__trace:structured.py:28 
DEBUG    torch.__trace:structured.py:28 
DEBUG    torch.__trace:symbolic_shapes.py:8465 
DEBUG    torch.__trace:symbolic_shapes.py:8465 
DEBUG    torch.__trace:utils.py:2402 
DEBUG    torch.__trace:meta_utils.py:298 
DEBUG    torch.__trace:meta_utils.py:537 
DEBUG    torch.__trace:meta_utils.py:537 
DEBUG    torch.__trace:meta_utils.py:2385 
DEBUG    torch.__trace:symbolic_shapes.py:5971 
DEBUG    torch.__trace:symbolic_shapes.py:8465 
DEBUG    torch.__trace:symbolic_shapes.py:8465 
DEBUG    torch.__trace:utils.py:2402 
DEBUG    torch.__trace:utils.py:2402 
DEBUG    torch.__trace:meta_utils.py:298 
DEBUG    torch.__trace:meta_utils.py:537 
DEBUG    torch.__trace:meta_utils.py:2385 
DEBUG    torch.__trace:symbolic_shapes.py:5971 
DEBUG    torch.__trace:symbolic_shapes.py:8465 
DEBUG    torch.__trace:utils.py:2402 
DEBUG    torch.__trace:meta_utils.py:298 
DEBUG    torch.__trace:meta_utils.py:537 
DEBUG    torch.__trace:meta_utils.py:2385 
DEBUG    torch.__trace:symbolic_shapes.py:5971 
DEBUG    torch.__trace:symbolic_shapes.py:5971 
DEBUG    torch.__trace:utils.py:2402 
DEBUG    torch.__trace:structured.py:28 
DEBUG    torch.__trace:symbolic_shapes.py:5971 
DEBUG    torch.__trace:symbolic_shapes.py:8465 
DEBUG    torch.__trace:symbolic_shapes.py:8465 
DEBUG    torch.__trace:structured.py:28 
DEBUG    torch.__trace:symbolic_shapes.py:8465 
DEBUG    torch.__trace:symbolic_shapes.py:8465 
DEBUG    torch.__trace:symbolic_shapes.py:8465 
DEBUG    torch.__trace:symbolic_shapes.py:8465 
DEBUG    torch.__trace:symbolic_shapes.py:8465 
DEBUG    torch.__trace:symbolic_shapes.py:8465 
DEBUG    torch.__trace:symbolic_shapes.py:8465 
DEBUG    torch.__trace:symbolic_shapes.py:8465 
DEBUG    torch.__trace:symbolic_shapes.py:8465 
DEBUG    torch.__trace:symbolic_shapes.py:8465 
DEBUG    torch.__trace:structured.py:28 
DEBUG    torch.__trace:symbolic_shapes.py:8465 
DEBUG    torch.__trace:symbolic_shapes.py:8465 
DEBUG    torch.__trace:symbolic_shapes.py:8465 
DEBUG    torch.__trace:symbolic_shapes.py:8465 
DEBUG    torch.__trace:meta_utils.py:298 
DEBUG    torch.__trace:meta_utils.py:537 
DEBUG    torch.__trace:meta_utils.py:2385 
DEBUG    torch.__trace:symbolic_shapes.py:8465 
DEBUG    torch.__trace:symbolic_shapes.py:8056 
DEBUG    torch.__trace:symbolic_shapes.py:8056 
DEBUG    torch.__trace:utils.py:2402 
DEBUG    torch.__trace:utils.py:2402 
DEBUG    torch.__trace:meta_utils.py:298 
DEBUG    torch.__trace:meta_utils.py:537 
DEBUG    torch.__trace:meta_utils.py:2385 
DEBUG    torch.__trace:symbolic_shapes.py:5971 
DEBUG    torch.__trace:symbolic_shapes.py:5971 
DEBUG    torch.__trace:symbolic_shapes.py:5971 
DEBUG    torch.__trace:symbolic_shapes.py:8465 
DEBUG    torch.__trace:symbolic_shapes.py:8056 
DEBUG    torch.__trace:symbolic_shapes.py:8465 
DEBUG    torch.__trace:symbolic_shapes.py:8465 
DEBUG    torch.__trace:symbolic_shapes.py:8056 
DEBUG    torch.__trace:utils.py:2402 
DEBUG    torch.__trace:utils.py:2402 
DEBUG    torch.__trace:meta_utils.py:298 
DEBUG    torch.__trace:meta_utils.py:537 
DEBUG    torch.__trace:meta_utils.py:2385 
DEBUG    torch.__trace:symbolic_shapes.py:5971 
DEBUG    torch.__trace:symbolic_shapes.py:8465 
DEBUG    torch.__trace:symbolic_shapes.py:8056 
DEBUG    torch.__trace:utils.py:2402 
DEBUG    torch.__trace:utils.py:2402 
DEBUG    torch.__trace:symbolic_shapes.py:5971 
DEBUG    torch.__trace:utils.py:2402 
DEBUG    torch.__trace:utils.py:2402 
DEBUG    torch.__trace:symbolic_shapes.py:5971 
DEBUG    torch.__trace:meta_utils.py:298 
DEBUG    torch.__trace:meta_utils.py:537 
DEBUG    torch.__trace:meta_utils.py:2385 
DEBUG    torch.__trace:utils.py:2402 
DEBUG    torch.__trace:symbolic_shapes.py:5971 
DEBUG    torch.__trace:symbolic_shapes.py:8465 
DEBUG    torch.__trace:symbolic_shapes.py:8465 
DEBUG    torch.__trace:symbolic_shapes.py:8465 
DEBUG    torch.__trace:symbolic_shapes.py:8465 
DEBUG    torch.__trace:symbolic_shapes.py:8465 
DEBUG    torch.__trace:symbolic_shapes.py:8465 
DEBUG    torch.__trace:symbolic_shapes.py:8465 
DEBUG    torch.__trace:symbolic_shapes.py:8465 
DEBUG    torch.__trace:symbolic_shapes.py:8465 
DEBUG    torch.__trace:symbolic_shapes.py:8056 
DEBUG    torch.__trace:meta_utils.py:298 
DEBUG    torch.__trace:meta_utils.py:537 
DEBUG    torch.__trace:meta_utils.py:2385 
DEBUG    torch.__trace:meta_utils.py:298 
DEBUG    torch.__trace:meta_utils.py:537 
DEBUG    torch.__trace:meta_utils.py:2385 
DEBUG    torch.__trace:meta_utils.py:298 
DEBUG    torch.__trace:meta_utils.py:537 
DEBUG    torch.__trace:meta_utils.py:2385 
DEBUG    torch.__trace:meta_utils.py:298 
DEBUG    torch.__trace:meta_utils.py:537 
DEBUG    torch.__trace:meta_utils.py:2385 
DEBUG    torch.__trace:meta_utils.py:298 
DEBUG    torch.__trace:meta_utils.py:537 
DEBUG    torch.__trace:meta_utils.py:2385 
DEBUG    torch.__trace:meta_utils.py:298 
DEBUG    torch.__trace:meta_utils.py:537 
DEBUG    torch.__trace:meta_utils.py:2385 
DEBUG    torch.__trace:symbolic_shapes.py:8465 
DEBUG    torch.__trace:meta_utils.py:298 
DEBUG    torch.__trace:meta_utils.py:537 
DEBUG    torch.__trace:meta_utils.py:2385 
DEBUG    torch.__trace:meta_utils.py:298 
DEBUG    torch.__trace:meta_utils.py:537 
DEBUG    torch.__trace:meta_utils.py:2385 
DEBUG    torch.__trace:symbolic_shapes.py:8465 
DEBUG    torch.__trace:meta_utils.py:298 
DEBUG    torch.__trace:meta_utils.py:537 
DEBUG    torch.__trace:meta_utils.py:2385 
DEBUG    torch.__trace:meta_utils.py:298 
DEBUG    torch.__trace:meta_utils.py:537 
DEBUG    torch.__trace:meta_utils.py:2385 
DEBUG    torch.__trace:meta_utils.py:298 
DEBUG    torch.__trace:meta_utils.py:537 
DEBUG    torch.__trace:meta_utils.py:2385 
DEBUG    torch.__trace:meta_utils.py:298 
DEBUG    torch.__trace:meta_utils.py:537 
DEBUG    torch.__trace:meta_utils.py:2385 
DEBUG    torch.__trace:structured.py:28 
DEBUG    torch.__trace:structured.py:28 
DEBUG    torch.__trace:structured.py:28 
DEBUG    torch.__trace:symbolic_shapes.py:8465 
DEBUG    torch.__trace:symbolic_shapes.py:8056 
DEBUG    torch.__trace:meta_utils.py:298 
DEBUG    torch.__trace:meta_utils.py:537 
DEBUG    torch.__trace:meta_utils.py:2385 
DEBUG    torch.__trace:symbolic_shapes.py:8465 
DEBUG    torch.__trace:symbolic_shapes.py:8465 
DEBUG    torch.__trace:symbolic_shapes.py:8465 
DEBUG    torch.__trace:symbolic_shapes.py:8465 
DEBUG    torch.__trace:symbolic_shapes.py:8465 
DEBUG    torch.__trace:symbolic_shapes.py:8465 
DEBUG    torch.__trace:symbolic_shapes.py:8465 
DEBUG    torch.__trace:symbolic_shapes.py:8465 
DEBUG    torch.__trace:symbolic_shapes.py:8465 
DEBUG    torch.__trace:symbolic_shapes.py:8465 
DEBUG    torch.__trace:symbolic_shapes.py:8465 
DEBUG    torch.__trace:meta_utils.py:298 
DEBUG    torch.__trace:meta_utils.py:537 
DEBUG    torch.__trace:meta_utils.py:2385 
DEBUG    torch.__trace:meta_utils.py:298 
DEBUG    torch.__trace:meta_utils.py:537 
DEBUG    torch.__trace:meta_utils.py:2385 
DEBUG    torch.__trace:symbolic_shapes.py:8465 
DEBUG    torch.__trace:meta_utils.py:298 
DEBUG    torch.__trace:meta_utils.py:537 
DEBUG    torch.__trace:meta_utils.py:537 
DEBUG    torch.__trace:meta_utils.py:2385 
DEBUG    torch.__trace:symbolic_shapes.py:8465 
DEBUG    torch.__trace:symbolic_shapes.py:8056 
DEBUG    torch.__trace:symbolic_shapes.py:8465 
DEBUG    torch.__trace:symbolic_shapes.py:8465 
DEBUG    torch.__trace:symbolic_shapes.py:8056 
DEBUG    torch.__trace:symbolic_shapes.py:8465 
DEBUG    torch.__trace:symbolic_shapes.py:8056 
DEBUG    torch.__trace:structured.py:28 
DEBUG    torch.__trace:structured.py:28 
DEBUG    torch.__trace:symbolic_shapes.py:8056 
DEBUG    torch.__trace:symbolic_shapes.py:8465 
DEBUG    torch.__trace:symbolic_shapes.py:8056 
DEBUG    torch.__trace:symbolic_shapes.py:8465 
DEBUG    torch.__trace:symbolic_shapes.py:8465 
DEBUG    torch.__trace:utils.py:2363 
DEBUG    torch.__trace:utils.py:2363 
DEBUG    torch.__trace:utils.py:2363 
DEBUG    torch.__trace:output_graph.py:2942 
DEBUG    torch.__trace:utils.py:2363 
DEBUG    torch.__trace:utils.py:2363 
DEBUG    torch.__trace:utils.py:2363 
DEBUG    torch.__trace:utils.py:2363 
DEBUG    torch.__trace:guards.py:4769 
DEBUG    torch.__trace:utils.py:2363 
DEBUG    torch.__trace:utils.py:2363 
DEBUG    torch.__trace:utils.py:2363 
DEBUG    torch.__trace:utils.py:2363 
DEBUG    torch.__trace:utils.py:2363 
DEBUG    torch.__trace:utils.py:2363 
DEBUG    torch.__trace:utils.py:2022 
DEBUG    torch.__trace:utils.py:2363 
DEBUG    torch.__trace:utils.py:2363 
DEBUG    torch.__trace:utils.py:2363 
DEBUG    torch.__trace:guards.py:5625 
DEBUG    torch.__trace:convert_frame.py:304 
DEBUG    torch.__trace:utils.py:2363 
DEBUG    torch.__trace:utils.py:2363 
DEBUG    torch.__trace:meta_utils.py:298 
DEBUG    torch.__trace:meta_utils.py:537 
DEBUG    torch.__trace:meta_utils.py:2385 
DEBUG    torch.__trace:symbolic_shapes.py:5971 
DEBUG    torch.__trace:meta_utils.py:298 
DEBUG    torch.__trace:meta_utils.py:537 
DEBUG    torch.__trace:meta_utils.py:2385 
DEBUG    torch.__trace:symbolic_shapes.py:5971 
DEBUG    torch.__trace:symbolic_shapes.py:5971 
DEBUG    torch.__trace:symbolic_shapes.py:5971 
DEBUG    torch.__trace:meta_utils.py:298 
DEBUG    torch.__trace:meta_utils.py:537 
DEBUG    torch.__trace:meta_utils.py:2385 
DEBUG    torch.__trace:symbolic_shapes.py:5971 
DEBUG    torch.__trace:meta_utils.py:298 
DEBUG    torch.__trace:meta_utils.py:537 
DEBUG    torch.__trace:meta_utils.py:2385 
DEBUG    torch.__trace:utils.py:2402 
DEBUG    torch.__trace:meta_utils.py:298 
DEBUG    torch.__trace:meta_utils.py:537 
DEBUG    torch.__trace:meta_utils.py:2385 
DEBUG    torch.__trace:utils.py:2402 
DEBUG    torch.__trace:utils.py:2402 
DEBUG    torch.__trace:meta_utils.py:298 
DEBUG    torch.__trace:meta_utils.py:537 
DEBUG    torch.__trace:meta_utils.py:2385 
DEBUG    torch.__trace:symbolic_shapes.py:5971 
DEBUG    torch.__trace:meta_utils.py:298 
DEBUG    torch.__trace:meta_utils.py:537 
DEBUG    torch.__trace:meta_utils.py:2385 
DEBUG    torch.__trace:meta_utils.py:298 
DEBUG    torch.__trace:meta_utils.py:537 
DEBUG    torch.__trace:meta_utils.py:2385 
DEBUG    torch.__trace:symbolic_shapes.py:5971 
DEBUG    torch.__trace:symbolic_shapes.py:8465 
DEBUG    torch.__trace:symbolic_shapes.py:8056 
DEBUG    torch.__trace:symbolic_shapes.py:5971 
DEBUG    torch.__trace:symbolic_shapes.py:8465 
DEBUG    torch.__trace:symbolic_shapes.py:5971 
DEBUG    torch.__trace:symbolic_shapes.py:8465 
DEBUG    torch.__trace:symbolic_shapes.py:8056 
DEBUG    torch.__trace:symbolic_shapes.py:5971 
DEBUG    torch.__trace:symbolic_shapes.py:8465 
DEBUG    torch.__trace:meta_utils.py:298 
DEBUG    torch.__trace:meta_utils.py:537 
DEBUG    torch.__trace:meta_utils.py:2385 
DEBUG    torch.__trace:symbolic_shapes.py:5971 
DEBUG    torch.__trace:symbolic_shapes.py:5971 
DEBUG    torch.__trace:symbolic_shapes.py:8465 
DEBUG    torch.__trace:symbolic_shapes.py:8056 
DEBUG    torch.__trace:symbolic_shapes.py:5971 
DEBUG    torch.__trace:symbolic_shapes.py:8465 
DEBUG    torch.__trace:symbolic_shapes.py:5971 
DEBUG    torch.__trace:symbolic_shapes.py:8465 
DEBUG    torch.__trace:symbolic_shapes.py:8056 
DEBUG    torch.__trace:symbolic_shapes.py:5971 
DEBUG    torch.__trace:symbolic_shapes.py:8465 
DEBUG    torch.__trace:meta_utils.py:298 
DEBUG    torch.__trace:meta_utils.py:537 
DEBUG    torch.__trace:meta_utils.py:2385 
DEBUG    torch.__trace:utils.py:2402 
DEBUG    torch.__trace:meta_utils.py:298 
DEBUG    torch.__trace:meta_utils.py:537 
DEBUG    torch.__trace:meta_utils.py:2385 
DEBUG    torch.__trace:symbolic_shapes.py:5971 
DEBUG    torch.__trace:symbolic_shapes.py:5971 
DEBUG    torch.__trace:symbolic_shapes.py:8465 
DEBUG    torch.__trace:meta_utils.py:298 
DEBUG    torch.__trace:meta_utils.py:537 
DEBUG    torch.__trace:meta_utils.py:2385 
DEBUG    torch.__trace:symbolic_shapes.py:5971 
DEBUG    torch.__trace:symbolic_shapes.py:5971 
DEBUG    torch.__trace:symbolic_shapes.py:8465 
DEBUG    torch.__trace:utils.py:2402 
DEBUG    torch.__trace:utils.py:2402 
DEBUG    torch.__trace:meta_utils.py:298 
DEBUG    torch.__trace:meta_utils.py:537 
DEBUG    torch.__trace:meta_utils.py:2385 
DEBUG    torch.__trace:symbolic_shapes.py:5971 
DEBUG    torch.__trace:symbolic_shapes.py:5971 
DEBUG    torch.__trace:symbolic_shapes.py:8465 
DEBUG    torch.__trace:meta_utils.py:298 
DEBUG    torch.__trace:meta_utils.py:537 
DEBUG    torch.__trace:meta_utils.py:2385 
DEBUG    torch.__trace:utils.py:2402 
DEBUG    torch.__trace:utils.py:2402 
DEBUG    torch.__trace:symbolic_shapes.py:5971 
DEBUG    torch.__trace:symbolic_shapes.py:5971 
DEBUG    torch.__trace:symbolic_shapes.py:8465 
DEBUG    torch.__trace:symbolic_shapes.py:8465 
DEBUG    torch.__trace:symbolic_shapes.py:8465 
DEBUG    torch.__trace:symbolic_shapes.py:8465 
DEBUG    torch.__trace:symbolic_shapes.py:8465 
DEBUG    torch.__trace:symbolic_shapes.py:8465 
DEBUG    torch.__trace:symbolic_shapes.py:8465 
DEBUG    torch.__trace:symbolic_shapes.py:8465 
DEBUG    torch.__trace:symbolic_shapes.py:8465 
DEBUG    torch.__trace:symbolic_shapes.py:8465 
DEBUG    torch.__trace:symbolic_shapes.py:8465 
DEBUG    torch.__trace:symbolic_shapes.py:8465 
DEBUG    torch.__trace:symbolic_shapes.py:8465 
DEBUG    torch.__trace:symbolic_shapes.py:8465 
DEBUG    torch.__trace:symbolic_shapes.py:8465 
DEBUG    torch.__trace:symbolic_shapes.py:8465 
DEBUG    torch.__trace:symbolic_shapes.py:8465 
DEBUG    torch.__trace:symbolic_shapes.py:8465 
DEBUG    torch.__trace:symbolic_shapes.py:8465 
DEBUG    torch.__trace:symbolic_shapes.py:8465 
DEBUG    torch.__trace:symbolic_shapes.py:8465 
DEBUG    torch.__trace:symbolic_shapes.py:8465 
DEBUG    torch.__trace:symbolic_shapes.py:8465 
DEBUG    torch.__trace:meta_utils.py:298 
DEBUG    torch.__trace:meta_utils.py:537 
DEBUG    torch.__trace:meta_utils.py:2385 
DEBUG    torch.__trace:symbolic_shapes.py:8465 
DEBUG    torch.__trace:symbolic_shapes.py:8465 
DEBUG    torch.__trace:symbolic_shapes.py:8465 
DEBUG    torch.__trace:symbolic_shapes.py:8056 
DEBUG    torch.__trace:symbolic_shapes.py:8465 
DEBUG    torch.__trace:symbolic_shapes.py:8056 
DEBUG    torch.__trace:meta_utils.py:298 
DEBUG    torch.__trace:meta_utils.py:537 
DEBUG    torch.__trace:meta_utils.py:2385 
DEBUG    torch.__trace:meta_utils.py:298 
DEBUG    torch.__trace:meta_utils.py:537 
DEBUG    torch.__trace:meta_utils.py:2385 
DEBUG    torch.__trace:meta_utils.py:298 
DEBUG    torch.__trace:meta_utils.py:537 
DEBUG    torch.__trace:meta_utils.py:2385 
DEBUG    torch.__trace:meta_utils.py:298 
DEBUG    torch.__trace:meta_utils.py:537 
DEBUG    torch.__trace:meta_utils.py:2385 
DEBUG    torch.__trace:meta_utils.py:298 
DEBUG    torch.__trace:meta_utils.py:537 
DEBUG    torch.__trace:meta_utils.py:2385 
DEBUG    torch.__trace:meta_utils.py:298 
DEBUG    torch.__trace:meta_utils.py:537 
DEBUG    torch.__trace:meta_utils.py:2385 
DEBUG    torch.__trace:meta_utils.py:298 
DEBUG    torch.__trace:meta_utils.py:537 
DEBUG    torch.__trace:meta_utils.py:2385 
DEBUG    torch.__trace:meta_utils.py:298 
DEBUG    torch.__trace:meta_utils.py:537 
DEBUG    torch.__trace:meta_utils.py:2385 
DEBUG    torch.__trace:meta_utils.py:298 
DEBUG    torch.__trace:meta_utils.py:537 
DEBUG    torch.__trace:meta_utils.py:2385 
DEBUG    torch.__trace:meta_utils.py:298 
DEBUG    torch.__trace:meta_utils.py:537 
DEBUG    torch.__trace:meta_utils.py:2385 
DEBUG    torch.__trace:meta_utils.py:298 
DEBUG    torch.__trace:meta_utils.py:537 
DEBUG    torch.__trace:meta_utils.py:2385 
DEBUG    torch.__trace:symbolic_shapes.py:5971 
DEBUG    torch.__trace:symbolic_shapes.py:5971 
DEBUG    torch.__trace:symbolic_shapes.py:8465 
DEBUG    torch.__trace:symbolic_shapes.py:8056 
DEBUG    torch.__trace:meta_utils.py:298 
DEBUG    torch.__trace:meta_utils.py:537 
DEBUG    torch.__trace:meta_utils.py:2385 
DEBUG    torch.__trace:symbolic_shapes.py:8465 
DEBUG    torch.__trace:symbolic_shapes.py:8056 
DEBUG    torch.__trace:symbolic_shapes.py:8465 
DEBUG    torch.__trace:symbolic_shapes.py:8056 
DEBUG    torch.__trace:meta_utils.py:298 
DEBUG    torch.__trace:meta_utils.py:537 
DEBUG    torch.__trace:meta_utils.py:2385 
DEBUG    torch.__trace:symbolic_shapes.py:8465 
DEBUG    torch.__trace:symbolic_shapes.py:8465 
DEBUG    torch.__trace:symbolic_shapes.py:8465 
DEBUG    torch.__trace:symbolic_shapes.py:8465 
DEBUG    torch.__trace:symbolic_shapes.py:8465 
DEBUG    torch.__trace:symbolic_shapes.py:8465 
DEBUG    torch.__trace:symbolic_shapes.py:8465 
DEBUG    torch.__trace:meta_utils.py:298 
DEBUG    torch.__trace:meta_utils.py:537 
DEBUG    torch.__trace:meta_utils.py:2385 
DEBUG    torch.__trace:meta_utils.py:298 
DEBUG    torch.__trace:meta_utils.py:537 
DEBUG    torch.__trace:meta_utils.py:2385 
DEBUG    torch.__trace:meta_utils.py:298 
DEBUG    torch.__trace:meta_utils.py:537 
DEBUG    torch.__trace:meta_utils.py:2385 
DEBUG    torch.__trace:meta_utils.py:298 
DEBUG    torch.__trace:meta_utils.py:537 
DEBUG    torch.__trace:meta_utils.py:2385 
DEBUG    torch.__trace:symbolic_shapes.py:5971 
DEBUG    torch.__trace:symbolic_shapes.py:5971 
DEBUG    torch.__trace:symbolic_shapes.py:8465 
DEBUG    torch.__trace:symbolic_shapes.py:8056 
DEBUG    torch.__trace:symbolic_shapes.py:8465 
DEBUG    torch.__trace:symbolic_shapes.py:8056 
DEBUG    torch.__trace:meta_utils.py:298 
DEBUG    torch.__trace:meta_utils.py:537 
DEBUG    torch.__trace:meta_utils.py:2385 
DEBUG    torch.__trace:symbolic_shapes.py:5971 
DEBUG    torch.__trace:symbolic_shapes.py:5971 
DEBUG    torch.__trace:meta_utils.py:298 
DEBUG    torch.__trace:meta_utils.py:537 
DEBUG    torch.__trace:meta_utils.py:2385 
DEBUG    torch.__trace:symbolic_shapes.py:5971 
DEBUG    torch.__trace:symbolic_shapes.py:5971 
DEBUG    torch.__trace:symbolic_shapes.py:8465 
DEBUG    torch.__trace:symbolic_shapes.py:8056 
DEBUG    torch.__trace:symbolic_shapes.py:8465 
DEBUG    torch.__trace:symbolic_shapes.py:8465 
DEBUG    torch.__trace:symbolic_shapes.py:8465 
DEBUG    torch.__trace:symbolic_shapes.py:8056 
DEBUG    torch.__trace:utils.py:2363 
DEBUG    torch.__trace:utils.py:2363 
DEBUG    torch.__trace:utils.py:2363 
DEBUG    torch.__trace:output_graph.py:2942 
DEBUG    torch.__trace:utils.py:2363 
DEBUG    torch.__trace:utils.py:2363 
DEBUG    torch.__trace:utils.py:2363 
DEBUG    torch.__trace:utils.py:2363 
DEBUG    torch.__trace:guards.py:4769 
DEBUG    torch.__trace:utils.py:2363 
DEBUG    torch.__trace:utils.py:2363 
DEBUG    torch.__trace:utils.py:2363 
DEBUG    torch.__trace:utils.py:2363 
DEBUG    torch.__trace:utils.py:2363 
DEBUG    torch.__trace:utils.py:2363 
DEBUG    torch.__trace:utils.py:2022 
DEBUG    torch.__trace:utils.py:2363
=============================== warnings summary ===============================
test/test_explicit_dimensions.py::TestXorGrammarReconstruction::test_piecewise_overall_at_least_50_pct
  /Users/arogers/github/WikiOracle/basicmodel/.venv/lib/python3.12/site-packages/torch/utils/_device.py:122: UserWarning: Sparse invariant checks are implicitly disabled. Memory errors (e.g. SEGFAULT) will occur when operating on a sparse tensor which violates the invariants, but checks incur performance overhead. To silence this warning, explicitly opt in or out. See `torch.sparse.check_sparse_tensor_invariants.__doc__` for guidance.  (Triggered internally at /Users/runner/work/pytorch/pytorch/aten/src/ATen/Context.cpp:855.)
    return func(*args, **kwargs)

-- Docs: https://docs.pytest.org/en/stable/how-to/capture-warnings.html
=========================== short test summary info ============================
FAILED test/test_explicit_dimensions.py::TestXorGrammarReconstruction::test_piecewise_overall_at_least_50_pct
1 failed, 1 warning in 188.14s (0:03:08)
