F                                                                        [100%]
=================================== FAILURES ===================================
_______________ TestXorGrammarLearnsXor.test_xor_class_accuracy ________________
test/test_explicit_dimensions.py:236: in test_xor_class_accuracy
    self.assertTrue(
E   AssertionError: False is not true : XOR_grammar requires all four answers correct: [0.6347634792327881, 0.6670573353767395, 0.6209019422531128, 0.617917537689209]
----------------------------- Captured stdout call -----------------------------
Device: cpu
Peer pipeline: static PS/WS stage bodies compiled separately; legacy compatibility scheduler remains outside fullgraph capture


==== BasicModel ====

Trial [1/1]
Baseline test pass skipped (--test not specified). Re-invoke train.py with --test to include baseline + post-epoch evaluation.
Epoch [1/400]
[AMP] off (fp32, MODEL_AMP unset or =off)
batch = 0 (warm-up, 100.00%)
Training throughput: 1 batches in 105.004s; word units 100.0% of 8 words (letters-only 100.0% of 8).
Train Loss: output=0.1609, reconstruction=2.7529
Epoch [2/400]
batch = 0 (Δ=0.343s, 100.00%)
Training throughput: 1 batches in 0.343s; word units 100.0% of 8 words (letters-only 100.0% of 8).
Train Loss: output=0.1321, reconstruction=2.3102
Epoch [3/400]
batch = 0 (Δ=0.339s, 100.00%)
Training throughput: 1 batches in 0.338s; word units 100.0% of 8 words (letters-only 100.0% of 8).
Train Loss: output=0.1409, reconstruction=7.4139
Epoch [4/400]
batch = 0 (Δ=0.340s, 100.00%)
Training throughput: 1 batches in 0.339s; word units 100.0% of 8 words (letters-only 100.0% of 8).
Train Loss: output=0.1228, reconstruction=5.0876
Epoch [5/400]
batch = 0 (Δ=0.339s, 100.00%)
Training throughput: 1 batches in 0.339s; word units 100.0% of 8 words (letters-only 100.0% of 8).
Train Loss: output=0.1857, reconstruction=6.9433
Epoch [6/400]
batch = 0 (Δ=0.334s, 100.00%)
Training throughput: 1 batches in 0.334s; word units 100.0% of 8 words (letters-only 100.0% of 8).
Train Loss: output=0.1885, reconstruction=0.0207
Epoch [7/400]
batch = 0 (Δ=0.343s, 100.00%)
Training throughput: 1 batches in 0.342s; word units 100.0% of 8 words (letters-only 100.0% of 8).
Train Loss: output=0.1950, reconstruction=2.3260
Epoch [8/400]
batch = 0 (Δ=0.339s, 100.00%)
Training throughput: 1 batches in 0.339s; word units 100.0% of 8 words (letters-only 100.0% of 8).
Train Loss: output=0.1901, reconstruction=2.3285
Epoch [9/400]
batch = 0 (Δ=0.336s, 100.00%)
Training throughput: 1 batches in 0.336s; word units 100.0% of 8 words (letters-only 100.0% of 8).
Train Loss: output=0.1806, reconstruction=0.0285
Epoch [10/400]
batch = 0 (Δ=0.340s, 100.00%)
Training throughput: 1 batches in 0.340s; word units 100.0% of 8 words (letters-only 100.0% of 8).
Train Loss: output=0.1770, reconstruction=3.9896
Epoch [11/400]
batch = 0 (Δ=0.340s, 100.00%)
Training throughput: 1 batches in 0.339s; word units 100.0% of 8 words (letters-only 100.0% of 8).
Train Loss: output=0.1700, reconstruction=0.0353
Epoch [12/400]
batch = 0 (Δ=0.341s, 100.00%)
Training throughput: 1 batches in 0.341s; word units 100.0% of 8 words (letters-only 100.0% of 8).
Train Loss: output=0.1744, reconstruction=2.3422
Epoch [13/400]
batch = 0 (Δ=0.344s, 100.00%)
Training throughput: 1 batches in 0.343s; word units 100.0% of 8 words (letters-only 100.0% of 8).
Train Loss: output=0.1710, reconstruction=2.3461
Epoch [14/400]
batch = 0 (Δ=0.346s, 100.00%)
Training throughput: 1 batches in 0.345s; word units 100.0% of 8 words (letters-only 100.0% of 8).
Train Loss: output=0.1604, reconstruction=0.0469
Epoch [15/400]
batch = 0 (Δ=0.370s, 100.00%)
Training throughput: 1 batches in 0.369s; word units 100.0% of 8 words (letters-only 100.0% of 8).
Train Loss: output=0.1893, reconstruction=3.9953
Epoch [16/400]
batch = 0 (Δ=0.347s, 100.00%)
Training throughput: 1 batches in 0.346s; word units 100.0% of 8 words (letters-only 100.0% of 8).
Train Loss: output=0.1639, reconstruction=5.2337
Epoch [17/400]
batch = 0 (Δ=0.345s, 100.00%)
Training throughput: 1 batches in 0.345s; word units 100.0% of 8 words (letters-only 100.0% of 8).
Train Loss: output=0.2212, reconstruction=3.9979
Epoch [18/400]
batch = 0 (Δ=0.347s, 100.00%)
Training throughput: 1 batches in 0.346s; word units 100.0% of 8 words (letters-only 100.0% of 8).
Train Loss: output=0.2045, reconstruction=0.0598
Epoch [19/400]
batch = 0 (Δ=0.337s, 100.00%)
Training throughput: 1 batches in 0.336s; word units 100.0% of 8 words (letters-only 100.0% of 8).
Train Loss: output=0.1818, reconstruction=0.0657
Epoch [20/400]
batch = 0 (Δ=0.343s, 100.00%)
Training throughput: 1 batches in 0.342s; word units 100.0% of 8 words (letters-only 100.0% of 8).
Train Loss: output=0.1730, reconstruction=2.9498
Epoch [21/400]
batch = 0 (Δ=0.346s, 100.00%)
Training throughput: 1 batches in 0.345s; word units 100.0% of 8 words (letters-only 100.0% of 8).
Train Loss: output=0.1535, reconstruction=0.0760
Epoch [22/400]
batch = 0 (Δ=0.344s, 100.00%)
Training throughput: 1 batches in 0.343s; word units 100.0% of 8 words (letters-only 100.0% of 8).
Train Loss: output=0.1391, reconstruction=0.0795
Epoch [23/400]
batch = 0 (Δ=0.344s, 100.00%)
Training throughput: 1 batches in 0.344s; word units 100.0% of 8 words (letters-only 100.0% of 8).
Train Loss: output=0.1276, reconstruction=0.0832
Epoch [24/400]
batch = 0 (Δ=0.344s, 100.00%)
Training throughput: 1 batches in 0.343s; word units 100.0% of 8 words (letters-only 100.0% of 8).
Train Loss: output=0.1157, reconstruction=0.0873
Epoch [25/400]
batch = 0 (Δ=0.342s, 100.00%)
Training throughput: 1 batches in 0.341s; word units 100.0% of 8 words (letters-only 100.0% of 8).
Train Loss: output=0.1053, reconstruction=0.0913
Epoch [26/400]
batch = 0 (Δ=0.345s, 100.00%)
Training throughput: 1 batches in 0.344s; word units 100.0% of 8 words (letters-only 100.0% of 8).
Train Loss: output=0.1769, reconstruction=2.9723
Epoch [27/400]
batch = 0 (Δ=0.348s, 100.00%)
Training throughput: 1 batches in 0.347s; word units 100.0% of 8 words (letters-only 100.0% of 8).
Train Loss: output=0.1163, reconstruction=1.7535
Epoch [28/400]
batch = 0 (Δ=0.342s, 100.00%)
Training throughput: 1 batches in 0.341s; word units 100.0% of 8 words (letters-only 100.0% of 8).
Train Loss: output=0.1273, reconstruction=0.1006
Epoch [29/400]
batch = 0 (Δ=0.342s, 100.00%)
Training throughput: 1 batches in 0.342s; word units 100.0% of 8 words (letters-only 100.0% of 8).
Train Loss: output=0.1603, reconstruction=1.7690
Epoch [30/400]
batch = 0 (Δ=0.346s, 100.00%)
Training throughput: 1 batches in 0.345s; word units 100.0% of 8 words (letters-only 100.0% of 8).
Train Loss: output=0.1174, reconstruction=2.9879
Epoch [31/400]
batch = 0 (Δ=0.360s, 100.00%)
Training throughput: 1 batches in 0.359s; word units 100.0% of 8 words (letters-only 100.0% of 8).
Train Loss: output=0.0996, reconstruction=1.7803
Epoch [32/400]
batch = 0 (Δ=0.343s, 100.00%)
Training throughput: 1 batches in 0.343s; word units 100.0% of 8 words (letters-only 100.0% of 8).
Train Loss: output=0.1447, reconstruction=2.9976
Epoch [33/400]
batch = 0 (Δ=0.349s, 100.00%)
Training throughput: 1 batches in 0.349s; word units 100.0% of 8 words (letters-only 100.0% of 8).
Train Loss: output=0.0978, reconstruction=1.7838
Epoch [34/400]
batch = 0 (Δ=0.343s, 100.00%)
Training throughput: 1 batches in 0.343s; word units 100.0% of 8 words (letters-only 100.0% of 8).
Train Loss: output=0.1186, reconstruction=0.1269
Epoch [35/400]
batch = 0 (Δ=0.344s, 100.00%)
Training throughput: 1 batches in 0.344s; word units 100.0% of 8 words (letters-only 100.0% of 8).
Train Loss: output=0.0920, reconstruction=0.1325
Epoch [36/400]
batch = 0 (Δ=0.346s, 100.00%)
Training throughput: 1 batches in 0.345s; word units 100.0% of 8 words (letters-only 100.0% of 8).
Train Loss: output=0.0990, reconstruction=1.7877
Epoch [37/400]
batch = 0 (Δ=0.340s, 100.00%)
Training throughput: 1 batches in 0.340s; word units 100.0% of 8 words (letters-only 100.0% of 8).
Train Loss: output=0.1088, reconstruction=3.0192
Epoch [38/400]
batch = 0 (Δ=0.346s, 100.00%)
Training throughput: 1 batches in 0.345s; word units 100.0% of 8 words (letters-only 100.0% of 8).
Train Loss: output=0.0949, reconstruction=1.7892
Epoch [39/400]
batch = 0 (Δ=0.342s, 100.00%)
Training throughput: 1 batches in 0.341s; word units 100.0% of 8 words (letters-only 100.0% of 8).
Train Loss: output=0.1559, reconstruction=0.1474
Epoch [40/400]
batch = 0 (Δ=0.342s, 100.00%)
Training throughput: 1 batches in 0.342s; word units 100.0% of 8 words (letters-only 100.0% of 8).
Train Loss: output=0.1427, reconstruction=0.1501
Epoch [41/400]
batch = 0 (Δ=0.345s, 100.00%)
Training throughput: 1 batches in 0.344s; word units 100.0% of 8 words (letters-only 100.0% of 8).
Train Loss: output=0.1187, reconstruction=1.7902
Epoch [42/400]
batch = 0 (Δ=0.342s, 100.00%)
Training throughput: 1 batches in 0.341s; word units 100.0% of 8 words (letters-only 100.0% of 8).
Train Loss: output=0.1064, reconstruction=1.7899
Epoch [43/400]
batch = 0 (Δ=0.343s, 100.00%)
Training throughput: 1 batches in 0.342s; word units 100.0% of 8 words (letters-only 100.0% of 8).
Train Loss: output=0.0989, reconstruction=0.1564
Epoch [44/400]
batch = 0 (Δ=0.346s, 100.00%)
Training throughput: 1 batches in 0.345s; word units 100.0% of 8 words (letters-only 100.0% of 8).
Train Loss: output=0.1183, reconstruction=0.1600
Epoch [45/400]
batch = 0 (Δ=0.344s, 100.00%)
Training throughput: 1 batches in 0.344s; word units 100.0% of 8 words (letters-only 100.0% of 8).
Train Loss: output=0.1339, reconstruction=3.0406
Epoch [46/400]
batch = 0 (Δ=0.344s, 100.00%)
Training throughput: 1 batches in 0.343s; word units 100.0% of 8 words (letters-only 100.0% of 8).
Train Loss: output=0.0968, reconstruction=1.7910
Epoch [47/400]
batch = 0 (Δ=0.344s, 100.00%)
Training throughput: 1 batches in 0.344s; word units 100.0% of 8 words (letters-only 100.0% of 8).
Train Loss: output=0.1486, reconstruction=3.0401
Epoch [48/400]
batch = 0 (Δ=0.343s, 100.00%)
Training throughput: 1 batches in 0.343s; word units 100.0% of 8 words (letters-only 100.0% of 8).
Train Loss: output=0.0986, reconstruction=0.1627
Epoch [49/400]
batch = 0 (Δ=0.344s, 100.00%)
Training throughput: 1 batches in 0.343s; word units 100.0% of 8 words (letters-only 100.0% of 8).
Train Loss: output=0.0918, reconstruction=4.0999
Epoch [50/400]
batch = 0 (Δ=0.345s, 100.00%)
Training throughput: 1 batches in 0.345s; word units 100.0% of 8 words (letters-only 100.0% of 8).
Train Loss: output=0.0912, reconstruction=4.1054
Epoch [51/400]
batch = 0 (Δ=0.345s, 100.00%)
Training throughput: 1 batches in 0.344s; word units 100.0% of 8 words (letters-only 100.0% of 8).
Train Loss: output=0.0923, reconstruction=2.4753
Epoch [52/400]
batch = 0 (Δ=0.347s, 100.00%)
Training throughput: 1 batches in 0.346s; word units 100.0% of 8 words (letters-only 100.0% of 8).
Train Loss: output=0.0925, reconstruction=2.4767
Epoch [53/400]
batch = 0 (Δ=0.339s, 100.00%)
Training throughput: 1 batches in 0.339s; word units 100.0% of 8 words (letters-only 100.0% of 8).
Train Loss: output=0.1058, reconstruction=5.3539
Epoch [54/400]
batch = 0 (Δ=0.345s, 100.00%)
Training throughput: 1 batches in 0.345s; word units 100.0% of 8 words (letters-only 100.0% of 8).
Train Loss: output=0.0952, reconstruction=2.4715
Epoch [55/400]
batch = 0 (Δ=0.348s, 100.00%)
Training throughput: 1 batches in 0.348s; word units 100.0% of 8 words (letters-only 100.0% of 8).
Train Loss: output=0.1040, reconstruction=5.3426
Epoch [56/400]
batch = 0 (Δ=0.345s, 100.00%)
Training throughput: 1 batches in 0.344s; word units 100.0% of 8 words (letters-only 100.0% of 8).
Train Loss: output=0.0971, reconstruction=5.3362
Epoch [57/400]
batch = 0 (Δ=0.347s, 100.00%)
Training throughput: 1 batches in 0.346s; word units 100.0% of 8 words (letters-only 100.0% of 8).
Train Loss: output=0.0922, reconstruction=5.3304
Epoch [58/400]
batch = 0 (Δ=0.348s, 100.00%)
Training throughput: 1 batches in 0.348s; word units 100.0% of 8 words (letters-only 100.0% of 8).
Train Loss: output=0.0911, reconstruction=4.1227
Epoch [59/400]
batch = 0 (Δ=0.341s, 100.00%)
Training throughput: 1 batches in 0.340s; word units 100.0% of 8 words (letters-only 100.0% of 8).
Train Loss: output=0.1202, reconstruction=3.0193
Epoch [60/400]
batch = 0 (Δ=0.350s, 100.00%)
Training throughput: 1 batches in 0.350s; word units 100.0% of 8 words (letters-only 100.0% of 8).
Train Loss: output=0.1117, reconstruction=0.1367
Epoch [61/400]
batch = 0 (Δ=0.354s, 100.00%)
Training throughput: 1 batches in 0.353s; word units 100.0% of 8 words (letters-only 100.0% of 8).
Train Loss: output=0.1112, reconstruction=1.8218
Epoch [62/400]
batch = 0 (Δ=0.380s, 100.00%)
Training throughput: 1 batches in 0.380s; word units 100.0% of 8 words (letters-only 100.0% of 8).
Train Loss: output=0.0928, reconstruction=4.1158
Epoch [63/400]
batch = 0 (Δ=0.343s, 100.00%)
Training throughput: 1 batches in 0.342s; word units 100.0% of 8 words (letters-only 100.0% of 8).
Train Loss: output=0.0949, reconstruction=2.4216
Epoch [64/400]
batch = 0 (Δ=0.343s, 100.00%)
Training throughput: 1 batches in 0.343s; word units 100.0% of 8 words (letters-only 100.0% of 8).
Train Loss: output=0.0976, reconstruction=2.9915
Epoch [65/400]
batch = 0 (Δ=0.347s, 100.00%)
Training throughput: 1 batches in 0.347s; word units 100.0% of 8 words (letters-only 100.0% of 8).
Train Loss: output=0.0912, reconstruction=2.9847
Epoch [66/400]
batch = 0 (Δ=0.347s, 100.00%)
Training throughput: 1 batches in 0.346s; word units 100.0% of 8 words (letters-only 100.0% of 8).
Train Loss: output=0.0904, reconstruction=2.4031
Epoch [67/400]
batch = 0 (Δ=0.346s, 100.00%)
Training throughput: 1 batches in 0.346s; word units 100.0% of 8 words (letters-only 100.0% of 8).
Train Loss: output=0.0889, reconstruction=2.3982
Epoch [68/400]
batch = 0 (Δ=0.347s, 100.00%)
Training throughput: 1 batches in 0.346s; word units 100.0% of 8 words (letters-only 100.0% of 8).
Train Loss: output=0.0770, reconstruction=2.3943
Epoch [69/400]
batch = 0 (Δ=0.342s, 100.00%)
Training throughput: 1 batches in 0.341s; word units 100.0% of 8 words (letters-only 100.0% of 8).
Train Loss: output=0.0879, reconstruction=2.3930
Epoch [70/400]
batch = 0 (Δ=0.345s, 100.00%)
Training throughput: 1 batches in 0.345s; word units 100.0% of 8 words (letters-only 100.0% of 8).
Train Loss: output=0.0752, reconstruction=2.3922
Epoch [71/400]
batch = 0 (Δ=0.346s, 100.00%)
Training throughput: 1 batches in 0.345s; word units 100.0% of 8 words (letters-only 100.0% of 8).
Train Loss: output=0.0748, reconstruction=2.3901
Epoch [72/400]
batch = 0 (Δ=0.343s, 100.00%)
Training throughput: 1 batches in 0.342s; word units 100.0% of 8 words (letters-only 100.0% of 8).
Train Loss: output=0.0881, reconstruction=1.8084
Epoch [73/400]
batch = 0 (Δ=0.348s, 100.00%)
Training throughput: 1 batches in 0.347s; word units 100.0% of 8 words (letters-only 100.0% of 8).
Train Loss: output=0.0888, reconstruction=4.1233
Epoch [74/400]
batch = 0 (Δ=0.349s, 100.00%)
Training throughput: 1 batches in 0.348s; word units 100.0% of 8 words (letters-only 100.0% of 8).
Train Loss: output=0.0727, reconstruction=5.2732
Epoch [75/400]
batch = 0 (Δ=0.345s, 100.00%)
Training throughput: 1 batches in 0.345s; word units 100.0% of 8 words (letters-only 100.0% of 8).
Train Loss: output=0.0888, reconstruction=3.2787
Epoch [76/400]
batch = 0 (Δ=0.345s, 100.00%)
Training throughput: 1 batches in 0.344s; word units 100.0% of 8 words (letters-only 100.0% of 8).
Train Loss: output=0.0881, reconstruction=3.2721
Epoch [77/400]
batch = 0 (Δ=0.347s, 100.00%)
Training throughput: 1 batches in 0.346s; word units 100.0% of 8 words (letters-only 100.0% of 8).
Train Loss: output=0.0831, reconstruction=0.1021
Epoch [78/400]
batch = 0 (Δ=0.345s, 100.00%)
Training throughput: 1 batches in 0.344s; word units 100.0% of 8 words (letters-only 100.0% of 8).
Train Loss: output=0.2063, reconstruction=5.2871
Epoch [79/400]
batch = 0 (Δ=0.350s, 100.00%)
Training throughput: 1 batches in 0.350s; word units 100.0% of 8 words (letters-only 100.0% of 8).
Train Loss: output=0.1830, reconstruction=4.3977
Epoch [80/400]
batch = 0 (Δ=0.348s, 100.00%)
Training throughput: 1 batches in 0.348s; word units 100.0% of 8 words (letters-only 100.0% of 8).
Train Loss: output=0.1649, reconstruction=0.1210
Epoch [81/400]
batch = 0 (Δ=0.346s, 100.00%)
Training throughput: 1 batches in 0.345s; word units 100.0% of 8 words (letters-only 100.0% of 8).
Train Loss: output=0.1738, reconstruction=4.0970
Epoch [82/400]
batch = 0 (Δ=0.348s, 100.00%)
Training throughput: 1 batches in 0.347s; word units 100.0% of 8 words (letters-only 100.0% of 8).
Train Loss: output=0.1560, reconstruction=2.4365
Epoch [83/400]
batch = 0 (Δ=0.349s, 100.00%)
Training throughput: 1 batches in 0.348s; word units 100.0% of 8 words (letters-only 100.0% of 8).
Train Loss: output=0.1565, reconstruction=2.4430
Epoch [84/400]
batch = 0 (Δ=0.348s, 100.00%)
Training throughput: 1 batches in 0.347s; word units 100.0% of 8 words (letters-only 100.0% of 8).
Train Loss: output=0.1665, reconstruction=4.1126
Epoch [85/400]
batch = 0 (Δ=0.346s, 100.00%)
Training throughput: 1 batches in 0.346s; word units 100.0% of 8 words (letters-only 100.0% of 8).
Train Loss: output=0.1650, reconstruction=4.1171
Epoch [86/400]
batch = 0 (Δ=0.348s, 100.00%)
Training throughput: 1 batches in 0.347s; word units 100.0% of 8 words (letters-only 100.0% of 8).
Train Loss: output=0.1442, reconstruction=5.3354
Epoch [87/400]
batch = 0 (Δ=0.344s, 100.00%)
Training throughput: 1 batches in 0.344s; word units 100.0% of 8 words (letters-only 100.0% of 8).
Train Loss: output=0.1348, reconstruction=2.4630
Epoch [88/400]
batch = 0 (Δ=0.349s, 100.00%)
Training throughput: 1 batches in 0.348s; word units 100.0% of 8 words (letters-only 100.0% of 8).
Train Loss: output=0.1070, reconstruction=2.4689
Epoch [89/400]
batch = 0 (Δ=0.348s, 100.00%)
Training throughput: 1 batches in 0.347s; word units 100.0% of 8 words (letters-only 100.0% of 8).
Train Loss: output=0.1166, reconstruction=5.3539
Epoch [90/400]
batch = 0 (Δ=0.351s, 100.00%)
Training throughput: 1 batches in 0.350s; word units 100.0% of 8 words (letters-only 100.0% of 8).
Train Loss: output=0.0908, reconstruction=2.4772
Epoch [91/400]
batch = 0 (Δ=0.344s, 100.00%)
Training throughput: 1 batches in 0.344s; word units 100.0% of 8 words (letters-only 100.0% of 8).
Train Loss: output=0.1249, reconstruction=4.1361
Epoch [92/400]
batch = 0 (Δ=0.346s, 100.00%)
Training throughput: 1 batches in 0.346s; word units 100.0% of 8 words (letters-only 100.0% of 8).
Train Loss: output=0.0976, reconstruction=2.4718
Epoch [93/400]
batch = 0 (Δ=0.345s, 100.00%)
Training throughput: 1 batches in 0.344s; word units 100.0% of 8 words (letters-only 100.0% of 8).
Train Loss: output=0.0719, reconstruction=5.3469
Epoch [94/400]
batch = 0 (Δ=0.345s, 100.00%)
Training throughput: 1 batches in 0.344s; word units 100.0% of 8 words (letters-only 100.0% of 8).
Train Loss: output=0.1273, reconstruction=4.1262
Epoch [95/400]
batch = 0 (Δ=0.347s, 100.00%)
Training throughput: 1 batches in 0.346s; word units 100.0% of 8 words (letters-only 100.0% of 8).
Train Loss: output=0.1356, reconstruction=5.3366
Epoch [96/400]
batch = 0 (Δ=0.344s, 100.00%)
Training throughput: 1 batches in 0.344s; word units 100.0% of 8 words (letters-only 100.0% of 8).
Train Loss: output=0.1843, reconstruction=4.1226
Epoch [97/400]
batch = 0 (Δ=0.347s, 100.00%)
Training throughput: 1 batches in 0.347s; word units 100.0% of 8 words (letters-only 100.0% of 8).
Train Loss: output=0.1485, reconstruction=4.3500
Epoch [98/400]
batch = 0 (Δ=0.350s, 100.00%)
Training throughput: 1 batches in 0.349s; word units 100.0% of 8 words (letters-only 100.0% of 8).
Train Loss: output=0.1549, reconstruction=3.1487
Epoch [99/400]
batch = 0 (Δ=0.349s, 100.00%)
Training throughput: 1 batches in 0.348s; word units 100.0% of 8 words (letters-only 100.0% of 8).
Train Loss: output=0.1552, reconstruction=5.3316
Epoch [100/400]
batch = 0 (Δ=0.344s, 100.00%)
Training throughput: 1 batches in 0.343s; word units 100.0% of 8 words (letters-only 100.0% of 8).
Train Loss: output=0.1698, reconstruction=3.0315
Epoch [101/400]
batch = 0 (Δ=0.344s, 100.00%)
Training throughput: 1 batches in 0.344s; word units 100.0% of 8 words (letters-only 100.0% of 8).
Train Loss: output=0.1953, reconstruction=1.8271
Epoch [102/400]
batch = 0 (Δ=0.346s, 100.00%)
Training throughput: 1 batches in 0.346s; word units 100.0% of 8 words (letters-only 100.0% of 8).
Train Loss: output=0.1592, reconstruction=3.0348
Epoch [103/400]
batch = 0 (Δ=0.344s, 100.00%)
Training throughput: 1 batches in 0.343s; word units 100.0% of 8 words (letters-only 100.0% of 8).
Train Loss: output=0.1382, reconstruction=2.4606
Epoch [104/400]
batch = 0 (Δ=0.344s, 100.00%)
Training throughput: 1 batches in 0.343s; word units 100.0% of 8 words (letters-only 100.0% of 8).
Train Loss: output=0.1064, reconstruction=5.3351
Epoch [105/400]
batch = 0 (Δ=0.345s, 100.00%)
Training throughput: 1 batches in 0.345s; word units 100.0% of 8 words (letters-only 100.0% of 8).
Train Loss: output=0.0929, reconstruction=5.3461
Epoch [106/400]
batch = 0 (Δ=0.343s, 100.00%)
Training throughput: 1 batches in 0.342s; word units 100.0% of 8 words (letters-only 100.0% of 8).
Train Loss: output=0.0946, reconstruction=5.6610
Epoch [107/400]
batch = 0 (Δ=0.348s, 100.00%)
Training throughput: 1 batches in 0.348s; word units 100.0% of 8 words (letters-only 100.0% of 8).
Train Loss: output=0.1762, reconstruction=1.6811
Epoch [108/400]
batch = 0 (Δ=0.347s, 100.00%)
Training throughput: 1 batches in 0.346s; word units 100.0% of 8 words (letters-only 100.0% of 8).
Train Loss: output=0.0939, reconstruction=4.5581
Epoch [109/400]
batch = 0 (Δ=0.351s, 100.00%)
Training throughput: 1 batches in 0.351s; word units 100.0% of 8 words (letters-only 100.0% of 8).
Train Loss: output=0.1569, reconstruction=3.3632
Epoch [110/400]
batch = 0 (Δ=0.348s, 100.00%)
Training throughput: 1 batches in 0.348s; word units 100.0% of 8 words (letters-only 100.0% of 8).
Train Loss: output=0.1158, reconstruction=3.3402
Epoch [111/400]
batch = 0 (Δ=0.351s, 100.00%)
Training throughput: 1 batches in 0.351s; word units 100.0% of 8 words (letters-only 100.0% of 8).
Train Loss: output=0.0827, reconstruction=4.5199
Epoch [112/400]
batch = 0 (Δ=0.355s, 100.00%)
Training throughput: 1 batches in 0.354s; word units 100.0% of 8 words (letters-only 100.0% of 8).
Train Loss: output=0.0744, reconstruction=3.3520
Epoch [113/400]
batch = 0 (Δ=1.491s, 100.00%)
Training throughput: 1 batches in 1.490s; word units 100.0% of 8 words (letters-only 100.0% of 8).
Train Loss: output=0.0695, reconstruction=4.9945
Epoch [114/400]
batch = 0 (Δ=0.350s, 100.00%)
Training throughput: 1 batches in 0.350s; word units 100.0% of 8 words (letters-only 100.0% of 8).
Train Loss: output=0.0897, reconstruction=4.4897
Epoch [115/400]
batch = 0 (Δ=0.348s, 100.00%)
Training throughput: 1 batches in 0.347s; word units 100.0% of 8 words (letters-only 100.0% of 8).
Train Loss: output=0.0680, reconstruction=4.4725
Epoch [116/400]
batch = 0 (Δ=0.341s, 100.00%)
Training throughput: 1 batches in 0.340s; word units 100.0% of 8 words (letters-only 100.0% of 8).
Train Loss: output=0.0424, reconstruction=4.4607
Epoch [117/400]
batch = 0 (Δ=0.350s, 100.00%)
Training throughput: 1 batches in 0.349s; word units 100.0% of 8 words (letters-only 100.0% of 8).
Train Loss: output=0.0635, reconstruction=4.6567
Epoch [118/400]
batch = 0 (Δ=0.345s, 100.00%)
Training throughput: 1 batches in 0.344s; word units 100.0% of 8 words (letters-only 100.0% of 8).
Train Loss: output=0.0677, reconstruction=3.1861
Epoch [119/400]
batch = 0 (Δ=0.344s, 100.00%)
Training throughput: 1 batches in 0.343s; word units 100.0% of 8 words (letters-only 100.0% of 8).
Train Loss: output=0.0612, reconstruction=1.6185
Epoch [120/400]
batch = 0 (Δ=0.339s, 100.00%)
Training throughput: 1 batches in 0.339s; word units 100.0% of 8 words (letters-only 100.0% of 8).
Train Loss: output=0.0662, reconstruction=1.6437
Epoch [121/400]
batch = 0 (Δ=0.347s, 100.00%)
Training throughput: 1 batches in 0.346s; word units 100.0% of 8 words (letters-only 100.0% of 8).
Train Loss: output=0.1333, reconstruction=1.6606
Epoch [122/400]
batch = 0 (Δ=0.343s, 100.00%)
Training throughput: 1 batches in 0.342s; word units 100.0% of 8 words (letters-only 100.0% of 8).
Train Loss: output=0.1352, reconstruction=1.6696
Epoch [123/400]
batch = 0 (Δ=0.349s, 100.00%)
Training throughput: 1 batches in 0.348s; word units 100.0% of 8 words (letters-only 100.0% of 8).
Train Loss: output=0.0843, reconstruction=1.6738
Epoch [124/400]
batch = 0 (Δ=0.345s, 100.00%)
Training throughput: 1 batches in 0.344s; word units 100.0% of 8 words (letters-only 100.0% of 8).
Train Loss: output=0.0578, reconstruction=1.6748
Epoch [125/400]
batch = 0 (Δ=0.377s, 100.00%)
Training throughput: 1 batches in 0.376s; word units 100.0% of 8 words (letters-only 100.0% of 8).
Train Loss: output=0.1750, reconstruction=1.6737
Epoch [126/400]
batch = 0 (Δ=0.348s, 100.00%)
Training throughput: 1 batches in 0.347s; word units 100.0% of 8 words (letters-only 100.0% of 8).
Train Loss: output=0.0665, reconstruction=1.6722
Epoch [127/400]
batch = 0 (Δ=0.347s, 100.00%)
Training throughput: 1 batches in 0.347s; word units 100.0% of 8 words (letters-only 100.0% of 8).
Train Loss: output=0.1182, reconstruction=1.6711
Epoch [128/400]
batch = 0 (Δ=0.341s, 100.00%)
Training throughput: 1 batches in 0.341s; word units 100.0% of 8 words (letters-only 100.0% of 8).
Train Loss: output=0.0625, reconstruction=1.6734
Epoch [129/400]
batch = 0 (Δ=0.343s, 100.00%)
Training throughput: 1 batches in 0.343s; word units 100.0% of 8 words (letters-only 100.0% of 8).
Train Loss: output=0.1151, reconstruction=1.6673
Epoch [130/400]
batch = 0 (Δ=0.345s, 100.00%)
Training throughput: 1 batches in 0.345s; word units 100.0% of 8 words (letters-only 100.0% of 8).
Train Loss: output=0.1614, reconstruction=3.4958
Epoch [131/400]
batch = 0 (Δ=0.343s, 100.00%)
Training throughput: 1 batches in 0.342s; word units 100.0% of 8 words (letters-only 100.0% of 8).
Train Loss: output=0.1504, reconstruction=2.8167
Epoch [132/400]
batch = 0 (Δ=0.343s, 100.00%)
Training throughput: 1 batches in 0.342s; word units 100.0% of 8 words (letters-only 100.0% of 8).
Train Loss: output=0.1053, reconstruction=2.8197
Epoch [133/400]
batch = 0 (Δ=0.346s, 100.00%)
Training throughput: 1 batches in 0.345s; word units 100.0% of 8 words (letters-only 100.0% of 8).
Train Loss: output=0.1468, reconstruction=2.8228
Epoch [134/400]
batch = 0 (Δ=0.342s, 100.00%)
Training throughput: 1 batches in 0.342s; word units 100.0% of 8 words (letters-only 100.0% of 8).
Train Loss: output=0.1494, reconstruction=2.8245
Epoch [135/400]
batch = 0 (Δ=0.344s, 100.00%)
Training throughput: 1 batches in 0.344s; word units 100.0% of 8 words (letters-only 100.0% of 8).
Train Loss: output=0.1246, reconstruction=5.7034
Epoch [136/400]
batch = 0 (Δ=0.345s, 100.00%)
Training throughput: 1 batches in 0.345s; word units 100.0% of 8 words (letters-only 100.0% of 8).
Train Loss: output=0.1248, reconstruction=5.7035
Epoch [137/400]
batch = 0 (Δ=0.346s, 100.00%)
Training throughput: 1 batches in 0.346s; word units 100.0% of 8 words (letters-only 100.0% of 8).
Train Loss: output=0.0681, reconstruction=5.7027
Epoch [138/400]
batch = 0 (Δ=0.363s, 100.00%)
Training throughput: 1 batches in 0.362s; word units 100.0% of 8 words (letters-only 100.0% of 8).
Train Loss: output=0.1540, reconstruction=7.7441
Epoch [139/400]
batch = 0 (Δ=0.348s, 100.00%)
Training throughput: 1 batches in 0.347s; word units 100.0% of 8 words (letters-only 100.0% of 8).
Train Loss: output=0.0295, reconstruction=6.4340
Epoch [140/400]
batch = 0 (Δ=0.344s, 100.00%)
Training throughput: 1 batches in 0.344s; word units 100.0% of 8 words (letters-only 100.0% of 8).
Train Loss: output=0.2605, reconstruction=4.4011
Epoch [141/400]
batch = 0 (Δ=0.344s, 100.00%)
Training throughput: 1 batches in 0.343s; word units 100.0% of 8 words (letters-only 100.0% of 8).
Train Loss: output=0.1238, reconstruction=6.4128
Epoch [142/400]
batch = 0 (Δ=0.344s, 100.00%)
Training throughput: 1 batches in 0.344s; word units 100.0% of 8 words (letters-only 100.0% of 8).
Train Loss: output=0.2130, reconstruction=4.4047
Epoch [143/400]
batch = 0 (Δ=0.345s, 100.00%)
Training throughput: 1 batches in 0.344s; word units 100.0% of 8 words (letters-only 100.0% of 8).
Train Loss: output=0.1712, reconstruction=6.3893
Epoch [144/400]
batch = 0 (Δ=0.351s, 100.00%)
Training throughput: 1 batches in 0.351s; word units 100.0% of 8 words (letters-only 100.0% of 8).
Train Loss: output=0.1394, reconstruction=4.4082
Epoch [145/400]
batch = 0 (Δ=0.350s, 100.00%)
Training throughput: 1 batches in 0.350s; word units 100.0% of 8 words (letters-only 100.0% of 8).
Train Loss: output=0.1592, reconstruction=6.3665
Epoch [146/400]
batch = 0 (Δ=0.345s, 100.00%)
Training throughput: 1 batches in 0.345s; word units 100.0% of 8 words (letters-only 100.0% of 8).
Train Loss: output=0.1451, reconstruction=6.3560
Epoch [147/400]
batch = 0 (Δ=0.347s, 100.00%)
Training throughput: 1 batches in 0.346s; word units 100.0% of 8 words (letters-only 100.0% of 8).
Train Loss: output=0.1086, reconstruction=6.3463
Epoch [148/400]
batch = 0 (Δ=0.345s, 100.00%)
Training throughput: 1 batches in 0.344s; word units 100.0% of 8 words (letters-only 100.0% of 8).
Train Loss: output=0.1277, reconstruction=6.3373
Epoch [149/400]
batch = 0 (Δ=0.347s, 100.00%)
Training throughput: 1 batches in 0.346s; word units 100.0% of 8 words (letters-only 100.0% of 8).
Train Loss: output=0.1388, reconstruction=6.3645
Epoch [150/400]
batch = 0 (Δ=0.344s, 100.00%)
Training throughput: 1 batches in 0.344s; word units 100.0% of 8 words (letters-only 100.0% of 8).
Train Loss: output=0.1627, reconstruction=6.5123
Epoch [151/400]
batch = 0 (Δ=0.345s, 100.00%)
Training throughput: 1 batches in 0.345s; word units 100.0% of 8 words (letters-only 100.0% of 8).
Train Loss: output=0.1661, reconstruction=4.9687
Epoch [152/400]
batch = 0 (Δ=0.345s, 100.00%)
Training throughput: 1 batches in 0.344s; word units 100.0% of 8 words (letters-only 100.0% of 8).
Train Loss: output=0.1088, reconstruction=6.4539
Epoch [153/400]
batch = 0 (Δ=0.342s, 100.00%)
Training throughput: 1 batches in 0.341s; word units 100.0% of 8 words (letters-only 100.0% of 8).
Train Loss: output=0.1949, reconstruction=4.9535
Epoch [154/400]
batch = 0 (Δ=0.341s, 100.00%)
Training throughput: 1 batches in 0.340s; word units 100.0% of 8 words (letters-only 100.0% of 8).
Train Loss: output=0.1365, reconstruction=6.4640
Epoch [155/400]
batch = 0 (Δ=0.348s, 100.00%)
Training throughput: 1 batches in 0.347s; word units 100.0% of 8 words (letters-only 100.0% of 8).
Train Loss: output=0.1456, reconstruction=6.3034
Epoch [156/400]
batch = 0 (Δ=0.342s, 100.00%)
Training throughput: 1 batches in 0.342s; word units 100.0% of 8 words (letters-only 100.0% of 8).
Train Loss: output=0.1144, reconstruction=4.9352
Epoch [157/400]
batch = 0 (Δ=0.349s, 100.00%)
Training throughput: 1 batches in 0.348s; word units 100.0% of 8 words (letters-only 100.0% of 8).
Train Loss: output=0.0719, reconstruction=4.9808
Epoch [158/400]
batch = 0 (Δ=0.350s, 100.00%)
Training throughput: 1 batches in 0.349s; word units 100.0% of 8 words (letters-only 100.0% of 8).
Train Loss: output=0.1150, reconstruction=5.3014
Epoch [159/400]
batch = 0 (Δ=0.347s, 100.00%)
Training throughput: 1 batches in 0.346s; word units 100.0% of 8 words (letters-only 100.0% of 8).
Train Loss: output=0.1119, reconstruction=5.1060
Epoch [160/400]
batch = 0 (Δ=0.344s, 100.00%)
Training throughput: 1 batches in 0.343s; word units 100.0% of 8 words (letters-only 100.0% of 8).
Train Loss: output=0.2037, reconstruction=6.3140
Epoch [161/400]
batch = 0 (Δ=0.351s, 100.00%)
Training throughput: 1 batches in 0.351s; word units 100.0% of 8 words (letters-only 100.0% of 8).
Train Loss: output=0.0734, reconstruction=3.5601
Epoch [162/400]
batch = 0 (Δ=0.343s, 100.00%)
Training throughput: 1 batches in 0.343s; word units 100.0% of 8 words (letters-only 100.0% of 8).
Train Loss: output=0.0847, reconstruction=6.4060
Epoch [163/400]
batch = 0 (Δ=0.344s, 100.00%)
Training throughput: 1 batches in 0.343s; word units 100.0% of 8 words (letters-only 100.0% of 8).
Train Loss: output=0.1013, reconstruction=5.7737
Epoch [164/400]
batch = 0 (Δ=0.373s, 100.00%)
Training throughput: 1 batches in 0.373s; word units 100.0% of 8 words (letters-only 100.0% of 8).
Train Loss: output=0.1824, reconstruction=6.4105
Epoch [165/400]
batch = 0 (Δ=0.350s, 100.00%)
Training throughput: 1 batches in 0.349s; word units 100.0% of 8 words (letters-only 100.0% of 8).
Train Loss: output=0.1017, reconstruction=3.2510
Epoch [166/400]
batch = 0 (Δ=0.346s, 100.00%)
Training throughput: 1 batches in 0.345s; word units 100.0% of 8 words (letters-only 100.0% of 8).
Train Loss: output=0.0808, reconstruction=6.0691
Epoch [167/400]
batch = 0 (Δ=0.346s, 100.00%)
Training throughput: 1 batches in 0.346s; word units 100.0% of 8 words (letters-only 100.0% of 8).
Train Loss: output=0.1992, reconstruction=3.9744
Epoch [168/400]
batch = 0 (Δ=0.346s, 100.00%)
Training throughput: 1 batches in 0.346s; word units 100.0% of 8 words (letters-only 100.0% of 8).
Train Loss: output=0.1239, reconstruction=5.3610
Epoch [169/400]
batch = 0 (Δ=0.344s, 100.00%)
Training throughput: 1 batches in 0.343s; word units 100.0% of 8 words (letters-only 100.0% of 8).
Train Loss: output=0.0808, reconstruction=5.5897
Epoch [170/400]
batch = 0 (Δ=0.344s, 100.00%)
Training throughput: 1 batches in 0.343s; word units 100.0% of 8 words (letters-only 100.0% of 8).
Train Loss: output=0.1368, reconstruction=4.8642
Epoch [171/400]
batch = 0 (Δ=0.347s, 100.00%)
Training throughput: 1 batches in 0.346s; word units 100.0% of 8 words (letters-only 100.0% of 8).
Train Loss: output=0.1287, reconstruction=5.8830
Epoch [172/400]
batch = 0 (Δ=0.341s, 100.00%)
Training throughput: 1 batches in 0.341s; word units 100.0% of 8 words (letters-only 100.0% of 8).
Train Loss: output=0.1006, reconstruction=6.4131
Epoch [173/400]
batch = 0 (Δ=0.342s, 100.00%)
Training throughput: 1 batches in 0.342s; word units 100.0% of 8 words (letters-only 100.0% of 8).
Train Loss: output=0.1786, reconstruction=6.4205
Epoch [174/400]
batch = 0 (Δ=0.344s, 100.00%)
Training throughput: 1 batches in 0.343s; word units 100.0% of 8 words (letters-only 100.0% of 8).
Train Loss: output=0.1402, reconstruction=6.4038
Epoch [175/400]
batch = 0 (Δ=0.347s, 100.00%)
Training throughput: 1 batches in 0.346s; word units 100.0% of 8 words (letters-only 100.0% of 8).
Train Loss: output=0.1333, reconstruction=6.4317
Epoch [176/400]
batch = 0 (Δ=0.345s, 100.00%)
Training throughput: 1 batches in 0.345s; word units 100.0% of 8 words (letters-only 100.0% of 8).
Train Loss: output=0.1827, reconstruction=4.5475
Epoch [177/400]
batch = 0 (Δ=0.346s, 100.00%)
Training throughput: 1 batches in 0.345s; word units 100.0% of 8 words (letters-only 100.0% of 8).
Train Loss: output=0.1436, reconstruction=6.3893
Epoch [178/400]
batch = 0 (Δ=0.345s, 100.00%)
Training throughput: 1 batches in 0.344s; word units 100.0% of 8 words (letters-only 100.0% of 8).
Train Loss: output=0.2056, reconstruction=6.4385
Epoch [179/400]
batch = 0 (Δ=0.344s, 100.00%)
Training throughput: 1 batches in 0.343s; word units 100.0% of 8 words (letters-only 100.0% of 8).
Train Loss: output=0.1748, reconstruction=6.4383
Epoch [180/400]
batch = 0 (Δ=0.347s, 100.00%)
Training throughput: 1 batches in 0.346s; word units 100.0% of 8 words (letters-only 100.0% of 8).
Train Loss: output=0.1993, reconstruction=6.3913
Epoch [181/400]
batch = 0 (Δ=0.340s, 100.00%)
Training throughput: 1 batches in 0.339s; word units 100.0% of 8 words (letters-only 100.0% of 8).
Train Loss: output=0.1554, reconstruction=6.3905
Epoch [182/400]
batch = 0 (Δ=0.342s, 100.00%)
Training throughput: 1 batches in 0.342s; word units 100.0% of 8 words (letters-only 100.0% of 8).
Train Loss: output=0.1364, reconstruction=6.4324
Epoch [183/400]
batch = 0 (Δ=0.344s, 100.00%)
Training throughput: 1 batches in 0.344s; word units 100.0% of 8 words (letters-only 100.0% of 8).
Train Loss: output=0.1320, reconstruction=4.5469
Epoch [184/400]
batch = 0 (Δ=0.342s, 100.00%)
Training throughput: 1 batches in 0.342s; word units 100.0% of 8 words (letters-only 100.0% of 8).
Train Loss: output=0.1415, reconstruction=6.4264
Epoch [185/400]
batch = 0 (Δ=0.347s, 100.00%)
Training throughput: 1 batches in 0.346s; word units 100.0% of 8 words (letters-only 100.0% of 8).
Train Loss: output=0.2033, reconstruction=6.4235
Epoch [186/400]
batch = 0 (Δ=0.346s, 100.00%)
Training throughput: 1 batches in 0.346s; word units 100.0% of 8 words (letters-only 100.0% of 8).
Train Loss: output=0.1608, reconstruction=6.4035
Epoch [187/400]
batch = 0 (Δ=0.343s, 100.00%)
Training throughput: 1 batches in 0.342s; word units 100.0% of 8 words (letters-only 100.0% of 8).
Train Loss: output=0.1223, reconstruction=4.5545
Epoch [188/400]
batch = 0 (Δ=0.345s, 100.00%)
Training throughput: 1 batches in 0.345s; word units 100.0% of 8 words (letters-only 100.0% of 8).
Train Loss: output=0.1257, reconstruction=6.4137
Epoch [189/400]
batch = 0 (Δ=0.345s, 100.00%)
Training throughput: 1 batches in 0.344s; word units 100.0% of 8 words (letters-only 100.0% of 8).
Train Loss: output=0.1190, reconstruction=4.5437
Epoch [190/400]
batch = 0 (Δ=0.352s, 100.00%)
Training throughput: 1 batches in 0.351s; word units 100.0% of 8 words (letters-only 100.0% of 8).
Train Loss: output=0.0920, reconstruction=6.4082
Epoch [191/400]
batch = 0 (Δ=0.344s, 100.00%)
Training throughput: 1 batches in 0.344s; word units 100.0% of 8 words (letters-only 100.0% of 8).
Train Loss: output=0.1120, reconstruction=4.5642
Epoch [192/400]
batch = 0 (Δ=0.345s, 100.00%)
Training throughput: 1 batches in 0.344s; word units 100.0% of 8 words (letters-only 100.0% of 8).
Train Loss: output=0.1083, reconstruction=4.5663
Epoch [193/400]
batch = 0 (Δ=0.346s, 100.00%)
Training throughput: 1 batches in 0.346s; word units 100.0% of 8 words (letters-only 100.0% of 8).
Train Loss: output=0.1073, reconstruction=4.5681
Epoch [194/400]
batch = 0 (Δ=0.348s, 100.00%)
Training throughput: 1 batches in 0.348s; word units 100.0% of 8 words (letters-only 100.0% of 8).
Train Loss: output=0.1312, reconstruction=6.4013
Epoch [195/400]
batch = 0 (Δ=0.349s, 100.00%)
Training throughput: 1 batches in 0.349s; word units 100.0% of 8 words (letters-only 100.0% of 8).
Train Loss: output=0.1959, reconstruction=6.4001
Epoch [196/400]
batch = 0 (Δ=0.344s, 100.00%)
Training throughput: 1 batches in 0.343s; word units 100.0% of 8 words (letters-only 100.0% of 8).
Train Loss: output=0.1044, reconstruction=6.3822
Epoch [197/400]
batch = 0 (Δ=0.346s, 100.00%)
Training throughput: 1 batches in 0.345s; word units 100.0% of 8 words (letters-only 100.0% of 8).
Train Loss: output=0.0991, reconstruction=6.3781
Epoch [198/400]
batch = 0 (Δ=0.344s, 100.00%)
Training throughput: 1 batches in 0.344s; word units 100.0% of 8 words (letters-only 100.0% of 8).
Train Loss: output=0.1219, reconstruction=6.3752
Epoch [199/400]
batch = 0 (Δ=0.345s, 100.00%)
Training throughput: 1 batches in 0.345s; word units 100.0% of 8 words (letters-only 100.0% of 8).
Train Loss: output=0.1142, reconstruction=4.9669
Epoch [200/400]
batch = 0 (Δ=0.345s, 100.00%)
Training throughput: 1 batches in 0.344s; word units 100.0% of 8 words (letters-only 100.0% of 8).
Train Loss: output=0.0911, reconstruction=6.3864
Epoch [201/400]
batch = 0 (Δ=0.347s, 100.00%)
Training throughput: 1 batches in 0.346s; word units 100.0% of 8 words (letters-only 100.0% of 8).
Train Loss: output=0.0774, reconstruction=6.3666
Epoch [202/400]
batch = 0 (Δ=0.349s, 100.00%)
Training throughput: 1 batches in 0.349s; word units 100.0% of 8 words (letters-only 100.0% of 8).
Train Loss: output=0.1705, reconstruction=6.3865
Epoch [203/400]
batch = 0 (Δ=0.346s, 100.00%)
Training throughput: 1 batches in 0.346s; word units 100.0% of 8 words (letters-only 100.0% of 8).
Train Loss: output=0.0620, reconstruction=6.3533
Epoch [204/400]
batch = 0 (Δ=0.348s, 100.00%)
Training throughput: 1 batches in 0.347s; word units 100.0% of 8 words (letters-only 100.0% of 8).
Train Loss: output=0.1203, reconstruction=6.3854
Epoch [205/400]
batch = 0 (Δ=0.349s, 100.00%)
Training throughput: 1 batches in 0.348s; word units 100.0% of 8 words (letters-only 100.0% of 8).
Train Loss: output=0.0902, reconstruction=6.3667
Epoch [206/400]
batch = 0 (Δ=0.346s, 100.00%)
Training throughput: 1 batches in 0.345s; word units 100.0% of 8 words (letters-only 100.0% of 8).
Train Loss: output=0.1288, reconstruction=6.3844
Epoch [207/400]
batch = 0 (Δ=0.346s, 100.00%)
Training throughput: 1 batches in 0.346s; word units 100.0% of 8 words (letters-only 100.0% of 8).
Train Loss: output=0.0734, reconstruction=4.9440
Epoch [208/400]
batch = 0 (Δ=0.342s, 100.00%)
Training throughput: 1 batches in 0.342s; word units 100.0% of 8 words (letters-only 100.0% of 8).
Train Loss: output=0.0461, reconstruction=6.3841
Epoch [209/400]
batch = 0 (Δ=0.346s, 100.00%)
Training throughput: 1 batches in 0.345s; word units 100.0% of 8 words (letters-only 100.0% of 8).
Train Loss: output=0.0415, reconstruction=6.3847
Epoch [210/400]
batch = 0 (Δ=0.346s, 100.00%)
Training throughput: 1 batches in 0.345s; word units 100.0% of 8 words (letters-only 100.0% of 8).
Train Loss: output=0.2286, reconstruction=6.3852
Epoch [211/400]
batch = 0 (Δ=0.350s, 100.00%)
Training throughput: 1 batches in 0.349s; word units 100.0% of 8 words (letters-only 100.0% of 8).
Train Loss: output=0.1086, reconstruction=6.3849
Epoch [212/400]
batch = 0 (Δ=0.345s, 100.00%)
Training throughput: 1 batches in 0.345s; word units 100.0% of 8 words (letters-only 100.0% of 8).
Train Loss: output=0.1908, reconstruction=6.3841
Epoch [213/400]
batch = 0 (Δ=0.343s, 100.00%)
Training throughput: 1 batches in 0.343s; word units 100.0% of 8 words (letters-only 100.0% of 8).
Train Loss: output=0.1661, reconstruction=6.3665
Epoch [214/400]
batch = 0 (Δ=0.348s, 100.00%)
Training throughput: 1 batches in 0.348s; word units 100.0% of 8 words (letters-only 100.0% of 8).
Train Loss: output=0.1383, reconstruction=6.3820
Epoch [215/400]
batch = 0 (Δ=0.342s, 100.00%)
Training throughput: 1 batches in 0.342s; word units 100.0% of 8 words (letters-only 100.0% of 8).
Train Loss: output=0.1291, reconstruction=5.7575
Epoch [216/400]
batch = 0 (Δ=0.343s, 100.00%)
Training throughput: 1 batches in 0.343s; word units 100.0% of 8 words (letters-only 100.0% of 8).
Train Loss: output=0.1303, reconstruction=6.3809
Epoch [217/400]
batch = 0 (Δ=0.348s, 100.00%)
Training throughput: 1 batches in 0.347s; word units 100.0% of 8 words (letters-only 100.0% of 8).
Train Loss: output=0.1505, reconstruction=6.3647
Epoch [218/400]
batch = 0 (Δ=0.346s, 100.00%)
Training throughput: 1 batches in 0.346s; word units 100.0% of 8 words (letters-only 100.0% of 8).
Train Loss: output=0.1366, reconstruction=6.3693
Epoch [219/400]
batch = 0 (Δ=0.346s, 100.00%)
Training throughput: 1 batches in 0.345s; word units 100.0% of 8 words (letters-only 100.0% of 8).
Train Loss: output=0.1526, reconstruction=6.3807
Epoch [220/400]
batch = 0 (Δ=0.342s, 100.00%)
Training throughput: 1 batches in 0.342s; word units 100.0% of 8 words (letters-only 100.0% of 8).
Train Loss: output=0.1544, reconstruction=6.3695
Epoch [221/400]
batch = 0 (Δ=0.349s, 100.00%)
Training throughput: 1 batches in 0.348s; word units 100.0% of 8 words (letters-only 100.0% of 8).
Train Loss: output=0.1213, reconstruction=6.3805
Epoch [222/400]
batch = 0 (Δ=0.346s, 100.00%)
Training throughput: 1 batches in 0.345s; word units 100.0% of 8 words (letters-only 100.0% of 8).
Train Loss: output=0.1367, reconstruction=6.3652
Epoch [223/400]
batch = 0 (Δ=0.348s, 100.00%)
Training throughput: 1 batches in 0.348s; word units 100.0% of 8 words (letters-only 100.0% of 8).
Train Loss: output=0.1225, reconstruction=5.6147
Epoch [224/400]
batch = 0 (Δ=0.346s, 100.00%)
Training throughput: 1 batches in 0.345s; word units 100.0% of 8 words (letters-only 100.0% of 8).
Train Loss: output=0.1614, reconstruction=6.3804
Epoch [225/400]
batch = 0 (Δ=0.345s, 100.00%)
Training throughput: 1 batches in 0.344s; word units 100.0% of 8 words (letters-only 100.0% of 8).
Train Loss: output=0.1424, reconstruction=6.3807
Epoch [226/400]
batch = 0 (Δ=0.347s, 100.00%)
Training throughput: 1 batches in 0.347s; word units 100.0% of 8 words (letters-only 100.0% of 8).
Train Loss: output=0.1302, reconstruction=6.3031
Epoch [227/400]
batch = 0 (Δ=0.344s, 100.00%)
Training throughput: 1 batches in 0.343s; word units 100.0% of 8 words (letters-only 100.0% of 8).
Train Loss: output=0.1326, reconstruction=5.6753
Epoch [228/400]
batch = 0 (Δ=0.373s, 100.00%)
Training throughput: 1 batches in 0.373s; word units 100.0% of 8 words (letters-only 100.0% of 8).
Train Loss: output=0.1259, reconstruction=4.8194
Epoch [229/400]
batch = 0 (Δ=0.347s, 100.00%)
Training throughput: 1 batches in 0.345s; word units 100.0% of 8 words (letters-only 100.0% of 8).
Train Loss: output=0.1707, reconstruction=5.5684
Epoch [230/400]
batch = 0 (Δ=0.349s, 100.00%)
Training throughput: 1 batches in 0.348s; word units 100.0% of 8 words (letters-only 100.0% of 8).
Train Loss: output=0.1431, reconstruction=5.6826
Epoch [231/400]
batch = 0 (Δ=0.352s, 100.00%)
Training throughput: 1 batches in 0.351s; word units 100.0% of 8 words (letters-only 100.0% of 8).
Train Loss: output=0.1396, reconstruction=5.0579
Epoch [232/400]
batch = 0 (Δ=0.344s, 100.00%)
Training throughput: 1 batches in 0.344s; word units 100.0% of 8 words (letters-only 100.0% of 8).
Train Loss: output=0.1133, reconstruction=5.4852
Epoch [233/400]
batch = 0 (Δ=0.348s, 100.00%)
Training throughput: 1 batches in 0.348s; word units 100.0% of 8 words (letters-only 100.0% of 8).
Train Loss: output=0.1139, reconstruction=5.9801
Epoch [234/400]
batch = 0 (Δ=1.187s, 100.00%)
Training throughput: 1 batches in 1.187s; word units 100.0% of 8 words (letters-only 100.0% of 8).
Train Loss: output=0.1803, reconstruction=5.6562
Epoch [235/400]
batch = 0 (Δ=0.351s, 100.00%)
Training throughput: 1 batches in 0.350s; word units 100.0% of 8 words (letters-only 100.0% of 8).
Train Loss: output=0.1029, reconstruction=4.6338
Epoch [236/400]
batch = 0 (Δ=0.342s, 100.00%)
Training throughput: 1 batches in 0.341s; word units 100.0% of 8 words (letters-only 100.0% of 8).
Train Loss: output=0.0980, reconstruction=5.0810
Epoch [237/400]
batch = 0 (Δ=0.344s, 100.00%)
Training throughput: 1 batches in 0.344s; word units 100.0% of 8 words (letters-only 100.0% of 8).
Train Loss: output=0.1033, reconstruction=5.0778
Epoch [238/400]
batch = 0 (Δ=0.341s, 100.00%)
Training throughput: 1 batches in 0.340s; word units 100.0% of 8 words (letters-only 100.0% of 8).
Train Loss: output=0.0773, reconstruction=4.6620
Epoch [239/400]
batch = 0 (Δ=0.341s, 100.00%)
Training throughput: 1 batches in 0.340s; word units 100.0% of 8 words (letters-only 100.0% of 8).
Train Loss: output=0.1253, reconstruction=5.3416
Epoch [240/400]
batch = 0 (Δ=0.347s, 100.00%)
Training throughput: 1 batches in 0.346s; word units 100.0% of 8 words (letters-only 100.0% of 8).
Train Loss: output=0.0724, reconstruction=4.6259
Epoch [241/400]
batch = 0 (Δ=0.343s, 100.00%)
Training throughput: 1 batches in 0.343s; word units 100.0% of 8 words (letters-only 100.0% of 8).
Train Loss: output=0.1006, reconstruction=4.6368
Epoch [242/400]
batch = 0 (Δ=0.341s, 100.00%)
Training throughput: 1 batches in 0.340s; word units 100.0% of 8 words (letters-only 100.0% of 8).
Train Loss: output=0.1535, reconstruction=4.9146
Epoch [243/400]
batch = 0 (Δ=0.344s, 100.00%)
Training throughput: 1 batches in 0.343s; word units 100.0% of 8 words (letters-only 100.0% of 8).
Train Loss: output=0.1327, reconstruction=4.9911
Epoch [244/400]
batch = 0 (Δ=0.345s, 100.00%)
Training throughput: 1 batches in 0.345s; word units 100.0% of 8 words (letters-only 100.0% of 8).
Train Loss: output=0.0840, reconstruction=4.7067
Epoch [245/400]
batch = 0 (Δ=0.345s, 100.00%)
Training throughput: 1 batches in 0.344s; word units 100.0% of 8 words (letters-only 100.0% of 8).
Train Loss: output=0.1266, reconstruction=5.1404
Epoch [246/400]
batch = 0 (Δ=0.345s, 100.00%)
Training throughput: 1 batches in 0.345s; word units 100.0% of 8 words (letters-only 100.0% of 8).
Train Loss: output=0.0785, reconstruction=4.6212
Epoch [247/400]
batch = 0 (Δ=0.344s, 100.00%)
Training throughput: 1 batches in 0.343s; word units 100.0% of 8 words (letters-only 100.0% of 8).
Train Loss: output=0.0985, reconstruction=4.8766
Epoch [248/400]
batch = 0 (Δ=0.344s, 100.00%)
Training throughput: 1 batches in 0.344s; word units 100.0% of 8 words (letters-only 100.0% of 8).
Train Loss: output=0.1242, reconstruction=5.0070
Epoch [249/400]
batch = 0 (Δ=0.351s, 100.00%)
Training throughput: 1 batches in 0.351s; word units 100.0% of 8 words (letters-only 100.0% of 8).
Train Loss: output=0.1354, reconstruction=5.1315
Epoch [250/400]
batch = 0 (Δ=0.343s, 100.00%)
Training throughput: 1 batches in 0.343s; word units 100.0% of 8 words (letters-only 100.0% of 8).
Train Loss: output=0.0882, reconstruction=4.8342
Epoch [251/400]
batch = 0 (Δ=0.346s, 100.00%)
Training throughput: 1 batches in 0.345s; word units 100.0% of 8 words (letters-only 100.0% of 8).
Train Loss: output=0.0899, reconstruction=5.0399
Epoch [252/400]
batch = 0 (Δ=0.345s, 100.00%)
Training throughput: 1 batches in 0.345s; word units 100.0% of 8 words (letters-only 100.0% of 8).
Train Loss: output=0.1657, reconstruction=5.2400
Epoch [253/400]
batch = 0 (Δ=0.344s, 100.00%)
Training throughput: 1 batches in 0.344s; word units 100.0% of 8 words (letters-only 100.0% of 8).
Train Loss: output=0.1099, reconstruction=5.0170
Epoch [254/400]
batch = 0 (Δ=0.347s, 100.00%)
Training throughput: 1 batches in 0.346s; word units 100.0% of 8 words (letters-only 100.0% of 8).
Train Loss: output=0.0994, reconstruction=4.8945
Epoch [255/400]
batch = 0 (Δ=0.344s, 100.00%)
Training throughput: 1 batches in 0.344s; word units 100.0% of 8 words (letters-only 100.0% of 8).
Train Loss: output=0.1523, reconstruction=5.1642
Epoch [256/400]
batch = 0 (Δ=0.345s, 100.00%)
Training throughput: 1 batches in 0.345s; word units 100.0% of 8 words (letters-only 100.0% of 8).
Train Loss: output=0.1259, reconstruction=5.0658
Epoch [257/400]
batch = 0 (Δ=0.343s, 100.00%)
Training throughput: 1 batches in 0.342s; word units 100.0% of 8 words (letters-only 100.0% of 8).
Train Loss: output=0.1344, reconstruction=4.8260
Epoch [258/400]
batch = 0 (Δ=0.344s, 100.00%)
Training throughput: 1 batches in 0.344s; word units 100.0% of 8 words (letters-only 100.0% of 8).
Train Loss: output=0.1287, reconstruction=4.9917
Epoch [259/400]
batch = 0 (Δ=0.346s, 100.00%)
Training throughput: 1 batches in 0.345s; word units 100.0% of 8 words (letters-only 100.0% of 8).
Train Loss: output=0.1187, reconstruction=5.1422
Epoch [260/400]
batch = 0 (Δ=0.341s, 100.00%)
Training throughput: 1 batches in 0.341s; word units 100.0% of 8 words (letters-only 100.0% of 8).
Train Loss: output=0.1458, reconstruction=4.8971
Epoch [261/400]
batch = 0 (Δ=0.347s, 100.00%)
Training throughput: 1 batches in 0.347s; word units 100.0% of 8 words (letters-only 100.0% of 8).
Train Loss: output=0.1178, reconstruction=4.9628
Epoch [262/400]
batch = 0 (Δ=0.345s, 100.00%)
Training throughput: 1 batches in 0.344s; word units 100.0% of 8 words (letters-only 100.0% of 8).
Train Loss: output=0.1147, reconstruction=5.1697
Epoch [263/400]
batch = 0 (Δ=0.345s, 100.00%)
Training throughput: 1 batches in 0.345s; word units 100.0% of 8 words (letters-only 100.0% of 8).
Train Loss: output=0.1458, reconstruction=5.0244
Epoch [264/400]
batch = 0 (Δ=0.346s, 100.00%)
Training throughput: 1 batches in 0.346s; word units 100.0% of 8 words (letters-only 100.0% of 8).
Train Loss: output=0.1430, reconstruction=4.8368
Epoch [265/400]
batch = 0 (Δ=0.345s, 100.00%)
Training throughput: 1 batches in 0.344s; word units 100.0% of 8 words (letters-only 100.0% of 8).
Train Loss: output=0.1482, reconstruction=4.9172
Epoch [266/400]
batch = 0 (Δ=0.341s, 100.00%)
Training throughput: 1 batches in 0.340s; word units 100.0% of 8 words (letters-only 100.0% of 8).
Train Loss: output=0.1385, reconstruction=4.9168
Epoch [267/400]
batch = 0 (Δ=0.340s, 100.00%)
Training throughput: 1 batches in 0.339s; word units 100.0% of 8 words (letters-only 100.0% of 8).
Train Loss: output=0.1145, reconstruction=4.8770
Epoch [268/400]
batch = 0 (Δ=0.342s, 100.00%)
Training throughput: 1 batches in 0.342s; word units 100.0% of 8 words (letters-only 100.0% of 8).
Train Loss: output=0.0843, reconstruction=4.9213
Epoch [269/400]
batch = 0 (Δ=0.342s, 100.00%)
Training throughput: 1 batches in 0.341s; word units 100.0% of 8 words (letters-only 100.0% of 8).
Train Loss: output=0.1473, reconstruction=5.1020
Epoch [270/400]
batch = 0 (Δ=0.346s, 100.00%)
Training throughput: 1 batches in 0.345s; word units 100.0% of 8 words (letters-only 100.0% of 8).
Train Loss: output=0.1140, reconstruction=4.9536
Epoch [271/400]
batch = 0 (Δ=0.347s, 100.00%)
Training throughput: 1 batches in 0.346s; word units 100.0% of 8 words (letters-only 100.0% of 8).
Train Loss: output=0.1307, reconstruction=4.8515
Epoch [272/400]
batch = 0 (Δ=0.342s, 100.00%)
Training throughput: 1 batches in 0.342s; word units 100.0% of 8 words (letters-only 100.0% of 8).
Train Loss: output=0.1284, reconstruction=5.0449
Epoch [273/400]
batch = 0 (Δ=0.341s, 100.00%)
Training throughput: 1 batches in 0.341s; word units 100.0% of 8 words (letters-only 100.0% of 8).
Train Loss: output=0.1277, reconstruction=5.0181
Epoch [274/400]
batch = 0 (Δ=0.341s, 100.00%)
Training throughput: 1 batches in 0.341s; word units 100.0% of 8 words (letters-only 100.0% of 8).
Train Loss: output=0.1362, reconstruction=4.8267
Epoch [275/400]
batch = 0 (Δ=0.341s, 100.00%)
Training throughput: 1 batches in 0.341s; word units 100.0% of 8 words (letters-only 100.0% of 8).
Train Loss: output=0.1269, reconstruction=4.9669
Epoch [276/400]
batch = 0 (Δ=0.346s, 100.00%)
Training throughput: 1 batches in 0.346s; word units 100.0% of 8 words (letters-only 100.0% of 8).
Train Loss: output=0.0995, reconstruction=5.0582
Epoch [277/400]
batch = 0 (Δ=0.341s, 100.00%)
Training throughput: 1 batches in 0.341s; word units 100.0% of 8 words (letters-only 100.0% of 8).
Train Loss: output=0.0810, reconstruction=4.8727
Epoch [278/400]
batch = 0 (Δ=0.378s, 100.00%)
Training throughput: 1 batches in 0.377s; word units 100.0% of 8 words (letters-only 100.0% of 8).
Train Loss: output=0.1134, reconstruction=4.8108
Epoch [279/400]
batch = 0 (Δ=0.342s, 100.00%)
Training throughput: 1 batches in 0.341s; word units 100.0% of 8 words (letters-only 100.0% of 8).
Train Loss: output=0.1185, reconstruction=5.0849
Epoch [280/400]
batch = 0 (Δ=0.338s, 100.00%)
Training throughput: 1 batches in 0.337s; word units 100.0% of 8 words (letters-only 100.0% of 8).
Train Loss: output=0.1061, reconstruction=4.9202
Epoch [281/400]
batch = 0 (Δ=0.338s, 100.00%)
Training throughput: 1 batches in 0.338s; word units 100.0% of 8 words (letters-only 100.0% of 8).
Train Loss: output=0.0919, reconstruction=4.8277
Epoch [282/400]
batch = 0 (Δ=0.343s, 100.00%)
Training throughput: 1 batches in 0.342s; word units 100.0% of 8 words (letters-only 100.0% of 8).
Train Loss: output=0.0904, reconstruction=4.9741
Epoch [283/400]
batch = 0 (Δ=0.341s, 100.00%)
Training throughput: 1 batches in 0.340s; word units 100.0% of 8 words (letters-only 100.0% of 8).
Train Loss: output=0.1027, reconstruction=5.0740
Epoch [284/400]
batch = 0 (Δ=0.345s, 100.00%)
Training throughput: 1 batches in 0.344s; word units 100.0% of 8 words (letters-only 100.0% of 8).
Train Loss: output=0.0672, reconstruction=4.9036
Epoch [285/400]
batch = 0 (Δ=0.337s, 100.00%)
Training throughput: 1 batches in 0.336s; word units 100.0% of 8 words (letters-only 100.0% of 8).
Train Loss: output=0.1145, reconstruction=4.7007
Epoch [286/400]
batch = 0 (Δ=0.340s, 100.00%)
Training throughput: 1 batches in 0.339s; word units 100.0% of 8 words (letters-only 100.0% of 8).
Train Loss: output=0.0936, reconstruction=4.7898
Epoch [287/400]
batch = 0 (Δ=0.345s, 100.00%)
Training throughput: 1 batches in 0.344s; word units 100.0% of 8 words (letters-only 100.0% of 8).
Train Loss: output=0.1117, reconstruction=4.7731
Epoch [288/400]
batch = 0 (Δ=0.344s, 100.00%)
Training throughput: 1 batches in 0.343s; word units 100.0% of 8 words (letters-only 100.0% of 8).
Train Loss: output=0.1235, reconstruction=4.9591
Epoch [289/400]
batch = 0 (Δ=0.339s, 100.00%)
Training throughput: 1 batches in 0.338s; word units 100.0% of 8 words (letters-only 100.0% of 8).
Train Loss: output=0.0947, reconstruction=4.8353
Epoch [290/400]
batch = 0 (Δ=0.344s, 100.00%)
Training throughput: 1 batches in 0.343s; word units 100.0% of 8 words (letters-only 100.0% of 8).
Train Loss: output=0.1129, reconstruction=5.0198
Epoch [291/400]
batch = 0 (Δ=0.341s, 100.00%)
Training throughput: 1 batches in 0.340s; word units 100.0% of 8 words (letters-only 100.0% of 8).
Train Loss: output=0.0872, reconstruction=5.0326
Epoch [292/400]
batch = 0 (Δ=0.342s, 100.00%)
Training throughput: 1 batches in 0.341s; word units 100.0% of 8 words (letters-only 100.0% of 8).
Train Loss: output=0.0605, reconstruction=4.8544
Epoch [293/400]
batch = 0 (Δ=0.346s, 100.00%)
Training throughput: 1 batches in 0.345s; word units 100.0% of 8 words (letters-only 100.0% of 8).
Train Loss: output=0.0755, reconstruction=4.6519
Epoch [294/400]
batch = 0 (Δ=0.343s, 100.00%)
Training throughput: 1 batches in 0.343s; word units 100.0% of 8 words (letters-only 100.0% of 8).
Train Loss: output=0.0681, reconstruction=5.1139
Epoch [295/400]
batch = 0 (Δ=0.345s, 100.00%)
Training throughput: 1 batches in 0.345s; word units 100.0% of 8 words (letters-only 100.0% of 8).
Train Loss: output=0.0856, reconstruction=5.1048
Epoch [296/400]
batch = 0 (Δ=0.346s, 100.00%)
Training throughput: 1 batches in 0.346s; word units 100.0% of 8 words (letters-only 100.0% of 8).
Train Loss: output=0.1420, reconstruction=4.8834
Epoch [297/400]
batch = 0 (Δ=0.344s, 100.00%)
Training throughput: 1 batches in 0.344s; word units 100.0% of 8 words (letters-only 100.0% of 8).
Train Loss: output=0.1594, reconstruction=4.9133
Epoch [298/400]
batch = 0 (Δ=0.341s, 100.00%)
Training throughput: 1 batches in 0.340s; word units 100.0% of 8 words (letters-only 100.0% of 8).
Train Loss: output=0.1006, reconstruction=5.0995
Epoch [299/400]
batch = 0 (Δ=0.341s, 100.00%)
Training throughput: 1 batches in 0.340s; word units 100.0% of 8 words (letters-only 100.0% of 8).
Train Loss: output=0.1007, reconstruction=5.0267
Epoch [300/400]
batch = 0 (Δ=0.345s, 100.00%)
Training throughput: 1 batches in 0.344s; word units 100.0% of 8 words (letters-only 100.0% of 8).
Train Loss: output=0.1109, reconstruction=4.8287
Epoch [301/400]
batch = 0 (Δ=0.344s, 100.00%)
Training throughput: 1 batches in 0.344s; word units 100.0% of 8 words (letters-only 100.0% of 8).
Train Loss: output=0.1066, reconstruction=4.6634
Epoch [302/400]
batch = 0 (Δ=0.342s, 100.00%)
Training throughput: 1 batches in 0.341s; word units 100.0% of 8 words (letters-only 100.0% of 8).
Train Loss: output=0.1175, reconstruction=4.6920
Epoch [303/400]
batch = 0 (Δ=0.344s, 100.00%)
Training throughput: 1 batches in 0.344s; word units 100.0% of 8 words (letters-only 100.0% of 8).
Train Loss: output=0.0983, reconstruction=5.1364
Epoch [304/400]
batch = 0 (Δ=0.343s, 100.00%)
Training throughput: 1 batches in 0.343s; word units 100.0% of 8 words (letters-only 100.0% of 8).
Train Loss: output=0.0928, reconstruction=4.9569
Epoch [305/400]
batch = 0 (Δ=0.341s, 100.00%)
Training throughput: 1 batches in 0.341s; word units 100.0% of 8 words (letters-only 100.0% of 8).
Train Loss: output=0.1315, reconstruction=4.7848
Epoch [306/400]
batch = 0 (Δ=0.345s, 100.00%)
Training throughput: 1 batches in 0.344s; word units 100.0% of 8 words (letters-only 100.0% of 8).
Train Loss: output=0.1288, reconstruction=5.0278
Epoch [307/400]
batch = 0 (Δ=0.347s, 100.00%)
Training throughput: 1 batches in 0.347s; word units 100.0% of 8 words (letters-only 100.0% of 8).
Train Loss: output=0.1082, reconstruction=5.0154
Epoch [308/400]
batch = 0 (Δ=0.346s, 100.00%)
Training throughput: 1 batches in 0.345s; word units 100.0% of 8 words (letters-only 100.0% of 8).
Train Loss: output=0.0816, reconstruction=4.8454
Epoch [309/400]
batch = 0 (Δ=0.371s, 100.00%)
Training throughput: 1 batches in 0.371s; word units 100.0% of 8 words (letters-only 100.0% of 8).
Train Loss: output=0.1097, reconstruction=4.9167
Epoch [310/400]
batch = 0 (Δ=0.341s, 100.00%)
Training throughput: 1 batches in 0.340s; word units 100.0% of 8 words (letters-only 100.0% of 8).
Train Loss: output=0.1487, reconstruction=5.0451
Epoch [311/400]
batch = 0 (Δ=0.345s, 100.00%)
Training throughput: 1 batches in 0.345s; word units 100.0% of 8 words (letters-only 100.0% of 8).
Train Loss: output=0.1134, reconstruction=4.7970
Epoch [312/400]
batch = 0 (Δ=0.345s, 100.00%)
Training throughput: 1 batches in 0.345s; word units 100.0% of 8 words (letters-only 100.0% of 8).
Train Loss: output=0.1014, reconstruction=4.8257
Epoch [313/400]
batch = 0 (Δ=0.343s, 100.00%)
Training throughput: 1 batches in 0.342s; word units 100.0% of 8 words (letters-only 100.0% of 8).
Train Loss: output=0.0977, reconstruction=4.9378
Epoch [314/400]
batch = 0 (Δ=0.341s, 100.00%)
Training throughput: 1 batches in 0.340s; word units 100.0% of 8 words (letters-only 100.0% of 8).
Train Loss: output=0.0943, reconstruction=5.0067
Epoch [315/400]
batch = 0 (Δ=0.345s, 100.00%)
Training throughput: 1 batches in 0.345s; word units 100.0% of 8 words (letters-only 100.0% of 8).
Train Loss: output=0.1101, reconstruction=4.8739
Epoch [316/400]
batch = 0 (Δ=0.343s, 100.00%)
Training throughput: 1 batches in 0.342s; word units 100.0% of 8 words (letters-only 100.0% of 8).
Train Loss: output=0.0988, reconstruction=4.8496
Epoch [317/400]
batch = 0 (Δ=0.347s, 100.00%)
Training throughput: 1 batches in 0.347s; word units 100.0% of 8 words (letters-only 100.0% of 8).
Train Loss: output=0.1022, reconstruction=4.9951
Epoch [318/400]
batch = 0 (Δ=0.346s, 100.00%)
Training throughput: 1 batches in 0.346s; word units 100.0% of 8 words (letters-only 100.0% of 8).
Train Loss: output=0.0950, reconstruction=4.8243
Epoch [319/400]
batch = 0 (Δ=0.341s, 100.00%)
Training throughput: 1 batches in 0.340s; word units 100.0% of 8 words (letters-only 100.0% of 8).
Train Loss: output=0.1307, reconstruction=4.8331
Epoch [320/400]
batch = 0 (Δ=0.339s, 100.00%)
Training throughput: 1 batches in 0.339s; word units 100.0% of 8 words (letters-only 100.0% of 8).
Train Loss: output=0.0992, reconstruction=4.9053
Epoch [321/400]
batch = 0 (Δ=0.341s, 100.00%)
Training throughput: 1 batches in 0.341s; word units 100.0% of 8 words (letters-only 100.0% of 8).
Train Loss: output=0.1370, reconstruction=4.9821
Epoch [322/400]
batch = 0 (Δ=0.346s, 100.00%)
Training throughput: 1 batches in 0.346s; word units 100.0% of 8 words (letters-only 100.0% of 8).
Train Loss: output=0.0990, reconstruction=4.8977
Epoch [323/400]
batch = 0 (Δ=0.342s, 100.00%)
Training throughput: 1 batches in 0.342s; word units 100.0% of 8 words (letters-only 100.0% of 8).
Train Loss: output=0.0820, reconstruction=4.8264
Epoch [324/400]
batch = 0 (Δ=0.343s, 100.00%)
Training throughput: 1 batches in 0.343s; word units 100.0% of 8 words (letters-only 100.0% of 8).
Train Loss: output=0.1051, reconstruction=4.9511
Epoch [325/400]
batch = 0 (Δ=0.340s, 100.00%)
Training throughput: 1 batches in 0.339s; word units 100.0% of 8 words (letters-only 100.0% of 8).
Train Loss: output=0.1362, reconstruction=4.9600
Epoch [326/400]
batch = 0 (Δ=0.345s, 100.00%)
Training throughput: 1 batches in 0.345s; word units 100.0% of 8 words (letters-only 100.0% of 8).
Train Loss: output=0.1249, reconstruction=4.8389
Epoch [327/400]
batch = 0 (Δ=0.343s, 100.00%)
Training throughput: 1 batches in 0.343s; word units 100.0% of 8 words (letters-only 100.0% of 8).
Train Loss: output=0.1459, reconstruction=4.8713
Epoch [328/400]
batch = 0 (Δ=0.341s, 100.00%)
Training throughput: 1 batches in 0.340s; word units 100.0% of 8 words (letters-only 100.0% of 8).
Train Loss: output=0.1239, reconstruction=4.9023
Epoch [329/400]
batch = 0 (Δ=0.344s, 100.00%)
Training throughput: 1 batches in 0.344s; word units 100.0% of 8 words (letters-only 100.0% of 8).
Train Loss: output=0.1118, reconstruction=4.8457
Epoch [330/400]
batch = 0 (Δ=0.340s, 100.00%)
Training throughput: 1 batches in 0.339s; word units 100.0% of 8 words (letters-only 100.0% of 8).
Train Loss: output=0.0950, reconstruction=4.8437
Epoch [331/400]
batch = 0 (Δ=0.345s, 100.00%)
Training throughput: 1 batches in 0.344s; word units 100.0% of 8 words (letters-only 100.0% of 8).
Train Loss: output=0.1533, reconstruction=4.9334
Epoch [332/400]
batch = 0 (Δ=0.343s, 100.00%)
Training throughput: 1 batches in 0.343s; word units 100.0% of 8 words (letters-only 100.0% of 8).
Train Loss: output=0.1099, reconstruction=4.7259
Epoch [333/400]
batch = 0 (Δ=0.350s, 100.00%)
Training throughput: 1 batches in 0.350s; word units 100.0% of 8 words (letters-only 100.0% of 8).
Train Loss: output=0.1234, reconstruction=4.8241
Epoch [334/400]
batch = 0 (Δ=0.341s, 100.00%)
Training throughput: 1 batches in 0.341s; word units 100.0% of 8 words (letters-only 100.0% of 8).
Train Loss: output=0.0917, reconstruction=4.8386
Epoch [335/400]
batch = 0 (Δ=0.340s, 100.00%)
Training throughput: 1 batches in 0.340s; word units 100.0% of 8 words (letters-only 100.0% of 8).
Train Loss: output=0.1178, reconstruction=4.8768
Epoch [336/400]
batch = 0 (Δ=0.351s, 100.00%)
Training throughput: 1 batches in 0.350s; word units 100.0% of 8 words (letters-only 100.0% of 8).
Train Loss: output=0.1414, reconstruction=4.8250
Epoch [337/400]
batch = 0 (Δ=0.342s, 100.00%)
Training throughput: 1 batches in 0.341s; word units 100.0% of 8 words (letters-only 100.0% of 8).
Train Loss: output=0.1266, reconstruction=4.8675
Epoch [338/400]
batch = 0 (Δ=0.340s, 100.00%)
Training throughput: 1 batches in 0.339s; word units 100.0% of 8 words (letters-only 100.0% of 8).
Train Loss: output=0.1106, reconstruction=4.8937
Epoch [339/400]
batch = 0 (Δ=0.339s, 100.00%)
Training throughput: 1 batches in 0.339s; word units 100.0% of 8 words (letters-only 100.0% of 8).
Train Loss: output=0.1160, reconstruction=4.8369
Epoch [340/400]
batch = 0 (Δ=0.346s, 100.00%)
Training throughput: 1 batches in 0.346s; word units 100.0% of 8 words (letters-only 100.0% of 8).
Train Loss: output=0.0976, reconstruction=4.8473
Epoch [341/400]
batch = 0 (Δ=0.350s, 100.00%)
Training throughput: 1 batches in 0.349s; word units 100.0% of 8 words (letters-only 100.0% of 8).
Train Loss: output=0.0907, reconstruction=4.8976
Epoch [342/400]
batch = 0 (Δ=0.342s, 100.00%)
Training throughput: 1 batches in 0.341s; word units 100.0% of 8 words (letters-only 100.0% of 8).
Train Loss: output=0.1326, reconstruction=4.8537
Epoch [343/400]
batch = 0 (Δ=0.341s, 100.00%)
Training throughput: 1 batches in 0.341s; word units 100.0% of 8 words (letters-only 100.0% of 8).
Train Loss: output=0.1163, reconstruction=4.8351
Epoch [344/400]
batch = 0 (Δ=0.340s, 100.00%)
Training throughput: 1 batches in 0.339s; word units 100.0% of 8 words (letters-only 100.0% of 8).
Train Loss: output=0.0773, reconstruction=4.7171
Epoch [345/400]
batch = 0 (Δ=0.345s, 100.00%)
Training throughput: 1 batches in 0.345s; word units 100.0% of 8 words (letters-only 100.0% of 8).
Train Loss: output=0.1430, reconstruction=4.9179
Epoch [346/400]
batch = 0 (Δ=0.343s, 100.00%)
Training throughput: 1 batches in 0.342s; word units 100.0% of 8 words (letters-only 100.0% of 8).
Train Loss: output=0.1372, reconstruction=4.8407
Epoch [347/400]
batch = 0 (Δ=0.340s, 100.00%)
Training throughput: 1 batches in 0.339s; word units 100.0% of 8 words (letters-only 100.0% of 8).
Train Loss: output=0.1088, reconstruction=4.8408
Epoch [348/400]
batch = 0 (Δ=0.344s, 100.00%)
Training throughput: 1 batches in 0.344s; word units 100.0% of 8 words (letters-only 100.0% of 8).
Train Loss: output=0.1163, reconstruction=4.8814
Epoch [349/400]
batch = 0 (Δ=0.341s, 100.00%)
Training throughput: 1 batches in 0.341s; word units 100.0% of 8 words (letters-only 100.0% of 8).
Train Loss: output=0.0991, reconstruction=4.8303
Epoch [350/400]
batch = 0 (Δ=0.345s, 100.00%)
Training throughput: 1 batches in 0.345s; word units 100.0% of 8 words (letters-only 100.0% of 8).
Train Loss: output=0.0954, reconstruction=4.8396
Epoch [351/400]
batch = 0 (Δ=0.348s, 100.00%)
Training throughput: 1 batches in 0.347s; word units 100.0% of 8 words (letters-only 100.0% of 8).
Train Loss: output=0.1183, reconstruction=4.8922
Epoch [352/400]
batch = 0 (Δ=0.352s, 100.00%)
Training throughput: 1 batches in 0.357s; word units 100.0% of 8 words (letters-only 100.0% of 8).
Train Loss: output=0.1145, reconstruction=4.8586
Epoch [353/400]
batch = 0 (Δ=0.372s, 100.00%)
Training throughput: 1 batches in 0.366s; word units 100.0% of 8 words (letters-only 100.0% of 8).
Train Loss: output=0.0907, reconstruction=4.8179
Epoch [354/400]
batch = 0 (Δ=0.341s, 100.00%)
Training throughput: 1 batches in 0.340s; word units 100.0% of 8 words (letters-only 100.0% of 8).
Train Loss: output=0.1233, reconstruction=4.8853
Epoch [355/400]
batch = 0 (Δ=0.345s, 100.00%)
Training throughput: 1 batches in 0.345s; word units 100.0% of 8 words (letters-only 100.0% of 8).
Train Loss: output=0.0851, reconstruction=4.8518
Epoch [356/400]
batch = 0 (Δ=0.352s, 100.00%)
Training throughput: 1 batches in 0.351s; word units 100.0% of 8 words (letters-only 100.0% of 8).
Train Loss: output=0.1046, reconstruction=4.8249
Epoch [357/400]
batch = 0 (Δ=0.348s, 100.00%)
Training throughput: 1 batches in 0.347s; word units 100.0% of 8 words (letters-only 100.0% of 8).
Train Loss: output=0.1266, reconstruction=4.8929
Epoch [358/400]
batch = 0 (Δ=0.348s, 100.00%)
Training throughput: 1 batches in 0.348s; word units 100.0% of 8 words (letters-only 100.0% of 8).
Train Loss: output=0.1317, reconstruction=4.9002
Epoch [359/400]
batch = 0 (Δ=0.350s, 100.00%)
Training throughput: 1 batches in 0.349s; word units 100.0% of 8 words (letters-only 100.0% of 8).
Train Loss: output=0.0969, reconstruction=4.7887
Epoch [360/400]
batch = 0 (Δ=1.130s, 100.00%)
Training throughput: 1 batches in 1.129s; word units 100.0% of 8 words (letters-only 100.0% of 8).
Train Loss: output=0.1319, reconstruction=4.8633
Epoch [361/400]
batch = 0 (Δ=0.339s, 100.00%)
Training throughput: 1 batches in 0.338s; word units 100.0% of 8 words (letters-only 100.0% of 8).
Train Loss: output=0.1137, reconstruction=4.8972
Epoch [362/400]
batch = 0 (Δ=0.343s, 100.00%)
Training throughput: 1 batches in 0.343s; word units 100.0% of 8 words (letters-only 100.0% of 8).
Train Loss: output=0.1212, reconstruction=4.8349
Epoch [363/400]
batch = 0 (Δ=0.345s, 100.00%)
Training throughput: 1 batches in 0.345s; word units 100.0% of 8 words (letters-only 100.0% of 8).
Train Loss: output=0.1239, reconstruction=4.8573
Epoch [364/400]
batch = 0 (Δ=0.343s, 100.00%)
Training throughput: 1 batches in 0.343s; word units 100.0% of 8 words (letters-only 100.0% of 8).
Train Loss: output=0.1287, reconstruction=4.9197
Epoch [365/400]
batch = 0 (Δ=0.345s, 100.00%)
Training throughput: 1 batches in 0.345s; word units 100.0% of 8 words (letters-only 100.0% of 8).
Train Loss: output=0.1142, reconstruction=4.8691
Epoch [366/400]
batch = 0 (Δ=0.348s, 100.00%)
Training throughput: 1 batches in 0.347s; word units 100.0% of 8 words (letters-only 100.0% of 8).
Train Loss: output=0.1032, reconstruction=4.8269
Epoch [367/400]
batch = 0 (Δ=0.347s, 100.00%)
Training throughput: 1 batches in 0.346s; word units 100.0% of 8 words (letters-only 100.0% of 8).
Train Loss: output=0.1149, reconstruction=4.8878
Epoch [368/400]
batch = 0 (Δ=0.341s, 100.00%)
Training throughput: 1 batches in 0.340s; word units 100.0% of 8 words (letters-only 100.0% of 8).
Train Loss: output=0.1133, reconstruction=4.8756
Epoch [369/400]
batch = 0 (Δ=0.345s, 100.00%)
Training throughput: 1 batches in 0.344s; word units 100.0% of 8 words (letters-only 100.0% of 8).
Train Loss: output=0.1259, reconstruction=4.8240
Epoch [370/400]
batch = 0 (Δ=0.344s, 100.00%)
Training throughput: 1 batches in 0.344s; word units 100.0% of 8 words (letters-only 100.0% of 8).
Train Loss: output=0.0806, reconstruction=4.8931
Epoch [371/400]
batch = 0 (Δ=0.345s, 100.00%)
Training throughput: 1 batches in 0.345s; word units 100.0% of 8 words (letters-only 100.0% of 8).
Train Loss: output=0.0977, reconstruction=4.9279
Epoch [372/400]
batch = 0 (Δ=0.340s, 100.00%)
Training throughput: 1 batches in 0.339s; word units 100.0% of 8 words (letters-only 100.0% of 8).
Train Loss: output=0.0802, reconstruction=4.8504
Epoch [373/400]
batch = 0 (Δ=0.344s, 100.00%)
Training throughput: 1 batches in 0.344s; word units 100.0% of 8 words (letters-only 100.0% of 8).
Train Loss: output=0.0855, reconstruction=4.8459
Epoch [374/400]
batch = 0 (Δ=0.345s, 100.00%)
Training throughput: 1 batches in 0.344s; word units 100.0% of 8 words (letters-only 100.0% of 8).
Train Loss: output=0.0864, reconstruction=4.9293
Epoch [375/400]
batch = 0 (Δ=0.341s, 100.00%)
Training throughput: 1 batches in 0.341s; word units 100.0% of 8 words (letters-only 100.0% of 8).
Train Loss: output=0.1188, reconstruction=4.8878
Epoch [376/400]
batch = 0 (Δ=0.345s, 100.00%)
Training throughput: 1 batches in 0.344s; word units 100.0% of 8 words (letters-only 100.0% of 8).
Train Loss: output=0.0539, reconstruction=4.8262
Epoch [377/400]
batch = 0 (Δ=0.343s, 100.00%)
Training throughput: 1 batches in 0.342s; word units 100.0% of 8 words (letters-only 100.0% of 8).
Train Loss: output=0.0893, reconstruction=4.9186
Epoch [378/400]
batch = 0 (Δ=0.342s, 100.00%)
Training throughput: 1 batches in 0.342s; word units 100.0% of 8 words (letters-only 100.0% of 8).
Train Loss: output=0.1145, reconstruction=4.9352
Epoch [379/400]
batch = 0 (Δ=0.342s, 100.00%)
Training throughput: 1 batches in 0.342s; word units 100.0% of 8 words (letters-only 100.0% of 8).
Train Loss: output=0.0475, reconstruction=4.8460
Epoch [380/400]
batch = 0 (Δ=0.344s, 100.00%)
Training throughput: 1 batches in 0.344s; word units 100.0% of 8 words (letters-only 100.0% of 8).
Train Loss: output=0.0388, reconstruction=4.8221
Epoch [381/400]
batch = 0 (Δ=0.345s, 100.00%)
Training throughput: 1 batches in 0.344s; word units 100.0% of 8 words (letters-only 100.0% of 8).
Train Loss: output=0.0369, reconstruction=4.9047
Epoch [382/400]
batch = 0 (Δ=0.347s, 100.00%)
Training throughput: 1 batches in 0.346s; word units 100.0% of 8 words (letters-only 100.0% of 8).
Train Loss: output=0.0870, reconstruction=4.8631
Epoch [383/400]
batch = 0 (Δ=0.341s, 100.00%)
Training throughput: 1 batches in 0.341s; word units 100.0% of 8 words (letters-only 100.0% of 8).
Train Loss: output=0.1287, reconstruction=4.8319
Epoch [384/400]
batch = 0 (Δ=0.345s, 100.00%)
Training throughput: 1 batches in 0.344s; word units 100.0% of 8 words (letters-only 100.0% of 8).
Train Loss: output=0.1257, reconstruction=4.9114
Epoch [385/400]
batch = 0 (Δ=0.346s, 100.00%)
Training throughput: 1 batches in 0.345s; word units 100.0% of 8 words (letters-only 100.0% of 8).
Train Loss: output=0.1250, reconstruction=4.8965
Epoch [386/400]
batch = 0 (Δ=0.349s, 100.00%)
Training throughput: 1 batches in 0.349s; word units 100.0% of 8 words (letters-only 100.0% of 8).
Train Loss: output=0.1347, reconstruction=4.8252
Epoch [387/400]
batch = 0 (Δ=0.348s, 100.00%)
Training throughput: 1 batches in 0.347s; word units 100.0% of 8 words (letters-only 100.0% of 8).
Train Loss: output=0.1163, reconstruction=4.8693
Epoch [388/400]
batch = 0 (Δ=0.344s, 100.00%)
Training throughput: 1 batches in 0.343s; word units 100.0% of 8 words (letters-only 100.0% of 8).
Train Loss: output=0.1313, reconstruction=4.8860
Epoch [389/400]
batch = 0 (Δ=0.342s, 100.00%)
Training throughput: 1 batches in 0.341s; word units 100.0% of 8 words (letters-only 100.0% of 8).
Train Loss: output=0.1086, reconstruction=4.8266
Epoch [390/400]
batch = 0 (Δ=0.341s, 100.00%)
Training throughput: 1 batches in 0.340s; word units 100.0% of 8 words (letters-only 100.0% of 8).
Train Loss: output=0.1235, reconstruction=4.8766
Epoch [391/400]
batch = 0 (Δ=0.346s, 100.00%)
Training throughput: 1 batches in 0.346s; word units 100.0% of 8 words (letters-only 100.0% of 8).
Train Loss: output=0.1158, reconstruction=4.9288
Epoch [392/400]
batch = 0 (Δ=0.342s, 100.00%)
Training throughput: 1 batches in 0.342s; word units 100.0% of 8 words (letters-only 100.0% of 8).
Train Loss: output=0.0873, reconstruction=4.8332
Epoch [393/400]
batch = 0 (Δ=0.340s, 100.00%)
Training throughput: 1 batches in 0.339s; word units 100.0% of 8 words (letters-only 100.0% of 8).
Train Loss: output=0.1312, reconstruction=4.8432
Epoch [394/400]
batch = 0 (Δ=0.343s, 100.00%)
Training throughput: 1 batches in 0.343s; word units 100.0% of 8 words (letters-only 100.0% of 8).
Train Loss: output=0.1462, reconstruction=4.9193
Epoch [395/400]
batch = 0 (Δ=0.346s, 100.00%)
Training throughput: 1 batches in 0.345s; word units 100.0% of 8 words (letters-only 100.0% of 8).
Train Loss: output=0.1157, reconstruction=4.8793
Epoch [396/400]
batch = 0 (Δ=0.341s, 100.00%)
Training throughput: 1 batches in 0.340s; word units 100.0% of 8 words (letters-only 100.0% of 8).
Train Loss: output=0.0898, reconstruction=4.8159
Epoch [397/400]
batch = 0 (Δ=0.343s, 100.00%)
Training throughput: 1 batches in 0.342s; word units 100.0% of 8 words (letters-only 100.0% of 8).
Train Loss: output=0.1512, reconstruction=4.9144
Epoch [398/400]
batch = 0 (Δ=0.379s, 100.00%)
Training throughput: 1 batches in 0.378s; word units 100.0% of 8 words (letters-only 100.0% of 8).
Train Loss: output=0.1320, reconstruction=4.9150
Epoch [399/400]
batch = 0 (Δ=0.341s, 100.00%)
Training throughput: 1 batches in 0.341s; word units 100.0% of 8 words (letters-only 100.0% of 8).
Train Loss: output=0.0749, reconstruction=4.8177
Epoch [400/400]
batch = 0 (Δ=0.345s, 100.00%)
Training throughput: 1 batches in 0.344s; word units 100.0% of 8 words (letters-only 100.0% of 8).
Train Loss: output=0.1302, reconstruction=4.8866
Final Stats:
=== Selected operation grammar ===
batch = 0 (Δ=51.017s, 100.00%)
Training throughput: 1 batches in 50.963s; word units 100.0% of 8 words (letters-only 100.0% of 8).
=== Input Reconstruction (test) ===
  row[0] input='hello world' -> reconstructed='hello ' label=0.0000 predicted=0.6348 MISMATCH
  row[1] input='hello there' -> reconstructed='hello ' label=1.0000 predicted=0.6671 MISMATCH
  row[2] input='loving world' -> reconstructed='loving ' label=1.0000 predicted=0.6209 MISMATCH
  row[3] input='loving there' -> reconstructed='loving ' label=0.0000 predicted=0.6179 MISMATCH
------------------------------ Captured log call -------------------------------
DEBUG    torch.__trace:utils.py:2363 
DEBUG    torch.__trace:utils.py:2363 
DEBUG    torch.__trace:structured.py:28 
DEBUG    torch.__trace:structured.py:28 
DEBUG    torch.__trace:structured.py:28 
DEBUG    torch.__trace:structured.py:28 
DEBUG    torch.__trace:structured.py:28 
DEBUG    torch.__trace:structured.py:28 
DEBUG    torch.__trace:structured.py:28 
DEBUG    torch.__trace:structured.py:28 
DEBUG    torch.__trace:structured.py:28 
DEBUG    torch.__trace:structured.py:28 
DEBUG    torch.__trace:structured.py:28 
DEBUG    torch.__trace:structured.py:28 
DEBUG    torch.__trace:structured.py:28 
DEBUG    torch.__trace:structured.py:28 
DEBUG    torch.__trace:structured.py:28 
DEBUG    torch.__trace:convert_frame.py:304 
DEBUG    torch.__trace:utils.py:2363 
DEBUG    torch.__trace:utils.py:2363 
DEBUG    torch.__trace:meta_utils.py:298 
DEBUG    torch.__trace:meta_utils.py:537 
DEBUG    torch.__trace:meta_utils.py:2385 
DEBUG    torch.__trace:meta_utils.py:298 
DEBUG    torch.__trace:meta_utils.py:537 
DEBUG    torch.__trace:meta_utils.py:2385 
DEBUG    torch.__trace:meta_utils.py:298 
DEBUG    torch.__trace:meta_utils.py:537 
DEBUG    torch.__trace:meta_utils.py:2385 
DEBUG    torch.__trace:meta_utils.py:298 
DEBUG    torch.__trace:meta_utils.py:537 
DEBUG    torch.__trace:meta_utils.py:2385 
DEBUG    torch.__trace:meta_utils.py:298 
DEBUG    torch.__trace:meta_utils.py:537 
DEBUG    torch.__trace:meta_utils.py:2385 
DEBUG    torch.__trace:meta_utils.py:298 
DEBUG    torch.__trace:meta_utils.py:537 
DEBUG    torch.__trace:meta_utils.py:2385 
DEBUG    torch.__trace:meta_utils.py:298 
DEBUG    torch.__trace:meta_utils.py:537 
DEBUG    torch.__trace:meta_utils.py:2385 
DEBUG    torch.__trace:meta_utils.py:298 
DEBUG    torch.__trace:meta_utils.py:537 
DEBUG    torch.__trace:meta_utils.py:2385 
DEBUG    torch.__trace:meta_utils.py:298 
DEBUG    torch.__trace:meta_utils.py:537 
DEBUG    torch.__trace:meta_utils.py:2385 
DEBUG    torch.__trace:structured.py:28 
DEBUG    torch.__trace:structured.py:28 
DEBUG    torch.__trace:structured.py:28 
DEBUG    torch.__trace:structured.py:28 
DEBUG    torch.__trace:structured.py:28 
DEBUG    torch.__trace:structured.py:28 
DEBUG    torch.__trace:structured.py:28 
DEBUG    torch.__trace:structured.py:28 
DEBUG    torch.__trace:structured.py:28 
DEBUG    torch.__trace:structured.py:28 
DEBUG    torch.__trace:structured.py:28 
DEBUG    torch.__trace:structured.py:28 
DEBUG    torch.__trace:symbolic_shapes.py:5971 
DEBUG    torch.__trace:meta_utils.py:298 
DEBUG    torch.__trace:meta_utils.py:537 
DEBUG    torch.__trace:meta_utils.py:2385 
DEBUG    torch.__trace:meta_utils.py:298 
DEBUG    torch.__trace:meta_utils.py:537 
DEBUG    torch.__trace:meta_utils.py:2385 
DEBUG    torch.__trace:meta_utils.py:298 
DEBUG    torch.__trace:meta_utils.py:537 
DEBUG    torch.__trace:meta_utils.py:2385 
DEBUG    torch.__trace:meta_utils.py:298 
DEBUG    torch.__trace:meta_utils.py:537 
DEBUG    torch.__trace:meta_utils.py:2385 
DEBUG    torch.__trace:meta_utils.py:298 
DEBUG    torch.__trace:meta_utils.py:537 
DEBUG    torch.__trace:meta_utils.py:2385 
DEBUG    torch.__trace:meta_utils.py:298 
DEBUG    torch.__trace:meta_utils.py:537 
DEBUG    torch.__trace:meta_utils.py:2385 
DEBUG    torch.__trace:structured.py:28 
DEBUG    torch.__trace:structured.py:28 
DEBUG    torch.__trace:structured.py:28 
DEBUG    torch.__trace:symbolic_shapes.py:5971 
DEBUG    torch.__trace:meta_utils.py:298 
DEBUG    torch.__trace:meta_utils.py:537 
DEBUG    torch.__trace:meta_utils.py:2385 
DEBUG    torch.__trace:symbolic_shapes.py:5971 
DEBUG    torch.__trace:structured.py:28 
DEBUG    torch.__trace:structured.py:28 
DEBUG    torch.__trace:symbolic_shapes.py:8465 
DEBUG    torch.__trace:meta_utils.py:298 
DEBUG    torch.__trace:meta_utils.py:537 
DEBUG    torch.__trace:meta_utils.py:2385 
DEBUG    torch.__trace:meta_utils.py:298 
DEBUG    torch.__trace:meta_utils.py:537 
DEBUG    torch.__trace:meta_utils.py:2385 
DEBUG    torch.__trace:meta_utils.py:298 
DEBUG    torch.__trace:meta_utils.py:537 
DEBUG    torch.__trace:meta_utils.py:2385 
DEBUG    torch.__trace:meta_utils.py:298 
DEBUG    torch.__trace:meta_utils.py:537 
DEBUG    torch.__trace:meta_utils.py:2385 
DEBUG    torch.__trace:meta_utils.py:298 
DEBUG    torch.__trace:meta_utils.py:537 
DEBUG    torch.__trace:meta_utils.py:2385 
DEBUG    torch.__trace:meta_utils.py:298 
DEBUG    torch.__trace:meta_utils.py:537 
DEBUG    torch.__trace:meta_utils.py:2385 
DEBUG    torch.__trace:structured.py:28 
DEBUG    torch.__trace:structured.py:28 
DEBUG    torch.__trace:structured.py:28 
DEBUG    torch.__trace:structured.py:28 
DEBUG    torch.__trace:symbolic_shapes.py:5521 
DEBUG    torch.__trace:structured.py:28 
DEBUG    torch.__trace:structured.py:28 
DEBUG    torch.__trace:structured.py:28 
DEBUG    torch.__trace:structured.py:28 
DEBUG    torch.__trace:structured.py:28 
DEBUG    torch.__trace:symbolic_shapes.py:8465 
DEBUG    torch.__trace:symbolic_shapes.py:8465 
DEBUG    torch.__trace:meta_utils.py:298 
DEBUG    torch.__trace:meta_utils.py:537 
DEBUG    torch.__trace:meta_utils.py:2385 
DEBUG    torch.__trace:meta_utils.py:298 
DEBUG    torch.__trace:meta_utils.py:537 
DEBUG    torch.__trace:meta_utils.py:2385 
DEBUG    torch.__trace:symbolic_shapes.py:5521 
DEBUG    torch.__trace:symbolic_shapes.py:8465 
DEBUG    torch.__trace:symbolic_shapes.py:8465 
DEBUG    torch.__trace:meta_utils.py:298 
DEBUG    torch.__trace:meta_utils.py:537 
DEBUG    torch.__trace:meta_utils.py:2385 
DEBUG    torch.__trace:utils.py:2363 
DEBUG    torch.__trace:utils.py:2363 
DEBUG    torch.__trace:utils.py:2363 
DEBUG    torch.__trace:output_graph.py:2942 
DEBUG    torch.__trace:utils.py:2363 
DEBUG    torch.__trace:utils.py:2363 
DEBUG    torch.__trace:utils.py:2363 
DEBUG    torch.__trace:structured.py:28 
DEBUG    torch.__trace:structured.py:28 
DEBUG    torch.__trace:structured.py:28 
DEBUG    torch.__trace:structured.py:28 
DEBUG    torch.__trace:structured.py:28 
DEBUG    torch.__trace:structured.py:28 
DEBUG    torch.__trace:structured.py:28 
DEBUG    torch.__trace:symbolic_shapes.py:5521 
DEBUG    torch.__trace:structured.py:28 
DEBUG    torch.__trace:symbolic_shapes.py:8465 
DEBUG    torch.__trace:symbolic_shapes.py:8465 
DEBUG    torch.__trace:symbolic_shapes.py:5521 
DEBUG    torch.__trace:symbolic_shapes.py:8465 
DEBUG    torch.__trace:symbolic_shapes.py:8465 
DEBUG    torch.__trace:utils.py:2363 
DEBUG    torch.__trace:utils.py:2363 
DEBUG    torch.__trace:structured.py:28 
DEBUG    torch.__trace:structured.py:28 
DEBUG    torch.__trace:structured.py:28 
DEBUG    torch.__trace:structured.py:28 
DEBUG    torch.__trace:symbolic_shapes.py:5521 
DEBUG    torch.__trace:structured.py:28 
DEBUG    torch.__trace:structured.py:28 
DEBUG    torch.__trace:symbolic_shapes.py:8465 
DEBUG    torch.__trace:symbolic_shapes.py:8465 
DEBUG    torch.__trace:symbolic_shapes.py:5521 
DEBUG    torch.__trace:symbolic_shapes.py:8465 
DEBUG    torch.__trace:symbolic_shapes.py:8465 
DEBUG    torch.__trace:structured.py:28 
DEBUG    torch.__trace:structured.py:28 
DEBUG    torch.__trace:structured.py:28 
DEBUG    torch.__trace:structured.py:28 
DEBUG    torch.__trace:structured.py:28 
DEBUG    torch.__trace:symbolic_shapes.py:5521 
DEBUG    torch.__trace:symbolic_shapes.py:5521 
DEBUG    torch.__trace:symbolic_shapes.py:5521 
DEBUG    torch.__trace:symbolic_shapes.py:5521 
DEBUG    torch.__trace:symbolic_shapes.py:5521 
DEBUG    torch.__trace:symbolic_shapes.py:5521 
DEBUG    torch.__trace:symbolic_shapes.py:5521 
DEBUG    torch.__trace:symbolic_shapes.py:5521 
DEBUG    torch.__trace:symbolic_shapes.py:5521 
DEBUG    torch.__trace:structured.py:28 
DEBUG    torch.__trace:structured.py:28 
DEBUG    torch.__trace:structured.py:28 
DEBUG    torch.__trace:symbolic_shapes.py:5521 
DEBUG    torch.__trace:symbolic_shapes.py:5521 
DEBUG    torch.__trace:symbolic_shapes.py:5521 
DEBUG    torch.__trace:symbolic_shapes.py:5521 
DEBUG    torch.__trace:symbolic_shapes.py:5521 
DEBUG    torch.__trace:symbolic_shapes.py:5521 
DEBUG    torch.__trace:symbolic_shapes.py:5521 
DEBUG    torch.__trace:symbolic_shapes.py:5521 
DEBUG    torch.__trace:symbolic_shapes.py:5521 
DEBUG    torch.__trace:structured.py:28 
DEBUG    torch.__trace:symbolic_shapes.py:5521 
DEBUG    torch.__trace:symbolic_shapes.py:5521 
DEBUG    torch.__trace:symbolic_shapes.py:5521 
DEBUG    torch.__trace:symbolic_shapes.py:5521 
DEBUG    torch.__trace:symbolic_shapes.py:5521 
DEBUG    torch.__trace:symbolic_shapes.py:5521 
DEBUG    torch.__trace:symbolic_shapes.py:5521 
DEBUG    torch.__trace:symbolic_shapes.py:5521 
DEBUG    torch.__trace:symbolic_shapes.py:5521 
DEBUG    torch.__trace:symbolic_shapes.py:5521 
DEBUG    torch.__trace:symbolic_shapes.py:5521 
DEBUG    torch.__trace:symbolic_shapes.py:5521 
DEBUG    torch.__trace:symbolic_shapes.py:5521 
DEBUG    torch.__trace:symbolic_shapes.py:5521 
DEBUG    torch.__trace:symbolic_shapes.py:5521 
DEBUG    torch.__trace:symbolic_shapes.py:5521 
DEBUG    torch.__trace:symbolic_shapes.py:5521 
DEBUG    torch.__trace:symbolic_shapes.py:5521 
DEBUG    torch.__trace:symbolic_shapes.py:5521 
DEBUG    torch.__trace:symbolic_shapes.py:5521 
DEBUG    torch.__trace:symbolic_shapes.py:5521 
DEBUG    torch.__trace:symbolic_shapes.py:5521 
DEBUG    torch.__trace:symbolic_shapes.py:5521 
DEBUG    torch.__trace:symbolic_shapes.py:5521 
DEBUG    torch.__trace:symbolic_shapes.py:5521 
DEBUG    torch.__trace:symbolic_shapes.py:5521 
DEBUG    torch.__trace:symbolic_shapes.py:5521 
DEBUG    torch.__trace:symbolic_shapes.py:5521 
DEBUG    torch.__trace:symbolic_shapes.py:5521 
DEBUG    torch.__trace:symbolic_shapes.py:5521 
DEBUG    torch.__trace:symbolic_shapes.py:5521 
DEBUG    torch.__trace:symbolic_shapes.py:5521 
DEBUG    torch.__trace:symbolic_shapes.py:5521 
DEBUG    torch.__trace:symbolic_shapes.py:5521 
DEBUG    torch.__trace:symbolic_shapes.py:5521 
DEBUG    torch.__trace:symbolic_shapes.py:5521 
DEBUG    torch.__trace:symbolic_shapes.py:5521 
DEBUG    torch.__trace:symbolic_shapes.py:5521 
DEBUG    torch.__trace:utils.py:2363 
DEBUG    torch.__trace:graph_compile.py:1820 
DEBUG    torch.__trace:graph_compile.py:1841 
DEBUG    torch.__trace:graph_compile.py:1891 
DEBUG    torch.__trace:graph_compile.py:1909 
DEBUG    torch.__trace:graph_compile.py:1913 
DEBUG    torch.__trace:codegen.py:200 
DEBUG    torch.__trace:codegen.py:200 
DEBUG    torch.__trace:codegen.py:200 
DEBUG    torch.__trace:codegen.py:200 
DEBUG    torch.__trace:codegen.py:200 
DEBUG    torch.__trace:codegen.py:200 
DEBUG    torch.__trace:utils.py:2363 
DEBUG    torch.__trace:utils.py:2363 
DEBUG    torch.__trace:utils.py:2363 
DEBUG    torch.__trace:utils.py:2363 
DEBUG    torch.__trace:guards.py:4769 
DEBUG    torch.__trace:utils.py:2363 
DEBUG    torch.__trace:utils.py:2363 
DEBUG    torch.__trace:utils.py:2363 
DEBUG    torch.__trace:utils.py:2363 
DEBUG    torch.__trace:utils.py:2363 
DEBUG    torch.__trace:utils.py:2363 
DEBUG    torch.__trace:utils.py:2022 
DEBUG    torch.__trace:utils.py:2363 
DEBUG    torch.__trace:utils.py:2363 
DEBUG    torch.__trace:utils.py:2363 
DEBUG    torch.__trace:guards.py:5625 
DEBUG    torch.__trace:convert_frame.py:304 
DEBUG    torch.__trace:utils.py:2363 
DEBUG    torch.__trace:utils.py:2363 
DEBUG    torch.__trace:meta_utils.py:298 
DEBUG    torch.__trace:meta_utils.py:537 
DEBUG    torch.__trace:meta_utils.py:2385 
DEBUG    torch.__trace:meta_utils.py:298 
DEBUG    torch.__trace:meta_utils.py:537 
DEBUG    torch.__trace:meta_utils.py:2385 
DEBUG    torch.__trace:meta_utils.py:298 
DEBUG    torch.__trace:meta_utils.py:537 
DEBUG    torch.__trace:meta_utils.py:2385 
DEBUG    torch.__trace:meta_utils.py:298 
DEBUG    torch.__trace:meta_utils.py:537 
DEBUG    torch.__trace:meta_utils.py:2385 
DEBUG    torch.__trace:meta_utils.py:298 
DEBUG    torch.__trace:meta_utils.py:537 
DEBUG    torch.__trace:meta_utils.py:2385 
DEBUG    torch.__trace:meta_utils.py:298 
DEBUG    torch.__trace:meta_utils.py:537 
DEBUG    torch.__trace:meta_utils.py:2385 
DEBUG    torch.__trace:meta_utils.py:298 
DEBUG    torch.__trace:meta_utils.py:537 
DEBUG    torch.__trace:meta_utils.py:2385 
DEBUG    torch.__trace:meta_utils.py:298 
DEBUG    torch.__trace:meta_utils.py:537 
DEBUG    torch.__trace:meta_utils.py:2385 
DEBUG    torch.__trace:meta_utils.py:298 
DEBUG    torch.__trace:meta_utils.py:537 
DEBUG    torch.__trace:meta_utils.py:2385 
DEBUG    torch.__trace:symbolic_shapes.py:5971 
DEBUG    torch.__trace:meta_utils.py:298 
DEBUG    torch.__trace:meta_utils.py:537 
DEBUG    torch.__trace:meta_utils.py:2385 
DEBUG    torch.__trace:meta_utils.py:298 
DEBUG    torch.__trace:meta_utils.py:537 
DEBUG    torch.__trace:meta_utils.py:2385 
DEBUG    torch.__trace:meta_utils.py:298 
DEBUG    torch.__trace:meta_utils.py:537 
DEBUG    torch.__trace:meta_utils.py:2385 
DEBUG    torch.__trace:meta_utils.py:298 
DEBUG    torch.__trace:meta_utils.py:537 
DEBUG    torch.__trace:meta_utils.py:2385 
DEBUG    torch.__trace:meta_utils.py:298 
DEBUG    torch.__trace:meta_utils.py:537 
DEBUG    torch.__trace:meta_utils.py:2385 
DEBUG    torch.__trace:meta_utils.py:298 
DEBUG    torch.__trace:meta_utils.py:537 
DEBUG    torch.__trace:meta_utils.py:2385 
DEBUG    torch.__trace:symbolic_shapes.py:5971 
DEBUG    torch.__trace:meta_utils.py:298 
DEBUG    torch.__trace:meta_utils.py:537 
DEBUG    torch.__trace:meta_utils.py:2385 
DEBUG    torch.__trace:symbolic_shapes.py:5971 
DEBUG    torch.__trace:symbolic_shapes.py:8465 
DEBUG    torch.__trace:meta_utils.py:298 
DEBUG    torch.__trace:meta_utils.py:537 
DEBUG    torch.__trace:meta_utils.py:2385 
DEBUG    torch.__trace:meta_utils.py:298 
DEBUG    torch.__trace:meta_utils.py:537 
DEBUG    torch.__trace:meta_utils.py:2385 
DEBUG    torch.__trace:meta_utils.py:298 
DEBUG    torch.__trace:meta_utils.py:537 
DEBUG    torch.__trace:meta_utils.py:2385 
DEBUG    torch.__trace:meta_utils.py:298 
DEBUG    torch.__trace:meta_utils.py:537 
DEBUG    torch.__trace:meta_utils.py:2385 
DEBUG    torch.__trace:meta_utils.py:298 
DEBUG    torch.__trace:meta_utils.py:537 
DEBUG    torch.__trace:meta_utils.py:2385 
DEBUG    torch.__trace:meta_utils.py:298 
DEBUG    torch.__trace:meta_utils.py:537 
DEBUG    torch.__trace:meta_utils.py:2385 
DEBUG    torch.__trace:symbolic_shapes.py:5521 
DEBUG    torch.__trace:symbolic_shapes.py:8465 
DEBUG    torch.__trace:symbolic_shapes.py:8465 
DEBUG    torch.__trace:meta_utils.py:298 
DEBUG    torch.__trace:meta_utils.py:537 
DEBUG    torch.__trace:meta_utils.py:2385 
DEBUG    torch.__trace:meta_utils.py:298 
DEBUG    torch.__trace:meta_utils.py:537 
DEBUG    torch.__trace:meta_utils.py:2385 
DEBUG    torch.__trace:meta_utils.py:298 
DEBUG    torch.__trace:meta_utils.py:537 
DEBUG    torch.__trace:meta_utils.py:2385 
DEBUG    torch.__trace:symbolic_shapes.py:5521 
DEBUG    torch.__trace:symbolic_shapes.py:8465 
DEBUG    torch.__trace:symbolic_shapes.py:8465 
DEBUG    torch.__trace:meta_utils.py:298 
DEBUG    torch.__trace:meta_utils.py:537 
DEBUG    torch.__trace:meta_utils.py:2385 
DEBUG    torch.__trace:utils.py:2363 
DEBUG    torch.__trace:utils.py:2363 
DEBUG    torch.__trace:utils.py:2363 
DEBUG    torch.__trace:output_graph.py:2942 
DEBUG    torch.__trace:utils.py:2363 
DEBUG    torch.__trace:utils.py:2363 
DEBUG    torch.__trace:utils.py:2363 
DEBUG    torch.__trace:symbolic_shapes.py:5521 
DEBUG    torch.__trace:symbolic_shapes.py:8465 
DEBUG    torch.__trace:symbolic_shapes.py:8465 
DEBUG    torch.__trace:symbolic_shapes.py:5521 
DEBUG    torch.__trace:symbolic_shapes.py:8465 
DEBUG    torch.__trace:symbolic_shapes.py:8465 
DEBUG    torch.__trace:utils.py:2363 
DEBUG    torch.__trace:utils.py:2363 
DEBUG    torch.__trace:symbolic_shapes.py:5521 
DEBUG    torch.__trace:symbolic_shapes.py:8465 
DEBUG    torch.__trace:symbolic_shapes.py:8465 
DEBUG    torch.__trace:symbolic_shapes.py:5521 
DEBUG    torch.__trace:symbolic_shapes.py:8465 
DEBUG    torch.__trace:symbolic_shapes.py:8465 
DEBUG    torch.__trace:symbolic_shapes.py:5521 
DEBUG    torch.__trace:symbolic_shapes.py:5521 
DEBUG    torch.__trace:symbolic_shapes.py:5521 
DEBUG    torch.__trace:symbolic_shapes.py:5521 
DEBUG    torch.__trace:symbolic_shapes.py:5521 
DEBUG    torch.__trace:symbolic_shapes.py:5521 
DEBUG    torch.__trace:symbolic_shapes.py:5521 
DEBUG    torch.__trace:symbolic_shapes.py:5521 
DEBUG    torch.__trace:symbolic_shapes.py:5521 
DEBUG    torch.__trace:symbolic_shapes.py:5521 
DEBUG    torch.__trace:symbolic_shapes.py:5521 
DEBUG    torch.__trace:symbolic_shapes.py:5521 
DEBUG    torch.__trace:symbolic_shapes.py:5521 
DEBUG    torch.__trace:symbolic_shapes.py:5521 
DEBUG    torch.__trace:symbolic_shapes.py:5521 
DEBUG    torch.__trace:symbolic_shapes.py:5521 
DEBUG    torch.__trace:symbolic_shapes.py:5521 
DEBUG    torch.__trace:symbolic_shapes.py:5521 
DEBUG    torch.__trace:symbolic_shapes.py:5521 
DEBUG    torch.__trace:symbolic_shapes.py:5521 
DEBUG    torch.__trace:symbolic_shapes.py:5521 
DEBUG    torch.__trace:symbolic_shapes.py:5521 
DEBUG    torch.__trace:symbolic_shapes.py:5521 
DEBUG    torch.__trace:symbolic_shapes.py:5521 
DEBUG    torch.__trace:symbolic_shapes.py:5521 
DEBUG    torch.__trace:symbolic_shapes.py:5521 
DEBUG    torch.__trace:symbolic_shapes.py:5521 
DEBUG    torch.__trace:symbolic_shapes.py:5521 
DEBUG    torch.__trace:symbolic_shapes.py:5521 
DEBUG    torch.__trace:symbolic_shapes.py:5521 
DEBUG    torch.__trace:symbolic_shapes.py:5521 
DEBUG    torch.__trace:symbolic_shapes.py:5521 
DEBUG    torch.__trace:symbolic_shapes.py:5521 
DEBUG    torch.__trace:symbolic_shapes.py:5521 
DEBUG    torch.__trace:symbolic_shapes.py:5521 
DEBUG    torch.__trace:symbolic_shapes.py:5521 
DEBUG    torch.__trace:symbolic_shapes.py:5521 
DEBUG    torch.__trace:symbolic_shapes.py:5521 
DEBUG    torch.__trace:symbolic_shapes.py:5521 
DEBUG    torch.__trace:symbolic_shapes.py:5521 
DEBUG    torch.__trace:symbolic_shapes.py:5521 
DEBUG    torch.__trace:symbolic_shapes.py:5521 
DEBUG    torch.__trace:symbolic_shapes.py:5521 
DEBUG    torch.__trace:symbolic_shapes.py:5521 
DEBUG    torch.__trace:symbolic_shapes.py:5521 
DEBUG    torch.__trace:symbolic_shapes.py:5521 
DEBUG    torch.__trace:symbolic_shapes.py:5521 
DEBUG    torch.__trace:symbolic_shapes.py:5521 
DEBUG    torch.__trace:symbolic_shapes.py:5521 
DEBUG    torch.__trace:symbolic_shapes.py:5521 
DEBUG    torch.__trace:symbolic_shapes.py:5521 
DEBUG    torch.__trace:symbolic_shapes.py:5521 
DEBUG    torch.__trace:symbolic_shapes.py:5521 
DEBUG    torch.__trace:symbolic_shapes.py:5521 
DEBUG    torch.__trace:symbolic_shapes.py:5521 
DEBUG    torch.__trace:symbolic_shapes.py:5521 
DEBUG    torch.__trace:utils.py:2363 
DEBUG    torch.__trace:graph_compile.py:1820 
DEBUG    torch.__trace:graph_compile.py:1841 
DEBUG    torch.__trace:graph_compile.py:1891 
DEBUG    torch.__trace:graph_compile.py:1909 
DEBUG    torch.__trace:graph_compile.py:1913 
DEBUG    torch.__trace:codegen.py:200 
DEBUG    torch.__trace:codegen.py:200 
DEBUG    torch.__trace:codegen.py:200 
DEBUG    torch.__trace:codegen.py:200 
DEBUG    torch.__trace:codegen.py:200 
DEBUG    torch.__trace:codegen.py:200 
DEBUG    torch.__trace:utils.py:2363 
DEBUG    torch.__trace:utils.py:2363 
DEBUG    torch.__trace:utils.py:2363 
DEBUG    torch.__trace:utils.py:2363 
DEBUG    torch.__trace:guards.py:4769 
DEBUG    torch.__trace:utils.py:2363 
DEBUG    torch.__trace:utils.py:2363 
DEBUG    torch.__trace:utils.py:2363 
DEBUG    torch.__trace:utils.py:2363 
DEBUG    torch.__trace:utils.py:2363 
DEBUG    torch.__trace:utils.py:2363 
DEBUG    torch.__trace:utils.py:2022 
DEBUG    torch.__trace:utils.py:2363 
DEBUG    torch.__trace:utils.py:2363 
DEBUG    torch.__trace:utils.py:2363 
DEBUG    torch.__trace:guards.py:5625 
DEBUG    torch.__trace:convert_frame.py:304 
DEBUG    torch.__trace:utils.py:2363 
DEBUG    torch.__trace:utils.py:2363 
DEBUG    torch.__trace:meta_utils.py:298 
DEBUG    torch.__trace:meta_utils.py:537 
DEBUG    torch.__trace:meta_utils.py:2385 
DEBUG    torch.__trace:meta_utils.py:298 
DEBUG    torch.__trace:meta_utils.py:537 
DEBUG    torch.__trace:meta_utils.py:2385 
DEBUG    torch.__trace:meta_utils.py:298 
DEBUG    torch.__trace:meta_utils.py:537 
DEBUG    torch.__trace:meta_utils.py:2385 
DEBUG    torch.__trace:meta_utils.py:298 
DEBUG    torch.__trace:meta_utils.py:537 
DEBUG    torch.__trace:meta_utils.py:2385 
DEBUG    torch.__trace:meta_utils.py:298 
DEBUG    torch.__trace:meta_utils.py:537 
DEBUG    torch.__trace:meta_utils.py:2385 
DEBUG    torch.__trace:meta_utils.py:298 
DEBUG    torch.__trace:meta_utils.py:537 
DEBUG    torch.__trace:meta_utils.py:2385 
DEBUG    torch.__trace:meta_utils.py:298 
DEBUG    torch.__trace:meta_utils.py:537 
DEBUG    torch.__trace:meta_utils.py:2385 
DEBUG    torch.__trace:meta_utils.py:298 
DEBUG    torch.__trace:meta_utils.py:537 
DEBUG    torch.__trace:meta_utils.py:2385 
DEBUG    torch.__trace:meta_utils.py:298 
DEBUG    torch.__trace:meta_utils.py:537 
DEBUG    torch.__trace:meta_utils.py:2385 
DEBUG    torch.__trace:symbolic_shapes.py:5971 
DEBUG    torch.__trace:meta_utils.py:298 
DEBUG    torch.__trace:meta_utils.py:537 
DEBUG    torch.__trace:meta_utils.py:2385 
DEBUG    torch.__trace:meta_utils.py:298 
DEBUG    torch.__trace:meta_utils.py:537 
DEBUG    torch.__trace:meta_utils.py:2385 
DEBUG    torch.__trace:meta_utils.py:298 
DEBUG    torch.__trace:meta_utils.py:537 
DEBUG    torch.__trace:meta_utils.py:2385 
DEBUG    torch.__trace:meta_utils.py:298 
DEBUG    torch.__trace:meta_utils.py:537 
DEBUG    torch.__trace:meta_utils.py:2385 
DEBUG    torch.__trace:meta_utils.py:298 
DEBUG    torch.__trace:meta_utils.py:537 
DEBUG    torch.__trace:meta_utils.py:2385 
DEBUG    torch.__trace:meta_utils.py:298 
DEBUG    torch.__trace:meta_utils.py:537 
DEBUG    torch.__trace:meta_utils.py:2385 
DEBUG    torch.__trace:symbolic_shapes.py:5971 
DEBUG    torch.__trace:meta_utils.py:298 
DEBUG    torch.__trace:meta_utils.py:537 
DEBUG    torch.__trace:meta_utils.py:2385 
DEBUG    torch.__trace:symbolic_shapes.py:5971 
DEBUG    torch.__trace:symbolic_shapes.py:8465 
DEBUG    torch.__trace:meta_utils.py:298 
DEBUG    torch.__trace:meta_utils.py:537 
DEBUG    torch.__trace:meta_utils.py:2385 
DEBUG    torch.__trace:meta_utils.py:298 
DEBUG    torch.__trace:meta_utils.py:537 
DEBUG    torch.__trace:meta_utils.py:2385 
DEBUG    torch.__trace:meta_utils.py:298 
DEBUG    torch.__trace:meta_utils.py:537 
DEBUG    torch.__trace:meta_utils.py:2385 
DEBUG    torch.__trace:meta_utils.py:298 
DEBUG    torch.__trace:meta_utils.py:537 
DEBUG    torch.__trace:meta_utils.py:2385 
DEBUG    torch.__trace:meta_utils.py:298 
DEBUG    torch.__trace:meta_utils.py:537 
DEBUG    torch.__trace:meta_utils.py:2385 
DEBUG    torch.__trace:meta_utils.py:298 
DEBUG    torch.__trace:meta_utils.py:537 
DEBUG    torch.__trace:meta_utils.py:2385 
DEBUG    torch.__trace:meta_utils.py:298 
DEBUG    torch.__trace:meta_utils.py:537 
DEBUG    torch.__trace:meta_utils.py:2385 
DEBUG    torch.__trace:meta_utils.py:298 
DEBUG    torch.__trace:meta_utils.py:537 
DEBUG    torch.__trace:meta_utils.py:2385 
DEBUG    torch.__trace:utils.py:2363 
DEBUG    torch.__trace:utils.py:2363 
DEBUG    torch.__trace:utils.py:2363 
DEBUG    torch.__trace:output_graph.py:2942 
DEBUG    torch.__trace:utils.py:2363 
DEBUG    torch.__trace:utils.py:2363 
DEBUG    torch.__trace:utils.py:2363 
DEBUG    torch.__trace:utils.py:2363 
DEBUG    torch.__trace:graph_capture.py:428 
DEBUG    torch.__trace:graph_capture.py:446 
DEBUG    torch.__trace:graph_compile.py:382 
DEBUG    torch.__trace:codegen.py:200 
DEBUG    torch.__trace:utils.py:2363 
DEBUG    torch.__trace:utils.py:2363 
DEBUG    torch.__trace:utils.py:2363 
DEBUG    torch.__trace:utils.py:2363 
DEBUG    torch.__trace:guards.py:4769 
DEBUG    torch.__trace:utils.py:2363 
DEBUG    torch.__trace:utils.py:2363 
DEBUG    torch.__trace:utils.py:2363 
DEBUG    torch.__trace:utils.py:2363 
DEBUG    torch.__trace:utils.py:2363 
DEBUG    torch.__trace:utils.py:2363 
DEBUG    torch.__trace:utils.py:2022 
DEBUG    torch.__trace:utils.py:2363 
DEBUG    torch.__trace:utils.py:2363 
DEBUG    torch.__trace:utils.py:2363 
DEBUG    torch.__trace:guards.py:5625 
DEBUG    torch.__trace:convert_frame.py:304 
DEBUG    torch.__trace:utils.py:2363 
DEBUG    torch.__trace:utils.py:2363 
DEBUG    torch.__trace:meta_utils.py:298 
DEBUG    torch.__trace:meta_utils.py:537 
DEBUG    torch.__trace:meta_utils.py:2385 
DEBUG    torch.__trace:meta_utils.py:298 
DEBUG    torch.__trace:meta_utils.py:537 
DEBUG    torch.__trace:meta_utils.py:2385 
DEBUG    torch.__trace:meta_utils.py:298 
DEBUG    torch.__trace:meta_utils.py:537 
DEBUG    torch.__trace:meta_utils.py:2385 
DEBUG    torch.__trace:meta_utils.py:298 
DEBUG    torch.__trace:meta_utils.py:537 
DEBUG    torch.__trace:meta_utils.py:2385 
DEBUG    torch.__trace:meta_utils.py:298 
DEBUG    torch.__trace:meta_utils.py:537 
DEBUG    torch.__trace:meta_utils.py:2385 
DEBUG    torch.__trace:meta_utils.py:298 
DEBUG    torch.__trace:meta_utils.py:537 
DEBUG    torch.__trace:meta_utils.py:2385 
DEBUG    torch.__trace:meta_utils.py:298 
DEBUG    torch.__trace:meta_utils.py:537 
DEBUG    torch.__trace:meta_utils.py:2385 
DEBUG    torch.__trace:meta_utils.py:298 
DEBUG    torch.__trace:meta_utils.py:537 
DEBUG    torch.__trace:meta_utils.py:2385 
DEBUG    torch.__trace:meta_utils.py:298 
DEBUG    torch.__trace:meta_utils.py:537 
DEBUG    torch.__trace:meta_utils.py:2385 
DEBUG    torch.__trace:symbolic_shapes.py:5971 
DEBUG    torch.__trace:meta_utils.py:298 
DEBUG    torch.__trace:meta_utils.py:537 
DEBUG    torch.__trace:meta_utils.py:2385 
DEBUG    torch.__trace:meta_utils.py:298 
DEBUG    torch.__trace:meta_utils.py:537 
DEBUG    torch.__trace:meta_utils.py:2385 
DEBUG    torch.__trace:meta_utils.py:298 
DEBUG    torch.__trace:meta_utils.py:537 
DEBUG    torch.__trace:meta_utils.py:2385 
DEBUG    torch.__trace:meta_utils.py:298 
DEBUG    torch.__trace:meta_utils.py:537 
DEBUG    torch.__trace:meta_utils.py:2385 
DEBUG    torch.__trace:meta_utils.py:298 
DEBUG    torch.__trace:meta_utils.py:537 
DEBUG    torch.__trace:meta_utils.py:2385 
DEBUG    torch.__trace:meta_utils.py:298 
DEBUG    torch.__trace:meta_utils.py:537 
DEBUG    torch.__trace:meta_utils.py:2385 
DEBUG    torch.__trace:symbolic_shapes.py:5971 
DEBUG    torch.__trace:meta_utils.py:298 
DEBUG    torch.__trace:meta_utils.py:537 
DEBUG    torch.__trace:meta_utils.py:2385 
DEBUG    torch.__trace:symbolic_shapes.py:5971 
DEBUG    torch.__trace:symbolic_shapes.py:8465 
DEBUG    torch.__trace:meta_utils.py:298 
DEBUG    torch.__trace:meta_utils.py:537 
DEBUG    torch.__trace:meta_utils.py:2385 
DEBUG    torch.__trace:meta_utils.py:298 
DEBUG    torch.__trace:meta_utils.py:537 
DEBUG    torch.__trace:meta_utils.py:2385 
DEBUG    torch.__trace:meta_utils.py:298 
DEBUG    torch.__trace:meta_utils.py:537 
DEBUG    torch.__trace:meta_utils.py:2385 
DEBUG    torch.__trace:meta_utils.py:298 
DEBUG    torch.__trace:meta_utils.py:537 
DEBUG    torch.__trace:meta_utils.py:2385 
DEBUG    torch.__trace:meta_utils.py:298 
DEBUG    torch.__trace:meta_utils.py:537 
DEBUG    torch.__trace:meta_utils.py:2385 
DEBUG    torch.__trace:meta_utils.py:298 
DEBUG    torch.__trace:meta_utils.py:537 
DEBUG    torch.__trace:meta_utils.py:2385 
DEBUG    torch.__trace:meta_utils.py:298 
DEBUG    torch.__trace:meta_utils.py:537 
DEBUG    torch.__trace:meta_utils.py:2385 
DEBUG    torch.__trace:meta_utils.py:298 
DEBUG    torch.__trace:meta_utils.py:537 
DEBUG    torch.__trace:meta_utils.py:2385 
DEBUG    torch.__trace:meta_utils.py:298 
DEBUG    torch.__trace:meta_utils.py:537 
DEBUG    torch.__trace:meta_utils.py:2385 
DEBUG    torch.__trace:utils.py:2363 
DEBUG    torch.__trace:utils.py:2363 
DEBUG    torch.__trace:utils.py:2363 
DEBUG    torch.__trace:output_graph.py:2942 
DEBUG    torch.__trace:utils.py:2363 
DEBUG    torch.__trace:utils.py:2363 
DEBUG    torch.__trace:utils.py:2363 
DEBUG    torch.__trace:utils.py:2363 
DEBUG    torch.__trace:graph_capture.py:428 
DEBUG    torch.__trace:graph_capture.py:446 
DEBUG    torch.__trace:graph_compile.py:382 
DEBUG    torch.__trace:codegen.py:200 
DEBUG    torch.__trace:utils.py:2363 
DEBUG    torch.__trace:utils.py:2363 
DEBUG    torch.__trace:utils.py:2363 
DEBUG    torch.__trace:utils.py:2363 
DEBUG    torch.__trace:guards.py:4769 
DEBUG    torch.__trace:utils.py:2363 
DEBUG    torch.__trace:utils.py:2363 
DEBUG    torch.__trace:utils.py:2363 
DEBUG    torch.__trace:utils.py:2363 
DEBUG    torch.__trace:utils.py:2363 
DEBUG    torch.__trace:utils.py:2363 
DEBUG    torch.__trace:utils.py:2022 
DEBUG    torch.__trace:utils.py:2363 
DEBUG    torch.__trace:utils.py:2363 
DEBUG    torch.__trace:utils.py:2363 
DEBUG    torch.__trace:convert_frame.py:304 
DEBUG    torch.__trace:utils.py:2363 
DEBUG    torch.__trace:utils.py:2363 
DEBUG    torch.__trace:meta_utils.py:298 
DEBUG    torch.__trace:meta_utils.py:537 
DEBUG    torch.__trace:meta_utils.py:2385 
DEBUG    torch.__trace:structured.py:28 
DEBUG    torch.__trace:symbolic_shapes.py:5971 
DEBUG    torch.__trace:meta_utils.py:298 
DEBUG    torch.__trace:meta_utils.py:537 
DEBUG    torch.__trace:meta_utils.py:2385 
DEBUG    torch.__trace:meta_utils.py:298 
DEBUG    torch.__trace:meta_utils.py:537 
DEBUG    torch.__trace:meta_utils.py:2385 
DEBUG    torch.__trace:meta_utils.py:298 
DEBUG    torch.__trace:meta_utils.py:537 
DEBUG    torch.__trace:meta_utils.py:2385 
DEBUG    torch.__trace:meta_utils.py:298 
DEBUG    torch.__trace:meta_utils.py:537 
DEBUG    torch.__trace:meta_utils.py:2385 
DEBUG    torch.__trace:meta_utils.py:298 
DEBUG    torch.__trace:meta_utils.py:537 
DEBUG    torch.__trace:meta_utils.py:2385 
DEBUG    torch.__trace:meta_utils.py:298 
DEBUG    torch.__trace:meta_utils.py:537 
DEBUG    torch.__trace:meta_utils.py:2385 
DEBUG    torch.__trace:symbolic_shapes.py:5971 
DEBUG    torch.__trace:meta_utils.py:298 
DEBUG    torch.__trace:meta_utils.py:537 
DEBUG    torch.__trace:meta_utils.py:2385 
DEBUG    torch.__trace:meta_utils.py:298 
DEBUG    torch.__trace:meta_utils.py:537 
DEBUG    torch.__trace:meta_utils.py:2385 
DEBUG    torch.__trace:meta_utils.py:298 
DEBUG    torch.__trace:meta_utils.py:537 
DEBUG    torch.__trace:meta_utils.py:2385 
DEBUG    torch.__trace:meta_utils.py:298 
DEBUG    torch.__trace:meta_utils.py:537 
DEBUG    torch.__trace:meta_utils.py:2385 
DEBUG    torch.__trace:meta_utils.py:298 
DEBUG    torch.__trace:meta_utils.py:537 
DEBUG    torch.__trace:meta_utils.py:2385 
DEBUG    torch.__trace:meta_utils.py:298 
DEBUG    torch.__trace:meta_utils.py:537 
DEBUG    torch.__trace:meta_utils.py:2385 
DEBUG    torch.__trace:meta_utils.py:298 
DEBUG    torch.__trace:meta_utils.py:537 
DEBUG    torch.__trace:meta_utils.py:2385 
DEBUG    torch.__trace:meta_utils.py:298 
DEBUG    torch.__trace:meta_utils.py:537 
DEBUG    torch.__trace:meta_utils.py:2385 
DEBUG    torch.__trace:meta_utils.py:298 
DEBUG    torch.__trace:meta_utils.py:537 
DEBUG    torch.__trace:meta_utils.py:2385 
DEBUG    torch.__trace:meta_utils.py:298 
DEBUG    torch.__trace:meta_utils.py:537 
DEBUG    torch.__trace:meta_utils.py:2385 
DEBUG    torch.__trace:meta_utils.py:298 
DEBUG    torch.__trace:meta_utils.py:537 
DEBUG    torch.__trace:meta_utils.py:2385 
DEBUG    torch.__trace:meta_utils.py:298 
DEBUG    torch.__trace:meta_utils.py:537 
DEBUG    torch.__trace:meta_utils.py:2385 
DEBUG    torch.__trace:meta_utils.py:298 
DEBUG    torch.__trace:meta_utils.py:537 
DEBUG    torch.__trace:meta_utils.py:2385 
DEBUG    torch.__trace:utils.py:2363 
DEBUG    torch.__trace:utils.py:2363 
DEBUG    torch.__trace:utils.py:2363 
DEBUG    torch.__trace:output_graph.py:2942 
DEBUG    torch.__trace:utils.py:2363 
DEBUG    torch.__trace:utils.py:2363 
DEBUG    torch.__trace:utils.py:2363 
DEBUG    torch.__trace:utils.py:2363 
DEBUG    torch.__trace:guards.py:4769 
DEBUG    torch.__trace:utils.py:2363 
DEBUG    torch.__trace:utils.py:2363 
DEBUG    torch.__trace:utils.py:2363 
DEBUG    torch.__trace:utils.py:2363 
DEBUG    torch.__trace:utils.py:2022 
DEBUG    torch.__trace:utils.py:2363 
DEBUG    torch.__trace:utils.py:2363 
DEBUG    torch.__trace:utils.py:2363 
DEBUG    torch.__trace:guards.py:5625 
DEBUG    torch.__trace:convert_frame.py:304 
DEBUG    torch.__trace:utils.py:2363 
DEBUG    torch.__trace:utils.py:2363 
DEBUG    torch.__trace:meta_utils.py:298 
DEBUG    torch.__trace:meta_utils.py:537 
DEBUG    torch.__trace:meta_utils.py:2385 
DEBUG    torch.__trace:symbolic_shapes.py:5971 
DEBUG    torch.__trace:utils.py:2402 
DEBUG    torch.__trace:utils.py:2402 
DEBUG    torch.__trace:meta_utils.py:298 
DEBUG    torch.__trace:meta_utils.py:537 
DEBUG    torch.__trace:meta_utils.py:2385 
DEBUG    torch.__trace:symbolic_shapes.py:5971 
DEBUG    torch.__trace:symbolic_shapes.py:5971 
DEBUG    torch.__trace:symbolic_shapes.py:5971 
DEBUG    torch.__trace:utils.py:2402 
DEBUG    torch.__trace:utils.py:2402 
DEBUG    torch.__trace:meta_utils.py:298 
DEBUG    torch.__trace:meta_utils.py:537 
DEBUG    torch.__trace:meta_utils.py:2385 
DEBUG    torch.__trace:symbolic_shapes.py:5971 
DEBUG    torch.__trace:utils.py:2402 
DEBUG    torch.__trace:meta_utils.py:298 
DEBUG    torch.__trace:meta_utils.py:537 
DEBUG    torch.__trace:meta_utils.py:2385 
DEBUG    torch.__trace:utils.py:2402 
DEBUG    torch.__trace:structured.py:28 
DEBUG    torch.__trace:symbolic_shapes.py:5971 
DEBUG    torch.__trace:symbolic_shapes.py:8465 
DEBUG    torch.__trace:symbolic_shapes.py:8056 
DEBUG    torch.__trace:utils.py:2402 
DEBUG    torch.__trace:symbolic_shapes.py:5971 
DEBUG    torch.__trace:symbolic_shapes.py:8465 
DEBUG    torch.__trace:utils.py:2402 
DEBUG    torch.__trace:structured.py:28 
DEBUG    torch.__trace:structured.py:28 
DEBUG    torch.__trace:structured.py:28 
DEBUG    torch.__trace:symbolic_shapes.py:5971 
DEBUG    torch.__trace:symbolic_shapes.py:8465 
DEBUG    torch.__trace:symbolic_shapes.py:8056 
DEBUG    torch.__trace:utils.py:2402 
DEBUG    torch.__trace:symbolic_shapes.py:5971 
DEBUG    torch.__trace:symbolic_shapes.py:8465 
DEBUG    torch.__trace:meta_utils.py:298 
DEBUG    torch.__trace:meta_utils.py:537 
DEBUG    torch.__trace:meta_utils.py:2385 
DEBUG    torch.__trace:symbolic_shapes.py:5971 
DEBUG    torch.__trace:utils.py:2402 
DEBUG    torch.__trace:symbolic_shapes.py:5971 
DEBUG    torch.__trace:symbolic_shapes.py:8465 
DEBUG    torch.__trace:symbolic_shapes.py:8056 
DEBUG    torch.__trace:utils.py:2402 
DEBUG    torch.__trace:symbolic_shapes.py:5971 
DEBUG    torch.__trace:symbolic_shapes.py:8465 
DEBUG    torch.__trace:utils.py:2402 
DEBUG    torch.__trace:symbolic_shapes.py:5971 
DEBUG    torch.__trace:symbolic_shapes.py:8465 
DEBUG    torch.__trace:symbolic_shapes.py:8056 
DEBUG    torch.__trace:utils.py:2402 
DEBUG    torch.__trace:symbolic_shapes.py:5971 
DEBUG    torch.__trace:symbolic_shapes.py:8465 
DEBUG    torch.__trace:utils.py:2402 
DEBUG    torch.__trace:utils.py:2402 
DEBUG    torch.__trace:meta_utils.py:298 
DEBUG    torch.__trace:meta_utils.py:537 
DEBUG    torch.__trace:meta_utils.py:2385 
DEBUG    torch.__trace:symbolic_shapes.py:5971 
DEBUG    torch.__trace:symbolic_shapes.py:5971 
DEBUG    torch.__trace:utils.py:2402 
DEBUG    torch.__trace:meta_utils.py:298 
DEBUG    torch.__trace:meta_utils.py:537 
DEBUG    torch.__trace:meta_utils.py:2385 
DEBUG    torch.__trace:symbolic_shapes.py:5971 
DEBUG    torch.__trace:symbolic_shapes.py:5971 
DEBUG    torch.__trace:structured.py:28 
DEBUG    torch.__trace:structured.py:28 
DEBUG    torch.__trace:symbolic_shapes.py:8465 
DEBUG    torch.__trace:symbolic_shapes.py:8465 
DEBUG    torch.__trace:utils.py:2402 
DEBUG    torch.__trace:meta_utils.py:298 
DEBUG    torch.__trace:meta_utils.py:537 
DEBUG    torch.__trace:meta_utils.py:537 
DEBUG    torch.__trace:meta_utils.py:2385 
DEBUG    torch.__trace:symbolic_shapes.py:5971 
DEBUG    torch.__trace:symbolic_shapes.py:8465 
DEBUG    torch.__trace:symbolic_shapes.py:8465 
DEBUG    torch.__trace:utils.py:2402 
DEBUG    torch.__trace:utils.py:2402 
DEBUG    torch.__trace:meta_utils.py:298 
DEBUG    torch.__trace:meta_utils.py:537 
DEBUG    torch.__trace:meta_utils.py:2385 
DEBUG    torch.__trace:symbolic_shapes.py:5971 
DEBUG    torch.__trace:symbolic_shapes.py:8465 
DEBUG    torch.__trace:utils.py:2402 
DEBUG    torch.__trace:meta_utils.py:298 
DEBUG    torch.__trace:meta_utils.py:537 
DEBUG    torch.__trace:meta_utils.py:2385 
DEBUG    torch.__trace:symbolic_shapes.py:5971 
DEBUG    torch.__trace:symbolic_shapes.py:5971 
DEBUG    torch.__trace:utils.py:2402 
DEBUG    torch.__trace:structured.py:28 
DEBUG    torch.__trace:symbolic_shapes.py:5971 
DEBUG    torch.__trace:symbolic_shapes.py:8465 
DEBUG    torch.__trace:symbolic_shapes.py:8465 
DEBUG    torch.__trace:structured.py:28 
DEBUG    torch.__trace:symbolic_shapes.py:8465 
DEBUG    torch.__trace:symbolic_shapes.py:8465 
DEBUG    torch.__trace:symbolic_shapes.py:8465 
DEBUG    torch.__trace:symbolic_shapes.py:8465 
DEBUG    torch.__trace:symbolic_shapes.py:8465 
DEBUG    torch.__trace:symbolic_shapes.py:8465 
DEBUG    torch.__trace:symbolic_shapes.py:8465 
DEBUG    torch.__trace:symbolic_shapes.py:8465 
DEBUG    torch.__trace:symbolic_shapes.py:8465 
DEBUG    torch.__trace:symbolic_shapes.py:8465 
DEBUG    torch.__trace:structured.py:28 
DEBUG    torch.__trace:symbolic_shapes.py:8465 
DEBUG    torch.__trace:symbolic_shapes.py:8465 
DEBUG    torch.__trace:symbolic_shapes.py:8465 
DEBUG    torch.__trace:symbolic_shapes.py:8465 
DEBUG    torch.__trace:meta_utils.py:298 
DEBUG    torch.__trace:meta_utils.py:537 
DEBUG    torch.__trace:meta_utils.py:2385 
DEBUG    torch.__trace:symbolic_shapes.py:8465 
DEBUG    torch.__trace:symbolic_shapes.py:8056 
DEBUG    torch.__trace:symbolic_shapes.py:8056 
DEBUG    torch.__trace:utils.py:2402 
DEBUG    torch.__trace:utils.py:2402 
DEBUG    torch.__trace:meta_utils.py:298 
DEBUG    torch.__trace:meta_utils.py:537 
DEBUG    torch.__trace:meta_utils.py:2385 
DEBUG    torch.__trace:symbolic_shapes.py:5971 
DEBUG    torch.__trace:symbolic_shapes.py:5971 
DEBUG    torch.__trace:symbolic_shapes.py:5971 
DEBUG    torch.__trace:symbolic_shapes.py:8465 
DEBUG    torch.__trace:symbolic_shapes.py:8056 
DEBUG    torch.__trace:symbolic_shapes.py:8465 
DEBUG    torch.__trace:symbolic_shapes.py:8465 
DEBUG    torch.__trace:symbolic_shapes.py:8056 
DEBUG    torch.__trace:utils.py:2402 
DEBUG    torch.__trace:utils.py:2402 
DEBUG    torch.__trace:meta_utils.py:298 
DEBUG    torch.__trace:meta_utils.py:537 
DEBUG    torch.__trace:meta_utils.py:2385 
DEBUG    torch.__trace:symbolic_shapes.py:5971 
DEBUG    torch.__trace:symbolic_shapes.py:8465 
DEBUG    torch.__trace:symbolic_shapes.py:8056 
DEBUG    torch.__trace:utils.py:2402 
DEBUG    torch.__trace:utils.py:2402 
DEBUG    torch.__trace:symbolic_shapes.py:5971 
DEBUG    torch.__trace:utils.py:2402 
DEBUG    torch.__trace:utils.py:2402 
DEBUG    torch.__trace:symbolic_shapes.py:5971 
DEBUG    torch.__trace:meta_utils.py:298 
DEBUG    torch.__trace:meta_utils.py:537 
DEBUG    torch.__trace:meta_utils.py:2385 
DEBUG    torch.__trace:utils.py:2402 
DEBUG    torch.__trace:symbolic_shapes.py:5971 
DEBUG    torch.__trace:symbolic_shapes.py:8465 
DEBUG    torch.__trace:symbolic_shapes.py:8465 
DEBUG    torch.__trace:symbolic_shapes.py:8465 
DEBUG    torch.__trace:symbolic_shapes.py:8465 
DEBUG    torch.__trace:symbolic_shapes.py:8465 
DEBUG    torch.__trace:symbolic_shapes.py:8465 
DEBUG    torch.__trace:symbolic_shapes.py:8465 
DEBUG    torch.__trace:symbolic_shapes.py:8465 
DEBUG    torch.__trace:symbolic_shapes.py:8465 
DEBUG    torch.__trace:symbolic_shapes.py:8056 
DEBUG    torch.__trace:meta_utils.py:298 
DEBUG    torch.__trace:meta_utils.py:537 
DEBUG    torch.__trace:meta_utils.py:2385 
DEBUG    torch.__trace:symbolic_shapes.py:8465 
DEBUG    torch.__trace:meta_utils.py:298 
DEBUG    torch.__trace:meta_utils.py:537 
DEBUG    torch.__trace:meta_utils.py:2385 
DEBUG    torch.__trace:meta_utils.py:298 
DEBUG    torch.__trace:meta_utils.py:537 
DEBUG    torch.__trace:meta_utils.py:2385 
DEBUG    torch.__trace:meta_utils.py:298 
DEBUG    torch.__trace:meta_utils.py:537 
DEBUG    torch.__trace:meta_utils.py:2385 
DEBUG    torch.__trace:meta_utils.py:298 
DEBUG    torch.__trace:meta_utils.py:537 
DEBUG    torch.__trace:meta_utils.py:2385 
DEBUG    torch.__trace:meta_utils.py:298 
DEBUG    torch.__trace:meta_utils.py:537 
DEBUG    torch.__trace:meta_utils.py:2385 
DEBUG    torch.__trace:meta_utils.py:298 
DEBUG    torch.__trace:meta_utils.py:537 
DEBUG    torch.__trace:meta_utils.py:2385 
DEBUG    torch.__trace:structured.py:28 
DEBUG    torch.__trace:structured.py:28 
DEBUG    torch.__trace:structured.py:28 
DEBUG    torch.__trace:symbolic_shapes.py:8465 
DEBUG    torch.__trace:symbolic_shapes.py:8056 
DEBUG    torch.__trace:meta_utils.py:298 
DEBUG    torch.__trace:meta_utils.py:537 
DEBUG    torch.__trace:meta_utils.py:2385 
DEBUG    torch.__trace:symbolic_shapes.py:8465 
DEBUG    torch.__trace:symbolic_shapes.py:8465 
DEBUG    torch.__trace:symbolic_shapes.py:8465 
DEBUG    torch.__trace:symbolic_shapes.py:8465 
DEBUG    torch.__trace:symbolic_shapes.py:8465 
DEBUG    torch.__trace:symbolic_shapes.py:8465 
DEBUG    torch.__trace:symbolic_shapes.py:8465 
DEBUG    torch.__trace:symbolic_shapes.py:8465 
DEBUG    torch.__trace:symbolic_shapes.py:8465 
DEBUG    torch.__trace:symbolic_shapes.py:8465 
DEBUG    torch.__trace:symbolic_shapes.py:8465 
DEBUG    torch.__trace:meta_utils.py:298 
DEBUG    torch.__trace:meta_utils.py:537 
DEBUG    torch.__trace:meta_utils.py:2385 
DEBUG    torch.__trace:meta_utils.py:298 
DEBUG    torch.__trace:meta_utils.py:537 
DEBUG    torch.__trace:meta_utils.py:2385 
DEBUG    torch.__trace:symbolic_shapes.py:8465 
DEBUG    torch.__trace:meta_utils.py:298 
DEBUG    torch.__trace:meta_utils.py:537 
DEBUG    torch.__trace:meta_utils.py:537 
DEBUG    torch.__trace:meta_utils.py:2385 
DEBUG    torch.__trace:symbolic_shapes.py:8465 
DEBUG    torch.__trace:symbolic_shapes.py:8056 
DEBUG    torch.__trace:symbolic_shapes.py:8465 
DEBUG    torch.__trace:symbolic_shapes.py:8465 
DEBUG    torch.__trace:symbolic_shapes.py:8056 
DEBUG    torch.__trace:symbolic_shapes.py:8465 
DEBUG    torch.__trace:symbolic_shapes.py:8056 
DEBUG    torch.__trace:structured.py:28 
DEBUG    torch.__trace:structured.py:28 
DEBUG    torch.__trace:symbolic_shapes.py:8056 
DEBUG    torch.__trace:symbolic_shapes.py:8465 
DEBUG    torch.__trace:symbolic_shapes.py:8056 
DEBUG    torch.__trace:symbolic_shapes.py:8465 
DEBUG    torch.__trace:symbolic_shapes.py:8465 
DEBUG    torch.__trace:utils.py:2363 
DEBUG    torch.__trace:utils.py:2363 
DEBUG    torch.__trace:utils.py:2363 
DEBUG    torch.__trace:output_graph.py:2942 
DEBUG    torch.__trace:utils.py:2363 
DEBUG    torch.__trace:utils.py:2363 
DEBUG    torch.__trace:utils.py:2363 
DEBUG    torch.__trace:utils.py:2363 
DEBUG    torch.__trace:guards.py:4769 
DEBUG    torch.__trace:utils.py:2363 
DEBUG    torch.__trace:utils.py:2363 
DEBUG    torch.__trace:utils.py:2363 
DEBUG    torch.__trace:utils.py:2363 
DEBUG    torch.__trace:utils.py:2363 
DEBUG    torch.__trace:utils.py:2363 
DEBUG    torch.__trace:utils.py:2022 
DEBUG    torch.__trace:utils.py:2363 
DEBUG    torch.__trace:utils.py:2363 
DEBUG    torch.__trace:utils.py:2363 
DEBUG    torch.__trace:guards.py:5625 
DEBUG    torch.__trace:convert_frame.py:304 
DEBUG    torch.__trace:utils.py:2363 
DEBUG    torch.__trace:utils.py:2363 
DEBUG    torch.__trace:meta_utils.py:298 
DEBUG    torch.__trace:meta_utils.py:537 
DEBUG    torch.__trace:meta_utils.py:2385 
DEBUG    torch.__trace:symbolic_shapes.py:5971 
DEBUG    torch.__trace:meta_utils.py:298 
DEBUG    torch.__trace:meta_utils.py:537 
DEBUG    torch.__trace:meta_utils.py:2385 
DEBUG    torch.__trace:symbolic_shapes.py:5971 
DEBUG    torch.__trace:symbolic_shapes.py:5971 
DEBUG    torch.__trace:symbolic_shapes.py:5971 
DEBUG    torch.__trace:meta_utils.py:298 
DEBUG    torch.__trace:meta_utils.py:537 
DEBUG    torch.__trace:meta_utils.py:2385 
DEBUG    torch.__trace:symbolic_shapes.py:5971 
DEBUG    torch.__trace:meta_utils.py:298 
DEBUG    torch.__trace:meta_utils.py:537 
DEBUG    torch.__trace:meta_utils.py:2385 
DEBUG    torch.__trace:utils.py:2402 
DEBUG    torch.__trace:meta_utils.py:298 
DEBUG    torch.__trace:meta_utils.py:537 
DEBUG    torch.__trace:meta_utils.py:2385 
DEBUG    torch.__trace:utils.py:2402 
DEBUG    torch.__trace:utils.py:2402 
DEBUG    torch.__trace:meta_utils.py:298 
DEBUG    torch.__trace:meta_utils.py:537 
DEBUG    torch.__trace:meta_utils.py:2385 
DEBUG    torch.__trace:symbolic_shapes.py:5971 
DEBUG    torch.__trace:meta_utils.py:298 
DEBUG    torch.__trace:meta_utils.py:537 
DEBUG    torch.__trace:meta_utils.py:2385 
DEBUG    torch.__trace:meta_utils.py:298 
DEBUG    torch.__trace:meta_utils.py:537 
DEBUG    torch.__trace:meta_utils.py:2385 
DEBUG    torch.__trace:symbolic_shapes.py:5971 
DEBUG    torch.__trace:symbolic_shapes.py:8465 
DEBUG    torch.__trace:symbolic_shapes.py:8056 
DEBUG    torch.__trace:symbolic_shapes.py:5971 
DEBUG    torch.__trace:symbolic_shapes.py:8465 
DEBUG    torch.__trace:symbolic_shapes.py:5971 
DEBUG    torch.__trace:symbolic_shapes.py:8465 
DEBUG    torch.__trace:symbolic_shapes.py:8056 
DEBUG    torch.__trace:symbolic_shapes.py:5971 
DEBUG    torch.__trace:symbolic_shapes.py:8465 
DEBUG    torch.__trace:meta_utils.py:298 
DEBUG    torch.__trace:meta_utils.py:537 
DEBUG    torch.__trace:meta_utils.py:2385 
DEBUG    torch.__trace:symbolic_shapes.py:5971 
DEBUG    torch.__trace:symbolic_shapes.py:5971 
DEBUG    torch.__trace:symbolic_shapes.py:8465 
DEBUG    torch.__trace:symbolic_shapes.py:8056 
DEBUG    torch.__trace:symbolic_shapes.py:5971 
DEBUG    torch.__trace:symbolic_shapes.py:8465 
DEBUG    torch.__trace:symbolic_shapes.py:5971 
DEBUG    torch.__trace:symbolic_shapes.py:8465 
DEBUG    torch.__trace:symbolic_shapes.py:8056 
DEBUG    torch.__trace:symbolic_shapes.py:5971 
DEBUG    torch.__trace:symbolic_shapes.py:8465 
DEBUG    torch.__trace:meta_utils.py:298 
DEBUG    torch.__trace:meta_utils.py:537 
DEBUG    torch.__trace:meta_utils.py:2385 
DEBUG    torch.__trace:meta_utils.py:298 
DEBUG    torch.__trace:meta_utils.py:537 
DEBUG    torch.__trace:meta_utils.py:2385 
DEBUG    torch.__trace:meta_utils.py:298 
DEBUG    torch.__trace:meta_utils.py:537 
DEBUG    torch.__trace:meta_utils.py:2385 
DEBUG    torch.__trace:symbolic_shapes.py:5971 
DEBUG    torch.__trace:symbolic_shapes.py:5971 
DEBUG    torch.__trace:symbolic_shapes.py:8465 
DEBUG    torch.__trace:utils.py:2402 
DEBUG    torch.__trace:meta_utils.py:298 
DEBUG    torch.__trace:meta_utils.py:537 
DEBUG    torch.__trace:meta_utils.py:2385 
DEBUG    torch.__trace:symbolic_shapes.py:5971 
DEBUG    torch.__trace:symbolic_shapes.py:5971 
DEBUG    torch.__trace:symbolic_shapes.py:8465 
DEBUG    torch.__trace:meta_utils.py:298 
DEBUG    torch.__trace:meta_utils.py:537 
DEBUG    torch.__trace:meta_utils.py:2385 
DEBUG    torch.__trace:symbolic_shapes.py:5971 
DEBUG    torch.__trace:symbolic_shapes.py:5971 
DEBUG    torch.__trace:symbolic_shapes.py:8465 
DEBUG    torch.__trace:symbolic_shapes.py:8465 
DEBUG    torch.__trace:symbolic_shapes.py:8465 
DEBUG    torch.__trace:symbolic_shapes.py:8465 
DEBUG    torch.__trace:symbolic_shapes.py:8465 
DEBUG    torch.__trace:symbolic_shapes.py:8465 
DEBUG    torch.__trace:symbolic_shapes.py:8465 
DEBUG    torch.__trace:symbolic_shapes.py:8465 
DEBUG    torch.__trace:symbolic_shapes.py:8465 
DEBUG    torch.__trace:symbolic_shapes.py:8465 
DEBUG    torch.__trace:symbolic_shapes.py:8465 
DEBUG    torch.__trace:symbolic_shapes.py:8465 
DEBUG    torch.__trace:symbolic_shapes.py:8465 
DEBUG    torch.__trace:symbolic_shapes.py:8465 
DEBUG    torch.__trace:symbolic_shapes.py:8465 
DEBUG    torch.__trace:symbolic_shapes.py:8465 
DEBUG    torch.__trace:symbolic_shapes.py:8465 
DEBUG    torch.__trace:symbolic_shapes.py:8465 
DEBUG    torch.__trace:symbolic_shapes.py:8465 
DEBUG    torch.__trace:symbolic_shapes.py:8465 
DEBUG    torch.__trace:symbolic_shapes.py:8465 
DEBUG    torch.__trace:symbolic_shapes.py:8465 
DEBUG    torch.__trace:symbolic_shapes.py:8465 
DEBUG    torch.__trace:meta_utils.py:298 
DEBUG    torch.__trace:meta_utils.py:537 
DEBUG    torch.__trace:meta_utils.py:2385 
DEBUG    torch.__trace:symbolic_shapes.py:8465 
DEBUG    torch.__trace:symbolic_shapes.py:8465 
DEBUG    torch.__trace:symbolic_shapes.py:8465 
DEBUG    torch.__trace:symbolic_shapes.py:8056 
DEBUG    torch.__trace:symbolic_shapes.py:8465 
DEBUG    torch.__trace:symbolic_shapes.py:8056 
DEBUG    torch.__trace:meta_utils.py:298 
DEBUG    torch.__trace:meta_utils.py:537 
DEBUG    torch.__trace:meta_utils.py:2385 
DEBUG    torch.__trace:meta_utils.py:298 
DEBUG    torch.__trace:meta_utils.py:537 
DEBUG    torch.__trace:meta_utils.py:2385 
DEBUG    torch.__trace:meta_utils.py:298 
DEBUG    torch.__trace:meta_utils.py:537 
DEBUG    torch.__trace:meta_utils.py:2385 
DEBUG    torch.__trace:meta_utils.py:298 
DEBUG    torch.__trace:meta_utils.py:537 
DEBUG    torch.__trace:meta_utils.py:2385 
DEBUG    torch.__trace:meta_utils.py:298 
DEBUG    torch.__trace:meta_utils.py:537 
DEBUG    torch.__trace:meta_utils.py:2385 
DEBUG    torch.__trace:meta_utils.py:298 
DEBUG    torch.__trace:meta_utils.py:537 
DEBUG    torch.__trace:meta_utils.py:2385 
DEBUG    torch.__trace:symbolic_shapes.py:5971 
DEBUG    torch.__trace:symbolic_shapes.py:5971 
DEBUG    torch.__trace:symbolic_shapes.py:8465 
DEBUG    torch.__trace:symbolic_shapes.py:8056 
DEBUG    torch.__trace:meta_utils.py:298 
DEBUG    torch.__trace:meta_utils.py:537 
DEBUG    torch.__trace:meta_utils.py:2385 
DEBUG    torch.__trace:symbolic_shapes.py:8465 
DEBUG    torch.__trace:symbolic_shapes.py:8056 
DEBUG    torch.__trace:symbolic_shapes.py:8465 
DEBUG    torch.__trace:symbolic_shapes.py:8056 
DEBUG    torch.__trace:meta_utils.py:298 
DEBUG    torch.__trace:meta_utils.py:537 
DEBUG    torch.__trace:meta_utils.py:2385 
DEBUG    torch.__trace:symbolic_shapes.py:8465 
DEBUG    torch.__trace:symbolic_shapes.py:8465 
DEBUG    torch.__trace:symbolic_shapes.py:8465 
DEBUG    torch.__trace:symbolic_shapes.py:8465 
DEBUG    torch.__trace:symbolic_shapes.py:8465 
DEBUG    torch.__trace:symbolic_shapes.py:8465 
DEBUG    torch.__trace:symbolic_shapes.py:8465 
DEBUG    torch.__trace:meta_utils.py:298 
DEBUG    torch.__trace:meta_utils.py:537 
DEBUG    torch.__trace:meta_utils.py:2385 
DEBUG    torch.__trace:meta_utils.py:298 
DEBUG    torch.__trace:meta_utils.py:537 
DEBUG    torch.__trace:meta_utils.py:2385 
DEBUG    torch.__trace:meta_utils.py:298 
DEBUG    torch.__trace:meta_utils.py:537 
DEBUG    torch.__trace:meta_utils.py:2385 
DEBUG    torch.__trace:meta_utils.py:298 
DEBUG    torch.__trace:meta_utils.py:537 
DEBUG    torch.__trace:meta_utils.py:2385 
DEBUG    torch.__trace:symbolic_shapes.py:5971 
DEBUG    torch.__trace:symbolic_shapes.py:5971 
DEBUG    torch.__trace:symbolic_shapes.py:5971 
DEBUG    torch.__trace:symbolic_shapes.py:8465 
DEBUG    torch.__trace:symbolic_shapes.py:8056 
DEBUG    torch.__trace:symbolic_shapes.py:8465 
DEBUG    torch.__trace:symbolic_shapes.py:8056 
DEBUG    torch.__trace:meta_utils.py:298 
DEBUG    torch.__trace:meta_utils.py:537 
DEBUG    torch.__trace:meta_utils.py:2385 
DEBUG    torch.__trace:symbolic_shapes.py:5971 
DEBUG    torch.__trace:symbolic_shapes.py:5971 
DEBUG    torch.__trace:symbolic_shapes.py:5971 
DEBUG    torch.__trace:utils.py:2402 
DEBUG    torch.__trace:utils.py:2402 
DEBUG    torch.__trace:meta_utils.py:298 
DEBUG    torch.__trace:meta_utils.py:537 
DEBUG    torch.__trace:meta_utils.py:2385 
DEBUG    torch.__trace:symbolic_shapes.py:5971 
DEBUG    torch.__trace:symbolic_shapes.py:5971 
DEBUG    torch.__trace:symbolic_shapes.py:5971 
DEBUG    torch.__trace:symbolic_shapes.py:8465 
DEBUG    torch.__trace:symbolic_shapes.py:8056 
DEBUG    torch.__trace:symbolic_shapes.py:8465 
DEBUG    torch.__trace:symbolic_shapes.py:8056 
DEBUG    torch.__trace:utils.py:2402 
DEBUG    torch.__trace:meta_utils.py:298 
DEBUG    torch.__trace:meta_utils.py:537 
DEBUG    torch.__trace:meta_utils.py:2385 
DEBUG    torch.__trace:symbolic_shapes.py:5971 
DEBUG    torch.__trace:symbolic_shapes.py:5971 
DEBUG    torch.__trace:symbolic_shapes.py:8465 
DEBUG    torch.__trace:symbolic_shapes.py:8465 
DEBUG    torch.__trace:symbolic_shapes.py:8465 
DEBUG    torch.__trace:meta_utils.py:298 
DEBUG    torch.__trace:meta_utils.py:537 
DEBUG    torch.__trace:meta_utils.py:2385 
DEBUG    torch.__trace:symbolic_shapes.py:5971 
DEBUG    torch.__trace:symbolic_shapes.py:8465 
DEBUG    torch.__trace:symbolic_shapes.py:8465 
DEBUG    torch.__trace:symbolic_shapes.py:8465 
DEBUG    torch.__trace:symbolic_shapes.py:8465 
DEBUG    torch.__trace:symbolic_shapes.py:8056 
DEBUG    torch.__trace:utils.py:2363 
DEBUG    torch.__trace:utils.py:2363 
DEBUG    torch.__trace:utils.py:2363 
DEBUG    torch.__trace:output_graph.py:2942 
DEBUG    torch.__trace:utils.py:2363 
DEBUG    torch.__trace:utils.py:2363 
DEBUG    torch.__trace:utils.py:2363 
DEBUG    torch.__trace:utils.py:2363 
DEBUG    torch.__trace:guards.py:4769 
DEBUG    torch.__trace:utils.py:2363 
DEBUG    torch.__trace:utils.py:2363 
DEBUG    torch.__trace:utils.py:2363 
DEBUG    torch.__trace:utils.py:2363 
DEBUG    torch.__trace:utils.py:2363 
DEBUG    torch.__trace:utils.py:2363 
DEBUG    torch.__trace:utils.py:2022 
DEBUG    torch.__trace:utils.py:2363
=============================== warnings summary ===============================
test/test_explicit_dimensions.py::TestXorGrammarLearnsXor::test_xor_class_accuracy
  /Users/arogers/github/WikiOracle/basicmodel/.venv/lib/python3.12/site-packages/torch/utils/_device.py:122: UserWarning: Sparse invariant checks are implicitly disabled. Memory errors (e.g. SEGFAULT) will occur when operating on a sparse tensor which violates the invariants, but checks incur performance overhead. To silence this warning, explicitly opt in or out. See `torch.sparse.check_sparse_tensor_invariants.__doc__` for guidance.  (Triggered internally at /Users/runner/work/pytorch/pytorch/aten/src/ATen/Context.cpp:855.)
    return func(*args, **kwargs)

-- Docs: https://docs.pytest.org/en/stable/how-to/capture-warnings.html
=========================== short test summary info ============================
FAILED test/test_explicit_dimensions.py::TestXorGrammarLearnsXor::test_xor_class_accuracy
1 failed, 1 warning in 300.87s (0:05:00)
