mode	stage	measurement	trial	kept	row	read	active	candidate	support_size	supported_words	decoded	inside	outside_after_read	work	where	when
disabled	identity_permanence	first	0	True	0	1	True	luma	9	1	luma	0.4849568009376526	0.0	0.009999999776482582	[4398.0, 4399.0]	[1.0, 2.0]
disabled	identity_permanence	first	0	True	1	1	True	nemi	9	1	nemi	0.4801723062992096	0.0	0.009999999776482582	[4399.0, 4400.0]	[1.0, 2.0]
disabled	identity_permanence	first	0	True	2	1	True	tavo	9	1	tavo	0.5457483530044556	0.0	0.009999999776482582	[4400.0, 4401.0]	[1.0, 2.0]
disabled	identity_permanence	first	0	True	3	1	True	suri	9	1	suri	0.48637595772743225	0.0	0.009999999776482582	[4401.0, 4402.0]	[1.0, 2.0]
disabled	identity_permanence	repeat	0	True	0	1	True	luma	9	1	luma	0.4849568009376526	0.0	0.009999999776482582	[4398.0, 4399.0]	[1.0, 2.0]
disabled	identity_permanence	repeat	0	True	1	1	True	nemi	9	1	nemi	0.4801723062992096	0.0	0.009999999776482582	[4399.0, 4400.0]	[1.0, 2.0]
disabled	identity_permanence	repeat	0	True	2	1	True	tavo	9	1	tavo	0.5457483530044556	0.0	0.009999999776482582	[4400.0, 4401.0]	[1.0, 2.0]
disabled	identity_permanence	repeat	0	True	3	1	True	suri	9	1	suri	0.48637595772743225	0.0	0.009999999776482582	[4401.0, 4402.0]	[1.0, 2.0]
disabled	identity_permanence	interruption	0	True	0	1	True	pako	9	1	pako	0.4151360094547272	0.0	0.009999999776482582	[4402.0, 4403.0]	[1.0, 2.0]
disabled	identity_permanence	interruption	0	True	1	1	True	feni	9	1	feni	0.49255406856536865	0.0	0.009999999776482582	[4403.0, 4404.0]	[1.0, 2.0]
disabled	identity_permanence	interruption	0	True	2	1	True	balo	9	1	balo	0.4892544150352478	0.0	0.009999999776482582	[4404.0, 4405.0]	[1.0, 2.0]
disabled	identity_permanence	interruption	0	True	3	1	True	runi	9	1	runi	0.40202611684799194	0.0	0.009999999776482582	[4405.0, 4406.0]	[1.0, 2.0]
disabled	identity_permanence	after_gap	0	True	0	1	True	luma	9	1	luma	0.4849568009376526	0.0	0.009999999776482582	[4398.0, 4399.0]	[1.0, 2.0]
disabled	identity_permanence	after_gap	0	True	1	1	True	nemi	9	1	nemi	0.4801723062992096	0.0	0.009999999776482582	[4399.0, 4400.0]	[1.0, 2.0]
disabled	identity_permanence	after_gap	0	True	2	1	True	tavo	9	1	tavo	0.5457483530044556	0.0	0.009999999776482582	[4400.0, 4401.0]	[1.0, 2.0]
disabled	identity_permanence	after_gap	0	True	3	1	True	suri	9	1	suri	0.48637595772743225	0.0	0.009999999776482582	[4401.0, 4402.0]	[1.0, 2.0]
disabled	identifying_words	known	0	True	0	1	True	luma	9	1	luma	0.4849568009376526	0.0	0.009999999776482582	[4398.0, 4399.0]	[1.0, 2.0]
disabled	identifying_words	known	0	True	1	1	True	nemi	9	1	nemi	0.4801723062992096	0.0	0.009999999776482582	[4399.0, 4400.0]	[1.0, 2.0]
disabled	identifying_words	known	0	True	2	1	True	tavo	9	1	tavo	0.5457483530044556	0.0	0.009999999776482582	[4400.0, 4401.0]	[1.0, 2.0]
disabled	identifying_words	known	0	True	3	1	True	suri	9	1	suri	0.48637595772743225	0.0	0.009999999776482582	[4401.0, 4402.0]	[1.0, 2.0]
disabled	identifying_words	novel_first	0	True	0	1	True	dax	9	1	dax	0.3981304168701172	0.0	0.009999999776482582	[4406.0, 4407.0]	[1.0, 2.0]
disabled	identifying_words	novel_first	0	True	1	1	True	wug	9	1	wug	0.3978751599788666	0.0	0.009999999776482582	[4407.0, 4408.0]	[1.0, 2.0]
disabled	identifying_words	novel_first	0	True	2	1	True	nep	9	1	nep	0.3974621891975403	0.0	0.009999999776482582	[4408.0, 4409.0]	[1.0, 2.0]
disabled	identifying_words	novel_first	0	True	3	1	True	zot	9	1	zot	0.3736423850059509	0.0	0.009999999776482582	[4409.0, 4410.0]	[1.0, 2.0]
disabled	identifying_words	novel_second	0	True	0	1	True	dax	9	1	dax	0.3981304168701172	0.0	0.009999999776482582	[4406.0, 4407.0]	[1.0, 2.0]
disabled	identifying_words	novel_second	0	True	1	1	True	wug	9	1	wug	0.3978751599788666	0.0	0.009999999776482582	[4407.0, 4408.0]	[1.0, 2.0]
disabled	identifying_words	novel_second	0	True	2	1	True	nep	9	1	nep	0.3974621891975403	0.0	0.009999999776482582	[4408.0, 4409.0]	[1.0, 2.0]
disabled	identifying_words	novel_second	0	True	3	1	True	zot	9	1	zot	0.3736423850059509	0.0	0.009999999776482582	[4409.0, 4410.0]	[1.0, 2.0]
disabled	reading_two	initial	0	True	0	1	True	red	9	1	luma	23.601747512817383	2.536672353744507	0.009999999776482582	[4410.0, 4411.0]	[1.0, 1.5]
disabled	reading_two	initial	0	True	1	1	True	blue	9	1	nemi	27.715232849121094	2.4582748413085938	0.009999999776482582	[4411.0, 4412.0]	[1.0, 1.5]
disabled	reading_two	initial	0	True	2	1	True	green	9	1	green	0.508953332901001	2.7514913082122803	0.009999999776482582	[4412.0, 4413.0]	[1.0, 1.5]
disabled	reading_two	initial	0	True	3	1	True	gold	9	1	gold	0.48206305503845215	2.9049737453460693	0.009999999776482582	[4413.0, 4414.0]	[1.0, 1.5]
disabled	reading_two	initial	0	True	0	2	True	blue	9	1	blue	0.44442665576934814	0.0	0.009999999776482582	[4411.0, 4412.0]	[1.5, 2.0]
disabled	reading_two	initial	0	True	1	2	True	red	9	1	red	0.43069151043891907	0.0	0.009999999776482582	[4410.0, 4411.0]	[1.5, 2.0]
disabled	reading_two	initial	0	True	2	2	True	gold	9	1	gold	0.4820631146430969	0.0	0.009999999776482582	[4413.0, 4414.0]	[1.5, 2.0]
disabled	reading_two	initial	0	True	3	2	True	green	9	1	green	0.5089534521102905	0.0	0.009999999776482582	[4412.0, 4413.0]	[1.5, 2.0]
disabled	reading_two	final	0	True	0	1	True	red	9	1	red	0.13652224838733673	1.845454454421997	0.009999999776482582	[4410.0, 4411.0]	[1.0, 1.5]
disabled	reading_two	final	0	True	1	1	True	blue	9	1	blue	0.12320108711719513	1.4888889789581299	0.009999999776482582	[4411.0, 4412.0]	[1.0, 1.5]
disabled	reading_two	final	0	True	2	1	True	green	9	1	green	0.15035103261470795	1.836363673210144	0.009999999776482582	[4412.0, 4413.0]	[1.0, 1.5]
disabled	reading_two	final	0	True	3	1	True	gold	9	1	gold	0.17439036071300507	2.307692289352417	0.009999999776482582	[4413.0, 4414.0]	[1.0, 1.5]
disabled	reading_two	final	0	True	0	2	True	blue	9	1	blue	0.12319189310073853	0.0	0.009999999776482582	[4411.0, 4412.0]	[1.5, 2.0]
disabled	reading_two	final	0	True	1	2	True	red	9	1	red	0.13650983572006226	0.0	0.009999999776482582	[4410.0, 4411.0]	[1.5, 2.0]
disabled	reading_two	final	0	True	2	2	True	gold	9	1	gold	0.17438821494579315	0.0	0.009999999776482582	[4413.0, 4414.0]	[1.5, 2.0]
disabled	reading_two	final	0	True	3	2	True	green	9	1	green	0.1503494828939438	0.0	0.009999999776482582	[4412.0, 4413.0]	[1.5, 2.0]
disabled	reading_four	initial	0	True	0	1	True	red	9	1	red	0.13689926266670227	5.989510536193848	0.009999999776482582	[4410.0, 4411.0]	[1.0, 1.25]
disabled	reading_four	initial	0	True	1	1	True	gold	9	1	gold	0.17893755435943604	5.642035484313965	0.009999999776482582	[4413.0, 4414.0]	[1.0, 1.25]
disabled	reading_four	initial	0	True	2	1	True	blue	9	1	gold	18.454679489135742	5.6329450607299805	0.009999999776482582	[4411.0, 4412.0]	[1.0, 1.25]
disabled	reading_four	initial	0	True	3	1	True	green	9	1	gold	16.601547241210938	5.170706748962402	0.009999999776482582	[4412.0, 4413.0]	[1.0, 1.25]
disabled	reading_four	initial	0	True	0	2	True	blue	9	1	blue	0.12319189310073853	4.1440558433532715	0.009999999776482582	[4411.0, 4412.0]	[1.25, 1.5]
disabled	reading_four	initial	0	True	1	2	True	green	9	1	green	0.1503494828939438	3.334343433380127	0.009999999776482582	[4412.0, 4413.0]	[1.25, 1.5]
disabled	reading_four	initial	0	True	2	2	True	gold	9	1	gold	0.17438821494579315	3.796581268310547	0.009999999776482582	[4413.0, 4414.0]	[1.25, 1.5]
disabled	reading_four	initial	0	True	3	2	True	red	9	1	red	0.13650983572006226	3.6818180084228516	0.009999999776482582	[4410.0, 4411.0]	[1.25, 1.5]
disabled	reading_four	initial	0	True	0	3	True	green	9	1	green	0.1503494828939438	1.836363673210144	0.009999999776482582	[4412.0, 4413.0]	[1.5, 1.75]
disabled	reading_four	initial	0	True	1	3	True	blue	9	1	blue	0.12319189310073853	1.4888889789581299	0.009999999776482582	[4411.0, 4412.0]	[1.5, 1.75]
disabled	reading_four	initial	0	True	2	3	True	red	9	1	red	0.13650983572006226	2.307692289352417	0.009999999776482582	[4410.0, 4411.0]	[1.5, 1.75]
disabled	reading_four	initial	0	True	3	3	True	gold	9	1	gold	0.17438821494579315	1.845454454421997	0.009999999776482582	[4413.0, 4414.0]	[1.5, 1.75]
disabled	reading_four	initial	0	True	0	4	True	gold	9	1	gold	0.17438821494579315	0.0	0.009999999776482582	[4413.0, 4414.0]	[1.75, 2.0]
disabled	reading_four	initial	0	True	1	4	True	red	9	1	red	0.13650983572006226	0.0	0.009999999776482582	[4410.0, 4411.0]	[1.75, 2.0]
disabled	reading_four	initial	0	True	2	4	True	green	9	1	green	0.1503494828939438	0.0	0.009999999776482582	[4412.0, 4413.0]	[1.75, 2.0]
disabled	reading_four	initial	0	True	3	4	True	blue	9	1	blue	0.12319189310073853	0.0	0.009999999776482582	[4411.0, 4412.0]	[1.75, 2.0]
disabled	reading_four	final	0	True	0	1	True	red	9	1	blue	104.9328384399414	8.193137168884277	0.009999999776482582	[4410.0, 4411.0]	[1.0, 1.25]
disabled	reading_four	final	0	True	1	1	True	gold	9	1	blue	73.62604522705078	6.748312950134277	0.009999999776482582	[4413.0, 4414.0]	[1.0, 1.25]
disabled	reading_four	final	0	True	2	1	True	blue	9	1	blue	89.69708251953125	6.963131904602051	0.009999999776482582	[4411.0, 4412.0]	[1.0, 1.25]
disabled	reading_four	final	0	True	3	1	True	green	9	1	blue	88.27792358398438	6.594830513000488	0.009999999776482582	[4412.0, 4413.0]	[1.0, 1.25]
disabled	reading_four	final	0	True	0	2	True	blue	9	1	blue	0.16253727674484253	5.65646505355835	0.009999999776482582	[4411.0, 4412.0]	[1.25, 1.5]
disabled	reading_four	final	0	True	1	2	True	green	9	1	green	0.17686566710472107	3.843338966369629	0.009999999776482582	[4412.0, 4413.0]	[1.25, 1.5]
disabled	reading_four	final	0	True	2	2	True	gold	9	1	gold	0.25355154275894165	4.211640357971191	0.009999999776482582	[4413.0, 4414.0]	[1.25, 1.5]
disabled	reading_four	final	0	True	3	2	True	red	9	1	red	0.12078630924224854	5.288163661956787	0.009999999776482582	[4410.0, 4411.0]	[1.25, 1.5]
disabled	reading_four	final	0	True	0	3	True	green	9	1	green	0.17686566710472107	2.7514913082122803	0.009999999776482582	[4412.0, 4413.0]	[1.5, 1.75]
disabled	reading_four	final	0	True	1	3	True	blue	9	1	blue	0.16253727674484253	1.306666612625122	0.009999999776482582	[4411.0, 4412.0]	[1.5, 1.75]
disabled	reading_four	final	0	True	2	3	True	red	9	1	red	0.12078630924224854	2.9049737453460693	0.009999999776482582	[4410.0, 4411.0]	[1.5, 1.75]
disabled	reading_four	final	0	True	3	3	True	gold	9	1	gold	0.25355154275894165	2.536672353744507	0.009999999776482582	[4413.0, 4414.0]	[1.5, 1.75]
disabled	reading_four	final	0	True	0	4	True	gold	9	1	gold	0.25355154275894165	0.0	0.009999999776482582	[4413.0, 4414.0]	[1.75, 2.0]
disabled	reading_four	final	0	True	1	4	True	red	9	1	red	0.12078630924224854	0.0	0.009999999776482582	[4410.0, 4411.0]	[1.75, 2.0]
disabled	reading_four	final	0	True	2	4	True	green	9	1	green	0.17686566710472107	0.0	0.009999999776482582	[4412.0, 4413.0]	[1.75, 2.0]
disabled	reading_four	final	0	True	3	4	True	blue	9	1	blue	0.16253727674484253	0.0	0.009999999776482582	[4411.0, 4412.0]	[1.75, 2.0]
disabled	identities	initial	0	True	0	1	True	cat	9	1	blue	100.70987701416016	5.866160869598389	0.009999999776482582	[4416.0, 4417.0]	[1.0, 1.3333333730697632]
disabled	identities	initial	0	True	1	1	True	dog	9	1	blue	101.39359283447266	5.866160869598389	0.009999999776482582	[4419.0, 4420.0]	[1.0, 1.3333333730697632]
disabled	identities	initial	0	True	2	1	True	x	6	1	blue	33.577945709228516	4.808102130889893	0.009999999776482582	[4420.0, 4421.0]	[1.0, 1.3333333730697632]
disabled	identities	initial	0	True	3	1	True	y	6	1	green	19.649118423461914	4.6591644287109375	0.009999999776482582	[4422.0, 4423.0]	[1.0, 1.3333333730697632]
disabled	identities	initial	0	True	0	2	True	is	8	1	is	0.923285186290741	3.886965274810791	0.009999999776482582	[4417.0, 4418.0]	[1.3333333730697632, 1.6666667461395264]
disabled	identities	initial	0	True	1	2	True	is	8	1	is	0.923285186290741	3.886965274810791	0.009999999776482582	[4417.0, 4418.0]	[1.3333333730697632, 1.6666667461395264]
disabled	identities	initial	0	True	2	2	True	is	8	1	is	0.923285186290741	2.828906774520874	0.009999999776482582	[4417.0, 4418.0]	[1.3333333730697632, 1.6666667461395264]
disabled	identities	initial	0	True	3	2	True	is	8	1	is	0.923285186290741	2.679969072341919	0.009999999776482582	[4417.0, 4418.0]	[1.3333333730697632, 1.6666667461395264]
disabled	identities	initial	0	True	0	3	True	animal	9	1	animal	0.6770394444465637	0.0	0.009999999776482582	[4418.0, 4419.0]	[1.6666667461395264, 2.0]
disabled	identities	initial	0	True	1	3	True	animal	9	1	animal	0.6770394444465637	0.0	0.009999999776482582	[4418.0, 4419.0]	[1.6666667461395264, 2.0]
disabled	identities	initial	0	True	2	3	True	three	9	1	three	0.4927448332309723	0.0	0.009999999776482582	[4421.0, 4422.0]	[1.6666667461395264, 2.0]
disabled	identities	initial	0	True	3	3	True	four	9	1	four	0.46680259704589844	0.0	0.009999999776482582	[4423.0, 4424.0]	[1.6666667461395264, 2.0]
disabled	identities	final	0	True	0	1	True	cat	9	1	cat	0.21303483843803406	4.659195423126221	0.009999999776482582	[4416.0, 4417.0]	[1.0, 1.3333333730697632]
disabled	identities	final	0	True	1	1	True	dog	9	1	dog	0.22152984142303467	4.659195423126221	0.009999999776482582	[4419.0, 4420.0]	[1.0, 1.3333333730697632]
disabled	identities	final	0	True	2	1	True	x	6	1	x	2.700817584991455	4.129195690155029	0.009999999776482582	[4420.0, 4421.0]	[1.0, 1.3333333730697632]
disabled	identities	final	0	True	3	1	True	y	6	1	y	3.030517578125	3.62919545173645	0.009999999776482582	[4422.0, 4423.0]	[1.0, 1.3333333730697632]
disabled	identities	final	0	True	0	2	True	is	8	1	is	1.1321673393249512	2.680000066757202	0.009999999776482582	[4417.0, 4418.0]	[1.3333333730697632, 1.6666667461395264]
disabled	identities	final	0	True	1	2	True	is	8	1	is	1.1321673393249512	2.680000066757202	0.009999999776482582	[4417.0, 4418.0]	[1.3333333730697632, 1.6666667461395264]
disabled	identities	final	0	True	2	2	True	is	8	1	is	1.1321673393249512	2.1500000953674316	0.009999999776482582	[4417.0, 4418.0]	[1.3333333730697632, 1.6666667461395264]
disabled	identities	final	0	True	3	2	True	is	8	1	is	1.1321673393249512	1.649999976158142	0.009999999776482582	[4417.0, 4418.0]	[1.3333333730697632, 1.6666667461395264]
disabled	identities	final	0	True	0	3	True	animal	9	1	animal	0.4937577247619629	0.0	0.009999999776482582	[4418.0, 4419.0]	[1.6666667461395264, 2.0]
disabled	identities	final	0	True	1	3	True	animal	9	1	animal	0.4937577247619629	0.0	0.009999999776482582	[4418.0, 4419.0]	[1.6666667461395264, 2.0]
disabled	identities	final	0	True	2	3	True	three	9	1	three	0.46089398860931396	0.0	0.009999999776482582	[4421.0, 4422.0]	[1.6666667461395264, 2.0]
disabled	identities	final	0	True	3	3	True	four	9	1	four	0.24695391952991486	0.0	0.009999999776482582	[4423.0, 4424.0]	[1.6666667461395264, 2.0]
disabled	identities_asked_parts	initial	0	True	0	1	True	cat	9	1	cat	0.21303483843803406	4.659195423126221	0.009999999776482582	[4416.0, 4417.0]	[1.0, 1.3333333730697632]
disabled	identities_asked_parts	initial	0	True	1	1	True	dog	9	1	dog	0.22152984142303467	4.659195423126221	0.009999999776482582	[4419.0, 4420.0]	[1.0, 1.3333333730697632]
disabled	identities_asked_parts	initial	0	True	2	1	True	x	6	1	x	2.700817584991455	4.129195690155029	0.009999999776482582	[4420.0, 4421.0]	[1.0, 1.3333333730697632]
disabled	identities_asked_parts	initial	0	True	3	1	True	y	6	1	y	3.030517578125	3.62919545173645	0.009999999776482582	[4422.0, 4423.0]	[1.0, 1.3333333730697632]
disabled	identities_asked_parts	initial	0	True	0	2	True	is	8	1	is	1.1321673393249512	2.680000066757202	0.009999999776482582	[4417.0, 4418.0]	[1.3333333730697632, 1.6666667461395264]
disabled	identities_asked_parts	initial	0	True	1	2	True	is	8	1	is	1.1321673393249512	2.680000066757202	0.009999999776482582	[4417.0, 4418.0]	[1.3333333730697632, 1.6666667461395264]
disabled	identities_asked_parts	initial	0	True	2	2	True	is	8	1	is	1.1321673393249512	2.1500000953674316	0.009999999776482582	[4417.0, 4418.0]	[1.3333333730697632, 1.6666667461395264]
disabled	identities_asked_parts	initial	0	True	3	2	True	is	8	1	is	1.1321673393249512	1.649999976158142	0.009999999776482582	[4417.0, 4418.0]	[1.3333333730697632, 1.6666667461395264]
disabled	identities_asked_parts	initial	0	True	0	3	True	animal	9	1	animal	0.4937577247619629	0.0	0.009999999776482582	[4418.0, 4419.0]	[1.6666667461395264, 2.0]
disabled	identities_asked_parts	initial	0	True	1	3	True	animal	9	1	animal	0.4937577247619629	0.0	0.009999999776482582	[4418.0, 4419.0]	[1.6666667461395264, 2.0]
disabled	identities_asked_parts	initial	0	True	2	3	True	three	9	1	three	0.46089398860931396	0.0	0.009999999776482582	[4421.0, 4422.0]	[1.6666667461395264, 2.0]
disabled	identities_asked_parts	initial	0	True	3	3	True	four	9	1	four	0.24695391952991486	0.0	0.009999999776482582	[4423.0, 4424.0]	[1.6666667461395264, 2.0]
disabled	identities_asked_parts	final	0	True	0	1	True	cat	9	1	cat	0.17426957190036774	4.720372200012207	0.009999999776482582	[4416.0, 4417.0]	[1.0, 1.3333333730697632]
disabled	identities_asked_parts	final	0	True	1	1	True	dog	9	1	dog	0.1804768443107605	4.720372200012207	0.009999999776482582	[4419.0, 4420.0]	[1.0, 1.3333333730697632]
disabled	identities_asked_parts	final	0	True	2	1	True	x	6	1	x	1.2911702394485474	4.17150354385376	0.009999999776482582	[4420.0, 4421.0]	[1.0, 1.3333333730697632]
disabled	identities_asked_parts	final	0	True	3	1	True	y	6	1	y	1.3517754077911377	3.670104503631592	0.009999999776482582	[4422.0, 4423.0]	[1.0, 1.3333333730697632]
disabled	identities_asked_parts	final	0	True	0	2	True	is	8	1	is	1.1855968236923218	2.7411766052246094	0.009999999776482582	[4417.0, 4418.0]	[1.3333333730697632, 1.6666667461395264]
disabled	identities_asked_parts	final	0	True	1	2	True	is	8	1	is	1.1855968236923218	2.7411766052246094	0.009999999776482582	[4417.0, 4418.0]	[1.3333333730697632, 1.6666667461395264]
disabled	identities_asked_parts	final	0	True	2	2	True	is	8	1	is	1.1855968236923218	2.192307949066162	0.009999999776482582	[4417.0, 4418.0]	[1.3333333730697632, 1.6666667461395264]
disabled	identities_asked_parts	final	0	True	3	2	True	is	8	1	is	1.1855968236923218	1.6909090280532837	0.009999999776482582	[4417.0, 4418.0]	[1.3333333730697632, 1.6666667461395264]
disabled	identities_asked_parts	final	0	True	0	3	True	animal	9	1	animal	0.5004980564117432	0.0	0.009999999776482582	[4418.0, 4419.0]	[1.6666667461395264, 2.0]
disabled	identities_asked_parts	final	0	True	1	3	True	animal	9	1	animal	0.5004980564117432	0.0	0.009999999776482582	[4418.0, 4419.0]	[1.6666667461395264, 2.0]
disabled	identities_asked_parts	final	0	True	2	3	True	three	9	1	three	0.4687821865081787	0.0	0.009999999776482582	[4421.0, 4422.0]	[1.6666667461395264, 2.0]
disabled	identities_asked_parts	final	0	True	3	3	True	four	9	1	four	0.24962179362773895	0.0	0.009999999776482582	[4423.0, 4424.0]	[1.6666667461395264, 2.0]
disabled	identities_supplied_answer	initial	0	True	0	1	True	cat	9	1	cat	0.17426957190036774	4.720372200012207	0.009999999776482582	[4416.0, 4417.0]	[1.0, 1.3333333730697632]
disabled	identities_supplied_answer	initial	0	True	1	1	True	dog	9	1	dog	0.1804768443107605	4.720372200012207	0.009999999776482582	[4419.0, 4420.0]	[1.0, 1.3333333730697632]
disabled	identities_supplied_answer	initial	0	True	2	1	True	x	6	1	x	1.2911702394485474	4.17150354385376	0.009999999776482582	[4420.0, 4421.0]	[1.0, 1.3333333730697632]
disabled	identities_supplied_answer	initial	0	True	3	1	True	y	6	1	y	1.3517754077911377	3.670104503631592	0.009999999776482582	[4422.0, 4423.0]	[1.0, 1.3333333730697632]
disabled	identities_supplied_answer	initial	0	True	0	2	True	is	8	1	is	1.1855968236923218	2.7411766052246094	0.009999999776482582	[4417.0, 4418.0]	[1.3333333730697632, 1.6666667461395264]
disabled	identities_supplied_answer	initial	0	True	1	2	True	is	8	1	is	1.1855968236923218	2.7411766052246094	0.009999999776482582	[4417.0, 4418.0]	[1.3333333730697632, 1.6666667461395264]
disabled	identities_supplied_answer	initial	0	True	2	2	True	is	8	1	is	1.1855968236923218	2.192307949066162	0.009999999776482582	[4417.0, 4418.0]	[1.3333333730697632, 1.6666667461395264]
disabled	identities_supplied_answer	initial	0	True	3	2	True	is	8	1	is	1.1855968236923218	1.6909090280532837	0.009999999776482582	[4417.0, 4418.0]	[1.3333333730697632, 1.6666667461395264]
disabled	identities_supplied_answer	initial	0	True	0	3	True	animal	9	1	animal	0.5004980564117432	0.0	0.009999999776482582	[4418.0, 4419.0]	[1.6666667461395264, 2.0]
disabled	identities_supplied_answer	initial	0	True	1	3	True	animal	9	1	animal	0.5004980564117432	0.0	0.009999999776482582	[4418.0, 4419.0]	[1.6666667461395264, 2.0]
disabled	identities_supplied_answer	initial	0	True	2	3	True	three	9	1	three	0.4687821865081787	0.0	0.009999999776482582	[4421.0, 4422.0]	[1.6666667461395264, 2.0]
disabled	identities_supplied_answer	initial	0	True	3	3	True	four	9	1	four	0.24962179362773895	0.0	0.009999999776482582	[4423.0, 4424.0]	[1.6666667461395264, 2.0]
disabled	identities_supplied_answer	final	0	True	0	1	True	cat	9	1	cat	0.14394621551036835	4.720372200012207	0.009999999776482582	[4416.0, 4417.0]	[1.0, 1.3333333730697632]
disabled	identities_supplied_answer	final	0	True	1	1	True	dog	9	1	dog	0.14847128093242645	4.720372200012207	0.009999999776482582	[4419.0, 4420.0]	[1.0, 1.3333333730697632]
disabled	identities_supplied_answer	final	0	True	2	1	True	x	6	1	x	0.7817816734313965	4.17150354385376	0.009999999776482582	[4420.0, 4421.0]	[1.0, 1.3333333730697632]
disabled	identities_supplied_answer	final	0	True	3	1	True	y	6	1	y	0.8201087713241577	3.670104503631592	0.009999999776482582	[4422.0, 4423.0]	[1.0, 1.3333333730697632]
disabled	identities_supplied_answer	final	0	True	0	2	True	is	8	1	is	1.2496328353881836	2.7411766052246094	0.009999999776482582	[4417.0, 4418.0]	[1.3333333730697632, 1.6666667461395264]
disabled	identities_supplied_answer	final	0	True	1	2	True	is	8	1	is	1.2496328353881836	2.7411766052246094	0.009999999776482582	[4417.0, 4418.0]	[1.3333333730697632, 1.6666667461395264]
disabled	identities_supplied_answer	final	0	True	2	2	True	is	8	1	is	1.2496328353881836	2.192307949066162	0.009999999776482582	[4417.0, 4418.0]	[1.3333333730697632, 1.6666667461395264]
disabled	identities_supplied_answer	final	0	True	3	2	True	is	8	1	is	1.2496328353881836	1.6909090280532837	0.009999999776482582	[4417.0, 4418.0]	[1.3333333730697632, 1.6666667461395264]
disabled	identities_supplied_answer	final	0	True	0	3	True	animal	9	1	animal	0.5053914785385132	0.0	0.009999999776482582	[4418.0, 4419.0]	[1.6666667461395264, 2.0]
disabled	identities_supplied_answer	final	0	True	1	3	True	animal	9	1	animal	0.5053914785385132	0.0	0.009999999776482582	[4418.0, 4419.0]	[1.6666667461395264, 2.0]
disabled	identities_supplied_answer	final	0	True	2	3	True	three	9	1	three	0.47780901193618774	0.0	0.009999999776482582	[4421.0, 4422.0]	[1.6666667461395264, 2.0]
disabled	identities_supplied_answer	final	0	True	3	3	True	four	9	1	four	0.2522110342979431	0.0	0.009999999776482582	[4423.0, 4424.0]	[1.6666667461395264, 2.0]
disabled	noun_phrase	initial	0	True	0	1	True	the	9	1	the	0.45191043615341187	3.9417736530303955	0.009999999776482582	[4424.0, 4425.0]	[1.0, 1.3333333730697632]
disabled	noun_phrase	initial	0	True	1	1	True	the	9	1	the	0.4519105851650238	4.579242706298828	0.009999999776482582	[4424.0, 4425.0]	[1.0, 1.3333333730697632]
disabled	noun_phrase	initial	0	True	2	1	True	the	9	1	the	0.45191052556037903	5.540081024169922	0.009999999776482582	[4424.0, 4425.0]	[1.0, 1.3333333730697632]
disabled	noun_phrase	initial	0	True	3	1	True	the	9	1	the	0.4519104063510895	4.794061660766602	0.009999999776482582	[4424.0, 4425.0]	[1.0, 1.3333333730697632]
disabled	noun_phrase	initial	0	True	0	2	True	red	9	1	red	0.11864364147186279	2.6351070404052734	0.009999999776482582	[4410.0, 4411.0]	[1.3333333730697632, 1.6666667461395264]
disabled	noun_phrase	initial	0	True	1	2	True	blue	9	1	blue	0.15974323451519012	2.042570114135742	0.009999999776482582	[4411.0, 4412.0]	[1.3333333730697632, 1.6666667461395264]
disabled	noun_phrase	initial	0	True	2	2	True	green	9	1	green	0.1738390326499939	2.6351070404052734	0.009999999776482582	[4412.0, 4413.0]	[1.3333333730697632, 1.6666667461395264]
disabled	noun_phrase	initial	0	True	3	2	True	gold	9	1	gold	0.2490561157464981	2.042570114135742	0.009999999776482582	[4413.0, 4414.0]	[1.3333333730697632, 1.6666667461395264]
disabled	noun_phrase	initial	0	True	0	3	True	ball	9	1	ball	0.45028218626976013	0.0	0.009999999776482582	[4425.0, 4426.0]	[1.6666667461395264, 2.0]
disabled	noun_phrase	initial	0	True	1	3	True	box	9	1	is	0.349030464887619	0.0	0.009999999776482582	[4426.0, 4427.0]	[1.6666667461395264, 2.0]
disabled	noun_phrase	initial	0	True	2	3	True	ball	9	1	ball	0.45028218626976013	0.0	0.009999999776482582	[4425.0, 4426.0]	[1.6666667461395264, 2.0]
disabled	noun_phrase	initial	0	True	3	3	True	box	9	1	is	0.349030464887619	0.0	0.009999999776482582	[4426.0, 4427.0]	[1.6666667461395264, 2.0]
disabled	noun_phrase	final	0	True	0	1	True	the	9	1	the	0.10681265592575073	4.212820053100586	0.009999999776482582	[4424.0, 4425.0]	[1.0, 1.3333333730697632]
disabled	noun_phrase	final	0	True	1	1	True	the	9	1	the	0.10681304335594177	3.90333890914917	0.009999999776482582	[4424.0, 4425.0]	[1.0, 1.3333333730697632]
disabled	noun_phrase	final	0	True	2	1	True	the	9	1	the	0.10681280493736267	4.659519195556641	0.009999999776482582	[4424.0, 4425.0]	[1.0, 1.3333333730697632]
disabled	noun_phrase	final	0	True	3	1	True	the	9	1	the	0.10681262612342834	4.118157863616943	0.009999999776482582	[4424.0, 4425.0]	[1.0, 1.3333333730697632]
disabled	noun_phrase	final	0	True	0	2	True	red	9	1	red	0.2272259145975113	1.7545454502105713	0.009999999776482582	[4410.0, 4411.0]	[1.3333333730697632, 1.6666667461395264]
disabled	noun_phrase	final	0	True	1	2	True	blue	9	1	blue	0.16286683082580566	1.3666666746139526	0.009999999776482582	[4411.0, 4412.0]	[1.3333333730697632, 1.6666667461395264]
disabled	noun_phrase	final	0	True	2	2	True	green	9	1	green	0.1752416491508484	1.7545454502105713	0.009999999776482582	[4412.0, 4413.0]	[1.3333333730697632, 1.6666667461395264]
disabled	noun_phrase	final	0	True	3	2	True	gold	9	1	gold	0.25046324729919434	1.3666666746139526	0.009999999776482582	[4413.0, 4414.0]	[1.3333333730697632, 1.6666667461395264]
disabled	noun_phrase	final	0	True	0	3	True	ball	9	1	ball	0.3000624179840088	0.0	0.009999999776482582	[4425.0, 4426.0]	[1.6666667461395264, 2.0]
disabled	noun_phrase	final	0	True	1	3	True	box	9	1	box	0.21813680231571198	0.0	0.009999999776482582	[4426.0, 4427.0]	[1.6666667461395264, 2.0]
disabled	noun_phrase	final	0	True	2	3	True	ball	9	1	ball	0.3000624179840088	0.0	0.009999999776482582	[4425.0, 4426.0]	[1.6666667461395264, 2.0]
disabled	noun_phrase	final	0	True	3	3	True	box	9	1	box	0.21813680231571198	0.0	0.009999999776482582	[4426.0, 4427.0]	[1.6666667461395264, 2.0]
disabled	noun_phrase_asked_parts	initial	0	True	0	1	True	the	9	1	the	0.10681265592575073	4.212820053100586	0.009999999776482582	[4424.0, 4425.0]	[1.0, 1.3333333730697632]
disabled	noun_phrase_asked_parts	initial	0	True	1	1	True	the	9	1	the	0.10681304335594177	3.90333890914917	0.009999999776482582	[4424.0, 4425.0]	[1.0, 1.3333333730697632]
disabled	noun_phrase_asked_parts	initial	0	True	2	1	True	the	9	1	the	0.10681280493736267	4.659519195556641	0.009999999776482582	[4424.0, 4425.0]	[1.0, 1.3333333730697632]
disabled	noun_phrase_asked_parts	initial	0	True	3	1	True	the	9	1	the	0.10681262612342834	4.118157863616943	0.009999999776482582	[4424.0, 4425.0]	[1.0, 1.3333333730697632]
disabled	noun_phrase_asked_parts	initial	0	True	0	2	True	red	9	1	red	0.2272259145975113	1.7545454502105713	0.009999999776482582	[4410.0, 4411.0]	[1.3333333730697632, 1.6666667461395264]
disabled	noun_phrase_asked_parts	initial	0	True	1	2	True	blue	9	1	blue	0.16286683082580566	1.3666666746139526	0.009999999776482582	[4411.0, 4412.0]	[1.3333333730697632, 1.6666667461395264]
disabled	noun_phrase_asked_parts	initial	0	True	2	2	True	green	9	1	green	0.1752416491508484	1.7545454502105713	0.009999999776482582	[4412.0, 4413.0]	[1.3333333730697632, 1.6666667461395264]
disabled	noun_phrase_asked_parts	initial	0	True	3	2	True	gold	9	1	gold	0.25046324729919434	1.3666666746139526	0.009999999776482582	[4413.0, 4414.0]	[1.3333333730697632, 1.6666667461395264]
disabled	noun_phrase_asked_parts	initial	0	True	0	3	True	ball	9	1	ball	0.3000624179840088	0.0	0.009999999776482582	[4425.0, 4426.0]	[1.6666667461395264, 2.0]
disabled	noun_phrase_asked_parts	initial	0	True	1	3	True	box	9	1	box	0.21813680231571198	0.0	0.009999999776482582	[4426.0, 4427.0]	[1.6666667461395264, 2.0]
disabled	noun_phrase_asked_parts	initial	0	True	2	3	True	ball	9	1	ball	0.3000624179840088	0.0	0.009999999776482582	[4425.0, 4426.0]	[1.6666667461395264, 2.0]
disabled	noun_phrase_asked_parts	initial	0	True	3	3	True	box	9	1	box	0.21813680231571198	0.0	0.009999999776482582	[4426.0, 4427.0]	[1.6666667461395264, 2.0]
disabled	noun_phrase_asked_parts	final	0	True	0	1	True	the	9	1	the	0.06888437271118164	4.250582695007324	0.009999999776482582	[4424.0, 4425.0]	[1.0, 1.3333333730697632]
disabled	noun_phrase_asked_parts	final	0	True	1	1	True	the	9	1	the	0.06888461112976074	3.945763349533081	0.009999999776482582	[4424.0, 4425.0]	[1.0, 1.3333333730697632]
disabled	noun_phrase_asked_parts	final	0	True	2	1	True	the	9	1	the	0.06888449192047119	4.697281360626221	0.009999999776482582	[4424.0, 4425.0]	[1.0, 1.3333333730697632]
disabled	noun_phrase_asked_parts	final	0	True	3	1	True	the	9	1	the	0.06888443231582642	4.160582542419434	0.009999999776482582	[4424.0, 4425.0]	[1.0, 1.3333333730697632]
disabled	noun_phrase_asked_parts	final	0	True	0	2	True	red	9	1	red	0.23166856169700623	1.792307734489441	0.009999999776482582	[4410.0, 4411.0]	[1.3333333730697632, 1.6666667461395264]
disabled	noun_phrase_asked_parts	final	0	True	1	2	True	blue	9	1	blue	0.16630060970783234	1.4090909957885742	0.009999999776482582	[4411.0, 4412.0]	[1.3333333730697632, 1.6666667461395264]
disabled	noun_phrase_asked_parts	final	0	True	2	2	True	green	9	1	green	0.17622509598731995	1.792307734489441	0.009999999776482582	[4412.0, 4413.0]	[1.3333333730697632, 1.6666667461395264]
disabled	noun_phrase_asked_parts	final	0	True	3	2	True	gold	9	1	gold	0.2521887421607971	1.4090909957885742	0.009999999776482582	[4413.0, 4414.0]	[1.3333333730697632, 1.6666667461395264]
disabled	noun_phrase_asked_parts	final	0	True	0	3	True	ball	9	1	ball	0.32413893938064575	0.0	0.009999999776482582	[4425.0, 4426.0]	[1.6666667461395264, 2.0]
disabled	noun_phrase_asked_parts	final	0	True	1	3	True	box	9	1	box	0.2311023473739624	0.0	0.009999999776482582	[4426.0, 4427.0]	[1.6666667461395264, 2.0]
disabled	noun_phrase_asked_parts	final	0	True	2	3	True	ball	9	1	ball	0.32413893938064575	0.0	0.009999999776482582	[4425.0, 4426.0]	[1.6666667461395264, 2.0]
disabled	noun_phrase_asked_parts	final	0	True	3	3	True	box	9	1	box	0.2311023473739624	0.0	0.009999999776482582	[4426.0, 4427.0]	[1.6666667461395264, 2.0]
disabled	noun_phrase_supplied_answer	initial	0	True	0	1	True	the	9	1	the	0.06888437271118164	4.250582695007324	0.009999999776482582	[4424.0, 4425.0]	[1.0, 1.3333333730697632]
disabled	noun_phrase_supplied_answer	initial	0	True	1	1	True	the	9	1	the	0.06888461112976074	3.945763349533081	0.009999999776482582	[4424.0, 4425.0]	[1.0, 1.3333333730697632]
disabled	noun_phrase_supplied_answer	initial	0	True	2	1	True	the	9	1	the	0.06888449192047119	4.697281360626221	0.009999999776482582	[4424.0, 4425.0]	[1.0, 1.3333333730697632]
disabled	noun_phrase_supplied_answer	initial	0	True	3	1	True	the	9	1	the	0.06888443231582642	4.160582542419434	0.009999999776482582	[4424.0, 4425.0]	[1.0, 1.3333333730697632]
disabled	noun_phrase_supplied_answer	initial	0	True	0	2	True	red	9	1	red	0.23166856169700623	1.792307734489441	0.009999999776482582	[4410.0, 4411.0]	[1.3333333730697632, 1.6666667461395264]
disabled	noun_phrase_supplied_answer	initial	0	True	1	2	True	blue	9	1	blue	0.16630060970783234	1.4090909957885742	0.009999999776482582	[4411.0, 4412.0]	[1.3333333730697632, 1.6666667461395264]
disabled	noun_phrase_supplied_answer	initial	0	True	2	2	True	green	9	1	green	0.17622509598731995	1.792307734489441	0.009999999776482582	[4412.0, 4413.0]	[1.3333333730697632, 1.6666667461395264]
disabled	noun_phrase_supplied_answer	initial	0	True	3	2	True	gold	9	1	gold	0.2521887421607971	1.4090909957885742	0.009999999776482582	[4413.0, 4414.0]	[1.3333333730697632, 1.6666667461395264]
disabled	noun_phrase_supplied_answer	initial	0	True	0	3	True	ball	9	1	ball	0.32413893938064575	0.0	0.009999999776482582	[4425.0, 4426.0]	[1.6666667461395264, 2.0]
disabled	noun_phrase_supplied_answer	initial	0	True	1	3	True	box	9	1	box	0.2311023473739624	0.0	0.009999999776482582	[4426.0, 4427.0]	[1.6666667461395264, 2.0]
disabled	noun_phrase_supplied_answer	initial	0	True	2	3	True	ball	9	1	ball	0.32413893938064575	0.0	0.009999999776482582	[4425.0, 4426.0]	[1.6666667461395264, 2.0]
disabled	noun_phrase_supplied_answer	initial	0	True	3	3	True	box	9	1	box	0.2311023473739624	0.0	0.009999999776482582	[4426.0, 4427.0]	[1.6666667461395264, 2.0]
disabled	noun_phrase_supplied_answer	final	0	True	0	1	True	the	9	1	the	0.05131500959396362	4.250582695007324	0.009999999776482582	[4424.0, 4425.0]	[1.0, 1.3333333730697632]
disabled	noun_phrase_supplied_answer	final	0	True	1	1	True	the	9	1	the	0.051315128803253174	3.945763349533081	0.009999999776482582	[4424.0, 4425.0]	[1.0, 1.3333333730697632]
disabled	noun_phrase_supplied_answer	final	0	True	2	1	True	the	9	1	the	0.051315128803253174	4.697281360626221	0.009999999776482582	[4424.0, 4425.0]	[1.0, 1.3333333730697632]
disabled	noun_phrase_supplied_answer	final	0	True	3	1	True	the	9	1	the	0.051315248012542725	4.160582542419434	0.009999999776482582	[4424.0, 4425.0]	[1.0, 1.3333333730697632]
disabled	noun_phrase_supplied_answer	final	0	True	0	2	True	red	9	1	red	0.2362799048423767	1.792307734489441	0.009999999776482582	[4410.0, 4411.0]	[1.3333333730697632, 1.6666667461395264]
disabled	noun_phrase_supplied_answer	final	0	True	1	2	True	blue	9	1	blue	0.16978871822357178	1.4090909957885742	0.009999999776482582	[4411.0, 4412.0]	[1.3333333730697632, 1.6666667461395264]
disabled	noun_phrase_supplied_answer	final	0	True	2	2	True	green	9	1	green	0.17730888724327087	1.792307734489441	0.009999999776482582	[4412.0, 4413.0]	[1.3333333730697632, 1.6666667461395264]
disabled	noun_phrase_supplied_answer	final	0	True	3	2	True	gold	9	1	gold	0.25393038988113403	1.4090909957885742	0.009999999776482582	[4413.0, 4414.0]	[1.3333333730697632, 1.6666667461395264]
disabled	noun_phrase_supplied_answer	final	0	True	0	3	True	ball	9	1	ball	0.3358260989189148	0.0	0.009999999776482582	[4425.0, 4426.0]	[1.6666667461395264, 2.0]
disabled	noun_phrase_supplied_answer	final	0	True	1	3	True	box	9	1	box	0.23595690727233887	0.0	0.009999999776482582	[4426.0, 4427.0]	[1.6666667461395264, 2.0]
disabled	noun_phrase_supplied_answer	final	0	True	2	3	True	ball	9	1	ball	0.3358260989189148	0.0	0.009999999776482582	[4425.0, 4426.0]	[1.6666667461395264, 2.0]
disabled	noun_phrase_supplied_answer	final	0	True	3	3	True	box	9	1	box	0.23595690727233887	0.0	0.009999999776482582	[4426.0, 4427.0]	[1.6666667461395264, 2.0]
disabled	noun_verb	initial	0	True	0	1	True	the	9	1	the	0.05131542682647705	5.3990888595581055	0.009999999776482582	[4424.0, 4425.0]	[1.0, 1.3333333730697632]
disabled	noun_verb	initial	0	True	1	1	True	the	9	1	the	0.05131494998931885	4.259416580200195	0.009999999776482582	[4424.0, 4425.0]	[1.0, 1.3333333730697632]
disabled	noun_verb	initial	0	True	2	1	True	the	9	1	the	0.05131494998931885	5.521311283111572	0.009999999776482582	[4424.0, 4425.0]	[1.0, 1.3333333730697632]
disabled	noun_verb	initial	0	True	3	1	True	the	9	1	the	0.05131542682647705	4.1371941566467285	0.009999999776482582	[4424.0, 4425.0]	[1.0, 1.3333333730697632]
disabled	noun_verb	initial	0	True	0	2	True	cat	9	1	cat	0.14357322454452515	3.865755558013916	0.009999999776482582	[4416.0, 4417.0]	[1.3333333730697632, 1.6666667461395264]
disabled	noun_verb	initial	0	True	1	2	True	dog	9	1	dog	0.1480882167816162	2.60386061668396	0.009999999776482582	[4419.0, 4420.0]	[1.3333333730697632, 1.6666667461395264]
disabled	noun_verb	initial	0	True	2	2	True	dog	9	1	dog	0.1480882167816162	3.865755558013916	0.009999999776482582	[4419.0, 4420.0]	[1.3333333730697632, 1.6666667461395264]
disabled	noun_verb	initial	0	True	3	2	True	cat	9	1	cat	0.14357322454452515	2.60386061668396	0.009999999776482582	[4416.0, 4417.0]	[1.3333333730697632, 1.6666667461395264]
disabled	noun_verb	initial	0	True	0	3	True	sleeps	9	1	sleeps	0.6587575674057007	0.0	0.009999999776482582	[4427.0, 4428.0]	[1.6666667461395264, 2.0]
disabled	noun_verb	initial	0	True	1	3	True	runs	9	1	runs	0.44371992349624634	0.0	0.009999999776482582	[4428.0, 4429.0]	[1.6666667461395264, 2.0]
disabled	noun_verb	initial	0	True	2	3	True	sleeps	9	1	sleeps	0.6587575674057007	0.0	0.009999999776482582	[4427.0, 4428.0]	[1.6666667461395264, 2.0]
disabled	noun_verb	initial	0	True	3	3	True	runs	9	1	runs	0.44371992349624634	0.0	0.009999999776482582	[4428.0, 4429.0]	[1.6666667461395264, 2.0]
disabled	noun_verb	final	0	True	0	1	True	the	9	1	the	0.0673089399933815	4.059487342834473	0.009999999776482582	[4424.0, 4425.0]	[1.0, 1.3333333730697632]
disabled	noun_verb	final	0	True	1	1	True	the	9	1	the	0.06730899214744568	4.150014400482178	0.009999999776482582	[4424.0, 4425.0]	[1.0, 1.3333333730697632]
disabled	noun_verb	final	0	True	2	1	True	the	9	1	the	0.06730899214744568	4.159487247467041	0.009999999776482582	[4424.0, 4425.0]	[1.0, 1.3333333730697632]
disabled	noun_verb	final	0	True	3	1	True	the	9	1	the	0.0673089399933815	4.050014495849609	0.009999999776482582	[4424.0, 4425.0]	[1.0, 1.3333333730697632]
disabled	noun_verb	final	0	True	0	2	True	cat	9	1	cat	0.1356472671031952	2.6133334636688232	0.009999999776482582	[4416.0, 4417.0]	[1.3333333730697632, 1.6666667461395264]
disabled	noun_verb	final	0	True	1	2	True	dog	9	1	dog	0.13565188646316528	2.60386061668396	0.009999999776482582	[4419.0, 4420.0]	[1.3333333730697632, 1.6666667461395264]
disabled	noun_verb	final	0	True	2	2	True	dog	9	1	dog	0.13565188646316528	2.6133334636688232	0.009999999776482582	[4419.0, 4420.0]	[1.3333333730697632, 1.6666667461395264]
disabled	noun_verb	final	0	True	3	2	True	cat	9	1	cat	0.1356472671031952	2.60386061668396	0.009999999776482582	[4416.0, 4417.0]	[1.3333333730697632, 1.6666667461395264]
disabled	noun_verb	final	0	True	0	3	True	sleeps	9	1	sleeps	0.461192786693573	0.0	0.009999999776482582	[4427.0, 4428.0]	[1.6666667461395264, 2.0]
disabled	noun_verb	final	0	True	1	3	True	runs	9	1	runs	0.43814659118652344	0.0	0.009999999776482582	[4428.0, 4429.0]	[1.6666667461395264, 2.0]
disabled	noun_verb	final	0	True	2	3	True	sleeps	9	1	sleeps	0.461192786693573	0.0	0.009999999776482582	[4427.0, 4428.0]	[1.6666667461395264, 2.0]
disabled	noun_verb	final	0	True	3	3	True	runs	9	1	runs	0.43814659118652344	0.0	0.009999999776482582	[4428.0, 4429.0]	[1.6666667461395264, 2.0]
disabled	noun_verb_asked_parts	initial	0	True	0	1	True	the	9	1	the	0.0673089399933815	4.059487342834473	0.009999999776482582	[4424.0, 4425.0]	[1.0, 1.3333333730697632]
disabled	noun_verb_asked_parts	initial	0	True	1	1	True	the	9	1	the	0.06730899214744568	4.150014400482178	0.009999999776482582	[4424.0, 4425.0]	[1.0, 1.3333333730697632]
disabled	noun_verb_asked_parts	initial	0	True	2	1	True	the	9	1	the	0.06730899214744568	4.159487247467041	0.009999999776482582	[4424.0, 4425.0]	[1.0, 1.3333333730697632]
disabled	noun_verb_asked_parts	initial	0	True	3	1	True	the	9	1	the	0.0673089399933815	4.050014495849609	0.009999999776482582	[4424.0, 4425.0]	[1.0, 1.3333333730697632]
disabled	noun_verb_asked_parts	initial	0	True	0	2	True	cat	9	1	cat	0.1356472671031952	2.6133334636688232	0.009999999776482582	[4416.0, 4417.0]	[1.3333333730697632, 1.6666667461395264]
disabled	noun_verb_asked_parts	initial	0	True	1	2	True	dog	9	1	dog	0.13565188646316528	2.60386061668396	0.009999999776482582	[4419.0, 4420.0]	[1.3333333730697632, 1.6666667461395264]
disabled	noun_verb_asked_parts	initial	0	True	2	2	True	dog	9	1	dog	0.13565188646316528	2.6133334636688232	0.009999999776482582	[4419.0, 4420.0]	[1.3333333730697632, 1.6666667461395264]
disabled	noun_verb_asked_parts	initial	0	True	3	2	True	cat	9	1	cat	0.1356472671031952	2.60386061668396	0.009999999776482582	[4416.0, 4417.0]	[1.3333333730697632, 1.6666667461395264]
disabled	noun_verb_asked_parts	initial	0	True	0	3	True	sleeps	9	1	sleeps	0.461192786693573	0.0	0.009999999776482582	[4427.0, 4428.0]	[1.6666667461395264, 2.0]
disabled	noun_verb_asked_parts	initial	0	True	1	3	True	runs	9	1	runs	0.43814659118652344	0.0	0.009999999776482582	[4428.0, 4429.0]	[1.6666667461395264, 2.0]
disabled	noun_verb_asked_parts	initial	0	True	2	3	True	sleeps	9	1	sleeps	0.461192786693573	0.0	0.009999999776482582	[4427.0, 4428.0]	[1.6666667461395264, 2.0]
disabled	noun_verb_asked_parts	initial	0	True	3	3	True	runs	9	1	runs	0.43814659118652344	0.0	0.009999999776482582	[4428.0, 4429.0]	[1.6666667461395264, 2.0]
disabled	noun_verb_asked_parts	final	0	True	0	1	True	the	9	1	the	0.05270110070705414	4.082353115081787	0.009999999776482582	[4424.0, 4425.0]	[1.0, 1.3333333730697632]
disabled	noun_verb_asked_parts	final	0	True	1	1	True	the	9	1	the	0.05270124599337578	4.162684440612793	0.009999999776482582	[4424.0, 4425.0]	[1.0, 1.3333333730697632]
disabled	noun_verb_asked_parts	final	0	True	2	1	True	the	9	1	the	0.05270124599337578	4.1823530197143555	0.009999999776482582	[4424.0, 4425.0]	[1.0, 1.3333333730697632]
disabled	noun_verb_asked_parts	final	0	True	3	1	True	the	9	1	the	0.05270110070705414	4.062684059143066	0.009999999776482582	[4424.0, 4425.0]	[1.0, 1.3333333730697632]
disabled	noun_verb_asked_parts	final	0	True	0	2	True	cat	9	1	cat	0.13894253969192505	2.6235294342041016	0.009999999776482582	[4416.0, 4417.0]	[1.3333333730697632, 1.6666667461395264]
disabled	noun_verb_asked_parts	final	0	True	1	2	True	dog	9	1	dog	0.13624221086502075	2.60386061668396	0.009999999776482582	[4419.0, 4420.0]	[1.3333333730697632, 1.6666667461395264]
disabled	noun_verb_asked_parts	final	0	True	2	2	True	dog	9	1	dog	0.13624221086502075	2.6235294342041016	0.009999999776482582	[4419.0, 4420.0]	[1.3333333730697632, 1.6666667461395264]
disabled	noun_verb_asked_parts	final	0	True	3	2	True	cat	9	1	cat	0.13894253969192505	2.60386061668396	0.009999999776482582	[4416.0, 4417.0]	[1.3333333730697632, 1.6666667461395264]
disabled	noun_verb_asked_parts	final	0	True	0	3	True	sleeps	9	1	sleeps	0.4780901372432709	0.0	0.009999999776482582	[4427.0, 4428.0]	[1.6666667461395264, 2.0]
disabled	noun_verb_asked_parts	final	0	True	1	3	True	runs	9	1	runs	0.45462465286254883	0.0	0.009999999776482582	[4428.0, 4429.0]	[1.6666667461395264, 2.0]
disabled	noun_verb_asked_parts	final	0	True	2	3	True	sleeps	9	1	sleeps	0.4780901372432709	0.0	0.009999999776482582	[4427.0, 4428.0]	[1.6666667461395264, 2.0]
disabled	noun_verb_asked_parts	final	0	True	3	3	True	runs	9	1	runs	0.45462465286254883	0.0	0.009999999776482582	[4428.0, 4429.0]	[1.6666667461395264, 2.0]
disabled	noun_verb_supplied_answer	initial	0	True	0	1	True	the	9	1	the	0.05270110070705414	4.082353115081787	0.009999999776482582	[4424.0, 4425.0]	[1.0, 1.3333333730697632]
disabled	noun_verb_supplied_answer	initial	0	True	1	1	True	the	9	1	the	0.05270124599337578	4.162684440612793	0.009999999776482582	[4424.0, 4425.0]	[1.0, 1.3333333730697632]
disabled	noun_verb_supplied_answer	initial	0	True	2	1	True	the	9	1	the	0.05270124599337578	4.1823530197143555	0.009999999776482582	[4424.0, 4425.0]	[1.0, 1.3333333730697632]
disabled	noun_verb_supplied_answer	initial	0	True	3	1	True	the	9	1	the	0.05270110070705414	4.062684059143066	0.009999999776482582	[4424.0, 4425.0]	[1.0, 1.3333333730697632]
disabled	noun_verb_supplied_answer	initial	0	True	0	2	True	cat	9	1	cat	0.13894253969192505	2.6235294342041016	0.009999999776482582	[4416.0, 4417.0]	[1.3333333730697632, 1.6666667461395264]
disabled	noun_verb_supplied_answer	initial	0	True	1	2	True	dog	9	1	dog	0.13624221086502075	2.60386061668396	0.009999999776482582	[4419.0, 4420.0]	[1.3333333730697632, 1.6666667461395264]
disabled	noun_verb_supplied_answer	initial	0	True	2	2	True	dog	9	1	dog	0.13624221086502075	2.6235294342041016	0.009999999776482582	[4419.0, 4420.0]	[1.3333333730697632, 1.6666667461395264]
disabled	noun_verb_supplied_answer	initial	0	True	3	2	True	cat	9	1	cat	0.13894253969192505	2.60386061668396	0.009999999776482582	[4416.0, 4417.0]	[1.3333333730697632, 1.6666667461395264]
disabled	noun_verb_supplied_answer	initial	0	True	0	3	True	sleeps	9	1	sleeps	0.4780901372432709	0.0	0.009999999776482582	[4427.0, 4428.0]	[1.6666667461395264, 2.0]
disabled	noun_verb_supplied_answer	initial	0	True	1	3	True	runs	9	1	runs	0.45462465286254883	0.0	0.009999999776482582	[4428.0, 4429.0]	[1.6666667461395264, 2.0]
disabled	noun_verb_supplied_answer	initial	0	True	2	3	True	sleeps	9	1	sleeps	0.4780901372432709	0.0	0.009999999776482582	[4427.0, 4428.0]	[1.6666667461395264, 2.0]
disabled	noun_verb_supplied_answer	initial	0	True	3	3	True	runs	9	1	runs	0.45462465286254883	0.0	0.009999999776482582	[4428.0, 4429.0]	[1.6666667461395264, 2.0]
disabled	noun_verb_supplied_answer	final	0	True	0	1	True	the	9	1	the	0.043390147387981415	4.082353115081787	0.009999999776482582	[4424.0, 4425.0]	[1.0, 1.3333333730697632]
disabled	noun_verb_supplied_answer	final	0	True	1	1	True	the	9	1	the	0.04339013993740082	4.162684440612793	0.009999999776482582	[4424.0, 4425.0]	[1.0, 1.3333333730697632]
disabled	noun_verb_supplied_answer	final	0	True	2	1	True	the	9	1	the	0.04339013993740082	4.1823530197143555	0.009999999776482582	[4424.0, 4425.0]	[1.0, 1.3333333730697632]
disabled	noun_verb_supplied_answer	final	0	True	3	1	True	the	9	1	the	0.043390147387981415	4.062684059143066	0.009999999776482582	[4424.0, 4425.0]	[1.0, 1.3333333730697632]
disabled	noun_verb_supplied_answer	final	0	True	0	2	True	cat	9	1	cat	0.14106851816177368	2.6235294342041016	0.009999999776482582	[4416.0, 4417.0]	[1.3333333730697632, 1.6666667461395264]
disabled	noun_verb_supplied_answer	final	0	True	1	2	True	dog	9	1	dog	0.13572657108306885	2.60386061668396	0.009999999776482582	[4419.0, 4420.0]	[1.3333333730697632, 1.6666667461395264]
disabled	noun_verb_supplied_answer	final	0	True	2	2	True	dog	9	1	dog	0.13572657108306885	2.6235294342041016	0.009999999776482582	[4419.0, 4420.0]	[1.3333333730697632, 1.6666667461395264]
disabled	noun_verb_supplied_answer	final	0	True	3	2	True	cat	9	1	cat	0.14106851816177368	2.60386061668396	0.009999999776482582	[4416.0, 4417.0]	[1.3333333730697632, 1.6666667461395264]
disabled	noun_verb_supplied_answer	final	0	True	0	3	True	sleeps	9	1	sleeps	0.4881840944290161	0.0	0.009999999776482582	[4427.0, 4428.0]	[1.6666667461395264, 2.0]
disabled	noun_verb_supplied_answer	final	0	True	1	3	True	runs	9	1	runs	0.46404537558555603	0.0	0.009999999776482582	[4428.0, 4429.0]	[1.6666667461395264, 2.0]
disabled	noun_verb_supplied_answer	final	0	True	2	3	True	sleeps	9	1	sleeps	0.4881840944290161	0.0	0.009999999776482582	[4427.0, 4428.0]	[1.6666667461395264, 2.0]
disabled	noun_verb_supplied_answer	final	0	True	3	3	True	runs	9	1	runs	0.46404537558555603	0.0	0.009999999776482582	[4428.0, 4429.0]	[1.6666667461395264, 2.0]
disabled	relations	initial	0	True	0	1	True	cat	9	1	cat	0.141068696975708	6.962356090545654	0.009999999776482582	[4416.0, 4417.0]	[1.0, 1.25]
disabled	relations	initial	0	True	1	1	True	dog	9	1	dog	0.13572633266448975	6.491315841674805	0.009999999776482582	[4419.0, 4420.0]	[1.0, 1.25]
disabled	relations	initial	0	True	2	1	True	x	6	1	x	0.7805578708648682	8.70373249053955	0.009999999776482582	[4420.0, 4421.0]	[1.0, 1.2000000476837158]
disabled	relations	initial	0	True	3	1	True	y	6	1	y	0.818792462348938	8.70373249053955	0.009999999776482582	[4422.0, 4423.0]	[1.0, 1.2000000476837158]
disabled	relations	initial	0	True	0	2	True	is	8	1	is	1.244598150253296	4.983160972595215	0.009999999776482582	[4417.0, 4418.0]	[1.25, 1.5]
disabled	relations	initial	0	True	1	2	True	is	8	1	is	1.244598150253296	4.512120723724365	0.009999999776482582	[4417.0, 4418.0]	[1.25, 1.5]
disabled	relations	initial	0	True	2	2	True	is	8	1	is	1.244598150253296	6.7245378494262695	0.009999999776482582	[4417.0, 4418.0]	[1.2000000476837158, 1.399999976158142]
disabled	relations	initial	0	True	3	2	True	is	8	1	is	1.244598150253296	6.7245378494262695	0.009999999776482582	[4417.0, 4418.0]	[1.2000000476837158, 1.399999976158142]
disabled	relations	initial	0	True	0	3	True	on	8	1	on	0.9569737911224365	2.8842811584472656	0.009999999776482582	[4429.0, 4430.0]	[1.5, 1.75]
disabled	relations	initial	0	True	1	3	True	on	8	1	on	0.9569737911224365	2.413241147994995	0.009999999776482582	[4429.0, 4430.0]	[1.5, 1.75]
disabled	relations	initial	0	True	2	3	True	bigger	9	1	bigger	0.49145016074180603	3.836806297302246	0.009999999776482582	[4432.0, 4433.0]	[1.399999976158142, 1.600000023841858]
disabled	relations	initial	0	True	3	3	True	bigger	9	1	bigger	0.49145016074180603	3.836806297302246	0.009999999776482582	[4432.0, 4433.0]	[1.399999976158142, 1.600000023841858]
disabled	relations	initial	0	True	0	4	True	mat	9	1	mat	0.4908630847930908	0.0	0.009999999776482582	[4430.0, 4431.0]	[1.75, 2.0]
disabled	relations	initial	0	True	1	4	True	rug	9	1	rug	0.4106988310813904	0.0	0.009999999776482582	[4431.0, 4432.0]	[1.75, 2.0]
disabled	relations	initial	0	True	2	4	True	than	9	1	the	0.4725721478462219	1.0600000619888306	0.009999999776482582	[4433.0, 4434.0]	[1.600000023841858, 1.7999999523162842]
disabled	relations	initial	0	True	3	4	True	than	9	1	the	0.4725721478462219	1.0600000619888306	0.009999999776482582	[4433.0, 4434.0]	[1.600000023841858, 1.7999999523162842]
disabled	relations	initial	0	True	0	5	False		0	0		0.0	0.0	0.0		
disabled	relations	initial	0	True	1	5	False		0	0		0.0	0.0	0.0		
disabled	relations	initial	0	True	2	5	True	y	6	1	y	0.818792462348938	0.0	0.009999999776482582	[4422.0, 4423.0]	[1.7999999523162842, 2.0]
disabled	relations	initial	0	True	3	5	True	x	6	1	x	0.7805578708648682	0.0	0.009999999776482582	[4420.0, 4421.0]	[1.7999999523162842, 2.0]
disabled	relations	final	0	True	0	1	True	cat	9	1	cat	0.12644201517105103	4.486140251159668	0.009999999776482582	[4416.0, 4417.0]	[1.0, 1.25]
disabled	relations	final	0	True	1	1	True	dog	9	1	dog	0.12120872735977173	4.711140155792236	0.009999999776482582	[4419.0, 4420.0]	[1.0, 1.25]
disabled	relations	final	0	True	2	1	True	x	6	1	x	0.5258162617683411	8.150959968566895	0.009999999776482582	[4420.0, 4421.0]	[1.0, 1.2000000476837158]
disabled	relations	final	0	True	3	1	True	y	6	1	y	0.5354549884796143	8.150959968566895	0.009999999776482582	[4422.0, 4423.0]	[1.0, 1.2000000476837158]
disabled	relations	final	0	True	0	2	True	is	8	1	is	1.083325743675232	2.5069446563720703	0.009999999776482582	[4417.0, 4418.0]	[1.25, 1.5]
disabled	relations	final	0	True	1	2	True	is	8	1	is	1.083325743675232	2.7319445610046387	0.009999999776482582	[4417.0, 4418.0]	[1.25, 1.5]
disabled	relations	final	0	True	2	2	True	is	8	1	is	1.083325743675232	6.171764373779297	0.009999999776482582	[4417.0, 4418.0]	[1.2000000476837158, 1.399999976158142]
disabled	relations	final	0	True	3	2	True	is	8	1	is	1.083325743675232	6.171764373779297	0.009999999776482582	[4417.0, 4418.0]	[1.2000000476837158, 1.399999976158142]
disabled	relations	final	0	True	0	3	True	on	8	1	on	0.5218065977096558	1.3625000715255737	0.009999999776482582	[4429.0, 4430.0]	[1.5, 1.75]
disabled	relations	final	0	True	1	3	True	on	8	1	on	0.5218065977096558	1.587499976158142	0.009999999776482582	[4429.0, 4430.0]	[1.5, 1.75]
disabled	relations	final	0	True	2	3	True	bigger	9	1	bigger	0.44532492756843567	3.6482348442077637	0.009999999776482582	[4432.0, 4433.0]	[1.399999976158142, 1.600000023841858]
disabled	relations	final	0	True	3	3	True	bigger	9	1	bigger	0.44532492756843567	3.6482346057891846	0.009999999776482582	[4432.0, 4433.0]	[1.399999976158142, 1.600000023841858]
disabled	relations	final	0	True	0	4	True	mat	9	1	mat	0.23377574980258942	0.0	0.009999999776482582	[4430.0, 4431.0]	[1.75, 2.0]
disabled	relations	final	0	True	1	4	True	rug	9	1	rug	0.2722730338573456	0.0	0.009999999776482582	[4431.0, 4432.0]	[1.75, 2.0]
disabled	relations	final	0	True	2	4	True	than	9	1	than	0.47696158289909363	0.8714286088943481	0.009999999776482582	[4433.0, 4434.0]	[1.600000023841858, 1.7999999523162842]
disabled	relations	final	0	True	3	4	True	than	9	1	than	0.47696158289909363	0.8714284896850586	0.009999999776482582	[4433.0, 4434.0]	[1.600000023841858, 1.7999999523162842]
disabled	relations	final	0	True	0	5	False		0	0		0.0	0.0	0.0		
disabled	relations	final	0	True	1	5	False		0	0		0.0	0.0	0.0		
disabled	relations	final	0	True	2	5	True	y	6	1	y	0.5354549288749695	0.0	0.009999999776482582	[4422.0, 4423.0]	[1.7999999523162842, 2.0]
disabled	relations	final	0	True	3	5	True	x	6	1	x	0.5258162021636963	0.0	0.009999999776482582	[4420.0, 4421.0]	[1.7999999523162842, 2.0]
disabled	relations_asked_parts	initial	0	True	0	1	True	cat	9	1	cat	0.12644201517105103	4.486140251159668	0.009999999776482582	[4416.0, 4417.0]	[1.0, 1.25]
disabled	relations_asked_parts	initial	0	True	1	1	True	dog	9	1	dog	0.12120872735977173	4.711140155792236	0.009999999776482582	[4419.0, 4420.0]	[1.0, 1.25]
disabled	relations_asked_parts	initial	0	True	2	1	True	x	6	1	x	0.5258162617683411	8.150959968566895	0.009999999776482582	[4420.0, 4421.0]	[1.0, 1.2000000476837158]
disabled	relations_asked_parts	initial	0	True	3	1	True	y	6	1	y	0.5354549884796143	8.150959968566895	0.009999999776482582	[4422.0, 4423.0]	[1.0, 1.2000000476837158]
disabled	relations_asked_parts	initial	0	True	0	2	True	is	8	1	is	1.083325743675232	2.5069446563720703	0.009999999776482582	[4417.0, 4418.0]	[1.25, 1.5]
disabled	relations_asked_parts	initial	0	True	1	2	True	is	8	1	is	1.083325743675232	2.7319445610046387	0.009999999776482582	[4417.0, 4418.0]	[1.25, 1.5]
disabled	relations_asked_parts	initial	0	True	2	2	True	is	8	1	is	1.083325743675232	6.171764373779297	0.009999999776482582	[4417.0, 4418.0]	[1.2000000476837158, 1.399999976158142]
disabled	relations_asked_parts	initial	0	True	3	2	True	is	8	1	is	1.083325743675232	6.171764373779297	0.009999999776482582	[4417.0, 4418.0]	[1.2000000476837158, 1.399999976158142]
disabled	relations_asked_parts	initial	0	True	0	3	True	on	8	1	on	0.5218065977096558	1.3625000715255737	0.009999999776482582	[4429.0, 4430.0]	[1.5, 1.75]
disabled	relations_asked_parts	initial	0	True	1	3	True	on	8	1	on	0.5218065977096558	1.587499976158142	0.009999999776482582	[4429.0, 4430.0]	[1.5, 1.75]
disabled	relations_asked_parts	initial	0	True	2	3	True	bigger	9	1	bigger	0.44532492756843567	3.6482348442077637	0.009999999776482582	[4432.0, 4433.0]	[1.399999976158142, 1.600000023841858]
disabled	relations_asked_parts	initial	0	True	3	3	True	bigger	9	1	bigger	0.44532492756843567	3.6482346057891846	0.009999999776482582	[4432.0, 4433.0]	[1.399999976158142, 1.600000023841858]
disabled	relations_asked_parts	initial	0	True	0	4	True	mat	9	1	mat	0.23377574980258942	0.0	0.009999999776482582	[4430.0, 4431.0]	[1.75, 2.0]
disabled	relations_asked_parts	initial	0	True	1	4	True	rug	9	1	rug	0.2722730338573456	0.0	0.009999999776482582	[4431.0, 4432.0]	[1.75, 2.0]
disabled	relations_asked_parts	initial	0	True	2	4	True	than	9	1	than	0.47696158289909363	0.8714286088943481	0.009999999776482582	[4433.0, 4434.0]	[1.600000023841858, 1.7999999523162842]
disabled	relations_asked_parts	initial	0	True	3	4	True	than	9	1	than	0.47696158289909363	0.8714284896850586	0.009999999776482582	[4433.0, 4434.0]	[1.600000023841858, 1.7999999523162842]
disabled	relations_asked_parts	initial	0	True	0	5	False		0	0		0.0	0.0	0.0		
disabled	relations_asked_parts	initial	0	True	1	5	False		0	0		0.0	0.0	0.0		
disabled	relations_asked_parts	initial	0	True	2	5	True	y	6	1	y	0.5354549288749695	0.0	0.009999999776482582	[4422.0, 4423.0]	[1.7999999523162842, 2.0]
disabled	relations_asked_parts	initial	0	True	3	5	True	x	6	1	x	0.5258162021636963	0.0	0.009999999776482582	[4420.0, 4421.0]	[1.7999999523162842, 2.0]
disabled	relations_asked_parts	final	0	True	0	1	True	cat	9	1	cat	0.11333411931991577	4.551845073699951	0.009999999776482582	[4416.0, 4417.0]	[1.0, 1.25]
disabled	relations_asked_parts	final	0	True	1	1	True	dog	9	1	dog	0.10967397689819336	4.796289443969727	0.009999999776482582	[4419.0, 4420.0]	[1.0, 1.25]
disabled	relations_asked_parts	final	0	True	2	1	True	x	6	1	x	0.4551665186882019	8.194096565246582	0.009999999776482582	[4420.0, 4421.0]	[1.0, 1.2000000476837158]
disabled	relations_asked_parts	final	0	True	3	1	True	y	6	1	y	0.46212655305862427	8.194096565246582	0.009999999776482582	[4422.0, 4423.0]	[1.0, 1.2000000476837158]
disabled	relations_asked_parts	final	0	True	0	2	True	is	8	1	is	0.9529696106910706	2.5726497173309326	0.009999999776482582	[4417.0, 4418.0]	[1.25, 1.5]
disabled	relations_asked_parts	final	0	True	1	2	True	is	8	1	is	0.9529696106910706	2.817094326019287	0.009999999776482582	[4417.0, 4418.0]	[1.25, 1.5]
disabled	relations_asked_parts	final	0	True	2	2	True	is	8	1	is	0.9529696106910706	6.214901447296143	0.009999999776482582	[4417.0, 4418.0]	[1.2000000476837158, 1.399999976158142]
disabled	relations_asked_parts	final	0	True	3	2	True	is	8	1	is	0.9529696106910706	6.214901447296143	0.009999999776482582	[4417.0, 4418.0]	[1.2000000476837158, 1.399999976158142]
disabled	relations_asked_parts	final	0	True	0	3	True	on	8	1	on	0.5238272547721863	1.4111112356185913	0.009999999776482582	[4429.0, 4430.0]	[1.5, 1.75]
disabled	relations_asked_parts	final	0	True	1	3	True	on	8	1	on	0.5238272547721863	1.6555557250976562	0.009999999776482582	[4429.0, 4430.0]	[1.5, 1.75]
disabled	relations_asked_parts	final	0	True	2	3	True	bigger	9	1	bigger	0.45152613520622253	3.6768062114715576	0.009999999776482582	[4432.0, 4433.0]	[1.399999976158142, 1.600000023841858]
disabled	relations_asked_parts	final	0	True	3	3	True	bigger	9	1	bigger	0.45152613520622253	3.6768062114715576	0.009999999776482582	[4432.0, 4433.0]	[1.399999976158142, 1.600000023841858]
disabled	relations_asked_parts	final	0	True	0	4	True	mat	9	1	mat	0.24477000534534454	0.0	0.009999999776482582	[4430.0, 4431.0]	[1.75, 2.0]
disabled	relations_asked_parts	final	0	True	1	4	True	rug	9	1	rug	0.287053644657135	0.0	0.009999999776482582	[4431.0, 4432.0]	[1.75, 2.0]
disabled	relations_asked_parts	final	0	True	2	4	True	than	9	1	than	0.4813690781593323	0.9000000357627869	0.009999999776482582	[4433.0, 4434.0]	[1.600000023841858, 1.7999999523162842]
disabled	relations_asked_parts	final	0	True	3	4	True	than	9	1	than	0.4813690781593323	0.9000000953674316	0.009999999776482582	[4433.0, 4434.0]	[1.600000023841858, 1.7999999523162842]
disabled	relations_asked_parts	final	0	True	0	5	False		0	0		0.0	0.0	0.0		
disabled	relations_asked_parts	final	0	True	1	5	False		0	0		0.0	0.0	0.0		
disabled	relations_asked_parts	final	0	True	2	5	True	y	6	1	y	0.4621264338493347	0.0	0.009999999776482582	[4422.0, 4423.0]	[1.7999999523162842, 2.0]
disabled	relations_asked_parts	final	0	True	3	5	True	x	6	1	x	0.4551665186882019	0.0	0.009999999776482582	[4420.0, 4421.0]	[1.7999999523162842, 2.0]
disabled	relations_supplied_answer	initial	0	True	0	1	True	cat	9	1	cat	0.11333411931991577	4.551845073699951	0.009999999776482582	[4416.0, 4417.0]	[1.0, 1.25]
disabled	relations_supplied_answer	initial	0	True	1	1	True	dog	9	1	dog	0.10967397689819336	4.796289443969727	0.009999999776482582	[4419.0, 4420.0]	[1.0, 1.25]
disabled	relations_supplied_answer	initial	0	True	2	1	True	x	6	1	x	0.4551665186882019	8.194096565246582	0.009999999776482582	[4420.0, 4421.0]	[1.0, 1.2000000476837158]
disabled	relations_supplied_answer	initial	0	True	3	1	True	y	6	1	y	0.46212655305862427	8.194096565246582	0.009999999776482582	[4422.0, 4423.0]	[1.0, 1.2000000476837158]
disabled	relations_supplied_answer	initial	0	True	0	2	True	is	8	1	is	0.9529696106910706	2.5726497173309326	0.009999999776482582	[4417.0, 4418.0]	[1.25, 1.5]
disabled	relations_supplied_answer	initial	0	True	1	2	True	is	8	1	is	0.9529696106910706	2.817094326019287	0.009999999776482582	[4417.0, 4418.0]	[1.25, 1.5]
disabled	relations_supplied_answer	initial	0	True	2	2	True	is	8	1	is	0.9529696106910706	6.214901447296143	0.009999999776482582	[4417.0, 4418.0]	[1.2000000476837158, 1.399999976158142]
disabled	relations_supplied_answer	initial	0	True	3	2	True	is	8	1	is	0.9529696106910706	6.214901447296143	0.009999999776482582	[4417.0, 4418.0]	[1.2000000476837158, 1.399999976158142]
disabled	relations_supplied_answer	initial	0	True	0	3	True	on	8	1	on	0.5238272547721863	1.4111112356185913	0.009999999776482582	[4429.0, 4430.0]	[1.5, 1.75]
disabled	relations_supplied_answer	initial	0	True	1	3	True	on	8	1	on	0.5238272547721863	1.6555557250976562	0.009999999776482582	[4429.0, 4430.0]	[1.5, 1.75]
disabled	relations_supplied_answer	initial	0	True	2	3	True	bigger	9	1	bigger	0.45152613520622253	3.6768062114715576	0.009999999776482582	[4432.0, 4433.0]	[1.399999976158142, 1.600000023841858]
disabled	relations_supplied_answer	initial	0	True	3	3	True	bigger	9	1	bigger	0.45152613520622253	3.6768062114715576	0.009999999776482582	[4432.0, 4433.0]	[1.399999976158142, 1.600000023841858]
disabled	relations_supplied_answer	initial	0	True	0	4	True	mat	9	1	mat	0.24477000534534454	0.0	0.009999999776482582	[4430.0, 4431.0]	[1.75, 2.0]
disabled	relations_supplied_answer	initial	0	True	1	4	True	rug	9	1	rug	0.287053644657135	0.0	0.009999999776482582	[4431.0, 4432.0]	[1.75, 2.0]
disabled	relations_supplied_answer	initial	0	True	2	4	True	than	9	1	than	0.4813690781593323	0.9000000357627869	0.009999999776482582	[4433.0, 4434.0]	[1.600000023841858, 1.7999999523162842]
disabled	relations_supplied_answer	initial	0	True	3	4	True	than	9	1	than	0.4813690781593323	0.9000000953674316	0.009999999776482582	[4433.0, 4434.0]	[1.600000023841858, 1.7999999523162842]
disabled	relations_supplied_answer	initial	0	True	0	5	False		0	0		0.0	0.0	0.0		
disabled	relations_supplied_answer	initial	0	True	1	5	False		0	0		0.0	0.0	0.0		
disabled	relations_supplied_answer	initial	0	True	2	5	True	y	6	1	y	0.4621264338493347	0.0	0.009999999776482582	[4422.0, 4423.0]	[1.7999999523162842, 2.0]
disabled	relations_supplied_answer	initial	0	True	3	5	True	x	6	1	x	0.4551665186882019	0.0	0.009999999776482582	[4420.0, 4421.0]	[1.7999999523162842, 2.0]
disabled	relations_supplied_answer	final	0	True	0	1	True	cat	9	1	cat	0.10308760404586792	4.551845073699951	0.009999999776482582	[4416.0, 4417.0]	[1.0, 1.25]
disabled	relations_supplied_answer	final	0	True	1	1	True	dog	9	1	dog	0.10066527128219604	4.796289443969727	0.009999999776482582	[4419.0, 4420.0]	[1.0, 1.25]
disabled	relations_supplied_answer	final	0	True	2	1	True	x	6	1	x	0.3925315737724304	8.194096565246582	0.009999999776482582	[4420.0, 4421.0]	[1.0, 1.2000000476837158]
disabled	relations_supplied_answer	final	0	True	3	1	True	y	6	1	y	0.394279420375824	8.194096565246582	0.009999999776482582	[4422.0, 4423.0]	[1.0, 1.2000000476837158]
disabled	relations_supplied_answer	final	0	True	0	2	True	is	8	1	is	0.8549845218658447	2.5726497173309326	0.009999999776482582	[4417.0, 4418.0]	[1.25, 1.5]
disabled	relations_supplied_answer	final	0	True	1	2	True	is	8	1	is	0.8549845218658447	2.817094326019287	0.009999999776482582	[4417.0, 4418.0]	[1.25, 1.5]
disabled	relations_supplied_answer	final	0	True	2	2	True	is	8	1	is	0.8549845218658447	6.214901447296143	0.009999999776482582	[4417.0, 4418.0]	[1.2000000476837158, 1.399999976158142]
disabled	relations_supplied_answer	final	0	True	3	2	True	is	8	1	is	0.8549845218658447	6.214901447296143	0.009999999776482582	[4417.0, 4418.0]	[1.2000000476837158, 1.399999976158142]
disabled	relations_supplied_answer	final	0	True	0	3	True	on	8	1	on	0.5213541984558105	1.4111112356185913	0.009999999776482582	[4429.0, 4430.0]	[1.5, 1.75]
disabled	relations_supplied_answer	final	0	True	1	3	True	on	8	1	on	0.5213541984558105	1.6555557250976562	0.009999999776482582	[4429.0, 4430.0]	[1.5, 1.75]
disabled	relations_supplied_answer	final	0	True	2	3	True	bigger	9	1	bigger	0.4669947326183319	3.6768062114715576	0.009999999776482582	[4432.0, 4433.0]	[1.399999976158142, 1.600000023841858]
disabled	relations_supplied_answer	final	0	True	3	3	True	bigger	9	1	bigger	0.4669947326183319	3.6768062114715576	0.009999999776482582	[4432.0, 4433.0]	[1.399999976158142, 1.600000023841858]
disabled	relations_supplied_answer	final	0	True	0	4	True	mat	9	1	mat	0.24717217683792114	0.0	0.009999999776482582	[4430.0, 4431.0]	[1.75, 2.0]
disabled	relations_supplied_answer	final	0	True	1	4	True	rug	9	1	rug	0.28981268405914307	0.0	0.009999999776482582	[4431.0, 4432.0]	[1.75, 2.0]
disabled	relations_supplied_answer	final	0	True	2	4	True	than	9	1	than	0.485450804233551	0.9000000357627869	0.009999999776482582	[4433.0, 4434.0]	[1.600000023841858, 1.7999999523162842]
disabled	relations_supplied_answer	final	0	True	3	4	True	than	9	1	than	0.485450804233551	0.9000000953674316	0.009999999776482582	[4433.0, 4434.0]	[1.600000023841858, 1.7999999523162842]
disabled	relations_supplied_answer	final	0	True	0	5	False		0	0		0.0	0.0	0.0		
disabled	relations_supplied_answer	final	0	True	1	5	False		0	0		0.0	0.0	0.0		
disabled	relations_supplied_answer	final	0	True	2	5	True	y	6	1	y	0.3942793011665344	0.0	0.009999999776482582	[4422.0, 4423.0]	[1.7999999523162842, 2.0]
disabled	relations_supplied_answer	final	0	True	3	5	True	x	6	1	x	0.3925315737724304	0.0	0.009999999776482582	[4420.0, 4421.0]	[1.7999999523162842, 2.0]
enabled	identity_permanence	first	0	True	0	1	True	luma	9	1	luma	0.41128215193748474	0.0	0.009999999776482582	[4398.0, 4399.0]	[1.0, 2.0]
enabled	identity_permanence	first	0	True	1	1	True	nemi	9	1	nemi	0.40722447633743286	0.0	0.009999999776482582	[4399.0, 4400.0]	[1.0, 2.0]
enabled	identity_permanence	first	0	True	2	1	True	tavo	9	1	tavo	0.4628382921218872	0.0	0.009999999776482582	[4400.0, 4401.0]	[1.0, 2.0]
enabled	identity_permanence	first	0	True	3	1	True	suri	9	1	suri	0.41248589754104614	0.0	0.009999999776482582	[4401.0, 4402.0]	[1.0, 2.0]
enabled	identity_permanence	repeat	0	True	0	1	True	luma	9	1	luma	0.41128215193748474	0.0	0.009999999776482582	[4398.0, 4399.0]	[1.0, 2.0]
enabled	identity_permanence	repeat	0	True	1	1	True	nemi	9	1	nemi	0.40722447633743286	0.0	0.009999999776482582	[4399.0, 4400.0]	[1.0, 2.0]
enabled	identity_permanence	repeat	0	True	2	1	True	tavo	9	1	tavo	0.4628382921218872	0.0	0.009999999776482582	[4400.0, 4401.0]	[1.0, 2.0]
enabled	identity_permanence	repeat	0	True	3	1	True	suri	9	1	suri	0.41248589754104614	0.0	0.009999999776482582	[4401.0, 4402.0]	[1.0, 2.0]
enabled	identity_permanence	interruption	0	True	0	1	True	pako	9	1	pako	0.3520685136318207	0.0	0.009999999776482582	[4402.0, 4403.0]	[1.0, 2.0]
enabled	identity_permanence	interruption	0	True	1	1	True	feni	9	1	feni	0.4177253246307373	0.0	0.009999999776482582	[4403.0, 4404.0]	[1.0, 2.0]
enabled	identity_permanence	interruption	0	True	2	1	True	balo	9	1	balo	0.4149268567562103	0.0	0.009999999776482582	[4404.0, 4405.0]	[1.0, 2.0]
enabled	identity_permanence	interruption	0	True	3	1	True	runi	9	1	runi	0.34095045924186707	0.0	0.009999999776482582	[4405.0, 4406.0]	[1.0, 2.0]
enabled	identity_permanence	after_gap	0	True	0	1	True	luma	9	1	luma	0.41128215193748474	0.0	0.009999999776482582	[4398.0, 4399.0]	[1.0, 2.0]
enabled	identity_permanence	after_gap	0	True	1	1	True	nemi	9	1	nemi	0.40722447633743286	0.0	0.009999999776482582	[4399.0, 4400.0]	[1.0, 2.0]
enabled	identity_permanence	after_gap	0	True	2	1	True	tavo	9	1	tavo	0.4628382921218872	0.0	0.009999999776482582	[4400.0, 4401.0]	[1.0, 2.0]
enabled	identity_permanence	after_gap	0	True	3	1	True	suri	9	1	suri	0.41248589754104614	0.0	0.009999999776482582	[4401.0, 4402.0]	[1.0, 2.0]
enabled	identifying_words	known	0	True	0	1	True	luma	9	1	luma	0.41128215193748474	0.0	0.009999999776482582	[4398.0, 4399.0]	[1.0, 2.0]
enabled	identifying_words	known	0	True	1	1	True	nemi	9	1	nemi	0.40722447633743286	0.0	0.009999999776482582	[4399.0, 4400.0]	[1.0, 2.0]
enabled	identifying_words	known	0	True	2	1	True	tavo	9	1	tavo	0.4628382921218872	0.0	0.009999999776482582	[4400.0, 4401.0]	[1.0, 2.0]
enabled	identifying_words	known	0	True	3	1	True	suri	9	1	suri	0.41248589754104614	0.0	0.009999999776482582	[4401.0, 4402.0]	[1.0, 2.0]
enabled	identifying_words	novel_first	0	True	0	1	True	dax	9	1	dax	0.33764660358428955	0.0	0.009999999776482582	[4406.0, 4407.0]	[1.0, 2.0]
enabled	identifying_words	novel_first	0	True	1	1	True	wug	9	1	wug	0.33743008971214294	0.0	0.009999999776482582	[4407.0, 4408.0]	[1.0, 2.0]
enabled	identifying_words	novel_first	0	True	2	1	True	nep	9	1	nep	0.33707982301712036	0.0	0.009999999776482582	[4408.0, 4409.0]	[1.0, 2.0]
enabled	identifying_words	novel_first	0	True	3	1	True	zot	9	1	zot	0.3168785870075226	0.0	0.009999999776482582	[4409.0, 4410.0]	[1.0, 2.0]
enabled	identifying_words	novel_second	0	True	0	1	True	dax	9	1	dax	0.33764660358428955	0.0	0.009999999776482582	[4406.0, 4407.0]	[1.0, 2.0]
enabled	identifying_words	novel_second	0	True	1	1	True	wug	9	1	wug	0.33743008971214294	0.0	0.009999999776482582	[4407.0, 4408.0]	[1.0, 2.0]
enabled	identifying_words	novel_second	0	True	2	1	True	nep	9	1	nep	0.33707982301712036	0.0	0.009999999776482582	[4408.0, 4409.0]	[1.0, 2.0]
enabled	identifying_words	novel_second	0	True	3	1	True	zot	9	1	zot	0.3168785870075226	0.0	0.009999999776482582	[4409.0, 4410.0]	[1.0, 2.0]
enabled	reading_two	initial	0	True	0	1	True	red	9	1	<unresolved>	24.582748413085938	2.536672353744507	0.009999999776482582	[4410.0, 4411.0]	[1.0, 1.5]
enabled	reading_two	initial	0	True	1	1	True	blue	9	1	<unresolved>	25.366724014282227	2.4582748413085938	0.009999999776482582	[4411.0, 4412.0]	[1.0, 1.5]
enabled	reading_two	initial	0	True	2	1	True	green	9	1	<unresolved>	29.04973602294922	2.7514913082122803	0.009999999776482582	[4412.0, 4413.0]	[1.0, 1.5]
enabled	reading_two	initial	0	True	3	1	True	gold	9	1	<unresolved>	27.514911651611328	2.9049737453460693	0.009999999776482582	[4413.0, 4414.0]	[1.0, 1.5]
enabled	reading_two	initial	0	True	0	2	True	blue	9	1	<unresolved>	25.366724014282227	0.0	0.009999999776482582	[4411.0, 4412.0]	[1.5, 2.0]
enabled	reading_two	initial	0	True	1	2	True	red	9	1	<unresolved>	24.582748413085938	0.0	0.009999999776482582	[4410.0, 4411.0]	[1.5, 2.0]
enabled	reading_two	initial	0	True	2	2	True	gold	9	1	<unresolved>	27.514911651611328	0.0	0.009999999776482582	[4413.0, 4414.0]	[1.5, 2.0]
enabled	reading_two	initial	0	True	3	2	True	green	9	1	<unresolved>	29.04973602294922	0.0	0.009999999776482582	[4412.0, 4413.0]	[1.5, 2.0]
enabled	reading_two	final	0	True	0	1	True	red	9	1	red	0.16229720413684845	1.845454454421997	0.009999999776482582	[4410.0, 4411.0]	[1.0, 1.5]
enabled	reading_two	final	0	True	1	1	True	blue	9	1	blue	0.17520427703857422	1.4888889789581299	0.009999999776482582	[4411.0, 4412.0]	[1.0, 1.5]
enabled	reading_two	final	0	True	2	1	True	green	9	1	green	0.16701635718345642	1.836363673210144	0.009999999776482582	[4412.0, 4413.0]	[1.0, 1.5]
enabled	reading_two	final	0	True	3	1	True	gold	9	1	green	16.53818702697754	2.307692289352417	0.009999999776482582	[4413.0, 4414.0]	[1.0, 1.5]
enabled	reading_two	final	0	True	0	2	True	blue	9	1	blue	0.17520427703857422	0.0	0.009999999776482582	[4411.0, 4412.0]	[1.5, 2.0]
enabled	reading_two	final	0	True	1	2	True	red	9	1	red	0.16229720413684845	0.0	0.009999999776482582	[4410.0, 4411.0]	[1.5, 2.0]
enabled	reading_two	final	0	True	2	2	True	gold	9	1	gold	0.2339956909418106	0.0	0.009999999776482582	[4413.0, 4414.0]	[1.5, 2.0]
enabled	reading_two	final	0	True	3	2	True	green	9	1	green	0.16701635718345642	0.0	0.009999999776482582	[4412.0, 4413.0]	[1.5, 2.0]
enabled	reading_four	initial	0	True	0	1	True	red	9	1	red	0.16229720413684845	5.989510536193848	0.009999999776482582	[4410.0, 4411.0]	[1.0, 1.25]
enabled	reading_four	initial	0	True	1	1	True	gold	9	1	gold	0.2339956909418106	5.642035484313965	0.009999999776482582	[4413.0, 4414.0]	[1.0, 1.25]
enabled	reading_four	initial	0	True	2	1	True	blue	9	1	green	25.45846939086914	5.6329450607299805	0.009999999776482582	[4411.0, 4412.0]	[1.0, 1.25]
enabled	reading_four	initial	0	True	3	1	True	green	9	1	green	0.16701635718345642	5.170706748962402	0.009999999776482582	[4412.0, 4413.0]	[1.0, 1.25]
enabled	reading_four	initial	0	True	0	2	True	blue	9	1	blue	0.17520427703857422	4.1440558433532715	0.009999999776482582	[4411.0, 4412.0]	[1.25, 1.5]
enabled	reading_four	initial	0	True	1	2	True	green	9	1	green	0.16701635718345642	3.334343433380127	0.009999999776482582	[4412.0, 4413.0]	[1.25, 1.5]
enabled	reading_four	initial	0	True	2	2	True	gold	9	1	gold	0.2339956909418106	3.796581268310547	0.009999999776482582	[4413.0, 4414.0]	[1.25, 1.5]
enabled	reading_four	initial	0	True	3	2	True	red	9	1	red	0.16229720413684845	3.6818180084228516	0.009999999776482582	[4410.0, 4411.0]	[1.25, 1.5]
enabled	reading_four	initial	0	True	0	3	True	green	9	1	green	0.16701635718345642	1.836363673210144	0.009999999776482582	[4412.0, 4413.0]	[1.5, 1.75]
enabled	reading_four	initial	0	True	1	3	True	blue	9	1	blue	0.17520427703857422	1.4888889789581299	0.009999999776482582	[4411.0, 4412.0]	[1.5, 1.75]
enabled	reading_four	initial	0	True	2	3	True	red	9	1	red	0.16229720413684845	2.307692289352417	0.009999999776482582	[4410.0, 4411.0]	[1.5, 1.75]
enabled	reading_four	initial	0	True	3	3	True	gold	9	1	gold	0.2339956909418106	1.845454454421997	0.009999999776482582	[4413.0, 4414.0]	[1.5, 1.75]
enabled	reading_four	initial	0	True	0	4	True	gold	9	1	gold	0.2339956909418106	0.0	0.009999999776482582	[4413.0, 4414.0]	[1.75, 2.0]
enabled	reading_four	initial	0	True	1	4	True	red	9	1	red	0.16229720413684845	0.0	0.009999999776482582	[4410.0, 4411.0]	[1.75, 2.0]
enabled	reading_four	initial	0	True	2	4	True	green	9	1	green	0.16701635718345642	0.0	0.009999999776482582	[4412.0, 4413.0]	[1.75, 2.0]
enabled	reading_four	initial	0	True	3	4	True	blue	9	1	blue	0.17520427703857422	0.0	0.009999999776482582	[4411.0, 4412.0]	[1.75, 2.0]
enabled	reading_four	final	0	True	0	1	True	red	9	1	red	0.12055099010467529	8.193137168884277	0.009999999776482582	[4410.0, 4411.0]	[1.0, 1.25]
enabled	reading_four	final	0	True	1	1	True	gold	9	1	red	37.56755065917969	6.748312950134277	0.009999999776482582	[4413.0, 4414.0]	[1.0, 1.25]
enabled	reading_four	final	0	True	2	1	True	blue	9	1	blue	0.2146504670381546	6.963131904602051	0.009999999776482582	[4411.0, 4412.0]	[1.0, 1.25]
enabled	reading_four	final	0	True	3	1	True	green	9	1	green	0.18757164478302002	6.594830513000488	0.009999999776482582	[4412.0, 4413.0]	[1.0, 1.25]
enabled	reading_four	final	0	True	0	2	True	green	9	1	green	0.18757164478302002	5.288163661956787	0.009999999776482582	[4412.0, 4413.0]	[1.5, 1.75]
enabled	reading_four	final	0	True	1	2	True	green	9	1	green	0.18757164478302002	3.843338966369629	0.009999999776482582	[4412.0, 4413.0]	[1.25, 1.5]
enabled	reading_four	final	0	True	2	2	True	red	9	1	red	0.12055099010467529	5.65646505355835	0.009999999776482582	[4410.0, 4411.0]	[1.5, 1.75]
enabled	reading_four	final	0	True	3	2	True	red	9	1	red	0.12055099010467529	5.288163661956787	0.009999999776482582	[4410.0, 4411.0]	[1.25, 1.5]
enabled	reading_four	final	0	True	0	3	True	blue	9	1	blue	0.2146504670381546	2.7514913082122803	0.009999999776482582	[4411.0, 4412.0]	[1.25, 1.5]
enabled	reading_four	final	0	True	1	3	True	blue	9	1	blue	0.2146504670381546	1.306666612625122	0.009999999776482582	[4411.0, 4412.0]	[1.5, 1.75]
enabled	reading_four	final	0	True	2	3	True	gold	9	1	gold	0.3471735715866089	2.9049737453460693	0.009999999776482582	[4413.0, 4414.0]	[1.25, 1.5]
enabled	reading_four	final	0	True	3	3	True	gold	9	1	gold	0.3471735715866089	2.536672353744507	0.009999999776482582	[4413.0, 4414.0]	[1.5, 1.75]
enabled	reading_four	final	0	True	0	4	True	gold	9	1	gold	0.3471735715866089	0.0	0.009999999776482582	[4413.0, 4414.0]	[1.75, 2.0]
enabled	reading_four	final	0	True	1	4	True	red	9	1	red	0.12055099010467529	0.0	0.009999999776482582	[4410.0, 4411.0]	[1.75, 2.0]
enabled	reading_four	final	0	True	2	4	True	green	9	1	green	0.18757164478302002	0.0	0.009999999776482582	[4412.0, 4413.0]	[1.75, 2.0]
enabled	reading_four	final	0	True	3	4	True	blue	9	1	blue	0.2146504670381546	0.0	0.009999999776482582	[4411.0, 4412.0]	[1.75, 2.0]
enabled	identities	initial	0	True	0	1	True	cat	9	1	gold	30.411273956298828	5.866160869598389	0.009999999776482582	[4414.0, 4415.0]	[1.0, 1.3333333730697632]
enabled	identities	initial	0	True	1	1	True	dog	9	1	red	35.68248748779297	5.866160869598389	0.009999999776482582	[4417.0, 4418.0]	[1.0, 1.3333333730697632]
enabled	identities	initial	0	True	2	1	True	x	6	1	green	30.0435733795166	4.808102130889893	0.009999999776482582	[4418.0, 4419.0]	[1.0, 1.3333333730697632]
enabled	identities	initial	0	True	3	1	True	y	6	1	blue	23.587188720703125	4.6591644287109375	0.009999999776482582	[4420.0, 4421.0]	[1.0, 1.3333333730697632]
enabled	identities	initial	0	True	0	2	True	is	8	1	is	0.7827602624893188	3.886965274810791	0.009999999776482582	[4415.0, 4416.0]	[1.3333333730697632, 1.6666667461395264]
enabled	identities	initial	0	True	1	2	True	is	8	1	is	0.7827602624893188	3.886965274810791	0.009999999776482582	[4415.0, 4416.0]	[1.3333333730697632, 1.6666667461395264]
enabled	identities	initial	0	True	2	2	True	is	8	1	is	0.7827602624893188	2.828906774520874	0.009999999776482582	[4415.0, 4416.0]	[1.3333333730697632, 1.6666667461395264]
enabled	identities	initial	0	True	3	2	True	is	8	1	is	0.7827602624893188	2.679969072341919	0.009999999776482582	[4415.0, 4416.0]	[1.3333333730697632, 1.6666667461395264]
enabled	identities	initial	0	True	0	3	True	animal	9	1	animal	0.572688102722168	0.0	0.009999999776482582	[4416.0, 4417.0]	[1.6666667461395264, 2.0]
enabled	identities	initial	0	True	1	3	True	animal	9	1	animal	0.572688102722168	0.0	0.009999999776482582	[4416.0, 4417.0]	[1.6666667461395264, 2.0]
enabled	identities	initial	0	True	2	3	True	three	9	1	green	0.41679847240448	0.0	0.009999999776482582	[4419.0, 4420.0]	[1.6666667461395264, 2.0]
enabled	identities	initial	0	True	3	3	True	four	9	1	four	0.39485490322113037	0.0	0.009999999776482582	[4421.0, 4422.0]	[1.6666667461395264, 2.0]
enabled	identities	final	0	True	0	1	True	cat	9	1	cat	0.2041684240102768	4.659195423126221	0.009999999776482582	[4414.0, 4415.0]	[1.0, 1.3333333730697632]
enabled	identities	final	0	True	1	1	True	dog	9	1	dog	0.2092280387878418	4.659195423126221	0.009999999776482582	[4417.0, 4418.0]	[1.0, 1.3333333730697632]
enabled	identities	final	0	True	2	1	True	is	8	1	is	0.39317262172698975	3.075000047683716	0.009999999776482582	[4415.0, 4416.0]	[1.3333333730697632, 1.6666667461395264]
enabled	identities	final	0	True	3	1	True	is	8	1	is	0.39317262172698975	2.575000047683716	0.009999999776482582	[4415.0, 4416.0]	[1.3333333730697632, 1.6666667461395264]
enabled	identities	final	0	True	0	2	True	is	8	1	is	0.39317262172698975	2.680000066757202	0.009999999776482582	[4415.0, 4416.0]	[1.3333333730697632, 1.6666667461395264]
enabled	identities	final	0	True	1	2	True	is	8	1	is	0.39317262172698975	2.680000066757202	0.009999999776482582	[4415.0, 4416.0]	[1.3333333730697632, 1.6666667461395264]
enabled	identities	final	0	True	2	2	True	three	9	1	three	0.31315115094184875	0.925000011920929	0.009999999776482582	[4419.0, 4420.0]	[1.6666667461395264, 2.0]
enabled	identities	final	0	True	3	2	True	four	9	1	four	0.24085934460163116	0.925000011920929	0.009999999776482582	[4421.0, 4422.0]	[1.6666667461395264, 2.0]
enabled	identities	final	0	True	0	3	True	animal	9	1	animal	0.3879871964454651	0.0	0.009999999776482582	[4416.0, 4417.0]	[1.6666667461395264, 2.0]
enabled	identities	final	0	True	1	3	True	animal	9	1	animal	0.3879871964454651	0.0	0.009999999776482582	[4416.0, 4417.0]	[1.6666667461395264, 2.0]
enabled	identities	final	0	True	2	3	True	x	6	1	x	6.03243350982666	0.0	0.009999999776482582	[4418.0, 4419.0]	[1.0, 1.3333333730697632]
enabled	identities	final	0	True	3	3	True	y	6	1	y	6.217710494995117	0.0	0.009999999776482582	[4420.0, 4421.0]	[1.0, 1.3333333730697632]
enabled	noun_phrase	initial	0	True	0	1	True	the	9	1	animal	44.135780334472656	3.9417736530303955	0.009999999776482582	[4422.0, 4423.0]	[1.0, 1.3333333730697632]
enabled	noun_phrase	initial	0	True	1	1	True	the	9	1	animal	44.135780334472656	4.579242706298828	0.009999999776482582	[4422.0, 4423.0]	[1.0, 1.3333333730697632]
enabled	noun_phrase	initial	0	True	2	1	True	the	9	1	the	0.38694989681243896	5.540081024169922	0.009999999776482582	[4422.0, 4423.0]	[1.0, 1.3333333730697632]
enabled	noun_phrase	initial	0	True	3	1	True	the	9	1	the	0.38694989681243896	4.794061660766602	0.009999999776482582	[4422.0, 4423.0]	[1.0, 1.3333333730697632]
enabled	noun_phrase	initial	0	True	0	2	True	red	9	1	red	0.11974966526031494	2.6351070404052734	0.009999999776482582	[4410.0, 4411.0]	[1.3333333730697632, 1.6666667461395264]
enabled	noun_phrase	initial	0	True	1	2	True	blue	9	1	blue	0.2132309228181839	2.042570114135742	0.009999999776482582	[4411.0, 4412.0]	[1.3333333730697632, 1.6666667461395264]
enabled	noun_phrase	initial	0	True	2	2	True	green	9	1	green	0.18635094165802002	2.6351070404052734	0.009999999776482582	[4412.0, 4413.0]	[1.3333333730697632, 1.6666667461395264]
enabled	noun_phrase	initial	0	True	3	2	True	gold	9	1	gold	0.34482645988464355	2.042570114135742	0.009999999776482582	[4413.0, 4414.0]	[1.3333333730697632, 1.6666667461395264]
enabled	noun_phrase	initial	0	True	0	3	True	ball	9	1	ball	0.38555586338043213	0.0	0.009999999776482582	[4423.0, 4424.0]	[1.6666667461395264, 2.0]
enabled	noun_phrase	initial	0	True	1	3	True	box	9	1	is	0.2988589406013489	0.0	0.009999999776482582	[4424.0, 4425.0]	[1.6666667461395264, 2.0]
enabled	noun_phrase	initial	0	True	2	3	True	ball	9	1	ball	0.38555586338043213	0.0	0.009999999776482582	[4423.0, 4424.0]	[1.6666667461395264, 2.0]
enabled	noun_phrase	initial	0	True	3	3	True	box	9	1	is	0.2988589406013489	0.0	0.009999999776482582	[4424.0, 4425.0]	[1.6666667461395264, 2.0]
enabled	noun_phrase	final	0	True	0	1	True	the	9	1	the	0.20048284530639648	4.212820053100586	0.009999999776482582	[4422.0, 4423.0]	[1.0, 1.3333333730697632]
enabled	noun_phrase	final	0	True	1	1	True	the	9	1	the	0.1626339554786682	3.90333890914917	0.009999999776482582	[4422.0, 4423.0]	[1.0, 1.3333333730697632]
enabled	noun_phrase	final	0	True	2	1	True	the	9	1	the	0.1626339554786682	4.659519195556641	0.009999999776482582	[4422.0, 4423.0]	[1.0, 1.3333333730697632]
enabled	noun_phrase	final	0	True	3	1	True	the	9	1	the	0.20137180387973785	4.118157863616943	0.009999999776482582	[4422.0, 4423.0]	[1.0, 1.3333333730697632]
enabled	noun_phrase	final	0	True	0	2	True	red	9	1	red	0.23244068026542664	1.7545454502105713	0.009999999776482582	[4410.0, 4411.0]	[1.3333333730697632, 1.6666667461395264]
enabled	noun_phrase	final	0	True	1	2	True	blue	9	1	blue	0.21245962381362915	1.3666666746139526	0.009999999776482582	[4411.0, 4412.0]	[1.3333333730697632, 1.6666667461395264]
enabled	noun_phrase	final	0	True	2	2	True	green	9	1	green	0.1859525740146637	1.7545454502105713	0.009999999776482582	[4412.0, 4413.0]	[1.3333333730697632, 1.6666667461395264]
enabled	noun_phrase	final	0	True	3	2	True	gold	9	1	gold	0.34062641859054565	1.3666666746139526	0.009999999776482582	[4413.0, 4414.0]	[1.3333333730697632, 1.6666667461395264]
enabled	noun_phrase	final	0	True	0	3	True	ball	9	1	ball	0.23195110261440277	0.0	0.009999999776482582	[4423.0, 4424.0]	[1.6666667461395264, 2.0]
enabled	noun_phrase	final	0	True	1	3	True	box	9	1	box	0.19988250732421875	0.0	0.009999999776482582	[4424.0, 4425.0]	[1.6666667461395264, 2.0]
enabled	noun_phrase	final	0	True	2	3	True	ball	9	1	ball	0.23195110261440277	0.0	0.009999999776482582	[4423.0, 4424.0]	[1.6666667461395264, 2.0]
enabled	noun_phrase	final	0	True	3	3	True	box	9	1	box	0.19988250732421875	0.0	0.009999999776482582	[4424.0, 4425.0]	[1.6666667461395264, 2.0]
enabled	noun_phrase_asked_parts	initial	0	True	0	1	True	the	9	1	the	0.20048284530639648	4.212820053100586	0.009999999776482582	[4422.0, 4423.0]	[1.0, 1.3333333730697632]
enabled	noun_phrase_asked_parts	initial	0	True	1	1	True	the	9	1	the	0.1626339554786682	3.90333890914917	0.009999999776482582	[4422.0, 4423.0]	[1.0, 1.3333333730697632]
enabled	noun_phrase_asked_parts	initial	0	True	2	1	True	the	9	1	the	0.1626339554786682	4.659519195556641	0.009999999776482582	[4422.0, 4423.0]	[1.0, 1.3333333730697632]
enabled	noun_phrase_asked_parts	initial	0	True	3	1	True	the	9	1	the	0.20137180387973785	4.118157863616943	0.009999999776482582	[4422.0, 4423.0]	[1.0, 1.3333333730697632]
enabled	noun_phrase_asked_parts	initial	0	True	0	2	True	red	9	1	red	0.23244068026542664	1.7545454502105713	0.009999999776482582	[4410.0, 4411.0]	[1.3333333730697632, 1.6666667461395264]
enabled	noun_phrase_asked_parts	initial	0	True	1	2	True	blue	9	1	blue	0.21245962381362915	1.3666666746139526	0.009999999776482582	[4411.0, 4412.0]	[1.3333333730697632, 1.6666667461395264]
enabled	noun_phrase_asked_parts	initial	0	True	2	2	True	green	9	1	green	0.1859525740146637	1.7545454502105713	0.009999999776482582	[4412.0, 4413.0]	[1.3333333730697632, 1.6666667461395264]
enabled	noun_phrase_asked_parts	initial	0	True	3	2	True	gold	9	1	gold	0.34062641859054565	1.3666666746139526	0.009999999776482582	[4413.0, 4414.0]	[1.3333333730697632, 1.6666667461395264]
enabled	noun_phrase_asked_parts	initial	0	True	0	3	True	ball	9	1	ball	0.23195110261440277	0.0	0.009999999776482582	[4423.0, 4424.0]	[1.6666667461395264, 2.0]
enabled	noun_phrase_asked_parts	initial	0	True	1	3	True	box	9	1	box	0.19988250732421875	0.0	0.009999999776482582	[4424.0, 4425.0]	[1.6666667461395264, 2.0]
enabled	noun_phrase_asked_parts	initial	0	True	2	3	True	ball	9	1	ball	0.23195110261440277	0.0	0.009999999776482582	[4423.0, 4424.0]	[1.6666667461395264, 2.0]
enabled	noun_phrase_asked_parts	initial	0	True	3	3	True	box	9	1	box	0.19988250732421875	0.0	0.009999999776482582	[4424.0, 4425.0]	[1.6666667461395264, 2.0]
enabled	noun_phrase_asked_parts	final	0	True	0	1	True	the	9	1	the	0.1506032794713974	4.250582695007324	0.009999999776482582	[4422.0, 4423.0]	[1.0, 1.3333333730697632]
enabled	noun_phrase_asked_parts	final	0	True	1	1	True	the	9	1	the	0.1290847659111023	3.945763349533081	0.009999999776482582	[4422.0, 4423.0]	[1.0, 1.3333333730697632]
enabled	noun_phrase_asked_parts	final	0	True	2	1	True	the	9	1	the	0.2352992594242096	4.697281360626221	0.009999999776482582	[4422.0, 4423.0]	[1.0, 1.3333333730697632]
enabled	noun_phrase_asked_parts	final	0	True	3	1	True	the	9	1	the	0.19507645070552826	4.160582542419434	0.009999999776482582	[4422.0, 4423.0]	[1.0, 1.3333333730697632]
enabled	noun_phrase_asked_parts	final	0	True	0	2	True	red	9	1	red	0.23085974156856537	1.792307734489441	0.009999999776482582	[4410.0, 4411.0]	[1.3333333730697632, 1.6666667461395264]
enabled	noun_phrase_asked_parts	final	0	True	1	2	True	blue	9	1	blue	0.21157053112983704	1.4090909957885742	0.009999999776482582	[4411.0, 4412.0]	[1.3333333730697632, 1.6666667461395264]
enabled	noun_phrase_asked_parts	final	0	True	2	2	True	green	9	1	green	0.18398016691207886	1.792307734489441	0.009999999776482582	[4412.0, 4413.0]	[1.3333333730697632, 1.6666667461395264]
enabled	noun_phrase_asked_parts	final	0	True	3	2	True	gold	9	1	gold	0.33939647674560547	1.4090909957885742	0.009999999776482582	[4413.0, 4414.0]	[1.3333333730697632, 1.6666667461395264]
enabled	noun_phrase_asked_parts	final	0	True	0	3	True	ball	9	1	ball	0.23603200912475586	0.0	0.009999999776482582	[4423.0, 4424.0]	[1.6666667461395264, 2.0]
enabled	noun_phrase_asked_parts	final	0	True	1	3	True	box	9	1	box	0.2062981128692627	0.0	0.009999999776482582	[4424.0, 4425.0]	[1.6666667461395264, 2.0]
enabled	noun_phrase_asked_parts	final	0	True	2	3	True	ball	9	1	ball	0.23603200912475586	0.0	0.009999999776482582	[4423.0, 4424.0]	[1.6666667461395264, 2.0]
enabled	noun_phrase_asked_parts	final	0	True	3	3	True	box	9	1	box	0.2062981128692627	0.0	0.009999999776482582	[4424.0, 4425.0]	[1.6666667461395264, 2.0]
enabled	noun_phrase_supplied_answer	initial	0	True	0	1	True	the	9	1	the	0.1506032794713974	4.250582695007324	0.009999999776482582	[4422.0, 4423.0]	[1.0, 1.3333333730697632]
enabled	noun_phrase_supplied_answer	initial	0	True	1	1	True	the	9	1	the	0.1290847659111023	3.945763349533081	0.009999999776482582	[4422.0, 4423.0]	[1.0, 1.3333333730697632]
enabled	noun_phrase_supplied_answer	initial	0	True	2	1	True	the	9	1	the	0.2352992594242096	4.697281360626221	0.009999999776482582	[4422.0, 4423.0]	[1.0, 1.3333333730697632]
enabled	noun_phrase_supplied_answer	initial	0	True	3	1	True	the	9	1	the	0.19507645070552826	4.160582542419434	0.009999999776482582	[4422.0, 4423.0]	[1.0, 1.3333333730697632]
enabled	noun_phrase_supplied_answer	initial	0	True	0	2	True	red	9	1	red	0.23085974156856537	1.792307734489441	0.009999999776482582	[4410.0, 4411.0]	[1.3333333730697632, 1.6666667461395264]
enabled	noun_phrase_supplied_answer	initial	0	True	1	2	True	blue	9	1	blue	0.21157053112983704	1.4090909957885742	0.009999999776482582	[4411.0, 4412.0]	[1.3333333730697632, 1.6666667461395264]
enabled	noun_phrase_supplied_answer	initial	0	True	2	2	True	green	9	1	green	0.18398016691207886	1.792307734489441	0.009999999776482582	[4412.0, 4413.0]	[1.3333333730697632, 1.6666667461395264]
enabled	noun_phrase_supplied_answer	initial	0	True	3	2	True	gold	9	1	gold	0.33939647674560547	1.4090909957885742	0.009999999776482582	[4413.0, 4414.0]	[1.3333333730697632, 1.6666667461395264]
enabled	noun_phrase_supplied_answer	initial	0	True	0	3	True	ball	9	1	ball	0.23603200912475586	0.0	0.009999999776482582	[4423.0, 4424.0]	[1.6666667461395264, 2.0]
enabled	noun_phrase_supplied_answer	initial	0	True	1	3	True	box	9	1	box	0.2062981128692627	0.0	0.009999999776482582	[4424.0, 4425.0]	[1.6666667461395264, 2.0]
enabled	noun_phrase_supplied_answer	initial	0	True	2	3	True	ball	9	1	ball	0.23603200912475586	0.0	0.009999999776482582	[4423.0, 4424.0]	[1.6666667461395264, 2.0]
enabled	noun_phrase_supplied_answer	initial	0	True	3	3	True	box	9	1	box	0.2062981128692627	0.0	0.009999999776482582	[4424.0, 4425.0]	[1.6666667461395264, 2.0]
enabled	noun_phrase_supplied_answer	final	0	True	0	1	True	the	9	1	the	0.10953694581985474	4.250582695007324	0.009999999776482582	[4422.0, 4423.0]	[1.0, 1.3333333730697632]
enabled	noun_phrase_supplied_answer	final	0	True	1	1	True	the	9	1	the	0.10953694581985474	3.945763349533081	0.009999999776482582	[4422.0, 4423.0]	[1.0, 1.3333333730697632]
enabled	noun_phrase_supplied_answer	final	0	True	2	1	True	the	9	1	the	0.10953694581985474	4.697281360626221	0.009999999776482582	[4422.0, 4423.0]	[1.0, 1.3333333730697632]
enabled	noun_phrase_supplied_answer	final	0	True	3	1	True	the	9	1	the	0.10953694581985474	4.160582542419434	0.009999999776482582	[4422.0, 4423.0]	[1.0, 1.3333333730697632]
enabled	noun_phrase_supplied_answer	final	0	True	0	2	True	red	9	1	red	0.22989413142204285	1.792307734489441	0.009999999776482582	[4410.0, 4411.0]	[1.3333333730697632, 1.6666667461395264]
enabled	noun_phrase_supplied_answer	final	0	True	1	2	True	blue	9	1	blue	0.20246857404708862	1.4090909957885742	0.009999999776482582	[4411.0, 4412.0]	[1.3333333730697632, 1.6666667461395264]
enabled	noun_phrase_supplied_answer	final	0	True	2	2	True	green	9	1	green	0.182816743850708	1.792307734489441	0.009999999776482582	[4412.0, 4413.0]	[1.3333333730697632, 1.6666667461395264]
enabled	noun_phrase_supplied_answer	final	0	True	3	2	True	gold	9	1	gold	0.32591867446899414	1.4090909957885742	0.009999999776482582	[4413.0, 4414.0]	[1.3333333730697632, 1.6666667461395264]
enabled	noun_phrase_supplied_answer	final	0	True	0	3	True	ball	9	1	ball	0.2408575415611267	0.0	0.009999999776482582	[4423.0, 4424.0]	[1.6666667461395264, 2.0]
enabled	noun_phrase_supplied_answer	final	0	True	1	3	True	box	9	1	box	0.2063787579536438	0.0	0.009999999776482582	[4424.0, 4425.0]	[1.6666667461395264, 2.0]
enabled	noun_phrase_supplied_answer	final	0	True	2	3	True	ball	9	1	ball	0.2408575415611267	0.0	0.009999999776482582	[4423.0, 4424.0]	[1.6666667461395264, 2.0]
enabled	noun_phrase_supplied_answer	final	0	True	3	3	True	box	9	1	box	0.2063787579536438	0.0	0.009999999776482582	[4424.0, 4425.0]	[1.6666667461395264, 2.0]
enabled	noun_verb	initial	0	True	0	1	True	the	9	1	the	0.10953694581985474	5.340755462646484	0.009999999776482582	[4422.0, 4423.0]	[1.0, 1.3333333730697632]
enabled	noun_verb	initial	0	True	1	1	True	the	9	1	the	0.10953694581985474	4.1913604736328125	0.009999999776482582	[4422.0, 4423.0]	[1.0, 1.3333333730697632]
enabled	noun_verb	initial	0	True	2	1	True	the	9	1	the	0.10953694581985474	5.453255653381348	0.009999999776482582	[4422.0, 4423.0]	[1.0, 1.3333333730697632]
enabled	noun_verb	initial	0	True	3	1	True	the	9	1	the	0.10953694581985474	4.078860759735107	0.009999999776482582	[4422.0, 4423.0]	[1.0, 1.3333333730697632]
enabled	noun_verb	initial	0	True	0	2	True	cat	9	1	cat	0.20310375094413757	3.865755558013916	0.009999999776482582	[4414.0, 4415.0]	[1.3333333730697632, 1.6666667461395264]
enabled	noun_verb	initial	0	True	1	2	True	dog	9	1	dog	0.20813989639282227	2.60386061668396	0.009999999776482582	[4417.0, 4418.0]	[1.3333333730697632, 1.6666667461395264]
enabled	noun_verb	initial	0	True	2	2	True	dog	9	1	dog	0.20813989639282227	3.865755558013916	0.009999999776482582	[4417.0, 4418.0]	[1.3333333730697632, 1.6666667461395264]
enabled	noun_verb	initial	0	True	3	2	True	cat	9	1	cat	0.20310375094413757	2.60386061668396	0.009999999776482582	[4414.0, 4415.0]	[1.3333333730697632, 1.6666667461395264]
enabled	noun_verb	initial	0	True	0	3	True	sleeps	9	1	sleeps	0.5626458525657654	0.0	0.009999999776482582	[4425.0, 4426.0]	[1.6666667461395264, 2.0]
enabled	noun_verb	initial	0	True	1	3	True	runs	9	1	runs	0.37898197770118713	0.0	0.009999999776482582	[4426.0, 4427.0]	[1.6666667461395264, 2.0]
enabled	noun_verb	initial	0	True	2	3	True	sleeps	9	1	sleeps	0.5626458525657654	0.0	0.009999999776482582	[4425.0, 4426.0]	[1.6666667461395264, 2.0]
enabled	noun_verb	initial	0	True	3	3	True	runs	9	1	runs	0.37898197770118713	0.0	0.009999999776482582	[4426.0, 4427.0]	[1.6666667461395264, 2.0]
enabled	noun_verb	final	0	True	0	1	True	the	9	1	the	0.10685905814170837	4.055000305175781	0.009999999776482582	[4422.0, 4423.0]	[1.0, 1.3333333730697632]
enabled	noun_verb	final	0	True	1	1	True	the	9	1	the	0.10685905814170837	4.145527362823486	0.009999999776482582	[4422.0, 4423.0]	[1.0, 1.3333333730697632]
enabled	noun_verb	final	0	True	2	1	True	the	9	1	the	0.10685905814170837	4.15500020980835	0.009999999776482582	[4422.0, 4423.0]	[1.0, 1.3333333730697632]
enabled	noun_verb	final	0	True	3	1	True	the	9	1	the	0.10685905814170837	4.045527458190918	0.009999999776482582	[4422.0, 4423.0]	[1.0, 1.3333333730697632]
enabled	noun_verb	final	0	True	0	2	True	cat	9	1	cat	0.19730737805366516	2.6133334636688232	0.009999999776482582	[4414.0, 4415.0]	[1.3333333730697632, 1.6666667461395264]
enabled	noun_verb	final	0	True	1	2	True	dog	9	1	dog	0.20037272572517395	2.60386061668396	0.009999999776482582	[4417.0, 4418.0]	[1.3333333730697632, 1.6666667461395264]
enabled	noun_verb	final	0	True	2	2	True	dog	9	1	dog	0.20037272572517395	2.6133334636688232	0.009999999776482582	[4417.0, 4418.0]	[1.3333333730697632, 1.6666667461395264]
enabled	noun_verb	final	0	True	3	2	True	cat	9	1	cat	0.19730737805366516	2.60386061668396	0.009999999776482582	[4414.0, 4415.0]	[1.3333333730697632, 1.6666667461395264]
enabled	noun_verb	final	0	True	0	3	True	sleeps	9	1	sleeps	0.37914109230041504	0.0	0.009999999776482582	[4425.0, 4426.0]	[1.6666667461395264, 2.0]
enabled	noun_verb	final	0	True	1	3	True	runs	9	1	runs	0.3558799922466278	0.0	0.009999999776482582	[4426.0, 4427.0]	[1.6666667461395264, 2.0]
enabled	noun_verb	final	0	True	2	3	True	sleeps	9	1	sleeps	0.37914109230041504	0.0	0.009999999776482582	[4425.0, 4426.0]	[1.6666667461395264, 2.0]
enabled	noun_verb	final	0	True	3	3	True	runs	9	1	runs	0.3558799922466278	0.0	0.009999999776482582	[4426.0, 4427.0]	[1.6666667461395264, 2.0]
enabled	noun_verb_asked_parts	initial	0	True	0	1	True	the	9	1	the	0.10685905814170837	4.055000305175781	0.009999999776482582	[4422.0, 4423.0]	[1.0, 1.3333333730697632]
enabled	noun_verb_asked_parts	initial	0	True	1	1	True	the	9	1	the	0.10685905814170837	4.145527362823486	0.009999999776482582	[4422.0, 4423.0]	[1.0, 1.3333333730697632]
enabled	noun_verb_asked_parts	initial	0	True	2	1	True	the	9	1	the	0.10685905814170837	4.15500020980835	0.009999999776482582	[4422.0, 4423.0]	[1.0, 1.3333333730697632]
enabled	noun_verb_asked_parts	initial	0	True	3	1	True	the	9	1	the	0.10685905814170837	4.045527458190918	0.009999999776482582	[4422.0, 4423.0]	[1.0, 1.3333333730697632]
enabled	noun_verb_asked_parts	initial	0	True	0	2	True	cat	9	1	cat	0.19730737805366516	2.6133334636688232	0.009999999776482582	[4414.0, 4415.0]	[1.3333333730697632, 1.6666667461395264]
enabled	noun_verb_asked_parts	initial	0	True	1	2	True	dog	9	1	dog	0.20037272572517395	2.60386061668396	0.009999999776482582	[4417.0, 4418.0]	[1.3333333730697632, 1.6666667461395264]
enabled	noun_verb_asked_parts	initial	0	True	2	2	True	dog	9	1	dog	0.20037272572517395	2.6133334636688232	0.009999999776482582	[4417.0, 4418.0]	[1.3333333730697632, 1.6666667461395264]
enabled	noun_verb_asked_parts	initial	0	True	3	2	True	cat	9	1	cat	0.19730737805366516	2.60386061668396	0.009999999776482582	[4414.0, 4415.0]	[1.3333333730697632, 1.6666667461395264]
enabled	noun_verb_asked_parts	initial	0	True	0	3	True	sleeps	9	1	sleeps	0.37914109230041504	0.0	0.009999999776482582	[4425.0, 4426.0]	[1.6666667461395264, 2.0]
enabled	noun_verb_asked_parts	initial	0	True	1	3	True	runs	9	1	runs	0.3558799922466278	0.0	0.009999999776482582	[4426.0, 4427.0]	[1.6666667461395264, 2.0]
enabled	noun_verb_asked_parts	initial	0	True	2	3	True	sleeps	9	1	sleeps	0.37914109230041504	0.0	0.009999999776482582	[4425.0, 4426.0]	[1.6666667461395264, 2.0]
enabled	noun_verb_asked_parts	initial	0	True	3	3	True	runs	9	1	runs	0.3558799922466278	0.0	0.009999999776482582	[4426.0, 4427.0]	[1.6666667461395264, 2.0]
enabled	noun_verb_asked_parts	final	0	True	0	1	True	the	9	1	the	0.07404008507728577	4.079779624938965	0.009999999776482582	[4422.0, 4423.0]	[1.0, 1.3333333730697632]
enabled	noun_verb_asked_parts	final	0	True	1	1	True	the	9	1	the	0.07404008507728577	4.1601104736328125	0.009999999776482582	[4422.0, 4423.0]	[1.0, 1.3333333730697632]
enabled	noun_verb_asked_parts	final	0	True	2	1	True	the	9	1	the	0.07404008507728577	4.179779529571533	0.009999999776482582	[4422.0, 4423.0]	[1.0, 1.3333333730697632]
enabled	noun_verb_asked_parts	final	0	True	3	1	True	the	9	1	the	0.07404008507728577	4.060110569000244	0.009999999776482582	[4422.0, 4423.0]	[1.0, 1.3333333730697632]
enabled	noun_verb_asked_parts	final	0	True	0	2	True	cat	9	1	cat	0.20195496082305908	2.6235294342041016	0.009999999776482582	[4414.0, 4415.0]	[1.3333333730697632, 1.6666667461395264]
enabled	noun_verb_asked_parts	final	0	True	1	2	True	dog	9	1	dog	0.20178484916687012	2.60386061668396	0.009999999776482582	[4417.0, 4418.0]	[1.3333333730697632, 1.6666667461395264]
enabled	noun_verb_asked_parts	final	0	True	2	2	True	dog	9	1	dog	0.20178484916687012	2.6235294342041016	0.009999999776482582	[4417.0, 4418.0]	[1.3333333730697632, 1.6666667461395264]
enabled	noun_verb_asked_parts	final	0	True	3	2	True	cat	9	1	cat	0.20195496082305908	2.60386061668396	0.009999999776482582	[4414.0, 4415.0]	[1.3333333730697632, 1.6666667461395264]
enabled	noun_verb_asked_parts	final	0	True	0	3	True	sleeps	9	1	sleeps	0.3722276985645294	0.0	0.009999999776482582	[4425.0, 4426.0]	[1.6666667461395264, 2.0]
enabled	noun_verb_asked_parts	final	0	True	1	3	True	runs	9	1	runs	0.32090842723846436	0.0	0.009999999776482582	[4426.0, 4427.0]	[1.6666667461395264, 2.0]
enabled	noun_verb_asked_parts	final	0	True	2	3	True	sleeps	9	1	sleeps	0.3722276985645294	0.0	0.009999999776482582	[4425.0, 4426.0]	[1.6666667461395264, 2.0]
enabled	noun_verb_asked_parts	final	0	True	3	3	True	runs	9	1	runs	0.32090842723846436	0.0	0.009999999776482582	[4426.0, 4427.0]	[1.6666667461395264, 2.0]
enabled	noun_verb_supplied_answer	initial	0	True	0	1	True	the	9	1	the	0.07404008507728577	4.079779624938965	0.009999999776482582	[4422.0, 4423.0]	[1.0, 1.3333333730697632]
enabled	noun_verb_supplied_answer	initial	0	True	1	1	True	the	9	1	the	0.07404008507728577	4.1601104736328125	0.009999999776482582	[4422.0, 4423.0]	[1.0, 1.3333333730697632]
enabled	noun_verb_supplied_answer	initial	0	True	2	1	True	the	9	1	the	0.07404008507728577	4.179779529571533	0.009999999776482582	[4422.0, 4423.0]	[1.0, 1.3333333730697632]
enabled	noun_verb_supplied_answer	initial	0	True	3	1	True	the	9	1	the	0.07404008507728577	4.060110569000244	0.009999999776482582	[4422.0, 4423.0]	[1.0, 1.3333333730697632]
enabled	noun_verb_supplied_answer	initial	0	True	0	2	True	cat	9	1	cat	0.20195496082305908	2.6235294342041016	0.009999999776482582	[4414.0, 4415.0]	[1.3333333730697632, 1.6666667461395264]
enabled	noun_verb_supplied_answer	initial	0	True	1	2	True	dog	9	1	dog	0.20178484916687012	2.60386061668396	0.009999999776482582	[4417.0, 4418.0]	[1.3333333730697632, 1.6666667461395264]
enabled	noun_verb_supplied_answer	initial	0	True	2	2	True	dog	9	1	dog	0.20178484916687012	2.6235294342041016	0.009999999776482582	[4417.0, 4418.0]	[1.3333333730697632, 1.6666667461395264]
enabled	noun_verb_supplied_answer	initial	0	True	3	2	True	cat	9	1	cat	0.20195496082305908	2.60386061668396	0.009999999776482582	[4414.0, 4415.0]	[1.3333333730697632, 1.6666667461395264]
enabled	noun_verb_supplied_answer	initial	0	True	0	3	True	sleeps	9	1	sleeps	0.3722276985645294	0.0	0.009999999776482582	[4425.0, 4426.0]	[1.6666667461395264, 2.0]
enabled	noun_verb_supplied_answer	initial	0	True	1	3	True	runs	9	1	runs	0.32090842723846436	0.0	0.009999999776482582	[4426.0, 4427.0]	[1.6666667461395264, 2.0]
enabled	noun_verb_supplied_answer	initial	0	True	2	3	True	sleeps	9	1	sleeps	0.3722276985645294	0.0	0.009999999776482582	[4425.0, 4426.0]	[1.6666667461395264, 2.0]
enabled	noun_verb_supplied_answer	initial	0	True	3	3	True	runs	9	1	runs	0.32090842723846436	0.0	0.009999999776482582	[4426.0, 4427.0]	[1.6666667461395264, 2.0]
enabled	noun_verb_supplied_answer	final	0	True	0	1	True	the	9	1	the	0.05621016025543213	4.079779624938965	0.009999999776482582	[4422.0, 4423.0]	[1.0, 1.3333333730697632]
enabled	noun_verb_supplied_answer	final	0	True	1	1	True	the	9	1	the	0.05621016025543213	4.1601104736328125	0.009999999776482582	[4422.0, 4423.0]	[1.0, 1.3333333730697632]
enabled	noun_verb_supplied_answer	final	0	True	2	1	True	the	9	1	the	0.05621016025543213	4.179779529571533	0.009999999776482582	[4422.0, 4423.0]	[1.0, 1.3333333730697632]
enabled	noun_verb_supplied_answer	final	0	True	3	1	True	the	9	1	the	0.05621016025543213	4.060110569000244	0.009999999776482582	[4422.0, 4423.0]	[1.0, 1.3333333730697632]
enabled	noun_verb_supplied_answer	final	0	True	0	2	True	cat	9	1	cat	0.20633316040039062	2.6235294342041016	0.009999999776482582	[4414.0, 4415.0]	[1.3333333730697632, 1.6666667461395264]
enabled	noun_verb_supplied_answer	final	0	True	1	2	True	dog	9	1	dog	0.20409554243087769	2.60386061668396	0.009999999776482582	[4417.0, 4418.0]	[1.3333333730697632, 1.6666667461395264]
enabled	noun_verb_supplied_answer	final	0	True	2	2	True	dog	9	1	dog	0.20409554243087769	2.6235294342041016	0.009999999776482582	[4417.0, 4418.0]	[1.3333333730697632, 1.6666667461395264]
enabled	noun_verb_supplied_answer	final	0	True	3	2	True	cat	9	1	cat	0.20633316040039062	2.60386061668396	0.009999999776482582	[4414.0, 4415.0]	[1.3333333730697632, 1.6666667461395264]
enabled	noun_verb_supplied_answer	final	0	True	0	3	True	sleeps	9	1	sleeps	0.3799135088920593	0.0	0.009999999776482582	[4425.0, 4426.0]	[1.6666667461395264, 2.0]
enabled	noun_verb_supplied_answer	final	0	True	1	3	True	runs	9	1	runs	0.182558074593544	0.0	0.009999999776482582	[4426.0, 4427.0]	[1.6666667461395264, 2.0]
enabled	noun_verb_supplied_answer	final	0	True	2	3	True	sleeps	9	1	sleeps	0.3799135088920593	0.0	0.009999999776482582	[4425.0, 4426.0]	[1.6666667461395264, 2.0]
enabled	noun_verb_supplied_answer	final	0	True	3	3	True	runs	9	1	runs	0.182558074593544	0.0	0.009999999776482582	[4426.0, 4427.0]	[1.6666667461395264, 2.0]
enabled	relations	initial	0	True	0	1	True	cat	9	1	cat	0.20633316040039062	6.962356090545654	0.009999999776482582	[4414.0, 4415.0]	[1.0, 1.25]
enabled	relations	initial	0	True	1	1	True	dog	9	1	runs	34.69249725341797	6.491315841674805	0.009999999776482582	[4417.0, 4418.0]	[1.0, 1.25]
enabled	relations	initial	0	True	2	1	True	is	8	1	is	0.3879702091217041	7.514537811279297	0.009999999776482582	[4415.0, 4416.0]	[1.2000000476837158, 1.399999976158142]
enabled	relations	initial	0	True	3	1	True	is	8	1	runs	25.21627426147461	7.514537811279297	0.009999999776482582	[4415.0, 4416.0]	[1.2000000476837158, 1.399999976158142]
enabled	relations	initial	0	True	0	2	True	is	8	1	is	0.3879702091217041	4.983160972595215	0.009999999776482582	[4415.0, 4416.0]	[1.25, 1.5]
enabled	relations	initial	0	True	1	2	True	is	8	1	is	0.3879702091217041	4.512120723724365	0.009999999776482582	[4415.0, 4416.0]	[1.25, 1.5]
enabled	relations	initial	0	True	2	2	True	x	6	1	x	5.976561069488525	6.589537620544434	0.009999999776482582	[4418.0, 4419.0]	[1.0, 1.2000000476837158]
enabled	relations	initial	0	True	3	2	True	y	6	1	y	6.160561561584473	6.589537620544434	0.009999999776482582	[4420.0, 4421.0]	[1.0, 1.2000000476837158]
enabled	relations	initial	0	True	0	3	True	on	8	1	on	0.8130552768707275	2.8842811584472656	0.009999999776482582	[4427.0, 4428.0]	[1.5, 1.75]
enabled	relations	initial	0	True	1	3	True	on	8	1	on	0.8130552768707275	2.413241147994995	0.009999999776482582	[4427.0, 4428.0]	[1.5, 1.75]
enabled	relations	initial	0	True	2	3	True	bigger	9	1	bigger	0.41662514209747314	3.70180606842041	0.009999999776482582	[4430.0, 4431.0]	[1.399999976158142, 1.600000023841858]
enabled	relations	initial	0	True	3	3	True	bigger	9	1	bigger	0.41662514209747314	3.70180606842041	0.009999999776482582	[4430.0, 4431.0]	[1.399999976158142, 1.600000023841858]
enabled	relations	initial	0	True	0	4	True	mat	9	1	mat	0.4161272644996643	0.0	0.009999999776482582	[4428.0, 4429.0]	[1.75, 2.0]
enabled	relations	initial	0	True	1	4	True	rug	9	1	rug	0.34816837310791016	0.0	0.009999999776482582	[4429.0, 4430.0]	[1.75, 2.0]
enabled	relations	initial	0	True	2	4	True	than	9	1	the	0.40062159299850464	0.925000011920929	0.009999999776482582	[4431.0, 4432.0]	[1.600000023841858, 1.7999999523162842]
enabled	relations	initial	0	True	3	4	True	than	9	1	the	0.40062159299850464	0.925000011920929	0.009999999776482582	[4431.0, 4432.0]	[1.600000023841858, 1.7999999523162842]
enabled	relations	initial	0	True	0	5	False		0	0		0.0	0.0	0.0		
enabled	relations	initial	0	True	1	5	False		0	0		0.0	0.0	0.0		
enabled	relations	initial	0	True	2	5	True	y	6	1	y	6.160561561584473	0.0	0.009999999776482582	[4420.0, 4421.0]	[1.7999999523162842, 2.0]
enabled	relations	initial	0	True	3	5	True	x	6	1	runs	31.266063690185547	0.0	0.009999999776482582	[4418.0, 4419.0]	[1.7999999523162842, 2.0]
enabled	relations	final	0	True	0	1	True	cat	9	1	cat	0.20363879203796387	4.486140251159668	0.009999999776482582	[4414.0, 4415.0]	[1.0, 1.25]
enabled	relations	final	0	True	1	1	True	dog	9	1	dog	0.17267996072769165	4.711140155792236	0.009999999776482582	[4417.0, 4418.0]	[1.0, 1.25]
enabled	relations	final	0	True	2	1	True	x	6	1	x	4.803057670593262	8.129530906677246	0.009999999776482582	[4418.0, 4419.0]	[1.0, 1.2000000476837158]
enabled	relations	final	0	True	3	1	True	y	6	1	y	5.435710906982422	8.129530906677246	0.009999999776482582	[4420.0, 4421.0]	[1.0, 1.2000000476837158]
enabled	relations	final	0	True	0	2	True	is	8	1	is	0.18502067029476166	2.5069446563720703	0.009999999776482582	[4415.0, 4416.0]	[1.25, 1.5]
enabled	relations	final	0	True	1	2	True	is	8	1	is	0.18502067029476166	2.7319445610046387	0.009999999776482582	[4415.0, 4416.0]	[1.25, 1.5]
enabled	relations	final	0	True	2	2	True	is	8	1	is	0.18502067029476166	6.150335311889648	0.009999999776482582	[4415.0, 4416.0]	[1.2000000476837158, 1.399999976158142]
enabled	relations	final	0	True	3	2	True	is	8	1	is	0.18502067029476166	6.150335311889648	0.009999999776482582	[4415.0, 4416.0]	[1.2000000476837158, 1.399999976158142]
enabled	relations	final	0	True	0	3	True	on	8	1	on	0.4404639005661011	1.3625000715255737	0.009999999776482582	[4427.0, 4428.0]	[1.5, 1.75]
enabled	relations	final	0	True	1	3	True	on	8	1	on	0.4404639005661011	1.587499976158142	0.009999999776482582	[4427.0, 4428.0]	[1.5, 1.75]
enabled	relations	final	0	True	2	3	True	bigger	9	1	bigger	0.3639930486679077	3.6268062591552734	0.009999999776482582	[4430.0, 4431.0]	[1.399999976158142, 1.600000023841858]
enabled	relations	final	0	True	3	3	True	bigger	9	1	bigger	0.3639930486679077	3.6268062591552734	0.009999999776482582	[4430.0, 4431.0]	[1.399999976158142, 1.600000023841858]
enabled	relations	final	0	True	0	4	True	mat	9	1	mat	0.19685301184654236	0.0	0.009999999776482582	[4428.0, 4429.0]	[1.75, 2.0]
enabled	relations	final	0	True	1	4	True	rug	9	1	rug	0.2289113998413086	0.0	0.009999999776482582	[4429.0, 4430.0]	[1.75, 2.0]
enabled	relations	final	0	True	2	4	True	than	9	1	than	0.2096685767173767	0.8500000238418579	0.009999999776482582	[4431.0, 4432.0]	[1.600000023841858, 1.7999999523162842]
enabled	relations	final	0	True	3	4	True	than	9	1	than	0.2096685767173767	0.8500000238418579	0.009999999776482582	[4431.0, 4432.0]	[1.600000023841858, 1.7999999523162842]
enabled	relations	final	0	True	0	5	False		0	0		0.0	0.0	0.0		
enabled	relations	final	0	True	1	5	False		0	0		0.0	0.0	0.0		
enabled	relations	final	0	True	2	5	True	y	6	1	y	5.435710906982422	0.0	0.009999999776482582	[4420.0, 4421.0]	[1.7999999523162842, 2.0]
enabled	relations	final	0	True	3	5	True	x	6	1	x	4.803057670593262	0.0	0.009999999776482582	[4418.0, 4419.0]	[1.7999999523162842, 2.0]
enabled	relations_asked_parts	initial	0	True	0	1	True	cat	9	1	cat	0.20363879203796387	4.486140251159668	0.009999999776482582	[4414.0, 4415.0]	[1.0, 1.25]
enabled	relations_asked_parts	initial	0	True	1	1	True	dog	9	1	dog	0.17267996072769165	4.711140155792236	0.009999999776482582	[4417.0, 4418.0]	[1.0, 1.25]
enabled	relations_asked_parts	initial	0	True	2	1	True	x	6	1	than	30.72564697265625	8.129530906677246	0.009999999776482582	[4418.0, 4419.0]	[1.0, 1.2000000476837158]
enabled	relations_asked_parts	initial	0	True	3	1	True	y	6	1	than	34.553672790527344	8.129530906677246	0.009999999776482582	[4420.0, 4421.0]	[1.0, 1.2000000476837158]
enabled	relations_asked_parts	initial	0	True	0	2	True	is	8	1	is	0.18502067029476166	2.5069446563720703	0.009999999776482582	[4415.0, 4416.0]	[1.25, 1.5]
enabled	relations_asked_parts	initial	0	True	1	2	True	is	8	1	is	0.18502067029476166	2.7319445610046387	0.009999999776482582	[4415.0, 4416.0]	[1.25, 1.5]
enabled	relations_asked_parts	initial	0	True	2	2	True	is	8	1	is	0.18502067029476166	6.150335311889648	0.009999999776482582	[4415.0, 4416.0]	[1.2000000476837158, 1.399999976158142]
enabled	relations_asked_parts	initial	0	True	3	2	True	is	8	1	is	0.18502067029476166	6.150335311889648	0.009999999776482582	[4415.0, 4416.0]	[1.2000000476837158, 1.399999976158142]
enabled	relations_asked_parts	initial	0	True	0	3	True	on	8	1	on	0.4404639005661011	1.3625000715255737	0.009999999776482582	[4427.0, 4428.0]	[1.5, 1.75]
enabled	relations_asked_parts	initial	0	True	1	3	True	on	8	1	on	0.4404639005661011	1.587499976158142	0.009999999776482582	[4427.0, 4428.0]	[1.5, 1.75]
enabled	relations_asked_parts	initial	0	True	2	3	True	bigger	9	1	bigger	0.3639930486679077	3.6268062591552734	0.009999999776482582	[4430.0, 4431.0]	[1.399999976158142, 1.600000023841858]
enabled	relations_asked_parts	initial	0	True	3	3	True	bigger	9	1	than	41.544918060302734	3.6268062591552734	0.009999999776482582	[4430.0, 4431.0]	[1.399999976158142, 1.600000023841858]
enabled	relations_asked_parts	initial	0	True	0	4	True	mat	9	1	mat	0.19685301184654236	0.0	0.009999999776482582	[4428.0, 4429.0]	[1.75, 2.0]
enabled	relations_asked_parts	initial	0	True	1	4	True	rug	9	1	rug	0.2289113998413086	0.0	0.009999999776482582	[4429.0, 4430.0]	[1.75, 2.0]
enabled	relations_asked_parts	initial	0	True	2	4	True	than	9	1	than	0.2096685767173767	0.8500000238418579	0.009999999776482582	[4431.0, 4432.0]	[1.600000023841858, 1.7999999523162842]
enabled	relations_asked_parts	initial	0	True	3	4	True	than	9	1	than	0.2096685767173767	0.8500000238418579	0.009999999776482582	[4431.0, 4432.0]	[1.600000023841858, 1.7999999523162842]
enabled	relations_asked_parts	initial	0	True	0	5	False		0	0		0.0	0.0	0.0		
enabled	relations_asked_parts	initial	0	True	1	5	False		0	0		0.0	0.0	0.0		
enabled	relations_asked_parts	initial	0	True	2	5	True	y	6	1	y	5.435710906982422	0.0	0.009999999776482582	[4420.0, 4421.0]	[1.7999999523162842, 2.0]
enabled	relations_asked_parts	initial	0	True	3	5	True	x	6	1	x	4.803057670593262	0.0	0.009999999776482582	[4418.0, 4419.0]	[1.7999999523162842, 2.0]
enabled	relations_asked_parts	final	0	True	0	1	True	cat	9	1	cat	0.1809900999069214	4.551845073699951	0.009999999776482582	[4414.0, 4415.0]	[1.0, 1.25]
enabled	relations_asked_parts	final	0	True	1	1	True	dog	9	1	dog	0.15376800298690796	4.796289443969727	0.009999999776482582	[4417.0, 4418.0]	[1.0, 1.25]
enabled	relations_asked_parts	final	0	True	2	1	True	bigger	9	1	bigger	0.35916680097579956	6.531001567840576	0.009999999776482582	[4430.0, 4431.0]	[1.399999976158142, 1.600000023841858]
enabled	relations_asked_parts	final	0	True	3	1	True	bigger	9	1	bigger	0.35916680097579956	6.531001567840576	0.009999999776482582	[4430.0, 4431.0]	[1.399999976158142, 1.600000023841858]
enabled	relations_asked_parts	final	0	True	0	2	True	mat	9	1	mat	0.2017054706811905	3.1407339572906494	0.009999999776482582	[4428.0, 4429.0]	[1.75, 2.0]
enabled	relations_asked_parts	final	0	True	1	2	True	rug	9	1	rug	0.23552556335926056	3.1407339572906494	0.009999999776482582	[4429.0, 4430.0]	[1.75, 2.0]
enabled	relations_asked_parts	final	0	True	2	2	True	than	9	1	than	0.14195822179317474	3.75419545173645	0.009999999776482582	[4431.0, 4432.0]	[1.600000023841858, 1.7999999523162842]
enabled	relations_asked_parts	final	0	True	3	2	True	than	9	1	than	0.14195822179317474	3.75419545173645	0.009999999776482582	[4431.0, 4432.0]	[1.600000023841858, 1.7999999523162842]
enabled	relations_asked_parts	final	0	True	0	3	True	is	8	1	is	0.1292412281036377	1.1615384817123413	0.009999999776482582	[4415.0, 4416.0]	[1.25, 1.5]
enabled	relations_asked_parts	final	0	True	1	3	True	is	8	1	is	0.1292412281036377	1.1615384817123413	0.009999999776482582	[4415.0, 4416.0]	[1.25, 1.5]
enabled	relations_asked_parts	final	0	True	2	3	True	is	8	1	is	0.1292412281036377	1.774999976158142	0.009999999776482582	[4415.0, 4416.0]	[1.2000000476837158, 1.399999976158142]
enabled	relations_asked_parts	final	0	True	3	3	True	is	8	1	is	0.1292412281036377	1.774999976158142	0.009999999776482582	[4415.0, 4416.0]	[1.2000000476837158, 1.399999976158142]
enabled	relations_asked_parts	final	0	True	0	4	True	on	8	1	on	0.43604034185409546	0.0	0.009999999776482582	[4427.0, 4428.0]	[1.5, 1.75]
enabled	relations_asked_parts	final	0	True	1	4	True	on	8	1	on	0.43604034185409546	0.0	0.009999999776482582	[4427.0, 4428.0]	[1.5, 1.75]
enabled	relations_asked_parts	final	0	True	2	4	True	x	6	1	x	2.3493452072143555	0.887499988079071	0.009999999776482582	[4418.0, 4419.0]	[1.0, 1.2000000476837158]
enabled	relations_asked_parts	final	0	True	3	4	True	y	6	1	y	5.23919677734375	0.887499988079071	0.009999999776482582	[4420.0, 4421.0]	[1.0, 1.2000000476837158]
enabled	relations_asked_parts	final	0	True	0	5	False		0	0		0.0	0.0	0.0		
enabled	relations_asked_parts	final	0	True	1	5	False		0	0		0.0	0.0	0.0		
enabled	relations_asked_parts	final	0	True	2	5	True	y	6	1	y	5.23919677734375	0.0	0.009999999776482582	[4420.0, 4421.0]	[1.7999999523162842, 2.0]
enabled	relations_asked_parts	final	0	True	3	5	True	x	6	1	x	2.3493452072143555	0.0	0.009999999776482582	[4418.0, 4419.0]	[1.7999999523162842, 2.0]
enabled	relations_supplied_answer	initial	0	True	0	1	True	cat	9	1	cat	0.1809900999069214	4.551845073699951	0.009999999776482582	[4414.0, 4415.0]	[1.0, 1.25]
enabled	relations_supplied_answer	initial	0	True	1	1	True	dog	9	1	dog	0.15376800298690796	4.796289443969727	0.009999999776482582	[4417.0, 4418.0]	[1.0, 1.25]
enabled	relations_supplied_answer	initial	0	True	2	1	True	bigger	9	1	bigger	0.35916680097579956	6.531001567840576	0.009999999776482582	[4430.0, 4431.0]	[1.399999976158142, 1.600000023841858]
enabled	relations_supplied_answer	initial	0	True	3	1	True	bigger	9	1	bigger	0.35916680097579956	6.531001567840576	0.009999999776482582	[4430.0, 4431.0]	[1.399999976158142, 1.600000023841858]
enabled	relations_supplied_answer	initial	0	True	0	2	True	mat	9	1	mat	0.2017054706811905	3.1407339572906494	0.009999999776482582	[4428.0, 4429.0]	[1.75, 2.0]
enabled	relations_supplied_answer	initial	0	True	1	2	True	rug	9	1	rug	0.23552556335926056	3.1407339572906494	0.009999999776482582	[4429.0, 4430.0]	[1.75, 2.0]
enabled	relations_supplied_answer	initial	0	True	2	2	True	than	9	1	than	0.14195822179317474	3.75419545173645	0.009999999776482582	[4431.0, 4432.0]	[1.600000023841858, 1.7999999523162842]
enabled	relations_supplied_answer	initial	0	True	3	2	True	than	9	1	than	0.14195822179317474	3.75419545173645	0.009999999776482582	[4431.0, 4432.0]	[1.600000023841858, 1.7999999523162842]
enabled	relations_supplied_answer	initial	0	True	0	3	True	is	8	1	is	0.1292412281036377	1.1615384817123413	0.009999999776482582	[4415.0, 4416.0]	[1.25, 1.5]
enabled	relations_supplied_answer	initial	0	True	1	3	True	is	8	1	is	0.1292412281036377	1.1615384817123413	0.009999999776482582	[4415.0, 4416.0]	[1.25, 1.5]
enabled	relations_supplied_answer	initial	0	True	2	3	True	is	8	1	is	0.1292412281036377	1.774999976158142	0.009999999776482582	[4415.0, 4416.0]	[1.2000000476837158, 1.399999976158142]
enabled	relations_supplied_answer	initial	0	True	3	3	True	is	8	1	is	0.1292412281036377	1.774999976158142	0.009999999776482582	[4415.0, 4416.0]	[1.2000000476837158, 1.399999976158142]
enabled	relations_supplied_answer	initial	0	True	0	4	True	on	8	1	on	0.43604034185409546	0.0	0.009999999776482582	[4427.0, 4428.0]	[1.5, 1.75]
enabled	relations_supplied_answer	initial	0	True	1	4	True	on	8	1	on	0.43604034185409546	0.0	0.009999999776482582	[4427.0, 4428.0]	[1.5, 1.75]
enabled	relations_supplied_answer	initial	0	True	2	4	True	x	6	1	x	2.3493452072143555	0.887499988079071	0.009999999776482582	[4418.0, 4419.0]	[1.0, 1.2000000476837158]
enabled	relations_supplied_answer	initial	0	True	3	4	True	y	6	1	y	5.23919677734375	0.887499988079071	0.009999999776482582	[4420.0, 4421.0]	[1.0, 1.2000000476837158]
enabled	relations_supplied_answer	initial	0	True	0	5	False		0	0		0.0	0.0	0.0		
enabled	relations_supplied_answer	initial	0	True	1	5	False		0	0		0.0	0.0	0.0		
enabled	relations_supplied_answer	initial	0	True	2	5	True	y	6	1	y	5.23919677734375	0.0	0.009999999776482582	[4420.0, 4421.0]	[1.7999999523162842, 2.0]
enabled	relations_supplied_answer	initial	0	True	3	5	True	x	6	1	x	2.3493452072143555	0.0	0.009999999776482582	[4418.0, 4419.0]	[1.7999999523162842, 2.0]
enabled	relations_supplied_answer	final	0	True	0	1	True	cat	9	1	cat	0.1559259295463562	4.551845073699951	0.009999999776482582	[4414.0, 4415.0]	[1.0, 1.25]
enabled	relations_supplied_answer	final	0	True	1	1	True	dog	9	1	dog	0.13485008478164673	4.796289443969727	0.009999999776482582	[4417.0, 4418.0]	[1.0, 1.25]
enabled	relations_supplied_answer	final	0	True	2	1	True	bigger	9	1	bigger	0.35475993156433105	6.531001567840576	0.009999999776482582	[4430.0, 4431.0]	[1.399999976158142, 1.600000023841858]
enabled	relations_supplied_answer	final	0	True	3	1	True	bigger	9	1	bigger	0.35475993156433105	6.531001567840576	0.009999999776482582	[4430.0, 4431.0]	[1.399999976158142, 1.600000023841858]
enabled	relations_supplied_answer	final	0	True	0	2	True	mat	9	1	mat	0.19965405762195587	3.1407339572906494	0.009999999776482582	[4428.0, 4429.0]	[1.75, 2.0]
enabled	relations_supplied_answer	final	0	True	1	2	True	rug	9	1	rug	0.2320767045021057	3.1407339572906494	0.009999999776482582	[4429.0, 4430.0]	[1.75, 2.0]
enabled	relations_supplied_answer	final	0	True	2	2	True	than	9	1	than	0.1094687432050705	3.75419545173645	0.009999999776482582	[4431.0, 4432.0]	[1.600000023841858, 1.7999999523162842]
enabled	relations_supplied_answer	final	0	True	3	2	True	than	9	1	than	0.1094687432050705	3.75419545173645	0.009999999776482582	[4431.0, 4432.0]	[1.600000023841858, 1.7999999523162842]
enabled	relations_supplied_answer	final	0	True	0	3	True	is	8	1	is	0.10064192861318588	1.1615384817123413	0.009999999776482582	[4415.0, 4416.0]	[1.25, 1.5]
enabled	relations_supplied_answer	final	0	True	1	3	True	is	8	1	is	0.10064192861318588	1.1615384817123413	0.009999999776482582	[4415.0, 4416.0]	[1.25, 1.5]
enabled	relations_supplied_answer	final	0	True	2	3	True	is	8	1	is	0.10064192861318588	1.774999976158142	0.009999999776482582	[4415.0, 4416.0]	[1.2000000476837158, 1.399999976158142]
enabled	relations_supplied_answer	final	0	True	3	3	True	is	8	1	is	0.10064192861318588	1.774999976158142	0.009999999776482582	[4415.0, 4416.0]	[1.2000000476837158, 1.399999976158142]
enabled	relations_supplied_answer	final	0	True	0	4	True	on	8	1	on	0.42487651109695435	0.0	0.009999999776482582	[4427.0, 4428.0]	[1.5, 1.75]
enabled	relations_supplied_answer	final	0	True	1	4	True	on	8	1	on	0.42487651109695435	0.0	0.009999999776482582	[4427.0, 4428.0]	[1.5, 1.75]
enabled	relations_supplied_answer	final	0	True	2	4	True	x	6	1	x	1.2942123413085938	0.887499988079071	0.009999999776482582	[4418.0, 4419.0]	[1.0, 1.2000000476837158]
enabled	relations_supplied_answer	final	0	True	3	4	True	y	6	1	y	4.694215774536133	0.887499988079071	0.009999999776482582	[4420.0, 4421.0]	[1.0, 1.2000000476837158]
enabled	relations_supplied_answer	final	0	True	0	5	False		0	0		0.0	0.0	0.0		
enabled	relations_supplied_answer	final	0	True	1	5	False		0	0		0.0	0.0	0.0		
enabled	relations_supplied_answer	final	0	True	2	5	True	y	6	1	y	4.694215774536133	0.0	0.009999999776482582	[4420.0, 4421.0]	[1.7999999523162842, 2.0]
enabled	relations_supplied_answer	final	0	True	3	5	True	x	6	1	x	1.2942123413085938	0.0	0.009999999776482582	[4418.0, 4419.0]	[1.7999999523162842, 2.0]
