F                                                                        [100%]
=================================== FAILURES ===================================
_____ TestXorGrammarReconstruction.test_piecewise_overall_at_least_50_pct ______
test/test_explicit_dimensions.py:300: in test_piecewise_overall_at_least_50_pct
    self.assertEqual(perfect, 4,
E   AssertionError: 0 != 4 : XOR_grammar reconstruction: 0/4 word multisets recovered; [('hello world', 'there world'), ('hello there', 'world there'), ('loving world', 'world world'), ('loving there', 'there hello')]
----------------------------- Captured stdout call -----------------------------
Device: cpu
Peer pipeline: static PS/WS stage bodies compiled separately; legacy compatibility scheduler remains outside fullgraph capture


==== BasicModel ====

Trial [1/1]
Baseline test pass skipped (--test not specified). Re-invoke train.py with --test to include baseline + post-epoch evaluation.
Epoch [1/400]
[AMP] off (fp32, MODEL_AMP unset or =off)
batch = 0 (warm-up, 100.00%)
Training throughput: 1 batches in 47.722s; word units 100.0% of 8 words (letters-only 100.0% of 8).
Train Loss: output=0.1753, reconstruction=1.2295
Epoch [2/400]
batch = 0 (Δ=0.271s, 100.00%)
Training throughput: 1 batches in 0.270s; word units 100.0% of 8 words (letters-only 100.0% of 8).
Train Loss: output=0.1752, reconstruction=0.9749
Epoch [3/400]
batch = 0 (Δ=0.266s, 100.00%)
Training throughput: 1 batches in 0.265s; word units 100.0% of 8 words (letters-only 100.0% of 8).
Train Loss: output=0.1739, reconstruction=0.9450
Epoch [4/400]
batch = 0 (Δ=0.282s, 100.00%)
Training throughput: 1 batches in 0.282s; word units 100.0% of 8 words (letters-only 100.0% of 8).
Train Loss: output=0.1735, reconstruction=0.9105
Epoch [5/400]
batch = 0 (Δ=0.272s, 100.00%)
Training throughput: 1 batches in 0.271s; word units 100.0% of 8 words (letters-only 100.0% of 8).
Train Loss: output=0.1762, reconstruction=2.1118
Epoch [6/400]
batch = 0 (Δ=0.263s, 100.00%)
Training throughput: 1 batches in 0.263s; word units 100.0% of 8 words (letters-only 100.0% of 8).
Train Loss: output=0.1685, reconstruction=1.6254
Epoch [7/400]
batch = 0 (Δ=0.930s, 100.00%)
Training throughput: 1 batches in 0.929s; word units 100.0% of 8 words (letters-only 100.0% of 8).
Train Loss: output=0.1588, reconstruction=1.2078
Epoch [8/400]
batch = 0 (Δ=0.262s, 100.00%)
Training throughput: 1 batches in 0.262s; word units 100.0% of 8 words (letters-only 100.0% of 8).
Train Loss: output=0.1622, reconstruction=2.7491
Epoch [9/400]
batch = 0 (Δ=0.264s, 100.00%)
Training throughput: 1 batches in 0.263s; word units 100.0% of 8 words (letters-only 100.0% of 8).
Train Loss: output=0.1638, reconstruction=1.5473
Epoch [10/400]
batch = 0 (Δ=0.272s, 100.00%)
Training throughput: 1 batches in 0.272s; word units 100.0% of 8 words (letters-only 100.0% of 8).
Train Loss: output=0.1496, reconstruction=2.5346
Epoch [11/400]
batch = 0 (Δ=0.271s, 100.00%)
Training throughput: 1 batches in 0.270s; word units 100.0% of 8 words (letters-only 100.0% of 8).
Train Loss: output=0.1478, reconstruction=2.5100
Epoch [12/400]
batch = 0 (Δ=0.264s, 100.00%)
Training throughput: 1 batches in 0.263s; word units 100.0% of 8 words (letters-only 100.0% of 8).
Train Loss: output=0.1490, reconstruction=1.8050
Epoch [13/400]
batch = 0 (Δ=0.268s, 100.00%)
Training throughput: 1 batches in 0.268s; word units 100.0% of 8 words (letters-only 100.0% of 8).
Train Loss: output=0.1468, reconstruction=1.8072
Epoch [14/400]
batch = 0 (Δ=0.285s, 100.00%)
Training throughput: 1 batches in 0.285s; word units 100.0% of 8 words (letters-only 100.0% of 8).
Train Loss: output=0.1412, reconstruction=1.8154
Epoch [15/400]
batch = 0 (Δ=0.269s, 100.00%)
Training throughput: 1 batches in 0.269s; word units 100.0% of 8 words (letters-only 100.0% of 8).
Train Loss: output=0.1395, reconstruction=1.8286
Epoch [16/400]
batch = 0 (Δ=0.269s, 100.00%)
Training throughput: 1 batches in 0.269s; word units 100.0% of 8 words (letters-only 100.0% of 8).
Train Loss: output=0.1292, reconstruction=2.7683
Epoch [17/400]
batch = 0 (Δ=0.302s, 100.00%)
Training throughput: 1 batches in 0.301s; word units 100.0% of 8 words (letters-only 100.0% of 8).
Train Loss: output=0.1229, reconstruction=1.8500
Epoch [18/400]
batch = 0 (Δ=0.275s, 100.00%)
Training throughput: 1 batches in 0.275s; word units 100.0% of 8 words (letters-only 100.0% of 8).
Train Loss: output=0.1152, reconstruction=1.8611
Epoch [19/400]
batch = 0 (Δ=0.267s, 100.00%)
Training throughput: 1 batches in 0.266s; word units 100.0% of 8 words (letters-only 100.0% of 8).
Train Loss: output=0.1051, reconstruction=2.7569
Epoch [20/400]
batch = 0 (Δ=0.278s, 100.00%)
Training throughput: 1 batches in 0.278s; word units 100.0% of 8 words (letters-only 100.0% of 8).
Train Loss: output=0.1297, reconstruction=1.0548
Epoch [21/400]
batch = 0 (Δ=0.277s, 100.00%)
Training throughput: 1 batches in 0.277s; word units 100.0% of 8 words (letters-only 100.0% of 8).
Train Loss: output=0.0851, reconstruction=1.8292
Epoch [22/400]
batch = 0 (Δ=0.275s, 100.00%)
Training throughput: 1 batches in 0.275s; word units 100.0% of 8 words (letters-only 100.0% of 8).
Train Loss: output=0.0755, reconstruction=1.8059
Epoch [23/400]
batch = 0 (Δ=0.272s, 100.00%)
Training throughput: 1 batches in 0.272s; word units 100.0% of 8 words (letters-only 100.0% of 8).
Train Loss: output=0.0660, reconstruction=2.6142
Epoch [24/400]
batch = 0 (Δ=0.268s, 100.00%)
Training throughput: 1 batches in 0.267s; word units 100.0% of 8 words (letters-only 100.0% of 8).
Train Loss: output=0.0687, reconstruction=2.5782
Epoch [25/400]
batch = 0 (Δ=0.265s, 100.00%)
Training throughput: 1 batches in 0.264s; word units 100.0% of 8 words (letters-only 100.0% of 8).
Train Loss: output=0.0512, reconstruction=2.5477
Epoch [26/400]
batch = 0 (Δ=0.272s, 100.00%)
Training throughput: 1 batches in 0.272s; word units 100.0% of 8 words (letters-only 100.0% of 8).
Train Loss: output=0.1248, reconstruction=1.7534
Epoch [27/400]
batch = 0 (Δ=0.267s, 100.00%)
Training throughput: 1 batches in 0.266s; word units 100.0% of 8 words (letters-only 100.0% of 8).
Train Loss: output=0.0508, reconstruction=2.5006
Epoch [28/400]
batch = 0 (Δ=0.271s, 100.00%)
Training throughput: 1 batches in 0.270s; word units 100.0% of 8 words (letters-only 100.0% of 8).
Train Loss: output=0.0357, reconstruction=2.4680
Epoch [29/400]
batch = 0 (Δ=0.266s, 100.00%)
Training throughput: 1 batches in 0.266s; word units 100.0% of 8 words (letters-only 100.0% of 8).
Train Loss: output=0.0298, reconstruction=1.7231
Epoch [30/400]
batch = 0 (Δ=0.270s, 100.00%)
Training throughput: 1 batches in 0.270s; word units 100.0% of 8 words (letters-only 100.0% of 8).
Train Loss: output=0.0250, reconstruction=1.7096
Epoch [31/400]
batch = 0 (Δ=0.264s, 100.00%)
Training throughput: 1 batches in 0.264s; word units 100.0% of 8 words (letters-only 100.0% of 8).
Train Loss: output=0.0207, reconstruction=2.3433
Epoch [32/400]
batch = 0 (Δ=0.268s, 100.00%)
Training throughput: 1 batches in 0.268s; word units 100.0% of 8 words (letters-only 100.0% of 8).
Train Loss: output=0.0164, reconstruction=1.6606
Epoch [33/400]
batch = 0 (Δ=0.262s, 100.00%)
Training throughput: 1 batches in 0.261s; word units 100.0% of 8 words (letters-only 100.0% of 8).
Train Loss: output=0.0135, reconstruction=2.2571
Epoch [34/400]
batch = 0 (Δ=0.269s, 100.00%)
Training throughput: 1 batches in 0.269s; word units 100.0% of 8 words (letters-only 100.0% of 8).
Train Loss: output=0.0113, reconstruction=2.2201
Epoch [35/400]
batch = 0 (Δ=0.265s, 100.00%)
Training throughput: 1 batches in 0.264s; word units 100.0% of 8 words (letters-only 100.0% of 8).
Train Loss: output=0.0147, reconstruction=2.1918
Epoch [36/400]
batch = 0 (Δ=0.266s, 100.00%)
Training throughput: 1 batches in 0.266s; word units 100.0% of 8 words (letters-only 100.0% of 8).
Train Loss: output=0.0100, reconstruction=1.6359
Epoch [37/400]
batch = 0 (Δ=0.267s, 100.00%)
Training throughput: 1 batches in 0.266s; word units 100.0% of 8 words (letters-only 100.0% of 8).
Train Loss: output=0.0106, reconstruction=2.1778
Epoch [38/400]
batch = 0 (Δ=0.271s, 100.00%)
Training throughput: 1 batches in 0.271s; word units 100.0% of 8 words (letters-only 100.0% of 8).
Train Loss: output=0.0106, reconstruction=2.1605
Epoch [39/400]
batch = 0 (Δ=0.268s, 100.00%)
Training throughput: 1 batches in 0.268s; word units 100.0% of 8 words (letters-only 100.0% of 8).
Train Loss: output=0.0147, reconstruction=2.1362
Epoch [40/400]
batch = 0 (Δ=0.265s, 100.00%)
Training throughput: 1 batches in 0.264s; word units 100.0% of 8 words (letters-only 100.0% of 8).
Train Loss: output=0.0109, reconstruction=2.1158
Epoch [41/400]
batch = 0 (Δ=0.268s, 100.00%)
Training throughput: 1 batches in 0.267s; word units 100.0% of 8 words (letters-only 100.0% of 8).
Train Loss: output=0.0118, reconstruction=2.1009
Epoch [42/400]
batch = 0 (Δ=0.264s, 100.00%)
Training throughput: 1 batches in 0.264s; word units 100.0% of 8 words (letters-only 100.0% of 8).
Train Loss: output=0.0167, reconstruction=2.0887
Epoch [43/400]
batch = 0 (Δ=0.270s, 100.00%)
Training throughput: 1 batches in 0.269s; word units 100.0% of 8 words (letters-only 100.0% of 8).
Train Loss: output=0.0164, reconstruction=2.0865
Epoch [44/400]
batch = 0 (Δ=0.265s, 100.00%)
Training throughput: 1 batches in 0.265s; word units 100.0% of 8 words (letters-only 100.0% of 8).
Train Loss: output=0.0110, reconstruction=1.6455
Epoch [45/400]
batch = 0 (Δ=0.273s, 100.00%)
Training throughput: 1 batches in 0.273s; word units 100.0% of 8 words (letters-only 100.0% of 8).
Train Loss: output=0.0105, reconstruction=1.6415
Epoch [46/400]
batch = 0 (Δ=0.266s, 100.00%)
Training throughput: 1 batches in 0.265s; word units 100.0% of 8 words (letters-only 100.0% of 8).
Train Loss: output=0.0145, reconstruction=1.6499
Epoch [47/400]
batch = 0 (Δ=0.281s, 100.00%)
Training throughput: 1 batches in 0.281s; word units 100.0% of 8 words (letters-only 100.0% of 8).
Train Loss: output=0.0147, reconstruction=1.6683
Epoch [48/400]
batch = 0 (Δ=0.263s, 100.00%)
Training throughput: 1 batches in 0.263s; word units 100.0% of 8 words (letters-only 100.0% of 8).
Train Loss: output=0.0104, reconstruction=1.6872
Epoch [49/400]
batch = 0 (Δ=0.271s, 100.00%)
Training throughput: 1 batches in 0.271s; word units 100.0% of 8 words (letters-only 100.0% of 8).
Train Loss: output=0.0155, reconstruction=1.6937
Epoch [50/400]
batch = 0 (Δ=0.265s, 100.00%)
Training throughput: 1 batches in 0.264s; word units 100.0% of 8 words (letters-only 100.0% of 8).
Train Loss: output=0.0156, reconstruction=1.6889
Epoch [51/400]
batch = 0 (Δ=0.273s, 100.00%)
Training throughput: 1 batches in 0.273s; word units 100.0% of 8 words (letters-only 100.0% of 8).
Train Loss: output=0.0105, reconstruction=1.6879
Epoch [52/400]
batch = 0 (Δ=0.268s, 100.00%)
Training throughput: 1 batches in 0.268s; word units 100.0% of 8 words (letters-only 100.0% of 8).
Train Loss: output=0.0158, reconstruction=1.6900
Epoch [53/400]
batch = 0 (Δ=0.275s, 100.00%)
Training throughput: 1 batches in 0.275s; word units 100.0% of 8 words (letters-only 100.0% of 8).
Train Loss: output=0.0160, reconstruction=1.6908
Epoch [54/400]
batch = 0 (Δ=0.264s, 100.00%)
Training throughput: 1 batches in 0.264s; word units 100.0% of 8 words (letters-only 100.0% of 8).
Train Loss: output=0.0166, reconstruction=1.6924
Epoch [55/400]
batch = 0 (Δ=0.273s, 100.00%)
Training throughput: 1 batches in 0.273s; word units 100.0% of 8 words (letters-only 100.0% of 8).
Train Loss: output=0.0141, reconstruction=1.6945
Epoch [56/400]
batch = 0 (Δ=0.267s, 100.00%)
Training throughput: 1 batches in 0.266s; word units 100.0% of 8 words (letters-only 100.0% of 8).
Train Loss: output=0.0178, reconstruction=1.6954
Epoch [57/400]
batch = 0 (Δ=0.272s, 100.00%)
Training throughput: 1 batches in 0.272s; word units 100.0% of 8 words (letters-only 100.0% of 8).
Train Loss: output=0.0178, reconstruction=1.6913
Epoch [58/400]
batch = 0 (Δ=0.264s, 100.00%)
Training throughput: 1 batches in 0.263s; word units 100.0% of 8 words (letters-only 100.0% of 8).
Train Loss: output=0.0158, reconstruction=1.6808
Epoch [59/400]
batch = 0 (Δ=0.279s, 100.00%)
Training throughput: 1 batches in 0.279s; word units 100.0% of 8 words (letters-only 100.0% of 8).
Train Loss: output=0.0169, reconstruction=1.6690
Epoch [60/400]
batch = 0 (Δ=0.272s, 100.00%)
Training throughput: 1 batches in 0.271s; word units 100.0% of 8 words (letters-only 100.0% of 8).
Train Loss: output=0.0150, reconstruction=1.6584
Epoch [61/400]
batch = 0 (Δ=0.308s, 100.00%)
Training throughput: 1 batches in 0.307s; word units 100.0% of 8 words (letters-only 100.0% of 8).
Train Loss: output=0.0157, reconstruction=1.6521
Epoch [62/400]
batch = 0 (Δ=0.268s, 100.00%)
Training throughput: 1 batches in 0.268s; word units 100.0% of 8 words (letters-only 100.0% of 8).
Train Loss: output=0.0143, reconstruction=1.6456
Epoch [63/400]
batch = 0 (Δ=0.274s, 100.00%)
Training throughput: 1 batches in 0.273s; word units 100.0% of 8 words (letters-only 100.0% of 8).
Train Loss: output=0.0123, reconstruction=1.6352
Epoch [64/400]
batch = 0 (Δ=0.267s, 100.00%)
Training throughput: 1 batches in 0.267s; word units 100.0% of 8 words (letters-only 100.0% of 8).
Train Loss: output=0.0103, reconstruction=1.6203
Epoch [65/400]
batch = 0 (Δ=0.271s, 100.00%)
Training throughput: 1 batches in 0.271s; word units 100.0% of 8 words (letters-only 100.0% of 8).
Train Loss: output=0.0082, reconstruction=1.6053
Epoch [66/400]
batch = 0 (Δ=0.265s, 100.00%)
Training throughput: 1 batches in 0.264s; word units 100.0% of 8 words (letters-only 100.0% of 8).
Train Loss: output=0.0065, reconstruction=1.5911
Epoch [67/400]
batch = 0 (Δ=0.272s, 100.00%)
Training throughput: 1 batches in 0.271s; word units 100.0% of 8 words (letters-only 100.0% of 8).
Train Loss: output=0.0050, reconstruction=1.8619
Epoch [68/400]
batch = 0 (Δ=0.268s, 100.00%)
Training throughput: 1 batches in 0.267s; word units 100.0% of 8 words (letters-only 100.0% of 8).
Train Loss: output=0.0040, reconstruction=1.8642
Epoch [69/400]
batch = 0 (Δ=0.267s, 100.00%)
Training throughput: 1 batches in 0.267s; word units 100.0% of 8 words (letters-only 100.0% of 8).
Train Loss: output=0.0035, reconstruction=1.8823
Epoch [70/400]
batch = 0 (Δ=0.270s, 100.00%)
Training throughput: 1 batches in 0.270s; word units 100.0% of 8 words (letters-only 100.0% of 8).
Train Loss: output=0.0029, reconstruction=1.6228
Epoch [71/400]
batch = 0 (Δ=0.274s, 100.00%)
Training throughput: 1 batches in 0.273s; word units 100.0% of 8 words (letters-only 100.0% of 8).
Train Loss: output=0.0024, reconstruction=1.6330
Epoch [72/400]
batch = 0 (Δ=0.267s, 100.00%)
Training throughput: 1 batches in 0.266s; word units 100.0% of 8 words (letters-only 100.0% of 8).
Train Loss: output=0.0018, reconstruction=1.6342
Epoch [73/400]
batch = 0 (Δ=0.271s, 100.00%)
Training throughput: 1 batches in 0.271s; word units 100.0% of 8 words (letters-only 100.0% of 8).
Train Loss: output=0.0016, reconstruction=1.6331
Epoch [74/400]
batch = 0 (Δ=0.267s, 100.00%)
Training throughput: 1 batches in 0.267s; word units 100.0% of 8 words (letters-only 100.0% of 8).
Train Loss: output=0.0011, reconstruction=1.6384
Epoch [75/400]
batch = 0 (Δ=0.274s, 100.00%)
Training throughput: 1 batches in 0.274s; word units 100.0% of 8 words (letters-only 100.0% of 8).
Train Loss: output=0.0011, reconstruction=1.6233
Epoch [76/400]
batch = 0 (Δ=0.270s, 100.00%)
Training throughput: 1 batches in 0.269s; word units 100.0% of 8 words (letters-only 100.0% of 8).
Train Loss: output=0.0012, reconstruction=1.8475
Epoch [77/400]
batch = 0 (Δ=0.269s, 100.00%)
Training throughput: 1 batches in 0.268s; word units 100.0% of 8 words (letters-only 100.0% of 8).
Train Loss: output=0.0013, reconstruction=1.5885
Epoch [78/400]
batch = 0 (Δ=0.262s, 100.00%)
Training throughput: 1 batches in 0.262s; word units 100.0% of 8 words (letters-only 100.0% of 8).
Train Loss: output=0.0016, reconstruction=1.5848
Epoch [79/400]
batch = 0 (Δ=0.274s, 100.00%)
Training throughput: 1 batches in 0.273s; word units 100.0% of 8 words (letters-only 100.0% of 8).
Train Loss: output=0.0019, reconstruction=1.8196
Epoch [80/400]
batch = 0 (Δ=0.267s, 100.00%)
Training throughput: 1 batches in 0.267s; word units 100.0% of 8 words (letters-only 100.0% of 8).
Train Loss: output=0.0025, reconstruction=1.8188
Epoch [81/400]
batch = 0 (Δ=0.270s, 100.00%)
Training throughput: 1 batches in 0.270s; word units 100.0% of 8 words (letters-only 100.0% of 8).
Train Loss: output=0.0032, reconstruction=1.8396
Epoch [82/400]
batch = 0 (Δ=0.267s, 100.00%)
Training throughput: 1 batches in 0.267s; word units 100.0% of 8 words (letters-only 100.0% of 8).
Train Loss: output=0.0036, reconstruction=1.8707
Epoch [83/400]
batch = 0 (Δ=0.274s, 100.00%)
Training throughput: 1 batches in 0.274s; word units 100.0% of 8 words (letters-only 100.0% of 8).
Train Loss: output=0.0038, reconstruction=1.8792
Epoch [84/400]
batch = 0 (Δ=0.271s, 100.00%)
Training throughput: 1 batches in 0.270s; word units 100.0% of 8 words (letters-only 100.0% of 8).
Train Loss: output=0.0041, reconstruction=1.7056
Epoch [85/400]
batch = 0 (Δ=0.269s, 100.00%)
Training throughput: 1 batches in 0.269s; word units 100.0% of 8 words (letters-only 100.0% of 8).
Train Loss: output=0.0044, reconstruction=1.7023
Epoch [86/400]
batch = 0 (Δ=0.267s, 100.00%)
Training throughput: 1 batches in 0.266s; word units 100.0% of 8 words (letters-only 100.0% of 8).
Train Loss: output=0.0042, reconstruction=1.6842
Epoch [87/400]
batch = 0 (Δ=0.274s, 100.00%)
Training throughput: 1 batches in 0.273s; word units 100.0% of 8 words (letters-only 100.0% of 8).
Train Loss: output=0.0037, reconstruction=1.6673
Epoch [88/400]
batch = 0 (Δ=0.271s, 100.00%)
Training throughput: 1 batches in 0.270s; word units 100.0% of 8 words (letters-only 100.0% of 8).
Train Loss: output=0.0034, reconstruction=1.6622
Epoch [89/400]
batch = 0 (Δ=0.268s, 100.00%)
Training throughput: 1 batches in 0.268s; word units 100.0% of 8 words (letters-only 100.0% of 8).
Train Loss: output=0.0030, reconstruction=1.6630
Epoch [90/400]
batch = 0 (Δ=0.262s, 100.00%)
Training throughput: 1 batches in 0.262s; word units 100.0% of 8 words (letters-only 100.0% of 8).
Train Loss: output=0.0029, reconstruction=1.6714
Epoch [91/400]
batch = 0 (Δ=0.271s, 100.00%)
Training throughput: 1 batches in 0.270s; word units 100.0% of 8 words (letters-only 100.0% of 8).
Train Loss: output=0.0035, reconstruction=1.6934
Epoch [92/400]
batch = 0 (Δ=0.260s, 100.00%)
Training throughput: 1 batches in 0.259s; word units 100.0% of 8 words (letters-only 100.0% of 8).
Train Loss: output=0.0028, reconstruction=1.7251
Epoch [93/400]
batch = 0 (Δ=0.264s, 100.00%)
Training throughput: 1 batches in 0.263s; word units 100.0% of 8 words (letters-only 100.0% of 8).
Train Loss: output=0.0025, reconstruction=1.8541
Epoch [94/400]
batch = 0 (Δ=0.266s, 100.00%)
Training throughput: 1 batches in 0.266s; word units 100.0% of 8 words (letters-only 100.0% of 8).
Train Loss: output=0.0075, reconstruction=1.7714
Epoch [95/400]
batch = 0 (Δ=0.271s, 100.00%)
Training throughput: 1 batches in 0.270s; word units 100.0% of 8 words (letters-only 100.0% of 8).
Train Loss: output=0.0074, reconstruction=1.8787
Epoch [96/400]
batch = 0 (Δ=0.270s, 100.00%)
Training throughput: 1 batches in 0.269s; word units 100.0% of 8 words (letters-only 100.0% of 8).
Train Loss: output=0.0054, reconstruction=1.8737
Epoch [97/400]
batch = 0 (Δ=0.268s, 100.00%)
Training throughput: 1 batches in 0.267s; word units 100.0% of 8 words (letters-only 100.0% of 8).
Train Loss: output=0.0040, reconstruction=1.8597
Epoch [98/400]
batch = 0 (Δ=0.269s, 100.00%)
Training throughput: 1 batches in 0.269s; word units 100.0% of 8 words (letters-only 100.0% of 8).
Train Loss: output=0.0024, reconstruction=1.8390
Epoch [99/400]
batch = 0 (Δ=0.272s, 100.00%)
Training throughput: 1 batches in 0.272s; word units 100.0% of 8 words (letters-only 100.0% of 8).
Train Loss: output=0.0014, reconstruction=1.8159
Epoch [100/400]
batch = 0 (Δ=0.266s, 100.00%)
Training throughput: 1 batches in 0.266s; word units 100.0% of 8 words (letters-only 100.0% of 8).
Train Loss: output=0.0010, reconstruction=1.8044
Epoch [101/400]
batch = 0 (Δ=0.272s, 100.00%)
Training throughput: 1 batches in 0.271s; word units 100.0% of 8 words (letters-only 100.0% of 8).
Train Loss: output=0.0008, reconstruction=1.8018
Epoch [102/400]
batch = 0 (Δ=0.269s, 100.00%)
Training throughput: 1 batches in 0.269s; word units 100.0% of 8 words (letters-only 100.0% of 8).
Train Loss: output=0.0007, reconstruction=1.6943
Epoch [103/400]
batch = 0 (Δ=0.273s, 100.00%)
Training throughput: 1 batches in 0.272s; word units 100.0% of 8 words (letters-only 100.0% of 8).
Train Loss: output=0.0007, reconstruction=1.7039
Epoch [104/400]
batch = 0 (Δ=0.265s, 100.00%)
Training throughput: 1 batches in 0.265s; word units 100.0% of 8 words (letters-only 100.0% of 8).
Train Loss: output=0.0010, reconstruction=1.7198
Epoch [105/400]
batch = 0 (Δ=0.268s, 100.00%)
Training throughput: 1 batches in 0.268s; word units 100.0% of 8 words (letters-only 100.0% of 8).
Train Loss: output=0.0013, reconstruction=1.7290
Epoch [106/400]
batch = 0 (Δ=0.264s, 100.00%)
Training throughput: 1 batches in 0.264s; word units 100.0% of 8 words (letters-only 100.0% of 8).
Train Loss: output=0.0018, reconstruction=1.7428
Epoch [107/400]
batch = 0 (Δ=0.272s, 100.00%)
Training throughput: 1 batches in 0.271s; word units 100.0% of 8 words (letters-only 100.0% of 8).
Train Loss: output=0.0027, reconstruction=1.7658
Epoch [108/400]
batch = 0 (Δ=0.268s, 100.00%)
Training throughput: 1 batches in 0.268s; word units 100.0% of 8 words (letters-only 100.0% of 8).
Train Loss: output=0.0038, reconstruction=1.7896
Epoch [109/400]
batch = 0 (Δ=0.274s, 100.00%)
Training throughput: 1 batches in 0.273s; word units 100.0% of 8 words (letters-only 100.0% of 8).
Train Loss: output=0.0015, reconstruction=1.8090
Epoch [110/400]
batch = 0 (Δ=0.270s, 100.00%)
Training throughput: 1 batches in 0.269s; word units 100.0% of 8 words (letters-only 100.0% of 8).
Train Loss: output=0.0056, reconstruction=1.7936
Epoch [111/400]
batch = 0 (Δ=0.270s, 100.00%)
Training throughput: 1 batches in 0.269s; word units 100.0% of 8 words (letters-only 100.0% of 8).
Train Loss: output=0.0058, reconstruction=1.7885
Epoch [112/400]
batch = 0 (Δ=0.678s, 100.00%)
Training throughput: 1 batches in 0.678s; word units 100.0% of 8 words (letters-only 100.0% of 8).
Train Loss: output=0.0055, reconstruction=1.7954
Epoch [113/400]
batch = 0 (Δ=0.278s, 100.00%)
Training throughput: 1 batches in 0.278s; word units 100.0% of 8 words (letters-only 100.0% of 8).
Train Loss: output=0.0044, reconstruction=1.7663
Epoch [114/400]
batch = 0 (Δ=0.273s, 100.00%)
Training throughput: 1 batches in 0.271s; word units 100.0% of 8 words (letters-only 100.0% of 8).
Train Loss: output=0.0031, reconstruction=1.7293
Epoch [115/400]
batch = 0 (Δ=0.265s, 100.00%)
Training throughput: 1 batches in 0.264s; word units 100.0% of 8 words (letters-only 100.0% of 8).
Train Loss: output=0.0022, reconstruction=1.6899
Epoch [116/400]
batch = 0 (Δ=0.269s, 100.00%)
Training throughput: 1 batches in 0.269s; word units 100.0% of 8 words (letters-only 100.0% of 8).
Train Loss: output=0.0015, reconstruction=1.6570
Epoch [117/400]
batch = 0 (Δ=0.266s, 100.00%)
Training throughput: 1 batches in 0.266s; word units 100.0% of 8 words (letters-only 100.0% of 8).
Train Loss: output=0.0010, reconstruction=1.6292
Epoch [118/400]
batch = 0 (Δ=0.272s, 100.00%)
Training throughput: 1 batches in 0.271s; word units 100.0% of 8 words (letters-only 100.0% of 8).
Train Loss: output=0.0014, reconstruction=1.6079
Epoch [119/400]
batch = 0 (Δ=0.268s, 100.00%)
Training throughput: 1 batches in 0.267s; word units 100.0% of 8 words (letters-only 100.0% of 8).
Train Loss: output=0.0007, reconstruction=1.5912
Epoch [120/400]
batch = 0 (Δ=0.271s, 100.00%)
Training throughput: 1 batches in 0.270s; word units 100.0% of 8 words (letters-only 100.0% of 8).
Train Loss: output=0.0014, reconstruction=1.5825
Epoch [121/400]
batch = 0 (Δ=0.264s, 100.00%)
Training throughput: 1 batches in 0.263s; word units 100.0% of 8 words (letters-only 100.0% of 8).
Train Loss: output=0.0007, reconstruction=1.5879
Epoch [122/400]
batch = 0 (Δ=0.272s, 100.00%)
Training throughput: 1 batches in 0.272s; word units 100.0% of 8 words (letters-only 100.0% of 8).
Train Loss: output=0.0026, reconstruction=1.6031
Epoch [123/400]
batch = 0 (Δ=0.266s, 100.00%)
Training throughput: 1 batches in 0.265s; word units 100.0% of 8 words (letters-only 100.0% of 8).
Train Loss: output=0.0011, reconstruction=1.6172
Epoch [124/400]
batch = 0 (Δ=0.271s, 100.00%)
Training throughput: 1 batches in 0.270s; word units 100.0% of 8 words (letters-only 100.0% of 8).
Train Loss: output=0.0044, reconstruction=1.6291
Epoch [125/400]
batch = 0 (Δ=0.267s, 100.00%)
Training throughput: 1 batches in 0.267s; word units 100.0% of 8 words (letters-only 100.0% of 8).
Train Loss: output=0.0012, reconstruction=1.6350
Epoch [126/400]
batch = 0 (Δ=0.272s, 100.00%)
Training throughput: 1 batches in 0.271s; word units 100.0% of 8 words (letters-only 100.0% of 8).
Train Loss: output=0.0012, reconstruction=1.6374
Epoch [127/400]
batch = 0 (Δ=0.262s, 100.00%)
Training throughput: 1 batches in 0.261s; word units 100.0% of 8 words (letters-only 100.0% of 8).
Train Loss: output=0.0015, reconstruction=1.6472
Epoch [128/400]
batch = 0 (Δ=0.269s, 100.00%)
Training throughput: 1 batches in 0.268s; word units 100.0% of 8 words (letters-only 100.0% of 8).
Train Loss: output=0.0049, reconstruction=1.6552
Epoch [129/400]
batch = 0 (Δ=0.266s, 100.00%)
Training throughput: 1 batches in 0.265s; word units 100.0% of 8 words (letters-only 100.0% of 8).
Train Loss: output=0.0047, reconstruction=1.6615
Epoch [130/400]
batch = 0 (Δ=0.272s, 100.00%)
Training throughput: 1 batches in 0.272s; word units 100.0% of 8 words (letters-only 100.0% of 8).
Train Loss: output=0.0026, reconstruction=1.6766
Epoch [131/400]
batch = 0 (Δ=0.264s, 100.00%)
Training throughput: 1 batches in 0.264s; word units 100.0% of 8 words (letters-only 100.0% of 8).
Train Loss: output=0.0057, reconstruction=1.7028
Epoch [132/400]
batch = 0 (Δ=0.271s, 100.00%)
Training throughput: 1 batches in 0.270s; word units 100.0% of 8 words (letters-only 100.0% of 8).
Train Loss: output=0.0014, reconstruction=1.7251
Epoch [133/400]
batch = 0 (Δ=0.269s, 100.00%)
Training throughput: 1 batches in 0.268s; word units 100.0% of 8 words (letters-only 100.0% of 8).
Train Loss: output=0.0044, reconstruction=1.7375
Epoch [134/400]
batch = 0 (Δ=0.273s, 100.00%)
Training throughput: 1 batches in 0.272s; word units 100.0% of 8 words (letters-only 100.0% of 8).
Train Loss: output=0.0041, reconstruction=1.7463
Epoch [135/400]
batch = 0 (Δ=0.271s, 100.00%)
Training throughput: 1 batches in 0.271s; word units 100.0% of 8 words (letters-only 100.0% of 8).
Train Loss: output=0.0041, reconstruction=1.7484
Epoch [136/400]
batch = 0 (Δ=0.269s, 100.00%)
Training throughput: 1 batches in 0.269s; word units 100.0% of 8 words (letters-only 100.0% of 8).
Train Loss: output=0.0028, reconstruction=1.7409
Epoch [137/400]
batch = 0 (Δ=0.269s, 100.00%)
Training throughput: 1 batches in 0.269s; word units 100.0% of 8 words (letters-only 100.0% of 8).
Train Loss: output=0.0018, reconstruction=1.7266
Epoch [138/400]
batch = 0 (Δ=0.275s, 100.00%)
Training throughput: 1 batches in 0.275s; word units 100.0% of 8 words (letters-only 100.0% of 8).
Train Loss: output=0.0011, reconstruction=1.7159
Epoch [139/400]
batch = 0 (Δ=0.267s, 100.00%)
Training throughput: 1 batches in 0.266s; word units 100.0% of 8 words (letters-only 100.0% of 8).
Train Loss: output=0.0004, reconstruction=1.7102
Epoch [140/400]
batch = 0 (Δ=0.268s, 100.00%)
Training throughput: 1 batches in 0.268s; word units 100.0% of 8 words (letters-only 100.0% of 8).
Train Loss: output=0.0004, reconstruction=1.6891
Epoch [141/400]
batch = 0 (Δ=0.264s, 100.00%)
Training throughput: 1 batches in 0.264s; word units 100.0% of 8 words (letters-only 100.0% of 8).
Train Loss: output=0.0016, reconstruction=1.6647
Epoch [142/400]
batch = 0 (Δ=0.277s, 100.00%)
Training throughput: 1 batches in 0.276s; word units 100.0% of 8 words (letters-only 100.0% of 8).
Train Loss: output=0.0021, reconstruction=1.6437
Epoch [143/400]
batch = 0 (Δ=0.267s, 100.00%)
Training throughput: 1 batches in 0.266s; word units 100.0% of 8 words (letters-only 100.0% of 8).
Train Loss: output=0.0025, reconstruction=1.6369
Epoch [144/400]
batch = 0 (Δ=0.271s, 100.00%)
Training throughput: 1 batches in 0.271s; word units 100.0% of 8 words (letters-only 100.0% of 8).
Train Loss: output=0.0029, reconstruction=1.6566
Epoch [145/400]
batch = 0 (Δ=0.267s, 100.00%)
Training throughput: 1 batches in 0.267s; word units 100.0% of 8 words (letters-only 100.0% of 8).
Train Loss: output=0.0017, reconstruction=1.6760
Epoch [146/400]
batch = 0 (Δ=0.272s, 100.00%)
Training throughput: 1 batches in 0.272s; word units 100.0% of 8 words (letters-only 100.0% of 8).
Train Loss: output=0.0020, reconstruction=1.6933
Epoch [147/400]
batch = 0 (Δ=0.269s, 100.00%)
Training throughput: 1 batches in 0.269s; word units 100.0% of 8 words (letters-only 100.0% of 8).
Train Loss: output=0.0036, reconstruction=1.7056
Epoch [148/400]
batch = 0 (Δ=0.266s, 100.00%)
Training throughput: 1 batches in 0.266s; word units 100.0% of 8 words (letters-only 100.0% of 8).
Train Loss: output=0.0033, reconstruction=1.7108
Epoch [149/400]
batch = 0 (Δ=0.268s, 100.00%)
Training throughput: 1 batches in 0.268s; word units 100.0% of 8 words (letters-only 100.0% of 8).
Train Loss: output=0.0016, reconstruction=1.7157
Epoch [150/400]
batch = 0 (Δ=0.273s, 100.00%)
Training throughput: 1 batches in 0.272s; word units 100.0% of 8 words (letters-only 100.0% of 8).
Train Loss: output=0.0027, reconstruction=1.7028
Epoch [151/400]
batch = 0 (Δ=0.269s, 100.00%)
Training throughput: 1 batches in 0.268s; word units 100.0% of 8 words (letters-only 100.0% of 8).
Train Loss: output=0.0022, reconstruction=1.7114
Epoch [152/400]
batch = 0 (Δ=0.270s, 100.00%)
Training throughput: 1 batches in 0.270s; word units 100.0% of 8 words (letters-only 100.0% of 8).
Train Loss: output=0.0017, reconstruction=1.7131
Epoch [153/400]
batch = 0 (Δ=0.262s, 100.00%)
Training throughput: 1 batches in 0.261s; word units 100.0% of 8 words (letters-only 100.0% of 8).
Train Loss: output=0.0044, reconstruction=0.8590
Epoch [154/400]
batch = 0 (Δ=0.271s, 100.00%)
Training throughput: 1 batches in 0.271s; word units 100.0% of 8 words (letters-only 100.0% of 8).
Train Loss: output=0.0011, reconstruction=1.7400
Epoch [155/400]
batch = 0 (Δ=0.268s, 100.00%)
Training throughput: 1 batches in 0.268s; word units 100.0% of 8 words (letters-only 100.0% of 8).
Train Loss: output=0.0007, reconstruction=1.7264
Epoch [156/400]
batch = 0 (Δ=0.300s, 100.00%)
Training throughput: 1 batches in 0.299s; word units 100.0% of 8 words (letters-only 100.0% of 8).
Train Loss: output=0.0010, reconstruction=1.7404
Epoch [157/400]
batch = 0 (Δ=0.272s, 100.00%)
Training throughput: 1 batches in 0.271s; word units 100.0% of 8 words (letters-only 100.0% of 8).
Train Loss: output=0.0014, reconstruction=1.7793
Epoch [158/400]
batch = 0 (Δ=0.272s, 100.00%)
Training throughput: 1 batches in 0.271s; word units 100.0% of 8 words (letters-only 100.0% of 8).
Train Loss: output=0.0021, reconstruction=0.8492
Epoch [159/400]
batch = 0 (Δ=0.269s, 100.00%)
Training throughput: 1 batches in 0.269s; word units 100.0% of 8 words (letters-only 100.0% of 8).
Train Loss: output=0.0073, reconstruction=1.7938
Epoch [160/400]
batch = 0 (Δ=0.273s, 100.00%)
Training throughput: 1 batches in 0.272s; word units 100.0% of 8 words (letters-only 100.0% of 8).
Train Loss: output=0.0072, reconstruction=1.7806
Epoch [161/400]
batch = 0 (Δ=0.275s, 100.00%)
Training throughput: 1 batches in 0.274s; word units 100.0% of 8 words (letters-only 100.0% of 8).
Train Loss: output=0.0065, reconstruction=1.7920
Epoch [162/400]
batch = 0 (Δ=0.274s, 100.00%)
Training throughput: 1 batches in 0.274s; word units 100.0% of 8 words (letters-only 100.0% of 8).
Train Loss: output=0.0059, reconstruction=1.8247
Epoch [163/400]
batch = 0 (Δ=0.270s, 100.00%)
Training throughput: 1 batches in 0.270s; word units 100.0% of 8 words (letters-only 100.0% of 8).
Train Loss: output=0.0059, reconstruction=1.8244
Epoch [164/400]
batch = 0 (Δ=0.270s, 100.00%)
Training throughput: 1 batches in 0.270s; word units 100.0% of 8 words (letters-only 100.0% of 8).
Train Loss: output=0.0065, reconstruction=1.7864
Epoch [165/400]
batch = 0 (Δ=0.267s, 100.00%)
Training throughput: 1 batches in 0.266s; word units 100.0% of 8 words (letters-only 100.0% of 8).
Train Loss: output=0.0046, reconstruction=1.7757
Epoch [166/400]
batch = 0 (Δ=0.276s, 100.00%)
Training throughput: 1 batches in 0.276s; word units 100.0% of 8 words (letters-only 100.0% of 8).
Train Loss: output=0.0030, reconstruction=1.7320
Epoch [167/400]
batch = 0 (Δ=0.270s, 100.00%)
Training throughput: 1 batches in 0.269s; word units 100.0% of 8 words (letters-only 100.0% of 8).
Train Loss: output=0.0038, reconstruction=1.6717
Epoch [168/400]
batch = 0 (Δ=0.271s, 100.00%)
Training throughput: 1 batches in 0.271s; word units 100.0% of 8 words (letters-only 100.0% of 8).
Train Loss: output=0.0101, reconstruction=1.6632
Epoch [169/400]
batch = 0 (Δ=0.270s, 100.00%)
Training throughput: 1 batches in 0.270s; word units 100.0% of 8 words (letters-only 100.0% of 8).
Train Loss: output=0.0073, reconstruction=1.6418
Epoch [170/400]
batch = 0 (Δ=0.274s, 100.00%)
Training throughput: 1 batches in 0.273s; word units 100.0% of 8 words (letters-only 100.0% of 8).
Train Loss: output=0.0073, reconstruction=1.6132
Epoch [171/400]
batch = 0 (Δ=0.272s, 100.00%)
Training throughput: 1 batches in 0.271s; word units 100.0% of 8 words (letters-only 100.0% of 8).
Train Loss: output=0.0097, reconstruction=1.6174
Epoch [172/400]
batch = 0 (Δ=0.272s, 100.00%)
Training throughput: 1 batches in 0.272s; word units 100.0% of 8 words (letters-only 100.0% of 8).
Train Loss: output=0.0069, reconstruction=1.6442
Epoch [173/400]
batch = 0 (Δ=0.268s, 100.00%)
Training throughput: 1 batches in 0.268s; word units 100.0% of 8 words (letters-only 100.0% of 8).
Train Loss: output=0.0080, reconstruction=1.6521
Epoch [174/400]
batch = 0 (Δ=0.275s, 100.00%)
Training throughput: 1 batches in 0.274s; word units 100.0% of 8 words (letters-only 100.0% of 8).
Train Loss: output=0.0067, reconstruction=1.6711
Epoch [175/400]
batch = 0 (Δ=0.267s, 100.00%)
Training throughput: 1 batches in 0.267s; word units 100.0% of 8 words (letters-only 100.0% of 8).
Train Loss: output=0.0057, reconstruction=1.6728
Epoch [176/400]
batch = 0 (Δ=0.270s, 100.00%)
Training throughput: 1 batches in 0.270s; word units 100.0% of 8 words (letters-only 100.0% of 8).
Train Loss: output=0.0069, reconstruction=1.7035
Epoch [177/400]
batch = 0 (Δ=0.267s, 100.00%)
Training throughput: 1 batches in 0.266s; word units 100.0% of 8 words (letters-only 100.0% of 8).
Train Loss: output=0.0067, reconstruction=1.7123
Epoch [178/400]
batch = 0 (Δ=0.274s, 100.00%)
Training throughput: 1 batches in 0.274s; word units 100.0% of 8 words (letters-only 100.0% of 8).
Train Loss: output=0.0068, reconstruction=1.7289
Epoch [179/400]
batch = 0 (Δ=0.265s, 100.00%)
Training throughput: 1 batches in 0.265s; word units 100.0% of 8 words (letters-only 100.0% of 8).
Train Loss: output=0.0069, reconstruction=1.7514
Epoch [180/400]
batch = 0 (Δ=0.267s, 100.00%)
Training throughput: 1 batches in 0.266s; word units 100.0% of 8 words (letters-only 100.0% of 8).
Train Loss: output=0.0072, reconstruction=1.7456
Epoch [181/400]
batch = 0 (Δ=0.268s, 100.00%)
Training throughput: 1 batches in 0.267s; word units 100.0% of 8 words (letters-only 100.0% of 8).
Train Loss: output=0.0077, reconstruction=1.7654
Epoch [182/400]
batch = 0 (Δ=0.274s, 100.00%)
Training throughput: 1 batches in 0.274s; word units 100.0% of 8 words (letters-only 100.0% of 8).
Train Loss: output=0.0071, reconstruction=1.7587
Epoch [183/400]
batch = 0 (Δ=0.264s, 100.00%)
Training throughput: 1 batches in 0.263s; word units 100.0% of 8 words (letters-only 100.0% of 8).
Train Loss: output=0.0093, reconstruction=1.7360
Epoch [184/400]
batch = 0 (Δ=0.270s, 100.00%)
Training throughput: 1 batches in 0.269s; word units 100.0% of 8 words (letters-only 100.0% of 8).
Train Loss: output=0.0099, reconstruction=1.7337
Epoch [185/400]
batch = 0 (Δ=0.264s, 100.00%)
Training throughput: 1 batches in 0.264s; word units 100.0% of 8 words (letters-only 100.0% of 8).
Train Loss: output=0.0107, reconstruction=1.7159
Epoch [186/400]
batch = 0 (Δ=0.275s, 100.00%)
Training throughput: 1 batches in 0.275s; word units 100.0% of 8 words (letters-only 100.0% of 8).
Train Loss: output=0.0116, reconstruction=1.7029
Epoch [187/400]
batch = 0 (Δ=0.271s, 100.00%)
Training throughput: 1 batches in 0.270s; word units 100.0% of 8 words (letters-only 100.0% of 8).
Train Loss: output=0.0031, reconstruction=1.6739
Epoch [188/400]
batch = 0 (Δ=0.269s, 100.00%)
Training throughput: 1 batches in 0.269s; word units 100.0% of 8 words (letters-only 100.0% of 8).
Train Loss: output=0.0092, reconstruction=1.6332
Epoch [189/400]
batch = 0 (Δ=0.265s, 100.00%)
Training throughput: 1 batches in 0.265s; word units 100.0% of 8 words (letters-only 100.0% of 8).
Train Loss: output=0.0057, reconstruction=1.6152
Epoch [190/400]
batch = 0 (Δ=0.271s, 100.00%)
Training throughput: 1 batches in 0.271s; word units 100.0% of 8 words (letters-only 100.0% of 8).
Train Loss: output=0.0081, reconstruction=1.6203
Epoch [191/400]
batch = 0 (Δ=0.272s, 100.00%)
Training throughput: 1 batches in 0.271s; word units 100.0% of 8 words (letters-only 100.0% of 8).
Train Loss: output=0.0078, reconstruction=1.6120
Epoch [192/400]
batch = 0 (Δ=0.273s, 100.00%)
Training throughput: 1 batches in 0.272s; word units 100.0% of 8 words (letters-only 100.0% of 8).
Train Loss: output=0.0052, reconstruction=1.6117
Epoch [193/400]
batch = 0 (Δ=0.267s, 100.00%)
Training throughput: 1 batches in 0.267s; word units 100.0% of 8 words (letters-only 100.0% of 8).
Train Loss: output=0.0041, reconstruction=1.6115
Epoch [194/400]
batch = 0 (Δ=0.268s, 100.00%)
Training throughput: 1 batches in 0.268s; word units 100.0% of 8 words (letters-only 100.0% of 8).
Train Loss: output=0.0043, reconstruction=1.6111
Epoch [195/400]
batch = 0 (Δ=0.271s, 100.00%)
Training throughput: 1 batches in 0.271s; word units 100.0% of 8 words (letters-only 100.0% of 8).
Train Loss: output=0.0061, reconstruction=1.6167
Epoch [196/400]
batch = 0 (Δ=0.271s, 100.00%)
Training throughput: 1 batches in 0.271s; word units 100.0% of 8 words (letters-only 100.0% of 8).
Train Loss: output=0.0055, reconstruction=1.6214
Epoch [197/400]
batch = 0 (Δ=0.272s, 100.00%)
Training throughput: 1 batches in 0.271s; word units 100.0% of 8 words (letters-only 100.0% of 8).
Train Loss: output=0.0049, reconstruction=1.6223
Epoch [198/400]
batch = 0 (Δ=0.273s, 100.00%)
Training throughput: 1 batches in 0.273s; word units 100.0% of 8 words (letters-only 100.0% of 8).
Train Loss: output=0.0042, reconstruction=1.6298
Epoch [199/400]
batch = 0 (Δ=0.269s, 100.00%)
Training throughput: 1 batches in 0.268s; word units 100.0% of 8 words (letters-only 100.0% of 8).
Train Loss: output=0.0035, reconstruction=1.6374
Epoch [200/400]
batch = 0 (Δ=0.273s, 100.00%)
Training throughput: 1 batches in 0.272s; word units 100.0% of 8 words (letters-only 100.0% of 8).
Train Loss: output=0.0029, reconstruction=1.6377
Epoch [201/400]
batch = 0 (Δ=0.269s, 100.00%)
Training throughput: 1 batches in 0.268s; word units 100.0% of 8 words (letters-only 100.0% of 8).
Train Loss: output=0.0026, reconstruction=1.6383
Epoch [202/400]
batch = 0 (Δ=0.271s, 100.00%)
Training throughput: 1 batches in 0.271s; word units 100.0% of 8 words (letters-only 100.0% of 8).
Train Loss: output=0.0015, reconstruction=1.6405
Epoch [203/400]
batch = 0 (Δ=0.268s, 100.00%)
Training throughput: 1 batches in 0.268s; word units 100.0% of 8 words (letters-only 100.0% of 8).
Train Loss: output=0.0022, reconstruction=1.6379
Epoch [204/400]
batch = 0 (Δ=0.272s, 100.00%)
Training throughput: 1 batches in 0.272s; word units 100.0% of 8 words (letters-only 100.0% of 8).
Train Loss: output=0.0021, reconstruction=1.6306
Epoch [205/400]
batch = 0 (Δ=0.266s, 100.00%)
Training throughput: 1 batches in 0.265s; word units 100.0% of 8 words (letters-only 100.0% of 8).
Train Loss: output=0.0021, reconstruction=1.6216
Epoch [206/400]
batch = 0 (Δ=0.274s, 100.00%)
Training throughput: 1 batches in 0.273s; word units 100.0% of 8 words (letters-only 100.0% of 8).
Train Loss: output=0.0018, reconstruction=1.6153
Epoch [207/400]
batch = 0 (Δ=0.266s, 100.00%)
Training throughput: 1 batches in 0.266s; word units 100.0% of 8 words (letters-only 100.0% of 8).
Train Loss: output=0.0027, reconstruction=1.6085
Epoch [208/400]
batch = 0 (Δ=0.274s, 100.00%)
Training throughput: 1 batches in 0.274s; word units 100.0% of 8 words (letters-only 100.0% of 8).
Train Loss: output=0.0032, reconstruction=1.6085
Epoch [209/400]
batch = 0 (Δ=0.269s, 100.00%)
Training throughput: 1 batches in 0.268s; word units 100.0% of 8 words (letters-only 100.0% of 8).
Train Loss: output=0.0037, reconstruction=1.6109
Epoch [210/400]
batch = 0 (Δ=0.277s, 100.00%)
Training throughput: 1 batches in 0.277s; word units 100.0% of 8 words (letters-only 100.0% of 8).
Train Loss: output=0.0040, reconstruction=1.6113
Epoch [211/400]
batch = 0 (Δ=0.268s, 100.00%)
Training throughput: 1 batches in 0.267s; word units 100.0% of 8 words (letters-only 100.0% of 8).
Train Loss: output=0.0042, reconstruction=1.6208
Epoch [212/400]
batch = 0 (Δ=0.272s, 100.00%)
Training throughput: 1 batches in 0.271s; word units 100.0% of 8 words (letters-only 100.0% of 8).
Train Loss: output=0.0032, reconstruction=1.6327
Epoch [213/400]
batch = 0 (Δ=0.639s, 100.00%)
Training throughput: 1 batches in 0.639s; word units 100.0% of 8 words (letters-only 100.0% of 8).
Train Loss: output=0.0048, reconstruction=1.6363
Epoch [214/400]
batch = 0 (Δ=0.265s, 100.00%)
Training throughput: 1 batches in 0.264s; word units 100.0% of 8 words (letters-only 100.0% of 8).
Train Loss: output=0.0038, reconstruction=1.6332
Epoch [215/400]
batch = 0 (Δ=0.273s, 100.00%)
Training throughput: 1 batches in 0.272s; word units 100.0% of 8 words (letters-only 100.0% of 8).
Train Loss: output=0.0059, reconstruction=1.6200
Epoch [216/400]
batch = 0 (Δ=0.269s, 100.00%)
Training throughput: 1 batches in 0.269s; word units 100.0% of 8 words (letters-only 100.0% of 8).
Train Loss: output=0.0064, reconstruction=1.5975
Epoch [217/400]
batch = 0 (Δ=0.274s, 100.00%)
Training throughput: 1 batches in 0.273s; word units 100.0% of 8 words (letters-only 100.0% of 8).
Train Loss: output=0.0067, reconstruction=1.5744
Epoch [218/400]
batch = 0 (Δ=0.270s, 100.00%)
Training throughput: 1 batches in 0.270s; word units 100.0% of 8 words (letters-only 100.0% of 8).
Train Loss: output=0.0044, reconstruction=1.5546
Epoch [219/400]
batch = 0 (Δ=0.270s, 100.00%)
Training throughput: 1 batches in 0.270s; word units 100.0% of 8 words (letters-only 100.0% of 8).
Train Loss: output=0.0065, reconstruction=1.5401
Epoch [220/400]
batch = 0 (Δ=0.269s, 100.00%)
Training throughput: 1 batches in 0.269s; word units 100.0% of 8 words (letters-only 100.0% of 8).
Train Loss: output=0.0060, reconstruction=1.5299
Epoch [221/400]
batch = 0 (Δ=0.276s, 100.00%)
Training throughput: 1 batches in 0.276s; word units 100.0% of 8 words (letters-only 100.0% of 8).
Train Loss: output=0.0055, reconstruction=1.5202
Epoch [222/400]
batch = 0 (Δ=0.270s, 100.00%)
Training throughput: 1 batches in 0.270s; word units 100.0% of 8 words (letters-only 100.0% of 8).
Train Loss: output=0.0051, reconstruction=1.5221
Epoch [223/400]
batch = 0 (Δ=0.273s, 100.00%)
Training throughput: 1 batches in 0.272s; word units 100.0% of 8 words (letters-only 100.0% of 8).
Train Loss: output=0.0031, reconstruction=1.5310
Epoch [224/400]
batch = 0 (Δ=0.270s, 100.00%)
Training throughput: 1 batches in 0.270s; word units 100.0% of 8 words (letters-only 100.0% of 8).
Train Loss: output=0.0030, reconstruction=1.5350
Epoch [225/400]
batch = 0 (Δ=0.273s, 100.00%)
Training throughput: 1 batches in 0.272s; word units 100.0% of 8 words (letters-only 100.0% of 8).
Train Loss: output=0.0046, reconstruction=1.5322
Epoch [226/400]
batch = 0 (Δ=0.271s, 100.00%)
Training throughput: 1 batches in 0.270s; word units 100.0% of 8 words (letters-only 100.0% of 8).
Train Loss: output=0.0050, reconstruction=1.5322
Epoch [227/400]
batch = 0 (Δ=0.271s, 100.00%)
Training throughput: 1 batches in 0.270s; word units 100.0% of 8 words (letters-only 100.0% of 8).
Train Loss: output=0.0053, reconstruction=1.5427
Epoch [228/400]
batch = 0 (Δ=0.269s, 100.00%)
Training throughput: 1 batches in 0.269s; word units 100.0% of 8 words (letters-only 100.0% of 8).
Train Loss: output=0.0055, reconstruction=1.5516
Epoch [229/400]
batch = 0 (Δ=0.275s, 100.00%)
Training throughput: 1 batches in 0.275s; word units 100.0% of 8 words (letters-only 100.0% of 8).
Train Loss: output=0.0057, reconstruction=1.5509
Epoch [230/400]
batch = 0 (Δ=0.268s, 100.00%)
Training throughput: 1 batches in 0.267s; word units 100.0% of 8 words (letters-only 100.0% of 8).
Train Loss: output=0.0058, reconstruction=1.5436
Epoch [231/400]
batch = 0 (Δ=0.272s, 100.00%)
Training throughput: 1 batches in 0.272s; word units 100.0% of 8 words (letters-only 100.0% of 8).
Train Loss: output=0.0060, reconstruction=1.5322
Epoch [232/400]
batch = 0 (Δ=0.271s, 100.00%)
Training throughput: 1 batches in 0.271s; word units 100.0% of 8 words (letters-only 100.0% of 8).
Train Loss: output=0.0061, reconstruction=1.5275
Epoch [233/400]
batch = 0 (Δ=0.273s, 100.00%)
Training throughput: 1 batches in 0.272s; word units 100.0% of 8 words (letters-only 100.0% of 8).
Train Loss: output=0.0214, reconstruction=1.5238
Epoch [234/400]
batch = 0 (Δ=0.297s, 100.00%)
Training throughput: 1 batches in 0.297s; word units 100.0% of 8 words (letters-only 100.0% of 8).
Train Loss: output=0.0195, reconstruction=1.5134
Epoch [235/400]
batch = 0 (Δ=0.273s, 100.00%)
Training throughput: 1 batches in 0.271s; word units 100.0% of 8 words (letters-only 100.0% of 8).
Train Loss: output=0.0171, reconstruction=1.5019
Epoch [236/400]
batch = 0 (Δ=0.265s, 100.00%)
Training throughput: 1 batches in 0.265s; word units 100.0% of 8 words (letters-only 100.0% of 8).
Train Loss: output=0.0130, reconstruction=1.4962
Epoch [237/400]
batch = 0 (Δ=0.266s, 100.00%)
Training throughput: 1 batches in 0.265s; word units 100.0% of 8 words (letters-only 100.0% of 8).
Train Loss: output=0.0036, reconstruction=1.4914
Epoch [238/400]
batch = 0 (Δ=0.262s, 100.00%)
Training throughput: 1 batches in 0.262s; word units 100.0% of 8 words (letters-only 100.0% of 8).
Train Loss: output=0.0094, reconstruction=1.4886
Epoch [239/400]
batch = 0 (Δ=0.272s, 100.00%)
Training throughput: 1 batches in 0.271s; word units 100.0% of 8 words (letters-only 100.0% of 8).
Train Loss: output=0.0082, reconstruction=1.4876
Epoch [240/400]
batch = 0 (Δ=0.270s, 100.00%)
Training throughput: 1 batches in 0.270s; word units 100.0% of 8 words (letters-only 100.0% of 8).
Train Loss: output=0.0074, reconstruction=1.4778
Epoch [241/400]
batch = 0 (Δ=0.268s, 100.00%)
Training throughput: 1 batches in 0.267s; word units 100.0% of 8 words (letters-only 100.0% of 8).
Train Loss: output=0.0095, reconstruction=1.4576
Epoch [242/400]
batch = 0 (Δ=0.269s, 100.00%)
Training throughput: 1 batches in 0.269s; word units 100.0% of 8 words (letters-only 100.0% of 8).
Train Loss: output=0.0042, reconstruction=1.4379
Epoch [243/400]
batch = 0 (Δ=0.268s, 100.00%)
Training throughput: 1 batches in 0.267s; word units 100.0% of 8 words (letters-only 100.0% of 8).
Train Loss: output=0.0052, reconstruction=1.4285
Epoch [244/400]
batch = 0 (Δ=0.269s, 100.00%)
Training throughput: 1 batches in 0.269s; word units 100.0% of 8 words (letters-only 100.0% of 8).
Train Loss: output=0.0080, reconstruction=1.4231
Epoch [245/400]
batch = 0 (Δ=0.272s, 100.00%)
Training throughput: 1 batches in 0.272s; word units 100.0% of 8 words (letters-only 100.0% of 8).
Train Loss: output=0.0081, reconstruction=1.3993
Epoch [246/400]
batch = 0 (Δ=0.268s, 100.00%)
Training throughput: 1 batches in 0.268s; word units 100.0% of 8 words (letters-only 100.0% of 8).
Train Loss: output=0.0066, reconstruction=1.4106
Epoch [247/400]
batch = 0 (Δ=0.272s, 100.00%)
Training throughput: 1 batches in 0.271s; word units 100.0% of 8 words (letters-only 100.0% of 8).
Train Loss: output=0.0062, reconstruction=1.3880
Epoch [248/400]
batch = 0 (Δ=0.270s, 100.00%)
Training throughput: 1 batches in 0.270s; word units 100.0% of 8 words (letters-only 100.0% of 8).
Train Loss: output=0.0048, reconstruction=1.3991
Epoch [249/400]
batch = 0 (Δ=0.275s, 100.00%)
Training throughput: 1 batches in 0.274s; word units 100.0% of 8 words (letters-only 100.0% of 8).
Train Loss: output=0.0057, reconstruction=1.4001
Epoch [250/400]
batch = 0 (Δ=0.271s, 100.00%)
Training throughput: 1 batches in 0.270s; word units 100.0% of 8 words (letters-only 100.0% of 8).
Train Loss: output=0.0056, reconstruction=1.3943
Epoch [251/400]
batch = 0 (Δ=0.270s, 100.00%)
Training throughput: 1 batches in 0.269s; word units 100.0% of 8 words (letters-only 100.0% of 8).
Train Loss: output=0.0055, reconstruction=1.4228
Epoch [252/400]
batch = 0 (Δ=0.267s, 100.00%)
Training throughput: 1 batches in 0.266s; word units 100.0% of 8 words (letters-only 100.0% of 8).
Train Loss: output=0.0055, reconstruction=1.4394
Epoch [253/400]
batch = 0 (Δ=0.276s, 100.00%)
Training throughput: 1 batches in 0.275s; word units 100.0% of 8 words (letters-only 100.0% of 8).
Train Loss: output=0.0055, reconstruction=1.4523
Epoch [254/400]
batch = 0 (Δ=0.265s, 100.00%)
Training throughput: 1 batches in 0.265s; word units 100.0% of 8 words (letters-only 100.0% of 8).
Train Loss: output=0.0055, reconstruction=1.4534
Epoch [255/400]
batch = 0 (Δ=0.272s, 100.00%)
Training throughput: 1 batches in 0.272s; word units 100.0% of 8 words (letters-only 100.0% of 8).
Train Loss: output=0.0053, reconstruction=1.4451
Epoch [256/400]
batch = 0 (Δ=0.267s, 100.00%)
Training throughput: 1 batches in 0.267s; word units 100.0% of 8 words (letters-only 100.0% of 8).
Train Loss: output=0.0048, reconstruction=1.4303
Epoch [257/400]
batch = 0 (Δ=0.271s, 100.00%)
Training throughput: 1 batches in 0.270s; word units 100.0% of 8 words (letters-only 100.0% of 8).
Train Loss: output=0.0046, reconstruction=1.4183
Epoch [258/400]
batch = 0 (Δ=0.263s, 100.00%)
Training throughput: 1 batches in 0.262s; word units 100.0% of 8 words (letters-only 100.0% of 8).
Train Loss: output=0.0047, reconstruction=1.4200
Epoch [259/400]
batch = 0 (Δ=0.272s, 100.00%)
Training throughput: 1 batches in 0.272s; word units 100.0% of 8 words (letters-only 100.0% of 8).
Train Loss: output=0.0027, reconstruction=1.4290
Epoch [260/400]
batch = 0 (Δ=0.261s, 100.00%)
Training throughput: 1 batches in 0.260s; word units 100.0% of 8 words (letters-only 100.0% of 8).
Train Loss: output=0.0026, reconstruction=1.4413
Epoch [261/400]
batch = 0 (Δ=0.272s, 100.00%)
Training throughput: 1 batches in 0.272s; word units 100.0% of 8 words (letters-only 100.0% of 8).
Train Loss: output=0.0036, reconstruction=1.4663
Epoch [262/400]
batch = 0 (Δ=0.266s, 100.00%)
Training throughput: 1 batches in 0.266s; word units 100.0% of 8 words (letters-only 100.0% of 8).
Train Loss: output=0.0038, reconstruction=1.5064
Epoch [263/400]
batch = 0 (Δ=0.271s, 100.00%)
Training throughput: 1 batches in 0.271s; word units 100.0% of 8 words (letters-only 100.0% of 8).
Train Loss: output=0.0040, reconstruction=1.5530
Epoch [264/400]
batch = 0 (Δ=0.264s, 100.00%)
Training throughput: 1 batches in 0.263s; word units 100.0% of 8 words (letters-only 100.0% of 8).
Train Loss: output=0.0043, reconstruction=1.5946
Epoch [265/400]
batch = 0 (Δ=0.272s, 100.00%)
Training throughput: 1 batches in 0.272s; word units 100.0% of 8 words (letters-only 100.0% of 8).
Train Loss: output=0.0044, reconstruction=1.6298
Epoch [266/400]
batch = 0 (Δ=0.265s, 100.00%)
Training throughput: 1 batches in 0.265s; word units 100.0% of 8 words (letters-only 100.0% of 8).
Train Loss: output=0.0044, reconstruction=1.6553
Epoch [267/400]
batch = 0 (Δ=0.266s, 100.00%)
Training throughput: 1 batches in 0.266s; word units 100.0% of 8 words (letters-only 100.0% of 8).
Train Loss: output=0.0034, reconstruction=1.6638
Epoch [268/400]
batch = 0 (Δ=0.267s, 100.00%)
Training throughput: 1 batches in 0.266s; word units 100.0% of 8 words (letters-only 100.0% of 8).
Train Loss: output=0.0038, reconstruction=1.6561
Epoch [269/400]
batch = 0 (Δ=0.274s, 100.00%)
Training throughput: 1 batches in 0.273s; word units 100.0% of 8 words (letters-only 100.0% of 8).
Train Loss: output=0.0032, reconstruction=1.6382
Epoch [270/400]
batch = 0 (Δ=0.261s, 100.00%)
Training throughput: 1 batches in 0.260s; word units 100.0% of 8 words (letters-only 100.0% of 8).
Train Loss: output=0.0023, reconstruction=1.6206
Epoch [271/400]
batch = 0 (Δ=0.266s, 100.00%)
Training throughput: 1 batches in 0.265s; word units 100.0% of 8 words (letters-only 100.0% of 8).
Train Loss: output=0.0025, reconstruction=1.6080
Epoch [272/400]
batch = 0 (Δ=0.265s, 100.00%)
Training throughput: 1 batches in 0.264s; word units 100.0% of 8 words (letters-only 100.0% of 8).
Train Loss: output=0.0024, reconstruction=1.5985
Epoch [273/400]
batch = 0 (Δ=0.269s, 100.00%)
Training throughput: 1 batches in 0.268s; word units 100.0% of 8 words (letters-only 100.0% of 8).
Train Loss: output=0.0024, reconstruction=1.5862
Epoch [274/400]
batch = 0 (Δ=0.263s, 100.00%)
Training throughput: 1 batches in 0.263s; word units 100.0% of 8 words (letters-only 100.0% of 8).
Train Loss: output=0.0022, reconstruction=1.5723
Epoch [275/400]
batch = 0 (Δ=0.269s, 100.00%)
Training throughput: 1 batches in 0.268s; word units 100.0% of 8 words (letters-only 100.0% of 8).
Train Loss: output=0.0024, reconstruction=1.5581
Epoch [276/400]
batch = 0 (Δ=0.267s, 100.00%)
Training throughput: 1 batches in 0.266s; word units 100.0% of 8 words (letters-only 100.0% of 8).
Train Loss: output=0.0028, reconstruction=1.5470
Epoch [277/400]
batch = 0 (Δ=0.273s, 100.00%)
Training throughput: 1 batches in 0.272s; word units 100.0% of 8 words (letters-only 100.0% of 8).
Train Loss: output=0.0034, reconstruction=1.5437
Epoch [278/400]
batch = 0 (Δ=0.267s, 100.00%)
Training throughput: 1 batches in 0.267s; word units 100.0% of 8 words (letters-only 100.0% of 8).
Train Loss: output=0.0038, reconstruction=1.5390
Epoch [279/400]
batch = 0 (Δ=0.269s, 100.00%)
Training throughput: 1 batches in 0.269s; word units 100.0% of 8 words (letters-only 100.0% of 8).
Train Loss: output=0.0044, reconstruction=1.5362
Epoch [280/400]
batch = 0 (Δ=0.265s, 100.00%)
Training throughput: 1 batches in 0.264s; word units 100.0% of 8 words (letters-only 100.0% of 8).
Train Loss: output=0.0048, reconstruction=1.5309
Epoch [281/400]
batch = 0 (Δ=0.277s, 100.00%)
Training throughput: 1 batches in 0.277s; word units 100.0% of 8 words (letters-only 100.0% of 8).
Train Loss: output=0.0049, reconstruction=1.5269
Epoch [282/400]
batch = 0 (Δ=0.267s, 100.00%)
Training throughput: 1 batches in 0.266s; word units 100.0% of 8 words (letters-only 100.0% of 8).
Train Loss: output=0.0049, reconstruction=1.5373
Epoch [283/400]
batch = 0 (Δ=0.270s, 100.00%)
Training throughput: 1 batches in 0.269s; word units 100.0% of 8 words (letters-only 100.0% of 8).
Train Loss: output=0.0049, reconstruction=1.5624
Epoch [284/400]
batch = 0 (Δ=0.265s, 100.00%)
Training throughput: 1 batches in 0.265s; word units 100.0% of 8 words (letters-only 100.0% of 8).
Train Loss: output=0.0049, reconstruction=1.5962
Epoch [285/400]
batch = 0 (Δ=0.270s, 100.00%)
Training throughput: 1 batches in 0.270s; word units 100.0% of 8 words (letters-only 100.0% of 8).
Train Loss: output=0.0040, reconstruction=1.6205
Epoch [286/400]
batch = 0 (Δ=0.265s, 100.00%)
Training throughput: 1 batches in 0.265s; word units 100.0% of 8 words (letters-only 100.0% of 8).
Train Loss: output=0.0041, reconstruction=1.6354
Epoch [287/400]
batch = 0 (Δ=0.269s, 100.00%)
Training throughput: 1 batches in 0.269s; word units 100.0% of 8 words (letters-only 100.0% of 8).
Train Loss: output=0.0039, reconstruction=1.6468
Epoch [288/400]
batch = 0 (Δ=0.266s, 100.00%)
Training throughput: 1 batches in 0.266s; word units 100.0% of 8 words (letters-only 100.0% of 8).
Train Loss: output=0.0035, reconstruction=1.6549
Epoch [289/400]
batch = 0 (Δ=0.272s, 100.00%)
Training throughput: 1 batches in 0.272s; word units 100.0% of 8 words (letters-only 100.0% of 8).
Train Loss: output=0.0033, reconstruction=1.6619
Epoch [290/400]
batch = 0 (Δ=0.267s, 100.00%)
Training throughput: 1 batches in 0.266s; word units 100.0% of 8 words (letters-only 100.0% of 8).
Train Loss: output=0.0032, reconstruction=1.6662
Epoch [291/400]
batch = 0 (Δ=0.267s, 100.00%)
Training throughput: 1 batches in 0.266s; word units 100.0% of 8 words (letters-only 100.0% of 8).
Train Loss: output=0.0030, reconstruction=1.6719
Epoch [292/400]
batch = 0 (Δ=0.262s, 100.00%)
Training throughput: 1 batches in 0.261s; word units 100.0% of 8 words (letters-only 100.0% of 8).
Train Loss: output=0.0014, reconstruction=1.6854
Epoch [293/400]
batch = 0 (Δ=0.271s, 100.00%)
Training throughput: 1 batches in 0.271s; word units 100.0% of 8 words (letters-only 100.0% of 8).
Train Loss: output=0.0026, reconstruction=1.6974
Epoch [294/400]
batch = 0 (Δ=0.268s, 100.00%)
Training throughput: 1 batches in 0.268s; word units 100.0% of 8 words (letters-only 100.0% of 8).
Train Loss: output=0.0011, reconstruction=1.7068
Epoch [295/400]
batch = 0 (Δ=0.267s, 100.00%)
Training throughput: 1 batches in 0.266s; word units 100.0% of 8 words (letters-only 100.0% of 8).
Train Loss: output=0.0012, reconstruction=1.7217
Epoch [296/400]
batch = 0 (Δ=0.265s, 100.00%)
Training throughput: 1 batches in 0.265s; word units 100.0% of 8 words (letters-only 100.0% of 8).
Train Loss: output=0.0023, reconstruction=1.7363
Epoch [297/400]
batch = 0 (Δ=0.270s, 100.00%)
Training throughput: 1 batches in 0.270s; word units 100.0% of 8 words (letters-only 100.0% of 8).
Train Loss: output=0.0014, reconstruction=1.7502
Epoch [298/400]
batch = 0 (Δ=0.263s, 100.00%)
Training throughput: 1 batches in 0.262s; word units 100.0% of 8 words (letters-only 100.0% of 8).
Train Loss: output=0.0016, reconstruction=1.7718
Epoch [299/400]
batch = 0 (Δ=0.266s, 100.00%)
Training throughput: 1 batches in 0.266s; word units 100.0% of 8 words (letters-only 100.0% of 8).
Train Loss: output=0.0034, reconstruction=1.8045
Epoch [300/400]
batch = 0 (Δ=0.267s, 100.00%)
Training throughput: 1 batches in 0.266s; word units 100.0% of 8 words (letters-only 100.0% of 8).
Train Loss: output=0.0036, reconstruction=1.8409
Epoch [301/400]
batch = 0 (Δ=0.271s, 100.00%)
Training throughput: 1 batches in 0.271s; word units 100.0% of 8 words (letters-only 100.0% of 8).
Train Loss: output=0.0028, reconstruction=1.8801
Epoch [302/400]
batch = 0 (Δ=0.268s, 100.00%)
Training throughput: 1 batches in 0.267s; word units 100.0% of 8 words (letters-only 100.0% of 8).
Train Loss: output=0.0034, reconstruction=1.9188
Epoch [303/400]
batch = 0 (Δ=0.260s, 100.00%)
Training throughput: 1 batches in 0.260s; word units 100.0% of 8 words (letters-only 100.0% of 8).
Train Loss: output=0.0031, reconstruction=1.9281
Epoch [304/400]
batch = 0 (Δ=0.267s, 100.00%)
Training throughput: 1 batches in 0.266s; word units 100.0% of 8 words (letters-only 100.0% of 8).
Train Loss: output=0.0029, reconstruction=1.9523
Epoch [305/400]
batch = 0 (Δ=0.265s, 100.00%)
Training throughput: 1 batches in 0.265s; word units 100.0% of 8 words (letters-only 100.0% of 8).
Train Loss: output=0.0028, reconstruction=1.9281
Epoch [306/400]
batch = 0 (Δ=0.270s, 100.00%)
Training throughput: 1 batches in 0.270s; word units 100.0% of 8 words (letters-only 100.0% of 8).
Train Loss: output=0.0025, reconstruction=1.9558
Epoch [307/400]
batch = 0 (Δ=0.263s, 100.00%)
Training throughput: 1 batches in 0.263s; word units 100.0% of 8 words (letters-only 100.0% of 8).
Train Loss: output=0.0022, reconstruction=1.9563
Epoch [308/400]
batch = 0 (Δ=0.269s, 100.00%)
Training throughput: 1 batches in 0.269s; word units 100.0% of 8 words (letters-only 100.0% of 8).
Train Loss: output=0.0021, reconstruction=1.9538
Epoch [309/400]
batch = 0 (Δ=0.267s, 100.00%)
Training throughput: 1 batches in 0.267s; word units 100.0% of 8 words (letters-only 100.0% of 8).
Train Loss: output=0.0018, reconstruction=1.9279
Epoch [310/400]
batch = 0 (Δ=0.271s, 100.00%)
Training throughput: 1 batches in 0.270s; word units 100.0% of 8 words (letters-only 100.0% of 8).
Train Loss: output=0.0014, reconstruction=1.9529
Epoch [311/400]
batch = 0 (Δ=0.265s, 100.00%)
Training throughput: 1 batches in 0.264s; word units 100.0% of 8 words (letters-only 100.0% of 8).
Train Loss: output=0.0011, reconstruction=1.9264
Epoch [312/400]
batch = 0 (Δ=0.266s, 100.00%)
Training throughput: 1 batches in 0.266s; word units 100.0% of 8 words (letters-only 100.0% of 8).
Train Loss: output=0.0009, reconstruction=1.9477
Epoch [313/400]
batch = 0 (Δ=0.267s, 100.00%)
Training throughput: 1 batches in 0.267s; word units 100.0% of 8 words (letters-only 100.0% of 8).
Train Loss: output=0.0009, reconstruction=1.9408
Epoch [314/400]
batch = 0 (Δ=0.271s, 100.00%)
Training throughput: 1 batches in 0.270s; word units 100.0% of 8 words (letters-only 100.0% of 8).
Train Loss: output=0.0010, reconstruction=1.9438
Epoch [315/400]
batch = 0 (Δ=0.629s, 100.00%)
Training throughput: 1 batches in 0.629s; word units 100.0% of 8 words (letters-only 100.0% of 8).
Train Loss: output=0.0013, reconstruction=1.9625
Epoch [316/400]
batch = 0 (Δ=0.272s, 100.00%)
Training throughput: 1 batches in 0.272s; word units 100.0% of 8 words (letters-only 100.0% of 8).
Train Loss: output=0.0017, reconstruction=1.9810
Epoch [317/400]
batch = 0 (Δ=0.302s, 100.00%)
Training throughput: 1 batches in 0.301s; word units 100.0% of 8 words (letters-only 100.0% of 8).
Train Loss: output=0.0015, reconstruction=1.9400
Epoch [318/400]
batch = 0 (Δ=0.265s, 100.00%)
Training throughput: 1 batches in 0.264s; word units 100.0% of 8 words (letters-only 100.0% of 8).
Train Loss: output=0.0017, reconstruction=1.9149
Epoch [319/400]
batch = 0 (Δ=0.266s, 100.00%)
Training throughput: 1 batches in 0.265s; word units 100.0% of 8 words (letters-only 100.0% of 8).
Train Loss: output=0.0015, reconstruction=1.9027
Epoch [320/400]
batch = 0 (Δ=0.272s, 100.00%)
Training throughput: 1 batches in 0.271s; word units 100.0% of 8 words (letters-only 100.0% of 8).
Train Loss: output=0.0014, reconstruction=1.8958
Epoch [321/400]
batch = 0 (Δ=0.268s, 100.00%)
Training throughput: 1 batches in 0.267s; word units 100.0% of 8 words (letters-only 100.0% of 8).
Train Loss: output=0.0011, reconstruction=1.8912
Epoch [322/400]
batch = 0 (Δ=0.271s, 100.00%)
Training throughput: 1 batches in 0.271s; word units 100.0% of 8 words (letters-only 100.0% of 8).
Train Loss: output=0.0009, reconstruction=1.8874
Epoch [323/400]
batch = 0 (Δ=0.265s, 100.00%)
Training throughput: 1 batches in 0.265s; word units 100.0% of 8 words (letters-only 100.0% of 8).
Train Loss: output=0.0006, reconstruction=1.8822
Epoch [324/400]
batch = 0 (Δ=0.273s, 100.00%)
Training throughput: 1 batches in 0.273s; word units 100.0% of 8 words (letters-only 100.0% of 8).
Train Loss: output=0.0004, reconstruction=1.8756
Epoch [325/400]
batch = 0 (Δ=0.263s, 100.00%)
Training throughput: 1 batches in 0.263s; word units 100.0% of 8 words (letters-only 100.0% of 8).
Train Loss: output=0.0004, reconstruction=1.8665
Epoch [326/400]
batch = 0 (Δ=0.268s, 100.00%)
Training throughput: 1 batches in 0.267s; word units 100.0% of 8 words (letters-only 100.0% of 8).
Train Loss: output=0.0004, reconstruction=1.8575
Epoch [327/400]
batch = 0 (Δ=0.268s, 100.00%)
Training throughput: 1 batches in 0.268s; word units 100.0% of 8 words (letters-only 100.0% of 8).
Train Loss: output=0.0003, reconstruction=1.8523
Epoch [328/400]
batch = 0 (Δ=0.269s, 100.00%)
Training throughput: 1 batches in 0.269s; word units 100.0% of 8 words (letters-only 100.0% of 8).
Train Loss: output=0.0003, reconstruction=1.8575
Epoch [329/400]
batch = 0 (Δ=0.263s, 100.00%)
Training throughput: 1 batches in 0.262s; word units 100.0% of 8 words (letters-only 100.0% of 8).
Train Loss: output=0.0003, reconstruction=1.8699
Epoch [330/400]
batch = 0 (Δ=0.267s, 100.00%)
Training throughput: 1 batches in 0.266s; word units 100.0% of 8 words (letters-only 100.0% of 8).
Train Loss: output=0.0003, reconstruction=1.8802
Epoch [331/400]
batch = 0 (Δ=0.264s, 100.00%)
Training throughput: 1 batches in 0.263s; word units 100.0% of 8 words (letters-only 100.0% of 8).
Train Loss: output=0.0003, reconstruction=1.8880
Epoch [332/400]
batch = 0 (Δ=0.274s, 100.00%)
Training throughput: 1 batches in 0.274s; word units 100.0% of 8 words (letters-only 100.0% of 8).
Train Loss: output=0.0002, reconstruction=1.8929
Epoch [333/400]
batch = 0 (Δ=0.263s, 100.00%)
Training throughput: 1 batches in 0.263s; word units 100.0% of 8 words (letters-only 100.0% of 8).
Train Loss: output=0.0003, reconstruction=1.8941
Epoch [334/400]
batch = 0 (Δ=0.269s, 100.00%)
Training throughput: 1 batches in 0.269s; word units 100.0% of 8 words (letters-only 100.0% of 8).
Train Loss: output=0.0003, reconstruction=1.8964
Epoch [335/400]
batch = 0 (Δ=0.264s, 100.00%)
Training throughput: 1 batches in 0.264s; word units 100.0% of 8 words (letters-only 100.0% of 8).
Train Loss: output=0.0005, reconstruction=1.8989
Epoch [336/400]
batch = 0 (Δ=0.271s, 100.00%)
Training throughput: 1 batches in 0.271s; word units 100.0% of 8 words (letters-only 100.0% of 8).
Train Loss: output=0.0008, reconstruction=1.8946
Epoch [337/400]
batch = 0 (Δ=0.269s, 100.00%)
Training throughput: 1 batches in 0.268s; word units 100.0% of 8 words (letters-only 100.0% of 8).
Train Loss: output=0.0010, reconstruction=1.8875
Epoch [338/400]
batch = 0 (Δ=0.267s, 100.00%)
Training throughput: 1 batches in 0.267s; word units 100.0% of 8 words (letters-only 100.0% of 8).
Train Loss: output=0.0011, reconstruction=1.8812
Epoch [339/400]
batch = 0 (Δ=0.271s, 100.00%)
Training throughput: 1 batches in 0.271s; word units 100.0% of 8 words (letters-only 100.0% of 8).
Train Loss: output=0.0012, reconstruction=1.8742
Epoch [340/400]
batch = 0 (Δ=0.268s, 100.00%)
Training throughput: 1 batches in 0.267s; word units 100.0% of 8 words (letters-only 100.0% of 8).
Train Loss: output=0.0016, reconstruction=1.8664
Epoch [341/400]
batch = 0 (Δ=0.266s, 100.00%)
Training throughput: 1 batches in 0.265s; word units 100.0% of 8 words (letters-only 100.0% of 8).
Train Loss: output=0.0020, reconstruction=1.8693
Epoch [342/400]
batch = 0 (Δ=0.267s, 100.00%)
Training throughput: 1 batches in 0.267s; word units 100.0% of 8 words (letters-only 100.0% of 8).
Train Loss: output=0.0022, reconstruction=1.8791
Epoch [343/400]
batch = 0 (Δ=0.269s, 100.00%)
Training throughput: 1 batches in 0.268s; word units 100.0% of 8 words (letters-only 100.0% of 8).
Train Loss: output=0.0021, reconstruction=1.8846
Epoch [344/400]
batch = 0 (Δ=0.274s, 100.00%)
Training throughput: 1 batches in 0.273s; word units 100.0% of 8 words (letters-only 100.0% of 8).
Train Loss: output=0.0019, reconstruction=1.8920
Epoch [345/400]
batch = 0 (Δ=0.271s, 100.00%)
Training throughput: 1 batches in 0.271s; word units 100.0% of 8 words (letters-only 100.0% of 8).
Train Loss: output=0.0019, reconstruction=1.8800
Epoch [346/400]
batch = 0 (Δ=0.266s, 100.00%)
Training throughput: 1 batches in 0.265s; word units 100.0% of 8 words (letters-only 100.0% of 8).
Train Loss: output=0.0016, reconstruction=1.8968
Epoch [347/400]
batch = 0 (Δ=0.271s, 100.00%)
Training throughput: 1 batches in 0.270s; word units 100.0% of 8 words (letters-only 100.0% of 8).
Train Loss: output=0.0011, reconstruction=1.8589
Epoch [348/400]
batch = 0 (Δ=0.267s, 100.00%)
Training throughput: 1 batches in 0.267s; word units 100.0% of 8 words (letters-only 100.0% of 8).
Train Loss: output=0.0009, reconstruction=1.8683
Epoch [349/400]
batch = 0 (Δ=0.271s, 100.00%)
Training throughput: 1 batches in 0.270s; word units 100.0% of 8 words (letters-only 100.0% of 8).
Train Loss: output=0.0008, reconstruction=1.8453
Epoch [350/400]
batch = 0 (Δ=0.267s, 100.00%)
Training throughput: 1 batches in 0.266s; word units 100.0% of 8 words (letters-only 100.0% of 8).
Train Loss: output=0.0008, reconstruction=1.8447
Epoch [351/400]
batch = 0 (Δ=0.271s, 100.00%)
Training throughput: 1 batches in 0.270s; word units 100.0% of 8 words (letters-only 100.0% of 8).
Train Loss: output=0.0009, reconstruction=1.8578
Epoch [352/400]
batch = 0 (Δ=0.262s, 100.00%)
Training throughput: 1 batches in 0.262s; word units 100.0% of 8 words (letters-only 100.0% of 8).
Train Loss: output=0.0008, reconstruction=1.8506
Epoch [353/400]
batch = 0 (Δ=0.271s, 100.00%)
Training throughput: 1 batches in 0.270s; word units 100.0% of 8 words (letters-only 100.0% of 8).
Train Loss: output=0.0007, reconstruction=1.8410
Epoch [354/400]
batch = 0 (Δ=0.263s, 100.00%)
Training throughput: 1 batches in 0.263s; word units 100.0% of 8 words (letters-only 100.0% of 8).
Train Loss: output=0.0008, reconstruction=1.8254
Epoch [355/400]
batch = 0 (Δ=0.271s, 100.00%)
Training throughput: 1 batches in 0.271s; word units 100.0% of 8 words (letters-only 100.0% of 8).
Train Loss: output=0.0010, reconstruction=1.8064
Epoch [356/400]
batch = 0 (Δ=0.263s, 100.00%)
Training throughput: 1 batches in 0.263s; word units 100.0% of 8 words (letters-only 100.0% of 8).
Train Loss: output=0.0015, reconstruction=1.7914
Epoch [357/400]
batch = 0 (Δ=0.272s, 100.00%)
Training throughput: 1 batches in 0.272s; word units 100.0% of 8 words (letters-only 100.0% of 8).
Train Loss: output=0.0015, reconstruction=1.7870
Epoch [358/400]
batch = 0 (Δ=0.270s, 100.00%)
Training throughput: 1 batches in 0.269s; word units 100.0% of 8 words (letters-only 100.0% of 8).
Train Loss: output=0.0017, reconstruction=1.7708
Epoch [359/400]
batch = 0 (Δ=0.271s, 100.00%)
Training throughput: 1 batches in 0.271s; word units 100.0% of 8 words (letters-only 100.0% of 8).
Train Loss: output=0.0022, reconstruction=1.8038
Epoch [360/400]
batch = 0 (Δ=0.266s, 100.00%)
Training throughput: 1 batches in 0.265s; word units 100.0% of 8 words (letters-only 100.0% of 8).
Train Loss: output=0.0037, reconstruction=1.8113
Epoch [361/400]
batch = 0 (Δ=0.276s, 100.00%)
Training throughput: 1 batches in 0.276s; word units 100.0% of 8 words (letters-only 100.0% of 8).
Train Loss: output=0.0036, reconstruction=1.7859
Epoch [362/400]
batch = 0 (Δ=0.267s, 100.00%)
Training throughput: 1 batches in 0.267s; word units 100.0% of 8 words (letters-only 100.0% of 8).
Train Loss: output=0.0035, reconstruction=1.7972
Epoch [363/400]
batch = 0 (Δ=0.269s, 100.00%)
Training throughput: 1 batches in 0.268s; word units 100.0% of 8 words (letters-only 100.0% of 8).
Train Loss: output=0.0032, reconstruction=1.7822
Epoch [364/400]
batch = 0 (Δ=0.266s, 100.00%)
Training throughput: 1 batches in 0.266s; word units 100.0% of 8 words (letters-only 100.0% of 8).
Train Loss: output=0.0034, reconstruction=1.7659
Epoch [365/400]
batch = 0 (Δ=0.296s, 100.00%)
Training throughput: 1 batches in 0.298s; word units 100.0% of 8 words (letters-only 100.0% of 8).
Train Loss: output=0.0029, reconstruction=1.7540
Epoch [366/400]
batch = 0 (Δ=0.275s, 100.00%)
Training throughput: 1 batches in 0.272s; word units 100.0% of 8 words (letters-only 100.0% of 8).
Train Loss: output=0.0029, reconstruction=1.7450
Epoch [367/400]
batch = 0 (Δ=0.269s, 100.00%)
Training throughput: 1 batches in 0.269s; word units 100.0% of 8 words (letters-only 100.0% of 8).
Train Loss: output=0.0029, reconstruction=1.7374
Epoch [368/400]
batch = 0 (Δ=0.263s, 100.00%)
Training throughput: 1 batches in 0.263s; word units 100.0% of 8 words (letters-only 100.0% of 8).
Train Loss: output=0.0026, reconstruction=1.7289
Epoch [369/400]
batch = 0 (Δ=0.273s, 100.00%)
Training throughput: 1 batches in 0.273s; word units 100.0% of 8 words (letters-only 100.0% of 8).
Train Loss: output=0.0022, reconstruction=1.6969
Epoch [370/400]
batch = 0 (Δ=0.263s, 100.00%)
Training throughput: 1 batches in 0.262s; word units 100.0% of 8 words (letters-only 100.0% of 8).
Train Loss: output=0.0017, reconstruction=1.7042
Epoch [371/400]
batch = 0 (Δ=0.267s, 100.00%)
Training throughput: 1 batches in 0.266s; word units 100.0% of 8 words (letters-only 100.0% of 8).
Train Loss: output=0.0016, reconstruction=1.6902
Epoch [372/400]
batch = 0 (Δ=0.265s, 100.00%)
Training throughput: 1 batches in 0.264s; word units 100.0% of 8 words (letters-only 100.0% of 8).
Train Loss: output=0.0018, reconstruction=1.6801
Epoch [373/400]
batch = 0 (Δ=0.268s, 100.00%)
Training throughput: 1 batches in 0.267s; word units 100.0% of 8 words (letters-only 100.0% of 8).
Train Loss: output=0.0020, reconstruction=1.6554
Epoch [374/400]
batch = 0 (Δ=0.264s, 100.00%)
Training throughput: 1 batches in 0.264s; word units 100.0% of 8 words (letters-only 100.0% of 8).
Train Loss: output=0.0018, reconstruction=1.6745
Epoch [375/400]
batch = 0 (Δ=0.270s, 100.00%)
Training throughput: 1 batches in 0.270s; word units 100.0% of 8 words (letters-only 100.0% of 8).
Train Loss: output=0.0013, reconstruction=1.6522
Epoch [376/400]
batch = 0 (Δ=0.266s, 100.00%)
Training throughput: 1 batches in 0.266s; word units 100.0% of 8 words (letters-only 100.0% of 8).
Train Loss: output=0.0007, reconstruction=1.6519
Epoch [377/400]
batch = 0 (Δ=0.271s, 100.00%)
Training throughput: 1 batches in 0.271s; word units 100.0% of 8 words (letters-only 100.0% of 8).
Train Loss: output=0.0008, reconstruction=1.6766
Epoch [378/400]
batch = 0 (Δ=0.267s, 100.00%)
Training throughput: 1 batches in 0.267s; word units 100.0% of 8 words (letters-only 100.0% of 8).
Train Loss: output=0.0008, reconstruction=1.6889
Epoch [379/400]
batch = 0 (Δ=0.265s, 100.00%)
Training throughput: 1 batches in 0.265s; word units 100.0% of 8 words (letters-only 100.0% of 8).
Train Loss: output=0.0007, reconstruction=1.6873
Epoch [380/400]
batch = 0 (Δ=0.268s, 100.00%)
Training throughput: 1 batches in 0.267s; word units 100.0% of 8 words (letters-only 100.0% of 8).
Train Loss: output=0.0006, reconstruction=1.7210
Epoch [381/400]
batch = 0 (Δ=0.273s, 100.00%)
Training throughput: 1 batches in 0.273s; word units 100.0% of 8 words (letters-only 100.0% of 8).
Train Loss: output=0.0006, reconstruction=1.7241
Epoch [382/400]
batch = 0 (Δ=0.265s, 100.00%)
Training throughput: 1 batches in 0.264s; word units 100.0% of 8 words (letters-only 100.0% of 8).
Train Loss: output=0.0007, reconstruction=1.7034
Epoch [383/400]
batch = 0 (Δ=0.271s, 100.00%)
Training throughput: 1 batches in 0.270s; word units 100.0% of 8 words (letters-only 100.0% of 8).
Train Loss: output=0.0007, reconstruction=1.7193
Epoch [384/400]
batch = 0 (Δ=0.262s, 100.00%)
Training throughput: 1 batches in 0.262s; word units 100.0% of 8 words (letters-only 100.0% of 8).
Train Loss: output=0.0006, reconstruction=1.7124
Epoch [385/400]
batch = 0 (Δ=0.274s, 100.00%)
Training throughput: 1 batches in 0.274s; word units 100.0% of 8 words (letters-only 100.0% of 8).
Train Loss: output=0.0005, reconstruction=1.7048
Epoch [386/400]
batch = 0 (Δ=0.261s, 100.00%)
Training throughput: 1 batches in 0.261s; word units 100.0% of 8 words (letters-only 100.0% of 8).
Train Loss: output=0.0007, reconstruction=1.6955
Epoch [387/400]
batch = 0 (Δ=0.269s, 100.00%)
Training throughput: 1 batches in 0.268s; word units 100.0% of 8 words (letters-only 100.0% of 8).
Train Loss: output=0.0008, reconstruction=1.6863
Epoch [388/400]
batch = 0 (Δ=0.264s, 100.00%)
Training throughput: 1 batches in 0.264s; word units 100.0% of 8 words (letters-only 100.0% of 8).
Train Loss: output=0.0009, reconstruction=1.6790
Epoch [389/400]
batch = 0 (Δ=0.270s, 100.00%)
Training throughput: 1 batches in 0.270s; word units 100.0% of 8 words (letters-only 100.0% of 8).
Train Loss: output=0.0011, reconstruction=1.6530
Epoch [390/400]
batch = 0 (Δ=0.258s, 100.00%)
Training throughput: 1 batches in 0.257s; word units 100.0% of 8 words (letters-only 100.0% of 8).
Train Loss: output=0.0003, reconstruction=1.6681
Epoch [391/400]
batch = 0 (Δ=0.265s, 100.00%)
Training throughput: 1 batches in 0.265s; word units 100.0% of 8 words (letters-only 100.0% of 8).
Train Loss: output=0.0015, reconstruction=1.6655
Epoch [392/400]
batch = 0 (Δ=0.259s, 100.00%)
Training throughput: 1 batches in 0.259s; word units 100.0% of 8 words (letters-only 100.0% of 8).
Train Loss: output=0.0007, reconstruction=1.6648
Epoch [393/400]
batch = 0 (Δ=0.269s, 100.00%)
Training throughput: 1 batches in 0.268s; word units 100.0% of 8 words (letters-only 100.0% of 8).
Train Loss: output=0.0014, reconstruction=1.6657
Epoch [394/400]
batch = 0 (Δ=0.262s, 100.00%)
Training throughput: 1 batches in 0.261s; word units 100.0% of 8 words (letters-only 100.0% of 8).
Train Loss: output=0.0012, reconstruction=1.6671
Epoch [395/400]
batch = 0 (Δ=0.272s, 100.00%)
Training throughput: 1 batches in 0.272s; word units 100.0% of 8 words (letters-only 100.0% of 8).
Train Loss: output=0.0012, reconstruction=1.6687
Epoch [396/400]
batch = 0 (Δ=0.269s, 100.00%)
Training throughput: 1 batches in 0.268s; word units 100.0% of 8 words (letters-only 100.0% of 8).
Train Loss: output=0.0012, reconstruction=1.6716
Epoch [397/400]
batch = 0 (Δ=0.270s, 100.00%)
Training throughput: 1 batches in 0.269s; word units 100.0% of 8 words (letters-only 100.0% of 8).
Train Loss: output=0.0012, reconstruction=1.6770
Epoch [398/400]
batch = 0 (Δ=0.261s, 100.00%)
Training throughput: 1 batches in 0.261s; word units 100.0% of 8 words (letters-only 100.0% of 8).
Train Loss: output=0.0013, reconstruction=1.6606
Epoch [399/400]
batch = 0 (Δ=0.266s, 100.00%)
Training throughput: 1 batches in 0.266s; word units 100.0% of 8 words (letters-only 100.0% of 8).
Train Loss: output=0.0008, reconstruction=1.6758
Epoch [400/400]
batch = 0 (Δ=0.260s, 100.00%)
Training throughput: 1 batches in 0.260s; word units 100.0% of 8 words (letters-only 100.0% of 8).
Train Loss: output=0.0011, reconstruction=1.6634
Final Stats:
=== Selected operation grammar ===
batch = 0 (Δ=26.306s, 100.00%)
Training throughput: 1 batches in 26.258s; word units 100.0% of 8 words (letters-only 100.0% of 8).
=== Input Reconstruction (test) ===
  row[0] input='hello world' -> reconstructed='there ' label=0.0000 predicted=0.0277 MISMATCH
  row[1] input='hello there' -> reconstructed='world ' label=1.0000 predicted=0.9943 MISMATCH
  row[2] input='loving world' -> reconstructed='loving ' label=1.0000 predicted=0.9605 MISMATCH
  row[3] input='loving there' -> reconstructed='world ' label=0.0000 predicted=0.0680 MISMATCH
------------------------------ Captured log call -------------------------------
DEBUG    torch.__trace:utils.py:2363 
DEBUG    torch.__trace:utils.py:2363 
DEBUG    torch.__trace:structured.py:28 
DEBUG    torch.__trace:structured.py:28 
DEBUG    torch.__trace:structured.py:28 
DEBUG    torch.__trace:structured.py:28 
DEBUG    torch.__trace:structured.py:28 
DEBUG    torch.__trace:structured.py:28 
DEBUG    torch.__trace:structured.py:28 
DEBUG    torch.__trace:structured.py:28 
DEBUG    torch.__trace:structured.py:28 
DEBUG    torch.__trace:structured.py:28 
DEBUG    torch.__trace:structured.py:28 
DEBUG    torch.__trace:structured.py:28 
DEBUG    torch.__trace:structured.py:28 
DEBUG    torch.__trace:structured.py:28 
DEBUG    torch.__trace:structured.py:28 
DEBUG    torch.__trace:convert_frame.py:304 
DEBUG    torch.__trace:utils.py:2363 
DEBUG    torch.__trace:utils.py:2363 
DEBUG    torch.__trace:meta_utils.py:298 
DEBUG    torch.__trace:meta_utils.py:537 
DEBUG    torch.__trace:meta_utils.py:2385 
DEBUG    torch.__trace:meta_utils.py:298 
DEBUG    torch.__trace:meta_utils.py:537 
DEBUG    torch.__trace:meta_utils.py:2385 
DEBUG    torch.__trace:meta_utils.py:298 
DEBUG    torch.__trace:meta_utils.py:537 
DEBUG    torch.__trace:meta_utils.py:2385 
DEBUG    torch.__trace:meta_utils.py:298 
DEBUG    torch.__trace:meta_utils.py:537 
DEBUG    torch.__trace:meta_utils.py:2385 
DEBUG    torch.__trace:meta_utils.py:298 
DEBUG    torch.__trace:meta_utils.py:537 
DEBUG    torch.__trace:meta_utils.py:2385 
DEBUG    torch.__trace:meta_utils.py:298 
DEBUG    torch.__trace:meta_utils.py:537 
DEBUG    torch.__trace:meta_utils.py:2385 
DEBUG    torch.__trace:meta_utils.py:298 
DEBUG    torch.__trace:meta_utils.py:537 
DEBUG    torch.__trace:meta_utils.py:2385 
DEBUG    torch.__trace:meta_utils.py:298 
DEBUG    torch.__trace:meta_utils.py:537 
DEBUG    torch.__trace:meta_utils.py:2385 
DEBUG    torch.__trace:meta_utils.py:298 
DEBUG    torch.__trace:meta_utils.py:537 
DEBUG    torch.__trace:meta_utils.py:2385 
DEBUG    torch.__trace:meta_utils.py:298 
DEBUG    torch.__trace:meta_utils.py:537 
DEBUG    torch.__trace:meta_utils.py:2385 
DEBUG    torch.__trace:structured.py:28 
DEBUG    torch.__trace:structured.py:28 
DEBUG    torch.__trace:structured.py:28 
DEBUG    torch.__trace:structured.py:28 
DEBUG    torch.__trace:structured.py:28 
DEBUG    torch.__trace:structured.py:28 
DEBUG    torch.__trace:structured.py:28 
DEBUG    torch.__trace:structured.py:28 
DEBUG    torch.__trace:structured.py:28 
DEBUG    torch.__trace:structured.py:28 
DEBUG    torch.__trace:structured.py:28 
DEBUG    torch.__trace:structured.py:28 
DEBUG    torch.__trace:symbolic_shapes.py:5971 
DEBUG    torch.__trace:meta_utils.py:298 
DEBUG    torch.__trace:meta_utils.py:537 
DEBUG    torch.__trace:meta_utils.py:2385 
DEBUG    torch.__trace:meta_utils.py:298 
DEBUG    torch.__trace:meta_utils.py:537 
DEBUG    torch.__trace:meta_utils.py:2385 
DEBUG    torch.__trace:meta_utils.py:298 
DEBUG    torch.__trace:meta_utils.py:537 
DEBUG    torch.__trace:meta_utils.py:2385 
DEBUG    torch.__trace:meta_utils.py:298 
DEBUG    torch.__trace:meta_utils.py:537 
DEBUG    torch.__trace:meta_utils.py:2385 
DEBUG    torch.__trace:meta_utils.py:298 
DEBUG    torch.__trace:meta_utils.py:537 
DEBUG    torch.__trace:meta_utils.py:2385 
DEBUG    torch.__trace:structured.py:28 
DEBUG    torch.__trace:structured.py:28 
DEBUG    torch.__trace:structured.py:28 
DEBUG    torch.__trace:symbolic_shapes.py:5971 
DEBUG    torch.__trace:meta_utils.py:298 
DEBUG    torch.__trace:meta_utils.py:537 
DEBUG    torch.__trace:meta_utils.py:2385 
DEBUG    torch.__trace:symbolic_shapes.py:5971 
DEBUG    torch.__trace:structured.py:28 
DEBUG    torch.__trace:structured.py:28 
DEBUG    torch.__trace:symbolic_shapes.py:8465 
DEBUG    torch.__trace:meta_utils.py:298 
DEBUG    torch.__trace:meta_utils.py:537 
DEBUG    torch.__trace:meta_utils.py:2385 
DEBUG    torch.__trace:meta_utils.py:298 
DEBUG    torch.__trace:meta_utils.py:537 
DEBUG    torch.__trace:meta_utils.py:2385 
DEBUG    torch.__trace:meta_utils.py:298 
DEBUG    torch.__trace:meta_utils.py:537 
DEBUG    torch.__trace:meta_utils.py:2385 
DEBUG    torch.__trace:meta_utils.py:298 
DEBUG    torch.__trace:meta_utils.py:537 
DEBUG    torch.__trace:meta_utils.py:2385 
DEBUG    torch.__trace:meta_utils.py:298 
DEBUG    torch.__trace:meta_utils.py:537 
DEBUG    torch.__trace:meta_utils.py:2385 
DEBUG    torch.__trace:meta_utils.py:298 
DEBUG    torch.__trace:meta_utils.py:537 
DEBUG    torch.__trace:meta_utils.py:2385 
DEBUG    torch.__trace:meta_utils.py:298 
DEBUG    torch.__trace:meta_utils.py:537 
DEBUG    torch.__trace:meta_utils.py:2385 
DEBUG    torch.__trace:meta_utils.py:298 
DEBUG    torch.__trace:meta_utils.py:537 
DEBUG    torch.__trace:meta_utils.py:2385 
DEBUG    torch.__trace:meta_utils.py:298 
DEBUG    torch.__trace:meta_utils.py:537 
DEBUG    torch.__trace:meta_utils.py:2385 
DEBUG    torch.__trace:structured.py:28 
DEBUG    torch.__trace:structured.py:28 
DEBUG    torch.__trace:structured.py:28 
DEBUG    torch.__trace:structured.py:28 
DEBUG    torch.__trace:symbolic_shapes.py:5521 
DEBUG    torch.__trace:structured.py:28 
DEBUG    torch.__trace:structured.py:28 
DEBUG    torch.__trace:structured.py:28 
DEBUG    torch.__trace:structured.py:28 
DEBUG    torch.__trace:structured.py:28 
DEBUG    torch.__trace:symbolic_shapes.py:8465 
DEBUG    torch.__trace:symbolic_shapes.py:8465 
DEBUG    torch.__trace:symbolic_shapes.py:5521 
DEBUG    torch.__trace:symbolic_shapes.py:8465 
DEBUG    torch.__trace:symbolic_shapes.py:8465 
DEBUG    torch.__trace:meta_utils.py:298 
DEBUG    torch.__trace:meta_utils.py:537 
DEBUG    torch.__trace:meta_utils.py:2385 
DEBUG    torch.__trace:utils.py:2363 
DEBUG    torch.__trace:utils.py:2363 
DEBUG    torch.__trace:utils.py:2363 
DEBUG    torch.__trace:output_graph.py:2942 
DEBUG    torch.__trace:utils.py:2363 
DEBUG    torch.__trace:utils.py:2363 
DEBUG    torch.__trace:utils.py:2363 
DEBUG    torch.__trace:structured.py:28 
DEBUG    torch.__trace:structured.py:28 
DEBUG    torch.__trace:structured.py:28 
DEBUG    torch.__trace:structured.py:28 
DEBUG    torch.__trace:structured.py:28 
DEBUG    torch.__trace:structured.py:28 
DEBUG    torch.__trace:structured.py:28 
DEBUG    torch.__trace:symbolic_shapes.py:5521 
DEBUG    torch.__trace:structured.py:28 
DEBUG    torch.__trace:symbolic_shapes.py:8465 
DEBUG    torch.__trace:symbolic_shapes.py:8465 
DEBUG    torch.__trace:symbolic_shapes.py:5521 
DEBUG    torch.__trace:symbolic_shapes.py:8465 
DEBUG    torch.__trace:symbolic_shapes.py:8465 
DEBUG    torch.__trace:utils.py:2363 
DEBUG    torch.__trace:utils.py:2363 
DEBUG    torch.__trace:structured.py:28 
DEBUG    torch.__trace:structured.py:28 
DEBUG    torch.__trace:structured.py:28 
DEBUG    torch.__trace:structured.py:28 
DEBUG    torch.__trace:symbolic_shapes.py:5521 
DEBUG    torch.__trace:structured.py:28 
DEBUG    torch.__trace:structured.py:28 
DEBUG    torch.__trace:symbolic_shapes.py:8465 
DEBUG    torch.__trace:symbolic_shapes.py:8465 
DEBUG    torch.__trace:symbolic_shapes.py:5521 
DEBUG    torch.__trace:symbolic_shapes.py:8465 
DEBUG    torch.__trace:symbolic_shapes.py:8465 
DEBUG    torch.__trace:structured.py:28 
DEBUG    torch.__trace:structured.py:28 
DEBUG    torch.__trace:structured.py:28 
DEBUG    torch.__trace:structured.py:28 
DEBUG    torch.__trace:structured.py:28 
DEBUG    torch.__trace:symbolic_shapes.py:5521 
DEBUG    torch.__trace:symbolic_shapes.py:5521 
DEBUG    torch.__trace:symbolic_shapes.py:5521 
DEBUG    torch.__trace:symbolic_shapes.py:5521 
DEBUG    torch.__trace:symbolic_shapes.py:5521 
DEBUG    torch.__trace:symbolic_shapes.py:5521 
DEBUG    torch.__trace:symbolic_shapes.py:5521 
DEBUG    torch.__trace:symbolic_shapes.py:5521 
DEBUG    torch.__trace:symbolic_shapes.py:5521 
DEBUG    torch.__trace:structured.py:28 
DEBUG    torch.__trace:structured.py:28 
DEBUG    torch.__trace:structured.py:28 
DEBUG    torch.__trace:symbolic_shapes.py:5521 
DEBUG    torch.__trace:symbolic_shapes.py:5521 
DEBUG    torch.__trace:symbolic_shapes.py:5521 
DEBUG    torch.__trace:symbolic_shapes.py:5521 
DEBUG    torch.__trace:symbolic_shapes.py:5521 
DEBUG    torch.__trace:symbolic_shapes.py:5521 
DEBUG    torch.__trace:symbolic_shapes.py:5521 
DEBUG    torch.__trace:symbolic_shapes.py:5521 
DEBUG    torch.__trace:symbolic_shapes.py:5521 
DEBUG    torch.__trace:structured.py:28 
DEBUG    torch.__trace:symbolic_shapes.py:5521 
DEBUG    torch.__trace:symbolic_shapes.py:5521 
DEBUG    torch.__trace:symbolic_shapes.py:5521 
DEBUG    torch.__trace:symbolic_shapes.py:5521 
DEBUG    torch.__trace:symbolic_shapes.py:5521 
DEBUG    torch.__trace:symbolic_shapes.py:5521 
DEBUG    torch.__trace:symbolic_shapes.py:5521 
DEBUG    torch.__trace:symbolic_shapes.py:5521 
DEBUG    torch.__trace:symbolic_shapes.py:5521 
DEBUG    torch.__trace:symbolic_shapes.py:5521 
DEBUG    torch.__trace:symbolic_shapes.py:5521 
DEBUG    torch.__trace:symbolic_shapes.py:5521 
DEBUG    torch.__trace:symbolic_shapes.py:5521 
DEBUG    torch.__trace:symbolic_shapes.py:5521 
DEBUG    torch.__trace:symbolic_shapes.py:5521 
DEBUG    torch.__trace:symbolic_shapes.py:5521 
DEBUG    torch.__trace:symbolic_shapes.py:5521 
DEBUG    torch.__trace:symbolic_shapes.py:5521 
DEBUG    torch.__trace:symbolic_shapes.py:5521 
DEBUG    torch.__trace:symbolic_shapes.py:5521 
DEBUG    torch.__trace:symbolic_shapes.py:5521 
DEBUG    torch.__trace:symbolic_shapes.py:5521 
DEBUG    torch.__trace:symbolic_shapes.py:5521 
DEBUG    torch.__trace:symbolic_shapes.py:5521 
DEBUG    torch.__trace:symbolic_shapes.py:5521 
DEBUG    torch.__trace:symbolic_shapes.py:5521 
DEBUG    torch.__trace:symbolic_shapes.py:5521 
DEBUG    torch.__trace:symbolic_shapes.py:5521 
DEBUG    torch.__trace:symbolic_shapes.py:5521 
DEBUG    torch.__trace:symbolic_shapes.py:5521 
DEBUG    torch.__trace:symbolic_shapes.py:5521 
DEBUG    torch.__trace:symbolic_shapes.py:5521 
DEBUG    torch.__trace:symbolic_shapes.py:5521 
DEBUG    torch.__trace:symbolic_shapes.py:5521 
DEBUG    torch.__trace:symbolic_shapes.py:5521 
DEBUG    torch.__trace:symbolic_shapes.py:5521 
DEBUG    torch.__trace:symbolic_shapes.py:5521 
DEBUG    torch.__trace:symbolic_shapes.py:5521 
DEBUG    torch.__trace:utils.py:2363 
DEBUG    torch.__trace:graph_compile.py:1820 
DEBUG    torch.__trace:graph_compile.py:1841 
DEBUG    torch.__trace:graph_compile.py:1891 
DEBUG    torch.__trace:graph_compile.py:1909 
DEBUG    torch.__trace:graph_compile.py:1913 
DEBUG    torch.__trace:codegen.py:200 
DEBUG    torch.__trace:codegen.py:200 
DEBUG    torch.__trace:codegen.py:200 
DEBUG    torch.__trace:codegen.py:200 
DEBUG    torch.__trace:codegen.py:200 
DEBUG    torch.__trace:codegen.py:200 
DEBUG    torch.__trace:utils.py:2363 
DEBUG    torch.__trace:utils.py:2363 
DEBUG    torch.__trace:utils.py:2363 
DEBUG    torch.__trace:utils.py:2363 
DEBUG    torch.__trace:guards.py:4769 
DEBUG    torch.__trace:utils.py:2363 
DEBUG    torch.__trace:utils.py:2363 
DEBUG    torch.__trace:utils.py:2363 
DEBUG    torch.__trace:utils.py:2363 
DEBUG    torch.__trace:utils.py:2363 
DEBUG    torch.__trace:utils.py:2363 
DEBUG    torch.__trace:utils.py:2022 
DEBUG    torch.__trace:utils.py:2363 
DEBUG    torch.__trace:utils.py:2363 
DEBUG    torch.__trace:utils.py:2363 
DEBUG    torch.__trace:guards.py:5625 
DEBUG    torch.__trace:convert_frame.py:304 
DEBUG    torch.__trace:utils.py:2363 
DEBUG    torch.__trace:utils.py:2363 
DEBUG    torch.__trace:meta_utils.py:298 
DEBUG    torch.__trace:meta_utils.py:537 
DEBUG    torch.__trace:meta_utils.py:2385 
DEBUG    torch.__trace:meta_utils.py:298 
DEBUG    torch.__trace:meta_utils.py:537 
DEBUG    torch.__trace:meta_utils.py:2385 
DEBUG    torch.__trace:meta_utils.py:298 
DEBUG    torch.__trace:meta_utils.py:537 
DEBUG    torch.__trace:meta_utils.py:2385 
DEBUG    torch.__trace:meta_utils.py:298 
DEBUG    torch.__trace:meta_utils.py:537 
DEBUG    torch.__trace:meta_utils.py:2385 
DEBUG    torch.__trace:meta_utils.py:298 
DEBUG    torch.__trace:meta_utils.py:537 
DEBUG    torch.__trace:meta_utils.py:2385 
DEBUG    torch.__trace:meta_utils.py:298 
DEBUG    torch.__trace:meta_utils.py:537 
DEBUG    torch.__trace:meta_utils.py:2385 
DEBUG    torch.__trace:meta_utils.py:298 
DEBUG    torch.__trace:meta_utils.py:537 
DEBUG    torch.__trace:meta_utils.py:2385 
DEBUG    torch.__trace:meta_utils.py:298 
DEBUG    torch.__trace:meta_utils.py:537 
DEBUG    torch.__trace:meta_utils.py:2385 
DEBUG    torch.__trace:meta_utils.py:298 
DEBUG    torch.__trace:meta_utils.py:537 
DEBUG    torch.__trace:meta_utils.py:2385 
DEBUG    torch.__trace:meta_utils.py:298 
DEBUG    torch.__trace:meta_utils.py:537 
DEBUG    torch.__trace:meta_utils.py:2385 
DEBUG    torch.__trace:symbolic_shapes.py:5971 
DEBUG    torch.__trace:meta_utils.py:298 
DEBUG    torch.__trace:meta_utils.py:537 
DEBUG    torch.__trace:meta_utils.py:2385 
DEBUG    torch.__trace:meta_utils.py:298 
DEBUG    torch.__trace:meta_utils.py:537 
DEBUG    torch.__trace:meta_utils.py:2385 
DEBUG    torch.__trace:meta_utils.py:298 
DEBUG    torch.__trace:meta_utils.py:537 
DEBUG    torch.__trace:meta_utils.py:2385 
DEBUG    torch.__trace:meta_utils.py:298 
DEBUG    torch.__trace:meta_utils.py:537 
DEBUG    torch.__trace:meta_utils.py:2385 
DEBUG    torch.__trace:meta_utils.py:298 
DEBUG    torch.__trace:meta_utils.py:537 
DEBUG    torch.__trace:meta_utils.py:2385 
DEBUG    torch.__trace:symbolic_shapes.py:5971 
DEBUG    torch.__trace:meta_utils.py:298 
DEBUG    torch.__trace:meta_utils.py:537 
DEBUG    torch.__trace:meta_utils.py:2385 
DEBUG    torch.__trace:symbolic_shapes.py:5971 
DEBUG    torch.__trace:symbolic_shapes.py:8465 
DEBUG    torch.__trace:meta_utils.py:298 
DEBUG    torch.__trace:meta_utils.py:537 
DEBUG    torch.__trace:meta_utils.py:2385 
DEBUG    torch.__trace:meta_utils.py:298 
DEBUG    torch.__trace:meta_utils.py:537 
DEBUG    torch.__trace:meta_utils.py:2385 
DEBUG    torch.__trace:meta_utils.py:298 
DEBUG    torch.__trace:meta_utils.py:537 
DEBUG    torch.__trace:meta_utils.py:2385 
DEBUG    torch.__trace:meta_utils.py:298 
DEBUG    torch.__trace:meta_utils.py:537 
DEBUG    torch.__trace:meta_utils.py:2385 
DEBUG    torch.__trace:meta_utils.py:298 
DEBUG    torch.__trace:meta_utils.py:537 
DEBUG    torch.__trace:meta_utils.py:2385 
DEBUG    torch.__trace:meta_utils.py:298 
DEBUG    torch.__trace:meta_utils.py:537 
DEBUG    torch.__trace:meta_utils.py:2385 
DEBUG    torch.__trace:meta_utils.py:298 
DEBUG    torch.__trace:meta_utils.py:537 
DEBUG    torch.__trace:meta_utils.py:2385 
DEBUG    torch.__trace:meta_utils.py:298 
DEBUG    torch.__trace:meta_utils.py:537 
DEBUG    torch.__trace:meta_utils.py:2385 
DEBUG    torch.__trace:meta_utils.py:298 
DEBUG    torch.__trace:meta_utils.py:537 
DEBUG    torch.__trace:meta_utils.py:2385 
DEBUG    torch.__trace:utils.py:2363 
DEBUG    torch.__trace:utils.py:2363 
DEBUG    torch.__trace:utils.py:2363 
DEBUG    torch.__trace:output_graph.py:2942 
DEBUG    torch.__trace:utils.py:2363 
DEBUG    torch.__trace:utils.py:2363 
DEBUG    torch.__trace:utils.py:2363 
DEBUG    torch.__trace:utils.py:2363 
DEBUG    torch.__trace:graph_capture.py:428 
DEBUG    torch.__trace:graph_capture.py:446 
DEBUG    torch.__trace:graph_compile.py:382 
DEBUG    torch.__trace:codegen.py:200 
DEBUG    torch.__trace:utils.py:2363 
DEBUG    torch.__trace:utils.py:2363 
DEBUG    torch.__trace:utils.py:2363 
DEBUG    torch.__trace:utils.py:2363 
DEBUG    torch.__trace:guards.py:4769 
DEBUG    torch.__trace:utils.py:2363 
DEBUG    torch.__trace:utils.py:2363 
DEBUG    torch.__trace:utils.py:2363 
DEBUG    torch.__trace:utils.py:2363 
DEBUG    torch.__trace:utils.py:2363 
DEBUG    torch.__trace:utils.py:2363 
DEBUG    torch.__trace:utils.py:2022 
DEBUG    torch.__trace:utils.py:2363 
DEBUG    torch.__trace:utils.py:2363 
DEBUG    torch.__trace:utils.py:2363 
DEBUG    torch.__trace:convert_frame.py:304 
DEBUG    torch.__trace:utils.py:2363 
DEBUG    torch.__trace:utils.py:2363 
DEBUG    torch.__trace:meta_utils.py:298 
DEBUG    torch.__trace:meta_utils.py:537 
DEBUG    torch.__trace:meta_utils.py:2385 
DEBUG    torch.__trace:structured.py:28 
DEBUG    torch.__trace:symbolic_shapes.py:5971 
DEBUG    torch.__trace:meta_utils.py:298 
DEBUG    torch.__trace:meta_utils.py:537 
DEBUG    torch.__trace:meta_utils.py:2385 
DEBUG    torch.__trace:meta_utils.py:298 
DEBUG    torch.__trace:meta_utils.py:537 
DEBUG    torch.__trace:meta_utils.py:2385 
DEBUG    torch.__trace:meta_utils.py:298 
DEBUG    torch.__trace:meta_utils.py:537 
DEBUG    torch.__trace:meta_utils.py:2385 
DEBUG    torch.__trace:meta_utils.py:298 
DEBUG    torch.__trace:meta_utils.py:537 
DEBUG    torch.__trace:meta_utils.py:2385 
DEBUG    torch.__trace:meta_utils.py:298 
DEBUG    torch.__trace:meta_utils.py:537 
DEBUG    torch.__trace:meta_utils.py:2385 
DEBUG    torch.__trace:meta_utils.py:298 
DEBUG    torch.__trace:meta_utils.py:537 
DEBUG    torch.__trace:meta_utils.py:2385 
DEBUG    torch.__trace:symbolic_shapes.py:5971 
DEBUG    torch.__trace:meta_utils.py:298 
DEBUG    torch.__trace:meta_utils.py:537 
DEBUG    torch.__trace:meta_utils.py:2385 
DEBUG    torch.__trace:meta_utils.py:298 
DEBUG    torch.__trace:meta_utils.py:537 
DEBUG    torch.__trace:meta_utils.py:2385 
DEBUG    torch.__trace:meta_utils.py:298 
DEBUG    torch.__trace:meta_utils.py:537 
DEBUG    torch.__trace:meta_utils.py:2385 
DEBUG    torch.__trace:meta_utils.py:298 
DEBUG    torch.__trace:meta_utils.py:537 
DEBUG    torch.__trace:meta_utils.py:2385 
DEBUG    torch.__trace:meta_utils.py:298 
DEBUG    torch.__trace:meta_utils.py:537 
DEBUG    torch.__trace:meta_utils.py:2385 
DEBUG    torch.__trace:meta_utils.py:298 
DEBUG    torch.__trace:meta_utils.py:537 
DEBUG    torch.__trace:meta_utils.py:2385 
DEBUG    torch.__trace:meta_utils.py:298 
DEBUG    torch.__trace:meta_utils.py:537 
DEBUG    torch.__trace:meta_utils.py:2385 
DEBUG    torch.__trace:meta_utils.py:298 
DEBUG    torch.__trace:meta_utils.py:537 
DEBUG    torch.__trace:meta_utils.py:2385 
DEBUG    torch.__trace:meta_utils.py:298 
DEBUG    torch.__trace:meta_utils.py:537 
DEBUG    torch.__trace:meta_utils.py:2385 
DEBUG    torch.__trace:meta_utils.py:298 
DEBUG    torch.__trace:meta_utils.py:537 
DEBUG    torch.__trace:meta_utils.py:2385 
DEBUG    torch.__trace:meta_utils.py:298 
DEBUG    torch.__trace:meta_utils.py:537 
DEBUG    torch.__trace:meta_utils.py:2385 
DEBUG    torch.__trace:meta_utils.py:298 
DEBUG    torch.__trace:meta_utils.py:537 
DEBUG    torch.__trace:meta_utils.py:2385 
DEBUG    torch.__trace:meta_utils.py:298 
DEBUG    torch.__trace:meta_utils.py:537 
DEBUG    torch.__trace:meta_utils.py:2385 
DEBUG    torch.__trace:utils.py:2363 
DEBUG    torch.__trace:utils.py:2363 
DEBUG    torch.__trace:utils.py:2363 
DEBUG    torch.__trace:output_graph.py:2942 
DEBUG    torch.__trace:utils.py:2363 
DEBUG    torch.__trace:utils.py:2363 
DEBUG    torch.__trace:utils.py:2363 
DEBUG    torch.__trace:utils.py:2363 
DEBUG    torch.__trace:guards.py:4769 
DEBUG    torch.__trace:utils.py:2363 
DEBUG    torch.__trace:utils.py:2363 
DEBUG    torch.__trace:utils.py:2363 
DEBUG    torch.__trace:utils.py:2363 
DEBUG    torch.__trace:utils.py:2022 
DEBUG    torch.__trace:utils.py:2363 
DEBUG    torch.__trace:utils.py:2363 
DEBUG    torch.__trace:utils.py:2363 
DEBUG    torch.__trace:guards.py:5625 
DEBUG    torch.__trace:convert_frame.py:304 
DEBUG    torch.__trace:utils.py:2363 
DEBUG    torch.__trace:utils.py:2363 
DEBUG    torch.__trace:meta_utils.py:298 
DEBUG    torch.__trace:meta_utils.py:537 
DEBUG    torch.__trace:meta_utils.py:2385 
DEBUG    torch.__trace:symbolic_shapes.py:5971 
DEBUG    torch.__trace:utils.py:2402 
DEBUG    torch.__trace:utils.py:2402 
DEBUG    torch.__trace:meta_utils.py:298 
DEBUG    torch.__trace:meta_utils.py:537 
DEBUG    torch.__trace:meta_utils.py:2385 
DEBUG    torch.__trace:symbolic_shapes.py:5971 
DEBUG    torch.__trace:symbolic_shapes.py:5971 
DEBUG    torch.__trace:symbolic_shapes.py:5971 
DEBUG    torch.__trace:utils.py:2402 
DEBUG    torch.__trace:utils.py:2402 
DEBUG    torch.__trace:meta_utils.py:298 
DEBUG    torch.__trace:meta_utils.py:537 
DEBUG    torch.__trace:meta_utils.py:2385 
DEBUG    torch.__trace:symbolic_shapes.py:5971 
DEBUG    torch.__trace:utils.py:2402 
DEBUG    torch.__trace:meta_utils.py:298 
DEBUG    torch.__trace:meta_utils.py:537 
DEBUG    torch.__trace:meta_utils.py:2385 
DEBUG    torch.__trace:utils.py:2402 
DEBUG    torch.__trace:structured.py:28 
DEBUG    torch.__trace:symbolic_shapes.py:5971 
DEBUG    torch.__trace:symbolic_shapes.py:8465 
DEBUG    torch.__trace:symbolic_shapes.py:8056 
DEBUG    torch.__trace:utils.py:2402 
DEBUG    torch.__trace:symbolic_shapes.py:5971 
DEBUG    torch.__trace:symbolic_shapes.py:8465 
DEBUG    torch.__trace:utils.py:2402 
DEBUG    torch.__trace:structured.py:28 
DEBUG    torch.__trace:structured.py:28 
DEBUG    torch.__trace:structured.py:28 
DEBUG    torch.__trace:symbolic_shapes.py:5971 
DEBUG    torch.__trace:symbolic_shapes.py:8465 
DEBUG    torch.__trace:symbolic_shapes.py:8056 
DEBUG    torch.__trace:utils.py:2402 
DEBUG    torch.__trace:symbolic_shapes.py:5971 
DEBUG    torch.__trace:symbolic_shapes.py:8465 
DEBUG    torch.__trace:meta_utils.py:298 
DEBUG    torch.__trace:meta_utils.py:537 
DEBUG    torch.__trace:meta_utils.py:2385 
DEBUG    torch.__trace:symbolic_shapes.py:5971 
DEBUG    torch.__trace:utils.py:2402 
DEBUG    torch.__trace:symbolic_shapes.py:5971 
DEBUG    torch.__trace:symbolic_shapes.py:8465 
DEBUG    torch.__trace:symbolic_shapes.py:8056 
DEBUG    torch.__trace:utils.py:2402 
DEBUG    torch.__trace:symbolic_shapes.py:5971 
DEBUG    torch.__trace:symbolic_shapes.py:8465 
DEBUG    torch.__trace:utils.py:2402 
DEBUG    torch.__trace:symbolic_shapes.py:5971 
DEBUG    torch.__trace:symbolic_shapes.py:8465 
DEBUG    torch.__trace:symbolic_shapes.py:8056 
DEBUG    torch.__trace:utils.py:2402 
DEBUG    torch.__trace:symbolic_shapes.py:5971 
DEBUG    torch.__trace:symbolic_shapes.py:8465 
DEBUG    torch.__trace:utils.py:2402 
DEBUG    torch.__trace:utils.py:2402 
DEBUG    torch.__trace:meta_utils.py:298 
DEBUG    torch.__trace:meta_utils.py:537 
DEBUG    torch.__trace:meta_utils.py:2385 
DEBUG    torch.__trace:symbolic_shapes.py:5971 
DEBUG    torch.__trace:symbolic_shapes.py:5971 
DEBUG    torch.__trace:utils.py:2402 
DEBUG    torch.__trace:meta_utils.py:298 
DEBUG    torch.__trace:meta_utils.py:537 
DEBUG    torch.__trace:meta_utils.py:2385 
DEBUG    torch.__trace:symbolic_shapes.py:5971 
DEBUG    torch.__trace:symbolic_shapes.py:5971 
DEBUG    torch.__trace:structured.py:28 
DEBUG    torch.__trace:structured.py:28 
DEBUG    torch.__trace:symbolic_shapes.py:8465 
DEBUG    torch.__trace:symbolic_shapes.py:8465 
DEBUG    torch.__trace:utils.py:2402 
DEBUG    torch.__trace:meta_utils.py:298 
DEBUG    torch.__trace:meta_utils.py:537 
DEBUG    torch.__trace:meta_utils.py:537 
DEBUG    torch.__trace:meta_utils.py:2385 
DEBUG    torch.__trace:symbolic_shapes.py:5971 
DEBUG    torch.__trace:symbolic_shapes.py:8465 
DEBUG    torch.__trace:symbolic_shapes.py:8465 
DEBUG    torch.__trace:utils.py:2402 
DEBUG    torch.__trace:utils.py:2402 
DEBUG    torch.__trace:meta_utils.py:298 
DEBUG    torch.__trace:meta_utils.py:537 
DEBUG    torch.__trace:meta_utils.py:2385 
DEBUG    torch.__trace:symbolic_shapes.py:5971 
DEBUG    torch.__trace:symbolic_shapes.py:8465 
DEBUG    torch.__trace:utils.py:2402 
DEBUG    torch.__trace:meta_utils.py:298 
DEBUG    torch.__trace:meta_utils.py:537 
DEBUG    torch.__trace:meta_utils.py:2385 
DEBUG    torch.__trace:symbolic_shapes.py:5971 
DEBUG    torch.__trace:symbolic_shapes.py:5971 
DEBUG    torch.__trace:utils.py:2402 
DEBUG    torch.__trace:structured.py:28 
DEBUG    torch.__trace:symbolic_shapes.py:5971 
DEBUG    torch.__trace:symbolic_shapes.py:8465 
DEBUG    torch.__trace:symbolic_shapes.py:8465 
DEBUG    torch.__trace:structured.py:28 
DEBUG    torch.__trace:symbolic_shapes.py:8465 
DEBUG    torch.__trace:symbolic_shapes.py:8465 
DEBUG    torch.__trace:symbolic_shapes.py:8465 
DEBUG    torch.__trace:symbolic_shapes.py:8465 
DEBUG    torch.__trace:symbolic_shapes.py:8465 
DEBUG    torch.__trace:symbolic_shapes.py:8465 
DEBUG    torch.__trace:symbolic_shapes.py:8465 
DEBUG    torch.__trace:symbolic_shapes.py:8465 
DEBUG    torch.__trace:symbolic_shapes.py:8465 
DEBUG    torch.__trace:symbolic_shapes.py:8465 
DEBUG    torch.__trace:structured.py:28 
DEBUG    torch.__trace:symbolic_shapes.py:8465 
DEBUG    torch.__trace:symbolic_shapes.py:8465 
DEBUG    torch.__trace:symbolic_shapes.py:8465 
DEBUG    torch.__trace:symbolic_shapes.py:8465 
DEBUG    torch.__trace:meta_utils.py:298 
DEBUG    torch.__trace:meta_utils.py:537 
DEBUG    torch.__trace:meta_utils.py:2385 
DEBUG    torch.__trace:symbolic_shapes.py:8465 
DEBUG    torch.__trace:symbolic_shapes.py:8056 
DEBUG    torch.__trace:symbolic_shapes.py:8056 
DEBUG    torch.__trace:utils.py:2402 
DEBUG    torch.__trace:utils.py:2402 
DEBUG    torch.__trace:meta_utils.py:298 
DEBUG    torch.__trace:meta_utils.py:537 
DEBUG    torch.__trace:meta_utils.py:2385 
DEBUG    torch.__trace:symbolic_shapes.py:5971 
DEBUG    torch.__trace:symbolic_shapes.py:5971 
DEBUG    torch.__trace:symbolic_shapes.py:5971 
DEBUG    torch.__trace:symbolic_shapes.py:8465 
DEBUG    torch.__trace:symbolic_shapes.py:8056 
DEBUG    torch.__trace:symbolic_shapes.py:8465 
DEBUG    torch.__trace:symbolic_shapes.py:8465 
DEBUG    torch.__trace:symbolic_shapes.py:8056 
DEBUG    torch.__trace:utils.py:2402 
DEBUG    torch.__trace:utils.py:2402 
DEBUG    torch.__trace:meta_utils.py:298 
DEBUG    torch.__trace:meta_utils.py:537 
DEBUG    torch.__trace:meta_utils.py:2385 
DEBUG    torch.__trace:symbolic_shapes.py:5971 
DEBUG    torch.__trace:symbolic_shapes.py:8465 
DEBUG    torch.__trace:symbolic_shapes.py:8056 
DEBUG    torch.__trace:utils.py:2402 
DEBUG    torch.__trace:utils.py:2402 
DEBUG    torch.__trace:symbolic_shapes.py:5971 
DEBUG    torch.__trace:utils.py:2402 
DEBUG    torch.__trace:utils.py:2402 
DEBUG    torch.__trace:symbolic_shapes.py:5971 
DEBUG    torch.__trace:meta_utils.py:298 
DEBUG    torch.__trace:meta_utils.py:537 
DEBUG    torch.__trace:meta_utils.py:2385 
DEBUG    torch.__trace:utils.py:2402 
DEBUG    torch.__trace:symbolic_shapes.py:5971 
DEBUG    torch.__trace:symbolic_shapes.py:8465 
DEBUG    torch.__trace:symbolic_shapes.py:8465 
DEBUG    torch.__trace:symbolic_shapes.py:8465 
DEBUG    torch.__trace:symbolic_shapes.py:8465 
DEBUG    torch.__trace:symbolic_shapes.py:8465 
DEBUG    torch.__trace:symbolic_shapes.py:8465 
DEBUG    torch.__trace:symbolic_shapes.py:8465 
DEBUG    torch.__trace:symbolic_shapes.py:8465 
DEBUG    torch.__trace:symbolic_shapes.py:8465 
DEBUG    torch.__trace:symbolic_shapes.py:8056 
DEBUG    torch.__trace:meta_utils.py:298 
DEBUG    torch.__trace:meta_utils.py:537 
DEBUG    torch.__trace:meta_utils.py:2385 
DEBUG    torch.__trace:meta_utils.py:298 
DEBUG    torch.__trace:meta_utils.py:537 
DEBUG    torch.__trace:meta_utils.py:2385 
DEBUG    torch.__trace:meta_utils.py:298 
DEBUG    torch.__trace:meta_utils.py:537 
DEBUG    torch.__trace:meta_utils.py:2385 
DEBUG    torch.__trace:meta_utils.py:298 
DEBUG    torch.__trace:meta_utils.py:537 
DEBUG    torch.__trace:meta_utils.py:2385 
DEBUG    torch.__trace:meta_utils.py:298 
DEBUG    torch.__trace:meta_utils.py:537 
DEBUG    torch.__trace:meta_utils.py:2385 
DEBUG    torch.__trace:meta_utils.py:298 
DEBUG    torch.__trace:meta_utils.py:537 
DEBUG    torch.__trace:meta_utils.py:2385 
DEBUG    torch.__trace:symbolic_shapes.py:8465 
DEBUG    torch.__trace:meta_utils.py:298 
DEBUG    torch.__trace:meta_utils.py:537 
DEBUG    torch.__trace:meta_utils.py:2385 
DEBUG    torch.__trace:meta_utils.py:298 
DEBUG    torch.__trace:meta_utils.py:537 
DEBUG    torch.__trace:meta_utils.py:2385 
DEBUG    torch.__trace:symbolic_shapes.py:8465 
DEBUG    torch.__trace:meta_utils.py:298 
DEBUG    torch.__trace:meta_utils.py:537 
DEBUG    torch.__trace:meta_utils.py:2385 
DEBUG    torch.__trace:meta_utils.py:298 
DEBUG    torch.__trace:meta_utils.py:537 
DEBUG    torch.__trace:meta_utils.py:2385 
DEBUG    torch.__trace:meta_utils.py:298 
DEBUG    torch.__trace:meta_utils.py:537 
DEBUG    torch.__trace:meta_utils.py:2385 
DEBUG    torch.__trace:meta_utils.py:298 
DEBUG    torch.__trace:meta_utils.py:537 
DEBUG    torch.__trace:meta_utils.py:2385 
DEBUG    torch.__trace:structured.py:28 
DEBUG    torch.__trace:structured.py:28 
DEBUG    torch.__trace:structured.py:28 
DEBUG    torch.__trace:symbolic_shapes.py:8465 
DEBUG    torch.__trace:symbolic_shapes.py:8056 
DEBUG    torch.__trace:meta_utils.py:298 
DEBUG    torch.__trace:meta_utils.py:537 
DEBUG    torch.__trace:meta_utils.py:2385 
DEBUG    torch.__trace:symbolic_shapes.py:8465 
DEBUG    torch.__trace:symbolic_shapes.py:8465 
DEBUG    torch.__trace:symbolic_shapes.py:8465 
DEBUG    torch.__trace:symbolic_shapes.py:8465 
DEBUG    torch.__trace:symbolic_shapes.py:8465 
DEBUG    torch.__trace:symbolic_shapes.py:8465 
DEBUG    torch.__trace:symbolic_shapes.py:8465 
DEBUG    torch.__trace:symbolic_shapes.py:8465 
DEBUG    torch.__trace:symbolic_shapes.py:8465 
DEBUG    torch.__trace:symbolic_shapes.py:8465 
DEBUG    torch.__trace:symbolic_shapes.py:8465 
DEBUG    torch.__trace:meta_utils.py:298 
DEBUG    torch.__trace:meta_utils.py:537 
DEBUG    torch.__trace:meta_utils.py:2385 
DEBUG    torch.__trace:meta_utils.py:298 
DEBUG    torch.__trace:meta_utils.py:537 
DEBUG    torch.__trace:meta_utils.py:2385 
DEBUG    torch.__trace:symbolic_shapes.py:8465 
DEBUG    torch.__trace:meta_utils.py:298 
DEBUG    torch.__trace:meta_utils.py:537 
DEBUG    torch.__trace:meta_utils.py:537 
DEBUG    torch.__trace:meta_utils.py:2385 
DEBUG    torch.__trace:symbolic_shapes.py:8465 
DEBUG    torch.__trace:symbolic_shapes.py:8056 
DEBUG    torch.__trace:symbolic_shapes.py:8465 
DEBUG    torch.__trace:symbolic_shapes.py:8465 
DEBUG    torch.__trace:symbolic_shapes.py:8056 
DEBUG    torch.__trace:symbolic_shapes.py:8465 
DEBUG    torch.__trace:symbolic_shapes.py:8056 
DEBUG    torch.__trace:structured.py:28 
DEBUG    torch.__trace:structured.py:28 
DEBUG    torch.__trace:symbolic_shapes.py:8056 
DEBUG    torch.__trace:symbolic_shapes.py:8465 
DEBUG    torch.__trace:symbolic_shapes.py:8056 
DEBUG    torch.__trace:symbolic_shapes.py:8465 
DEBUG    torch.__trace:symbolic_shapes.py:8465 
DEBUG    torch.__trace:utils.py:2363 
DEBUG    torch.__trace:utils.py:2363 
DEBUG    torch.__trace:utils.py:2363 
DEBUG    torch.__trace:output_graph.py:2942 
DEBUG    torch.__trace:utils.py:2363 
DEBUG    torch.__trace:utils.py:2363 
DEBUG    torch.__trace:utils.py:2363 
DEBUG    torch.__trace:utils.py:2363 
DEBUG    torch.__trace:guards.py:4769 
DEBUG    torch.__trace:utils.py:2363 
DEBUG    torch.__trace:utils.py:2363 
DEBUG    torch.__trace:utils.py:2363 
DEBUG    torch.__trace:utils.py:2363 
DEBUG    torch.__trace:utils.py:2363 
DEBUG    torch.__trace:utils.py:2363 
DEBUG    torch.__trace:utils.py:2022 
DEBUG    torch.__trace:utils.py:2363 
DEBUG    torch.__trace:utils.py:2363 
DEBUG    torch.__trace:utils.py:2363 
DEBUG    torch.__trace:guards.py:5625 
DEBUG    torch.__trace:convert_frame.py:304 
DEBUG    torch.__trace:utils.py:2363 
DEBUG    torch.__trace:utils.py:2363 
DEBUG    torch.__trace:meta_utils.py:298 
DEBUG    torch.__trace:meta_utils.py:537 
DEBUG    torch.__trace:meta_utils.py:2385 
DEBUG    torch.__trace:symbolic_shapes.py:5971 
DEBUG    torch.__trace:meta_utils.py:298 
DEBUG    torch.__trace:meta_utils.py:537 
DEBUG    torch.__trace:meta_utils.py:2385 
DEBUG    torch.__trace:symbolic_shapes.py:5971 
DEBUG    torch.__trace:symbolic_shapes.py:5971 
DEBUG    torch.__trace:symbolic_shapes.py:5971 
DEBUG    torch.__trace:meta_utils.py:298 
DEBUG    torch.__trace:meta_utils.py:537 
DEBUG    torch.__trace:meta_utils.py:2385 
DEBUG    torch.__trace:symbolic_shapes.py:5971 
DEBUG    torch.__trace:meta_utils.py:298 
DEBUG    torch.__trace:meta_utils.py:537 
DEBUG    torch.__trace:meta_utils.py:2385 
DEBUG    torch.__trace:utils.py:2402 
DEBUG    torch.__trace:meta_utils.py:298 
DEBUG    torch.__trace:meta_utils.py:537 
DEBUG    torch.__trace:meta_utils.py:2385 
DEBUG    torch.__trace:utils.py:2402 
DEBUG    torch.__trace:utils.py:2402 
DEBUG    torch.__trace:meta_utils.py:298 
DEBUG    torch.__trace:meta_utils.py:537 
DEBUG    torch.__trace:meta_utils.py:2385 
DEBUG    torch.__trace:symbolic_shapes.py:5971 
DEBUG    torch.__trace:meta_utils.py:298 
DEBUG    torch.__trace:meta_utils.py:537 
DEBUG    torch.__trace:meta_utils.py:2385 
DEBUG    torch.__trace:meta_utils.py:298 
DEBUG    torch.__trace:meta_utils.py:537 
DEBUG    torch.__trace:meta_utils.py:2385 
DEBUG    torch.__trace:symbolic_shapes.py:5971 
DEBUG    torch.__trace:symbolic_shapes.py:8465 
DEBUG    torch.__trace:symbolic_shapes.py:8056 
DEBUG    torch.__trace:symbolic_shapes.py:5971 
DEBUG    torch.__trace:symbolic_shapes.py:8465 
DEBUG    torch.__trace:symbolic_shapes.py:5971 
DEBUG    torch.__trace:symbolic_shapes.py:8465 
DEBUG    torch.__trace:symbolic_shapes.py:8056 
DEBUG    torch.__trace:symbolic_shapes.py:5971 
DEBUG    torch.__trace:symbolic_shapes.py:8465 
DEBUG    torch.__trace:meta_utils.py:298 
DEBUG    torch.__trace:meta_utils.py:537 
DEBUG    torch.__trace:meta_utils.py:2385 
DEBUG    torch.__trace:symbolic_shapes.py:5971 
DEBUG    torch.__trace:symbolic_shapes.py:5971 
DEBUG    torch.__trace:symbolic_shapes.py:8465 
DEBUG    torch.__trace:symbolic_shapes.py:8056 
DEBUG    torch.__trace:symbolic_shapes.py:5971 
DEBUG    torch.__trace:symbolic_shapes.py:8465 
DEBUG    torch.__trace:symbolic_shapes.py:5971 
DEBUG    torch.__trace:symbolic_shapes.py:8465 
DEBUG    torch.__trace:symbolic_shapes.py:8056 
DEBUG    torch.__trace:symbolic_shapes.py:5971 
DEBUG    torch.__trace:symbolic_shapes.py:8465 
DEBUG    torch.__trace:meta_utils.py:298 
DEBUG    torch.__trace:meta_utils.py:537 
DEBUG    torch.__trace:meta_utils.py:2385 
DEBUG    torch.__trace:utils.py:2402 
DEBUG    torch.__trace:meta_utils.py:298 
DEBUG    torch.__trace:meta_utils.py:537 
DEBUG    torch.__trace:meta_utils.py:2385 
DEBUG    torch.__trace:symbolic_shapes.py:5971 
DEBUG    torch.__trace:symbolic_shapes.py:5971 
DEBUG    torch.__trace:symbolic_shapes.py:8465 
DEBUG    torch.__trace:meta_utils.py:298 
DEBUG    torch.__trace:meta_utils.py:537 
DEBUG    torch.__trace:meta_utils.py:2385 
DEBUG    torch.__trace:symbolic_shapes.py:5971 
DEBUG    torch.__trace:symbolic_shapes.py:5971 
DEBUG    torch.__trace:symbolic_shapes.py:8465 
DEBUG    torch.__trace:utils.py:2402 
DEBUG    torch.__trace:utils.py:2402 
DEBUG    torch.__trace:meta_utils.py:298 
DEBUG    torch.__trace:meta_utils.py:537 
DEBUG    torch.__trace:meta_utils.py:2385 
DEBUG    torch.__trace:symbolic_shapes.py:5971 
DEBUG    torch.__trace:symbolic_shapes.py:5971 
DEBUG    torch.__trace:symbolic_shapes.py:8465 
DEBUG    torch.__trace:meta_utils.py:298 
DEBUG    torch.__trace:meta_utils.py:537 
DEBUG    torch.__trace:meta_utils.py:2385 
DEBUG    torch.__trace:utils.py:2402 
DEBUG    torch.__trace:utils.py:2402 
DEBUG    torch.__trace:symbolic_shapes.py:5971 
DEBUG    torch.__trace:symbolic_shapes.py:5971 
DEBUG    torch.__trace:symbolic_shapes.py:8465 
DEBUG    torch.__trace:symbolic_shapes.py:8465 
DEBUG    torch.__trace:symbolic_shapes.py:8465 
DEBUG    torch.__trace:symbolic_shapes.py:8465 
DEBUG    torch.__trace:symbolic_shapes.py:8465 
DEBUG    torch.__trace:symbolic_shapes.py:8465 
DEBUG    torch.__trace:symbolic_shapes.py:8465 
DEBUG    torch.__trace:symbolic_shapes.py:8465 
DEBUG    torch.__trace:symbolic_shapes.py:8465 
DEBUG    torch.__trace:symbolic_shapes.py:8465 
DEBUG    torch.__trace:symbolic_shapes.py:8465 
DEBUG    torch.__trace:symbolic_shapes.py:8465 
DEBUG    torch.__trace:symbolic_shapes.py:8465 
DEBUG    torch.__trace:symbolic_shapes.py:8465 
DEBUG    torch.__trace:symbolic_shapes.py:8465 
DEBUG    torch.__trace:symbolic_shapes.py:8465 
DEBUG    torch.__trace:symbolic_shapes.py:8465 
DEBUG    torch.__trace:symbolic_shapes.py:8465 
DEBUG    torch.__trace:symbolic_shapes.py:8465 
DEBUG    torch.__trace:symbolic_shapes.py:8465 
DEBUG    torch.__trace:symbolic_shapes.py:8465 
DEBUG    torch.__trace:symbolic_shapes.py:8465 
DEBUG    torch.__trace:symbolic_shapes.py:8465 
DEBUG    torch.__trace:meta_utils.py:298 
DEBUG    torch.__trace:meta_utils.py:537 
DEBUG    torch.__trace:meta_utils.py:2385 
DEBUG    torch.__trace:symbolic_shapes.py:8465 
DEBUG    torch.__trace:symbolic_shapes.py:8465 
DEBUG    torch.__trace:symbolic_shapes.py:8465 
DEBUG    torch.__trace:symbolic_shapes.py:8056 
DEBUG    torch.__trace:symbolic_shapes.py:8465 
DEBUG    torch.__trace:symbolic_shapes.py:8056 
DEBUG    torch.__trace:meta_utils.py:298 
DEBUG    torch.__trace:meta_utils.py:537 
DEBUG    torch.__trace:meta_utils.py:2385 
DEBUG    torch.__trace:meta_utils.py:298 
DEBUG    torch.__trace:meta_utils.py:537 
DEBUG    torch.__trace:meta_utils.py:2385 
DEBUG    torch.__trace:meta_utils.py:298 
DEBUG    torch.__trace:meta_utils.py:537 
DEBUG    torch.__trace:meta_utils.py:2385 
DEBUG    torch.__trace:meta_utils.py:298 
DEBUG    torch.__trace:meta_utils.py:537 
DEBUG    torch.__trace:meta_utils.py:2385 
DEBUG    torch.__trace:meta_utils.py:298 
DEBUG    torch.__trace:meta_utils.py:537 
DEBUG    torch.__trace:meta_utils.py:2385 
DEBUG    torch.__trace:meta_utils.py:298 
DEBUG    torch.__trace:meta_utils.py:537 
DEBUG    torch.__trace:meta_utils.py:2385 
DEBUG    torch.__trace:meta_utils.py:298 
DEBUG    torch.__trace:meta_utils.py:537 
DEBUG    torch.__trace:meta_utils.py:2385 
DEBUG    torch.__trace:meta_utils.py:298 
DEBUG    torch.__trace:meta_utils.py:537 
DEBUG    torch.__trace:meta_utils.py:2385 
DEBUG    torch.__trace:meta_utils.py:298 
DEBUG    torch.__trace:meta_utils.py:537 
DEBUG    torch.__trace:meta_utils.py:2385 
DEBUG    torch.__trace:meta_utils.py:298 
DEBUG    torch.__trace:meta_utils.py:537 
DEBUG    torch.__trace:meta_utils.py:2385 
DEBUG    torch.__trace:meta_utils.py:298 
DEBUG    torch.__trace:meta_utils.py:537 
DEBUG    torch.__trace:meta_utils.py:2385 
DEBUG    torch.__trace:symbolic_shapes.py:5971 
DEBUG    torch.__trace:symbolic_shapes.py:5971 
DEBUG    torch.__trace:symbolic_shapes.py:8465 
DEBUG    torch.__trace:symbolic_shapes.py:8056 
DEBUG    torch.__trace:meta_utils.py:298 
DEBUG    torch.__trace:meta_utils.py:537 
DEBUG    torch.__trace:meta_utils.py:2385 
DEBUG    torch.__trace:symbolic_shapes.py:8465 
DEBUG    torch.__trace:symbolic_shapes.py:8056 
DEBUG    torch.__trace:symbolic_shapes.py:8465 
DEBUG    torch.__trace:symbolic_shapes.py:8056 
DEBUG    torch.__trace:meta_utils.py:298 
DEBUG    torch.__trace:meta_utils.py:537 
DEBUG    torch.__trace:meta_utils.py:2385 
DEBUG    torch.__trace:symbolic_shapes.py:8465 
DEBUG    torch.__trace:symbolic_shapes.py:8465 
DEBUG    torch.__trace:symbolic_shapes.py:8465 
DEBUG    torch.__trace:symbolic_shapes.py:8465 
DEBUG    torch.__trace:symbolic_shapes.py:8465 
DEBUG    torch.__trace:symbolic_shapes.py:8465 
DEBUG    torch.__trace:symbolic_shapes.py:8465 
DEBUG    torch.__trace:meta_utils.py:298 
DEBUG    torch.__trace:meta_utils.py:537 
DEBUG    torch.__trace:meta_utils.py:2385 
DEBUG    torch.__trace:meta_utils.py:298 
DEBUG    torch.__trace:meta_utils.py:537 
DEBUG    torch.__trace:meta_utils.py:2385 
DEBUG    torch.__trace:meta_utils.py:298 
DEBUG    torch.__trace:meta_utils.py:537 
DEBUG    torch.__trace:meta_utils.py:2385 
DEBUG    torch.__trace:meta_utils.py:298 
DEBUG    torch.__trace:meta_utils.py:537 
DEBUG    torch.__trace:meta_utils.py:2385 
DEBUG    torch.__trace:symbolic_shapes.py:5971 
DEBUG    torch.__trace:symbolic_shapes.py:5971 
DEBUG    torch.__trace:symbolic_shapes.py:8465 
DEBUG    torch.__trace:symbolic_shapes.py:8056 
DEBUG    torch.__trace:symbolic_shapes.py:8465 
DEBUG    torch.__trace:symbolic_shapes.py:8056 
DEBUG    torch.__trace:meta_utils.py:298 
DEBUG    torch.__trace:meta_utils.py:537 
DEBUG    torch.__trace:meta_utils.py:2385 
DEBUG    torch.__trace:symbolic_shapes.py:5971 
DEBUG    torch.__trace:symbolic_shapes.py:5971 
DEBUG    torch.__trace:meta_utils.py:298 
DEBUG    torch.__trace:meta_utils.py:537 
DEBUG    torch.__trace:meta_utils.py:2385 
DEBUG    torch.__trace:symbolic_shapes.py:5971 
DEBUG    torch.__trace:symbolic_shapes.py:5971 
DEBUG    torch.__trace:symbolic_shapes.py:8465 
DEBUG    torch.__trace:symbolic_shapes.py:8056 
DEBUG    torch.__trace:symbolic_shapes.py:8465 
DEBUG    torch.__trace:symbolic_shapes.py:8465 
DEBUG    torch.__trace:symbolic_shapes.py:8465 
DEBUG    torch.__trace:symbolic_shapes.py:8056 
DEBUG    torch.__trace:utils.py:2363 
DEBUG    torch.__trace:utils.py:2363 
DEBUG    torch.__trace:utils.py:2363 
DEBUG    torch.__trace:output_graph.py:2942 
DEBUG    torch.__trace:utils.py:2363 
DEBUG    torch.__trace:utils.py:2363 
DEBUG    torch.__trace:utils.py:2363 
DEBUG    torch.__trace:utils.py:2363 
DEBUG    torch.__trace:guards.py:4769 
DEBUG    torch.__trace:utils.py:2363 
DEBUG    torch.__trace:utils.py:2363 
DEBUG    torch.__trace:utils.py:2363 
DEBUG    torch.__trace:utils.py:2363 
DEBUG    torch.__trace:utils.py:2363 
DEBUG    torch.__trace:utils.py:2363 
DEBUG    torch.__trace:utils.py:2022 
DEBUG    torch.__trace:utils.py:2363
=============================== warnings summary ===============================
test/test_explicit_dimensions.py::TestXorGrammarReconstruction::test_piecewise_overall_at_least_50_pct
  /Users/arogers/github/WikiOracle/basicmodel/bin/Models.py:7565: RuntimeWarning: output_state_boundary [config /Users/arogers/github/WikiOracle/basicmodel/data/XOR_grammar.xml]: supervised outputs with reconstruction and answerSynthesis=false use the direct head: output gradients train the whole input state; enable answerSynthesis for the concluded-idea state boundary
    warnings.warn(f"{site} [config {cfg}]: {detail}", RuntimeWarning)

test/test_explicit_dimensions.py::TestXorGrammarReconstruction::test_piecewise_overall_at_least_50_pct
  /Users/arogers/github/WikiOracle/basicmodel/.venv/lib/python3.12/site-packages/torch/utils/_device.py:122: UserWarning: Sparse invariant checks are implicitly disabled. Memory errors (e.g. SEGFAULT) will occur when operating on a sparse tensor which violates the invariants, but checks incur performance overhead. To silence this warning, explicitly opt in or out. See `torch.sparse.check_sparse_tensor_invariants.__doc__` for guidance.  (Triggered internally at /Users/runner/work/pytorch/pytorch/aten/src/ATen/Context.cpp:855.)
    return func(*args, **kwargs)

-- Docs: https://docs.pytest.org/en/stable/how-to/capture-warnings.html
=========================== short test summary info ============================
FAILED test/test_explicit_dimensions.py::TestXorGrammarReconstruction::test_piecewise_overall_at_least_50_pct
1 failed, 2 warnings in 186.34s (0:03:06)
