..........................F..................................F.......... [ 38%]
.................ssssss............sss.................................. [ 77%]
...........................................                              [100%]
=================================== FAILURES ===================================
_______ test_public_reading_fuses_the_reference_before_capture_and_write _______
test/test_live_references.py:183: in test_public_reading_fuses_the_reference_before_capture_and_write
    torch.testing.assert_close(frame[1], entry.leaves[-1], rtol=0, atol=0)
E   AssertionError: Tensor-likes are not equal!
E   
E   Mismatched elements: 68 / 104 (65.4%)
E   Greatest absolute difference: 2.3739516735076904 at index (44,)
E   Greatest relative difference: inf at index (0,)
_________ TestSurviveResetAndPersistence.test_state_dict_keys_present __________
test/test_ltm_consolidation.py:380: in test_state_dict_keys_present
    self.assertIn(
E   AssertionError: 'symbolSpace.subspace.ltm_store.trust' not found in OrderedDict({'when_time': tensor(0), 'inputSpace.layers.0.raw_L': tensor([[0., 0., 0.,  ..., 0., 0., 0.],
E           [0., 0., 0.,  ..., 0., 0., 0.],
E           [0., 0., 0.,  ..., 0., 0., 0.],
E           ...,
E           [0., 0., 0.,  ..., 0., 0., 0.],
E           [0., 0., 0.,  ..., 0., 0., 0.],
E           [0., 0., 0.,  ..., 0., 0., 0.]]), 'inputSpace.layers.0.d': tensor([1., 1., 1., 1., 1., 1., 1., 1., 1., 1., 1., 1., 1., 1., 1., 1., 1., 1.,
E           1., 1., 1., 1., 1., 1., 1., 1., 1., 1., 1., 1., 1., 1., 1., 1., 1., 1.,
E           1., 1., 1., 1., 1., 1., 1., 1., 1., 1., 1., 1., 1., 1., 1., 1., 1., 1.,
E           1., 1., 1., 1., 1., 1., 1., 1., 1., 1., 1., 1., 1., 1., 1., 1., 1., 1.,
E           1., 1., 1., 1., 1., 1., 1., 1., 1., 1., 1., 1., 1., 1., 1., 1., 1., 1.,
E           1., 1., 1., 1., 1., 1., 1., 1., 1., 1., 1., 1., 1., 1., 1., 1., 1., 1.,
E           1., 1., 1., 1., 1., 1., 1., 1., 1., 1., 1., 1., 1., 1., 1., 1., 1., 1.,
E           1., 1., 1., 1., 1., 1., 1., 1., 1., 1., 1., 1., 1., 1., 1., 1., 1., 1.,
E           1., 1., 1., 1., 1., 1., 1., 1., 1., 1., 1., 1., 1., 1., 1., 1., 1., 1.,
E           1., 1., 1., 1., 1., 1., 1., 1., 1., 1., 1., 1., 1., 1., 1., 1., 1., 1.,
E           1., 1., 1., 1., 1., 1., 1., 1., 1., 1., 1., 1., 1., 1., 1., 1., 1., 1.,
E           1., 1., 1., 1., 1., 1., 1., 1., 1., 1., 1., 1., 1., 1., 1., 1., 1., 1.,
E           1., 1., 1., 1., 1., 1., 1., 1., 1., 1., 1., 1., 1., 1., 1., 1., 1., 1.,
E           1., 1., 1., 1., 1., 1., 1., 1., 1., 1., 1., 1., 1., 1., 1., 1., 1., 1.,
E           1., 1., 1., 1., 1., 1., 1., 1., 1., 1., 1., 1., 1., 1., 1., 1., 1., 1.,
E           1., 1., 1., 1., 1., 1., 1., 1., 1., 1., 1., 1., 1., 1., 1., 1., 1., 1.,
E           1., 1., 1., 1., 1., 1., 1., 1., 1., 1., 1., 1., 1., 1., 1., 1., 1., 1.,
E           1., 1., 1., 1., 1., 1., 1., 1., 1., 1., 1., 1., 1., 1., 1., 1., 1., 1.,
E           1., 1., 1., 1., 1., 1., 1., 1., 1., 1., 1., 1., 1., 1., 1., 1., 1., 1.,
E           1., 1., 1., 1., 1., 1., 1., 1., 1., 1., 1., 1., 1., 1., 1., 1., 1., 1.,
E           1., 1., 1., 1., 1., 1., 1., 1., 1., 1., 1., 1., 1., 1., 1., 1., 1., 1.,
E           1., 1., 1., 1., 1., 1., 1., 1., 1., 1., 1., 1., 1., 1., 1., 1., 1., 1.,
E           1., 1., 1., 1., 1., 1., 1., 1., 1., 1., 1., 1., 1., 1., 1., 1., 1., 1.,
E           1., 1., 1., 1., 1., 1., 1., 1., 1., 1., 1., 1., 1., 1., 1., 1., 1., 1.,
E           1., 1., 1., 1., 1., 1., 1., 1., 1., 1., 1., 1., 1., 1., 1., 1., 1., 1.,
E           1., 1., 1., 1., 1., 1., 1., 1., 1., 1., 1., 1., 1., 1., 1., 1., 1., 1.,
E           1., 1., 1., 1., 1., 1., 1., 1., 1., 1., 1., 1., 1., 1., 1., 1., 1., 1.,
E           1., 1., 1., 1., 1., 1., 1., 1., 1., 1., 1., 1., 1., 1., 1., 1., 1., 1.,
E           1., 1., 1., 1., 1., 1., 1., 1., 1., 1., 1., 1., 1., 1., 1., 1., 1., 1.,
E           1., 1., 1., 1., 1., 1., 1., 1., 1., 1., 1., 1., 1., 1., 1., 1., 1., 1.,
E           1., 1., 1., 1., 1., 1., 1., 1., 1., 1., 1., 1., 1., 1., 1., 1., 1., 1.,
E           1., 1., 1., 1., 1., 1., 1., 1., 1., 1., 1., 1., 1., 1., 1., 1., 1., 1.,
E           1., 1., 1., 1., 1., 1., 1., 1., 1., 1., 1., 1., 1., 1., 1., 1., 1., 1.,
E           1., 1., 1., 1., 1., 1., 1., 1., 1., 1., 1., 1., 1., 1., 1., 1., 1., 1.,
E           1., 1., 1., 1., 1., 1., 1., 1., 1., 1., 1., 1., 1., 1., 1., 1., 1., 1.,
E           1., 1., 1., 1., 1., 1., 1., 1., 1., 1., 1., 1., 1., 1., 1., 1., 1., 1.,
E           1., 1., 1., 1., 1., 1., 1., 1., 1., 1., 1., 1., 1., 1., 1., 1., 1., 1.,
E           1., 1., 1., 1., 1., 1., 1., 1., 1., 1., 1., 1., 1., 1., 1., 1., 1., 1.,
E           1., 1., 1., 1., 1., 1., 1., 1., 1., 1., 1., 1., 1., 1., 1., 1., 1., 1.,
E           1., 1., 1., 1., 1., 1., 1., 1., 1., 1., 1., 1., 1., 1., 1., 1., 1., 1.,
E           1., 1., 1., 1., 1., 1., 1., 1., 1., 1., 1., 1., 1., 1., 1., 1., 1., 1.,
E           1., 1., 1., 1., 1., 1., 1., 1., 1., 1., 1., 1., 1., 1., 1., 1., 1., 1.,
E           1., 1., 1., 1., 1., 1., 1., 1., 1., 1., 1., 1., 1., 1., 1., 1., 1., 1.,
E           1., 1., 1., 1., 1., 1., 1., 1., 1., 1., 1., 1., 1., 1., 1., 1., 1., 1.,
E           1., 1., 1., 1., 1., 1., 1., 1., 1., 1., 1., 1., 1., 1., 1., 1., 1., 1.,
E           1., 1., 1., 1., 1., 1., 1., 1., 1., 1., 1., 1., 1., 1., 1., 1., 1., 1.,
E           1., 1., 1., 1.]), 'inputSpace.layers.0.raw_U': tensor([[0., 0., 0.,  ..., 0., 0., 0.],
E           [0., 0., 0.,  ..., 0., 0., 0.],
E           [0., 0., 0.,  ..., 0., 0., 0.],
E           ...,
E           [0., 0., 0.,  ..., 0., 0., 0.],
E           [0., 0., 0.,  ..., 0., 0., 0.],
E           [0., 0., 0.,  ..., 0., 0., 0.]]), 'inputSpace.layers.0.bias': tensor([1.]), 'inputSpace.layers.0.var': tensor([0.]), 'inputSpace.layers.0.sigma': tensor([0.]), 'inputSpace.layers.0.sigma_mean': tensor([0.]), 'inputSpace.layers.0.sigma_step': tensor(0), 'inputSpace.lift.raw_L': tensor([[0., 0., 0.,  ..., 0., 0., 0.],
E           [0., 0., 0.,  ..., 0., 0., 0.],
E           [0., 0., 0.,  ..., 0., 0., 0.],
E           ...,
E           [0., 0., 0.,  ..., 0., 0., 0.],
E           [0., 0., 0.,  ..., 0., 0., 0.],
E           [0., 0., 0.,  ..., 0., 0., 0.]]), 'inputSpace.lift.d': tensor([1., 1., 1., 1., 1., 1., 1., 1., 1., 1., 1., 1., 1., 1., 1., 1., 1., 1.,
E           1., 1., 1., 1., 1., 1., 1., 1., 1., 1., 1., 1., 1., 1., 1., 1., 1., 1.,
E           1., 1., 1., 1., 1., 1., 1., 1., 1., 1., 1., 1., 1., 1., 1., 1., 1., 1.,
E           1., 1., 1., 1., 1., 1., 1., 1., 1., 1., 1., 1., 1., 1., 1., 1., 1., 1.,
E           1., 1., 1., 1., 1., 1., 1., 1., 1., 1., 1., 1., 1., 1., 1., 1., 1., 1.,
E           1., 1., 1., 1., 1., 1., 1., 1., 1., 1., 1., 1., 1., 1., 1., 1., 1., 1.,
E           1., 1., 1., 1., 1., 1., 1., 1., 1., 1., 1., 1., 1., 1., 1., 1., 1., 1.,
E           1., 1., 1., 1., 1., 1., 1., 1., 1., 1., 1., 1., 1., 1., 1., 1., 1., 1.,
E           1., 1., 1., 1., 1., 1., 1., 1., 1., 1., 1., 1., 1., 1., 1., 1., 1., 1.,
E           1., 1., 1., 1., 1., 1., 1., 1., 1., 1., 1., 1., 1., 1., 1., 1., 1., 1.,
E           1., 1., 1., 1., 1., 1., 1., 1., 1., 1., 1., 1., 1., 1., 1., 1., 1., 1.,
E           1., 1., 1., 1., 1., 1., 1., 1., 1., 1., 1., 1., 1., 1., 1., 1., 1., 1.,
E           1., 1., 1., 1., 1., 1., 1., 1., 1., 1., 1., 1., 1., 1., 1., 1., 1., 1.,
E           1., 1., 1., 1., 1., 1., 1., 1., 1., 1., 1., 1., 1., 1., 1., 1., 1., 1.,
E           1., 1., 1., 1., 1., 1., 1., 1., 1., 1., 1., 1., 1., 1., 1., 1., 1., 1.,
E           1., 1., 1., 1., 1., 1., 1., 1., 1., 1., 1., 1., 1., 1., 1., 1., 1., 1.,
E           1., 1., 1., 1., 1., 1., 1., 1., 1., 1., 1., 1., 1., 1., 1., 1., 1., 1.,
E           1., 1., 1., 1., 1., 1., 1., 1., 1., 1., 1., 1., 1., 1., 1., 1., 1., 1.,
E           1., 1., 1., 1., 1., 1., 1., 1., 1., 1., 1., 1., 1., 1., 1., 1., 1., 1.,
E           1., 1., 1., 1., 1., 1., 1., 1., 1., 1., 1., 1., 1., 1., 1., 1., 1., 1.,
E           1., 1., 1., 1., 1., 1., 1., 1., 1., 1., 1., 1., 1., 1., 1., 1., 1., 1.,
E           1., 1., 1., 1., 1., 1., 1., 1., 1., 1., 1., 1., 1., 1., 1., 1., 1., 1.,
E           1., 1., 1., 1., 1., 1., 1., 1., 1., 1., 1., 1., 1., 1., 1., 1., 1., 1.,
E           1., 1., 1., 1., 1., 1., 1., 1., 1., 1., 1., 1., 1., 1., 1., 1., 1., 1.,
E           1., 1., 1., 1., 1., 1., 1., 1., 1., 1., 1., 1., 1., 1., 1., 1., 1., 1.,
E           1., 1., 1., 1., 1., 1., 1., 1., 1., 1., 1., 1., 1., 1., 1., 1., 1., 1.,
E           1., 1., 1., 1., 1., 1., 1., 1., 1., 1., 1., 1., 1., 1., 1., 1., 1., 1.,
E           1., 1., 1., 1., 1., 1., 1., 1., 1., 1., 1., 1., 1., 1., 1., 1., 1., 1.,
E           1., 1., 1., 1., 1., 1., 1., 1., 1., 1., 1., 1., 1., 1., 1., 1., 1., 1.,
E           1., 1., 1., 1., 1., 1., 1., 1., 1., 1., 1., 1., 1., 1., 1., 1., 1., 1.,
E           1., 1., 1., 1., 1., 1., 1., 1., 1., 1., 1., 1., 1., 1., 1., 1., 1., 1.,
E           1., 1., 1., 1., 1., 1., 1., 1., 1., 1., 1., 1., 1., 1., 1., 1., 1., 1.,
E           1., 1., 1., 1., 1., 1., 1., 1., 1., 1., 1., 1., 1., 1., 1., 1., 1., 1.,
E           1., 1., 1., 1., 1., 1., 1., 1., 1., 1., 1., 1., 1., 1., 1., 1., 1., 1.,
E           1., 1., 1., 1., 1., 1., 1., 1., 1., 1., 1., 1., 1., 1., 1., 1., 1., 1.,
E           1., 1., 1., 1., 1., 1., 1., 1., 1., 1., 1., 1., 1., 1., 1., 1., 1., 1.,
E           1., 1., 1., 1., 1., 1., 1., 1., 1., 1., 1., 1., 1., 1., 1., 1., 1., 1.,
E           1., 1., 1., 1., 1., 1., 1., 1., 1., 1., 1., 1., 1., 1., 1., 1., 1., 1.,
E           1., 1., 1., 1., 1., 1., 1., 1., 1., 1., 1., 1., 1., 1., 1., 1., 1., 1.,
E           1., 1., 1., 1., 1., 1., 1., 1., 1., 1., 1., 1., 1., 1., 1., 1., 1., 1.,
E           1., 1., 1., 1., 1., 1., 1., 1., 1., 1., 1., 1., 1., 1., 1., 1., 1., 1.,
E           1., 1., 1., 1., 1., 1., 1., 1., 1., 1., 1., 1., 1., 1., 1., 1., 1., 1.,
E           1., 1., 1., 1., 1., 1., 1., 1., 1., 1., 1., 1., 1., 1., 1., 1., 1., 1.,
E           1., 1., 1., 1., 1., 1., 1., 1., 1., 1., 1., 1., 1., 1., 1., 1., 1., 1.,
E           1., 1., 1., 1., 1., 1., 1., 1., 1., 1., 1., 1., 1., 1., 1., 1., 1., 1.,
E           1., 1., 1., 1., 1., 1., 1., 1., 1., 1., 1., 1., 1., 1., 1., 1., 1., 1.,
E           1., 1., 1., 1.]), 'inputSpace.lift.raw_U': tensor([[0., 0., 0.,  ..., 0., 0., 0.],
E           [0., 0., 0.,  ..., 0., 0., 0.],
E           [0., 0., 0.,  ..., 0., 0., 0.],
E           ...,
E           [0., 0., 0.,  ..., 0., 0., 0.],
E           [0., 0., 0.,  ..., 0., 0., 0.],
E           [0., 0., 0.,  ..., 0., 0., 0.]]), 'inputSpace.lift.bias': tensor([1.]), 'inputSpace.lift.var': tensor([0.]), 'inputSpace.lift.sigma': tensor([0.]), 'inputSpace.lift.sigma_mean': tensor([0.]), 'inputSpace.lift.sigma_step': tensor(0), 'inputSpace.outputSpace._readout_bias': tensor([[[0.]]]), 'inputSpace.outputSpace.layers.0.W': tensor([[-5.5776e-04],
E           [-3.0159e-04],
E           [ 4.1084e-04],
E           [-3.9164e-04],
E           [-8.4961e-04],
E           [-1.1007e-03],
E           [ 4.8756e-04],
E           [ 9.8990e-04],
E           [ 1.1357e-03],
E           [ 1.1611e-03],
E           [-2.0520e-04],
E           [-1.1594e-03],
E           [-6.9990e-04],
E           [-2.2441e-04],
E           [-1.8360e-04],
E           [-5.5214e-04],
E           [-1.6824e-05],
E           [-5.6262e-04],
E           [-1.0986e-04],
E           [-1.5242e-04],
E           [-1.0934e-03],
E           [ 3.8331e-04],
E           [ 7.7039e-04],
E           [ 1.9321e-04],
E           [ 2.2034e-04],
E           [ 2.0523e-04],
E           [ 6.8673e-04],
E           [-2.8740e-04],
E           [ 4.0863e-04],
E           [-3.0506e-04],
E           [-7.0767e-05],
E           [-9.6708e-05],
E           [ 6.6362e-04],
E           [ 1.0555e-03],
E           [-1.0886e-03],
E           [ 1.0751e-03],
E           [ 1.1887e-04],
E           [-6.5378e-04],
E           [ 4.0580e-04],
E           [-1.1834e-03],
E           [-6.7573e-05],
E           [-5.3913e-04],
E           [ 6.1871e-04],
E           [-4.3873e-04],
E           [ 7.4751e-04],
E           [ 2.9933e-04],
E           [ 2.7388e-04],
E           [-9.3437e-04],
E           [ 8.8070e-04],
E           [ 4.9677e-04],
E           [-5.1296e-04],
E           [-1.8195e-04],
E           [-8.1689e-04],
E           [ 4.3256e-05],
E           [ 7.1049e-04],
E           [-1.9671e-04],
E           [-9.5627e-04],
E           [-7.2503e-04],
E           [-8.7384e-04],
E           [ 9.2909e-04],
E           [ 7.9894e-04],
E           [ 1.0192e-03],
E           [ 7.9028e-04],
E           [-5.9955e-04],
E           [-9.9436e-04],
E           [ 8.7031e-04],
E           [ 1.9357e-04],
E           [ 8.9709e-04],
E           [-4.3000e-04],
E           [-8.3120e-05],
E           [ 4.6794e-04],
E           [-8.5795e-04],
E           [-9.2112e-04],
E           [-9.6457e-04],
E           [ 1.0009e-03],
E           [-7.4365e-04],
E           [ 3.3824e-04],
E           [ 1.7872e-04],
E           [ 6.2665e-04],
E           [-1.9876e-04],
E           [ 5.8937e-04],
E           [-1.0423e-03],
E           [ 9.6990e-04],
E           [ 5.6062e-04],
E           [-6.3710e-04],
E           [ 8.7633e-04],
E           [ 1.1231e-03],
E           [-7.6617e-04],
E           [-9.5819e-05],
E           [-3.4994e-04],
E           [-9.8889e-04],
E           [ 8.5006e-04],
E           [ 9.7078e-04],
E           [ 8.9615e-04],
E           [ 5.3050e-04],
E           [-2.4557e-04],
E           [-4.9642e-04],
E           [-1.1394e-03],
E           [-9.6072e-04],
E           [ 6.6484e-04],
E           [-3.3793e-04],
E           [ 9.9461e-04],
E           [ 1.5556e-04],
E           [ 6.5919e-04],
E           [-1.6891e-04],
E           [ 9.9375e-04],
E           [-9.2081e-04],
E           [-1.1243e-03],
E           [-3.5533e-04],
E           [ 4.6449e-04],
E           [ 2.5961e-04],
E           [-2.3802e-04],
E           [-3.0139e-04],
E           [-9.2852e-04],
E           [-6.3515e-04],
E           [-7.4470e-04],
E           [ 6.2738e-04],
E           [-3.8745e-04],
E           [-8.9043e-04],
E           [ 8.9880e-04],
E           [ 1.9653e-04],
E           [-2.3060e-04],
E           [-4.4384e-04],
E           [-9.6038e-04],
E           [ 7.2632e-04],
E           [ 7.3302e-04],
E           [ 6.2115e-04],
E           [ 3.4604e-04],
E           [-2.0254e-04],
E           [-5.2819e-04],
E           [-1.5594e-05],
E           [ 1.6667e-04],
E           [-9.0161e-04],
E           [ 6.4090e-04],
E           [-7.6387e-04],
E           [-6.0557e-04],
E           [-4.7922e-04],
E           [-1.1843e-03],
E           [ 7.9492e-04],
E           [-9.5391e-04],
E           [-7.9812e-05],
E           [ 1.0506e-03],
E           [ 5.7709e-05],
E           [ 4.7297e-04],
E           [-2.3210e-04],
E           [-3.3288e-04],
E           [-1.1526e-03],
E           [-1.0134e-03],
E           [ 5.9683e-04],
E           [ 3.6666e-04],
E           [ 1.1530e-03],
E           [-3.0099e-04],
E           [ 6.5225e-04],
E           [-8.5020e-04],
E           [-9.5676e-04],
E           [ 1.2355e-04],
E           [-6.3995e-04],
E           [ 5.9190e-05],
E           [ 7.3012e-04],
E           [ 7.2673e-05],
E           [-1.0778e-03],
E           [ 5.3456e-04],
E           [ 6.7604e-04],
E           [ 1.1900e-03],
E           [-1.0704e-04],
E           [-7.5993e-04],
E           [ 1.0854e-05],
E           [ 4.6836e-04],
E           [-1.6939e-04],
E           [-1.0532e-03],
E           [ 9.8697e-04],
E           [-5.6148e-04],
E           [-1.1524e-03],
E           [ 9.7338e-04],
E           [ 9.8253e-04],
E           [-6.8321e-04],
E           [ 4.3870e-04],
E           [ 1.1416e-03],
E           [-2.9239e-05],
E           [-4.8866e-04],
E           [-4.7724e-04],
E           [-3.0526e-04],
E           [-6.8494e-04],
E           [ 6.4237e-04],
E           [ 6.4835e-04],
E           [ 9.1257e-04],
E           [ 5.0794e-04],
E           [ 3.1650e-04],
E           [ 1.0312e-03],
E           [ 1.0049e-03],
E           [-2.5747e-04],
E           [ 1.0836e-03],
E           [-5.1717e-04],
E           [ 6.2974e-04],
E           [-1.2127e-04],
E           [ 6.1350e-04],
E           [-9.2811e-04],
E           [ 6.1700e-04],
E           [-1.1685e-04],
E           [ 4.8049e-04],
E           [ 7.7315e-04],
E           [ 6.8474e-04],
E           [-3.9453e-04],
E           [-9.5449e-04],
E           [ 4.7395e-04],
E           [ 5.5191e-04],
E           [-2.4346e-04],
E           [-6.6271e-04],
E           [-1.1817e-03],
E           [-2.9035e-04],
E           [-1.0845e-03],
E           [ 1.5957e-04],
E           [-7.4961e-04],
E           [-6.3560e-04],
E           [ 1.7517e-04],
E           [-2.0042e-04],
E           [ 9.3404e-04],
E           [ 1.7049e-04],
E           [ 7.9032e-04],
E           [ 1.1528e-03],
E           [-7.0963e-04],
E           [-4.4616e-04],
E           [-8.7799e-05],
E           [-1.1194e-03],
E           [ 8.4285e-04],
E           [ 4.3270e-04],
E           [-1.0442e-03],
E           [ 5.5087e-04],
E           [-7.6504e-04],
E           [-3.7341e-04],
E           [-2.8009e-04],
E           [-9.2524e-04],
E           [-8.1086e-04],
E           [-5.1150e-04],
E           [-7.9297e-04],
E           [-9.1038e-04],
E           [ 3.7264e-04],
E           [ 4.3863e-04],
E           [ 7.0333e-05],
E           [-1.9925e-04],
E           [-3.0722e-04],
E           [-6.8763e-04],
E           [-5.1912e-04],
E           [-6.5803e-04],
E           [-3.9882e-04],
E           [-9.7867e-04],
E           [-7.9769e-04],
E           [-5.9930e-04],
E           [-1.4788e-05],
E           [ 1.3073e-04],
E           [-3.1714e-04],
E           [ 2.7892e-04],
E           [ 1.1087e-03],
E           [-2.0998e-04],
E           [ 9.7615e-04],
E           [ 6.7163e-04],
E           [ 2.2544e-04],
E           [ 5.5359e-04],
E           [ 6.2023e-05],
E           [ 5.4514e-04],
E           [ 5.7683e-04],
E           [-1.1259e-03],
E           [ 1.0351e-03],
E           [-3.7894e-04],
E           [-8.3302e-04],
E           [-8.2645e-04],
E           [ 2.6533e-04],
E           [ 1.1504e-04],
E           [-1.1892e-03],
E           [ 2.5090e-04],
E           [-7.0869e-05],
E           [ 3.4492e-04],
E           [ 7.8966e-04],
E           [ 1.0895e-03],
E           [-5.4773e-04],
E           [-2.5144e-04],
E           [ 8.0484e-04],
E           [ 5.3877e-05],
E           [ 1.0497e-03],
E           [ 2.0441e-04],
E           [ 4.9177e-04],
E           [ 1.1206e-03],
E           [ 8.6696e-04],
E           [-9.4430e-04],
E           [-1.0655e-03],
E           [-2.0660e-04],
E           [-9.1908e-05],
E           [-3.0184e-04],
E           [ 6.9898e-04],
E           [ 5.1311e-04],
E           [-2.0019e-04],
E           [-1.7218e-04],
E           [ 4.1959e-05],
E           [ 2.9441e-04],
E           [-8.5441e-04],
E           [-3.9229e-04],
E           [-3.5172e-04],
E           [ 5.3914e-04],
E           [ 3.7309e-04],
E           [-6.6270e-04],
E           [ 4.3582e-04],
E           [-1.0530e-05],
E           [ 1.0940e-04],
E           [ 2.9265e-04],
E           [-5.9268e-05],
E           [-2.1581e-04],
E           [ 4.8335e-04],
E           [-1.0022e-03],
E           [ 3.7163e-04],
E           [-4.5013e-04],
E           [ 2.0910e-04],
E           [-1.4220e-04],
E           [ 3.8640e-04],
E           [-3.8418e-04],
E           [-6.2476e-04],
E           [-1.0632e-03],
E           [-8.1932e-04],
E           [-5.3760e-04],
E           [ 8.8511e-04],
E           [ 1.0269e-03],
E           [-7.8840e-04],
E           [ 1.6001e-05],
E           [-9.6229e-04],
E           [ 3.3523e-04],
E           [-3.7620e-04],
E           [ 7.8801e-04],
E           [-2.6845e-04],
E           [ 1.0865e-03],
E           [ 1.0393e-03],
E           [ 4.4273e-04],
E           [ 9.8522e-04],
E           [ 1.0719e-03],
E           [-8.7033e-04],
E           [ 5.8637e-04],
E           [ 3.3260e-04],
E           [ 1.0979e-03],
E           [ 3.6108e-04],
E           [-9.5940e-05],
E           [ 1.0437e-03],
E           [ 5.1709e-04],
E           [-2.0707e-04],
E           [-2.5373e-04],
E           [ 1.2366e-04],
E           [-5.7440e-04],
E           [-1.1105e-03],
E           [ 3.8000e-04],
E           [-8.2978e-04],
E           [-1.6377e-04],
E           [ 4.6240e-05],
E           [-3.0289e-04],
E           [ 1.1415e-03],
E           [ 1.0840e-03],
E           [ 5.0747e-04],
E           [ 7.1291e-04],
E           [-6.0150e-04],
E           [ 3.8163e-04],
E           [ 9.9527e-04],
E           [ 8.8976e-04],
E           [ 1.1238e-03],
E           [ 3.4736e-04],
E           [ 6.5180e-04],
E           [-2.0682e-04],
E           [ 2.1351e-04],
E           [-5.4554e-04],
E           [-1.6374e-05],
E           [-4.4842e-04],
E           [-1.5922e-04],
E           [-1.9048e-04],
E           [-3.3560e-04],
E           [-6.0448e-04],
E           [-7.8134e-04],
E           [-6.5624e-04],
E           [ 5.8814e-04],
E           [-1.0264e-03],
E           [ 7.9702e-04],
E           [-2.8037e-04],
E           [ 1.1845e-03],
E           [ 1.0959e-03],
E           [-7.8041e-04],
E           [ 9.8396e-05],
E           [ 6.1665e-04],
E           [ 4.2107e-04],
E           [-7.8412e-04],
E           [-2.4940e-04],
E           [-1.0028e-03],
E           [-1.0920e-03],
E           [ 3.2407e-04],
E           [-1.0757e-03],
E           [-5.3491e-04],
E           [-4.2476e-04],
E           [-6.8176e-04],
E           [ 1.1112e-03],
E           [-7.6399e-04],
E           [ 7.0778e-04],
E           [-4.9545e-04],
E           [ 8.2238e-04],
E           [-1.0113e-03],
E           [ 7.3359e-04],
E           [ 4.8421e-04],
E           [-6.6222e-04],
E           [-6.0221e-04],
E           [ 2.1946e-04],
E           [-9.7796e-04],
E           [ 7.8880e-04],
E           [ 9.0987e-05],
E           [ 7.5697e-04],
E           [-8.7017e-05],
E           [ 1.1294e-03],
E           [ 4.0817e-04],
E           [-8.7340e-05],
E           [ 1.1033e-03],
E           [ 1.1657e-03],
E           [ 9.4820e-04],
E           [ 3.1467e-04],
E           [ 8.9374e-06],
E           [-1.0429e-03],
E           [-4.5352e-04],
E           [ 4.0039e-04],
E           [ 1.9566e-04],
E           [-1.1251e-03],
E           [-4.3408e-04],
E           [-9.6969e-04],
E           [-7.5582e-04],
E           [ 3.4798e-04],
E           [-6.7389e-04],
E           [ 2.5068e-04],
E           [ 2.4991e-04],
E           [-9.0436e-04],
E           [ 4.8156e-04],
E           [-6.7424e-05],
E           [ 3.6600e-04],
E           [ 9.1096e-04],
E           [-1.0610e-03],
E           [-4.9247e-04],
E           [ 3.6190e-04],
E           [ 9.2238e-04],
E           [-6.3767e-04],
E           [ 1.1626e-03],
E           [-7.2420e-04],
E           [-9.6807e-04],
E           [-6.9324e-04],
E           [-1.1370e-03],
E           [ 2.8075e-05],
E           [-9.4247e-05],
E           [ 3.9725e-04],
E           [ 8.8459e-04],
E           [-3.7960e-04],
E           [ 1.1148e-03],
E           [ 1.1049e-03],
E           [ 6.2722e-04],
E           [ 9.4810e-04],
E           [-6.9586e-04],
E           [-7.2250e-04],
E           [ 1.1147e-03],
E           [-2.2593e-04],
E           [ 1.1886e-03],
E           [ 6.6828e-04],
E           [ 9.6909e-04],
E           [-1.1617e-03],
E           [-9.8795e-04],
E           [-6.0572e-04],
E           [ 1.1823e-03],
E           [-7.8944e-04],
E           [-5.6369e-04],
E           [ 7.1897e-04],
E           [ 1.1789e-03],
E           [ 6.0114e-04],
E           [-1.1346e-03],
E           [ 9.4915e-04],
E           [-1.0454e-03],
E           [ 5.5786e-04],
E           [-6.2759e-04],
E           [-6.0456e-05],
E           [ 2.9991e-04],
E           [-1.0931e-03],
E           [-9.0845e-04],
E           [-1.8407e-04],
E           [-8.8243e-04],
E           [-9.5323e-04],
E           [-3.1904e-05],
E           [-4.0038e-04],
E           [ 1.0891e-03],
E           [-6.0751e-04],
E           [-1.0654e-03],
E           [-4.2539e-04],
E           [-7.2952e-04],
E           [-9.9183e-04],
E           [-2.7170e-04],
E           [-3.1680e-04],
E           [ 6.4276e-04],
E           [ 6.2165e-04],
E           [ 1.7435e-04],
E           [ 2.9566e-04],
E           [ 4.9640e-04],
E           [-2.7659e-04],
E           [ 5.9290e-04],
E           [ 3.1807e-04],
E           [-2.0470e-04],
E           [-1.1253e-03],
E           [ 3.6459e-04],
E           [ 4.9199e-04],
E           [-1.1947e-03],
E           [-6.6882e-04],
E           [ 2.8859e-04],
E           [ 9.6442e-04],
E           [ 2.5336e-04],
E           [ 1.0831e-03],
E           [-9.5447e-04],
E           [-1.0068e-03],
E           [ 6.6684e-04],
E           [ 6.9535e-04],
E           [ 8.7390e-04],
E           [ 3.3801e-04],
E           [ 2.7354e-04],
E           [-9.7083e-04],
E           [-9.6233e-04],
E           [ 9.9172e-04],
E           [-1.0634e-03],
E           [ 7.6708e-04],
E           [ 7.3329e-04],
E           [ 2.3058e-04],
E           [-2.8844e-04],
E           [ 2.0579e-04],
E           [-9.0456e-04],
E           [ 1.7040e-04],
E           [-1.1772e-03],
E           [ 3.9465e-04],
E           [ 2.4233e-05],
E           [ 3.7440e-04],
E           [-2.4572e-04],
E           [ 4.3071e-04],
E           [-3.9311e-04],
E           [-3.1022e-04],
E           [-1.9959e-04],
E           [ 5.1954e-04],
E           [ 7.3374e-04],
E           [-7.4461e-04],
E           [-7.1466e-04],
E           [-3.6193e-05],
E           [-9.0096e-04],
E           [-3.3516e-04],
E           [ 2.9781e-04],
E           [-5.5589e-04],
E           [-7.3699e-04],
E           [-6.8070e-04],
E           [-3.4904e-04],
E           [-7.7484e-04],
E           [ 2.1662e-04],
E           [-5.1099e-04],
E           [-9.7268e-04],
E           [-2.5265e-04],
E           [ 6.8219e-04],
E           [-3.9297e-04],
E           [-7.5103e-04],
E           [ 6.1475e-04],
E           [ 4.7050e-05],
E           [-5.1882e-04],
E           [-1.1395e-03],
E           [ 6.5409e-04],
E           [ 2.4803e-04],
E           [ 9.5132e-05],
E           [-4.8358e-04],
E           [-5.9369e-04],
E           [ 7.7314e-04],
E           [-1.1617e-03],
E           [ 2.5583e-04],
E           [-6.8050e-04],
E           [ 1.5843e-04],
E           [ 4.5323e-04],
E           [ 7.6080e-04],
E           [ 1.1721e-03],
E           [ 3.1392e-05],
E           [-7.3764e-04],
E           [ 1.0422e-03],
E           [ 5.2880e-04],
E           [ 3.1414e-04],
E           [ 1.0076e-03],
E           [-8.4357e-05],
E           [-4.8188e-05],
E           [-7.9239e-04],
E           [ 5.2593e-04],
E           [-2.2014e-04],
E           [-7.7966e-04],
E           [-7.3919e-04],
E           [ 1.0368e-03],
E           [ 6.6758e-04],
E           [ 8.5804e-04],
E           [-1.1288e-03],
E           [ 1.4771e-05],
E           [-7.6720e-04],
E           [ 8.4362e-04],
E           [ 2.6986e-04],
E           [-4.0020e-05],
E           [-7.4817e-05],
E           [-4.0996e-04],
E           [ 8.9249e-04],
E           [ 7.4926e-04],
E           [-2.5006e-04],
E           [ 7.0047e-05],
E           [ 1.1623e-03],
E           [ 1.0125e-03],
E           [ 3.9804e-04],
E           [-6.8237e-04],
E           [ 9.1678e-04],
E           [-1.0652e-03],
E           [-1.1658e-04],
E           [-4.9908e-05],
E           [-1.0945e-03],
E           [ 1.0700e-03],
E           [ 1.4384e-04],
E           [ 8.9426e-04],
E           [ 8.8396e-04],
E           [ 1.0857e-04],
E           [ 4.6155e-04],
E           [-8.7203e-04],
E           [-3.7586e-04],
E           [-6.5365e-04],
E           [-8.8356e-05],
E           [-8.2724e-04],
E           [ 3.4202e-05],
E           [-9.6870e-04],
E           [ 6.8278e-04],
E           [ 8.6071e-04],
E           [ 3.5981e-04],
E           [-3.8526e-04],
E           [ 2.1998e-04],
E           [ 1.1860e-03],
E           [ 1.1099e-03],
E           [ 1.1648e-03],
E           [-7.6097e-04],
E           [-5.1815e-04],
E           [ 4.1096e-04],
E           [ 2.2263e-04],
E           [ 1.0525e-03],
E           [ 8.4277e-04],
E           [ 1.1135e-03],
E           [-2.3312e-04],
E           [-3.0435e-04],
E           [ 3.1218e-04],
E           [ 1.5714e-04],
E           [ 2.7462e-04],
E           [ 7.9301e-04],
E           [-2.0685e-04],
E           [ 1.0548e-03],
E           [-1.0048e-03],
E           [ 9.0674e-04],
E           [ 1.3555e-04],
E           [ 9.5838e-04],
E           [-2.8413e-04],
E           [-1.0848e-03],
E           [-4.9087e-04],
E           [ 9.0853e-04],
E           [ 6.2554e-04],
E           [-7.9189e-04],
E           [-3.2437e-04],
E           [ 1.1212e-04],
E           [ 3.6055e-04],
E           [ 2.5846e-04],
E           [ 6.3251e-04],
E           [-2.9646e-04],
E           [-1.1748e-03],
E           [ 1.1125e-04],
E           [-9.3584e-04],
E           [ 1.5584e-04],
E           [ 7.3483e-04],
E           [ 5.9440e-04],
E           [-1.0845e-03],
E           [ 7.9027e-04],
E           [ 1.9212e-04],
E           [-4.2931e-04],
E           [-4.3634e-04],
E           [-2.0303e-04],
E           [ 9.7014e-04],
E           [-1.8364e-04],
E           [ 7.2683e-04],
E           [-1.7701e-04],
E           [-2.3049e-04],
E           [-1.1213e-03],
E           [ 1.4793e-05],
E           [-1.1642e-03],
E           [ 9.2037e-04],
E           [ 3.5004e-04],
E           [-4.6369e-04],
E           [-4.7432e-04],
E           [ 1.1081e-03],
E           [-9.2079e-04],
E           [ 9.1427e-04],
E           [ 5.7282e-04],
E           [-5.7612e-04],
E           [-6.7425e-04],
E           [ 7.8529e-04],
E           [-1.8473e-04],
E           [-2.2881e-04],
E           [-7.0000e-04],
E           [-4.8453e-05],
E           [-1.0590e-03],
E           [-1.0891e-03],
E           [-4.3539e-04],
E           [ 1.9816e-04],
E           [-1.1690e-03],
E           [-8.5942e-04],
E           [ 1.6094e-04],
E           [-8.8470e-04],
E           [ 4.3641e-04],
E           [-6.9770e-04],
E           [-5.9394e-04],
E           [ 1.0857e-04],
E           [-1.1820e-03],
E           [ 6.3206e-04],
E           [ 7.7069e-04],
E           [ 2.1136e-04],
E           [ 4.0857e-05],
E           [-5.3519e-04],
E           [ 5.3633e-04],
E           [-1.0198e-03],
E           [ 5.8728e-04],
E           [-3.8493e-04],
E           [-6.3429e-04],
E           [ 1.1428e-03],
E           [ 2.8537e-04],
E           [-5.9171e-04],
E           [-9.4065e-04],
E           [-1.0582e-03],
E           [-4.5989e-04],
E           [ 8.5322e-04],
E           [-7.9845e-04],
E           [ 7.9598e-04],
E           [ 8.0346e-04],
E           [-6.8725e-04],
E           [ 1.0208e-03],
E           [ 9.7860e-04],
E           [-1.9438e-04],
E           [ 8.7995e-04],
E           [-2.3056e-04],
E           [-9.7834e-04],
E           [-1.4407e-05],
E           [-5.7825e-04],
E           [ 1.1145e-04],
E           [ 4.1505e-04],
E           [ 7.7960e-04],
E           [-6.7189e-04],
E           [-6.9578e-04],
E           [-8.4154e-04],
E           [-6.0254e-04],
E           [-1.1578e-03],
E           [ 8.2387e-04],
E           [-7.5427e-04],
E           [-6.9299e-04],
E           [ 1.0821e-03],
E           [ 1.0993e-03],
E           [-4.4392e-04],
E           [ 2.5312e-04],
E           [ 7.6663e-05],
E           [-5.4141e-04],
E           [-3.4906e-04],
E           [-7.2350e-05],
E           [-1.1237e-03],
E           [ 6.3129e-04],
E           [-8.7914e-04],
E           [-8.3048e-04],
E           [-8.3768e-04],
E           [-6.5846e-04],
E           [-2.2295e-04],
E           [-1.0490e-04],
E           [ 4.5744e-04],
E           [-1.6256e-05],
E           [ 6.3820e-04],
E           [ 1.7248e-04],
E           [-4.9523e-04],
E           [-3.6191e-04],
E           [ 1.6267e-04],
E           [ 7.7629e-05],
E           [ 3.8016e-04],
E           [-8.8372e-04],
E           [-6.1774e-04],
E           [-5.7893e-04],
E           [-1.4673e-04],
E           [-5.6024e-04],
E           [-3.7535e-04],
E           [-3.7281e-04],
E           [-1.5692e-04],
E           [ 2.0361e-04],
E           [ 7.6058e-05],
E           [-2.4693e-04],
E           [ 4.6911e-04],
E           [-2.0914e-04],
E           [ 3.5653e-04],
E           [ 9.6448e-04],
E           [ 6.7293e-04],
E           [-1.0526e-03],
E           [ 7.2901e-04],
E           [ 1.1880e-03],
E           [-1.0947e-04],
E           [-9.6811e-05],
E           [-9.9758e-04],
E           [ 7.2625e-04],
E           [-1.0588e-03],
E           [-6.9298e-04],
E           [-8.0161e-05],
E           [-1.9352e-04],
E           [-4.7578e-05],
E           [-1.0101e-03],
E           [-1.5899e-04],
E           [ 5.3193e-04],
E           [-5.7654e-04],
E           [ 1.1566e-06],
E           [-3.7978e-04],
E           [-1.0892e-03],
E           [ 3.6190e-05],
E           [-1.0986e-03],
E           [ 5.9852e-04],
E           [ 3.7530e-04],
E           [ 3.3572e-05],
E           [ 3.4304e-04],
E           [ 2.4450e-04],
E           [-4.4667e-04],
E           [ 9.9979e-04],
E           [-1.6591e-04],
E           [ 7.4303e-04],
E           [-5.8346e-04],
E           [-8.3251e-04],
E           [ 1.1323e-03],
E           [ 3.7603e-04],
E           [-3.1509e-04],
E           [ 9.2841e-04],
E           [ 9.1411e-05],
E           [ 3.4978e-04],
E           [-5.5321e-04],
E           [ 9.8510e-04],
E           [ 9.3112e-04],
E           [ 8.1860e-04],
E           [-4.9822e-04]]), 'inputSpace.outputSpace.layers.0.biasWeight': tensor([[0.]]), 'inputSpace.outputSpace.layers.0.bias': tensor([1.]), 'inputSpace.outputSpace.layers.0.var': tensor([0.]), 'inputSpace.outputSpace.layers.0.sigma': tensor([0.]), 'inputSpace.outputSpace.layers.0.sigma_mean': tensor([0.]), 'inputSpace.outputSpace.layers.0.sigma_step': tensor(0), 'inputSpace.outputSpace.layers.1.W': tensor([[-5.7494e-01, -1.4830e-01,  2.3718e-01, -8.0456e-01,  8.1614e-01,
E             3.1202e-01,  4.2141e-01,  5.0985e-01, -9.1243e-01,  2.0993e-01,
E             6.6290e-02, -1.5083e-01, -9.5215e-01, -7.5887e-01, -7.1465e-01,
E             6.3552e-01, -5.9427e-01,  6.7449e-01,  2.4325e-01,  3.2973e-01,
E             4.4645e-01, -6.1735e-01,  2.6808e-01, -1.6063e-01,  1.2900e-01,
E            -6.2971e-01, -9.8861e-01,  8.4729e-01,  8.8643e-01,  6.5396e-01,
E             9.1895e-01, -7.3692e-01, -9.2663e-01, -1.4900e-01,  6.2095e-01,
E            -7.6397e-01, -2.4781e-01, -9.8122e-01, -7.2218e-01,  4.5076e-01,
E             3.9098e-01, -8.3927e-02, -2.7974e-01, -1.1775e-01, -9.1031e-01,
E             3.3829e-01,  4.4394e-01,  2.7800e-01, -1.5757e-01,  8.5457e-01,
E             1.4553e-01,  4.6694e-01, -8.2509e-02,  7.8358e-01,  8.3178e-01,
E            -2.8673e-01,  6.4226e-01, -2.5874e-01,  3.1040e-01, -4.4976e-01,
E             8.0459e-01, -8.5571e-01, -9.0192e-01,  7.4213e-01, -3.9079e-01,
E            -7.1306e-02,  7.9666e-01,  4.8660e-01, -9.6557e-01,  6.4777e-01,
E             1.4565e-01,  9.8298e-01,  7.6144e-01,  8.3275e-01,  3.9014e-01,
E            -5.4948e-01,  4.1183e-01, -9.1122e-01,  6.1692e-01,  2.8486e-02,
E             1.7310e-01,  6.1519e-01,  2.5497e-01,  6.7392e-01, -9.0594e-01,
E             9.1811e-01,  6.2221e-01,  8.8184e-02, -7.5443e-01, -8.9508e-01,
E             1.7009e-01, -6.5097e-01,  7.8278e-01,  1.3200e-01,  2.9035e-02,
E            -1.4931e-01,  8.2223e-01, -2.2688e-01, -3.3687e-01,  4.3856e-01,
E            -2.9696e-01, -3.7599e-01,  9.5140e-02, -8.0964e-01, -1.2199e-01,
E             4.9178e-01,  7.9184e-01,  4.2034e-01,  4.9824e-01, -5.9212e-01,
E            -1.4562e-01,  1.2395e-01,  9.8736e-01,  9.0799e-01,  1.4893e-01,
E             3.1842e-01,  3.8180e-01,  4.0648e-01,  8.8972e-01,  3.6484e-01,
E            -4.7319e-01,  6.6490e-01,  2.9058e-01, -8.3779e-01, -6.8517e-01,
E             2.1053e-01, -3.6654e-01, -1.3056e-01, -7.9818e-01,  6.7968e-01,
E            -8.6467e-01,  5.2624e-01, -7.1614e-01,  4.8399e-01,  9.5064e-01,
E             9.1066e-01, -2.6851e-01, -3.7620e-01, -2.4885e-02,  1.2529e-01,
E             9.1068e-01, -7.3308e-01,  7.3230e-01,  7.0701e-01,  9.4205e-01,
E            -7.8570e-01, -5.5878e-02,  4.3104e-01,  8.8985e-01,  8.5617e-01,
E             2.2466e-01, -9.0439e-01,  9.0567e-01,  8.8164e-01, -8.5959e-01,
E            -9.0744e-01,  5.0664e-01,  8.3552e-01, -9.9605e-01, -7.8100e-01,
E             1.5670e-01, -2.1123e-01, -7.6078e-01,  8.3029e-01, -3.5531e-01,
E            -2.5449e-01, -7.1869e-03, -2.3595e-01, -4.7108e-01, -9.9373e-01,
E            -4.4078e-01, -6.7034e-01, -4.3080e-01,  6.2452e-01, -5.1422e-01,
E            -3.7161e-01,  7.6226e-01,  4.1743e-01, -1.0011e-01, -8.6678e-01,
E             7.7281e-03, -4.4409e-01, -5.8762e-01,  3.8111e-01,  3.7737e-01,
E            -4.8509e-01,  7.2249e-02,  6.2684e-01,  2.7167e-01,  1.9989e-01,
E            -2.5576e-03, -5.3054e-01, -4.9579e-01,  2.1495e-01,  4.5804e-01,
E            -1.9616e-01, -4.5899e-01,  8.9940e-01,  1.7664e-01,  3.3882e-01,
E             3.8596e-01, -9.7057e-01,  5.3547e-01, -1.5835e-01,  4.3891e-01,
E            -1.8997e-01,  4.2899e-01,  5.9773e-01,  9.1921e-01, -3.2751e-01,
E             5.4761e-02, -2.1572e-01,  6.9859e-01, -1.2032e-01, -4.7004e-01,
E            -8.7508e-01,  4.4311e-01,  3.7231e-01, -3.5023e-01, -6.0343e-01,
E             8.6408e-01,  2.4935e-01,  5.3700e-01, -5.6037e-01,  6.3671e-01,
E             7.3983e-02,  6.3295e-02, -7.9083e-02,  9.5514e-01, -9.5917e-01,
E            -2.9918e-01, -1.8942e-01, -7.1698e-01,  2.9517e-01,  9.8631e-02,
E            -8.2077e-01, -3.4438e-01, -7.5790e-01, -8.2558e-01,  6.7707e-02,
E             8.3054e-01, -9.6255e-01,  6.1967e-01,  1.0009e-01,  8.6009e-01,
E             7.2793e-01, -8.1844e-01,  7.3018e-02, -6.2763e-01,  3.7049e-01,
E             4.4993e-02,  3.8278e-01,  6.0539e-01, -2.5086e-01, -5.0133e-01,
E             3.9679e-01,  6.2753e-01, -6.7159e-01,  8.5596e-01,  3.7968e-01,
E             3.5690e-01, -3.2632e-01,  9.4006e-01,  5.7438e-01,  9.8747e-01,
E             2.6345e-01, -5.8753e-02, -5.4942e-01, -3.9753e-01, -2.1871e-01,
E            -5.9910e-02, -5.1211e-02,  4.6760e-01,  9.6329e-01, -8.4115e-01,
E             5.3565e-01,  3.4501e-01,  6.0939e-01, -4.7656e-01, -1.5537e-02,
E             3.6900e-01, -4.0774e-01,  8.1117e-01, -7.3110e-01, -3.2589e-01,
E             1.4418e-01,  5.8366e-01, -9.8812e-01,  8.2357e-01,  3.5869e-01,
E            -5.1549e-01,  6.7996e-01,  1.3713e-01, -9.7582e-01, -9.6343e-01,
E             1.6429e-01, -8.6128e-01, -4.5343e-01,  6.1202e-01, -3.0569e-01,
E             4.4914e-01, -5.8242e-01,  6.2853e-01,  3.9552e-01, -1.5014e-01,
E            -1.1880e-01, -5.3052e-01,  4.0306e-01,  1.2805e-01,  7.8652e-01,
E             8.2906e-02,  5.4244e-01, -3.8228e-02,  6.2518e-01, -1.7493e-01,
E            -9.7813e-01, -6.6735e-01,  9.0238e-01, -6.1468e-01, -3.6974e-01,
E             1.4667e-02,  5.7102e-01, -7.5807e-01,  6.3419e-01, -9.7685e-01,
E             8.9375e-01,  2.4172e-01, -9.6412e-01,  1.6570e-01,  4.6971e-01,
E             3.5264e-01, -1.5569e-01, -5.4145e-01, -8.8127e-01,  3.1586e-01,
E             9.4386e-01,  6.7347e-02, -7.1609e-01, -9.4668e-01,  9.0186e-01,
E             4.2259e-01,  4.2084e-01,  8.7179e-01,  7.0026e-01,  6.1564e-01,
E             1.9118e-01,  4.6474e-01, -7.6388e-02,  9.5458e-01, -1.9265e-01,
E             3.8282e-01,  4.5510e-01, -2.3206e-01,  6.3546e-01,  7.4160e-01,
E            -7.1921e-01,  5.6519e-01, -5.7260e-02,  8.6385e-01,  1.2243e-01,
E            -6.0920e-01, -2.2670e-01,  9.5589e-01, -7.2838e-02,  5.7333e-01,
E             3.4173e-01, -7.9588e-01, -8.8605e-01,  7.7459e-01,  1.0744e-01,
E            -1.8792e-01,  5.3789e-01,  1.7173e-01, -1.7028e-01,  8.3695e-01,
E             7.3777e-01, -1.8925e-01, -7.1229e-02,  8.1723e-01, -3.1978e-01,
E             4.7232e-01, -6.6937e-01,  7.6420e-01,  3.4585e-01, -9.6004e-01,
E            -5.3746e-01, -4.3595e-01,  1.5798e-01,  2.0247e-01, -7.9799e-01,
E             6.8548e-01,  4.6979e-01,  4.1278e-01,  2.3188e-01,  9.5555e-02,
E            -3.4481e-01, -2.2044e-01, -8.0602e-01, -5.2220e-01,  6.7921e-01,
E             9.7214e-01,  3.8350e-01, -2.1395e-01, -9.6570e-01,  4.9946e-01,
E            -4.6964e-01,  7.0884e-01,  8.6112e-01,  5.6526e-01,  8.3303e-01,
E            -5.2144e-01, -6.4732e-01,  1.5131e-01,  2.8634e-02,  1.1630e-01,
E            -3.4036e-01,  7.1738e-01, -8.9091e-01, -7.4867e-01, -6.1260e-01,
E            -8.0743e-01, -7.5155e-01, -3.2050e-01,  9.6231e-01,  3.1317e-01,
E             2.3261e-02,  3.1359e-02,  2.2917e-01, -1.1640e-01, -7.4231e-01,
E            -1.1788e-01,  7.2930e-01,  8.3141e-01, -9.4860e-02, -4.8847e-02,
E            -4.1608e-01, -3.9738e-01, -6.9985e-01,  1.1108e-01, -4.0691e-01,
E            -5.7881e-01,  4.7404e-01, -5.2837e-01, -1.4908e-01,  3.2386e-01,
E             7.5085e-01,  7.8729e-01, -6.5190e-01, -2.7646e-01,  1.1335e-01,
E             2.2608e-01,  6.2448e-01,  4.9453e-01,  8.9299e-01, -8.4987e-01,
E            -8.7120e-01,  2.8050e-01, -4.3127e-01, -9.9652e-01,  2.2525e-01,
E            -9.5036e-02,  7.5636e-01, -6.3315e-01,  9.8753e-01,  7.4996e-01,
E             7.6138e-01, -2.0099e-01,  6.1584e-01, -2.9213e-02,  3.2748e-02,
E             4.4351e-01,  8.3093e-01, -4.0419e-02, -5.4715e-01,  2.3817e-01,
E            -9.3801e-02, -9.6917e-01,  2.9805e-01, -5.0244e-01,  1.9007e-01,
E             2.8976e-01,  3.8564e-01, -9.2136e-01, -7.0034e-01,  2.9591e-01,
E             2.5072e-01,  1.3745e-01, -3.4917e-01,  4.1223e-01,  9.7060e-01,
E            -2.8608e-01,  6.4731e-01,  7.5078e-01,  9.6740e-02,  4.3396e-01,
E            -4.6234e-01,  4.8007e-01, -2.9368e-01, -1.4090e-01,  3.4252e-01,
E            -5.8318e-01,  4.2371e-01,  1.7781e-01, -1.5182e-01,  6.5814e-01,
E             5.9413e-01, -3.9737e-01,  5.2004e-01,  3.2496e-01, -3.2157e-01,
E            -6.6377e-01, -1.0959e-01, -9.8959e-01, -1.6951e-01, -3.5988e-01,
E            -4.6889e-01, -1.4268e-01, -7.3810e-01,  3.7681e-01,  5.7632e-02,
E            -4.2861e-01, -7.1630e-02,  3.1696e-01,  9.0849e-01,  8.4130e-01,
E            -8.0841e-01, -5.2566e-01,  3.6085e-01, -8.6437e-01,  6.9087e-01,
E            -9.7492e-01, -3.6550e-01,  5.5146e-01, -9.2944e-01, -2.3353e-01,
E             7.7924e-01, -7.6794e-01, -4.4466e-01,  7.1251e-01,  9.3661e-01,
E             5.7886e-01,  7.2322e-01,  2.5406e-01,  5.9971e-02,  4.8793e-01,
E             4.9111e-01,  4.5847e-01,  3.8154e-01,  5.4414e-02, -2.7050e-01,
E            -5.9819e-01,  5.5177e-02, -3.0361e-01,  4.2459e-02, -2.4499e-01,
E             7.3498e-01, -4.8346e-01,  4.4317e-02, -9.8761e-01, -6.8864e-01,
E            -7.5422e-01, -8.4812e-01, -1.4405e-01,  4.9669e-01, -1.2339e-01,
E             1.1446e-02, -8.2942e-01,  1.1777e-01,  3.5602e-01, -1.7466e-01,
E             1.2484e-01, -5.3322e-01, -2.1117e-01,  7.3501e-01, -2.6631e-02,
E             7.7476e-01, -3.3133e-01, -4.5606e-01, -2.8491e-01,  4.8662e-01,
E            -4.3418e-01, -6.5372e-01, -6.3264e-02,  9.0170e-01, -4.6882e-01,
E             7.2065e-01,  4.2064e-02, -2.6482e-01,  7.0631e-01, -9.9258e-01,
E            -7.7194e-01, -2.2520e-01, -8.0708e-01,  7.6025e-01,  4.7059e-01,
E            -9.6077e-01,  5.4565e-01,  8.6940e-01,  8.3418e-01,  8.3579e-01,
E             4.4244e-01,  7.5272e-01, -9.2924e-01, -5.9223e-01,  1.2714e-01,
E             8.4887e-01,  3.7980e-01, -6.8686e-01, -1.9368e-01, -4.3699e-01,
E            -8.4539e-01,  7.6979e-01, -5.9986e-01,  6.3404e-01,  4.7470e-01,
E            -5.6178e-01, -7.3543e-01, -3.0752e-01, -9.3752e-01,  6.1027e-01,
E             5.9978e-01, -4.1022e-01, -5.9012e-01, -2.8131e-01, -7.4645e-02,
E            -5.6319e-01, -2.1747e-01, -7.5780e-01,  2.2811e-01,  1.8547e-01,
E             1.2589e-01,  9.8542e-03,  3.8604e-01,  2.0728e-02, -9.8155e-02,
E            -9.3302e-01, -8.4863e-01,  1.5951e-01, -8.7274e-01, -9.0069e-01,
E             1.2056e-01, -2.4024e-01, -1.5831e-01,  4.1426e-01,  2.9940e-01,
E            -6.7301e-02, -5.6859e-01, -7.3925e-01, -6.8260e-01,  5.5705e-01,
E            -2.6539e-01, -2.8877e-01,  3.8255e-01, -9.3713e-01, -4.6319e-01,
E             1.1764e-01, -7.8063e-01, -9.0780e-01,  9.8643e-01, -6.5672e-01,
E             1.3872e-01,  4.5050e-01,  6.1154e-04,  7.9723e-01,  6.4031e-01,
E             6.8553e-01,  6.1075e-01,  9.5183e-01, -4.5552e-01, -5.0344e-01,
E             6.5605e-01,  5.0076e-01,  5.4330e-01,  4.4784e-01, -7.3837e-01,
E             4.7720e-01, -9.7731e-02, -1.3806e-01,  8.0613e-01,  4.3632e-01,
E            -1.1122e-02,  2.0985e-01, -2.6269e-01,  5.9607e-01, -5.5075e-01,
E             7.9904e-01, -4.1020e-01,  1.4737e-01,  3.0587e-01, -7.1100e-01,
E             7.7553e-01,  9.3539e-01, -5.6896e-01, -6.6390e-01, -4.7627e-01,
E             8.7663e-01,  4.8418e-01, -3.9450e-01,  6.2072e-01,  3.2490e-01,
E            -1.7722e-01,  6.8600e-01, -2.9425e-01,  8.7419e-02, -3.1559e-01,
E             7.6070e-01, -4.0332e-01, -4.5514e-01,  6.0624e-01, -9.2878e-01,
E            -8.0297e-01, -1.3500e-01, -2.5823e-01,  9.9038e-01,  3.3444e-02,
E            -1.9443e-01, -9.8796e-02, -9.2319e-01,  8.6187e-01, -2.8403e-01,
E             4.5965e-01, -3.2602e-01,  3.7928e-01,  1.7344e-01,  8.3319e-01,
E             1.4002e-01,  7.6452e-01,  2.5793e-01,  6.8468e-01,  9.8268e-01,
E             2.9971e-01,  5.0696e-01, -2.6545e-01,  5.2675e-01,  2.6720e-02,
E            -2.0181e-01, -5.3517e-01, -1.5622e-01,  1.1683e-01, -5.2637e-01,
E            -2.7061e-01, -9.7208e-01, -8.6023e-01, -7.1901e-01, -9.7086e-01,
E             8.8700e-01, -5.8532e-01,  6.3899e-01,  7.8459e-01, -6.8067e-01,
E            -2.9463e-01, -4.3778e-01, -4.5542e-01, -7.7412e-01, -1.6540e-01,
E             5.0055e-01,  3.2986e-01,  1.3701e-01, -9.9040e-01, -6.1635e-02,
E            -7.0857e-01, -8.8068e-01,  1.6927e-01, -5.0906e-01,  9.9387e-01,
E             1.1963e-01,  9.1729e-01, -8.5839e-02,  5.5348e-01,  7.3756e-01,
E             5.7944e-02, -1.3658e-02, -6.9982e-01,  5.1937e-01,  8.1901e-01,
E             8.4470e-01,  6.2121e-01, -5.4302e-01,  5.3288e-03, -1.2349e-01,
E            -5.6393e-01, -5.2022e-01,  2.1489e-01,  7.3597e-01,  6.9117e-02,
E             1.7113e-01, -2.8572e-02, -2.6086e-01,  9.3297e-01, -8.5428e-01,
E            -7.0250e-01,  1.8482e-01, -3.9178e-01,  4.9665e-01, -5.7078e-02,
E            -1.1618e-01,  2.0857e-01, -9.0748e-01, -9.0908e-02,  1.8042e-01,
E             6.5082e-02, -3.3384e-01, -2.6331e-02, -5.8542e-01, -6.5457e-01,
E            -7.1901e-01, -1.5630e-01, -8.1655e-01, -7.5917e-01,  1.0532e-01,
E            -5.5937e-01,  4.5573e-01,  4.1027e-01,  5.9578e-01, -1.6912e-02,
E            -6.3978e-01, -2.9654e-01, -6.9593e-01, -6.1388e-01, -3.4200e-01,
E             2.6805e-01,  2.5977e-01,  2.4613e-01, -8.6833e-01, -7.7755e-01,
E            -1.0763e-01, -7.2574e-02,  7.4465e-03,  2.7835e-01, -6.4336e-01,
E            -7.1437e-01,  7.7385e-01]]), 'inputSpace.outputSpace.layers.1.biasWeight': tensor([[0., 0., 0., 0., 0., 0., 0., 0., 0., 0., 0., 0., 0., 0., 0., 0., 0., 0., 0., 0., 0., 0., 0., 0.,
E            0., 0., 0., 0., 0., 0., 0., 0., 0., 0., 0., 0., 0., 0., 0., 0., 0., 0., 0., 0., 0., 0., 0., 0.,
E            0., 0., 0., 0., 0., 0., 0., 0., 0., 0., 0., 0., 0., 0., 0., 0., 0., 0., 0., 0., 0., 0., 0., 0.,
E            0., 0., 0., 0., 0., 0., 0., 0., 0., 0., 0., 0., 0., 0., 0., 0., 0., 0., 0., 0., 0., 0., 0., 0.,
E            0., 0., 0., 0., 0., 0., 0., 0., 0., 0., 0., 0., 0., 0., 0., 0., 0., 0., 0., 0., 0., 0., 0., 0.,
E            0., 0., 0., 0., 0., 0., 0., 0., 0., 0., 0., 0., 0., 0., 0., 0., 0., 0., 0., 0., 0., 0., 0., 0.,
E            0., 0., 0., 0., 0., 0., 0., 0., 0., 0., 0., 0., 0., 0., 0., 0., 0., 0., 0., 0., 0., 0., 0., 0.,
E            0., 0., 0., 0., 0., 0., 0., 0., 0., 0., 0., 0., 0., 0., 0., 0., 0., 0., 0., 0., 0., 0., 0., 0.,
E            0., 0., 0., 0., 0., 0., 0., 0., 0., 0., 0., 0., 0., 0., 0., 0., 0., 0., 0., 0., 0., 0., 0., 0.,
E            0., 0., 0., 0., 0., 0., 0., 0., 0., 0., 0., 0., 0., 0., 0., 0., 0., 0., 0., 0., 0., 0., 0., 0.,
E            0., 0., 0., 0., 0., 0., 0., 0., 0., 0., 0., 0., 0., 0., 0., 0., 0., 0., 0., 0., 0., 0., 0., 0.,
E            0., 0., 0., 0., 0., 0., 0., 0., 0., 0., 0., 0., 0., 0., 0., 0., 0., 0., 0., 0., 0., 0., 0., 0.,
E            0., 0., 0., 0., 0., 0., 0., 0., 0., 0., 0., 0., 0., 0., 0., 0., 0., 0., 0., 0., 0., 0., 0., 0.,
E            0., 0., 0., 0., 0., 0., 0., 0., 0., 0., 0., 0., 0., 0., 0., 0., 0., 0., 0., 0., 0., 0., 0., 0.,
E            0., 0., 0., 0., 0., 0., 0., 0., 0., 0., 0., 0., 0., 0., 0., 0., 0., 0., 0., 0., 0., 0., 0., 0.,
E            0., 0., 0., 0., 0., 0., 0., 0., 0., 0., 0., 0., 0., 0., 0., 0., 0., 0., 0., 0., 0., 0., 0., 0.,
E            0., 0., 0., 0., 0., 0., 0., 0., 0., 0., 0., 0., 0., 0., 0., 0., 0., 0., 0., 0., 0., 0., 0., 0.,
E            0., 0., 0., 0., 0., 0., 0., 0., 0., 0., 0., 0., 0., 0., 0., 0., 0., 0., 0., 0., 0., 0., 0., 0.,
E            0., 0., 0., 0., 0., 0., 0., 0., 0., 0., 0., 0., 0., 0., 0., 0., 0., 0., 0., 0., 0., 0., 0., 0.,
E            0., 0., 0., 0., 0., 0., 0., 0., 0., 0., 0., 0., 0., 0., 0., 0., 0., 0., 0., 0., 0., 0., 0., 0.,
E            0., 0., 0., 0., 0., 0., 0., 0., 0., 0., 0., 0., 0., 0., 0., 0., 0., 0., 0., 0., 0., 0., 0., 0.,
E            0., 0., 0., 0., 0., 0., 0., 0., 0., 0., 0., 0., 0., 0., 0., 0., 0., 0., 0., 0., 0., 0., 0., 0.,
E            0., 0., 0., 0., 0., 0., 0., 0., 0., 0., 0., 0., 0., 0., 0., 0., 0., 0., 0., 0., 0., 0., 0., 0.,
E            0., 0., 0., 0., 0., 0., 0., 0., 0., 0., 0., 0., 0., 0., 0., 0., 0., 0., 0., 0., 0., 0., 0., 0.,
E            0., 0., 0., 0., 0., 0., 0., 0., 0., 0., 0., 0., 0., 0., 0., 0., 0., 0., 0., 0., 0., 0., 0., 0.,
E            0., 0., 0., 0., 0., 0., 0., 0., 0., 0., 0., 0., 0., 0., 0., 0., 0., 0., 0., 0., 0., 0., 0., 0.,
E            0., 0., 0., 0., 0., 0., 0., 0., 0., 0., 0., 0., 0., 0., 0., 0., 0., 0., 0., 0., 0., 0., 0., 0.,
E            0., 0., 0., 0., 0., 0., 0., 0., 0., 0., 0., 0., 0., 0., 0., 0., 0., 0., 0., 0., 0., 0., 0., 0.,
E            0., 0., 0., 0., 0., 0., 0., 0., 0., 0., 0., 0., 0., 0., 0., 0., 0., 0., 0., 0., 0., 0., 0., 0.,
E            0., 0., 0., 0., 0., 0., 0., 0., 0., 0., 0., 0., 0., 0., 0., 0., 0., 0., 0., 0., 0., 0., 0., 0.,
E            0., 0., 0., 0., 0., 0., 0., 0., 0., 0., 0., 0., 0., 0., 0., 0., 0., 0., 0., 0., 0., 0., 0., 0.,
E            0., 0., 0., 0., 0., 0., 0., 0., 0., 0., 0., 0., 0., 0., 0., 0., 0., 0., 0., 0., 0., 0., 0., 0.,
E            0., 0., 0., 0., 0., 0., 0., 0., 0., 0., 0., 0., 0., 0., 0., 0., 0., 0., 0., 0., 0., 0., 0., 0.,
E            0., 0., 0., 0., 0., 0., 0., 0., 0., 0., 0., 0., 0., 0., 0., 0., 0., 0., 0., 0., 0., 0., 0., 0.,
E            0., 0., 0., 0., 0., 0., 0., 0., 0., 0., 0., 0., 0., 0., 0., 0.]]), 'inputSpace.outputSpace.layers.1.bias': tensor([1.]), 'inputSpace.outputSpace.layers.1.var': tensor([0.]), 'inputSpace.outputSpace.layers.1.sigma': tensor([0.]), 'inputSpace.outputSpace.layers.1.sigma_mean': tensor([0.]), 'inputSpace.outputSpace.layers.1.sigma_step': tensor(0), 'inputSpace.outputSpace.linear1.W': tensor([[-5.5776e-04],
E           [-3.0159e-04],
E           [ 4.1084e-04],
E           [-3.9164e-04],
E           [-8.4961e-04],
E           [-1.1007e-03],
E           [ 4.8756e-04],
E           [ 9.8990e-04],
E           [ 1.1357e-03],
E           [ 1.1611e-03],
E           [-2.0520e-04],
E           [-1.1594e-03],
E           [-6.9990e-04],
E           [-2.2441e-04],
E           [-1.8360e-04],
E           [-5.5214e-04],
E           [-1.6824e-05],
E           [-5.6262e-04],
E           [-1.0986e-04],
E           [-1.5242e-04],
E           [-1.0934e-03],
E           [ 3.8331e-04],
E           [ 7.7039e-04],
E           [ 1.9321e-04],
E           [ 2.2034e-04],
E           [ 2.0523e-04],
E           [ 6.8673e-04],
E           [-2.8740e-04],
E           [ 4.0863e-04],
E           [-3.0506e-04],
E           [-7.0767e-05],
E           [-9.6708e-05],
E           [ 6.6362e-04],
E           [ 1.0555e-03],
E           [-1.0886e-03],
E           [ 1.0751e-03],
E           [ 1.1887e-04],
E           [-6.5378e-04],
E           [ 4.0580e-04],
E           [-1.1834e-03],
E           [-6.7573e-05],
E           [-5.3913e-04],
E           [ 6.1871e-04],
E           [-4.3873e-04],
E           [ 7.4751e-04],
E           [ 2.9933e-04],
E           [ 2.7388e-04],
E           [-9.3437e-04],
E           [ 8.8070e-04],
E           [ 4.9677e-04],
E           [-5.1296e-04],
E           [-1.8195e-04],
E           [-8.1689e-04],
E           [ 4.3256e-05],
E           [ 7.1049e-04],
E           [-1.9671e-04],
E           [-9.5627e-04],
E           [-7.2503e-04],
E           [-8.7384e-04],
E           [ 9.2909e-04],
E           [ 7.9894e-04],
E           [ 1.0192e-03],
E           [ 7.9028e-04],
E           [-5.9955e-04],
E           [-9.9436e-04],
E           [ 8.7031e-04],
E           [ 1.9357e-04],
E           [ 8.9709e-04],
E           [-4.3000e-04],
E           [-8.3120e-05],
E           [ 4.6794e-04],
E           [-8.5795e-04],
E           [-9.2112e-04],
E           [-9.6457e-04],
E           [ 1.0009e-03],
E           [-7.4365e-04],
E           [ 3.3824e-04],
E           [ 1.7872e-04],
E           [ 6.2665e-04],
E           [-1.9876e-04],
E           [ 5.8937e-04],
E           [-1.0423e-03],
E           [ 9.6990e-04],
E           [ 5.6062e-04],
E           [-6.3710e-04],
E           [ 8.7633e-04],
E           [ 1.1231e-03],
E           [-7.6617e-04],
E           [-9.5819e-05],
E           [-3.4994e-04],
E           [-9.8889e-04],
E           [ 8.5006e-04],
E           [ 9.7078e-04],
E           [ 8.9615e-04],
E           [ 5.3050e-04],
E           [-2.4557e-04],
E           [-4.9642e-04],
E           [-1.1394e-03],
E           [-9.6072e-04],
E           [ 6.6484e-04],
E           [-3.3793e-04],
E           [ 9.9461e-04],
E           [ 1.5556e-04],
E           [ 6.5919e-04],
E           [-1.6891e-04],
E           [ 9.9375e-04],
E           [-9.2081e-04],
E           [-1.1243e-03],
E           [-3.5533e-04],
E           [ 4.6449e-04],
E           [ 2.5961e-04],
E           [-2.3802e-04],
E           [-3.0139e-04],
E           [-9.2852e-04],
E           [-6.3515e-04],
E           [-7.4470e-04],
E           [ 6.2738e-04],
E           [-3.8745e-04],
E           [-8.9043e-04],
E           [ 8.9880e-04],
E           [ 1.9653e-04],
E           [-2.3060e-04],
E           [-4.4384e-04],
E           [-9.6038e-04],
E           [ 7.2632e-04],
E           [ 7.3302e-04],
E           [ 6.2115e-04],
E           [ 3.4604e-04],
E           [-2.0254e-04],
E           [-5.2819e-04],
E           [-1.5594e-05],
E           [ 1.6667e-04],
E           [-9.0161e-04],
E           [ 6.4090e-04],
E           [-7.6387e-04],
E           [-6.0557e-04],
E           [-4.7922e-04],
E           [-1.1843e-03],
E           [ 7.9492e-04],
E           [-9.5391e-04],
E           [-7.9812e-05],
E           [ 1.0506e-03],
E           [ 5.7709e-05],
E           [ 4.7297e-04],
E           [-2.3210e-04],
E           [-3.3288e-04],
E           [-1.1526e-03],
E           [-1.0134e-03],
E           [ 5.9683e-04],
E           [ 3.6666e-04],
E           [ 1.1530e-03],
E           [-3.0099e-04],
E           [ 6.5225e-04],
E           [-8.5020e-04],
E           [-9.5676e-04],
E           [ 1.2355e-04],
E           [-6.3995e-04],
E           [ 5.9190e-05],
E           [ 7.3012e-04],
E           [ 7.2673e-05],
E           [-1.0778e-03],
E           [ 5.3456e-04],
E           [ 6.7604e-04],
E           [ 1.1900e-03],
E           [-1.0704e-04],
E           [-7.5993e-04],
E           [ 1.0854e-05],
E           [ 4.6836e-04],
E           [-1.6939e-04],
E           [-1.0532e-03],
E           [ 9.8697e-04],
E           [-5.6148e-04],
E           [-1.1524e-03],
E           [ 9.7338e-04],
E           [ 9.8253e-04],
E           [-6.8321e-04],
E           [ 4.3870e-04],
E           [ 1.1416e-03],
E           [-2.9239e-05],
E           [-4.8866e-04],
E           [-4.7724e-04],
E           [-3.0526e-04],
E           [-6.8494e-04],
E           [ 6.4237e-04],
E           [ 6.4835e-04],
E           [ 9.1257e-04],
E           [ 5.0794e-04],
E           [ 3.1650e-04],
E           [ 1.0312e-03],
E           [ 1.0049e-03],
E           [-2.5747e-04],
E           [ 1.0836e-03],
E           [-5.1717e-04],
E           [ 6.2974e-04],
E           [-1.2127e-04],
E           [ 6.1350e-04],
E           [-9.2811e-04],
E           [ 6.1700e-04],
E           [-1.1685e-04],
E           [ 4.8049e-04],
E           [ 7.7315e-04],
E           [ 6.8474e-04],
E           [-3.9453e-04],
E           [-9.5449e-04],
E           [ 4.7395e-04],
E           [ 5.5191e-04],
E           [-2.4346e-04],
E           [-6.6271e-04],
E           [-1.1817e-03],
E           [-2.9035e-04],
E           [-1.0845e-03],
E           [ 1.5957e-04],
E           [-7.4961e-04],
E           [-6.3560e-04],
E           [ 1.7517e-04],
E           [-2.0042e-04],
E           [ 9.3404e-04],
E           [ 1.7049e-04],
E           [ 7.9032e-04],
E           [ 1.1528e-03],
E           [-7.0963e-04],
E           [-4.4616e-04],
E           [-8.7799e-05],
E           [-1.1194e-03],
E           [ 8.4285e-04],
E           [ 4.3270e-04],
E           [-1.0442e-03],
E           [ 5.5087e-04],
E           [-7.6504e-04],
E           [-3.7341e-04],
E           [-2.8009e-04],
E           [-9.2524e-04],
E           [-8.1086e-04],
E           [-5.1150e-04],
E           [-7.9297e-04],
E           [-9.1038e-04],
E           [ 3.7264e-04],
E           [ 4.3863e-04],
E           [ 7.0333e-05],
E           [-1.9925e-04],
E           [-3.0722e-04],
E           [-6.8763e-04],
E           [-5.1912e-04],
E           [-6.5803e-04],
E           [-3.9882e-04],
E           [-9.7867e-04],
E           [-7.9769e-04],
E           [-5.9930e-04],
E           [-1.4788e-05],
E           [ 1.3073e-04],
E           [-3.1714e-04],
E           [ 2.7892e-04],
E           [ 1.1087e-03],
E           [-2.0998e-04],
E           [ 9.7615e-04],
E           [ 6.7163e-04],
E           [ 2.2544e-04],
E           [ 5.5359e-04],
E           [ 6.2023e-05],
E           [ 5.4514e-04],
E           [ 5.7683e-04],
E           [-1.1259e-03],
E           [ 1.0351e-03],
E           [-3.7894e-04],
E           [-8.3302e-04],
E           [-8.2645e-04],
E           [ 2.6533e-04],
E           [ 1.1504e-04],
E           [-1.1892e-03],
E           [ 2.5090e-04],
E           [-7.0869e-05],
E           [ 3.4492e-04],
E           [ 7.8966e-04],
E           [ 1.0895e-03],
E           [-5.4773e-04],
E           [-2.5144e-04],
E           [ 8.0484e-04],
E           [ 5.3877e-05],
E           [ 1.0497e-03],
E           [ 2.0441e-04],
E           [ 4.9177e-04],
E           [ 1.1206e-03],
E           [ 8.6696e-04],
E           [-9.4430e-04],
E           [-1.0655e-03],
E           [-2.0660e-04],
E           [-9.1908e-05],
E           [-3.0184e-04],
E           [ 6.9898e-04],
E           [ 5.1311e-04],
E           [-2.0019e-04],
E           [-1.7218e-04],
E           [ 4.1959e-05],
E           [ 2.9441e-04],
E           [-8.5441e-04],
E           [-3.9229e-04],
E           [-3.5172e-04],
E           [ 5.3914e-04],
E           [ 3.7309e-04],
E           [-6.6270e-04],
E           [ 4.3582e-04],
E           [-1.0530e-05],
E           [ 1.0940e-04],
E           [ 2.9265e-04],
E           [-5.9268e-05],
E           [-2.1581e-04],
E           [ 4.8335e-04],
E           [-1.0022e-03],
E           [ 3.7163e-04],
E           [-4.5013e-04],
E           [ 2.0910e-04],
E           [-1.4220e-04],
E           [ 3.8640e-04],
E           [-3.8418e-04],
E           [-6.2476e-04],
E           [-1.0632e-03],
E           [-8.1932e-04],
E           [-5.3760e-04],
E           [ 8.8511e-04],
E           [ 1.0269e-03],
E           [-7.8840e-04],
E           [ 1.6001e-05],
E           [-9.6229e-04],
E           [ 3.3523e-04],
E           [-3.7620e-04],
E           [ 7.8801e-04],
E           [-2.6845e-04],
E           [ 1.0865e-03],
E           [ 1.0393e-03],
E           [ 4.4273e-04],
E           [ 9.8522e-04],
E           [ 1.0719e-03],
E           [-8.7033e-04],
E           [ 5.8637e-04],
E           [ 3.3260e-04],
E           [ 1.0979e-03],
E           [ 3.6108e-04],
E           [-9.5940e-05],
E           [ 1.0437e-03],
E           [ 5.1709e-04],
E           [-2.0707e-04],
E           [-2.5373e-04],
E           [ 1.2366e-04],
E           [-5.7440e-04],
E           [-1.1105e-03],
E           [ 3.8000e-04],
E           [-8.2978e-04],
E           [-1.6377e-04],
E           [ 4.6240e-05],
E           [-3.0289e-04],
E           [ 1.1415e-03],
E           [ 1.0840e-03],
E           [ 5.0747e-04],
E           [ 7.1291e-04],
E           [-6.0150e-04],
E           [ 3.8163e-04],
E           [ 9.9527e-04],
E           [ 8.8976e-04],
E           [ 1.1238e-03],
E           [ 3.4736e-04],
E           [ 6.5180e-04],
E           [-2.0682e-04],
E           [ 2.1351e-04],
E           [-5.4554e-04],
E           [-1.6374e-05],
E           [-4.4842e-04],
E           [-1.5922e-04],
E           [-1.9048e-04],
E           [-3.3560e-04],
E           [-6.0448e-04],
E           [-7.8134e-04],
E           [-6.5624e-04],
E           [ 5.8814e-04],
E           [-1.0264e-03],
E           [ 7.9702e-04],
E           [-2.8037e-04],
E           [ 1.1845e-03],
E           [ 1.0959e-03],
E           [-7.8041e-04],
E           [ 9.8396e-05],
E           [ 6.1665e-04],
E           [ 4.2107e-04],
E           [-7.8412e-04],
E           [-2.4940e-04],
E           [-1.0028e-03],
E           [-1.0920e-03],
E           [ 3.2407e-04],
E           [-1.0757e-03],
E           [-5.3491e-04],
E           [-4.2476e-04],
E           [-6.8176e-04],
E           [ 1.1112e-03],
E           [-7.6399e-04],
E           [ 7.0778e-04],
E           [-4.9545e-04],
E           [ 8.2238e-04],
E           [-1.0113e-03],
E           [ 7.3359e-04],
E           [ 4.8421e-04],
E           [-6.6222e-04],
E           [-6.0221e-04],
E           [ 2.1946e-04],
E           [-9.7796e-04],
E           [ 7.8880e-04],
E           [ 9.0987e-05],
E           [ 7.5697e-04],
E           [-8.7017e-05],
E           [ 1.1294e-03],
E           [ 4.0817e-04],
E           [-8.7340e-05],
E           [ 1.1033e-03],
E           [ 1.1657e-03],
E           [ 9.4820e-04],
E           [ 3.1467e-04],
E           [ 8.9374e-06],
E           [-1.0429e-03],
E           [-4.5352e-04],
E           [ 4.0039e-04],
E           [ 1.9566e-04],
E           [-1.1251e-03],
E           [-4.3408e-04],
E           [-9.6969e-04],
E           [-7.5582e-04],
E           [ 3.4798e-04],
E           [-6.7389e-04],
E           [ 2.5068e-04],
E           [ 2.4991e-04],
E           [-9.0436e-04],
E           [ 4.8156e-04],
E           [-6.7424e-05],
E           [ 3.6600e-04],
E           [ 9.1096e-04],
E           [-1.0610e-03],
E           [-4.9247e-04],
E           [ 3.6190e-04],
E           [ 9.2238e-04],
E           [-6.3767e-04],
E           [ 1.1626e-03],
E           [-7.2420e-04],
E           [-9.6807e-04],
E           [-6.9324e-04],
E           [-1.1370e-03],
E           [ 2.8075e-05],
E           [-9.4247e-05],
E           [ 3.9725e-04],
E           [ 8.8459e-04],
E           [-3.7960e-04],
E           [ 1.1148e-03],
E           [ 1.1049e-03],
E           [ 6.2722e-04],
E           [ 9.4810e-04],
E           [-6.9586e-04],
E           [-7.2250e-04],
E           [ 1.1147e-03],
E           [-2.2593e-04],
E           [ 1.1886e-03],
E           [ 6.6828e-04],
E           [ 9.6909e-04],
E           [-1.1617e-03],
E           [-9.8795e-04],
E           [-6.0572e-04],
E           [ 1.1823e-03],
E           [-7.8944e-04],
E           [-5.6369e-04],
E           [ 7.1897e-04],
E           [ 1.1789e-03],
E           [ 6.0114e-04],
E           [-1.1346e-03],
E           [ 9.4915e-04],
E           [-1.0454e-03],
E           [ 5.5786e-04],
E           [-6.2759e-04],
E           [-6.0456e-05],
E           [ 2.9991e-04],
E           [-1.0931e-03],
E           [-9.0845e-04],
E           [-1.8407e-04],
E           [-8.8243e-04],
E           [-9.5323e-04],
E           [-3.1904e-05],
E           [-4.0038e-04],
E           [ 1.0891e-03],
E           [-6.0751e-04],
E           [-1.0654e-03],
E           [-4.2539e-04],
E           [-7.2952e-04],
E           [-9.9183e-04],
E           [-2.7170e-04],
E           [-3.1680e-04],
E           [ 6.4276e-04],
E           [ 6.2165e-04],
E           [ 1.7435e-04],
E           [ 2.9566e-04],
E           [ 4.9640e-04],
E           [-2.7659e-04],
E           [ 5.9290e-04],
E           [ 3.1807e-04],
E           [-2.0470e-04],
E           [-1.1253e-03],
E           [ 3.6459e-04],
E           [ 4.9199e-04],
E           [-1.1947e-03],
E           [-6.6882e-04],
E           [ 2.8859e-04],
E           [ 9.6442e-04],
E           [ 2.5336e-04],
E           [ 1.0831e-03],
E           [-9.5447e-04],
E           [-1.0068e-03],
E           [ 6.6684e-04],
E           [ 6.9535e-04],
E           [ 8.7390e-04],
E           [ 3.3801e-04],
E           [ 2.7354e-04],
E           [-9.7083e-04],
E           [-9.6233e-04],
E           [ 9.9172e-04],
E           [-1.0634e-03],
E           [ 7.6708e-04],
E           [ 7.3329e-04],
E           [ 2.3058e-04],
E           [-2.8844e-04],
E           [ 2.0579e-04],
E           [-9.0456e-04],
E           [ 1.7040e-04],
E           [-1.1772e-03],
E           [ 3.9465e-04],
E           [ 2.4233e-05],
E           [ 3.7440e-04],
E           [-2.4572e-04],
E           [ 4.3071e-04],
E           [-3.9311e-04],
E           [-3.1022e-04],
E           [-1.9959e-04],
E           [ 5.1954e-04],
E           [ 7.3374e-04],
E           [-7.4461e-04],
E           [-7.1466e-04],
E           [-3.6193e-05],
E           [-9.0096e-04],
E           [-3.3516e-04],
E           [ 2.9781e-04],
E           [-5.5589e-04],
E           [-7.3699e-04],
E           [-6.8070e-04],
E           [-3.4904e-04],
E           [-7.7484e-04],
E           [ 2.1662e-04],
E           [-5.1099e-04],
E           [-9.7268e-04],
E           [-2.5265e-04],
E           [ 6.8219e-04],
E           [-3.9297e-04],
E           [-7.5103e-04],
E           [ 6.1475e-04],
E           [ 4.7050e-05],
E           [-5.1882e-04],
E           [-1.1395e-03],
E           [ 6.5409e-04],
E           [ 2.4803e-04],
E           [ 9.5132e-05],
E           [-4.8358e-04],
E           [-5.9369e-04],
E           [ 7.7314e-04],
E           [-1.1617e-03],
E           [ 2.5583e-04],
E           [-6.8050e-04],
E           [ 1.5843e-04],
E           [ 4.5323e-04],
E           [ 7.6080e-04],
E           [ 1.1721e-03],
E           [ 3.1392e-05],
E           [-7.3764e-04],
E           [ 1.0422e-03],
E           [ 5.2880e-04],
E           [ 3.1414e-04],
E           [ 1.0076e-03],
E           [-8.4357e-05],
E           [-4.8188e-05],
E           [-7.9239e-04],
E           [ 5.2593e-04],
E           [-2.2014e-04],
E           [-7.7966e-04],
E           [-7.3919e-04],
E           [ 1.0368e-03],
E           [ 6.6758e-04],
E           [ 8.5804e-04],
E           [-1.1288e-03],
E           [ 1.4771e-05],
E           [-7.6720e-04],
E           [ 8.4362e-04],
E           [ 2.6986e-04],
E           [-4.0020e-05],
E           [-7.4817e-05],
E           [-4.0996e-04],
E           [ 8.9249e-04],
E           [ 7.4926e-04],
E           [-2.5006e-04],
E           [ 7.0047e-05],
E           [ 1.1623e-03],
E           [ 1.0125e-03],
E           [ 3.9804e-04],
E           [-6.8237e-04],
E           [ 9.1678e-04],
E           [-1.0652e-03],
E           [-1.1658e-04],
E           [-4.9908e-05],
E           [-1.0945e-03],
E           [ 1.0700e-03],
E           [ 1.4384e-04],
E           [ 8.9426e-04],
E           [ 8.8396e-04],
E           [ 1.0857e-04],
E           [ 4.6155e-04],
E           [-8.7203e-04],
E           [-3.7586e-04],
E           [-6.5365e-04],
E           [-8.8356e-05],
E           [-8.2724e-04],
E           [ 3.4202e-05],
E           [-9.6870e-04],
E           [ 6.8278e-04],
E           [ 8.6071e-04],
E           [ 3.5981e-04],
E           [-3.8526e-04],
E           [ 2.1998e-04],
E           [ 1.1860e-03],
E           [ 1.1099e-03],
E           [ 1.1648e-03],
E           [-7.6097e-04],
E           [-5.1815e-04],
E           [ 4.1096e-04],
E           [ 2.2263e-04],
E           [ 1.0525e-03],
E           [ 8.4277e-04],
E           [ 1.1135e-03],
E           [-2.3312e-04],
E           [-3.0435e-04],
E           [ 3.1218e-04],
E           [ 1.5714e-04],
E           [ 2.7462e-04],
E           [ 7.9301e-04],
E           [-2.0685e-04],
E           [ 1.0548e-03],
E           [-1.0048e-03],
E           [ 9.0674e-04],
E           [ 1.3555e-04],
E           [ 9.5838e-04],
E           [-2.8413e-04],
E           [-1.0848e-03],
E           [-4.9087e-04],
E           [ 9.0853e-04],
E           [ 6.2554e-04],
E           [-7.9189e-04],
E           [-3.2437e-04],
E           [ 1.1212e-04],
E           [ 3.6055e-04],
E           [ 2.5846e-04],
E           [ 6.3251e-04],
E           [-2.9646e-04],
E           [-1.1748e-03],
E           [ 1.1125e-04],
E           [-9.3584e-04],
E           [ 1.5584e-04],
E           [ 7.3483e-04],
E           [ 5.9440e-04],
E           [-1.0845e-03],
E           [ 7.9027e-04],
E           [ 1.9212e-04],
E           [-4.2931e-04],
E           [-4.3634e-04],
E           [-2.0303e-04],
E           [ 9.7014e-04],
E           [-1.8364e-04],
E           [ 7.2683e-04],
E           [-1.7701e-04],
E           [-2.3049e-04],
E           [-1.1213e-03],
E           [ 1.4793e-05],
E           [-1.1642e-03],
E           [ 9.2037e-04],
E           [ 3.5004e-04],
E           [-4.6369e-04],
E           [-4.7432e-04],
E           [ 1.1081e-03],
E           [-9.2079e-04],
E           [ 9.1427e-04],
E           [ 5.7282e-04],
E           [-5.7612e-04],
E           [-6.7425e-04],
E           [ 7.8529e-04],
E           [-1.8473e-04],
E           [-2.2881e-04],
E           [-7.0000e-04],
E           [-4.8453e-05],
E           [-1.0590e-03],
E           [-1.0891e-03],
E           [-4.3539e-04],
E           [ 1.9816e-04],
E           [-1.1690e-03],
E           [-8.5942e-04],
E           [ 1.6094e-04],
E           [-8.8470e-04],
E           [ 4.3641e-04],
E           [-6.9770e-04],
E           [-5.9394e-04],
E           [ 1.0857e-04],
E           [-1.1820e-03],
E           [ 6.3206e-04],
E           [ 7.7069e-04],
E           [ 2.1136e-04],
E           [ 4.0857e-05],
E           [-5.3519e-04],
E           [ 5.3633e-04],
E           [-1.0198e-03],
E           [ 5.8728e-04],
E           [-3.8493e-04],
E           [-6.3429e-04],
E           [ 1.1428e-03],
E           [ 2.8537e-04],
E           [-5.9171e-04],
E           [-9.4065e-04],
E           [-1.0582e-03],
E           [-4.5989e-04],
E           [ 8.5322e-04],
E           [-7.9845e-04],
E           [ 7.9598e-04],
E           [ 8.0346e-04],
E           [-6.8725e-04],
E           [ 1.0208e-03],
E           [ 9.7860e-04],
E           [-1.9438e-04],
E           [ 8.7995e-04],
E           [-2.3056e-04],
E           [-9.7834e-04],
E           [-1.4407e-05],
E           [-5.7825e-04],
E           [ 1.1145e-04],
E           [ 4.1505e-04],
E           [ 7.7960e-04],
E           [-6.7189e-04],
E           [-6.9578e-04],
E           [-8.4154e-04],
E           [-6.0254e-04],
E           [-1.1578e-03],
E           [ 8.2387e-04],
E           [-7.5427e-04],
E           [-6.9299e-04],
E           [ 1.0821e-03],
E           [ 1.0993e-03],
E           [-4.4392e-04],
E           [ 2.5312e-04],
E           [ 7.6663e-05],
E           [-5.4141e-04],
E           [-3.4906e-04],
E           [-7.2350e-05],
E           [-1.1237e-03],
E           [ 6.3129e-04],
E           [-8.7914e-04],
E           [-8.3048e-04],
E           [-8.3768e-04],
E           [-6.5846e-04],
E           [-2.2295e-04],
E           [-1.0490e-04],
E           [ 4.5744e-04],
E           [-1.6256e-05],
E           [ 6.3820e-04],
E           [ 1.7248e-04],
E           [-4.9523e-04],
E           [-3.6191e-04],
E           [ 1.6267e-04],
E           [ 7.7629e-05],
E           [ 3.8016e-04],
E           [-8.8372e-04],
E           [-6.1774e-04],
E           [-5.7893e-04],
E           [-1.4673e-04],
E           [-5.6024e-04],
E           [-3.7535e-04],
E           [-3.7281e-04],
E           [-1.5692e-04],
E           [ 2.0361e-04],
E           [ 7.6058e-05],
E           [-2.4693e-04],
E           [ 4.6911e-04],
E           [-2.0914e-04],
E           [ 3.5653e-04],
E           [ 9.6448e-04],
E           [ 6.7293e-04],
E           [-1.0526e-03],
E           [ 7.2901e-04],
E           [ 1.1880e-03],
E           [-1.0947e-04],
E           [-9.6811e-05],
E           [-9.9758e-04],
E           [ 7.2625e-04],
E           [-1.0588e-03],
E           [-6.9298e-04],
E           [-8.0161e-05],
E           [-1.9352e-04],
E           [-4.7578e-05],
E           [-1.0101e-03],
E           [-1.5899e-04],
E           [ 5.3193e-04],
E           [-5.7654e-04],
E           [ 1.1566e-06],
E           [-3.7978e-04],
E           [-1.0892e-03],
E           [ 3.6190e-05],
E           [-1.0986e-03],
E           [ 5.9852e-04],
E           [ 3.7530e-04],
E           [ 3.3572e-05],
E           [ 3.4304e-04],
E           [ 2.4450e-04],
E           [-4.4667e-04],
E           [ 9.9979e-04],
E           [-1.6591e-04],
E           [ 7.4303e-04],
E           [-5.8346e-04],
E           [-8.3251e-04],
E           [ 1.1323e-03],
E           [ 3.7603e-04],
E           [-3.1509e-04],
E           [ 9.2841e-04],
E           [ 9.1411e-05],
E           [ 3.4978e-04],
E           [-5.5321e-04],
E           [ 9.8510e-04],
E           [ 9.3112e-04],
E           [ 8.1860e-04],
E           [-4.9822e-04]]), 'inputSpace.outputSpace.linear1.biasWeight': tensor([[0.]]), 'inputSpace.outputSpace.linear1.bias': tensor([1.]), 'inputSpace.outputSpace.linear1.var': tensor([0.]), 'inputSpace.outputSpace.linear1.sigma': tensor([0.]), 'inputSpace.outputSpace.linear1.sigma_mean': tensor([0.]), 'inputSpace.outputSpace.linear1.sigma_step': tensor(0), 'inputSpace.outputSpace.linear2.W': tensor([[-5.7494e-01, -1.4830e-01,  2.3718e-01, -8.0456e-01,  8.1614e-01,
E             3.1202e-01,  4.2141e-01,  5.0985e-01, -9.1243e-01,  2.0993e-01,
E             6.6290e-02, -1.5083e-01, -9.5215e-01, -7.5887e-01, -7.1465e-01,
E             6.3552e-01, -5.9427e-01,  6.7449e-01,  2.4325e-01,  3.2973e-01,
E             4.4645e-01, -6.1735e-01,  2.6808e-01, -1.6063e-01,  1.2900e-01,
E            -6.2971e-01, -9.8861e-01,  8.4729e-01,  8.8643e-01,  6.5396e-01,
E             9.1895e-01, -7.3692e-01, -9.2663e-01, -1.4900e-01,  6.2095e-01,
E            -7.6397e-01, -2.4781e-01, -9.8122e-01, -7.2218e-01,  4.5076e-01,
E             3.9098e-01, -8.3927e-02, -2.7974e-01, -1.1775e-01, -9.1031e-01,
E             3.3829e-01,  4.4394e-01,  2.7800e-01, -1.5757e-01,  8.5457e-01,
E             1.4553e-01,  4.6694e-01, -8.2509e-02,  7.8358e-01,  8.3178e-01,
E            -2.8673e-01,  6.4226e-01, -2.5874e-01,  3.1040e-01, -4.4976e-01,
E             8.0459e-01, -8.5571e-01, -9.0192e-01,  7.4213e-01, -3.9079e-01,
E            -7.1306e-02,  7.9666e-01,  4.8660e-01, -9.6557e-01,  6.4777e-01,
E             1.4565e-01,  9.8298e-01,  7.6144e-01,  8.3275e-01,  3.9014e-01,
E            -5.4948e-01,  4.1183e-01, -9.1122e-01,  6.1692e-01,  2.8486e-02,
E             1.7310e-01,  6.1519e-01,  2.5497e-01,  6.7392e-01, -9.0594e-01,
E             9.1811e-01,  6.2221e-01,  8.8184e-02, -7.5443e-01, -8.9508e-01,
E             1.7009e-01, -6.5097e-01,  7.8278e-01,  1.3200e-01,  2.9035e-02,
E            -1.4931e-01,  8.2223e-01, -2.2688e-01, -3.3687e-01,  4.3856e-01,
E            -2.9696e-01, -3.7599e-01,  9.5140e-02, -8.0964e-01, -1.2199e-01,
E             4.9178e-01,  7.9184e-01,  4.2034e-01,  4.9824e-01, -5.9212e-01,
E            -1.4562e-01,  1.2395e-01,  9.8736e-01,  9.0799e-01,  1.4893e-01,
E             3.1842e-01,  3.8180e-01,  4.0648e-01,  8.8972e-01,  3.6484e-01,
E            -4.7319e-01,  6.6490e-01,  2.9058e-01, -8.3779e-01, -6.8517e-01,
E             2.1053e-01, -3.6654e-01, -1.3056e-01, -7.9818e-01,  6.7968e-01,
E            -8.6467e-01,  5.2624e-01, -7.1614e-01,  4.8399e-01,  9.5064e-01,
E             9.1066e-01, -2.6851e-01, -3.7620e-01, -2.4885e-02,  1.2529e-01,
E             9.1068e-01, -7.3308e-01,  7.3230e-01,  7.0701e-01,  9.4205e-01,
E            -7.8570e-01, -5.5878e-02,  4.3104e-01,  8.8985e-01,  8.5617e-01,
E             2.2466e-01, -9.0439e-01,  9.0567e-01,  8.8164e-01, -8.5959e-01,
E            -9.0744e-01,  5.0664e-01,  8.3552e-01, -9.9605e-01, -7.8100e-01,
E             1.5670e-01, -2.1123e-01, -7.6078e-01,  8.3029e-01, -3.5531e-01,
E            -2.5449e-01, -7.1869e-03, -2.3595e-01, -4.7108e-01, -9.9373e-01,
E            -4.4078e-01, -6.7034e-01, -4.3080e-01,  6.2452e-01, -5.1422e-01,
E            -3.7161e-01,  7.6226e-01,  4.1743e-01, -1.0011e-01, -8.6678e-01,
E             7.7281e-03, -4.4409e-01, -5.8762e-01,  3.8111e-01,  3.7737e-01,
E            -4.8509e-01,  7.2249e-02,  6.2684e-01,  2.7167e-01,  1.9989e-01,
E            -2.5576e-03, -5.3054e-01, -4.9579e-01,  2.1495e-01,  4.5804e-01,
E            -1.9616e-01, -4.5899e-01,  8.9940e-01,  1.7664e-01,  3.3882e-01,
E             3.8596e-01, -9.7057e-01,  5.3547e-01, -1.5835e-01,  4.3891e-01,
E            -1.8997e-01,  4.2899e-01,  5.9773e-01,  9.1921e-01, -3.2751e-01,
E             5.4761e-02, -2.1572e-01,  6.9859e-01, -1.2032e-01, -4.7004e-01,
E            -8.7508e-01,  4.4311e-01,  3.7231e-01, -3.5023e-01, -6.0343e-01,
E             8.6408e-01,  2.4935e-01,  5.3700e-01, -5.6037e-01,  6.3671e-01,
E             7.3983e-02,  6.3295e-02, -7.9083e-02,  9.5514e-01, -9.5917e-01,
E            -2.9918e-01, -1.8942e-01, -7.1698e-01,  2.9517e-01,  9.8631e-02,
E            -8.2077e-01, -3.4438e-01, -7.5790e-01, -8.2558e-01,  6.7707e-02,
E             8.3054e-01, -9.6255e-01,  6.1967e-01,  1.0009e-01,  8.6009e-01,
E             7.2793e-01, -8.1844e-01,  7.3018e-02, -6.2763e-01,  3.7049e-01,
E             4.4993e-02,  3.8278e-01,  6.0539e-01, -2.5086e-01, -5.0133e-01,
E             3.9679e-01,  6.2753e-01, -6.7159e-01,  8.5596e-01,  3.7968e-01,
E             3.5690e-01, -3.2632e-01,  9.4006e-01,  5.7438e-01,  9.8747e-01,
E             2.6345e-01, -5.8753e-02, -5.4942e-01, -3.9753e-01, -2.1871e-01,
E            -5.9910e-02, -5.1211e-02,  4.6760e-01,  9.6329e-01, -8.4115e-01,
E             5.3565e-01,  3.4501e-01,  6.0939e-01, -4.7656e-01, -1.5537e-02,
E             3.6900e-01, -4.0774e-01,  8.1117e-01, -7.3110e-01, -3.2589e-01,
E             1.4418e-01,  5.8366e-01, -9.8812e-01,  8.2357e-01,  3.5869e-01,
E            -5.1549e-01,  6.7996e-01,  1.3713e-01, -9.7582e-01, -9.6343e-01,
E             1.6429e-01, -8.6128e-01, -4.5343e-01,  6.1202e-01, -3.0569e-01,
E             4.4914e-01, -5.8242e-01,  6.2853e-01,  3.9552e-01, -1.5014e-01,
E            -1.1880e-01, -5.3052e-01,  4.0306e-01,  1.2805e-01,  7.8652e-01,
E             8.2906e-02,  5.4244e-01, -3.8228e-02,  6.2518e-01, -1.7493e-01,
E            -9.7813e-01, -6.6735e-01,  9.0238e-01, -6.1468e-01, -3.6974e-01,
E             1.4667e-02,  5.7102e-01, -7.5807e-01,  6.3419e-01, -9.7685e-01,
E             8.9375e-01,  2.4172e-01, -9.6412e-01,  1.6570e-01,  4.6971e-01,
E             3.5264e-01, -1.5569e-01, -5.4145e-01, -8.8127e-01,  3.1586e-01,
E             9.4386e-01,  6.7347e-02, -7.1609e-01, -9.4668e-01,  9.0186e-01,
E             4.2259e-01,  4.2084e-01,  8.7179e-01,  7.0026e-01,  6.1564e-01,
E             1.9118e-01,  4.6474e-01, -7.6388e-02,  9.5458e-01, -1.9265e-01,
E             3.8282e-01,  4.5510e-01, -2.3206e-01,  6.3546e-01,  7.4160e-01,
E            -7.1921e-01,  5.6519e-01, -5.7260e-02,  8.6385e-01,  1.2243e-01,
E            -6.0920e-01, -2.2670e-01,  9.5589e-01, -7.2838e-02,  5.7333e-01,
E             3.4173e-01, -7.9588e-01, -8.8605e-01,  7.7459e-01,  1.0744e-01,
E            -1.8792e-01,  5.3789e-01,  1.7173e-01, -1.7028e-01,  8.3695e-01,
E             7.3777e-01, -1.8925e-01, -7.1229e-02,  8.1723e-01, -3.1978e-01,
E             4.7232e-01, -6.6937e-01,  7.6420e-01,  3.4585e-01, -9.6004e-01,
E            -5.3746e-01, -4.3595e-01,  1.5798e-01,  2.0247e-01, -7.9799e-01,
E             6.8548e-01,  4.6979e-01,  4.1278e-01,  2.3188e-01,  9.5555e-02,
E            -3.4481e-01, -2.2044e-01, -8.0602e-01, -5.2220e-01,  6.7921e-01,
E             9.7214e-01,  3.8350e-01, -2.1395e-01, -9.6570e-01,  4.9946e-01,
E            -4.6964e-01,  7.0884e-01,  8.6112e-01,  5.6526e-01,  8.3303e-01,
E            -5.2144e-01, -6.4732e-01,  1.5131e-01,  2.8634e-02,  1.1630e-01,
E            -3.4036e-01,  7.1738e-01, -8.9091e-01, -7.4867e-01, -6.1260e-01,
E            -8.0743e-01, -7.5155e-01, -3.2050e-01,  9.6231e-01,  3.1317e-01,
E             2.3261e-02,  3.1359e-02,  2.2917e-01, -1.1640e-01, -7.4231e-01,
E            -1.1788e-01,  7.2930e-01,  8.3141e-01, -9.4860e-02, -4.8847e-02,
E            -4.1608e-01, -3.9738e-01, -6.9985e-01,  1.1108e-01, -4.0691e-01,
E            -5.7881e-01,  4.7404e-01, -5.2837e-01, -1.4908e-01,  3.2386e-01,
E             7.5085e-01,  7.8729e-01, -6.5190e-01, -2.7646e-01,  1.1335e-01,
E             2.2608e-01,  6.2448e-01,  4.9453e-01,  8.9299e-01, -8.4987e-01,
E            -8.7120e-01,  2.8050e-01, -4.3127e-01, -9.9652e-01,  2.2525e-01,
E            -9.5036e-02,  7.5636e-01, -6.3315e-01,  9.8753e-01,  7.4996e-01,
E             7.6138e-01, -2.0099e-01,  6.1584e-01, -2.9213e-02,  3.2748e-02,
E             4.4351e-01,  8.3093e-01, -4.0419e-02, -5.4715e-01,  2.3817e-01,
E            -9.3801e-02, -9.6917e-01,  2.9805e-01, -5.0244e-01,  1.9007e-01,
E             2.8976e-01,  3.8564e-01, -9.2136e-01, -7.0034e-01,  2.9591e-01,
E             2.5072e-01,  1.3745e-01, -3.4917e-01,  4.1223e-01,  9.7060e-01,
E            -2.8608e-01,  6.4731e-01,  7.5078e-01,  9.6740e-02,  4.3396e-01,
E            -4.6234e-01,  4.8007e-01, -2.9368e-01, -1.4090e-01,  3.4252e-01,
E            -5.8318e-01,  4.2371e-01,  1.7781e-01, -1.5182e-01,  6.5814e-01,
E             5.9413e-01, -3.9737e-01,  5.2004e-01,  3.2496e-01, -3.2157e-01,
E            -6.6377e-01, -1.0959e-01, -9.8959e-01, -1.6951e-01, -3.5988e-01,
E            -4.6889e-01, -1.4268e-01, -7.3810e-01,  3.7681e-01,  5.7632e-02,
E            -4.2861e-01, -7.1630e-02,  3.1696e-01,  9.0849e-01,  8.4130e-01,
E            -8.0841e-01, -5.2566e-01,  3.6085e-01, -8.6437e-01,  6.9087e-01,
E            -9.7492e-01, -3.6550e-01,  5.5146e-01, -9.2944e-01, -2.3353e-01,
E             7.7924e-01, -7.6794e-01, -4.4466e-01,  7.1251e-01,  9.3661e-01,
E             5.7886e-01,  7.2322e-01,  2.5406e-01,  5.9971e-02,  4.8793e-01,
E             4.9111e-01,  4.5847e-01,  3.8154e-01,  5.4414e-02, -2.7050e-01,
E            -5.9819e-01,  5.5177e-02, -3.0361e-01,  4.2459e-02, -2.4499e-01,
E             7.3498e-01, -4.8346e-01,  4.4317e-02, -9.8761e-01, -6.8864e-01,
E            -7.5422e-01, -8.4812e-01, -1.4405e-01,  4.9669e-01, -1.2339e-01,
E             1.1446e-02, -8.2942e-01,  1.1777e-01,  3.5602e-01, -1.7466e-01,
E             1.2484e-01, -5.3322e-01, -2.1117e-01,  7.3501e-01, -2.6631e-02,
E             7.7476e-01, -3.3133e-01, -4.5606e-01, -2.8491e-01,  4.8662e-01,
E            -4.3418e-01, -6.5372e-01, -6.3264e-02,  9.0170e-01, -4.6882e-01,
E             7.2065e-01,  4.2064e-02, -2.6482e-01,  7.0631e-01, -9.9258e-01,
E            -7.7194e-01, -2.2520e-01, -8.0708e-01,  7.6025e-01,  4.7059e-01,
E            -9.6077e-01,  5.4565e-01,  8.6940e-01,  8.3418e-01,  8.3579e-01,
E             4.4244e-01,  7.5272e-01, -9.2924e-01, -5.9223e-01,  1.2714e-01,
E             8.4887e-01,  3.7980e-01, -6.8686e-01, -1.9368e-01, -4.3699e-01,
E            -8.4539e-01,  7.6979e-01, -5.9986e-01,  6.3404e-01,  4.7470e-01,
E            -5.6178e-01, -7.3543e-01, -3.0752e-01, -9.3752e-01,  6.1027e-01,
E             5.9978e-01, -4.1022e-01, -5.9012e-01, -2.8131e-01, -7.4645e-02,
E            -5.6319e-01, -2.1747e-01, -7.5780e-01,  2.2811e-01,  1.8547e-01,
E             1.2589e-01,  9.8542e-03,  3.8604e-01,  2.0728e-02, -9.8155e-02,
E            -9.3302e-01, -8.4863e-01,  1.5951e-01, -8.7274e-01, -9.0069e-01,
E             1.2056e-01, -2.4024e-01, -1.5831e-01,  4.1426e-01,  2.9940e-01,
E            -6.7301e-02, -5.6859e-01, -7.3925e-01, -6.8260e-01,  5.5705e-01,
E            -2.6539e-01, -2.8877e-01,  3.8255e-01, -9.3713e-01, -4.6319e-01,
E             1.1764e-01, -7.8063e-01, -9.0780e-01,  9.8643e-01, -6.5672e-01,
E             1.3872e-01,  4.5050e-01,  6.1154e-04,  7.9723e-01,  6.4031e-01,
E             6.8553e-01,  6.1075e-01,  9.5183e-01, -4.5552e-01, -5.0344e-01,
E             6.5605e-01,  5.0076e-01,  5.4330e-01,  4.4784e-01, -7.3837e-01,
E             4.7720e-01, -9.7731e-02, -1.3806e-01,  8.0613e-01,  4.3632e-01,
E            -1.1122e-02,  2.0985e-01, -2.6269e-01,  5.9607e-01, -5.5075e-01,
E             7.9904e-01, -4.1020e-01,  1.4737e-01,  3.0587e-01, -7.1100e-01,
E             7.7553e-01,  9.3539e-01, -5.6896e-01, -6.6390e-01, -4.7627e-01,
E             8.7663e-01,  4.8418e-01, -3.9450e-01,  6.2072e-01,  3.2490e-01,
E            -1.7722e-01,  6.8600e-01, -2.9425e-01,  8.7419e-02, -3.1559e-01,
E             7.6070e-01, -4.0332e-01, -4.5514e-01,  6.0624e-01, -9.2878e-01,
E            -8.0297e-01, -1.3500e-01, -2.5823e-01,  9.9038e-01,  3.3444e-02,
E            -1.9443e-01, -9.8796e-02, -9.2319e-01,  8.6187e-01, -2.8403e-01,
E             4.5965e-01, -3.2602e-01,  3.7928e-01,  1.7344e-01,  8.3319e-01,
E             1.4002e-01,  7.6452e-01,  2.5793e-01,  6.8468e-01,  9.8268e-01,
E             2.9971e-01,  5.0696e-01, -2.6545e-01,  5.2675e-01,  2.6720e-02,
E            -2.0181e-01, -5.3517e-01, -1.5622e-01,  1.1683e-01, -5.2637e-01,
E            -2.7061e-01, -9.7208e-01, -8.6023e-01, -7.1901e-01, -9.7086e-01,
E             8.8700e-01, -5.8532e-01,  6.3899e-01,  7.8459e-01, -6.8067e-01,
E            -2.9463e-01, -4.3778e-01, -4.5542e-01, -7.7412e-01, -1.6540e-01,
E             5.0055e-01,  3.2986e-01,  1.3701e-01, -9.9040e-01, -6.1635e-02,
E            -7.0857e-01, -8.8068e-01,  1.6927e-01, -5.0906e-01,  9.9387e-01,
E             1.1963e-01,  9.1729e-01, -8.5839e-02,  5.5348e-01,  7.3756e-01,
E             5.7944e-02, -1.3658e-02, -6.9982e-01,  5.1937e-01,  8.1901e-01,
E             8.4470e-01,  6.2121e-01, -5.4302e-01,  5.3288e-03, -1.2349e-01,
E            -5.6393e-01, -5.2022e-01,  2.1489e-01,  7.3597e-01,  6.9117e-02,
E             1.7113e-01, -2.8572e-02, -2.6086e-01,  9.3297e-01, -8.5428e-01,
E            -7.0250e-01,  1.8482e-01, -3.9178e-01,  4.9665e-01, -5.7078e-02,
E            -1.1618e-01,  2.0857e-01, -9.0748e-01, -9.0908e-02,  1.8042e-01,
E             6.5082e-02, -3.3384e-01, -2.6331e-02, -5.8542e-01, -6.5457e-01,
E            -7.1901e-01, -1.5630e-01, -8.1655e-01, -7.5917e-01,  1.0532e-01,
E            -5.5937e-01,  4.5573e-01,  4.1027e-01,  5.9578e-01, -1.6912e-02,
E            -6.3978e-01, -2.9654e-01, -6.9593e-01, -6.1388e-01, -3.4200e-01,
E             2.6805e-01,  2.5977e-01,  2.4613e-01, -8.6833e-01, -7.7755e-01,
E            -1.0763e-01, -7.2574e-02,  7.4465e-03,  2.7835e-01, -6.4336e-01,
E            -7.1437e-01,  7.7385e-01]]), 'inputSpace.outputSpace.linear2.biasWeight': tensor([[0., 0., 0., 0., 0., 0., 0., 0., 0., 0., 0., 0., 0., 0., 0., 0., 0., 0., 0., 0., 0., 0., 0., 0.,
E            0., 0., 0., 0., 0., 0., 0., 0., 0., 0., 0., 0., 0., 0., 0., 0., 0., 0., 0., 0., 0., 0., 0., 0.,
E            0., 0., 0., 0., 0., 0., 0., 0., 0., 0., 0., 0., 0., 0., 0., 0., 0., 0., 0., 0., 0., 0., 0., 0.,
E            0., 0., 0., 0., 0., 0., 0., 0., 0., 0., 0., 0., 0., 0., 0., 0., 0., 0., 0., 0., 0., 0., 0., 0.,
E            0., 0., 0., 0., 0., 0., 0., 0., 0., 0., 0., 0., 0., 0., 0., 0., 0., 0., 0., 0., 0., 0., 0., 0.,
E            0., 0., 0., 0., 0., 0., 0., 0., 0., 0., 0., 0., 0., 0., 0., 0., 0., 0., 0., 0., 0., 0., 0., 0.,
E            0., 0., 0., 0., 0., 0., 0., 0., 0., 0., 0., 0., 0., 0., 0., 0., 0., 0., 0., 0., 0., 0., 0., 0.,
E            0., 0., 0., 0., 0., 0., 0., 0., 0., 0., 0., 0., 0., 0., 0., 0., 0., 0., 0., 0., 0., 0., 0., 0.,
E            0., 0., 0., 0., 0., 0., 0., 0., 0., 0., 0., 0., 0., 0., 0., 0., 0., 0., 0., 0., 0., 0., 0., 0.,
E            0., 0., 0., 0., 0., 0., 0., 0., 0., 0., 0., 0., 0., 0., 0., 0., 0., 0., 0., 0., 0., 0., 0., 0.,
E            0., 0., 0., 0., 0., 0., 0., 0., 0., 0., 0., 0., 0., 0., 0., 0., 0., 0., 0., 0., 0., 0., 0., 0.,
E            0., 0., 0., 0., 0., 0., 0., 0., 0., 0., 0., 0., 0., 0., 0., 0., 0., 0., 0., 0., 0., 0., 0., 0.,
E            0., 0., 0., 0., 0., 0., 0., 0., 0., 0., 0., 0., 0., 0., 0., 0., 0., 0., 0., 0., 0., 0., 0., 0.,
E            0., 0., 0., 0., 0., 0., 0., 0., 0., 0., 0., 0., 0., 0., 0., 0., 0., 0., 0., 0., 0., 0., 0., 0.,
E            0., 0., 0., 0., 0., 0., 0., 0., 0., 0., 0., 0., 0., 0., 0., 0., 0., 0., 0., 0., 0., 0., 0., 0.,
E            0., 0., 0., 0., 0., 0., 0., 0., 0., 0., 0., 0., 0., 0., 0., 0., 0., 0., 0., 0., 0., 0., 0., 0.,
E            0., 0., 0., 0., 0., 0., 0., 0., 0., 0., 0., 0., 0., 0., 0., 0., 0., 0., 0., 0., 0., 0., 0., 0.,
E            0., 0., 0., 0., 0., 0., 0., 0., 0., 0., 0., 0., 0., 0., 0., 0., 0., 0., 0., 0., 0., 0., 0., 0.,
E            0., 0., 0., 0., 0., 0., 0., 0., 0., 0., 0., 0., 0., 0., 0., 0., 0., 0., 0., 0., 0., 0., 0., 0.,
E            0., 0., 0., 0., 0., 0., 0., 0., 0., 0., 0., 0., 0., 0., 0., 0., 0., 0., 0., 0., 0., 0., 0., 0.,
E            0., 0., 0., 0., 0., 0., 0., 0., 0., 0., 0., 0., 0., 0., 0., 0., 0., 0., 0., 0., 0., 0., 0., 0.,
E            0., 0., 0., 0., 0., 0., 0., 0., 0., 0., 0., 0., 0., 0., 0., 0., 0., 0., 0., 0., 0., 0., 0., 0.,
E            0., 0., 0., 0., 0., 0., 0., 0., 0., 0., 0., 0., 0., 0., 0., 0., 0., 0., 0., 0., 0., 0., 0., 0.,
E            0., 0., 0., 0., 0., 0., 0., 0., 0., 0., 0., 0., 0., 0., 0., 0., 0., 0., 0., 0., 0., 0., 0., 0.,
E            0., 0., 0., 0., 0., 0., 0., 0., 0., 0., 0., 0., 0., 0., 0., 0., 0., 0., 0., 0., 0., 0., 0., 0.,
E            0., 0., 0., 0., 0., 0., 0., 0., 0., 0., 0., 0., 0., 0., 0., 0., 0., 0., 0., 0., 0., 0., 0., 0.,
E            0., 0., 0., 0., 0., 0., 0., 0., 0., 0., 0., 0., 0., 0., 0., 0., 0., 0., 0., 0., 0., 0., 0., 0.,
E            0., 0., 0., 0., 0., 0., 0., 0., 0., 0., 0., 0., 0., 0., 0., 0., 0., 0., 0., 0., 0., 0., 0., 0.,
E            0., 0., 0., 0., 0., 0., 0., 0., 0., 0., 0., 0., 0., 0., 0., 0., 0., 0., 0., 0., 0., 0., 0., 0.,
E            0., 0., 0., 0., 0., 0., 0., 0., 0., 0., 0., 0., 0., 0., 0., 0., 0., 0., 0., 0., 0., 0., 0., 0.,
E            0., 0., 0., 0., 0., 0., 0., 0., 0., 0., 0., 0., 0., 0., 0., 0., 0., 0., 0., 0., 0., 0., 0., 0.,
E            0., 0., 0., 0., 0., 0., 0., 0., 0., 0., 0., 0., 0., 0., 0., 0., 0., 0., 0., 0., 0., 0., 0., 0.,
E            0., 0., 0., 0., 0., 0., 0., 0., 0., 0., 0., 0., 0., 0., 0., 0., 0., 0., 0., 0., 0., 0., 0., 0.,
E            0., 0., 0., 0., 0., 0., 0., 0., 0., 0., 0., 0., 0., 0., 0., 0., 0., 0., 0., 0., 0., 0., 0., 0.,
E            0., 0., 0., 0., 0., 0., 0., 0., 0., 0., 0., 0., 0., 0., 0., 0.]]), 'inputSpace.outputSpace.linear2.bias': tensor([1.]), 'inputSpace.outputSpace.linear2.var': tensor([0.]), 'inputSpace.outputSpace.linear2.sigma': tensor([0.]), 'inputSpace.outputSpace.linear2.sigma_mean': tensor([0.]), 'inputSpace.outputSpace.linear2.sigma_step': tensor(0), 'perceptualSpace._owned_bases.what.W': tensor([[-0.3307, -1.0000, -1.0000,  ..., -0.6315,  0.9931, -1.0000],
E           [-1.0000,  0.4202,  0.1007,  ..., -0.0341,  0.0658, -1.0000],
E           [-1.0000, -0.3456, -1.0000,  ...,  0.5940, -0.8954,  0.2480],
E           ...,
E           [ 0.4407, -1.0000, -1.0000,  ..., -0.0197, -0.3466,  0.7154],
E           [-0.7523, -1.0000, -1.0000,  ...,  0.6518, -0.2996, -1.0000],
E           [-0.4021, -0.5625, -1.0000,  ..., -1.0000,  0.1118, -1.0000]]), 'perceptualSpace._owned_bases.what.fixed_row_mask': tensor([False, False, False, False, False, False, False, False, False, False,
E           False, False, False, False, False, False, False, False, False, False,
E           False, False, False, False, False, False, False, False, False, False,
E           False, False, False, False, False, False, False, False, False, False,
E           False, False, False, False, False, False, False, False, False, False,
E           False, False, False, False, False, False, False, False, False, False,
E           False, False, False, False, False, False, False, False, False, False,
E           False, False, False, False, False, False, False, False, False, False,
E           False, False, False, False, False, False, False, False, False, False,
E           False, False, False, False, False, False, False, False, False, False,
E           False, False, False, False, False, False, False, False, False, False,
E           False, False, False, False, False, False, False, False, False, False,
E           False, False, False, False, False, False, False, False, False, False,
E           False, False, False, False, False, False, False, False, False, False,
E           False, False, False, False, False, False, False, False, False, False,
E           False, False, False, False, False, False, False, False, False, False,
E           False, False, False, False, False, False, False, False, False, False,
E           False, False, False, False, False, False, False, False, False, False,
E           False, False, False, False, False, False, False, False, False, False,
E           False, False, False, False, False, False, False, False, False, False,
E           False, False, False, False, False, False, False, False, False, False,
E           False, False, False, False, False, False, False, False, False, False,
E           False, False, False, False, False, False, False, False, False, False,
E           False, False, False, False, False, False, False, False, False, False,
E           False, False, False, False, False, False, False, False, False, False,
E           False, False, False, False, False, False]), 'perceptualSpace._owned_bases.what.fixed_row_codes': tensor([[0., 0., 0.,  ..., 0., 0., 0.],
E           [0., 0., 0.,  ..., 0., 0., 0.],
E           [0., 0., 0.,  ..., 0., 0., 0.],
E           ...,
E           [0., 0., 0.,  ..., 0., 0., 0.],
E           [0., 0., 0.,  ..., 0., 0., 0.],
E           [0., 0., 0.,  ..., 0., 0., 0.]]), 'perceptualSpace._percept_store.byte_fallback.byte_codebook': tensor([[0.0870, 0.0000, 0.0062,  ..., 0.0000, 0.0000, 0.0000],
E           [0.2660, 0.0000, 0.0000,  ..., 0.0466, 0.6410, 0.6249],
E           [0.5525, 0.0000, 0.0000,  ..., 0.0000, 0.3908, 0.0000],
E           ...,
E           [0.0000, 0.4817, 0.0000,  ..., 0.1280, 0.0000, 0.0000],
E           [0.1305, 0.4956, 0.0000,  ..., 0.0614, 0.3212, 0.0000],
E           [0.0000, 0.3418, 0.0000,  ..., 0.0000, 0.0000, 0.6461]]), 'perceptualSpace._percept_store.identity.projection': tensor([[ 0.2344, -0.1412,  0.0539,  ..., -0.0496,  0.0216,  0.0480],
E           [-0.0818,  0.0413, -0.0530,  ...,  0.0892, -0.0192,  0.0347],
E           [ 0.3283, -0.0025,  0.0840,  ...,  0.0275,  0.0331, -0.1677],
E           ...,
E           [ 0.2318, -0.1110, -0.2119,  ...,  0.2211, -0.0195,  0.0847],
E           [ 0.1999,  0.1715, -0.0869,  ...,  0.0355, -0.2120, -0.0580],
E           [ 0.0207,  0.0982, -0.1877,  ...,  0.0953, -0.0068, -0.0073]]), 'perceptualSpace._percept_store.identity._extra_state': {'atoms': {}, 'bits': {}, 'words': {}, 'word_rows': {}, 'mints': [], 'revision': 0}, 'conceptualSpaces.0.layers.0.pi.layer.raw_L': tensor([[0., 0., 0.,  ..., 0., 0., 0.],
E           [0., 0., 0.,  ..., 0., 0., 0.],
E           [0., 0., 0.,  ..., 0., 0., 0.],
E           ...,
E           [0., 0., 0.,  ..., 0., 0., 0.],
E           [0., 0., 0.,  ..., 0., 0., 0.],
E           [0., 0., 0.,  ..., 0., 0., 0.]]), 'conceptualSpaces.0.layers.0.pi.layer.d': tensor([1., 1., 1., 1., 1., 1., 1., 1., 1., 1., 1., 1., 1., 1., 1., 1., 1., 1.,
E           1., 1., 1., 1., 1., 1., 1., 1., 1., 1., 1., 1., 1., 1., 1., 1., 1., 1.,
E           1., 1., 1., 1., 1., 1., 1., 1., 1., 1., 1., 1., 1., 1., 1., 1., 1., 1.,
E           1., 1., 1., 1., 1., 1., 1., 1., 1., 1., 1., 1., 1., 1., 1., 1., 1., 1.,
E           1., 1., 1., 1., 1., 1., 1., 1., 1., 1., 1., 1., 1., 1., 1., 1., 1., 1.,
E           1., 1., 1., 1., 1., 1., 1., 1., 1., 1., 1., 1., 1., 1.]), 'conceptualSpaces.0.layers.0.pi.layer.raw_U': tensor([[0., 0., 0.,  ..., 0., 0., 0.],
E           [0., 0., 0.,  ..., 0., 0., 0.],
E           [0., 0., 0.,  ..., 0., 0., 0.],
E           ...,
E           [0., 0., 0.,  ..., 0., 0., 0.],
E           [0., 0., 0.,  ..., 0., 0., 0.],
E           [0., 0., 0.,  ..., 0., 0., 0.]]), 'conceptualSpaces.0.layers.0.pi.layer.biasWeight': tensor([[0., 0., 0., 0., 0., 0., 0., 0., 0., 0., 0., 0., 0., 0., 0., 0., 0., 0., 0., 0., 0., 0., 0., 0.,
E            0., 0., 0., 0., 0., 0., 0., 0., 0., 0., 0., 0., 0., 0., 0., 0., 0., 0., 0., 0., 0., 0., 0., 0.,
E            0., 0., 0., 0., 0., 0., 0., 0., 0., 0., 0., 0., 0., 0., 0., 0., 0., 0., 0., 0., 0., 0., 0., 0.,
E            0., 0., 0., 0., 0., 0., 0., 0., 0., 0., 0., 0., 0., 0., 0., 0., 0., 0., 0., 0., 0., 0., 0., 0.,
E            0., 0., 0., 0., 0., 0., 0., 0.]]), 'conceptualSpaces.0.layers.0.pi.layer.bias': tensor([1.]), 'conceptualSpaces.0.layers.0.pi.layer.var': tensor([0.]), 'conceptualSpaces.0.layers.0.pi.layer.sigma': tensor([0.]), 'conceptualSpaces.0.layers.0.pi.layer.sigma_mean': tensor([0.]), 'conceptualSpaces.0.layers.0.pi.layer.sigma_step': tensor(0), 'conceptualSpaces.0.layers.0.sigma.layer.raw_L': tensor([[0., 0., 0.,  ..., 0., 0., 0.],
E           [0., 0., 0.,  ..., 0., 0., 0.],
E           [0., 0., 0.,  ..., 0., 0., 0.],
E           ...,
E           [0., 0., 0.,  ..., 0., 0., 0.],
E           [0., 0., 0.,  ..., 0., 0., 0.],
E           [0., 0., 0.,  ..., 0., 0., 0.]]), 'conceptualSpaces.0.layers.0.sigma.layer.d': tensor([1., 1., 1., 1., 1., 1., 1., 1., 1., 1., 1., 1., 1., 1., 1., 1., 1., 1.,
E           1., 1., 1., 1., 1., 1., 1., 1., 1., 1., 1., 1., 1., 1., 1., 1., 1., 1.,
E           1., 1., 1., 1., 1., 1., 1., 1., 1., 1., 1., 1., 1., 1., 1., 1., 1., 1.,
E           1., 1., 1., 1., 1., 1., 1., 1., 1., 1., 1., 1., 1., 1., 1., 1., 1., 1.,
E           1., 1., 1., 1., 1., 1., 1., 1., 1., 1., 1., 1., 1., 1., 1., 1., 1., 1.,
E           1., 1., 1., 1., 1., 1., 1., 1., 1., 1., 1., 1., 1., 1.]), 'conceptualSpaces.0.layers.0.sigma.layer.raw_U': tensor([[0., 0., 0.,  ..., 0., 0., 0.],
E           [0., 0., 0.,  ..., 0., 0., 0.],
E           [0., 0., 0.,  ..., 0., 0., 0.],
E           ...,
E           [0., 0., 0.,  ..., 0., 0., 0.],
E           [0., 0., 0.,  ..., 0., 0., 0.],
E           [0., 0., 0.,  ..., 0., 0., 0.]]), 'conceptualSpaces.0.layers.0.sigma.layer.biasWeight': tensor([[0., 0., 0., 0., 0., 0., 0., 0., 0., 0., 0., 0., 0., 0., 0., 0., 0., 0., 0., 0., 0., 0., 0., 0.,
E            0., 0., 0., 0., 0., 0., 0., 0., 0., 0., 0., 0., 0., 0., 0., 0., 0., 0., 0., 0., 0., 0., 0., 0.,
E            0., 0., 0., 0., 0., 0., 0., 0., 0., 0., 0., 0., 0., 0., 0., 0., 0., 0., 0., 0., 0., 0., 0., 0.,
E            0., 0., 0., 0., 0., 0., 0., 0., 0., 0., 0., 0., 0., 0., 0., 0., 0., 0., 0., 0., 0., 0., 0., 0.,
E            0., 0., 0., 0., 0., 0., 0., 0.]]), 'conceptualSpaces.0.layers.0.sigma.layer.bias': tensor([1.]), 'conceptualSpaces.0.layers.0.sigma.layer.var': tensor([0.]), 'conceptualSpaces.0.layers.0.sigma.layer.sigma': tensor([0.]), 'conceptualSpaces.0.layers.0.sigma.layer.sigma_mean': tensor([0.]), 'conceptualSpaces.0.layers.0.sigma.layer.sigma_step': tensor(0), 'conceptualSpaces.0.layers.0.layers.0.layer.raw_L': tensor([[0., 0., 0.,  ..., 0., 0., 0.],
E           [0., 0., 0.,  ..., 0., 0., 0.],
E           [0., 0., 0.,  ..., 0., 0., 0.],
E           ...,
E           [0., 0., 0.,  ..., 0., 0., 0.],
E           [0., 0., 0.,  ..., 0., 0., 0.],
E           [0., 0., 0.,  ..., 0., 0., 0.]]), 'conceptualSpaces.0.layers.0.layers.0.layer.d': tensor([1., 1., 1., 1., 1., 1., 1., 1., 1., 1., 1., 1., 1., 1., 1., 1., 1., 1.,
E           1., 1., 1., 1., 1., 1., 1., 1., 1., 1., 1., 1., 1., 1., 1., 1., 1., 1.,
E           1., 1., 1., 1., 1., 1., 1., 1., 1., 1., 1., 1., 1., 1., 1., 1., 1., 1.,
E           1., 1., 1., 1., 1., 1., 1., 1., 1., 1., 1., 1., 1., 1., 1., 1., 1., 1.,
E           1., 1., 1., 1., 1., 1., 1., 1., 1., 1., 1., 1., 1., 1., 1., 1., 1., 1.,
E           1., 1., 1., 1., 1., 1., 1., 1., 1., 1., 1., 1., 1., 1.]), 'conceptualSpaces.0.layers.0.layers.0.layer.raw_U': tensor([[0., 0., 0.,  ..., 0., 0., 0.],
E           [0., 0., 0.,  ..., 0., 0., 0.],
E           [0., 0., 0.,  ..., 0., 0., 0.],
E           ...,
E           [0., 0., 0.,  ..., 0., 0., 0.],
E           [0., 0., 0.,  ..., 0., 0., 0.],
E           [0., 0., 0.,  ..., 0., 0., 0.]]), 'conceptualSpaces.0.layers.0.layers.0.layer.biasWeight': tensor([[0., 0., 0., 0., 0., 0., 0., 0., 0., 0., 0., 0., 0., 0., 0., 0., 0., 0., 0., 0., 0., 0., 0., 0.,
E            0., 0., 0., 0., 0., 0., 0., 0., 0., 0., 0., 0., 0., 0., 0., 0., 0., 0., 0., 0., 0., 0., 0., 0.,
E            0., 0., 0., 0., 0., 0., 0., 0., 0., 0., 0., 0., 0., 0., 0., 0., 0., 0., 0., 0., 0., 0., 0., 0.,
E            0., 0., 0., 0., 0., 0., 0., 0., 0., 0., 0., 0., 0., 0., 0., 0., 0., 0., 0., 0., 0., 0., 0., 0.,
E            0., 0., 0., 0., 0., 0., 0., 0.]]), 'conceptualSpaces.0.layers.0.layers.0.layer.bias': tensor([1.]), 'conceptualSpaces.0.layers.0.layers.0.layer.var': tensor([0.]), 'conceptualSpaces.0.layers.0.layers.0.layer.sigma': tensor([0.]), 'conceptualSpaces.0.layers.0.layers.0.layer.sigma_mean': tensor([0.]), 'conceptualSpaces.0.layers.0.layers.0.layer.sigma_step': tensor(0), 'conceptualSpaces.0.layers.0.layers.1.layer.raw_L': tensor([[0., 0., 0.,  ..., 0., 0., 0.],
E           [0., 0., 0.,  ..., 0., 0., 0.],
E           [0., 0., 0.,  ..., 0., 0., 0.],
E           ...,
E           [0., 0., 0.,  ..., 0., 0., 0.],
E           [0., 0., 0.,  ..., 0., 0., 0.],
E           [0., 0., 0.,  ..., 0., 0., 0.]]), 'conceptualSpaces.0.layers.0.layers.1.layer.d': tensor([1., 1., 1., 1., 1., 1., 1., 1., 1., 1., 1., 1., 1., 1., 1., 1., 1., 1.,
E           1., 1., 1., 1., 1., 1., 1., 1., 1., 1., 1., 1., 1., 1., 1., 1., 1., 1.,
E           1., 1., 1., 1., 1., 1., 1., 1., 1., 1., 1., 1., 1., 1., 1., 1., 1., 1.,
E           1., 1., 1., 1., 1., 1., 1., 1., 1., 1., 1., 1., 1., 1., 1., 1., 1., 1.,
E           1., 1., 1., 1., 1., 1., 1., 1., 1., 1., 1., 1., 1., 1., 1., 1., 1., 1.,
E           1., 1., 1., 1., 1., 1., 1., 1., 1., 1., 1., 1., 1., 1.]), 'conceptualSpaces.0.layers.0.layers.1.layer.raw_U': tensor([[0., 0., 0.,  ..., 0., 0., 0.],
E           [0., 0., 0.,  ..., 0., 0., 0.],
E           [0., 0., 0.,  ..., 0., 0., 0.],
E           ...,
E           [0., 0., 0.,  ..., 0., 0., 0.],
E           [0., 0., 0.,  ..., 0., 0., 0.],
E           [0., 0., 0.,  ..., 0., 0., 0.]]), 'conceptualSpaces.0.layers.0.layers.1.layer.biasWeight': tensor([[0., 0., 0., 0., 0., 0., 0., 0., 0., 0., 0., 0., 0., 0., 0., 0., 0., 0., 0., 0., 0., 0., 0., 0.,
E            0., 0., 0., 0., 0., 0., 0., 0., 0., 0., 0., 0., 0., 0., 0., 0., 0., 0., 0., 0., 0., 0., 0., 0.,
E            0., 0., 0., 0., 0., 0., 0., 0., 0., 0., 0., 0., 0., 0., 0., 0., 0., 0., 0., 0., 0., 0., 0., 0.,
E            0., 0., 0., 0., 0., 0., 0., 0., 0., 0., 0., 0., 0., 0., 0., 0., 0., 0., 0., 0., 0., 0., 0., 0.,
E            0., 0., 0., 0., 0., 0., 0., 0.]]), 'conceptualSpaces.0.layers.0.layers.1.layer.bias': tensor([1.]), 'conceptualSpaces.0.layers.0.layers.1.layer.var': tensor([0.]), 'conceptualSpaces.0.layers.0.layers.1.layer.sigma': tensor([0.]), 'conceptualSpaces.0.layers.0.layers.1.layer.sigma_mean': tensor([0.]), 'conceptualSpaces.0.layers.0.layers.1.layer.sigma_step': tensor(0), 'conceptualSpaces.0.layers.0.routing_proj.weight': tensor([[-5.1793e-02, -5.3294e-02, -2.2790e-01, -1.4498e-01, -1.7576e-01,
E             9.8983e-02,  5.1128e-02,  3.3477e-01],
E           [-6.5505e-02,  1.8456e-01,  8.9569e-02,  2.1246e-01, -2.4125e-01,
E             9.1258e-02, -1.1790e-01,  3.8775e-02],
E           [ 2.9316e-01,  6.4109e-02,  3.2225e-01, -1.3310e-01, -8.4360e-02,
E            -1.0821e-01,  1.8281e-01, -2.3124e-01],
E           [-1.8353e-01,  2.9688e-02, -4.4405e-02, -7.8844e-02, -3.5165e-01,
E            -1.6255e-01,  3.2017e-01, -2.4962e-01],
E           [-3.1845e-01, -1.4835e-01,  2.5405e-02, -1.7587e-01, -1.3333e-01,
E            -2.8359e-01, -4.7284e-02, -3.0748e-01],
E           [ 1.9617e-01,  2.3918e-01,  2.3262e-02,  6.8340e-02, -1.7317e-01,
E            -1.6555e-01,  2.9249e-01, -6.7517e-03],
E           [ 7.7061e-02,  3.4160e-01,  1.6926e-01,  1.7499e-01,  2.0209e-01,
E            -8.5247e-02, -2.9012e-02,  1.4370e-02],
E           [ 2.4607e-01,  1.6110e-01, -2.1401e-01, -3.4323e-01,  2.3867e-01,
E             1.1291e-01,  2.4295e-01,  2.9102e-01],
E           [ 1.6041e-01,  1.5879e-03,  2.2143e-01, -2.4968e-01,  1.9523e-01,
E             1.0041e-01,  1.7645e-01, -1.5567e-02],
E           [-4.6539e-02,  3.3699e-02,  2.4478e-01,  2.0841e-01, -2.6394e-01,
E            -2.9531e-01,  2.9890e-01, -3.3433e-02],
E           [ 3.0834e-01,  1.1918e-02,  2.6901e-01, -2.2583e-01,  2.4723e-01,
E             3.1523e-01,  2.7581e-01,  3.2217e-01],
E           [-1.1374e-01, -2.5343e-01,  1.5945e-01,  3.4946e-01,  3.0312e-01,
E            -3.3295e-01, -3.0091e-01, -2.0260e-01],
E           [ 2.0970e-02,  3.8518e-02, -2.1335e-01,  1.6701e-01,  3.4497e-01,
E             2.9564e-01, -2.9254e-01,  8.2194e-02],
E           [ 2.2151e-01, -2.3853e-01,  2.5800e-01,  1.5651e-01, -1.4588e-01,
E             3.1770e-01,  2.1935e-01, -1.0099e-01],
E           [ 2.0920e-01,  5.5764e-02,  1.6124e-01, -1.6294e-01, -1.0195e-01,
E             1.4195e-01, -1.0225e-01,  2.4459e-01],
E           [-3.0157e-01, -4.6138e-02, -1.7324e-01,  5.2454e-02,  3.3566e-01,
E            -1.8224e-02,  3.4667e-01,  3.0020e-01],
E           [-5.2601e-02,  2.7424e-01, -3.2570e-01,  2.8043e-01, -3.0120e-01,
E            -7.2114e-02, -3.2751e-01,  1.4378e-01],
E           [-2.2851e-01,  2.2059e-01, -1.9491e-02,  1.4395e-01, -1.6307e-01,
E             2.2823e-02,  3.2312e-01, -1.1803e-01],
E           [ 7.6597e-02, -1.8023e-01, -3.2001e-01, -8.3351e-02,  1.9635e-01,
E             3.4871e-01,  2.7022e-01, -1.5504e-01],
E           [-1.0807e-01,  2.2106e-01, -2.4836e-02, -2.1782e-01, -5.4968e-02,
E             1.0469e-01, -7.5433e-02, -1.6514e-01],
E           [-2.0400e-01,  1.4814e-01,  2.4747e-01, -1.1680e-01, -3.2637e-01,
E            -3.4880e-01,  4.1501e-02, -1.4232e-01],
E           [-1.9629e-01,  7.3934e-02,  3.5200e-01, -1.7705e-01,  1.5457e-01,
E             4.6049e-02,  2.0728e-01,  2.8530e-01],
E           [ 2.2948e-01,  3.4969e-01, -2.7525e-01,  9.9843e-02,  1.3459e-01,
E             2.3070e-01, -3.2540e-01,  3.0000e-01],
E           [ 3.4674e-01, -2.1963e-01, -2.8318e-01,  3.0388e-01, -3.4997e-01,
E            -3.4553e-01,  1.5105e-02, -1.7662e-01],
E           [-3.0255e-01, -2.3139e-01, -1.4062e-01,  3.3913e-01, -2.6754e-01,
E             1.8071e-01,  2.7171e-01, -3.9471e-03],
E           [-9.1370e-02,  9.7582e-02, -1.4595e-01,  1.0958e-01, -1.9804e-01,
E             8.8720e-02,  2.6122e-01, -1.1830e-01],
E           [-3.2198e-01, -2.3018e-01,  1.4491e-01,  2.8488e-01,  2.1672e-01,
E            -1.4972e-01,  1.4557e-01, -3.7270e-02],
E           [-3.4860e-01,  2.7448e-02,  2.8365e-01, -7.7090e-03,  2.8890e-01,
E            -1.4780e-01,  8.9706e-03,  3.1769e-01],
E           [-3.1626e-01, -2.3240e-04, -9.5041e-02, -1.3302e-01, -6.3178e-02,
E            -1.4295e-02, -3.1176e-01,  2.0165e-01],
E           [-1.8637e-01, -1.9503e-01, -3.3281e-02, -2.6257e-01, -1.0106e-01,
E             1.6558e-01, -1.8579e-01, -6.2594e-02],
E           [-3.0583e-02,  1.2296e-02, -2.3561e-01, -2.2709e-01, -2.5232e-01,
E             3.4320e-01,  3.4877e-01, -2.0362e-01],
E           [-1.9932e-01,  1.3382e-01, -1.0934e-01,  2.0480e-01, -3.2179e-01,
E             2.1958e-01, -3.3836e-01, -2.3610e-01],
E           [-2.5261e-01,  3.6212e-02, -2.0771e-01, -3.2536e-01,  1.8033e-02,
E            -2.4278e-01,  2.9361e-01, -1.3551e-01],
E           [-3.1230e-01,  1.5171e-02,  9.6128e-02, -2.8311e-01,  3.0780e-01,
E             1.7261e-01,  2.0233e-01, -2.1654e-01],
E           [ 9.1419e-02, -3.4895e-01,  3.1139e-01,  2.5327e-02, -2.9735e-01,
E            -3.4370e-01, -2.2159e-01,  2.7090e-01],
E           [ 2.8316e-01, -1.7569e-01, -3.3378e-02, -3.2574e-01,  2.8960e-01,
E             3.9764e-02,  1.8033e-01, -2.8405e-02],
E           [ 2.1428e-01,  4.4968e-02,  3.5069e-01, -4.6605e-02,  7.9929e-02,
E             2.3591e-01,  3.8816e-02,  2.7829e-01],
E           [-8.5491e-02,  1.1255e-01, -3.3491e-01,  3.3792e-01,  1.4055e-01,
E            -1.6810e-01,  2.5997e-01, -2.4157e-01],
E           [ 1.9820e-01,  9.9171e-02, -2.6454e-02,  2.7969e-01, -2.2572e-01,
E            -9.2767e-02,  6.5295e-02, -2.5166e-01],
E           [ 2.9550e-01, -2.9197e-01, -2.9639e-01, -2.6310e-01, -1.4768e-01,
E             2.4556e-02,  2.9821e-01,  8.8673e-04],
E           [ 9.3447e-02,  1.5754e-01,  1.1995e-01,  1.8797e-01, -3.5161e-01,
E             2.9575e-01,  1.0079e-01, -3.0276e-01],
E           [ 1.6191e-02,  2.5350e-01,  9.8861e-02, -2.0412e-01,  9.4884e-02,
E             1.7518e-01,  1.7653e-01,  1.0030e-01],
E           [-1.2756e-01,  1.7957e-01,  2.9907e-01, -3.3797e-01, -1.5092e-01,
E            -2.9621e-01,  1.1050e-01, -2.7786e-01],
E           [-2.9082e-01, -2.7210e-01,  1.5841e-01, -2.7422e-01, -2.2676e-01,
E            -2.8407e-01, -2.1321e-01,  1.9587e-01],
E           [ 2.7600e-01,  2.6100e-01,  2.0114e-02,  3.4530e-01,  2.1657e-01,
E            -4.9412e-02, -4.1718e-02, -3.2892e-01],
E           [ 2.2713e-01,  1.7589e-01, -1.5108e-01, -2.5148e-01, -1.6994e-01,
E            -1.0996e-01, -5.7770e-02,  1.4597e-01],
E           [-2.1173e-01, -1.6236e-01, -2.5559e-01, -2.6109e-03, -1.0005e-02,
E             2.4604e-01, -3.2575e-01, -2.1648e-01],
E           [ 1.4357e-01,  3.5171e-01,  1.3967e-01,  2.4440e-01,  2.7871e-01,
E             1.8642e-01, -2.1865e-01, -1.7242e-01],
E           [ 2.3820e-01, -1.6742e-01, -1.6201e-01, -1.8045e-01,  1.4300e-01,
E             2.6909e-01, -3.4900e-01,  3.0242e-03],
E           [ 3.0410e-01, -2.7067e-04,  1.9417e-01,  3.3065e-02, -2.9802e-02,
E            -5.6922e-02, -1.1055e-01, -2.2104e-01],
E           [ 2.9505e-01,  1.6675e-01, -2.1802e-01,  8.2482e-02, -2.3591e-01,
E            -1.8807e-01,  1.1723e-01,  2.3920e-01],
E           [ 1.2808e-01, -2.4396e-01, -1.4743e-01,  6.7633e-02,  1.1079e-01,
E            -1.7290e-01,  1.3488e-01, -6.7917e-02],
E           [ 1.5744e-01,  3.9044e-02,  4.1525e-02,  8.2566e-02,  5.4982e-02,
E            -1.5423e-01, -2.2957e-02, -1.3376e-01],
E           [ 3.4726e-01, -6.5649e-02, -1.7575e-02,  3.1312e-01,  1.5710e-01,
E            -2.8985e-01,  6.6890e-03, -2.3514e-01],
E           [ 1.9162e-01, -2.4555e-01, -4.5778e-02, -3.3529e-01, -1.7824e-01,
E             3.3543e-02,  2.8374e-01, -1.2655e-01],
E           [-2.2527e-02,  2.2969e-01,  2.0916e-01, -1.2118e-02,  1.5892e-01,
E            -2.9571e-01,  9.8447e-02, -2.1948e-01],
E           [-2.0559e-03, -1.5927e-01,  3.3505e-01,  2.6896e-01, -1.4952e-01,
E            -8.4045e-02, -2.1246e-01, -1.3458e-01],
E           [-2.7068e-01,  3.0548e-01,  3.4432e-01,  2.6054e-01,  1.5503e-01,
E            -9.3148e-02,  1.4353e-01,  2.3005e-01],
E           [-1.7600e-01,  1.3980e-01,  1.9357e-01,  1.7868e-01,  2.8118e-02,
E            -2.4715e-01,  1.8445e-01, -1.9838e-01],
E           [-3.4258e-01,  1.4853e-02,  2.2657e-01,  3.5094e-01,  1.3141e-01,
E             1.4411e-02, -9.2072e-02, -8.0899e-02],
E           [-1.9605e-01, -2.3785e-01, -2.2145e-01, -2.4609e-01, -2.3703e-01,
E            -1.1777e-01,  1.8934e-01, -3.3651e-01],
E           [-1.6104e-01, -8.7899e-02, -2.5013e-01, -2.7711e-01, -2.4181e-01,
E            -2.6160e-01, -2.8443e-01, -4.3870e-02],
E           [ 2.5331e-01,  3.3496e-01, -5.3455e-02, -6.6852e-02,  6.6646e-02,
E            -2.6965e-01,  3.3097e-01,  2.7187e-01],
E           [ 1.1472e-01,  6.5523e-02,  3.3537e-01, -2.6928e-01, -1.2311e-01,
E             5.1936e-02,  1.9452e-02, -3.0509e-01],
E           [-2.2504e-01,  3.0311e-02,  3.0257e-01,  8.7744e-02, -1.2412e-01,
E             1.8707e-01,  1.6425e-01,  7.9120e-02],
E           [-3.5014e-01,  1.1937e-01, -1.8808e-01,  1.4102e-01,  1.5102e-01,
E            -1.0593e-03,  2.7276e-01, -1.8823e-01],
E           [-2.9189e-01,  1.9470e-01,  7.8066e-02, -1.8731e-01, -1.9557e-01,
E            -3.5332e-01, -4.4840e-02, -3.1467e-01],
E           [ 1.5674e-01,  1.7132e-01, -1.3315e-01,  2.9638e-02,  2.6035e-01,
E             2.8914e-01,  3.0503e-01, -2.5948e-01],
E           [ 2.6185e-01, -1.4090e-01, -3.3334e-02,  2.2882e-01,  2.5138e-01,
E             1.9763e-01, -8.0703e-02, -2.5569e-01],
E           [ 4.0357e-03,  3.7626e-02, -1.0463e-01, -2.5241e-01,  1.3324e-01,
E            -3.3332e-01, -2.6778e-01,  1.6348e-01],
E           [-1.7622e-01,  9.3997e-02,  1.4882e-01,  2.1348e-01, -5.7034e-02,
E            -2.5830e-01,  2.4650e-01,  8.7826e-02],
E           [ 9.4974e-02, -2.1822e-01,  3.2699e-01,  1.6129e-01, -1.1816e-01,
E             1.0967e-01, -3.1046e-01, -1.6509e-01],
E           [ 1.9123e-01,  4.8238e-02, -1.5313e-01, -2.7991e-01,  1.9719e-01,
E            -2.5374e-01, -2.9032e-01, -4.4292e-02],
E           [ 1.9847e-01, -2.4029e-02, -2.1455e-01, -1.9173e-01, -1.6037e-01,
E            -3.0354e-01, -2.8438e-01,  1.5556e-01],
E           [ 1.4237e-01,  3.1685e-01, -2.9061e-01,  2.7700e-01,  1.3027e-01,
E             3.2783e-02, -1.9575e-01,  3.4462e-01],
E           [-2.5161e-01, -7.4581e-02, -3.0001e-01,  6.0265e-02,  3.4194e-01,
E             2.2395e-01,  3.5165e-01,  4.9259e-02],
E           [-1.6070e-01, -2.9762e-01,  2.3013e-01, -8.8038e-03,  1.9051e-01,
E            -1.0260e-01, -3.8039e-02,  2.5872e-02],
E           [-1.4847e-01, -2.2821e-01, -2.3644e-01,  1.4799e-01,  1.9021e-01,
E            -2.4483e-01, -1.9267e-01,  3.2788e-01],
E           [-1.2777e-01,  3.3498e-01, -2.8399e-02,  3.0578e-01, -2.0848e-01,
E             1.2419e-01, -2.0684e-01,  5.5916e-02],
E           [-7.9100e-02, -1.2066e-01, -2.6383e-01, -1.4053e-01, -1.0557e-01,
E            -8.0151e-02, -2.6689e-01,  3.3600e-01],
E           [ 1.5947e-01, -2.5210e-01,  1.8934e-01, -3.2458e-01,  3.0346e-01,
E            -2.8478e-01, -1.9074e-01,  4.8906e-02],
E           [-3.0391e-01,  8.0039e-02, -8.1024e-02, -9.4739e-02, -3.5098e-01,
E            -2.7125e-01, -2.1940e-01, -3.4686e-01],
E           [ 6.3758e-02,  7.1312e-03,  3.3790e-01, -1.0324e-01, -1.7192e-01,
E            -3.0238e-01, -2.2217e-01, -8.2063e-02],
E           [-2.6513e-01,  2.5826e-01, -1.9988e-02,  2.6583e-01, -2.7385e-01,
E             1.8411e-01, -2.2248e-01, -1.1518e-01],
E           [ 1.3025e-01, -3.2129e-01,  1.0657e-01, -2.3961e-01, -4.6805e-03,
E            -2.4013e-01, -1.7301e-01,  4.7647e-02],
E           [-1.5986e-01,  2.9564e-01,  3.3585e-01,  1.1266e-01,  4.6397e-02,
E             1.7958e-01,  9.9777e-02,  2.7738e-01],
E           [-3.0711e-01,  2.7719e-01,  1.0423e-01, -8.5346e-02,  1.1144e-01,
E             3.5404e-02,  1.3503e-01, -2.9503e-01],
E           [-6.1548e-02, -1.8368e-01,  4.9398e-02, -1.5111e-01, -6.7456e-02,
E            -2.2310e-01, -2.0478e-01,  2.8835e-01],
E           [ 2.5575e-01, -2.0997e-01,  3.4316e-03, -2.0985e-01,  1.7623e-01,
E             3.2516e-01, -4.9219e-02,  2.9963e-01],
E           [-1.1458e-01,  3.3271e-01,  1.1062e-02,  1.2394e-01,  2.5506e-01,
E            -9.9186e-02,  3.1018e-01,  2.4779e-01],
E           [ 1.0211e-01,  2.3681e-02,  2.4966e-01, -2.1974e-01,  3.4701e-01,
E             2.9008e-01, -2.2953e-01,  3.9719e-03],
E           [ 3.3302e-01,  1.1265e-01,  6.3620e-02,  2.4651e-01, -8.0113e-02,
E            -1.7164e-01, -3.8338e-02,  2.9099e-01],
E           [-6.0700e-03,  1.0630e-01, -9.5386e-02, -1.6194e-01,  1.8238e-01,
E            -3.1603e-01, -2.0163e-01,  3.4375e-01],
E           [ 3.1951e-01, -1.6097e-01, -1.9186e-01,  1.0165e-01,  2.4433e-02,
E             3.0983e-01,  3.4630e-01,  1.8119e-01],
E           [-5.3405e-02, -1.3668e-01, -1.7437e-01, -2.3347e-01, -3.3543e-01,
E            -2.9786e-01, -3.0856e-01, -1.3500e-01],
E           [ 1.7195e-01, -2.5857e-01,  1.3060e-01, -1.6403e-01, -4.5749e-02,
E             7.8872e-02,  5.7141e-02, -2.4994e-01],
E           [-1.5049e-01, -8.5551e-03, -1.8706e-01, -1.8922e-01, -2.8527e-01,
E             4.5353e-02,  3.3839e-01, -2.7770e-01],
E           [ 6.5391e-02,  3.3318e-01, -2.7325e-01,  2.8516e-01,  3.8276e-02,
E             4.4373e-02, -9.5726e-02,  1.2718e-02],
E           [ 3.1508e-01,  4.6883e-02, -2.9406e-02, -1.9235e-01, -2.3283e-01,
E             1.7050e-01,  2.4387e-01,  5.2081e-02],
E           [ 4.1066e-02, -6.2386e-03,  1.2309e-01,  2.3181e-01,  2.6301e-01,
E            -2.5472e-01,  1.6651e-03,  1.1311e-01],
E           [-8.3226e-02,  3.0233e-01, -2.6745e-01,  3.4599e-02,  2.6503e-02,
E             9.4537e-02, -1.9504e-02, -2.7928e-01],
E           [ 2.2293e-01,  2.8553e-01, -3.0919e-01,  3.5121e-01,  2.3116e-01,
E            -1.7777e-01, -4.8004e-02, -9.6859e-02],
E           [-1.6983e-02,  1.4837e-01,  6.8169e-02, -1.4110e-01,  8.2606e-03,
E             1.9500e-01, -3.3390e-01,  2.9704e-01],
E           [-2.7754e-01,  2.0108e-01, -3.2638e-01, -1.5985e-01,  2.8024e-01,
E            -3.3505e-01,  3.3092e-01,  1.8241e-01]]), 'conceptualSpaces.0.layers.0.routing_proj.bias': tensor([ 0.1015,  0.1476, -0.2537,  0.1988, -0.1511,  0.1075, -0.1792, -0.1097,
E            0.2187, -0.1804,  0.2386,  0.1577, -0.0871,  0.3148, -0.2133,  0.2466,
E            0.1349, -0.0690,  0.2892, -0.2880, -0.2291, -0.1858, -0.3286,  0.0690,
E            0.2876,  0.3453, -0.1315,  0.1221,  0.2236, -0.0422, -0.0453, -0.0026,
E            0.0191, -0.0788, -0.0899,  0.1867, -0.1998, -0.2609,  0.1884, -0.0360,
E           -0.3506, -0.2296,  0.0587,  0.3362, -0.1310, -0.0025,  0.2462,  0.0274,
E           -0.0968,  0.0471, -0.1032,  0.2748, -0.1715,  0.1124, -0.0157, -0.3366,
E            0.0997, -0.0157, -0.1476,  0.3306, -0.0175, -0.2562,  0.1770,  0.3147,
E           -0.2802, -0.3469, -0.2684, -0.0956, -0.2098,  0.1494,  0.2565,  0.0901,
E           -0.2920,  0.2727, -0.3358,  0.2632,  0.0042,  0.0244, -0.3357,  0.1399,
E            0.1826,  0.3223, -0.0288,  0.0208, -0.1783, -0.0455,  0.0683, -0.0985,
E            0.0830, -0.2861,  0.2478,  0.3167,  0.2642,  0.2274, -0.3108, -0.3318,
E            0.0887,  0.3517,  0.1240,  0.2851, -0.0204, -0.0931, -0.2929,  0.3110]), 'conceptualSpaces.0.layers.3.W': tensor([[0., 0., 0., 0., 0., 0., 0., 0., 0., 0., 0., 0., 0., 0., 0., 0., 0., 0., 0., 0., 0., 0., 0., 0.,
E            0., 0., 0., 0., 0., 0., 0., 0., 0., 0., 0., 0., 0., 0., 0., 0., 0., 0., 0., 0., 0., 0., 0., 0.,
E            0., 0., 0., 0., 0., 0., 0., 0., 0., 0., 0., 0., 0., 0., 0., 0., 0., 0., 0., 0., 0., 0., 0., 0.,
E            0., 0., 0., 0., 0., 0., 0., 0., 0., 0., 0., 0., 0., 0., 0., 0., 0., 0., 0., 0., 0., 0., 0., 0.,
E            0., 0., 0., 0., 0., 0., 0., 0.],
E           [0., 0., 0., 0., 0., 0., 0., 0., 0., 0., 0., 0., 0., 0., 0., 0., 0., 0., 0., 0., 0., 0., 0., 0.,
E            0., 0., 0., 0., 0., 0., 0., 0., 0., 0., 0., 0., 0., 0., 0., 0., 0., 0., 0., 0., 0., 0., 0., 0.,
E            0., 0., 0., 0., 0., 0., 0., 0., 0., 0., 0., 0., 0., 0., 0., 0., 0., 0., 0., 0., 0., 0., 0., 0.,
E            0., 0., 0., 0., 0., 0., 0., 0., 0., 0., 0., 0., 0., 0., 0., 0., 0., 0., 0., 0., 0., 0., 0., 0.,
E            0., 0., 0., 0., 0., 0., 0., 0.],
E           [0., 0., 0., 0., 0., 0., 0., 0., 0., 0., 0., 0., 0., 0., 0., 0., 0., 0., 0., 0., 0., 0., 0., 0.,
E            0., 0., 0., 0., 0., 0., 0., 0., 0., 0., 0., 0., 0., 0., 0., 0., 0., 0., 0., 0., 0., 0., 0., 0.,
E            0., 0., 0., 0., 0., 0., 0., 0., 0., 0., 0., 0., 0., 0., 0., 0., 0., 0., 0., 0., 0., 0., 0., 0.,
E            0., 0., 0., 0., 0., 0., 0., 0., 0., 0., 0., 0., 0., 0., 0., 0., 0., 0., 0., 0., 0., 0., 0., 0.,
E            0., 0., 0., 0., 0., 0., 0., 0.],
E           [0., 0., 0., 0., 0., 0., 0., 0., 0., 0., 0., 0., 0., 0., 0., 0., 0., 0., 0., 0., 0., 0., 0., 0.,
E            0., 0., 0., 0., 0., 0., 0., 0., 0., 0., 0., 0., 0., 0., 0., 0., 0., 0., 0., 0., 0., 0., 0., 0.,
E            0., 0., 0., 0., 0., 0., 0., 0., 0., 0., 0., 0., 0., 0., 0., 0., 0., 0., 0., 0., 0., 0., 0., 0.,
E            0., 0., 0., 0., 0., 0., 0., 0., 0., 0., 0., 0., 0., 0., 0., 0., 0., 0., 0., 0., 0., 0., 0., 0.,
E            0., 0., 0., 0., 0., 0., 0., 0.],
E           [0., 0., 0., 0., 0., 0., 0., 0., 0., 0., 0., 0., 0., 0., 0., 0., 0., 0., 0., 0., 0., 0., 0., 0.,
E            0., 0., 0., 0., 0., 0., 0., 0., 0., 0., 0., 0., 0., 0., 0., 0., 0., 0., 0., 0., 0., 0., 0., 0.,
E            0., 0., 0., 0., 0., 0., 0., 0., 0., 0., 0., 0., 0., 0., 0., 0., 0., 0., 0., 0., 0., 0., 0., 0.,
E            0., 0., 0., 0., 0., 0., 0., 0., 0., 0., 0., 0., 0., 0., 0., 0., 0., 0., 0., 0., 0., 0., 0., 0.,
E            0., 0., 0., 0., 0., 0., 0., 0.],
E           [0., 0., 0., 0., 0., 0., 0., 0., 0., 0., 0., 0., 0., 0., 0., 0., 0., 0., 0., 0., 0., 0., 0., 0.,
E            0., 0., 0., 0., 0., 0., 0., 0., 0., 0., 0., 0., 0., 0., 0., 0., 0., 0., 0., 0., 0., 0., 0., 0.,
E            0., 0., 0., 0., 0., 0., 0., 0., 0., 0., 0., 0., 0., 0., 0., 0., 0., 0., 0., 0., 0., 0., 0., 0.,
E            0., 0., 0., 0., 0., 0., 0., 0., 0., 0., 0., 0., 0., 0., 0., 0., 0., 0., 0., 0., 0., 0., 0., 0.,
E            0., 0., 0., 0., 0., 0., 0., 0.],
E           [0., 0., 0., 0., 0., 0., 0., 0., 0., 0., 0., 0., 0., 0., 0., 0., 0., 0., 0., 0., 0., 0., 0., 0.,
E            0., 0., 0., 0., 0., 0., 0., 0., 0., 0., 0., 0., 0., 0., 0., 0., 0., 0., 0., 0., 0., 0., 0., 0.,
E            0., 0., 0., 0., 0., 0., 0., 0., 0., 0., 0., 0., 0., 0., 0., 0., 0., 0., 0., 0., 0., 0., 0., 0.,
E            0., 0., 0., 0., 0., 0., 0., 0., 0., 0., 0., 0., 0., 0., 0., 0., 0., 0., 0., 0., 0., 0., 0., 0.,
E            0., 0., 0., 0., 0., 0., 0., 0.],
E           [0., 0., 0., 0., 0., 0., 0., 0., 0., 0., 0., 0., 0., 0., 0., 0., 0., 0., 0., 0., 0., 0., 0., 0.,
E            0., 0., 0., 0., 0., 0., 0., 0., 0., 0., 0., 0., 0., 0., 0., 0., 0., 0., 0., 0., 0., 0., 0., 0.,
E            0., 0., 0., 0., 0., 0., 0., 0., 0., 0., 0., 0., 0., 0., 0., 0., 0., 0., 0., 0., 0., 0., 0., 0.,
E            0., 0., 0., 0., 0., 0., 0., 0., 0., 0., 0., 0., 0., 0., 0., 0., 0., 0., 0., 0., 0., 0., 0., 0.,
E            0., 0., 0., 0., 0., 0., 0., 0.]]), 'conceptualSpaces.0.layers.3.vq._b_norms_sq': tensor([1.0000, 1.0000, 1.0000, 1.0000, 1.0000, 1.0000, 1.0000, 1.0000]), 'conceptualSpaces.0.layers.3.vq.active_mask': tensor([True, True, True, True, True, True, True, True]), 'conceptualSpaces.0.layers.4.coefficients': tensor([[0.5000, 0.5000, 0.5000, 0.5000, 0.5000, 0.5000, 0.5000, 0.5000, 0.0000],
E           [0.5000, 0.5000, 0.5000, 0.5000, 0.5000, 0.5000, 0.5000, 0.5000, 0.0000],
E           [0.5000, 0.5000, 0.5000, 0.5000, 0.5000, 0.5000, 0.5000, 0.5000, 0.0000],
E           [0.5000, 0.5000, 0.5000, 0.5000, 0.5000, 0.5000, 0.5000, 0.5000, 0.0000],
E           [0.5000, 0.5000, 0.5000, 0.5000, 0.5000, 0.5000, 0.5000, 0.5000, 0.0000],
E           [0.5000, 0.5000, 0.5000, 0.5000, 0.5000, 0.5000, 0.5000, 0.5000, 0.0000],
E           [0.5000, 0.5000, 0.5000, 0.5000, 0.5000, 0.5000, 0.5000, 0.5000, 0.0000],
E           [0.5000, 0.5000, 0.5000, 0.5000, 0.5000, 0.5000, 0.5000, 0.5000, 0.0000]]), 'conceptualSpaces.0.layers.5.sigma.layer.W': tensor([[0.5000],
E           [0.5000],
E           [0.5000],
E           [0.5000],
E           [0.5000],
E           [0.5000],
E           [0.5000],
E           [0.5000],
E           [0.5000]]), 'conceptualSpaces.0.layers.5.sigma.layer.biasWeight': tensor([[0.]]), 'conceptualSpaces.0.layers.5.sigma.layer.bias': tensor([1.]), 'conceptualSpaces.0.layers.5.sigma.layer.var': tensor([0.]), 'conceptualSpaces.0.layers.5.sigma.layer.sigma': tensor([0.]), 'conceptualSpaces.0.layers.5.sigma.layer.sigma_mean': tensor([0.]), 'conceptualSpaces.0.layers.5.sigma.layer.sigma_step': tensor(0), 'conceptualSpaces.0.layers.6.callosum': tensor([[0.5000, 0.0000, 0.0000, 0.0000, 0.0000, 0.0000, 0.0000, 0.0000],
E           [0.0000, 0.5000, 0.0000, 0.0000, 0.0000, 0.0000, 0.0000, 0.0000],
E           [0.0000, 0.0000, 0.5000, 0.0000, 0.0000, 0.0000, 0.0000, 0.0000],
E           [0.0000, 0.0000, 0.0000, 0.5000, 0.0000, 0.0000, 0.0000, 0.0000],
E           [0.0000, 0.0000, 0.0000, 0.0000, 0.5000, 0.0000, 0.0000, 0.0000],
E           [0.0000, 0.0000, 0.0000, 0.0000, 0.0000, 0.5000, 0.0000, 0.0000],
E           [0.0000, 0.0000, 0.0000, 0.0000, 0.0000, 0.0000, 0.5000, 0.0000],
E           [0.0000, 0.0000, 0.0000, 0.0000, 0.0000, 0.0000, 0.0000, 0.5000],
E           [0.5000, 0.0000, 0.0000, 0.0000, 0.0000, 0.0000, 0.0000, 0.0000],
E           [0.0000, 0.5000, 0.0000, 0.0000, 0.0000, 0.0000, 0.0000, 0.0000],
E           [0.0000, 0.0000, 0.5000, 0.0000, 0.0000, 0.0000, 0.0000, 0.0000],
E           [0.0000, 0.0000, 0.0000, 0.5000, 0.0000, 0.0000, 0.0000, 0.0000],
E           [0.0000, 0.0000, 0.0000, 0.0000, 0.5000, 0.0000, 0.0000, 0.0000],
E           [0.0000, 0.0000, 0.0000, 0.0000, 0.0000, 0.5000, 0.0000, 0.0000],
E           [0.0000, 0.0000, 0.0000, 0.0000, 0.0000, 0.0000, 0.5000, 0.0000],
E           [0.0000, 0.0000, 0.0000, 0.0000, 0.0000, 0.0000, 0.0000, 0.5000]]), 'conceptualSpaces.0.layers.6.layer.butterfly_L': tensor([[0., 0., 0.,  ..., 0., 0., 0.],
E           [0., 0., 0.,  ..., 0., 0., 0.],
E           [0., 0., 0.,  ..., 0., 0., 0.],
E           ...,
E           [0., 0., 0.,  ..., 0., 0., 0.],
E           [0., 0., 0.,  ..., 0., 0., 0.],
E           [0., 0., 0.,  ..., 0., 0., 0.]]), 'conceptualSpaces.0.layers.6.layer.butterfly_d': tensor([[[1., 1.],
E            [1., 1.],
E            [1., 1.],
E            ...,
E            [1., 1.],
E            [1., 1.],
E            [1., 1.]],
E   
E           [[1., 1.],
E            [1., 1.],
E            [1., 1.],
E            ...,
E            [1., 1.],
E            [1., 1.],
E            [1., 1.]],
E   
E           [[1., 1.],
E            [1., 1.],
E            [1., 1.],
E            ...,
E            [1., 1.],
E            [1., 1.],
E            [1., 1.]],
E   
E           ...,
E   
E           [[1., 1.],
E            [1., 1.],
E            [1., 1.],
E            ...,
E            [1., 1.],
E            [1., 1.],
E            [1., 1.]],
E   
E           [[1., 1.],
E            [1., 1.],
E            [1., 1.],
E            ...,
E            [1., 1.],
E            [1., 1.],
E            [1., 1.]],
E   
E           [[1., 1.],
E            [1., 1.],
E            [1., 1.],
E            ...,
E            [1., 1.],
E            [1., 1.],
E            [1., 1.]]]), 'conceptualSpaces.0.layers.6.layer.butterfly_U': tensor([[0., 0., 0.,  ..., 0., 0., 0.],
E           [0., 0., 0.,  ..., 0., 0., 0.],
E           [0., 0., 0.,  ..., 0., 0., 0.],
E           ...,
E           [0., 0., 0.,  ..., 0., 0., 0.],
E           [0., 0., 0.,  ..., 0., 0., 0.],
E           [0., 0., 0.,  ..., 0., 0., 0.]]), 'conceptualSpaces.0.layers.6.layer.butterfly_perms': tensor([[   0,    1,    2,  ..., 2045, 2046, 2047],
E           [   0,    2,    1,  ..., 2046, 2045, 2047],
E           [   0,    4,    1,  ..., 2046, 2043, 2047],
E           ...,
E           [   0,  256,    1,  ..., 2046, 1791, 2047],
E           [   0,  512,    1,  ..., 2046, 1535, 2047],
E           [   0, 1024,    1,  ..., 2046, 1023, 2047]]), 'conceptualSpaces.0.intraSentenceLayer.pi.layer.raw_L': tensor([[0., 0., 0.,  ..., 0., 0., 0.],
E           [0., 0., 0.,  ..., 0., 0., 0.],
E           [0., 0., 0.,  ..., 0., 0., 0.],
E           ...,
E           [0., 0., 0.,  ..., 0., 0., 0.],
E           [0., 0., 0.,  ..., 0., 0., 0.],
E           [0., 0., 0.,  ..., 0., 0., 0.]]), 'conceptualSpaces.0.intraSentenceLayer.pi.layer.d': tensor([1., 1., 1., 1., 1., 1., 1., 1., 1., 1., 1., 1., 1., 1., 1., 1., 1., 1.,
E           1., 1., 1., 1., 1., 1., 1., 1., 1., 1., 1., 1., 1., 1., 1., 1., 1., 1.,
E           1., 1., 1., 1., 1., 1., 1., 1., 1., 1., 1., 1., 1., 1., 1., 1., 1., 1.,
E           1., 1., 1., 1., 1., 1., 1., 1., 1., 1., 1., 1., 1., 1., 1., 1., 1., 1.,
E           1., 1., 1., 1., 1., 1., 1., 1., 1., 1., 1., 1., 1., 1., 1., 1., 1., 1.,
E           1., 1., 1., 1., 1., 1., 1., 1., 1., 1., 1., 1., 1., 1.]), 'conceptualSpaces.0.intraSentenceLayer.pi.layer.raw_U': tensor([[0., 0., 0.,  ..., 0., 0., 0.],
E           [0., 0., 0.,  ..., 0., 0., 0.],
E           [0., 0., 0.,  ..., 0., 0., 0.],
E           ...,
E           [0., 0., 0.,  ..., 0., 0., 0.],
E           [0., 0., 0.,  ..., 0., 0., 0.],
E           [0., 0., 0.,  ..., 0., 0., 0.]]), 'conceptualSpaces.0.intraSentenceLayer.pi.layer.biasWeight': tensor([[0., 0., 0., 0., 0., 0., 0., 0., 0., 0., 0., 0., 0., 0., 0., 0., 0., 0., 0., 0., 0., 0., 0., 0.,
E            0., 0., 0., 0., 0., 0., 0., 0., 0., 0., 0., 0., 0., 0., 0., 0., 0., 0., 0., 0., 0., 0., 0., 0.,
E            0., 0., 0., 0., 0., 0., 0., 0., 0., 0., 0., 0., 0., 0., 0., 0., 0., 0., 0., 0., 0., 0., 0., 0.,
E            0., 0., 0., 0., 0., 0., 0., 0., 0., 0., 0., 0., 0., 0., 0., 0., 0., 0., 0., 0., 0., 0., 0., 0.,
E            0., 0., 0., 0., 0., 0., 0., 0.]]), 'conceptualSpaces.0.intraSentenceLayer.pi.layer.bias': tensor([1.]), 'conceptualSpaces.0.intraSentenceLayer.pi.layer.var': tensor([0.]), 'conceptualSpaces.0.intraSentenceLayer.pi.layer.sigma': tensor([0.]), 'conceptualSpaces.0.intraSentenceLayer.pi.layer.sigma_mean': tensor([0.]), 'conceptualSpaces.0.intraSentenceLayer.pi.layer.sigma_step': tensor(0), 'conceptualSpaces.0.intraSentenceLayer.sigma.layer.raw_L': tensor([[0., 0., 0.,  ..., 0., 0., 0.],
E           [0., 0., 0.,  ..., 0., 0., 0.],
E           [0., 0., 0.,  ..., 0., 0., 0.],
E           ...,
E           [0., 0., 0.,  ..., 0., 0., 0.],
E           [0., 0., 0.,  ..., 0., 0., 0.],
E           [0., 0., 0.,  ..., 0., 0., 0.]]), 'conceptualSpaces.0.intraSentenceLayer.sigma.layer.d': tensor([1., 1., 1., 1., 1., 1., 1., 1., 1., 1., 1., 1., 1., 1., 1., 1., 1., 1.,
E           1., 1., 1., 1., 1., 1., 1., 1., 1., 1., 1., 1., 1., 1., 1., 1., 1., 1.,
E           1., 1., 1., 1., 1., 1., 1., 1., 1., 1., 1., 1., 1., 1., 1., 1., 1., 1.,
E           1., 1., 1., 1., 1., 1., 1., 1., 1., 1., 1., 1., 1., 1., 1., 1., 1., 1.,
E           1., 1., 1., 1., 1., 1., 1., 1., 1., 1., 1., 1., 1., 1., 1., 1., 1., 1.,
E           1., 1., 1., 1., 1., 1., 1., 1., 1., 1., 1., 1., 1., 1.]), 'conceptualSpaces.0.intraSentenceLayer.sigma.layer.raw_U': tensor([[0., 0., 0.,  ..., 0., 0., 0.],
E           [0., 0., 0.,  ..., 0., 0., 0.],
E           [0., 0., 0.,  ..., 0., 0., 0.],
E           ...,
E           [0., 0., 0.,  ..., 0., 0., 0.],
E           [0., 0., 0.,  ..., 0., 0., 0.],
E           [0., 0., 0.,  ..., 0., 0., 0.]]), 'conceptualSpaces.0.intraSentenceLayer.sigma.layer.biasWeight': tensor([[0., 0., 0., 0., 0., 0., 0., 0., 0., 0., 0., 0., 0., 0., 0., 0., 0., 0., 0., 0., 0., 0., 0., 0.,
E            0., 0., 0., 0., 0., 0., 0., 0., 0., 0., 0., 0., 0., 0., 0., 0., 0., 0., 0., 0., 0., 0., 0., 0.,
E            0., 0., 0., 0., 0., 0., 0., 0., 0., 0., 0., 0., 0., 0., 0., 0., 0., 0., 0., 0., 0., 0., 0., 0.,
E            0., 0., 0., 0., 0., 0., 0., 0., 0., 0., 0., 0., 0., 0., 0., 0., 0., 0., 0., 0., 0., 0., 0., 0.,
E            0., 0., 0., 0., 0., 0., 0., 0.]]), 'conceptualSpaces.0.intraSentenceLayer.sigma.layer.bias': tensor([1.]), 'conceptualSpaces.0.intraSentenceLayer.sigma.layer.var': tensor([0.]), 'conceptualSpaces.0.intraSentenceLayer.sigma.layer.sigma': tensor([0.]), 'conceptualSpaces.0.intraSentenceLayer.sigma.layer.sigma_mean': tensor([0.]), 'conceptualSpaces.0.intraSentenceLayer.sigma.layer.sigma_step': tensor(0), 'conceptualSpaces.0.intraSentenceLayer.layers.0.layer.raw_L': tensor([[0., 0., 0.,  ..., 0., 0., 0.],
E           [0., 0., 0.,  ..., 0., 0., 0.],
E           [0., 0., 0.,  ..., 0., 0., 0.],
E           ...,
E           [0., 0., 0.,  ..., 0., 0., 0.],
E           [0., 0., 0.,  ..., 0., 0., 0.],
E           [0., 0., 0.,  ..., 0., 0., 0.]]), 'conceptualSpaces.0.intraSentenceLayer.layers.0.layer.d': tensor([1., 1., 1., 1., 1., 1., 1., 1., 1., 1., 1., 1., 1., 1., 1., 1., 1., 1.,
E           1., 1., 1., 1., 1., 1., 1., 1., 1., 1., 1., 1., 1., 1., 1., 1., 1., 1.,
E           1., 1., 1., 1., 1., 1., 1., 1., 1., 1., 1., 1., 1., 1., 1., 1., 1., 1.,
E           1., 1., 1., 1., 1., 1., 1., 1., 1., 1., 1., 1., 1., 1., 1., 1., 1., 1.,
E           1., 1., 1., 1., 1., 1., 1., 1., 1., 1., 1., 1., 1., 1., 1., 1., 1., 1.,
E           1., 1., 1., 1., 1., 1., 1., 1., 1., 1., 1., 1., 1., 1.]), 'conceptualSpaces.0.intraSentenceLayer.layers.0.layer.raw_U': tensor([[0., 0., 0.,  ..., 0., 0., 0.],
E           [0., 0., 0.,  ..., 0., 0., 0.],
E           [0., 0., 0.,  ..., 0., 0., 0.],
E           ...,
E           [0., 0., 0.,  ..., 0., 0., 0.],
E           [0., 0., 0.,  ..., 0., 0., 0.],
E           [0., 0., 0.,  ..., 0., 0., 0.]]), 'conceptualSpaces.0.intraSentenceLayer.layers.0.layer.biasWeight': tensor([[0., 0., 0., 0., 0., 0., 0., 0., 0., 0., 0., 0., 0., 0., 0., 0., 0., 0., 0., 0., 0., 0., 0., 0.,
E            0., 0., 0., 0., 0., 0., 0., 0., 0., 0., 0., 0., 0., 0., 0., 0., 0., 0., 0., 0., 0., 0., 0., 0.,
E            0., 0., 0., 0., 0., 0., 0., 0., 0., 0., 0., 0., 0., 0., 0., 0., 0., 0., 0., 0., 0., 0., 0., 0.,
E            0., 0., 0., 0., 0., 0., 0., 0., 0., 0., 0., 0., 0., 0., 0., 0., 0., 0., 0., 0., 0., 0., 0., 0.,
E            0., 0., 0., 0., 0., 0., 0., 0.]]), 'conceptualSpaces.0.intraSentenceLayer.layers.0.layer.bias': tensor([1.]), 'conceptualSpaces.0.intraSentenceLayer.layers.0.layer.var': tensor([0.]), 'conceptualSpaces.0.intraSentenceLayer.layers.0.layer.sigma': tensor([0.]), 'conceptualSpaces.0.intraSentenceLayer.layers.0.layer.sigma_mean': tensor([0.]), 'conceptualSpaces.0.intraSentenceLayer.layers.0.layer.sigma_step': tensor(0), 'conceptualSpaces.0.intraSentenceLayer.layers.1.layer.raw_L': tensor([[0., 0., 0.,  ..., 0., 0., 0.],
E           [0., 0., 0.,  ..., 0., 0., 0.],
E           [0., 0., 0.,  ..., 0., 0., 0.],
E           ...,
E           [0., 0., 0.,  ..., 0., 0., 0.],
E           [0., 0., 0.,  ..., 0., 0., 0.],
E           [0., 0., 0.,  ..., 0., 0., 0.]]), 'conceptualSpaces.0.intraSentenceLayer.layers.1.layer.d': tensor([1., 1., 1., 1., 1., 1., 1., 1., 1., 1., 1., 1., 1., 1., 1., 1., 1., 1.,
E           1., 1., 1., 1., 1., 1., 1., 1., 1., 1., 1., 1., 1., 1., 1., 1., 1., 1.,
E           1., 1., 1., 1., 1., 1., 1., 1., 1., 1., 1., 1., 1., 1., 1., 1., 1., 1.,
E           1., 1., 1., 1., 1., 1., 1., 1., 1., 1., 1., 1., 1., 1., 1., 1., 1., 1.,
E           1., 1., 1., 1., 1., 1., 1., 1., 1., 1., 1., 1., 1., 1., 1., 1., 1., 1.,
E           1., 1., 1., 1., 1., 1., 1., 1., 1., 1., 1., 1., 1., 1.]), 'conceptualSpaces.0.intraSentenceLayer.layers.1.layer.raw_U': tensor([[0., 0., 0.,  ..., 0., 0., 0.],
E           [0., 0., 0.,  ..., 0., 0., 0.],
E           [0., 0., 0.,  ..., 0., 0., 0.],
E           ...,
E           [0., 0., 0.,  ..., 0., 0., 0.],
E           [0., 0., 0.,  ..., 0., 0., 0.],
E           [0., 0., 0.,  ..., 0., 0., 0.]]), 'conceptualSpaces.0.intraSentenceLayer.layers.1.layer.biasWeight': tensor([[0., 0., 0., 0., 0., 0., 0., 0., 0., 0., 0., 0., 0., 0., 0., 0., 0., 0., 0., 0., 0., 0., 0., 0.,
E            0., 0., 0., 0., 0., 0., 0., 0., 0., 0., 0., 0., 0., 0., 0., 0., 0., 0., 0., 0., 0., 0., 0., 0.,
E            0., 0., 0., 0., 0., 0., 0., 0., 0., 0., 0., 0., 0., 0., 0., 0., 0., 0., 0., 0., 0., 0., 0., 0.,
E            0., 0., 0., 0., 0., 0., 0., 0., 0., 0., 0., 0., 0., 0., 0., 0., 0., 0., 0., 0., 0., 0., 0., 0.,
E            0., 0., 0., 0., 0., 0., 0., 0.]]), 'conceptualSpaces.0.intraSentenceLayer.layers.1.layer.bias': tensor([1.]), 'conceptualSpaces.0.intraSentenceLayer.layers.1.layer.var': tensor([0.]), 'conceptualSpaces.0.intraSentenceLayer.layers.1.layer.sigma': tensor([0.]), 'conceptualSpaces.0.intraSentenceLayer.layers.1.layer.sigma_mean': tensor([0.]), 'conceptualSpaces.0.intraSentenceLayer.layers.1.layer.sigma_step': tensor(0), 'conceptualSpaces.0.intraSentenceLayer.routing_proj.weight': tensor([[-5.1793e-02, -5.3294e-02, -2.2790e-01, -1.4498e-01, -1.7576e-01,
E             9.8983e-02,  5.1128e-02,  3.3477e-01],
E           [-6.5505e-02,  1.8456e-01,  8.9569e-02,  2.1246e-01, -2.4125e-01,
E             9.1258e-02, -1.1790e-01,  3.8775e-02],
E           [ 2.9316e-01,  6.4109e-02,  3.2225e-01, -1.3310e-01, -8.4360e-02,
E            -1.0821e-01,  1.8281e-01, -2.3124e-01],
E           [-1.8353e-01,  2.9688e-02, -4.4405e-02, -7.8844e-02, -3.5165e-01,
E            -1.6255e-01,  3.2017e-01, -2.4962e-01],
E           [-3.1845e-01, -1.4835e-01,  2.5405e-02, -1.7587e-01, -1.3333e-01,
E            -2.8359e-01, -4.7284e-02, -3.0748e-01],
E           [ 1.9617e-01,  2.3918e-01,  2.3262e-02,  6.8340e-02, -1.7317e-01,
E            -1.6555e-01,  2.9249e-01, -6.7517e-03],
E           [ 7.7061e-02,  3.4160e-01,  1.6926e-01,  1.7499e-01,  2.0209e-01,
E            -8.5247e-02, -2.9012e-02,  1.4370e-02],
E           [ 2.4607e-01,  1.6110e-01, -2.1401e-01, -3.4323e-01,  2.3867e-01,
E             1.1291e-01,  2.4295e-01,  2.9102e-01],
E           [ 1.6041e-01,  1.5879e-03,  2.2143e-01, -2.4968e-01,  1.9523e-01,
E             1.0041e-01,  1.7645e-01, -1.5567e-02],
E           [-4.6539e-02,  3.3699e-02,  2.4478e-01,  2.0841e-01, -2.6394e-01,
E            -2.9531e-01,  2.9890e-01, -3.3433e-02],
E           [ 3.0834e-01,  1.1918e-02,  2.6901e-01, -2.2583e-01,  2.4723e-01,
E             3.1523e-01,  2.7581e-01,  3.2217e-01],
E           [-1.1374e-01, -2.5343e-01,  1.5945e-01,  3.4946e-01,  3.0312e-01,
E            -3.3295e-01, -3.0091e-01, -2.0260e-01],
E           [ 2.0970e-02,  3.8518e-02, -2.1335e-01,  1.6701e-01,  3.4497e-01,
E             2.9564e-01, -2.9254e-01,  8.2194e-02],
E           [ 2.2151e-01, -2.3853e-01,  2.5800e-01,  1.5651e-01, -1.4588e-01,
E             3.1770e-01,  2.1935e-01, -1.0099e-01],
E           [ 2.0920e-01,  5.5764e-02,  1.6124e-01, -1.6294e-01, -1.0195e-01,
E             1.4195e-01, -1.0225e-01,  2.4459e-01],
E           [-3.0157e-01, -4.6138e-02, -1.7324e-01,  5.2454e-02,  3.3566e-01,
E            -1.8224e-02,  3.4667e-01,  3.0020e-01],
E           [-5.2601e-02,  2.7424e-01, -3.2570e-01,  2.8043e-01, -3.0120e-01,
E            -7.2114e-02, -3.2751e-01,  1.4378e-01],
E           [-2.2851e-01,  2.2059e-01, -1.9491e-02,  1.4395e-01, -1.6307e-01,
E             2.2823e-02,  3.2312e-01, -1.1803e-01],
E           [ 7.6597e-02, -1.8023e-01, -3.2001e-01, -8.3351e-02,  1.9635e-01,
E             3.4871e-01,  2.7022e-01, -1.5504e-01],
E           [-1.0807e-01,  2.2106e-01, -2.4836e-02, -2.1782e-01, -5.4968e-02,
E             1.0469e-01, -7.5433e-02, -1.6514e-01],
E           [-2.0400e-01,  1.4814e-01,  2.4747e-01, -1.1680e-01, -3.2637e-01,
E            -3.4880e-01,  4.1501e-02, -1.4232e-01],
E           [-1.9629e-01,  7.3934e-02,  3.5200e-01, -1.7705e-01,  1.5457e-01,
E             4.6049e-02,  2.0728e-01,  2.8530e-01],
E           [ 2.2948e-01,  3.4969e-01, -2.7525e-01,  9.9843e-02,  1.3459e-01,
E             2.3070e-01, -3.2540e-01,  3.0000e-01],
E           [ 3.4674e-01, -2.1963e-01, -2.8318e-01,  3.0388e-01, -3.4997e-01,
E            -3.4553e-01,  1.5105e-02, -1.7662e-01],
E           [-3.0255e-01, -2.3139e-01, -1.4062e-01,  3.3913e-01, -2.6754e-01,
E             1.8071e-01,  2.7171e-01, -3.9471e-03],
E           [-9.1370e-02,  9.7582e-02, -1.4595e-01,  1.0958e-01, -1.9804e-01,
E             8.8720e-02,  2.6122e-01, -1.1830e-01],
E           [-3.2198e-01, -2.3018e-01,  1.4491e-01,  2.8488e-01,  2.1672e-01,
E            -1.4972e-01,  1.4557e-01, -3.7270e-02],
E           [-3.4860e-01,  2.7448e-02,  2.8365e-01, -7.7090e-03,  2.8890e-01,
E            -1.4780e-01,  8.9706e-03,  3.1769e-01],
E           [-3.1626e-01, -2.3240e-04, -9.5041e-02, -1.3302e-01, -6.3178e-02,
E            -1.4295e-02, -3.1176e-01,  2.0165e-01],
E           [-1.8637e-01, -1.9503e-01, -3.3281e-02, -2.6257e-01, -1.0106e-01,
E             1.6558e-01, -1.8579e-01, -6.2594e-02],
E           [-3.0583e-02,  1.2296e-02, -2.3561e-01, -2.2709e-01, -2.5232e-01,
E             3.4320e-01,  3.4877e-01, -2.0362e-01],
E           [-1.9932e-01,  1.3382e-01, -1.0934e-01,  2.0480e-01, -3.2179e-01,
E             2.1958e-01, -3.3836e-01, -2.3610e-01],
E           [-2.5261e-01,  3.6212e-02, -2.0771e-01, -3.2536e-01,  1.8033e-02,
E            -2.4278e-01,  2.9361e-01, -1.3551e-01],
E           [-3.1230e-01,  1.5171e-02,  9.6128e-02, -2.8311e-01,  3.0780e-01,
E             1.7261e-01,  2.0233e-01, -2.1654e-01],
E           [ 9.1419e-02, -3.4895e-01,  3.1139e-01,  2.5327e-02, -2.9735e-01,
E            -3.4370e-01, -2.2159e-01,  2.7090e-01],
E           [ 2.8316e-01, -1.7569e-01, -3.3378e-02, -3.2574e-01,  2.8960e-01,
E             3.9764e-02,  1.8033e-01, -2.8405e-02],
E           [ 2.1428e-01,  4.4968e-02,  3.5069e-01, -4.6605e-02,  7.9929e-02,
E             2.3591e-01,  3.8816e-02,  2.7829e-01],
E           [-8.5491e-02,  1.1255e-01, -3.3491e-01,  3.3792e-01,  1.4055e-01,
E            -1.6810e-01,  2.5997e-01, -2.4157e-01],
E           [ 1.9820e-01,  9.9171e-02, -2.6454e-02,  2.7969e-01, -2.2572e-01,
E            -9.2767e-02,  6.5295e-02, -2.5166e-01],
E           [ 2.9550e-01, -2.9197e-01, -2.9639e-01, -2.6310e-01, -1.4768e-01,
E             2.4556e-02,  2.9821e-01,  8.8673e-04],
E           [ 9.3447e-02,  1.5754e-01,  1.1995e-01,  1.8797e-01, -3.5161e-01,
E             2.9575e-01,  1.0079e-01, -3.0276e-01],
E           [ 1.6191e-02,  2.5350e-01,  9.8861e-02, -2.0412e-01,  9.4884e-02,
E             1.7518e-01,  1.7653e-01,  1.0030e-01],
E           [-1.2756e-01,  1.7957e-01,  2.9907e-01, -3.3797e-01, -1.5092e-01,
E            -2.9621e-01,  1.1050e-01, -2.7786e-01],
E           [-2.9082e-01, -2.7210e-01,  1.5841e-01, -2.7422e-01, -2.2676e-01,
E            -2.8407e-01, -2.1321e-01,  1.9587e-01],
E           [ 2.7600e-01,  2.6100e-01,  2.0114e-02,  3.4530e-01,  2.1657e-01,
E            -4.9412e-02, -4.1718e-02, -3.2892e-01],
E           [ 2.2713e-01,  1.7589e-01, -1.5108e-01, -2.5148e-01, -1.6994e-01,
E            -1.0996e-01, -5.7770e-02,  1.4597e-01],
E           [-2.1173e-01, -1.6236e-01, -2.5559e-01, -2.6109e-03, -1.0005e-02,
E             2.4604e-01, -3.2575e-01, -2.1648e-01],
E           [ 1.4357e-01,  3.5171e-01,  1.3967e-01,  2.4440e-01,  2.7871e-01,
E             1.8642e-01, -2.1865e-01, -1.7242e-01],
E           [ 2.3820e-01, -1.6742e-01, -1.6201e-01, -1.8045e-01,  1.4300e-01,
E             2.6909e-01, -3.4900e-01,  3.0242e-03],
E           [ 3.0410e-01, -2.7067e-04,  1.9417e-01,  3.3065e-02, -2.9802e-02,
E            -5.6922e-02, -1.1055e-01, -2.2104e-01],
E           [ 2.9505e-01,  1.6675e-01, -2.1802e-01,  8.2482e-02, -2.3591e-01,
E            -1.8807e-01,  1.1723e-01,  2.3920e-01],
E           [ 1.2808e-01, -2.4396e-01, -1.4743e-01,  6.7633e-02,  1.1079e-01,
E            -1.7290e-01,  1.3488e-01, -6.7917e-02],
E           [ 1.5744e-01,  3.9044e-02,  4.1525e-02,  8.2566e-02,  5.4982e-02,
E            -1.5423e-01, -2.2957e-02, -1.3376e-01],
E           [ 3.4726e-01, -6.5649e-02, -1.7575e-02,  3.1312e-01,  1.5710e-01,
E            -2.8985e-01,  6.6890e-03, -2.3514e-01],
E           [ 1.9162e-01, -2.4555e-01, -4.5778e-02, -3.3529e-01, -1.7824e-01,
E             3.3543e-02,  2.8374e-01, -1.2655e-01],
E           [-2.2527e-02,  2.2969e-01,  2.0916e-01, -1.2118e-02,  1.5892e-01,
E            -2.9571e-01,  9.8447e-02, -2.1948e-01],
E           [-2.0559e-03, -1.5927e-01,  3.3505e-01,  2.6896e-01, -1.4952e-01,
E            -8.4045e-02, -2.1246e-01, -1.3458e-01],
E           [-2.7068e-01,  3.0548e-01,  3.4432e-01,  2.6054e-01,  1.5503e-01,
E            -9.3148e-02,  1.4353e-01,  2.3005e-01],
E           [-1.7600e-01,  1.3980e-01,  1.9357e-01,  1.7868e-01,  2.8118e-02,
E            -2.4715e-01,  1.8445e-01, -1.9838e-01],
E           [-3.4258e-01,  1.4853e-02,  2.2657e-01,  3.5094e-01,  1.3141e-01,
E             1.4411e-02, -9.2072e-02, -8.0899e-02],
E           [-1.9605e-01, -2.3785e-01, -2.2145e-01, -2.4609e-01, -2.3703e-01,
E            -1.1777e-01,  1.8934e-01, -3.3651e-01],
E           [-1.6104e-01, -8.7899e-02, -2.5013e-01, -2.7711e-01, -2.4181e-01,
E            -2.6160e-01, -2.8443e-01, -4.3870e-02],
E           [ 2.5331e-01,  3.3496e-01, -5.3455e-02, -6.6852e-02,  6.6646e-02,
E            -2.6965e-01,  3.3097e-01,  2.7187e-01],
E           [ 1.1472e-01,  6.5523e-02,  3.3537e-01, -2.6928e-01, -1.2311e-01,
E             5.1936e-02,  1.9452e-02, -3.0509e-01],
E           [-2.2504e-01,  3.0311e-02,  3.0257e-01,  8.7744e-02, -1.2412e-01,
E             1.8707e-01,  1.6425e-01,  7.9120e-02],
E           [-3.5014e-01,  1.1937e-01, -1.8808e-01,  1.4102e-01,  1.5102e-01,
E            -1.0593e-03,  2.7276e-01, -1.8823e-01],
E           [-2.9189e-01,  1.9470e-01,  7.8066e-02, -1.8731e-01, -1.9557e-01,
E            -3.5332e-01, -4.4840e-02, -3.1467e-01],
E           [ 1.5674e-01,  1.7132e-01, -1.3315e-01,  2.9638e-02,  2.6035e-01,
E             2.8914e-01,  3.0503e-01, -2.5948e-01],
E           [ 2.6185e-01, -1.4090e-01, -3.3334e-02,  2.2882e-01,  2.5138e-01,
E             1.9763e-01, -8.0703e-02, -2.5569e-01],
E           [ 4.0357e-03,  3.7626e-02, -1.0463e-01, -2.5241e-01,  1.3324e-01,
E            -3.3332e-01, -2.6778e-01,  1.6348e-01],
E           [-1.7622e-01,  9.3997e-02,  1.4882e-01,  2.1348e-01, -5.7034e-02,
E            -2.5830e-01,  2.4650e-01,  8.7826e-02],
E           [ 9.4974e-02, -2.1822e-01,  3.2699e-01,  1.6129e-01, -1.1816e-01,
E             1.0967e-01, -3.1046e-01, -1.6509e-01],
E           [ 1.9123e-01,  4.8238e-02, -1.5313e-01, -2.7991e-01,  1.9719e-01,
E            -2.5374e-01, -2.9032e-01, -4.4292e-02],
E           [ 1.9847e-01, -2.4029e-02, -2.1455e-01, -1.9173e-01, -1.6037e-01,
E            -3.0354e-01, -2.8438e-01,  1.5556e-01],
E           [ 1.4237e-01,  3.1685e-01, -2.9061e-01,  2.7700e-01,  1.3027e-01,
E             3.2783e-02, -1.9575e-01,  3.4462e-01],
E           [-2.5161e-01, -7.4581e-02, -3.0001e-01,  6.0265e-02,  3.4194e-01,
E             2.2395e-01,  3.5165e-01,  4.9259e-02],
E           [-1.6070e-01, -2.9762e-01,  2.3013e-01, -8.8038e-03,  1.9051e-01,
E            -1.0260e-01, -3.8039e-02,  2.5872e-02],
E           [-1.4847e-01, -2.2821e-01, -2.3644e-01,  1.4799e-01,  1.9021e-01,
E            -2.4483e-01, -1.9267e-01,  3.2788e-01],
E           [-1.2777e-01,  3.3498e-01, -2.8399e-02,  3.0578e-01, -2.0848e-01,
E             1.2419e-01, -2.0684e-01,  5.5916e-02],
E           [-7.9100e-02, -1.2066e-01, -2.6383e-01, -1.4053e-01, -1.0557e-01,
E            -8.0151e-02, -2.6689e-01,  3.3600e-01],
E           [ 1.5947e-01, -2.5210e-01,  1.8934e-01, -3.2458e-01,  3.0346e-01,
E            -2.8478e-01, -1.9074e-01,  4.8906e-02],
E           [-3.0391e-01,  8.0039e-02, -8.1024e-02, -9.4739e-02, -3.5098e-01,
E            -2.7125e-01, -2.1940e-01, -3.4686e-01],
E           [ 6.3758e-02,  7.1312e-03,  3.3790e-01, -1.0324e-01, -1.7192e-01,
E            -3.0238e-01, -2.2217e-01, -8.2063e-02],
E           [-2.6513e-01,  2.5826e-01, -1.9988e-02,  2.6583e-01, -2.7385e-01,
E             1.8411e-01, -2.2248e-01, -1.1518e-01],
E           [ 1.3025e-01, -3.2129e-01,  1.0657e-01, -2.3961e-01, -4.6805e-03,
E            -2.4013e-01, -1.7301e-01,  4.7647e-02],
E           [-1.5986e-01,  2.9564e-01,  3.3585e-01,  1.1266e-01,  4.6397e-02,
E             1.7958e-01,  9.9777e-02,  2.7738e-01],
E           [-3.0711e-01,  2.7719e-01,  1.0423e-01, -8.5346e-02,  1.1144e-01,
E             3.5404e-02,  1.3503e-01, -2.9503e-01],
E           [-6.1548e-02, -1.8368e-01,  4.9398e-02, -1.5111e-01, -6.7456e-02,
E            -2.2310e-01, -2.0478e-01,  2.8835e-01],
E           [ 2.5575e-01, -2.0997e-01,  3.4316e-03, -2.0985e-01,  1.7623e-01,
E             3.2516e-01, -4.9219e-02,  2.9963e-01],
E           [-1.1458e-01,  3.3271e-01,  1.1062e-02,  1.2394e-01,  2.5506e-01,
E            -9.9186e-02,  3.1018e-01,  2.4779e-01],
E           [ 1.0211e-01,  2.3681e-02,  2.4966e-01, -2.1974e-01,  3.4701e-01,
E             2.9008e-01, -2.2953e-01,  3.9719e-03],
E           [ 3.3302e-01,  1.1265e-01,  6.3620e-02,  2.4651e-01, -8.0113e-02,
E            -1.7164e-01, -3.8338e-02,  2.9099e-01],
E           [-6.0700e-03,  1.0630e-01, -9.5386e-02, -1.6194e-01,  1.8238e-01,
E            -3.1603e-01, -2.0163e-01,  3.4375e-01],
E           [ 3.1951e-01, -1.6097e-01, -1.9186e-01,  1.0165e-01,  2.4433e-02,
E             3.0983e-01,  3.4630e-01,  1.8119e-01],
E           [-5.3405e-02, -1.3668e-01, -1.7437e-01, -2.3347e-01, -3.3543e-01,
E            -2.9786e-01, -3.0856e-01, -1.3500e-01],
E           [ 1.7195e-01, -2.5857e-01,  1.3060e-01, -1.6403e-01, -4.5749e-02,
E             7.8872e-02,  5.7141e-02, -2.4994e-01],
E           [-1.5049e-01, -8.5551e-03, -1.8706e-01, -1.8922e-01, -2.8527e-01,
E             4.5353e-02,  3.3839e-01, -2.7770e-01],
E           [ 6.5391e-02,  3.3318e-01, -2.7325e-01,  2.8516e-01,  3.8276e-02,
E             4.4373e-02, -9.5726e-02,  1.2718e-02],
E           [ 3.1508e-01,  4.6883e-02, -2.9406e-02, -1.9235e-01, -2.3283e-01,
E             1.7050e-01,  2.4387e-01,  5.2081e-02],
E           [ 4.1066e-02, -6.2386e-03,  1.2309e-01,  2.3181e-01,  2.6301e-01,
E            -2.5472e-01,  1.6651e-03,  1.1311e-01],
E           [-8.3226e-02,  3.0233e-01, -2.6745e-01,  3.4599e-02,  2.6503e-02,
E             9.4537e-02, -1.9504e-02, -2.7928e-01],
E           [ 2.2293e-01,  2.8553e-01, -3.0919e-01,  3.5121e-01,  2.3116e-01,
E            -1.7777e-01, -4.8004e-02, -9.6859e-02],
E           [-1.6983e-02,  1.4837e-01,  6.8169e-02, -1.4110e-01,  8.2606e-03,
E             1.9500e-01, -3.3390e-01,  2.9704e-01],
E           [-2.7754e-01,  2.0108e-01, -3.2638e-01, -1.5985e-01,  2.8024e-01,
E            -3.3505e-01,  3.3092e-01,  1.8241e-01]]), 'conceptualSpaces.0.intraSentenceLayer.routing_proj.bias': tensor([ 0.1015,  0.1476, -0.2537,  0.1988, -0.1511,  0.1075, -0.1792, -0.1097,
E            0.2187, -0.1804,  0.2386,  0.1577, -0.0871,  0.3148, -0.2133,  0.2466,
E            0.1349, -0.0690,  0.2892, -0.2880, -0.2291, -0.1858, -0.3286,  0.0690,
E            0.2876,  0.3453, -0.1315,  0.1221,  0.2236, -0.0422, -0.0453, -0.0026,
E            0.0191, -0.0788, -0.0899,  0.1867, -0.1998, -0.2609,  0.1884, -0.0360,
E           -0.3506, -0.2296,  0.0587,  0.3362, -0.1310, -0.0025,  0.2462,  0.0274,
E           -0.0968,  0.0471, -0.1032,  0.2748, -0.1715,  0.1124, -0.0157, -0.3366,
E            0.0997, -0.0157, -0.1476,  0.3306, -0.0175, -0.2562,  0.1770,  0.3147,
E           -0.2802, -0.3469, -0.2684, -0.0956, -0.2098,  0.1494,  0.2565,  0.0901,
E           -0.2920,  0.2727, -0.3358,  0.2632,  0.0042,  0.0244, -0.3357,  0.1399,
E            0.1826,  0.3223, -0.0288,  0.0208, -0.1783, -0.0455,  0.0683, -0.0985,
E            0.0830, -0.2861,  0.2478,  0.3167,  0.2642,  0.2274, -0.3108, -0.3318,
E            0.0887,  0.3517,  0.1240,  0.2851, -0.0204, -0.0931, -0.2929,  0.3110]), 'conceptualSpaces.0.similarity_codebook.W': tensor([[0., 0., 0., 0., 0., 0., 0., 0., 0., 0., 0., 0., 0., 0., 0., 0., 0., 0., 0., 0., 0., 0., 0., 0.,
E            0., 0., 0., 0., 0., 0., 0., 0., 0., 0., 0., 0., 0., 0., 0., 0., 0., 0., 0., 0., 0., 0., 0., 0.,
E            0., 0., 0., 0., 0., 0., 0., 0., 0., 0., 0., 0., 0., 0., 0., 0., 0., 0., 0., 0., 0., 0., 0., 0.,
E            0., 0., 0., 0., 0., 0., 0., 0., 0., 0., 0., 0., 0., 0., 0., 0., 0., 0., 0., 0., 0., 0., 0., 0.,
E            0., 0., 0., 0., 0., 0., 0., 0.],
E           [0., 0., 0., 0., 0., 0., 0., 0., 0., 0., 0., 0., 0., 0., 0., 0., 0., 0., 0., 0., 0., 0., 0., 0.,
E            0., 0., 0., 0., 0., 0., 0., 0., 0., 0., 0., 0., 0., 0., 0., 0., 0., 0., 0., 0., 0., 0., 0., 0.,
E            0., 0., 0., 0., 0., 0., 0., 0., 0., 0., 0., 0., 0., 0., 0., 0., 0., 0., 0., 0., 0., 0., 0., 0.,
E            0., 0., 0., 0., 0., 0., 0., 0., 0., 0., 0., 0., 0., 0., 0., 0., 0., 0., 0., 0., 0., 0., 0., 0.,
E            0., 0., 0., 0., 0., 0., 0., 0.],
E           [0., 0., 0., 0., 0., 0., 0., 0., 0., 0., 0., 0., 0., 0., 0., 0., 0., 0., 0., 0., 0., 0., 0., 0.,
E            0., 0., 0., 0., 0., 0., 0., 0., 0., 0., 0., 0., 0., 0., 0., 0., 0., 0., 0., 0., 0., 0., 0., 0.,
E            0., 0., 0., 0., 0., 0., 0., 0., 0., 0., 0., 0., 0., 0., 0., 0., 0., 0., 0., 0., 0., 0., 0., 0.,
E            0., 0., 0., 0., 0., 0., 0., 0., 0., 0., 0., 0., 0., 0., 0., 0., 0., 0., 0., 0., 0., 0., 0., 0.,
E            0., 0., 0., 0., 0., 0., 0., 0.],
E           [0., 0., 0., 0., 0., 0., 0., 0., 0., 0., 0., 0., 0., 0., 0., 0., 0., 0., 0., 0., 0., 0., 0., 0.,
E            0., 0., 0., 0., 0., 0., 0., 0., 0., 0., 0., 0., 0., 0., 0., 0., 0., 0., 0., 0., 0., 0., 0., 0.,
E            0., 0., 0., 0., 0., 0., 0., 0., 0., 0., 0., 0., 0., 0., 0., 0., 0., 0., 0., 0., 0., 0., 0., 0.,
E            0., 0., 0., 0., 0., 0., 0., 0., 0., 0., 0., 0., 0., 0., 0., 0., 0., 0., 0., 0., 0., 0., 0., 0.,
E            0., 0., 0., 0., 0., 0., 0., 0.],
E           [0., 0., 0., 0., 0., 0., 0., 0., 0., 0., 0., 0., 0., 0., 0., 0., 0., 0., 0., 0., 0., 0., 0., 0.,
E            0., 0., 0., 0., 0., 0., 0., 0., 0., 0., 0., 0., 0., 0., 0., 0., 0., 0., 0., 0., 0., 0., 0., 0.,
E            0., 0., 0., 0., 0., 0., 0., 0., 0., 0., 0., 0., 0., 0., 0., 0., 0., 0., 0., 0., 0., 0., 0., 0.,
E            0., 0., 0., 0., 0., 0., 0., 0., 0., 0., 0., 0., 0., 0., 0., 0., 0., 0., 0., 0., 0., 0., 0., 0.,
E            0., 0., 0., 0., 0., 0., 0., 0.],
E           [0., 0., 0., 0., 0., 0., 0., 0., 0., 0., 0., 0., 0., 0., 0., 0., 0., 0., 0., 0., 0., 0., 0., 0.,
E            0., 0., 0., 0., 0., 0., 0., 0., 0., 0., 0., 0., 0., 0., 0., 0., 0., 0., 0., 0., 0., 0., 0., 0.,
E            0., 0., 0., 0., 0., 0., 0., 0., 0., 0., 0., 0., 0., 0., 0., 0., 0., 0., 0., 0., 0., 0., 0., 0.,
E            0., 0., 0., 0., 0., 0., 0., 0., 0., 0., 0., 0., 0., 0., 0., 0., 0., 0., 0., 0., 0., 0., 0., 0.,
E            0., 0., 0., 0., 0., 0., 0., 0.],
E           [0., 0., 0., 0., 0., 0., 0., 0., 0., 0., 0., 0., 0., 0., 0., 0., 0., 0., 0., 0., 0., 0., 0., 0.,
E            0., 0., 0., 0., 0., 0., 0., 0., 0., 0., 0., 0., 0., 0., 0., 0., 0., 0., 0., 0., 0., 0., 0., 0.,
E            0., 0., 0., 0., 0., 0., 0., 0., 0., 0., 0., 0., 0., 0., 0., 0., 0., 0., 0., 0., 0., 0., 0., 0.,
E            0., 0., 0., 0., 0., 0., 0., 0., 0., 0., 0., 0., 0., 0., 0., 0., 0., 0., 0., 0., 0., 0., 0., 0.,
E            0., 0., 0., 0., 0., 0., 0., 0.],
E           [0., 0., 0., 0., 0., 0., 0., 0., 0., 0., 0., 0., 0., 0., 0., 0., 0., 0., 0., 0., 0., 0., 0., 0.,
E            0., 0., 0., 0., 0., 0., 0., 0., 0., 0., 0., 0., 0., 0., 0., 0., 0., 0., 0., 0., 0., 0., 0., 0.,
E            0., 0., 0., 0., 0., 0., 0., 0., 0., 0., 0., 0., 0., 0., 0., 0., 0., 0., 0., 0., 0., 0., 0., 0.,
E            0., 0., 0., 0., 0., 0., 0., 0., 0., 0., 0., 0., 0., 0., 0., 0., 0., 0., 0., 0., 0., 0., 0., 0.,
E            0., 0., 0., 0., 0., 0., 0., 0.]]), 'conceptualSpaces.0.similarity_codebook.vq._b_norms_sq': tensor([1.0000, 1.0000, 1.0000, 1.0000, 1.0000, 1.0000, 1.0000, 1.0000]), 'conceptualSpaces.0.similarity_codebook.vq.active_mask': tensor([True, True, True, True, True, True, True, True]), 'conceptualSpaces.0.concepts_from_percepts.coefficients': tensor([[0.5000, 0.5000, 0.5000, 0.5000, 0.5000, 0.5000, 0.5000, 0.5000, 0.0000],
E           [0.5000, 0.5000, 0.5000, 0.5000, 0.5000, 0.5000, 0.5000, 0.5000, 0.0000],
E           [0.5000, 0.5000, 0.5000, 0.5000, 0.5000, 0.5000, 0.5000, 0.5000, 0.0000],
E           [0.5000, 0.5000, 0.5000, 0.5000, 0.5000, 0.5000, 0.5000, 0.5000, 0.0000],
E           [0.5000, 0.5000, 0.5000, 0.5000, 0.5000, 0.5000, 0.5000, 0.5000, 0.0000],
E           [0.5000, 0.5000, 0.5000, 0.5000, 0.5000, 0.5000, 0.5000, 0.5000, 0.0000],
E           [0.5000, 0.5000, 0.5000, 0.5000, 0.5000, 0.5000, 0.5000, 0.5000, 0.0000],
E           [0.5000, 0.5000, 0.5000, 0.5000, 0.5000, 0.5000, 0.5000, 0.5000, 0.0000]]), 'conceptualSpaces.0.concept_source_readout.sigma.layer.W': tensor([[0.5000],
E           [0.5000],
E           [0.5000],
E           [0.5000],
E           [0.5000],
E           [0.5000],
E           [0.5000],
E           [0.5000],
E           [0.5000]]), 'conceptualSpaces.0.concept_source_readout.sigma.layer.biasWeight': tensor([[0.]]), 'conceptualSpaces.0.concept_source_readout.sigma.layer.bias': tensor([1.]), 'conceptualSpaces.0.concept_source_readout.sigma.layer.var': tensor([0.]), 'conceptualSpaces.0.concept_source_readout.sigma.layer.sigma': tensor([0.]), 'conceptualSpaces.0.concept_source_readout.sigma.layer.sigma_mean': tensor([0.]), 'conceptualSpaces.0.concept_source_readout.sigma.layer.sigma_step': tensor(0), 'conceptualSpaces.1.layers.0.pi.layer.raw_L': tensor([[0., 0., 0.,  ..., 0., 0., 0.],
E           [0., 0., 0.,  ..., 0., 0., 0.],
E           [0., 0., 0.,  ..., 0., 0., 0.],
E           ...,
E           [0., 0., 0.,  ..., 0., 0., 0.],
E           [0., 0., 0.,  ..., 0., 0., 0.],
E           [0., 0., 0.,  ..., 0., 0., 0.]]), 'conceptualSpaces.1.layers.0.pi.layer.d': tensor([1., 1., 1., 1., 1., 1., 1., 1., 1., 1., 1., 1., 1., 1., 1., 1., 1., 1.,
E           1., 1., 1., 1., 1., 1., 1., 1., 1., 1., 1., 1., 1., 1., 1., 1., 1., 1.,
E           1., 1., 1., 1., 1., 1., 1., 1., 1., 1., 1., 1., 1., 1., 1., 1., 1., 1.,
E           1., 1., 1., 1., 1., 1., 1., 1., 1., 1., 1., 1., 1., 1., 1., 1., 1., 1.,
E           1., 1., 1., 1., 1., 1., 1., 1., 1., 1., 1., 1., 1., 1., 1., 1., 1., 1.,
E           1., 1., 1., 1., 1., 1., 1., 1., 1., 1., 1., 1., 1., 1.]), 'conceptualSpaces.1.layers.0.pi.layer.raw_U': tensor([[0., 0., 0.,  ..., 0., 0., 0.],
E           [0., 0., 0.,  ..., 0., 0., 0.],
E           [0., 0., 0.,  ..., 0., 0., 0.],
E           ...,
E           [0., 0., 0.,  ..., 0., 0., 0.],
E           [0., 0., 0.,  ..., 0., 0., 0.],
E           [0., 0., 0.,  ..., 0., 0., 0.]]), 'conceptualSpaces.1.layers.0.pi.layer.biasWeight': tensor([[0., 0., 0., 0., 0., 0., 0., 0., 0., 0., 0., 0., 0., 0., 0., 0., 0., 0., 0., 0., 0., 0., 0., 0.,
E            0., 0., 0., 0., 0., 0., 0., 0., 0., 0., 0., 0., 0., 0., 0., 0., 0., 0., 0., 0., 0., 0., 0., 0.,
E            0., 0., 0., 0., 0., 0., 0., 0., 0., 0., 0., 0., 0., 0., 0., 0., 0., 0., 0., 0., 0., 0., 0., 0.,
E            0., 0., 0., 0., 0., 0., 0., 0., 0., 0., 0., 0., 0., 0., 0., 0., 0., 0., 0., 0., 0., 0., 0., 0.,
E            0., 0., 0., 0., 0., 0., 0., 0.]]), 'conceptualSpaces.1.layers.0.pi.layer.bias': tensor([1.]), 'conceptualSpaces.1.layers.0.pi.layer.var': tensor([0.]), 'conceptualSpaces.1.layers.0.pi.layer.sigma': tensor([0.]), 'conceptualSpaces.1.layers.0.pi.layer.sigma_mean': tensor([0.]), 'conceptualSpaces.1.layers.0.pi.layer.sigma_step': tensor(0), 'conceptualSpaces.1.layers.0.sigma.layer.raw_L': tensor([[0., 0., 0.,  ..., 0., 0., 0.],
E           [0., 0., 0.,  ..., 0., 0., 0.],
E           [0., 0., 0.,  ..., 0., 0., 0.],
E           ...,
E           [0., 0., 0.,  ..., 0., 0., 0.],
E           [0., 0., 0.,  ..., 0., 0., 0.],
E           [0., 0., 0.,  ..., 0., 0., 0.]]), 'conceptualSpaces.1.layers.0.sigma.layer.d': tensor([1., 1., 1., 1., 1., 1., 1., 1., 1., 1., 1., 1., 1., 1., 1., 1., 1., 1.,
E           1., 1., 1., 1., 1., 1., 1., 1., 1., 1., 1., 1., 1., 1., 1., 1., 1., 1.,
E           1., 1., 1., 1., 1., 1., 1., 1., 1., 1., 1., 1., 1., 1., 1., 1., 1., 1.,
E           1., 1., 1., 1., 1., 1., 1., 1., 1., 1., 1., 1., 1., 1., 1., 1., 1., 1.,
E           1., 1., 1., 1., 1., 1., 1., 1., 1., 1., 1., 1., 1., 1., 1., 1., 1., 1.,
E           1., 1., 1., 1., 1., 1., 1., 1., 1., 1., 1., 1., 1., 1.]), 'conceptualSpaces.1.layers.0.sigma.layer.raw_U': tensor([[0., 0., 0.,  ..., 0., 0., 0.],
E           [0., 0., 0.,  ..., 0., 0., 0.],
E           [0., 0., 0.,  ..., 0., 0., 0.],
E           ...,
E           [0., 0., 0.,  ..., 0., 0., 0.],
E           [0., 0., 0.,  ..., 0., 0., 0.],
E           [0., 0., 0.,  ..., 0., 0., 0.]]), 'conceptualSpaces.1.layers.0.sigma.layer.biasWeight': tensor([[0., 0., 0., 0., 0., 0., 0., 0., 0., 0., 0., 0., 0., 0., 0., 0., 0., 0., 0., 0., 0., 0., 0., 0.,
E            0., 0., 0., 0., 0., 0., 0., 0., 0., 0., 0., 0., 0., 0., 0., 0., 0., 0., 0., 0., 0., 0., 0., 0.,
E            0., 0., 0., 0., 0., 0., 0., 0., 0., 0., 0., 0., 0., 0., 0., 0., 0., 0., 0., 0., 0., 0., 0., 0.,
E            0., 0., 0., 0., 0., 0., 0., 0., 0., 0., 0., 0., 0., 0., 0., 0., 0., 0., 0., 0., 0., 0., 0., 0.,
E            0., 0., 0., 0., 0., 0., 0., 0.]]), 'conceptualSpaces.1.layers.0.sigma.layer.bias': tensor([1.]), 'conceptualSpaces.1.layers.0.sigma.layer.var': tensor([0.]), 'conceptualSpaces.1.layers.0.sigma.layer.sigma': tensor([0.]), 'conceptualSpaces.1.layers.0.sigma.layer.sigma_mean': tensor([0.]), 'conceptualSpaces.1.layers.0.sigma.layer.sigma_step': tensor(0), 'conceptualSpaces.1.layers.0.layers.0.layer.raw_L': tensor([[0., 0., 0.,  ..., 0., 0., 0.],
E           [0., 0., 0.,  ..., 0., 0., 0.],
E           [0., 0., 0.,  ..., 0., 0., 0.],
E           ...,
E           [0., 0., 0.,  ..., 0., 0., 0.],
E           [0., 0., 0.,  ..., 0., 0., 0.],
E           [0., 0., 0.,  ..., 0., 0., 0.]]), 'conceptualSpaces.1.layers.0.layers.0.layer.d': tensor([1., 1., 1., 1., 1., 1., 1., 1., 1., 1., 1., 1., 1., 1., 1., 1., 1., 1.,
E           1., 1., 1., 1., 1., 1., 1., 1., 1., 1., 1., 1., 1., 1., 1., 1., 1., 1.,
E           1., 1., 1., 1., 1., 1., 1., 1., 1., 1., 1., 1., 1., 1., 1., 1., 1., 1.,
E           1., 1., 1., 1., 1., 1., 1., 1., 1., 1., 1., 1., 1., 1., 1., 1., 1., 1.,
E           1., 1., 1., 1., 1., 1., 1., 1., 1., 1., 1., 1., 1., 1., 1., 1., 1., 1.,
E           1., 1., 1., 1., 1., 1., 1., 1., 1., 1., 1., 1., 1., 1.]), 'conceptualSpaces.1.layers.0.layers.0.layer.raw_U': tensor([[0., 0., 0.,  ..., 0., 0., 0.],
E           [0., 0., 0.,  ..., 0., 0., 0.],
E           [0., 0., 0.,  ..., 0., 0., 0.],
E           ...,
E           [0., 0., 0.,  ..., 0., 0., 0.],
E           [0., 0., 0.,  ..., 0., 0., 0.],
E           [0., 0., 0.,  ..., 0., 0., 0.]]), 'conceptualSpaces.1.layers.0.layers.0.layer.biasWeight': tensor([[0., 0., 0., 0., 0., 0., 0., 0., 0., 0., 0., 0., 0., 0., 0., 0., 0., 0., 0., 0., 0., 0., 0., 0.,
E            0., 0., 0., 0., 0., 0., 0., 0., 0., 0., 0., 0., 0., 0., 0., 0., 0., 0., 0., 0., 0., 0., 0., 0.,
E            0., 0., 0., 0., 0., 0., 0., 0., 0., 0., 0., 0., 0., 0., 0., 0., 0., 0., 0., 0., 0., 0., 0., 0.,
E            0., 0., 0., 0., 0., 0., 0., 0., 0., 0., 0., 0., 0., 0., 0., 0., 0., 0., 0., 0., 0., 0., 0., 0.,
E            0., 0., 0., 0., 0., 0., 0., 0.]]), 'conceptualSpaces.1.layers.0.layers.0.layer.bias': tensor([1.]), 'conceptualSpaces.1.layers.0.layers.0.layer.var': tensor([0.]), 'conceptualSpaces.1.layers.0.layers.0.layer.sigma': tensor([0.]), 'conceptualSpaces.1.layers.0.layers.0.layer.sigma_mean': tensor([0.]), 'conceptualSpaces.1.layers.0.layers.0.layer.sigma_step': tensor(0), 'conceptualSpaces.1.layers.0.layers.1.layer.raw_L': tensor([[0., 0., 0.,  ..., 0., 0., 0.],
E           [0., 0., 0.,  ..., 0., 0., 0.],
E           [0., 0., 0.,  ..., 0., 0., 0.],
E           ...,
E           [0., 0., 0.,  ..., 0., 0., 0.],
E           [0., 0., 0.,  ..., 0., 0., 0.],
E           [0., 0., 0.,  ..., 0., 0., 0.]]), 'conceptualSpaces.1.layers.0.layers.1.layer.d': tensor([1., 1., 1., 1., 1., 1., 1., 1., 1., 1., 1., 1., 1., 1., 1., 1., 1., 1.,
E           1., 1., 1., 1., 1., 1., 1., 1., 1., 1., 1., 1., 1., 1., 1., 1., 1., 1.,
E           1., 1., 1., 1., 1., 1., 1., 1., 1., 1., 1., 1., 1., 1., 1., 1., 1., 1.,
E           1., 1., 1., 1., 1., 1., 1., 1., 1., 1., 1., 1., 1., 1., 1., 1., 1., 1.,
E           1., 1., 1., 1., 1., 1., 1., 1., 1., 1., 1., 1., 1., 1., 1., 1., 1., 1.,
E           1., 1., 1., 1., 1., 1., 1., 1., 1., 1., 1., 1., 1., 1.]), 'conceptualSpaces.1.layers.0.layers.1.layer.raw_U': tensor([[0., 0., 0.,  ..., 0., 0., 0.],
E           [0., 0., 0.,  ..., 0., 0., 0.],
E           [0., 0., 0.,  ..., 0., 0., 0.],
E           ...,
E           [0., 0., 0.,  ..., 0., 0., 0.],
E           [0., 0., 0.,  ..., 0., 0., 0.],
E           [0., 0., 0.,  ..., 0., 0., 0.]]), 'conceptualSpaces.1.layers.0.layers.1.layer.biasWeight': tensor([[0., 0., 0., 0., 0., 0., 0., 0., 0., 0., 0., 0., 0., 0., 0., 0., 0., 0., 0., 0., 0., 0., 0., 0.,
E            0., 0., 0., 0., 0., 0., 0., 0., 0., 0., 0., 0., 0., 0., 0., 0., 0., 0., 0., 0., 0., 0., 0., 0.,
E            0., 0., 0., 0., 0., 0., 0., 0., 0., 0., 0., 0., 0., 0., 0., 0., 0., 0., 0., 0., 0., 0., 0., 0.,
E            0., 0., 0., 0., 0., 0., 0., 0., 0., 0., 0., 0., 0., 0., 0., 0., 0., 0., 0., 0., 0., 0., 0., 0.,
E            0., 0., 0., 0., 0., 0., 0., 0.]]), 'conceptualSpaces.1.layers.0.layers.1.layer.bias': tensor([1.]), 'conceptualSpaces.1.layers.0.layers.1.layer.var': tensor([0.]), 'conceptualSpaces.1.layers.0.layers.1.layer.sigma': tensor([0.]), 'conceptualSpaces.1.layers.0.layers.1.layer.sigma_mean': tensor([0.]), 'conceptualSpaces.1.layers.0.layers.1.layer.sigma_step': tensor(0), 'conceptualSpaces.1.layers.0.routing_proj.weight': tensor([[ 0.1266, -0.3519, -0.1392,  0.2455, -0.2059, -0.0205,  0.1910, -0.2831],
E           [ 0.2798,  0.1098, -0.0956,  0.3442, -0.2346, -0.3032,  0.3378,  0.1603],
E           [ 0.0989, -0.2129,  0.1561,  0.2733,  0.0748, -0.0603,  0.0365, -0.2827],
E           [ 0.2045, -0.2566, -0.0839, -0.0079,  0.2208, -0.0279, -0.0112, -0.3309],
E           [-0.0311, -0.1176,  0.2050, -0.2318, -0.3465,  0.0532,  0.0901,  0.0538],
E           [ 0.2468, -0.2555, -0.1894, -0.0870,  0.0463,  0.3494,  0.0228, -0.3035],
E           [-0.0646,  0.2114, -0.2261, -0.3508, -0.0902,  0.1411, -0.1786, -0.2233],
E           [ 0.0850,  0.1178,  0.0351,  0.3131,  0.2894, -0.1167,  0.2688,  0.1417],
E           [ 0.2900,  0.3174,  0.3227,  0.0342,  0.2299,  0.2058, -0.1806,  0.2926],
E           [ 0.1839, -0.1800,  0.2593,  0.1164, -0.0975, -0.1196, -0.3161,  0.3183],
E           [ 0.2156,  0.1304, -0.3049, -0.3395, -0.3394, -0.3213,  0.1241, -0.0803],
E           [ 0.2273, -0.2081,  0.0266, -0.1337, -0.2830, -0.0960,  0.1726,  0.2742],
E           [-0.3114, -0.1542, -0.1026, -0.1663,  0.2327, -0.0995, -0.3078, -0.1453],
E           [-0.1753, -0.1080,  0.2856,  0.1122, -0.2313, -0.0335, -0.3324, -0.3277],
E           [ 0.0228, -0.0968,  0.2357, -0.2530,  0.3445,  0.3504,  0.2621,  0.1666],
E           [-0.0438,  0.2680,  0.3324,  0.3129, -0.1839,  0.0007, -0.0962, -0.0894],
E           [-0.0232, -0.0931, -0.3191,  0.2391,  0.1872,  0.2323, -0.0685,  0.0884],
E           [ 0.1499, -0.2808, -0.3226, -0.2938,  0.1277, -0.3118,  0.1981,  0.2580],
E           [-0.0268, -0.3206, -0.0477,  0.2643, -0.2953, -0.1113, -0.2274,  0.0541],
E           [ 0.0656, -0.3351,  0.2633, -0.1977,  0.0532,  0.1913, -0.2910, -0.2465],
E           [ 0.3295,  0.3499, -0.2188,  0.2230, -0.1979, -0.0796,  0.2440, -0.2326],
E           [ 0.0285, -0.3199, -0.2619, -0.1514, -0.1899,  0.2441,  0.1280, -0.3480],
E           [-0.3382, -0.3363, -0.2477, -0.1619,  0.3128, -0.1797, -0.3096, -0.0211],
E           [ 0.3070, -0.2125, -0.2733, -0.3388, -0.1207, -0.1445,  0.1532,  0.2569],
E           [ 0.0717, -0.3011,  0.1645,  0.2247,  0.1176, -0.1168,  0.0822,  0.1406],
E           [ 0.2740,  0.3495, -0.1667,  0.3070,  0.1450,  0.0355,  0.0402,  0.0985],
E           [-0.2061,  0.2076, -0.0183, -0.1943,  0.0210, -0.2879, -0.3336,  0.1284],
E           [ 0.0020, -0.2738,  0.3006, -0.1250,  0.2520,  0.2490,  0.0070, -0.1206],
E           [-0.2597,  0.2746,  0.3489, -0.2679,  0.2385,  0.0591,  0.3226, -0.0144],
E           [-0.1608, -0.0513, -0.0419,  0.0729, -0.1407, -0.0290, -0.2353, -0.0156],
E           [ 0.0632, -0.3118, -0.1937, -0.0406, -0.2080, -0.0213, -0.0160,  0.2483],
E           [ 0.0777,  0.3016,  0.0051, -0.1905,  0.3254,  0.2546,  0.1577,  0.0379],
E           [ 0.0640, -0.2234, -0.3401, -0.1181, -0.1168,  0.3495, -0.3162, -0.2211],
E           [ 0.3474,  0.0315,  0.1370, -0.0824,  0.1197, -0.2613, -0.1257, -0.1165],
E           [ 0.3468, -0.2314, -0.2201,  0.0004, -0.3025,  0.0334,  0.2717,  0.2243],
E           [-0.2142,  0.3057,  0.0629,  0.1284, -0.1191,  0.1537,  0.1826,  0.1423],
E           [ 0.2884,  0.2183, -0.0740, -0.0858, -0.0966, -0.2540,  0.1348,  0.2725],
E           [-0.1460, -0.2398,  0.2238, -0.0255,  0.0395,  0.1268, -0.0343,  0.3525],
E           [-0.2247, -0.1006, -0.1496, -0.2222, -0.0930,  0.2477, -0.2412, -0.3067],
E           [-0.2714,  0.0519, -0.0571, -0.3030,  0.2867, -0.3045, -0.0164,  0.0961],
E           [-0.1285, -0.0912, -0.2794, -0.1779, -0.0373, -0.2472,  0.3176,  0.0842],
E           [ 0.3291,  0.0167,  0.2612,  0.1738,  0.3487,  0.1369,  0.3229,  0.3338],
E           [-0.2616, -0.2916,  0.1750, -0.0966, -0.1878,  0.1309, -0.0852,  0.0210],
E           [-0.2942, -0.0689,  0.1011, -0.3033,  0.0101,  0.1828, -0.1228,  0.2060],
E           [ 0.0996, -0.1838,  0.2348, -0.0858, -0.1831,  0.3440, -0.0222, -0.2664],
E           [ 0.0169, -0.2321,  0.2242, -0.1190,  0.2044, -0.2293,  0.1340,  0.0099],
E           [ 0.0188,  0.1885, -0.3399, -0.0233,  0.0596,  0.3001,  0.1107, -0.3237],
E           [-0.1193, -0.0355,  0.2419, -0.3522,  0.0855, -0.3477, -0.0331,  0.1352],
E           [-0.1071,  0.2040, -0.0910,  0.2013,  0.2526, -0.1051, -0.3008, -0.0774],
E           [ 0.0234, -0.1170, -0.0893, -0.2475, -0.3166, -0.0590, -0.0020,  0.2730],
E           [-0.0058,  0.0317,  0.2600, -0.1709,  0.1343,  0.2093, -0.2804, -0.3161],
E           [-0.2592,  0.2078, -0.2424, -0.0924, -0.1895,  0.2330, -0.3263, -0.2152],
E           [ 0.3160,  0.0813, -0.0258,  0.0371, -0.0437,  0.3396, -0.0039,  0.2203],
E           [-0.1868,  0.1251,  0.2590,  0.0047,  0.2969, -0.1602, -0.2876,  0.3402],
E           [-0.1255,  0.1005,  0.2031, -0.0433,  0.1893,  0.1554, -0.2535, -0.1568],
E           [-0.2117,  0.0861,  0.3414,  0.0489,  0.0421,  0.0289,  0.2688, -0.3403],
E           [ 0.0886,  0.2118,  0.1639, -0.0613, -0.1294,  0.2807,  0.1610, -0.3249],
E           [ 0.1871,  0.0459, -0.2943,  0.0792, -0.1013, -0.0269,  0.1582,  0.2742],
E           [-0.2667,  0.2655, -0.1896,  0.1565,  0.1052,  0.0269, -0.2150,  0.2342],
E           [-0.0037, -0.1139, -0.3148,  0.1542,  0.3042,  0.1861,  0.0503,  0.1258],
E           [-0.0649,  0.0741,  0.2367, -0.2073,  0.2062,  0.2562, -0.1847,  0.2375],
E           [-0.3154, -0.3191, -0.1257,  0.1893, -0.1871, -0.2852,  0.2593,  0.0836],
E           [-0.2207, -0.2012, -0.0175,  0.2874, -0.3310, -0.2885, -0.1752, -0.3118],
E           [ 0.1999,  0.1969, -0.1627, -0.2198,  0.0166,  0.1398,  0.0180,  0.1415],
E           [ 0.0678,  0.0733, -0.0339,  0.0850, -0.1330, -0.3354, -0.1667, -0.0543],
E           [-0.2248, -0.1271,  0.0616, -0.0180,  0.2097,  0.3414, -0.2631,  0.2518],
E           [-0.2599,  0.2976, -0.0574, -0.1449, -0.3096, -0.3151,  0.3198, -0.1924],
E           [-0.0016, -0.0396, -0.1513, -0.1172, -0.1462, -0.2112,  0.1608, -0.0935],
E           [ 0.2581,  0.0070, -0.1799, -0.2022, -0.1418, -0.3293, -0.1405, -0.0213],
E           [ 0.0836, -0.1285, -0.2242, -0.1359, -0.3472, -0.2940,  0.2368,  0.0487],
E           [ 0.3113, -0.2825,  0.1042,  0.2182, -0.0870, -0.0108, -0.1102, -0.3526],
E           [-0.0187, -0.1397, -0.0231, -0.1402,  0.3354, -0.1404,  0.0878, -0.1631],
E           [ 0.0482, -0.0870, -0.2733, -0.2404, -0.2604, -0.2204, -0.0962, -0.1510],
E           [-0.1777, -0.2614, -0.3238,  0.1104,  0.2922,  0.1866, -0.2346, -0.1524],
E           [-0.0497, -0.1854,  0.1244,  0.3052,  0.3440, -0.0853,  0.1319,  0.1757],
E           [ 0.2684,  0.1506,  0.0176,  0.2754, -0.2597, -0.2822,  0.3017, -0.1939],
E           [-0.0842, -0.1170, -0.1734,  0.2157,  0.2955, -0.1393, -0.0021, -0.0721],
E           [-0.0823, -0.2033, -0.3172, -0.3262,  0.1719, -0.3376, -0.3108,  0.0690],
E           [ 0.0462,  0.1051, -0.1789, -0.3532,  0.1782, -0.3381,  0.2173,  0.1272],
E           [ 0.0707, -0.3232, -0.2717, -0.1068,  0.3347, -0.3341, -0.0130, -0.0219],
E           [ 0.0017,  0.3054, -0.0192, -0.2757,  0.0276, -0.0603, -0.0681, -0.1652],
E           [-0.1326,  0.2748,  0.3017,  0.2853,  0.1967,  0.3063, -0.2561, -0.3465],
E           [ 0.2582, -0.1619, -0.1790,  0.3319, -0.2899, -0.1963, -0.0218,  0.0469],
E           [-0.0250, -0.3518,  0.0171,  0.3072,  0.1846,  0.0943, -0.2117,  0.2046],
E           [-0.3366, -0.3240,  0.3298, -0.2578,  0.2917,  0.1611, -0.2217,  0.0204],
E           [-0.3234, -0.0527, -0.3063,  0.1131, -0.0140, -0.1324,  0.0586, -0.0981],
E           [-0.1202, -0.1457, -0.0868,  0.0486, -0.1869, -0.1734, -0.3126,  0.1385],
E           [ 0.2653, -0.1925,  0.0813,  0.0906,  0.2046,  0.3030, -0.2829, -0.2567],
E           [-0.1123,  0.0399, -0.2729,  0.2965,  0.3058,  0.0980, -0.1139,  0.0409],
E           [ 0.3181,  0.0106, -0.1288, -0.2471, -0.0017, -0.2449,  0.1793,  0.0249],
E           [ 0.0068,  0.0861, -0.1415,  0.0398, -0.3402, -0.2856,  0.1190, -0.1532],
E           [ 0.2719, -0.0174,  0.1631,  0.0465,  0.1063, -0.2532,  0.2782,  0.1052],
E           [-0.0563,  0.1992, -0.1806,  0.1086, -0.3220, -0.3214,  0.2867,  0.2374],
E           [-0.0679,  0.0808,  0.0573,  0.0690, -0.1762, -0.0253,  0.2377,  0.2984],
E           [ 0.2025,  0.2049,  0.0363, -0.1555, -0.2616,  0.1925,  0.2441, -0.1614],
E           [ 0.1379, -0.2921, -0.2188,  0.2730,  0.0254,  0.3313,  0.0641,  0.0546],
E           [ 0.0565, -0.3118,  0.1199,  0.0305, -0.3372,  0.3265, -0.1440, -0.3149],
E           [-0.1041, -0.0514, -0.0215,  0.0711,  0.2370,  0.1856,  0.3241, -0.1512],
E           [ 0.0673, -0.0052, -0.2659,  0.0187,  0.3026,  0.0129, -0.1202,  0.1652],
E           [-0.2746,  0.3417,  0.3441,  0.2689,  0.0992, -0.0062,  0.1567,  0.2921],
E           [ 0.2199, -0.1547,  0.2442,  0.1813,  0.3208,  0.2413, -0.2157, -0.0730],
E           [-0.3222,  0.2217,  0.1282,  0.1589, -0.0480, -0.3419, -0.1494, -0.2453],
E           [-0.0789, -0.3447,  0.2341,  0.3491,  0.3316, -0.2221,  0.1581, -0.1741],
E           [ 0.1827, -0.3174, -0.3520, -0.0715,  0.2126,  0.3018,  0.3375, -0.1073]]), 'conceptualSpaces.1.layers.0.routing_proj.bias': tensor([ 0.2236,  0.0029,  0.0364,  0.0241, -0.3021, -0.1472,  0.0503, -0.2501,
E           -0.2775,  0.0117, -0.1551,  0.0094,  0.0471,  0.1717,  0.0983,  0.0063,
E           -0.0792,  0.0199, -0.2155, -0.3333,  0.2659,  0.0187,  0.0063, -0.2376,
E           -0.2571,  0.1052,  0.1025,  0.2394,  0.1809, -0.0379,  0.1224,  0.1765,
E            0.1402, -0.2271, -0.0604, -0.2636,  0.2536,  0.0522, -0.1543,  0.3472,
E           -0.2208,  0.2214,  0.1710,  0.3439,  0.0191,  0.1027,  0.3067,  0.2238,
E           -0.2136,  0.0090, -0.1989, -0.2706, -0.1391,  0.3259,  0.2698,  0.0274,
E           -0.2956,  0.0692, -0.0663, -0.1972,  0.2627,  0.0628, -0.1202,  0.0996,
E            0.3201, -0.0383,  0.2073,  0.2690,  0.2928,  0.1535, -0.0899,  0.1816,
E            0.2318,  0.1184,  0.0467,  0.1855,  0.3403, -0.1306,  0.2210,  0.2860,
E           -0.1895, -0.2567, -0.0512, -0.2353,  0.2013,  0.1367, -0.2706,  0.1468,
E           -0.0451, -0.3437,  0.0839,  0.2773,  0.1342,  0.0509, -0.0109,  0.2432,
E            0.0657,  0.2182, -0.0770,  0.1194, -0.2841,  0.2062, -0.1048, -0.1443]), 'conceptualSpaces.1.layers.3.W': tensor([[0., 0., 0., 0., 0., 0., 0., 0., 0., 0., 0., 0., 0., 0., 0., 0., 0., 0., 0., 0., 0., 0., 0., 0.,
E            0., 0., 0., 0., 0., 0., 0., 0., 0., 0., 0., 0., 0., 0., 0., 0., 0., 0., 0., 0., 0., 0., 0., 0.,
E            0., 0., 0., 0., 0., 0., 0., 0., 0., 0., 0., 0., 0., 0., 0., 0., 0., 0., 0., 0., 0., 0., 0., 0.,
E            0., 0., 0., 0., 0., 0., 0., 0., 0., 0., 0., 0., 0., 0., 0., 0., 0., 0., 0., 0., 0., 0., 0., 0.,
E            0., 0., 0., 0., 0., 0., 0., 0.],
E           [0., 0., 0., 0., 0., 0., 0., 0., 0., 0., 0., 0., 0., 0., 0., 0., 0., 0., 0., 0., 0., 0., 0., 0.,
E            0., 0., 0., 0., 0., 0., 0., 0., 0., 0., 0., 0., 0., 0., 0., 0., 0., 0., 0., 0., 0., 0., 0., 0.,
E            0., 0., 0., 0., 0., 0., 0., 0., 0., 0., 0., 0., 0., 0., 0., 0., 0., 0., 0., 0., 0., 0., 0., 0.,
E            0., 0., 0., 0., 0., 0., 0., 0., 0., 0., 0., 0., 0., 0., 0., 0., 0., 0., 0., 0., 0., 0., 0., 0.,
E            0., 0., 0., 0., 0., 0., 0., 0.],
E           [0., 0., 0., 0., 0., 0., 0., 0., 0., 0., 0., 0., 0., 0., 0., 0., 0., 0., 0., 0., 0., 0., 0., 0.,
E            0., 0., 0., 0., 0., 0., 0., 0., 0., 0., 0., 0., 0., 0., 0., 0., 0., 0., 0., 0., 0., 0., 0., 0.,
E            0., 0., 0., 0., 0., 0., 0., 0., 0., 0., 0., 0., 0., 0., 0., 0., 0., 0., 0., 0., 0., 0., 0., 0.,
E            0., 0., 0., 0., 0., 0., 0., 0., 0., 0., 0., 0., 0., 0., 0., 0., 0., 0., 0., 0., 0., 0., 0., 0.,
E            0., 0., 0., 0., 0., 0., 0., 0.],
E           [0., 0., 0., 0., 0., 0., 0., 0., 0., 0., 0., 0., 0., 0., 0., 0., 0., 0., 0., 0., 0., 0., 0., 0.,
E            0., 0., 0., 0., 0., 0., 0., 0., 0., 0., 0., 0., 0., 0., 0., 0., 0., 0., 0., 0., 0., 0., 0., 0.,
E            0., 0., 0., 0., 0., 0., 0., 0., 0., 0., 0., 0., 0., 0., 0., 0., 0., 0., 0., 0., 0., 0., 0., 0.,
E            0., 0., 0., 0., 0., 0., 0., 0., 0., 0., 0., 0., 0., 0., 0., 0., 0., 0., 0., 0., 0., 0., 0., 0.,
E            0., 0., 0., 0., 0., 0., 0., 0.],
E           [0., 0., 0., 0., 0., 0., 0., 0., 0., 0., 0., 0., 0., 0., 0., 0., 0., 0., 0., 0., 0., 0., 0., 0.,
E            0., 0., 0., 0., 0., 0., 0., 0., 0., 0., 0., 0., 0., 0., 0., 0., 0., 0., 0., 0., 0., 0., 0., 0.,
E            0., 0., 0., 0., 0., 0., 0., 0., 0., 0., 0., 0., 0., 0., 0., 0., 0., 0., 0., 0., 0., 0., 0., 0.,
E            0., 0., 0., 0., 0., 0., 0., 0., 0., 0., 0., 0., 0., 0., 0., 0., 0., 0., 0., 0., 0., 0., 0., 0.,
E            0., 0., 0., 0., 0., 0., 0., 0.],
E           [0., 0., 0., 0., 0., 0., 0., 0., 0., 0., 0., 0., 0., 0., 0., 0., 0., 0., 0., 0., 0., 0., 0., 0.,
E            0., 0., 0., 0., 0., 0., 0., 0., 0., 0., 0., 0., 0., 0., 0., 0., 0., 0., 0., 0., 0., 0., 0., 0.,
E            0., 0., 0., 0., 0., 0., 0., 0., 0., 0., 0., 0., 0., 0., 0., 0., 0., 0., 0., 0., 0., 0., 0., 0.,
E            0., 0., 0., 0., 0., 0., 0., 0., 0., 0., 0., 0., 0., 0., 0., 0., 0., 0., 0., 0., 0., 0., 0., 0.,
E            0., 0., 0., 0., 0., 0., 0., 0.],
E           [0., 0., 0., 0., 0., 0., 0., 0., 0., 0., 0., 0., 0., 0., 0., 0., 0., 0., 0., 0., 0., 0., 0., 0.,
E            0., 0., 0., 0., 0., 0., 0., 0., 0., 0., 0., 0., 0., 0., 0., 0., 0., 0., 0., 0., 0., 0., 0., 0.,
E            0., 0., 0., 0., 0., 0., 0., 0., 0., 0., 0., 0., 0., 0., 0., 0., 0., 0., 0., 0., 0., 0., 0., 0.,
E            0., 0., 0., 0., 0., 0., 0., 0., 0., 0., 0., 0., 0., 0., 0., 0., 0., 0., 0., 0., 0., 0., 0., 0.,
E            0., 0., 0., 0., 0., 0., 0., 0.],
E           [0., 0., 0., 0., 0., 0., 0., 0., 0., 0., 0., 0., 0., 0., 0., 0., 0., 0., 0., 0., 0., 0., 0., 0.,
E            0., 0., 0., 0., 0., 0., 0., 0., 0., 0., 0., 0., 0., 0., 0., 0., 0., 0., 0., 0., 0., 0., 0., 0.,
E            0., 0., 0., 0., 0., 0., 0., 0., 0., 0., 0., 0., 0., 0., 0., 0., 0., 0., 0., 0., 0., 0., 0., 0.,
E            0., 0., 0., 0., 0., 0., 0., 0., 0., 0., 0., 0., 0., 0., 0., 0., 0., 0., 0., 0., 0., 0., 0., 0.,
E            0., 0., 0., 0., 0., 0., 0., 0.]]), 'conceptualSpaces.1.layers.3.vq._b_norms_sq': tensor([1.0000, 1.0000, 1.0000, 1.0000, 1.0000, 1.0000, 1.0000, 1.0000]), 'conceptualSpaces.1.layers.3.vq.active_mask': tensor([True, True, True, True, True, True, True, True]), 'conceptualSpaces.1.layers.4.coefficients': tensor([[0.5000, 0.5000, 0.5000, 0.5000, 0.5000, 0.5000, 0.5000, 0.5000, 0.0000],
E           [0.5000, 0.5000, 0.5000, 0.5000, 0.5000, 0.5000, 0.5000, 0.5000, 0.0000],
E           [0.5000, 0.5000, 0.5000, 0.5000, 0.5000, 0.5000, 0.5000, 0.5000, 0.0000],
E           [0.5000, 0.5000, 0.5000, 0.5000, 0.5000, 0.5000, 0.5000, 0.5000, 0.0000],
E           [0.5000, 0.5000, 0.5000, 0.5000, 0.5000, 0.5000, 0.5000, 0.5000, 0.0000],
E           [0.5000, 0.5000, 0.5000, 0.5000, 0.5000, 0.5000, 0.5000, 0.5000, 0.0000],
E           [0.5000, 0.5000, 0.5000, 0.5000, 0.5000, 0.5000, 0.5000, 0.5000, 0.0000],
E           [0.5000, 0.5000, 0.5000, 0.5000, 0.5000, 0.5000, 0.5000, 0.5000, 0.0000]]), 'conceptualSpaces.1.layers.5.sigma.layer.W': tensor([[0.5000],
E           [0.5000],
E           [0.5000],
E           [0.5000],
E           [0.5000],
E           [0.5000],
E           [0.5000],
E           [0.5000],
E           [0.5000]]), 'conceptualSpaces.1.layers.5.sigma.layer.biasWeight': tensor([[0.]]), 'conceptualSpaces.1.layers.5.sigma.layer.bias': tensor([1.]), 'conceptualSpaces.1.layers.5.sigma.layer.var': tensor([0.]), 'conceptualSpaces.1.layers.5.sigma.layer.sigma': tensor([0.]), 'conceptualSpaces.1.layers.5.sigma.layer.sigma_mean': tensor([0.]), 'conceptualSpaces.1.layers.5.sigma.layer.sigma_step': tensor(0), 'conceptualSpaces.1.layers.6.callosum': tensor([[0.5000, 0.0000, 0.0000, 0.0000, 0.0000, 0.0000, 0.0000, 0.0000],
E           [0.0000, 0.5000, 0.0000, 0.0000, 0.0000, 0.0000, 0.0000, 0.0000],
E           [0.0000, 0.0000, 0.5000, 0.0000, 0.0000, 0.0000, 0.0000, 0.0000],
E           [0.0000, 0.0000, 0.0000, 0.5000, 0.0000, 0.0000, 0.0000, 0.0000],
E           [0.0000, 0.0000, 0.0000, 0.0000, 0.5000, 0.0000, 0.0000, 0.0000],
E           [0.0000, 0.0000, 0.0000, 0.0000, 0.0000, 0.5000, 0.0000, 0.0000],
E           [0.0000, 0.0000, 0.0000, 0.0000, 0.0000, 0.0000, 0.5000, 0.0000],
E           [0.0000, 0.0000, 0.0000, 0.0000, 0.0000, 0.0000, 0.0000, 0.5000],
E           [0.5000, 0.0000, 0.0000, 0.0000, 0.0000, 0.0000, 0.0000, 0.0000],
E           [0.0000, 0.5000, 0.0000, 0.0000, 0.0000, 0.0000, 0.0000, 0.0000],
E           [0.0000, 0.0000, 0.5000, 0.0000, 0.0000, 0.0000, 0.0000, 0.0000],
E           [0.0000, 0.0000, 0.0000, 0.5000, 0.0000, 0.0000, 0.0000, 0.0000],
E           [0.0000, 0.0000, 0.0000, 0.0000, 0.5000, 0.0000, 0.0000, 0.0000],
E           [0.0000, 0.0000, 0.0000, 0.0000, 0.0000, 0.5000, 0.0000, 0.0000],
E           [0.0000, 0.0000, 0.0000, 0.0000, 0.0000, 0.0000, 0.5000, 0.0000],
E           [0.0000, 0.0000, 0.0000, 0.0000, 0.0000, 0.0000, 0.0000, 0.5000]]), 'conceptualSpaces.1.layers.6.layer.butterfly_L': tensor([[0., 0., 0.,  ..., 0., 0., 0.],
E           [0., 0., 0.,  ..., 0., 0., 0.],
E           [0., 0., 0.,  ..., 0., 0., 0.],
E           ...,
E           [0., 0., 0.,  ..., 0., 0., 0.],
E           [0., 0., 0.,  ..., 0., 0., 0.],
E           [0., 0., 0.,  ..., 0., 0., 0.]]), 'conceptualSpaces.1.layers.6.layer.butterfly_d': tensor([[[1., 1.],
E            [1., 1.],
E            [1., 1.],
E            ...,
E            [1., 1.],
E            [1., 1.],
E            [1., 1.]],
E   
E           [[1., 1.],
E            [1., 1.],
E            [1., 1.],
E            ...,
E            [1., 1.],
E            [1., 1.],
E            [1., 1.]],
E   
E           [[1., 1.],
E            [1., 1.],
E            [1., 1.],
E            ...,
E            [1., 1.],
E            [1., 1.],
E            [1., 1.]],
E   
E           ...,
E   
E           [[1., 1.],
E            [1., 1.],
E            [1., 1.],
E            ...,
E            [1., 1.],
E            [1., 1.],
E            [1., 1.]],
E   
E           [[1., 1.],
E            [1., 1.],
E            [1., 1.],
E            ...,
E            [1., 1.],
E            [1., 1.],
E            [1., 1.]],
E   
E           [[1., 1.],
E            [1., 1.],
E            [1., 1.],
E            ...,
E            [1., 1.],
E            [1., 1.],
E            [1., 1.]]]), 'conceptualSpaces.1.layers.6.layer.butterfly_U': tensor([[0., 0., 0.,  ..., 0., 0., 0.],
E           [0., 0., 0.,  ..., 0., 0., 0.],
E           [0., 0., 0.,  ..., 0., 0., 0.],
E           ...,
E           [0., 0., 0.,  ..., 0., 0., 0.],
E           [0., 0., 0.,  ..., 0., 0., 0.],
E           [0., 0., 0.,  ..., 0., 0., 0.]]), 'conceptualSpaces.1.layers.6.layer.butterfly_perms': tensor([[   0,    1,    2,  ..., 2045, 2046, 2047],
E           [   0,    2,    1,  ..., 2046, 2045, 2047],
E           [   0,    4,    1,  ..., 2046, 2043, 2047],
E           ...,
E           [   0,  256,    1,  ..., 2046, 1791, 2047],
E           [   0,  512,    1,  ..., 2046, 1535, 2047],
E           [   0, 1024,    1,  ..., 2046, 1023, 2047]]), 'conceptualSpaces.1.intraSentenceLayer.pi.layer.raw_L': tensor([[0., 0., 0.,  ..., 0., 0., 0.],
E           [0., 0., 0.,  ..., 0., 0., 0.],
E           [0., 0., 0.,  ..., 0., 0., 0.],
E           ...,
E           [0., 0., 0.,  ..., 0., 0., 0.],
E           [0., 0., 0.,  ..., 0., 0., 0.],
E           [0., 0., 0.,  ..., 0., 0., 0.]]), 'conceptualSpaces.1.intraSentenceLayer.pi.layer.d': tensor([1., 1., 1., 1., 1., 1., 1., 1., 1., 1., 1., 1., 1., 1., 1., 1., 1., 1.,
E           1., 1., 1., 1., 1., 1., 1., 1., 1., 1., 1., 1., 1., 1., 1., 1., 1., 1.,
E           1., 1., 1., 1., 1., 1., 1., 1., 1., 1., 1., 1., 1., 1., 1., 1., 1., 1.,
E           1., 1., 1., 1., 1., 1., 1., 1., 1., 1., 1., 1., 1., 1., 1., 1., 1., 1.,
E           1., 1., 1., 1., 1., 1., 1., 1., 1., 1., 1., 1., 1., 1., 1., 1., 1., 1.,
E           1., 1., 1., 1., 1., 1., 1., 1., 1., 1., 1., 1., 1., 1.]), 'conceptualSpaces.1.intraSentenceLayer.pi.layer.raw_U': tensor([[0., 0., 0.,  ..., 0., 0., 0.],
E           [0., 0., 0.,  ..., 0., 0., 0.],
E           [0., 0., 0.,  ..., 0., 0., 0.],
E           ...,
E           [0., 0., 0.,  ..., 0., 0., 0.],
E           [0., 0., 0.,  ..., 0., 0., 0.],
E           [0., 0., 0.,  ..., 0., 0., 0.]]), 'conceptualSpaces.1.intraSentenceLayer.pi.layer.biasWeight': tensor([[0., 0., 0., 0., 0., 0., 0., 0., 0., 0., 0., 0., 0., 0., 0., 0., 0., 0., 0., 0., 0., 0., 0., 0.,
E            0., 0., 0., 0., 0., 0., 0., 0., 0., 0., 0., 0., 0., 0., 0., 0., 0., 0., 0., 0., 0., 0., 0., 0.,
E            0., 0., 0., 0., 0., 0., 0., 0., 0., 0., 0., 0., 0., 0., 0., 0., 0., 0., 0., 0., 0., 0., 0., 0.,
E            0., 0., 0., 0., 0., 0., 0., 0., 0., 0., 0., 0., 0., 0., 0., 0., 0., 0., 0., 0., 0., 0., 0., 0.,
E            0., 0., 0., 0., 0., 0., 0., 0.]]), 'conceptualSpaces.1.intraSentenceLayer.pi.layer.bias': tensor([1.]), 'conceptualSpaces.1.intraSentenceLayer.pi.layer.var': tensor([0.]), 'conceptualSpaces.1.intraSentenceLayer.pi.layer.sigma': tensor([0.]), 'conceptualSpaces.1.intraSentenceLayer.pi.layer.sigma_mean': tensor([0.]), 'conceptualSpaces.1.intraSentenceLayer.pi.layer.sigma_step': tensor(0), 'conceptualSpaces.1.intraSentenceLayer.sigma.layer.raw_L': tensor([[0., 0., 0.,  ..., 0., 0., 0.],
E           [0., 0., 0.,  ..., 0., 0., 0.],
E           [0., 0., 0.,  ..., 0., 0., 0.],
E           ...,
E           [0., 0., 0.,  ..., 0., 0., 0.],
E           [0., 0., 0.,  ..., 0., 0., 0.],
E           [0., 0., 0.,  ..., 0., 0., 0.]]), 'conceptualSpaces.1.intraSentenceLayer.sigma.layer.d': tensor([1., 1., 1., 1., 1., 1., 1., 1., 1., 1., 1., 1., 1., 1., 1., 1., 1., 1.,
E           1., 1., 1., 1., 1., 1., 1., 1., 1., 1., 1., 1., 1., 1., 1., 1., 1., 1.,
E           1., 1., 1., 1., 1., 1., 1., 1., 1., 1., 1., 1., 1., 1., 1., 1., 1., 1.,
E           1., 1., 1., 1., 1., 1., 1., 1., 1., 1., 1., 1., 1., 1., 1., 1., 1., 1.,
E           1., 1., 1., 1., 1., 1., 1., 1., 1., 1., 1., 1., 1., 1., 1., 1., 1., 1.,
E           1., 1., 1., 1., 1., 1., 1., 1., 1., 1., 1., 1., 1., 1.]), 'conceptualSpaces.1.intraSentenceLayer.sigma.layer.raw_U': tensor([[0., 0., 0.,  ..., 0., 0., 0.],
E           [0., 0., 0.,  ..., 0., 0., 0.],
E           [0., 0., 0.,  ..., 0., 0., 0.],
E           ...,
E           [0., 0., 0.,  ..., 0., 0., 0.],
E           [0., 0., 0.,  ..., 0., 0., 0.],
E           [0., 0., 0.,  ..., 0., 0., 0.]]), 'conceptualSpaces.1.intraSentenceLayer.sigma.layer.biasWeight': tensor([[0., 0., 0., 0., 0., 0., 0., 0., 0., 0., 0., 0., 0., 0., 0., 0., 0., 0., 0., 0., 0., 0., 0., 0.,
E            0., 0., 0., 0., 0., 0., 0., 0., 0., 0., 0., 0., 0., 0., 0., 0., 0., 0., 0., 0., 0., 0., 0., 0.,
E            0., 0., 0., 0., 0., 0., 0., 0., 0., 0., 0., 0., 0., 0., 0., 0., 0., 0., 0., 0., 0., 0., 0., 0.,
E            0., 0., 0., 0., 0., 0., 0., 0., 0., 0., 0., 0., 0., 0., 0., 0., 0., 0., 0., 0., 0., 0., 0., 0.,
E            0., 0., 0., 0., 0., 0., 0., 0.]]), 'conceptualSpaces.1.intraSentenceLayer.sigma.layer.bias': tensor([1.]), 'conceptualSpaces.1.intraSentenceLayer.sigma.layer.var': tensor([0.]), 'conceptualSpaces.1.intraSentenceLayer.sigma.layer.sigma': tensor([0.]), 'conceptualSpaces.1.intraSentenceLayer.sigma.layer.sigma_mean': tensor([0.]), 'conceptualSpaces.1.intraSentenceLayer.sigma.layer.sigma_step': tensor(0), 'conceptualSpaces.1.intraSentenceLayer.layers.0.layer.raw_L': tensor([[0., 0., 0.,  ..., 0., 0., 0.],
E           [0., 0., 0.,  ..., 0., 0., 0.],
E           [0., 0., 0.,  ..., 0., 0., 0.],
E           ...,
E           [0., 0., 0.,  ..., 0., 0., 0.],
E           [0., 0., 0.,  ..., 0., 0., 0.],
E           [0., 0., 0.,  ..., 0., 0., 0.]]), 'conceptualSpaces.1.intraSentenceLayer.layers.0.layer.d': tensor([1., 1., 1., 1., 1., 1., 1., 1., 1., 1., 1., 1., 1., 1., 1., 1., 1., 1.,
E           1., 1., 1., 1., 1., 1., 1., 1., 1., 1., 1., 1., 1., 1., 1., 1., 1., 1.,
E           1., 1., 1., 1., 1., 1., 1., 1., 1., 1., 1., 1., 1., 1., 1., 1., 1., 1.,
E           1., 1., 1., 1., 1., 1., 1., 1., 1., 1., 1., 1., 1., 1., 1., 1., 1., 1.,
E           1., 1., 1., 1., 1., 1., 1., 1., 1., 1., 1., 1., 1., 1., 1., 1., 1., 1.,
E           1., 1., 1., 1., 1., 1., 1., 1., 1., 1., 1., 1., 1., 1.]), 'conceptualSpaces.1.intraSentenceLayer.layers.0.layer.raw_U': tensor([[0., 0., 0.,  ..., 0., 0., 0.],
E           [0., 0., 0.,  ..., 0., 0., 0.],
E           [0., 0., 0.,  ..., 0., 0., 0.],
E           ...,
E           [0., 0., 0.,  ..., 0., 0., 0.],
E           [0., 0., 0.,  ..., 0., 0., 0.],
E           [0., 0., 0.,  ..., 0., 0., 0.]]), 'conceptualSpaces.1.intraSentenceLayer.layers.0.layer.biasWeight': tensor([[0., 0., 0., 0., 0., 0., 0., 0., 0., 0., 0., 0., 0., 0., 0., 0., 0., 0., 0., 0., 0., 0., 0., 0.,
E            0., 0., 0., 0., 0., 0., 0., 0., 0., 0., 0., 0., 0., 0., 0., 0., 0., 0., 0., 0., 0., 0., 0., 0.,
E            0., 0., 0., 0., 0., 0., 0., 0., 0., 0., 0., 0., 0., 0., 0., 0., 0., 0., 0., 0., 0., 0., 0., 0.,
E            0., 0., 0., 0., 0., 0., 0., 0., 0., 0., 0., 0., 0., 0., 0., 0., 0., 0., 0., 0., 0., 0., 0., 0.,
E            0., 0., 0., 0., 0., 0., 0., 0.]]), 'conceptualSpaces.1.intraSentenceLayer.layers.0.layer.bias': tensor([1.]), 'conceptualSpaces.1.intraSentenceLayer.layers.0.layer.var': tensor([0.]), 'conceptualSpaces.1.intraSentenceLayer.layers.0.layer.sigma': tensor([0.]), 'conceptualSpaces.1.intraSentenceLayer.layers.0.layer.sigma_mean': tensor([0.]), 'conceptualSpaces.1.intraSentenceLayer.layers.0.layer.sigma_step': tensor(0), 'conceptualSpaces.1.intraSentenceLayer.layers.1.layer.raw_L': tensor([[0., 0., 0.,  ..., 0., 0., 0.],
E           [0., 0., 0.,  ..., 0., 0., 0.],
E           [0., 0., 0.,  ..., 0., 0., 0.],
E           ...,
E           [0., 0., 0.,  ..., 0., 0., 0.],
E           [0., 0., 0.,  ..., 0., 0., 0.],
E           [0., 0., 0.,  ..., 0., 0., 0.]]), 'conceptualSpaces.1.intraSentenceLayer.layers.1.layer.d': tensor([1., 1., 1., 1., 1., 1., 1., 1., 1., 1., 1., 1., 1., 1., 1., 1., 1., 1.,
E           1., 1., 1., 1., 1., 1., 1., 1., 1., 1., 1., 1., 1., 1., 1., 1., 1., 1.,
E           1., 1., 1., 1., 1., 1., 1., 1., 1., 1., 1., 1., 1., 1., 1., 1., 1., 1.,
E           1., 1., 1., 1., 1., 1., 1., 1., 1., 1., 1., 1., 1., 1., 1., 1., 1., 1.,
E           1., 1., 1., 1., 1., 1., 1., 1., 1., 1., 1., 1., 1., 1., 1., 1., 1., 1.,
E           1., 1., 1., 1., 1., 1., 1., 1., 1., 1., 1., 1., 1., 1.]), 'conceptualSpaces.1.intraSentenceLayer.layers.1.layer.raw_U': tensor([[0., 0., 0.,  ..., 0., 0., 0.],
E           [0., 0., 0.,  ..., 0., 0., 0.],
E           [0., 0., 0.,  ..., 0., 0., 0.],
E           ...,
E           [0., 0., 0.,  ..., 0., 0., 0.],
E           [0., 0., 0.,  ..., 0., 0., 0.],
E           [0., 0., 0.,  ..., 0., 0., 0.]]), 'conceptualSpaces.1.intraSentenceLayer.layers.1.layer.biasWeight': tensor([[0., 0., 0., 0., 0., 0., 0., 0., 0., 0., 0., 0., 0., 0., 0., 0., 0., 0., 0., 0., 0., 0., 0., 0.,
E            0., 0., 0., 0., 0., 0., 0., 0., 0., 0., 0., 0., 0., 0., 0., 0., 0., 0., 0., 0., 0., 0., 0., 0.,
E            0., 0., 0., 0., 0., 0., 0., 0., 0., 0., 0., 0., 0., 0., 0., 0., 0., 0., 0., 0., 0., 0., 0., 0.,
E            0., 0., 0., 0., 0., 0., 0., 0., 0., 0., 0., 0., 0., 0., 0., 0., 0., 0., 0., 0., 0., 0., 0., 0.,
E            0., 0., 0., 0., 0., 0., 0., 0.]]), 'conceptualSpaces.1.intraSentenceLayer.layers.1.layer.bias': tensor([1.]), 'conceptualSpaces.1.intraSentenceLayer.layers.1.layer.var': tensor([0.]), 'conceptualSpaces.1.intraSentenceLayer.layers.1.layer.sigma': tensor([0.]), 'conceptualSpaces.1.intraSentenceLayer.layers.1.layer.sigma_mean': tensor([0.]), 'conceptualSpaces.1.intraSentenceLayer.layers.1.layer.sigma_step': tensor(0), 'conceptualSpaces.1.intraSentenceLayer.routing_proj.weight': tensor([[ 0.1266, -0.3519, -0.1392,  0.2455, -0.2059, -0.0205,  0.1910, -0.2831],
E           [ 0.2798,  0.1098, -0.0956,  0.3442, -0.2346, -0.3032,  0.3378,  0.1603],
E           [ 0.0989, -0.2129,  0.1561,  0.2733,  0.0748, -0.0603,  0.0365, -0.2827],
E           [ 0.2045, -0.2566, -0.0839, -0.0079,  0.2208, -0.0279, -0.0112, -0.3309],
E           [-0.0311, -0.1176,  0.2050, -0.2318, -0.3465,  0.0532,  0.0901,  0.0538],
E           [ 0.2468, -0.2555, -0.1894, -0.0870,  0.0463,  0.3494,  0.0228, -0.3035],
E           [-0.0646,  0.2114, -0.2261, -0.3508, -0.0902,  0.1411, -0.1786, -0.2233],
E           [ 0.0850,  0.1178,  0.0351,  0.3131,  0.2894, -0.1167,  0.2688,  0.1417],
E           [ 0.2900,  0.3174,  0.3227,  0.0342,  0.2299,  0.2058, -0.1806,  0.2926],
E           [ 0.1839, -0.1800,  0.2593,  0.1164, -0.0975, -0.1196, -0.3161,  0.3183],
E           [ 0.2156,  0.1304, -0.3049, -0.3395, -0.3394, -0.3213,  0.1241, -0.0803],
E           [ 0.2273, -0.2081,  0.0266, -0.1337, -0.2830, -0.0960,  0.1726,  0.2742],
E           [-0.3114, -0.1542, -0.1026, -0.1663,  0.2327, -0.0995, -0.3078, -0.1453],
E           [-0.1753, -0.1080,  0.2856,  0.1122, -0.2313, -0.0335, -0.3324, -0.3277],
E           [ 0.0228, -0.0968,  0.2357, -0.2530,  0.3445,  0.3504,  0.2621,  0.1666],
E           [-0.0438,  0.2680,  0.3324,  0.3129, -0.1839,  0.0007, -0.0962, -0.0894],
E           [-0.0232, -0.0931, -0.3191,  0.2391,  0.1872,  0.2323, -0.0685,  0.0884],
E           [ 0.1499, -0.2808, -0.3226, -0.2938,  0.1277, -0.3118,  0.1981,  0.2580],
E           [-0.0268, -0.3206, -0.0477,  0.2643, -0.2953, -0.1113, -0.2274,  0.0541],
E           [ 0.0656, -0.3351,  0.2633, -0.1977,  0.0532,  0.1913, -0.2910, -0.2465],
E           [ 0.3295,  0.3499, -0.2188,  0.2230, -0.1979, -0.0796,  0.2440, -0.2326],
E           [ 0.0285, -0.3199, -0.2619, -0.1514, -0.1899,  0.2441,  0.1280, -0.3480],
E           [-0.3382, -0.3363, -0.2477, -0.1619,  0.3128, -0.1797, -0.3096, -0.0211],
E           [ 0.3070, -0.2125, -0.2733, -0.3388, -0.1207, -0.1445,  0.1532,  0.2569],
E           [ 0.0717, -0.3011,  0.1645,  0.2247,  0.1176, -0.1168,  0.0822,  0.1406],
E           [ 0.2740,  0.3495, -0.1667,  0.3070,  0.1450,  0.0355,  0.0402,  0.0985],
E           [-0.2061,  0.2076, -0.0183, -0.1943,  0.0210, -0.2879, -0.3336,  0.1284],
E           [ 0.0020, -0.2738,  0.3006, -0.1250,  0.2520,  0.2490,  0.0070, -0.1206],
E           [-0.2597,  0.2746,  0.3489, -0.2679,  0.2385,  0.0591,  0.3226, -0.0144],
E           [-0.1608, -0.0513, -0.0419,  0.0729, -0.1407, -0.0290, -0.2353, -0.0156],
E           [ 0.0632, -0.3118, -0.1937, -0.0406, -0.2080, -0.0213, -0.0160,  0.2483],
E           [ 0.0777,  0.3016,  0.0051, -0.1905,  0.3254,  0.2546,  0.1577,  0.0379],
E           [ 0.0640, -0.2234, -0.3401, -0.1181, -0.1168,  0.3495, -0.3162, -0.2211],
E           [ 0.3474,  0.0315,  0.1370, -0.0824,  0.1197, -0.2613, -0.1257, -0.1165],
E           [ 0.3468, -0.2314, -0.2201,  0.0004, -0.3025,  0.0334,  0.2717,  0.2243],
E           [-0.2142,  0.3057,  0.0629,  0.1284, -0.1191,  0.1537,  0.1826,  0.1423],
E           [ 0.2884,  0.2183, -0.0740, -0.0858, -0.0966, -0.2540,  0.1348,  0.2725],
E           [-0.1460, -0.2398,  0.2238, -0.0255,  0.0395,  0.1268, -0.0343,  0.3525],
E           [-0.2247, -0.1006, -0.1496, -0.2222, -0.0930,  0.2477, -0.2412, -0.3067],
E           [-0.2714,  0.0519, -0.0571, -0.3030,  0.2867, -0.3045, -0.0164,  0.0961],
E           [-0.1285, -0.0912, -0.2794, -0.1779, -0.0373, -0.2472,  0.3176,  0.0842],
E           [ 0.3291,  0.0167,  0.2612,  0.1738,  0.3487,  0.1369,  0.3229,  0.3338],
E           [-0.2616, -0.2916,  0.1750, -0.0966, -0.1878,  0.1309, -0.0852,  0.0210],
E           [-0.2942, -0.0689,  0.1011, -0.3033,  0.0101,  0.1828, -0.1228,  0.2060],
E           [ 0.0996, -0.1838,  0.2348, -0.0858, -0.1831,  0.3440, -0.0222, -0.2664],
E           [ 0.0169, -0.2321,  0.2242, -0.1190,  0.2044, -0.2293,  0.1340,  0.0099],
E           [ 0.0188,  0.1885, -0.3399, -0.0233,  0.0596,  0.3001,  0.1107, -0.3237],
E           [-0.1193, -0.0355,  0.2419, -0.3522,  0.0855, -0.3477, -0.0331,  0.1352],
E           [-0.1071,  0.2040, -0.0910,  0.2013,  0.2526, -0.1051, -0.3008, -0.0774],
E           [ 0.0234, -0.1170, -0.0893, -0.2475, -0.3166, -0.0590, -0.0020,  0.2730],
E           [-0.0058,  0.0317,  0.2600, -0.1709,  0.1343,  0.2093, -0.2804, -0.3161],
E           [-0.2592,  0.2078, -0.2424, -0.0924, -0.1895,  0.2330, -0.3263, -0.2152],
E           [ 0.3160,  0.0813, -0.0258,  0.0371, -0.0437,  0.3396, -0.0039,  0.2203],
E           [-0.1868,  0.1251,  0.2590,  0.0047,  0.2969, -0.1602, -0.2876,  0.3402],
E           [-0.1255,  0.1005,  0.2031, -0.0433,  0.1893,  0.1554, -0.2535, -0.1568],
E           [-0.2117,  0.0861,  0.3414,  0.0489,  0.0421,  0.0289,  0.2688, -0.3403],
E           [ 0.0886,  0.2118,  0.1639, -0.0613, -0.1294,  0.2807,  0.1610, -0.3249],
E           [ 0.1871,  0.0459, -0.2943,  0.0792, -0.1013, -0.0269,  0.1582,  0.2742],
E           [-0.2667,  0.2655, -0.1896,  0.1565,  0.1052,  0.0269, -0.2150,  0.2342],
E           [-0.0037, -0.1139, -0.3148,  0.1542,  0.3042,  0.1861,  0.0503,  0.1258],
E           [-0.0649,  0.0741,  0.2367, -0.2073,  0.2062,  0.2562, -0.1847,  0.2375],
E           [-0.3154, -0.3191, -0.1257,  0.1893, -0.1871, -0.2852,  0.2593,  0.0836],
E           [-0.2207, -0.2012, -0.0175,  0.2874, -0.3310, -0.2885, -0.1752, -0.3118],
E           [ 0.1999,  0.1969, -0.1627, -0.2198,  0.0166,  0.1398,  0.0180,  0.1415],
E           [ 0.0678,  0.0733, -0.0339,  0.0850, -0.1330, -0.3354, -0.1667, -0.0543],
E           [-0.2248, -0.1271,  0.0616, -0.0180,  0.2097,  0.3414, -0.2631,  0.2518],
E           [-0.2599,  0.2976, -0.0574, -0.1449, -0.3096, -0.3151,  0.3198, -0.1924],
E           [-0.0016, -0.0396, -0.1513, -0.1172, -0.1462, -0.2112,  0.1608, -0.0935],
E           [ 0.2581,  0.0070, -0.1799, -0.2022, -0.1418, -0.3293, -0.1405, -0.0213],
E           [ 0.0836, -0.1285, -0.2242, -0.1359, -0.3472, -0.2940,  0.2368,  0.0487],
E           [ 0.3113, -0.2825,  0.1042,  0.2182, -0.0870, -0.0108, -0.1102, -0.3526],
E           [-0.0187, -0.1397, -0.0231, -0.1402,  0.3354, -0.1404,  0.0878, -0.1631],
E           [ 0.0482, -0.0870, -0.2733, -0.2404, -0.2604, -0.2204, -0.0962, -0.1510],
E           [-0.1777, -0.2614, -0.3238,  0.1104,  0.2922,  0.1866, -0.2346, -0.1524],
E           [-0.0497, -0.1854,  0.1244,  0.3052,  0.3440, -0.0853,  0.1319,  0.1757],
E           [ 0.2684,  0.1506,  0.0176,  0.2754, -0.2597, -0.2822,  0.3017, -0.1939],
E           [-0.0842, -0.1170, -0.1734,  0.2157,  0.2955, -0.1393, -0.0021, -0.0721],
E           [-0.0823, -0.2033, -0.3172, -0.3262,  0.1719, -0.3376, -0.3108,  0.0690],
E           [ 0.0462,  0.1051, -0.1789, -0.3532,  0.1782, -0.3381,  0.2173,  0.1272],
E           [ 0.0707, -0.3232, -0.2717, -0.1068,  0.3347, -0.3341, -0.0130, -0.0219],
E           [ 0.0017,  0.3054, -0.0192, -0.2757,  0.0276, -0.0603, -0.0681, -0.1652],
E           [-0.1326,  0.2748,  0.3017,  0.2853,  0.1967,  0.3063, -0.2561, -0.3465],
E           [ 0.2582, -0.1619, -0.1790,  0.3319, -0.2899, -0.1963, -0.0218,  0.0469],
E           [-0.0250, -0.3518,  0.0171,  0.3072,  0.1846,  0.0943, -0.2117,  0.2046],
E           [-0.3366, -0.3240,  0.3298, -0.2578,  0.2917,  0.1611, -0.2217,  0.0204],
E           [-0.3234, -0.0527, -0.3063,  0.1131, -0.0140, -0.1324,  0.0586, -0.0981],
E           [-0.1202, -0.1457, -0.0868,  0.0486, -0.1869, -0.1734, -0.3126,  0.1385],
E           [ 0.2653, -0.1925,  0.0813,  0.0906,  0.2046,  0.3030, -0.2829, -0.2567],
E           [-0.1123,  0.0399, -0.2729,  0.2965,  0.3058,  0.0980, -0.1139,  0.0409],
E           [ 0.3181,  0.0106, -0.1288, -0.2471, -0.0017, -0.2449,  0.1793,  0.0249],
E           [ 0.0068,  0.0861, -0.1415,  0.0398, -0.3402, -0.2856,  0.1190, -0.1532],
E           [ 0.2719, -0.0174,  0.1631,  0.0465,  0.1063, -0.2532,  0.2782,  0.1052],
E           [-0.0563,  0.1992, -0.1806,  0.1086, -0.3220, -0.3214,  0.2867,  0.2374],
E           [-0.0679,  0.0808,  0.0573,  0.0690, -0.1762, -0.0253,  0.2377,  0.2984],
E           [ 0.2025,  0.2049,  0.0363, -0.1555, -0.2616,  0.1925,  0.2441, -0.1614],
E           [ 0.1379, -0.2921, -0.2188,  0.2730,  0.0254,  0.3313,  0.0641,  0.0546],
E           [ 0.0565, -0.3118,  0.1199,  0.0305, -0.3372,  0.3265, -0.1440, -0.3149],
E           [-0.1041, -0.0514, -0.0215,  0.0711,  0.2370,  0.1856,  0.3241, -0.1512],
E           [ 0.0673, -0.0052, -0.2659,  0.0187,  0.3026,  0.0129, -0.1202,  0.1652],
E           [-0.2746,  0.3417,  0.3441,  0.2689,  0.0992, -0.0062,  0.1567,  0.2921],
E           [ 0.2199, -0.1547,  0.2442,  0.1813,  0.3208,  0.2413, -0.2157, -0.0730],
E           [-0.3222,  0.2217,  0.1282,  0.1589, -0.0480, -0.3419, -0.1494, -0.2453],
E           [-0.0789, -0.3447,  0.2341,  0.3491,  0.3316, -0.2221,  0.1581, -0.1741],
E           [ 0.1827, -0.3174, -0.3520, -0.0715,  0.2126,  0.3018,  0.3375, -0.1073]]), 'conceptualSpaces.1.intraSentenceLayer.routing_proj.bias': tensor([ 0.2236,  0.0029,  0.0364,  0.0241, -0.3021, -0.1472,  0.0503, -0.2501,
E           -0.2775,  0.0117, -0.1551,  0.0094,  0.0471,  0.1717,  0.0983,  0.0063,
E           -0.0792,  0.0199, -0.2155, -0.3333,  0.2659,  0.0187,  0.0063, -0.2376,
E           -0.2571,  0.1052,  0.1025,  0.2394,  0.1809, -0.0379,  0.1224,  0.1765,
E            0.1402, -0.2271, -0.0604, -0.2636,  0.2536,  0.0522, -0.1543,  0.3472,
E           -0.2208,  0.2214,  0.1710,  0.3439,  0.0191,  0.1027,  0.3067,  0.2238,
E           -0.2136,  0.0090, -0.1989, -0.2706, -0.1391,  0.3259,  0.2698,  0.0274,
E           -0.2956,  0.0692, -0.0663, -0.1972,  0.2627,  0.0628, -0.1202,  0.0996,
E            0.3201, -0.0383,  0.2073,  0.2690,  0.2928,  0.1535, -0.0899,  0.1816,
E            0.2318,  0.1184,  0.0467,  0.1855,  0.3403, -0.1306,  0.2210,  0.2860,
E           -0.1895, -0.2567, -0.0512, -0.2353,  0.2013,  0.1367, -0.2706,  0.1468,
E           -0.0451, -0.3437,  0.0839,  0.2773,  0.1342,  0.0509, -0.0109,  0.2432,
E            0.0657,  0.2182, -0.0770,  0.1194, -0.2841,  0.2062, -0.1048, -0.1443]), 'conceptualSpaces.1.similarity_codebook.W': tensor([[0., 0., 0., 0., 0., 0., 0., 0., 0., 0., 0., 0., 0., 0., 0., 0., 0., 0., 0., 0., 0., 0., 0., 0.,
E            0., 0., 0., 0., 0., 0., 0., 0., 0., 0., 0., 0., 0., 0., 0., 0., 0., 0., 0., 0., 0., 0., 0., 0.,
E            0., 0., 0., 0., 0., 0., 0., 0., 0., 0., 0., 0., 0., 0., 0., 0., 0., 0., 0., 0., 0., 0., 0., 0.,
E            0., 0., 0., 0., 0., 0., 0., 0., 0., 0., 0., 0., 0., 0., 0., 0., 0., 0., 0., 0., 0., 0., 0., 0.,
E            0., 0., 0., 0., 0., 0., 0., 0.],
E           [0., 0., 0., 0., 0., 0., 0., 0., 0., 0., 0., 0., 0., 0., 0., 0., 0., 0., 0., 0., 0., 0., 0., 0.,
E            0., 0., 0., 0., 0., 0., 0., 0., 0., 0., 0., 0., 0., 0., 0., 0., 0., 0., 0., 0., 0., 0., 0., 0.,
E            0., 0., 0., 0., 0., 0., 0., 0., 0., 0., 0., 0., 0., 0., 0., 0., 0., 0., 0., 0., 0., 0., 0., 0.,
E            0., 0., 0., 0., 0., 0., 0., 0., 0., 0., 0., 0., 0., 0., 0., 0., 0., 0., 0., 0., 0., 0., 0., 0.,
E            0., 0., 0., 0., 0., 0., 0., 0.],
E           [0., 0., 0., 0., 0., 0., 0., 0., 0., 0., 0., 0., 0., 0., 0., 0., 0., 0., 0., 0., 0., 0., 0., 0.,
E            0., 0., 0., 0., 0., 0., 0., 0., 0., 0., 0., 0., 0., 0., 0., 0., 0., 0., 0., 0., 0., 0., 0., 0.,
E            0., 0., 0., 0., 0., 0., 0., 0., 0., 0., 0., 0., 0., 0., 0., 0., 0., 0., 0., 0., 0., 0., 0., 0.,
E            0., 0., 0., 0., 0., 0., 0., 0., 0., 0., 0., 0., 0., 0., 0., 0., 0., 0., 0., 0., 0., 0., 0., 0.,
E            0., 0., 0., 0., 0., 0., 0., 0.],
E           [0., 0., 0., 0., 0., 0., 0., 0., 0., 0., 0., 0., 0., 0., 0., 0., 0., 0., 0., 0., 0., 0., 0., 0.,
E            0., 0., 0., 0., 0., 0., 0., 0., 0., 0., 0., 0., 0., 0., 0., 0., 0., 0., 0., 0., 0., 0., 0., 0.,
E            0., 0., 0., 0., 0., 0., 0., 0., 0., 0., 0., 0., 0., 0., 0., 0., 0., 0., 0., 0., 0., 0., 0., 0.,
E            0., 0., 0., 0., 0., 0., 0., 0., 0., 0., 0., 0., 0., 0., 0., 0., 0., 0., 0., 0., 0., 0., 0., 0.,
E            0., 0., 0., 0., 0., 0., 0., 0.],
E           [0., 0., 0., 0., 0., 0., 0., 0., 0., 0., 0., 0., 0., 0., 0., 0., 0., 0., 0., 0., 0., 0., 0., 0.,
E            0., 0., 0., 0., 0., 0., 0., 0., 0., 0., 0., 0., 0., 0., 0., 0., 0., 0., 0., 0., 0., 0., 0., 0.,
E            0., 0., 0., 0., 0., 0., 0., 0., 0., 0., 0., 0., 0., 0., 0., 0., 0., 0., 0., 0., 0., 0., 0., 0.,
E            0., 0., 0., 0., 0., 0., 0., 0., 0., 0., 0., 0., 0., 0., 0., 0., 0., 0., 0., 0., 0., 0., 0., 0.,
E            0., 0., 0., 0., 0., 0., 0., 0.],
E           [0., 0., 0., 0., 0., 0., 0., 0., 0., 0., 0., 0., 0., 0., 0., 0., 0., 0., 0., 0., 0., 0., 0., 0.,
E            0., 0., 0., 0., 0., 0., 0., 0., 0., 0., 0., 0., 0., 0., 0., 0., 0., 0., 0., 0., 0., 0., 0., 0.,
E            0., 0., 0., 0., 0., 0., 0., 0., 0., 0., 0., 0., 0., 0., 0., 0., 0., 0., 0., 0., 0., 0., 0., 0.,
E            0., 0., 0., 0., 0., 0., 0., 0., 0., 0., 0., 0., 0., 0., 0., 0., 0., 0., 0., 0., 0., 0., 0., 0.,
E            0., 0., 0., 0., 0., 0., 0., 0.],
E           [0., 0., 0., 0., 0., 0., 0., 0., 0., 0., 0., 0., 0., 0., 0., 0., 0., 0., 0., 0., 0., 0., 0., 0.,
E            0., 0., 0., 0., 0., 0., 0., 0., 0., 0., 0., 0., 0., 0., 0., 0., 0., 0., 0., 0., 0., 0., 0., 0.,
E            0., 0., 0., 0., 0., 0., 0., 0., 0., 0., 0., 0., 0., 0., 0., 0., 0., 0., 0., 0., 0., 0., 0., 0.,
E            0., 0., 0., 0., 0., 0., 0., 0., 0., 0., 0., 0., 0., 0., 0., 0., 0., 0., 0., 0., 0., 0., 0., 0.,
E            0., 0., 0., 0., 0., 0., 0., 0.],
E           [0., 0., 0., 0., 0., 0., 0., 0., 0., 0., 0., 0., 0., 0., 0., 0., 0., 0., 0., 0., 0., 0., 0., 0.,
E            0., 0., 0., 0., 0., 0., 0., 0., 0., 0., 0., 0., 0., 0., 0., 0., 0., 0., 0., 0., 0., 0., 0., 0.,
E            0., 0., 0., 0., 0., 0., 0., 0., 0., 0., 0., 0., 0., 0., 0., 0., 0., 0., 0., 0., 0., 0., 0., 0.,
E            0., 0., 0., 0., 0., 0., 0., 0., 0., 0., 0., 0., 0., 0., 0., 0., 0., 0., 0., 0., 0., 0., 0., 0.,
E            0., 0., 0., 0., 0., 0., 0., 0.]]), 'conceptualSpaces.1.similarity_codebook.vq._b_norms_sq': tensor([1.0000, 1.0000, 1.0000, 1.0000, 1.0000, 1.0000, 1.0000, 1.0000]), 'conceptualSpaces.1.similarity_codebook.vq.active_mask': tensor([True, True, True, True, True, True, True, True]), 'conceptualSpaces.1.concepts_from_percepts.coefficients': tensor([[0.5000, 0.5000, 0.5000, 0.5000, 0.5000, 0.5000, 0.5000, 0.5000, 0.0000],
E           [0.5000, 0.5000, 0.5000, 0.5000, 0.5000, 0.5000, 0.5000, 0.5000, 0.0000],
E           [0.5000, 0.5000, 0.5000, 0.5000, 0.5000, 0.5000, 0.5000, 0.5000, 0.0000],
E           [0.5000, 0.5000, 0.5000, 0.5000, 0.5000, 0.5000, 0.5000, 0.5000, 0.0000],
E           [0.5000, 0.5000, 0.5000, 0.5000, 0.5000, 0.5000, 0.5000, 0.5000, 0.0000],
E           [0.5000, 0.5000, 0.5000, 0.5000, 0.5000, 0.5000, 0.5000, 0.5000, 0.0000],
E           [0.5000, 0.5000, 0.5000, 0.5000, 0.5000, 0.5000, 0.5000, 0.5000, 0.0000],
E           [0.5000, 0.5000, 0.5000, 0.5000, 0.5000, 0.5000, 0.5000, 0.5000, 0.0000]]), 'conceptualSpaces.1.concept_source_readout.sigma.layer.W': tensor([[0.5000],
E           [0.5000],
E           [0.5000],
E           [0.5000],
E           [0.5000],
E           [0.5000],
E           [0.5000],
E           [0.5000],
E           [0.5000]]), 'conceptualSpaces.1.concept_source_readout.sigma.layer.biasWeight': tensor([[0.]]), 'conceptualSpaces.1.concept_source_readout.sigma.layer.bias': tensor([1.]), 'conceptualSpaces.1.concept_source_readout.sigma.layer.var': tensor([0.]), 'conceptualSpaces.1.concept_source_readout.sigma.layer.sigma': tensor([0.]), 'conceptualSpaces.1.concept_source_readout.sigma.layer.sigma_mean': tensor([0.]), 'conceptualSpaces.1.concept_source_readout.sigma.layer.sigma_step': tensor(0), 'conceptualSpaces.2.layers.0.pi.layer.raw_L': tensor([[0., 0., 0.,  ..., 0., 0., 0.],
E           [0., 0., 0.,  ..., 0., 0., 0.],
E           [0., 0., 0.,  ..., 0., 0., 0.],
E           ...,
E           [0., 0., 0.,  ..., 0., 0., 0.],
E           [0., 0., 0.,  ..., 0., 0., 0.],
E           [0., 0., 0.,  ..., 0., 0., 0.]]), 'conceptualSpaces.2.layers.0.pi.layer.d': tensor([1., 1., 1., 1., 1., 1., 1., 1., 1., 1., 1., 1., 1., 1., 1., 1., 1., 1.,
E           1., 1., 1., 1., 1., 1., 1., 1., 1., 1., 1., 1., 1., 1., 1., 1., 1., 1.,
E           1., 1., 1., 1., 1., 1., 1., 1., 1., 1., 1., 1., 1., 1., 1., 1., 1., 1.,
E           1., 1., 1., 1., 1., 1., 1., 1., 1., 1., 1., 1., 1., 1., 1., 1., 1., 1.,
E           1., 1., 1., 1., 1., 1., 1., 1., 1., 1., 1., 1., 1., 1., 1., 1., 1., 1.,
E           1., 1., 1., 1., 1., 1., 1., 1., 1., 1., 1., 1., 1., 1.]), 'conceptualSpaces.2.layers.0.pi.layer.raw_U': tensor([[0., 0., 0.,  ..., 0., 0., 0.],
E           [0., 0., 0.,  ..., 0., 0., 0.],
E           [0., 0., 0.,  ..., 0., 0., 0.],
E           ...,
E           [0., 0., 0.,  ..., 0., 0., 0.],
E           [0., 0., 0.,  ..., 0., 0., 0.],
E           [0., 0., 0.,  ..., 0., 0., 0.]]), 'conceptualSpaces.2.layers.0.pi.layer.biasWeight': tensor([[0., 0., 0., 0., 0., 0., 0., 0., 0., 0., 0., 0., 0., 0., 0., 0., 0., 0., 0., 0., 0., 0., 0., 0.,
E            0., 0., 0., 0., 0., 0., 0., 0., 0., 0., 0., 0., 0., 0., 0., 0., 0., 0., 0., 0., 0., 0., 0., 0.,
E            0., 0., 0., 0., 0., 0., 0., 0., 0., 0., 0., 0., 0., 0., 0., 0., 0., 0., 0., 0., 0., 0., 0., 0.,
E            0., 0., 0., 0., 0., 0., 0., 0., 0., 0., 0., 0., 0., 0., 0., 0., 0., 0., 0., 0., 0., 0., 0., 0.,
E            0., 0., 0., 0., 0., 0., 0., 0.]]), 'conceptualSpaces.2.layers.0.pi.layer.bias': tensor([1.]), 'conceptualSpaces.2.layers.0.pi.layer.var': tensor([0.]), 'conceptualSpaces.2.layers.0.pi.layer.sigma': tensor([0.]), 'conceptualSpaces.2.layers.0.pi.layer.sigma_mean': tensor([0.]), 'conceptualSpaces.2.layers.0.pi.layer.sigma_step': tensor(0), 'conceptualSpaces.2.layers.0.sigma.layer.raw_L': tensor([[0., 0., 0.,  ..., 0., 0., 0.],
E           [0., 0., 0.,  ..., 0., 0., 0.],
E           [0., 0., 0.,  ..., 0., 0., 0.],
E           ...,
E           [0., 0., 0.,  ..., 0., 0., 0.],
E           [0., 0., 0.,  ..., 0., 0., 0.],
E           [0., 0., 0.,  ..., 0., 0., 0.]]), 'conceptualSpaces.2.layers.0.sigma.layer.d': tensor([1., 1., 1., 1., 1., 1., 1., 1., 1., 1., 1., 1., 1., 1., 1., 1., 1., 1.,
E           1., 1., 1., 1., 1., 1., 1., 1., 1., 1., 1., 1., 1., 1., 1., 1., 1., 1.,
E           1., 1., 1., 1., 1., 1., 1., 1., 1., 1., 1., 1., 1., 1., 1., 1., 1., 1.,
E           1., 1., 1., 1., 1., 1., 1., 1., 1., 1., 1., 1., 1., 1., 1., 1., 1., 1.,
E           1., 1., 1., 1., 1., 1., 1., 1., 1., 1., 1., 1., 1., 1., 1., 1., 1., 1.,
E           1., 1., 1., 1., 1., 1., 1., 1., 1., 1., 1., 1., 1., 1.]), 'conceptualSpaces.2.layers.0.sigma.layer.raw_U': tensor([[0., 0., 0.,  ..., 0., 0., 0.],
E           [0., 0., 0.,  ..., 0., 0., 0.],
E           [0., 0., 0.,  ..., 0., 0., 0.],
E           ...,
E           [0., 0., 0.,  ..., 0., 0., 0.],
E           [0., 0., 0.,  ..., 0., 0., 0.],
E           [0., 0., 0.,  ..., 0., 0., 0.]]), 'conceptualSpaces.2.layers.0.sigma.layer.biasWeight': tensor([[0., 0., 0., 0., 0., 0., 0., 0., 0., 0., 0., 0., 0., 0., 0., 0., 0., 0., 0., 0., 0., 0., 0., 0.,
E            0., 0., 0., 0., 0., 0., 0., 0., 0., 0., 0., 0., 0., 0., 0., 0., 0., 0., 0., 0., 0., 0., 0., 0.,
E            0., 0., 0., 0., 0., 0., 0., 0., 0., 0., 0., 0., 0., 0., 0., 0., 0., 0., 0., 0., 0., 0., 0., 0.,
E            0., 0., 0., 0., 0., 0., 0., 0., 0., 0., 0., 0., 0., 0., 0., 0., 0., 0., 0., 0., 0., 0., 0., 0.,
E            0., 0., 0., 0., 0., 0., 0., 0.]]), 'conceptualSpaces.2.layers.0.sigma.layer.bias': tensor([1.]), 'conceptualSpaces.2.layers.0.sigma.layer.var': tensor([0.]), 'conceptualSpaces.2.layers.0.sigma.layer.sigma': tensor([0.]), 'conceptualSpaces.2.layers.0.sigma.layer.sigma_mean': tensor([0.]), 'conceptualSpaces.2.layers.0.sigma.layer.sigma_step': tensor(0), 'conceptualSpaces.2.layers.0.layers.0.layer.raw_L': tensor([[0., 0., 0.,  ..., 0., 0., 0.],
E           [0., 0., 0.,  ..., 0., 0., 0.],
E           [0., 0., 0.,  ..., 0., 0., 0.],
E           ...,
E           [0., 0., 0.,  ..., 0., 0., 0.],
E           [0., 0., 0.,  ..., 0., 0., 0.],
E           [0., 0., 0.,  ..., 0., 0., 0.]]), 'conceptualSpaces.2.layers.0.layers.0.layer.d': tensor([1., 1., 1., 1., 1., 1., 1., 1., 1., 1., 1., 1., 1., 1., 1., 1., 1., 1.,
E           1., 1., 1., 1., 1., 1., 1., 1., 1., 1., 1., 1., 1., 1., 1., 1., 1., 1.,
E           1., 1., 1., 1., 1., 1., 1., 1., 1., 1., 1., 1., 1., 1., 1., 1., 1., 1.,
E           1., 1., 1., 1., 1., 1., 1., 1., 1., 1., 1., 1., 1., 1., 1., 1., 1., 1.,
E           1., 1., 1., 1., 1., 1., 1., 1., 1., 1., 1., 1., 1., 1., 1., 1., 1., 1.,
E           1., 1., 1., 1., 1., 1., 1., 1., 1., 1., 1., 1., 1., 1.]), 'conceptualSpaces.2.layers.0.layers.0.layer.raw_U': tensor([[0., 0., 0.,  ..., 0., 0., 0.],
E           [0., 0., 0.,  ..., 0., 0., 0.],
E           [0., 0., 0.,  ..., 0., 0., 0.],
E           ...,
E           [0., 0., 0.,  ..., 0., 0., 0.],
E           [0., 0., 0.,  ..., 0., 0., 0.],
E           [0., 0., 0.,  ..., 0., 0., 0.]]), 'conceptualSpaces.2.layers.0.layers.0.layer.biasWeight': tensor([[0., 0., 0., 0., 0., 0., 0., 0., 0., 0., 0., 0., 0., 0., 0., 0., 0., 0., 0., 0., 0., 0., 0., 0.,
E            0., 0., 0., 0., 0., 0., 0., 0., 0., 0., 0., 0., 0., 0., 0., 0., 0., 0., 0., 0., 0., 0., 0., 0.,
E            0., 0., 0., 0., 0., 0., 0., 0., 0., 0., 0., 0., 0., 0., 0., 0., 0., 0., 0., 0., 0., 0., 0., 0.,
E            0., 0., 0., 0., 0., 0., 0., 0., 0., 0., 0., 0., 0., 0., 0., 0., 0., 0., 0., 0., 0., 0., 0., 0.,
E            0., 0., 0., 0., 0., 0., 0., 0.]]), 'conceptualSpaces.2.layers.0.layers.0.layer.bias': tensor([1.]), 'conceptualSpaces.2.layers.0.layers.0.layer.var': tensor([0.]), 'conceptualSpaces.2.layers.0.layers.0.layer.sigma': tensor([0.]), 'conceptualSpaces.2.layers.0.layers.0.layer.sigma_mean': tensor([0.]), 'conceptualSpaces.2.layers.0.layers.0.layer.sigma_step': tensor(0), 'conceptualSpaces.2.layers.0.layers.1.layer.raw_L': tensor([[0., 0., 0.,  ..., 0., 0., 0.],
E           [0., 0., 0.,  ..., 0., 0., 0.],
E           [0., 0., 0.,  ..., 0., 0., 0.],
E           ...,
E           [0., 0., 0.,  ..., 0., 0., 0.],
E           [0., 0., 0.,  ..., 0., 0., 0.],
E           [0., 0., 0.,  ..., 0., 0., 0.]]), 'conceptualSpaces.2.layers.0.layers.1.layer.d': tensor([1., 1., 1., 1., 1., 1., 1., 1., 1., 1., 1., 1., 1., 1., 1., 1., 1., 1.,
E           1., 1., 1., 1., 1., 1., 1., 1., 1., 1., 1., 1., 1., 1., 1., 1., 1., 1.,
E           1., 1., 1., 1., 1., 1., 1., 1., 1., 1., 1., 1., 1., 1., 1., 1., 1., 1.,
E           1., 1., 1., 1., 1., 1., 1., 1., 1., 1., 1., 1., 1., 1., 1., 1., 1., 1.,
E           1., 1., 1., 1., 1., 1., 1., 1., 1., 1., 1., 1., 1., 1., 1., 1., 1., 1.,
E           1., 1., 1., 1., 1., 1., 1., 1., 1., 1., 1., 1., 1., 1.]), 'conceptualSpaces.2.layers.0.layers.1.layer.raw_U': tensor([[0., 0., 0.,  ..., 0., 0., 0.],
E           [0., 0., 0.,  ..., 0., 0., 0.],
E           [0., 0., 0.,  ..., 0., 0., 0.],
E           ...,
E           [0., 0., 0.,  ..., 0., 0., 0.],
E           [0., 0., 0.,  ..., 0., 0., 0.],
E           [0., 0., 0.,  ..., 0., 0., 0.]]), 'conceptualSpaces.2.layers.0.layers.1.layer.biasWeight': tensor([[0., 0., 0., 0., 0., 0., 0., 0., 0., 0., 0., 0., 0., 0., 0., 0., 0., 0., 0., 0., 0., 0., 0., 0.,
E            0., 0., 0., 0., 0., 0., 0., 0., 0., 0., 0., 0., 0., 0., 0., 0., 0., 0., 0., 0., 0., 0., 0., 0.,
E            0., 0., 0., 0., 0., 0., 0., 0., 0., 0., 0., 0., 0., 0., 0., 0., 0., 0., 0., 0., 0., 0., 0., 0.,
E            0., 0., 0., 0., 0., 0., 0., 0., 0., 0., 0., 0., 0., 0., 0., 0., 0., 0., 0., 0., 0., 0., 0., 0.,
E            0., 0., 0., 0., 0., 0., 0., 0.]]), 'conceptualSpaces.2.layers.0.layers.1.layer.bias': tensor([1.]), 'conceptualSpaces.2.layers.0.layers.1.layer.var': tensor([0.]), 'conceptualSpaces.2.layers.0.layers.1.layer.sigma': tensor([0.]), 'conceptualSpaces.2.layers.0.layers.1.layer.sigma_mean': tensor([0.]), 'conceptualSpaces.2.layers.0.layers.1.layer.sigma_step': tensor(0), 'conceptualSpaces.2.layers.0.routing_proj.weight': tensor([[-3.1826e-01, -3.2436e-01,  2.3371e-01, -1.5332e-01,  2.3755e-01,
E            -2.4370e-01,  3.4873e-01, -3.0268e-02],
E           [-1.5927e-01,  1.3930e-01,  1.3446e-01,  2.7052e-01,  3.4092e-01,
E            -2.1881e-01,  1.4991e-01, -2.9795e-02],
E           [-8.0573e-02,  1.9828e-01, -1.9543e-04,  1.2131e-01, -1.1885e-01,
E            -2.7578e-01, -2.7093e-01, -1.7104e-01],
E           [-3.8568e-02, -3.2993e-01,  2.9565e-01, -3.0167e-01,  9.3404e-02,
E            -1.2353e-01,  2.2861e-03,  2.4449e-01],
E           [-1.9895e-01,  1.5061e-01,  2.9674e-01, -2.7890e-01,  1.7516e-01,
E            -3.3266e-01,  1.1518e-01, -2.1493e-01],
E           [-1.7852e-01,  3.0530e-01, -2.0340e-01,  7.3809e-02, -2.7525e-01,
E             3.3915e-01, -2.9327e-01,  3.4521e-01],
E           [-2.1951e-01, -1.7865e-01, -3.1251e-01,  1.8214e-01, -1.1790e-01,
E            -2.4797e-01,  2.8485e-02, -8.5501e-02],
E           [-1.9869e-01, -1.6531e-01, -2.3752e-01,  1.8500e-01,  7.2932e-02,
E            -1.9855e-01,  1.5515e-01, -5.9189e-02],
E           [ 2.5530e-01, -3.3109e-01, -2.7694e-01, -3.3772e-01, -1.4945e-01,
E            -2.9225e-02,  3.0874e-01, -2.7509e-01],
E           [-2.4028e-01, -3.4714e-01,  2.1091e-01,  4.5610e-02, -1.3670e-01,
E             1.0131e-01,  1.6865e-01,  3.4982e-01],
E           [-3.4055e-01,  1.0444e-01, -2.7932e-01, -1.0587e-01,  1.4133e-02,
E            -8.4684e-02, -2.5346e-01, -3.4167e-01],
E           [-3.0534e-01, -2.6134e-01, -3.1076e-01,  1.7198e-01,  5.4589e-02,
E            -1.5531e-01, -1.5504e-01, -7.6773e-02],
E           [ 1.1810e-01,  3.1603e-01, -1.2616e-01,  7.7158e-02, -2.8574e-01,
E            -2.3505e-01, -4.8873e-03,  2.4727e-01],
E           [-3.3804e-01, -3.0976e-01,  2.0125e-01, -2.2379e-01,  1.0889e-01,
E             5.0444e-02,  2.9545e-01,  9.6238e-02],
E           [ 3.3362e-01,  2.9838e-01,  2.0138e-01, -9.7079e-02,  1.4170e-01,
E             3.2031e-01, -1.5466e-01, -2.7753e-02],
E           [ 8.6094e-02, -9.1911e-03, -2.3713e-01, -2.0655e-01,  1.6890e-01,
E             1.5739e-02, -1.3720e-01,  1.8893e-01],
E           [ 2.8945e-01, -2.8763e-01, -1.6658e-01, -1.3348e-02, -1.2625e-01,
E            -3.4363e-01, -1.7398e-01, -1.5856e-01],
E           [-3.2978e-01,  1.1791e-01,  3.3200e-01,  1.1805e-01, -1.0680e-01,
E             2.5214e-01, -3.2629e-01, -2.4777e-01],
E           [-3.2550e-01,  3.7898e-02,  3.0864e-01, -1.6332e-01,  1.7904e-01,
E            -2.2626e-01, -1.8557e-01,  2.6279e-01],
E           [-1.8705e-01, -2.6938e-02, -2.7212e-01,  2.8690e-02,  8.0433e-02,
E            -6.6027e-03, -1.0586e-01, -1.0859e-01],
E           [ 3.2444e-01,  1.6974e-01, -3.3071e-01, -3.1914e-01, -2.0189e-01,
E             1.6491e-02, -2.4536e-01,  1.9718e-01],
E           [-2.4064e-01,  5.3837e-02,  2.2381e-01,  1.8930e-02, -1.4773e-01,
E             2.2884e-01, -9.0047e-02, -4.1403e-02],
E           [-2.8954e-01,  2.3009e-01,  3.1830e-01,  3.3378e-01, -1.7058e-03,
E            -1.1471e-01,  3.5893e-02,  4.6346e-02],
E           [-3.1014e-01, -3.3215e-02, -1.0021e-02, -1.8997e-01, -2.7604e-01,
E             1.5840e-01, -3.0142e-01,  1.0644e-02],
E           [ 1.7335e-03,  1.6591e-01,  1.4454e-01,  2.1616e-01,  3.2610e-01,
E             1.5283e-01,  3.3935e-01, -3.5337e-01],
E           [ 3.3224e-01,  1.4211e-03, -9.3671e-02, -1.5675e-01, -1.8114e-02,
E            -1.0386e-02,  1.2706e-01,  3.1722e-01],
E           [ 2.4475e-01,  3.4809e-01, -2.2646e-01,  1.7739e-01,  7.7974e-02,
E             2.4702e-01, -1.4178e-01,  1.5312e-01],
E           [ 6.6052e-02, -1.0740e-01, -2.2798e-01,  1.2384e-01,  2.7092e-01,
E            -1.1304e-01,  3.1492e-01, -5.9874e-02],
E           [-1.6740e-01, -2.2174e-01, -3.0737e-01, -1.1689e-01, -3.4193e-02,
E            -2.3060e-01,  1.4303e-01, -3.3698e-01],
E           [ 6.7730e-02, -2.3485e-01,  9.2182e-02, -3.1682e-01, -1.2882e-01,
E             1.9058e-01,  1.7090e-01, -1.2125e-01],
E           [-2.3269e-01,  3.1516e-01,  2.2852e-01, -2.1244e-01,  7.3324e-02,
E             2.1827e-01, -2.8781e-01, -4.8574e-02],
E           [ 1.2808e-01,  2.8949e-01, -2.1872e-01, -2.7760e-01, -1.2344e-01,
E            -1.8955e-01,  1.9239e-01, -3.0862e-01],
E           [-2.3818e-01,  6.0248e-02,  2.2121e-01, -7.6641e-02,  2.1016e-01,
E             2.7844e-01,  1.1244e-01, -2.1828e-01],
E           [-2.7179e-01,  2.4365e-01, -1.1133e-01, -1.7233e-01, -1.0425e-01,
E            -2.3762e-01,  2.3538e-01,  3.3599e-01],
E           [-1.4451e-01,  1.4985e-01,  2.2263e-01,  2.1260e-01, -1.6970e-01,
E            -1.2734e-01,  2.1852e-01,  2.8195e-02],
E           [ 6.8957e-02, -1.6926e-02,  1.6331e-01,  2.0996e-01,  1.6150e-01,
E             4.9600e-02, -1.2782e-01,  2.6187e-01],
E           [-4.3042e-02,  1.3250e-01, -1.1624e-01, -4.1182e-02, -1.6962e-01,
E             2.0451e-01,  1.4954e-01,  1.6998e-02],
E           [ 2.4029e-01,  2.6517e-01, -3.1737e-01, -4.4855e-02,  8.0652e-02,
E            -1.6564e-01,  1.3128e-01,  1.3737e-01],
E           [ 5.9013e-02, -1.4171e-01,  3.1244e-01,  1.8265e-01, -2.3943e-01,
E             3.4218e-01, -1.5075e-01, -7.9118e-02],
E           [-1.1281e-01, -1.4052e-01, -2.6664e-01, -2.3489e-01, -1.0963e-01,
E            -1.5288e-01,  2.7200e-01,  5.2098e-02],
E           [-1.7576e-01,  3.5240e-01,  1.4151e-01,  3.0559e-01,  1.7806e-01,
E            -1.3397e-02,  3.2622e-01,  2.6662e-01],
E           [ 1.0648e-02,  7.4356e-03,  1.2118e-01, -5.5915e-02,  2.6039e-01,
E             1.5525e-01, -1.3091e-01,  1.3618e-01],
E           [ 2.3152e-01,  2.4465e-01,  1.9038e-01, -1.5399e-01,  2.7146e-01,
E             3.0920e-01,  1.6068e-01,  8.3909e-02],
E           [-2.0970e-01, -1.1528e-02, -1.6585e-01,  3.4080e-01, -1.9016e-01,
E            -1.6077e-01, -3.0398e-01,  4.5033e-02],
E           [ 6.2392e-02,  1.3132e-01, -2.3175e-01, -1.6229e-01,  2.4174e-01,
E             1.2525e-01, -2.4482e-01,  1.1115e-01],
E           [ 2.4063e-01, -1.4235e-01, -1.4049e-01, -1.4539e-02,  1.5989e-01,
E             1.3078e-01, -7.6015e-02, -1.5134e-01],
E           [-2.2917e-01,  1.1624e-01,  2.4972e-01,  3.0771e-01, -8.5086e-02,
E            -6.2405e-02,  1.8040e-01,  2.1311e-01],
E           [-1.3447e-01,  3.3612e-01, -3.4842e-01,  1.4400e-01, -1.4221e-01,
E             2.1386e-01, -2.5722e-01, -3.9837e-02],
E           [-2.8303e-01,  2.3997e-01, -3.1355e-01,  7.5921e-03, -1.5783e-01,
E             3.7664e-03, -3.1387e-01,  3.4590e-01],
E           [ 1.0039e-01, -6.0131e-02, -3.0185e-01,  2.0356e-01, -1.4046e-01,
E            -2.8848e-01, -3.1073e-01,  2.7296e-02],
E           [-2.6597e-01, -2.9219e-01,  1.4735e-01,  8.0089e-02, -1.1569e-01,
E            -2.8387e-01, -5.4338e-02, -2.5670e-01],
E           [ 2.4478e-01,  2.1231e-01,  1.0239e-01,  2.4684e-01, -1.0946e-01,
E            -6.5294e-03, -2.7934e-01,  3.3903e-01],
E           [ 1.9745e-02,  1.6850e-01,  3.1199e-02,  1.3536e-01,  3.3568e-01,
E            -2.0081e-01, -2.3583e-01, -3.2020e-01],
E           [ 1.6623e-01, -1.7602e-01,  1.6233e-01, -2.2651e-01,  3.1588e-01,
E             5.7352e-02, -3.0638e-01,  2.1097e-01],
E           [ 2.0494e-01,  1.7458e-01,  1.1068e-03,  1.5387e-02, -2.8075e-01,
E             7.5492e-02,  4.3925e-02,  3.1460e-01],
E           [-2.3282e-01,  1.2370e-01,  1.4802e-01,  1.7772e-02,  3.0716e-01,
E             3.7867e-02, -9.6793e-03, -2.0272e-01],
E           [-2.2098e-01, -9.3841e-02,  2.3095e-01, -2.0592e-01,  2.6149e-01,
E             1.3102e-01, -3.5140e-01, -9.9702e-02],
E           [-3.5056e-01,  7.7585e-02, -3.5239e-01,  1.3096e-01,  1.9329e-01,
E             1.0133e-01, -1.9998e-01, -2.1041e-01],
E           [-5.1972e-02,  2.1306e-01,  2.5080e-01,  1.1313e-01,  4.6435e-02,
E            -1.9375e-01,  2.0742e-02, -5.0777e-02],
E           [ 2.9730e-01,  3.1365e-02, -5.0877e-02,  2.0125e-02, -2.1038e-01,
E            -9.3804e-02,  1.8956e-01, -2.2563e-01],
E           [ 1.3587e-01,  5.7077e-02,  7.2849e-02, -3.3980e-01, -1.3042e-01,
E             7.2517e-02, -1.4345e-01, -3.3887e-01],
E           [ 1.2550e-01, -5.7591e-02, -6.5770e-02,  1.2338e-02,  4.9659e-02,
E            -1.2921e-01, -7.9255e-02,  2.1598e-01],
E           [ 6.7453e-02,  2.7755e-01,  2.7314e-01, -1.8431e-01,  3.3414e-01,
E             2.3694e-01, -6.3571e-02,  2.2074e-01],
E           [ 8.9372e-04, -2.4067e-01,  2.5083e-01, -4.4579e-02,  2.6253e-03,
E             2.5541e-01, -5.7081e-02, -3.0890e-01],
E           [ 3.4292e-01, -1.3716e-01,  2.8276e-01,  2.9244e-01,  1.6243e-01,
E            -2.6410e-01, -2.6484e-01, -3.3683e-03],
E           [ 3.0679e-01,  2.9587e-01,  2.1966e-02, -2.7507e-01,  1.7816e-01,
E            -9.9640e-03, -3.5090e-01, -8.1642e-02],
E           [-7.7928e-02, -1.4732e-01, -2.6355e-01, -3.2390e-01,  2.2429e-01,
E            -2.9689e-01, -3.4935e-02,  1.4677e-01],
E           [-1.6048e-01, -2.9420e-01,  8.5839e-02, -3.2499e-01,  3.6214e-02,
E             3.1657e-01,  1.2581e-01,  1.7002e-01],
E           [-3.2311e-02,  1.0329e-01,  1.2722e-01,  3.2435e-01, -3.4464e-01,
E             2.9006e-01, -3.0046e-01, -1.6829e-01],
E           [-1.2755e-01,  1.3849e-02, -1.4699e-01,  3.5185e-01,  7.4012e-02,
E            -1.0459e-01, -1.9399e-02, -1.7889e-01],
E           [-1.5635e-01, -1.7574e-01, -2.8747e-01,  3.4982e-01,  1.4374e-01,
E            -7.5237e-02,  1.3977e-01, -1.4084e-01],
E           [ 1.6545e-01, -2.4278e-01, -3.3342e-01,  1.5381e-01,  2.9157e-01,
E            -3.5182e-01, -2.8526e-01,  1.3500e-02],
E           [-2.2609e-01,  2.7595e-01,  8.1273e-02,  3.9765e-02, -2.7507e-01,
E             2.2045e-01,  1.4362e-01, -6.3555e-02],
E           [-1.0390e-01, -2.0924e-01, -2.6088e-01, -9.7170e-02, -9.8970e-02,
E            -1.0334e-02, -6.9954e-02,  2.1293e-02],
E           [ 2.0594e-01,  2.7819e-01, -8.4904e-02,  2.4503e-01,  1.4783e-01,
E             5.9609e-02,  8.2568e-02,  1.1117e-01],
E           [-2.1092e-01, -1.6982e-01, -2.9692e-01,  1.3812e-01,  2.1526e-01,
E            -3.2058e-01,  1.8911e-01, -2.9512e-01],
E           [ 1.5446e-01,  1.5723e-01,  2.9000e-01,  1.8968e-01, -3.4688e-01,
E             2.0206e-01,  4.2099e-02, -2.8989e-01],
E           [-2.1633e-01,  1.6108e-01,  2.4004e-01,  5.5204e-02,  3.4133e-01,
E            -4.9137e-02, -2.9837e-01, -2.8047e-02],
E           [ 7.8637e-02, -1.3325e-01, -3.0846e-01, -8.5717e-02, -1.3588e-01,
E             1.1472e-01,  2.5881e-02,  5.6046e-02],
E           [-3.1893e-01,  1.4486e-01, -2.3740e-01, -6.7618e-02, -3.3648e-01,
E             2.0558e-01,  3.1029e-01, -1.7843e-01],
E           [ 1.1916e-02, -3.1068e-01, -2.7238e-02,  1.2055e-01, -2.3584e-01,
E            -2.2416e-01, -9.6788e-02, -3.2806e-01],
E           [ 1.2516e-01, -1.1109e-01,  2.9673e-01, -2.7578e-03, -1.4830e-01,
E             1.5639e-01,  1.1333e-01,  1.8902e-01],
E           [ 2.5634e-01, -1.6426e-01, -1.9947e-01, -2.1066e-01, -2.5105e-01,
E            -1.5170e-01,  1.3791e-01, -1.1917e-01],
E           [-6.8720e-02,  3.4169e-01, -1.0397e-01, -2.8451e-01, -2.4373e-01,
E             4.2553e-03,  1.8195e-01, -2.4328e-01],
E           [-1.0943e-01,  2.7033e-01, -1.9455e-01, -8.5137e-02,  2.8601e-01,
E             2.3788e-01, -2.7852e-01,  1.6990e-01],
E           [-3.1114e-01, -5.2143e-02, -3.1081e-01, -5.7830e-02, -3.0379e-01,
E             2.5383e-01, -3.4916e-01, -2.8250e-01],
E           [-8.5800e-02, -3.0795e-02,  2.8207e-01,  1.5428e-01, -2.8726e-01,
E            -6.9851e-02,  6.6251e-02,  2.3048e-01],
E           [ 1.0504e-01,  1.3057e-01,  1.4773e-01, -2.3336e-01,  2.0511e-01,
E            -1.5782e-01,  9.6648e-02, -5.1687e-02],
E           [ 1.9533e-01,  2.0239e-01,  8.8200e-02,  3.4928e-02,  3.4671e-01,
E             2.5586e-01,  3.1758e-01, -3.3961e-01],
E           [-1.1108e-02,  2.1909e-01, -1.6723e-01,  3.1377e-01,  1.4335e-01,
E            -1.2588e-02, -8.0644e-04,  3.2512e-01],
E           [-2.5756e-01,  9.4110e-02,  3.1323e-01, -2.5255e-01, -1.0454e-01,
E            -2.0697e-01, -2.6082e-01, -2.9154e-01],
E           [-1.5917e-01,  3.4223e-01, -3.0117e-01,  3.3771e-01, -1.3281e-01,
E             1.0715e-01,  2.2630e-01, -2.6150e-01],
E           [ 6.1222e-02, -2.4856e-01, -1.5501e-01,  7.9240e-02, -7.9904e-02,
E             1.7695e-01, -2.7045e-01, -2.1035e-01],
E           [ 9.5010e-02, -5.0895e-02, -2.6747e-02, -2.8069e-01,  1.3351e-01,
E            -6.4028e-02,  5.9752e-02, -9.7980e-02],
E           [ 1.5266e-01,  2.0718e-01, -2.4016e-01, -2.0163e-01, -1.9183e-01,
E             3.9149e-02, -8.1132e-02, -6.8824e-02],
E           [ 2.7432e-01, -2.7170e-01, -1.6667e-01,  3.4865e-01,  1.4979e-01,
E             5.4382e-04, -1.3025e-01,  2.0240e-01],
E           [-2.1022e-01,  7.6893e-02, -1.2870e-01,  1.0413e-01,  9.1384e-02,
E            -1.8211e-01, -2.7459e-01, -3.3142e-01],
E           [-3.0907e-01, -1.7180e-01, -2.8496e-01,  2.0617e-01,  1.9946e-01,
E             2.2263e-01, -9.6416e-02,  2.3029e-01],
E           [-8.4405e-02,  3.2852e-01,  2.1038e-01,  4.3893e-02,  2.5073e-01,
E            -2.5476e-01, -1.6310e-01,  2.5007e-01],
E           [ 2.1212e-01, -1.9834e-01, -2.7447e-01, -1.7307e-01,  1.0743e-01,
E             1.0088e-01, -6.3161e-02, -1.7519e-01],
E           [-5.5578e-02, -1.8870e-01,  1.1842e-01,  3.3989e-01, -3.3085e-02,
E             2.5755e-01, -9.7868e-02, -2.3022e-01],
E           [ 2.5199e-01,  3.3865e-01, -1.6787e-01, -6.2132e-02,  3.4088e-01,
E             2.5948e-01,  1.4237e-02,  1.4243e-01],
E           [-1.0680e-01, -1.2066e-01,  3.0744e-01, -8.6437e-02,  2.0829e-01,
E            -3.2241e-01, -1.7366e-01,  1.2378e-01],
E           [ 4.5711e-02, -9.1733e-03,  2.2576e-01, -2.8670e-01, -5.7662e-02,
E            -3.2828e-01, -3.2913e-01, -3.0917e-02]]), 'conceptualSpaces.2.layers.0.routing_proj.bias': tensor([ 0.2351, -0.0445,  0.3373,  0.2771,  0.3275, -0.3093, -0.2682, -0.0704,
E            0.0722, -0.1890,  0.0062,  0.3088,  0.2927, -0.3474, -0.0810,  0.0028,
E            0.0966, -0.2297,  0.0093, -0.2782,  0.1870, -0.1165,  0.3518, -0.1944,
E            0.1855, -0.3443, -0.2827,  0.0180,  0.0507,  0.1737,  0.2415, -0.2463,
E           -0.0041, -0.2050, -0.0417,  0.2560, -0.3331, -0.1773, -0.0016,  0.0376,
E           -0.1068,  0.3084, -0.0586,  0.2528, -0.3352, -0.0881, -0.1504,  0.2868,
E           -0.0722,  0.3232,  0.0219,  0.2072,  0.3525,  0.2260, -0.1146, -0.0417,
E            0.2031,  0.1963,  0.1873,  0.0977, -0.2806, -0.2273, -0.1872, -0.2644,
E           -0.3384, -0.2151,  0.1037,  0.1031, -0.3529, -0.3340,  0.1571, -0.3185,
E           -0.3308,  0.2607, -0.2328, -0.0574, -0.1923, -0.3146, -0.1167,  0.1828,
E           -0.2416,  0.1171, -0.1562, -0.0901, -0.3491,  0.2463, -0.2936, -0.2708,
E           -0.0782, -0.2017,  0.2279,  0.1169, -0.1958,  0.3145,  0.0442, -0.2328,
E            0.2839, -0.2341,  0.1900,  0.0352,  0.2654,  0.1007, -0.0608,  0.2085]), 'conceptualSpaces.2.layers.3.W': tensor([[0., 0., 0., 0., 0., 0., 0., 0., 0., 0., 0., 0., 0., 0., 0., 0., 0., 0., 0., 0., 0., 0., 0., 0.,
E            0., 0., 0., 0., 0., 0., 0., 0., 0., 0., 0., 0., 0., 0., 0., 0., 0., 0., 0., 0., 0., 0., 0., 0.,
E            0., 0., 0., 0., 0., 0., 0., 0., 0., 0., 0., 0., 0., 0., 0., 0., 0., 0., 0., 0., 0., 0., 0., 0.,
E            0., 0., 0., 0., 0., 0., 0., 0., 0., 0., 0., 0., 0., 0., 0., 0., 0., 0., 0., 0., 0., 0., 0., 0.,
E            0., 0., 0., 0., 0., 0., 0., 0.],
E           [0., 0., 0., 0., 0., 0., 0., 0., 0., 0., 0., 0., 0., 0., 0., 0., 0., 0., 0., 0., 0., 0., 0., 0.,
E            0., 0., 0., 0., 0., 0., 0., 0., 0., 0., 0., 0., 0., 0., 0., 0., 0., 0., 0., 0., 0., 0., 0., 0.,
E            0., 0., 0., 0., 0., 0., 0., 0., 0., 0., 0., 0., 0., 0., 0., 0., 0., 0., 0., 0., 0., 0., 0., 0.,
E            0., 0., 0., 0., 0., 0., 0., 0., 0., 0., 0., 0., 0., 0., 0., 0., 0., 0., 0., 0., 0., 0., 0., 0.,
E            0., 0., 0., 0., 0., 0., 0., 0.],
E           [0., 0., 0., 0., 0., 0., 0., 0., 0., 0., 0., 0., 0., 0., 0., 0., 0., 0., 0., 0., 0., 0., 0., 0.,
E            0., 0., 0., 0., 0., 0., 0., 0., 0., 0., 0., 0., 0., 0., 0., 0., 0., 0., 0., 0., 0., 0., 0., 0.,
E            0., 0., 0., 0., 0., 0., 0., 0., 0., 0., 0., 0., 0., 0., 0., 0., 0., 0., 0., 0., 0., 0., 0., 0.,
E            0., 0., 0., 0., 0., 0., 0., 0., 0., 0., 0., 0., 0., 0., 0., 0., 0., 0., 0., 0., 0., 0., 0., 0.,
E            0., 0., 0., 0., 0., 0., 0., 0.],
E           [0., 0., 0., 0., 0., 0., 0., 0., 0., 0., 0., 0., 0., 0., 0., 0., 0., 0., 0., 0., 0., 0., 0., 0.,
E            0., 0., 0., 0., 0., 0., 0., 0., 0., 0., 0., 0., 0., 0., 0., 0., 0., 0., 0., 0., 0., 0., 0., 0.,
E            0., 0., 0., 0., 0., 0., 0., 0., 0., 0., 0., 0., 0., 0., 0., 0., 0., 0., 0., 0., 0., 0., 0., 0.,
E            0., 0., 0., 0., 0., 0., 0., 0., 0., 0., 0., 0., 0., 0., 0., 0., 0., 0., 0., 0., 0., 0., 0., 0.,
E            0., 0., 0., 0., 0., 0., 0., 0.],
E           [0., 0., 0., 0., 0., 0., 0., 0., 0., 0., 0., 0., 0., 0., 0., 0., 0., 0., 0., 0., 0., 0., 0., 0.,
E            0., 0., 0., 0., 0., 0., 0., 0., 0., 0., 0., 0., 0., 0., 0., 0., 0., 0., 0., 0., 0., 0., 0., 0.,
E            0., 0., 0., 0., 0., 0., 0., 0., 0., 0., 0., 0., 0., 0., 0., 0., 0., 0., 0., 0., 0., 0., 0., 0.,
E            0., 0., 0., 0., 0., 0., 0., 0., 0., 0., 0., 0., 0., 0., 0., 0., 0., 0., 0., 0., 0., 0., 0., 0.,
E            0., 0., 0., 0., 0., 0., 0., 0.],
E           [0., 0., 0., 0., 0., 0., 0., 0., 0., 0., 0., 0., 0., 0., 0., 0., 0., 0., 0., 0., 0., 0., 0., 0.,
E            0., 0., 0., 0., 0., 0., 0., 0., 0., 0., 0., 0., 0., 0., 0., 0., 0., 0., 0., 0., 0., 0., 0., 0.,
E            0., 0., 0., 0., 0., 0., 0., 0., 0., 0., 0., 0., 0., 0., 0., 0., 0., 0., 0., 0., 0., 0., 0., 0.,
E            0., 0., 0., 0., 0., 0., 0., 0., 0., 0., 0., 0., 0., 0., 0., 0., 0., 0., 0., 0., 0., 0., 0., 0.,
E            0., 0., 0., 0., 0., 0., 0., 0.],
E           [0., 0., 0., 0., 0., 0., 0., 0., 0., 0., 0., 0., 0., 0., 0., 0., 0., 0., 0., 0., 0., 0., 0., 0.,
E            0., 0., 0., 0., 0., 0., 0., 0., 0., 0., 0., 0., 0., 0., 0., 0., 0., 0., 0., 0., 0., 0., 0., 0.,
E            0., 0., 0., 0., 0., 0., 0., 0., 0., 0., 0., 0., 0., 0., 0., 0., 0., 0., 0., 0., 0., 0., 0., 0.,
E            0., 0., 0., 0., 0., 0., 0., 0., 0., 0., 0., 0., 0., 0., 0., 0., 0., 0., 0., 0., 0., 0., 0., 0.,
E            0., 0., 0., 0., 0., 0., 0., 0.],
E           [0., 0., 0., 0., 0., 0., 0., 0., 0., 0., 0., 0., 0., 0., 0., 0., 0., 0., 0., 0., 0., 0., 0., 0.,
E            0., 0., 0., 0., 0., 0., 0., 0., 0., 0., 0., 0., 0., 0., 0., 0., 0., 0., 0., 0., 0., 0., 0., 0.,
E            0., 0., 0., 0., 0., 0., 0., 0., 0., 0., 0., 0., 0., 0., 0., 0., 0., 0., 0., 0., 0., 0., 0., 0.,
E            0., 0., 0., 0., 0., 0., 0., 0., 0., 0., 0., 0., 0., 0., 0., 0., 0., 0., 0., 0., 0., 0., 0., 0.,
E            0., 0., 0., 0., 0., 0., 0., 0.]]), 'conceptualSpaces.2.layers.3.vq._b_norms_sq': tensor([1.0000, 1.0000, 1.0000, 1.0000, 1.0000, 1.0000, 1.0000, 1.0000]), 'conceptualSpaces.2.layers.3.vq.active_mask': tensor([True, True, True, True, True, True, True, True]), 'conceptualSpaces.2.layers.4.coefficients': tensor([[0.5000, 0.5000, 0.5000, 0.5000, 0.5000, 0.5000, 0.5000, 0.5000, 0.0000],
E           [0.5000, 0.5000, 0.5000, 0.5000, 0.5000, 0.5000, 0.5000, 0.5000, 0.0000],
E           [0.5000, 0.5000, 0.5000, 0.5000, 0.5000, 0.5000, 0.5000, 0.5000, 0.0000],
E           [0.5000, 0.5000, 0.5000, 0.5000, 0.5000, 0.5000, 0.5000, 0.5000, 0.0000],
E           [0.5000, 0.5000, 0.5000, 0.5000, 0.5000, 0.5000, 0.5000, 0.5000, 0.0000],
E           [0.5000, 0.5000, 0.5000, 0.5000, 0.5000, 0.5000, 0.5000, 0.5000, 0.0000],
E           [0.5000, 0.5000, 0.5000, 0.5000, 0.5000, 0.5000, 0.5000, 0.5000, 0.0000],
E           [0.5000, 0.5000, 0.5000, 0.5000, 0.5000, 0.5000, 0.5000, 0.5000, 0.0000]]), 'conceptualSpaces.2.layers.5.sigma.layer.W': tensor([[0.5000],
E           [0.5000],
E           [0.5000],
E           [0.5000],
E           [0.5000],
E           [0.5000],
E           [0.5000],
E           [0.5000],
E           [0.5000]]), 'conceptualSpaces.2.layers.5.sigma.layer.biasWeight': tensor([[0.]]), 'conceptualSpaces.2.layers.5.sigma.layer.bias': tensor([1.]), 'conceptualSpaces.2.layers.5.sigma.layer.var': tensor([0.]), 'conceptualSpaces.2.layers.5.sigma.layer.sigma': tensor([0.]), 'conceptualSpaces.2.layers.5.sigma.layer.sigma_mean': tensor([0.]), 'conceptualSpaces.2.layers.5.sigma.layer.sigma_step': tensor(0), 'conceptualSpaces.2.layers.6.callosum': tensor([[0.5000, 0.0000, 0.0000, 0.0000, 0.0000, 0.0000, 0.0000, 0.0000],
E           [0.0000, 0.5000, 0.0000, 0.0000, 0.0000, 0.0000, 0.0000, 0.0000],
E           [0.0000, 0.0000, 0.5000, 0.0000, 0.0000, 0.0000, 0.0000, 0.0000],
E           [0.0000, 0.0000, 0.0000, 0.5000, 0.0000, 0.0000, 0.0000, 0.0000],
E           [0.0000, 0.0000, 0.0000, 0.0000, 0.5000, 0.0000, 0.0000, 0.0000],
E           [0.0000, 0.0000, 0.0000, 0.0000, 0.0000, 0.5000, 0.0000, 0.0000],
E           [0.0000, 0.0000, 0.0000, 0.0000, 0.0000, 0.0000, 0.5000, 0.0000],
E           [0.0000, 0.0000, 0.0000, 0.0000, 0.0000, 0.0000, 0.0000, 0.5000],
E           [0.5000, 0.0000, 0.0000, 0.0000, 0.0000, 0.0000, 0.0000, 0.0000],
E           [0.0000, 0.5000, 0.0000, 0.0000, 0.0000, 0.0000, 0.0000, 0.0000],
E           [0.0000, 0.0000, 0.5000, 0.0000, 0.0000, 0.0000, 0.0000, 0.0000],
E           [0.0000, 0.0000, 0.0000, 0.5000, 0.0000, 0.0000, 0.0000, 0.0000],
E           [0.0000, 0.0000, 0.0000, 0.0000, 0.5000, 0.0000, 0.0000, 0.0000],
E           [0.0000, 0.0000, 0.0000, 0.0000, 0.0000, 0.5000, 0.0000, 0.0000],
E           [0.0000, 0.0000, 0.0000, 0.0000, 0.0000, 0.0000, 0.5000, 0.0000],
E           [0.0000, 0.0000, 0.0000, 0.0000, 0.0000, 0.0000, 0.0000, 0.5000]]), 'conceptualSpaces.2.layers.6.layer.butterfly_L': tensor([[0., 0., 0.,  ..., 0., 0., 0.],
E           [0., 0., 0.,  ..., 0., 0., 0.],
E           [0., 0., 0.,  ..., 0., 0., 0.],
E           ...,
E           [0., 0., 0.,  ..., 0., 0., 0.],
E           [0., 0., 0.,  ..., 0., 0., 0.],
E           [0., 0., 0.,  ..., 0., 0., 0.]]), 'conceptualSpaces.2.layers.6.layer.butterfly_d': tensor([[[1., 1.],
E            [1., 1.],
E            [1., 1.],
E            ...,
E            [1., 1.],
E            [1., 1.],
E            [1., 1.]],
E   
E           [[1., 1.],
E            [1., 1.],
E            [1., 1.],
E            ...,
E            [1., 1.],
E            [1., 1.],
E            [1., 1.]],
E   
E           [[1., 1.],
E            [1., 1.],
E            [1., 1.],
E            ...,
E            [1., 1.],
E            [1., 1.],
E            [1., 1.]],
E   
E           ...,
E   
E           [[1., 1.],
E            [1., 1.],
E            [1., 1.],
E            ...,
E            [1., 1.],
E            [1., 1.],
E            [1., 1.]],
E   
E           [[1., 1.],
E            [1., 1.],
E            [1., 1.],
E            ...,
E            [1., 1.],
E            [1., 1.],
E            [1., 1.]],
E   
E           [[1., 1.],
E            [1., 1.],
E            [1., 1.],
E            ...,
E            [1., 1.],
E            [1., 1.],
E            [1., 1.]]]), 'conceptualSpaces.2.layers.6.layer.butterfly_U': tensor([[0., 0., 0.,  ..., 0., 0., 0.],
E           [0., 0., 0.,  ..., 0., 0., 0.],
E           [0., 0., 0.,  ..., 0., 0., 0.],
E           ...,
E           [0., 0., 0.,  ..., 0., 0., 0.],
E           [0., 0., 0.,  ..., 0., 0., 0.],
E           [0., 0., 0.,  ..., 0., 0., 0.]]), 'conceptualSpaces.2.layers.6.layer.butterfly_perms': tensor([[   0,    1,    2,  ..., 2045, 2046, 2047],
E           [   0,    2,    1,  ..., 2046, 2045, 2047],
E           [   0,    4,    1,  ..., 2046, 2043, 2047],
E           ...,
E           [   0,  256,    1,  ..., 2046, 1791, 2047],
E           [   0,  512,    1,  ..., 2046, 1535, 2047],
E           [   0, 1024,    1,  ..., 2046, 1023, 2047]]), 'conceptualSpaces.2.intraSentenceLayer.pi.layer.raw_L': tensor([[0., 0., 0.,  ..., 0., 0., 0.],
E           [0., 0., 0.,  ..., 0., 0., 0.],
E           [0., 0., 0.,  ..., 0., 0., 0.],
E           ...,
E           [0., 0., 0.,  ..., 0., 0., 0.],
E           [0., 0., 0.,  ..., 0., 0., 0.],
E           [0., 0., 0.,  ..., 0., 0., 0.]]), 'conceptualSpaces.2.intraSentenceLayer.pi.layer.d': tensor([1., 1., 1., 1., 1., 1., 1., 1., 1., 1., 1., 1., 1., 1., 1., 1., 1., 1.,
E           1., 1., 1., 1., 1., 1., 1., 1., 1., 1., 1., 1., 1., 1., 1., 1., 1., 1.,
E           1., 1., 1., 1., 1., 1., 1., 1., 1., 1., 1., 1., 1., 1., 1., 1., 1., 1.,
E           1., 1., 1., 1., 1., 1., 1., 1., 1., 1., 1., 1., 1., 1., 1., 1., 1., 1.,
E           1., 1., 1., 1., 1., 1., 1., 1., 1., 1., 1., 1., 1., 1., 1., 1., 1., 1.,
E           1., 1., 1., 1., 1., 1., 1., 1., 1., 1., 1., 1., 1., 1.]), 'conceptualSpaces.2.intraSentenceLayer.pi.layer.raw_U': tensor([[0., 0., 0.,  ..., 0., 0., 0.],
E           [0., 0., 0.,  ..., 0., 0., 0.],
E           [0., 0., 0.,  ..., 0., 0., 0.],
E           ...,
E           [0., 0., 0.,  ..., 0., 0., 0.],
E           [0., 0., 0.,  ..., 0., 0., 0.],
E           [0., 0., 0.,  ..., 0., 0., 0.]]), 'conceptualSpaces.2.intraSentenceLayer.pi.layer.biasWeight': tensor([[0., 0., 0., 0., 0., 0., 0., 0., 0., 0., 0., 0., 0., 0., 0., 0., 0., 0., 0., 0., 0., 0., 0., 0.,
E            0., 0., 0., 0., 0., 0., 0., 0., 0., 0., 0., 0., 0., 0., 0., 0., 0., 0., 0., 0., 0., 0., 0., 0.,
E            0., 0., 0., 0., 0., 0., 0., 0., 0., 0., 0., 0., 0., 0., 0., 0., 0., 0., 0., 0., 0., 0., 0., 0.,
E            0., 0., 0., 0., 0., 0., 0., 0., 0., 0., 0., 0., 0., 0., 0., 0., 0., 0., 0., 0., 0., 0., 0., 0.,
E            0., 0., 0., 0., 0., 0., 0., 0.]]), 'conceptualSpaces.2.intraSentenceLayer.pi.layer.bias': tensor([1.]), 'conceptualSpaces.2.intraSentenceLayer.pi.layer.var': tensor([0.]), 'conceptualSpaces.2.intraSentenceLayer.pi.layer.sigma': tensor([0.]), 'conceptualSpaces.2.intraSentenceLayer.pi.layer.sigma_mean': tensor([0.]), 'conceptualSpaces.2.intraSentenceLayer.pi.layer.sigma_step': tensor(0), 'conceptualSpaces.2.intraSentenceLayer.sigma.layer.raw_L': tensor([[0., 0., 0.,  ..., 0., 0., 0.],
E           [0., 0., 0.,  ..., 0., 0., 0.],
E           [0., 0., 0.,  ..., 0., 0., 0.],
E           ...,
E           [0., 0., 0.,  ..., 0., 0., 0.],
E           [0., 0., 0.,  ..., 0., 0., 0.],
E           [0., 0., 0.,  ..., 0., 0., 0.]]), 'conceptualSpaces.2.intraSentenceLayer.sigma.layer.d': tensor([1., 1., 1., 1., 1., 1., 1., 1., 1., 1., 1., 1., 1., 1., 1., 1., 1., 1.,
E           1., 1., 1., 1., 1., 1., 1., 1., 1., 1., 1., 1., 1., 1., 1., 1., 1., 1.,
E           1., 1., 1., 1., 1., 1., 1., 1., 1., 1., 1., 1., 1., 1., 1., 1., 1., 1.,
E           1., 1., 1., 1., 1., 1., 1., 1., 1., 1., 1., 1., 1., 1., 1., 1., 1., 1.,
E           1., 1., 1., 1., 1., 1., 1., 1., 1., 1., 1., 1., 1., 1., 1., 1., 1., 1.,
E           1., 1., 1., 1., 1., 1., 1., 1., 1., 1., 1., 1., 1., 1.]), 'conceptualSpaces.2.intraSentenceLayer.sigma.layer.raw_U': tensor([[0., 0., 0.,  ..., 0., 0., 0.],
E           [0., 0., 0.,  ..., 0., 0., 0.],
E           [0., 0., 0.,  ..., 0., 0., 0.],
E           ...,
E           [0., 0., 0.,  ..., 0., 0., 0.],
E           [0., 0., 0.,  ..., 0., 0., 0.],
E           [0., 0., 0.,  ..., 0., 0., 0.]]), 'conceptualSpaces.2.intraSentenceLayer.sigma.layer.biasWeight': tensor([[0., 0., 0., 0., 0., 0., 0., 0., 0., 0., 0., 0., 0., 0., 0., 0., 0., 0., 0., 0., 0., 0., 0., 0.,
E            0., 0., 0., 0., 0., 0., 0., 0., 0., 0., 0., 0., 0., 0., 0., 0., 0., 0., 0., 0., 0., 0., 0., 0.,
E            0., 0., 0., 0., 0., 0., 0., 0., 0., 0., 0., 0., 0., 0., 0., 0., 0., 0., 0., 0., 0., 0., 0., 0.,
E            0., 0., 0., 0., 0., 0., 0., 0., 0., 0., 0., 0., 0., 0., 0., 0., 0., 0., 0., 0., 0., 0., 0., 0.,
E            0., 0., 0., 0., 0., 0., 0., 0.]]), 'conceptualSpaces.2.intraSentenceLayer.sigma.layer.bias': tensor([1.]), 'conceptualSpaces.2.intraSentenceLayer.sigma.layer.var': tensor([0.]), 'conceptualSpaces.2.intraSentenceLayer.sigma.layer.sigma': tensor([0.]), 'conceptualSpaces.2.intraSentenceLayer.sigma.layer.sigma_mean': tensor([0.]), 'conceptualSpaces.2.intraSentenceLayer.sigma.layer.sigma_step': tensor(0), 'conceptualSpaces.2.intraSentenceLayer.layers.0.layer.raw_L': tensor([[0., 0., 0.,  ..., 0., 0., 0.],
E           [0., 0., 0.,  ..., 0., 0., 0.],
E           [0., 0., 0.,  ..., 0., 0., 0.],
E           ...,
E           [0., 0., 0.,  ..., 0., 0., 0.],
E           [0., 0., 0.,  ..., 0., 0., 0.],
E           [0., 0., 0.,  ..., 0., 0., 0.]]), 'conceptualSpaces.2.intraSentenceLayer.layers.0.layer.d': tensor([1., 1., 1., 1., 1., 1., 1., 1., 1., 1., 1., 1., 1., 1., 1., 1., 1., 1.,
E           1., 1., 1., 1., 1., 1., 1., 1., 1., 1., 1., 1., 1., 1., 1., 1., 1., 1.,
E           1., 1., 1., 1., 1., 1., 1., 1., 1., 1., 1., 1., 1., 1., 1., 1., 1., 1.,
E           1., 1., 1., 1., 1., 1., 1., 1., 1., 1., 1., 1., 1., 1., 1., 1., 1., 1.,
E           1., 1., 1., 1., 1., 1., 1., 1., 1., 1., 1., 1., 1., 1., 1., 1., 1., 1.,
E           1., 1., 1., 1., 1., 1., 1., 1., 1., 1., 1., 1., 1., 1.]), 'conceptualSpaces.2.intraSentenceLayer.layers.0.layer.raw_U': tensor([[0., 0., 0.,  ..., 0., 0., 0.],
E           [0., 0., 0.,  ..., 0., 0., 0.],
E           [0., 0., 0.,  ..., 0., 0., 0.],
E           ...,
E           [0., 0., 0.,  ..., 0., 0., 0.],
E           [0., 0., 0.,  ..., 0., 0., 0.],
E           [0., 0., 0.,  ..., 0., 0., 0.]]), 'conceptualSpaces.2.intraSentenceLayer.layers.0.layer.biasWeight': tensor([[0., 0., 0., 0., 0., 0., 0., 0., 0., 0., 0., 0., 0., 0., 0., 0., 0., 0., 0., 0., 0., 0., 0., 0.,
E            0., 0., 0., 0., 0., 0., 0., 0., 0., 0., 0., 0., 0., 0., 0., 0., 0., 0., 0., 0., 0., 0., 0., 0.,
E            0., 0., 0., 0., 0., 0., 0., 0., 0., 0., 0., 0., 0., 0., 0., 0., 0., 0., 0., 0., 0., 0., 0., 0.,
E            0., 0., 0., 0., 0., 0., 0., 0., 0., 0., 0., 0., 0., 0., 0., 0., 0., 0., 0., 0., 0., 0., 0., 0.,
E            0., 0., 0., 0., 0., 0., 0., 0.]]), 'conceptualSpaces.2.intraSentenceLayer.layers.0.layer.bias': tensor([1.]), 'conceptualSpaces.2.intraSentenceLayer.layers.0.layer.var': tensor([0.]), 'conceptualSpaces.2.intraSentenceLayer.layers.0.layer.sigma': tensor([0.]), 'conceptualSpaces.2.intraSentenceLayer.layers.0.layer.sigma_mean': tensor([0.]), 'conceptualSpaces.2.intraSentenceLayer.layers.0.layer.sigma_step': tensor(0), 'conceptualSpaces.2.intraSentenceLayer.layers.1.layer.raw_L': tensor([[0., 0., 0.,  ..., 0., 0., 0.],
E           [0., 0., 0.,  ..., 0., 0., 0.],
E           [0., 0., 0.,  ..., 0., 0., 0.],
E           ...,
E           [0., 0., 0.,  ..., 0., 0., 0.],
E           [0., 0., 0.,  ..., 0., 0., 0.],
E           [0., 0., 0.,  ..., 0., 0., 0.]]), 'conceptualSpaces.2.intraSentenceLayer.layers.1.layer.d': tensor([1., 1., 1., 1., 1., 1., 1., 1., 1., 1., 1., 1., 1., 1., 1., 1., 1., 1.,
E           1., 1., 1., 1., 1., 1., 1., 1., 1., 1., 1., 1., 1., 1., 1., 1., 1., 1.,
E           1., 1., 1., 1., 1., 1., 1., 1., 1., 1., 1., 1., 1., 1., 1., 1., 1., 1.,
E           1., 1., 1., 1., 1., 1., 1., 1., 1., 1., 1., 1., 1., 1., 1., 1., 1., 1.,
E           1., 1., 1., 1., 1., 1., 1., 1., 1., 1., 1., 1., 1., 1., 1., 1., 1., 1.,
E           1., 1., 1., 1., 1., 1., 1., 1., 1., 1., 1., 1., 1., 1.]), 'conceptualSpaces.2.intraSentenceLayer.layers.1.layer.raw_U': tensor([[0., 0., 0.,  ..., 0., 0., 0.],
E           [0., 0., 0.,  ..., 0., 0., 0.],
E           [0., 0., 0.,  ..., 0., 0., 0.],
E           ...,
E           [0., 0., 0.,  ..., 0., 0., 0.],
E           [0., 0., 0.,  ..., 0., 0., 0.],
E           [0., 0., 0.,  ..., 0., 0., 0.]]), 'conceptualSpaces.2.intraSentenceLayer.layers.1.layer.biasWeight': tensor([[0., 0., 0., 0., 0., 0., 0., 0., 0., 0., 0., 0., 0., 0., 0., 0., 0., 0., 0., 0., 0., 0., 0., 0.,
E            0., 0., 0., 0., 0., 0., 0., 0., 0., 0., 0., 0., 0., 0., 0., 0., 0., 0., 0., 0., 0., 0., 0., 0.,
E            0., 0., 0., 0., 0., 0., 0., 0., 0., 0., 0., 0., 0., 0., 0., 0., 0., 0., 0., 0., 0., 0., 0., 0.,
E            0., 0., 0., 0., 0., 0., 0., 0., 0., 0., 0., 0., 0., 0., 0., 0., 0., 0., 0., 0., 0., 0., 0., 0.,
E            0., 0., 0., 0., 0., 0., 0., 0.]]), 'conceptualSpaces.2.intraSentenceLayer.layers.1.layer.bias': tensor([1.]), 'conceptualSpaces.2.intraSentenceLayer.layers.1.layer.var': tensor([0.]), 'conceptualSpaces.2.intraSentenceLayer.layers.1.layer.sigma': tensor([0.]), 'conceptualSpaces.2.intraSentenceLayer.layers.1.layer.sigma_mean': tensor([0.]), 'conceptualSpaces.2.intraSentenceLayer.layers.1.layer.sigma_step': tensor(0), 'conceptualSpaces.2.intraSentenceLayer.routing_proj.weight': tensor([[-3.1826e-01, -3.2436e-01,  2.3371e-01, -1.5332e-01,  2.3755e-01,
E            -2.4370e-01,  3.4873e-01, -3.0268e-02],
E           [-1.5927e-01,  1.3930e-01,  1.3446e-01,  2.7052e-01,  3.4092e-01,
E            -2.1881e-01,  1.4991e-01, -2.9795e-02],
E           [-8.0573e-02,  1.9828e-01, -1.9543e-04,  1.2131e-01, -1.1885e-01,
E            -2.7578e-01, -2.7093e-01, -1.7104e-01],
E           [-3.8568e-02, -3.2993e-01,  2.9565e-01, -3.0167e-01,  9.3404e-02,
E            -1.2353e-01,  2.2861e-03,  2.4449e-01],
E           [-1.9895e-01,  1.5061e-01,  2.9674e-01, -2.7890e-01,  1.7516e-01,
E            -3.3266e-01,  1.1518e-01, -2.1493e-01],
E           [-1.7852e-01,  3.0530e-01, -2.0340e-01,  7.3809e-02, -2.7525e-01,
E             3.3915e-01, -2.9327e-01,  3.4521e-01],
E           [-2.1951e-01, -1.7865e-01, -3.1251e-01,  1.8214e-01, -1.1790e-01,
E            -2.4797e-01,  2.8485e-02, -8.5501e-02],
E           [-1.9869e-01, -1.6531e-01, -2.3752e-01,  1.8500e-01,  7.2932e-02,
E            -1.9855e-01,  1.5515e-01, -5.9189e-02],
E           [ 2.5530e-01, -3.3109e-01, -2.7694e-01, -3.3772e-01, -1.4945e-01,
E            -2.9225e-02,  3.0874e-01, -2.7509e-01],
E           [-2.4028e-01, -3.4714e-01,  2.1091e-01,  4.5610e-02, -1.3670e-01,
E             1.0131e-01,  1.6865e-01,  3.4982e-01],
E           [-3.4055e-01,  1.0444e-01, -2.7932e-01, -1.0587e-01,  1.4133e-02,
E            -8.4684e-02, -2.5346e-01, -3.4167e-01],
E           [-3.0534e-01, -2.6134e-01, -3.1076e-01,  1.7198e-01,  5.4589e-02,
E            -1.5531e-01, -1.5504e-01, -7.6773e-02],
E           [ 1.1810e-01,  3.1603e-01, -1.2616e-01,  7.7158e-02, -2.8574e-01,
E            -2.3505e-01, -4.8873e-03,  2.4727e-01],
E           [-3.3804e-01, -3.0976e-01,  2.0125e-01, -2.2379e-01,  1.0889e-01,
E             5.0444e-02,  2.9545e-01,  9.6238e-02],
E           [ 3.3362e-01,  2.9838e-01,  2.0138e-01, -9.7079e-02,  1.4170e-01,
E             3.2031e-01, -1.5466e-01, -2.7753e-02],
E           [ 8.6094e-02, -9.1911e-03, -2.3713e-01, -2.0655e-01,  1.6890e-01,
E             1.5739e-02, -1.3720e-01,  1.8893e-01],
E           [ 2.8945e-01, -2.8763e-01, -1.6658e-01, -1.3348e-02, -1.2625e-01,
E            -3.4363e-01, -1.7398e-01, -1.5856e-01],
E           [-3.2978e-01,  1.1791e-01,  3.3200e-01,  1.1805e-01, -1.0680e-01,
E             2.5214e-01, -3.2629e-01, -2.4777e-01],
E           [-3.2550e-01,  3.7898e-02,  3.0864e-01, -1.6332e-01,  1.7904e-01,
E            -2.2626e-01, -1.8557e-01,  2.6279e-01],
E           [-1.8705e-01, -2.6938e-02, -2.7212e-01,  2.8690e-02,  8.0433e-02,
E            -6.6027e-03, -1.0586e-01, -1.0859e-01],
E           [ 3.2444e-01,  1.6974e-01, -3.3071e-01, -3.1914e-01, -2.0189e-01,
E             1.6491e-02, -2.4536e-01,  1.9718e-01],
E           [-2.4064e-01,  5.3837e-02,  2.2381e-01,  1.8930e-02, -1.4773e-01,
E             2.2884e-01, -9.0047e-02, -4.1403e-02],
E           [-2.8954e-01,  2.3009e-01,  3.1830e-01,  3.3378e-01, -1.7058e-03,
E            -1.1471e-01,  3.5893e-02,  4.6346e-02],
E           [-3.1014e-01, -3.3215e-02, -1.0021e-02, -1.8997e-01, -2.7604e-01,
E             1.5840e-01, -3.0142e-01,  1.0644e-02],
E           [ 1.7335e-03,  1.6591e-01,  1.4454e-01,  2.1616e-01,  3.2610e-01,
E             1.5283e-01,  3.3935e-01, -3.5337e-01],
E           [ 3.3224e-01,  1.4211e-03, -9.3671e-02, -1.5675e-01, -1.8114e-02,
E            -1.0386e-02,  1.2706e-01,  3.1722e-01],
E           [ 2.4475e-01,  3.4809e-01, -2.2646e-01,  1.7739e-01,  7.7974e-02,
E             2.4702e-01, -1.4178e-01,  1.5312e-01],
E           [ 6.6052e-02, -1.0740e-01, -2.2798e-01,  1.2384e-01,  2.7092e-01,
E            -1.1304e-01,  3.1492e-01, -5.9874e-02],
E           [-1.6740e-01, -2.2174e-01, -3.0737e-01, -1.1689e-01, -3.4193e-02,
E            -2.3060e-01,  1.4303e-01, -3.3698e-01],
E           [ 6.7730e-02, -2.3485e-01,  9.2182e-02, -3.1682e-01, -1.2882e-01,
E             1.9058e-01,  1.7090e-01, -1.2125e-01],
E           [-2.3269e-01,  3.1516e-01,  2.2852e-01, -2.1244e-01,  7.3324e-02,
E             2.1827e-01, -2.8781e-01, -4.8574e-02],
E           [ 1.2808e-01,  2.8949e-01, -2.1872e-01, -2.7760e-01, -1.2344e-01,
E            -1.8955e-01,  1.9239e-01, -3.0862e-01],
E           [-2.3818e-01,  6.0248e-02,  2.2121e-01, -7.6641e-02,  2.1016e-01,
E             2.7844e-01,  1.1244e-01, -2.1828e-01],
E           [-2.7179e-01,  2.4365e-01, -1.1133e-01, -1.7233e-01, -1.0425e-01,
E            -2.3762e-01,  2.3538e-01,  3.3599e-01],
E           [-1.4451e-01,  1.4985e-01,  2.2263e-01,  2.1260e-01, -1.6970e-01,
E            -1.2734e-01,  2.1852e-01,  2.8195e-02],
E           [ 6.8957e-02, -1.6926e-02,  1.6331e-01,  2.0996e-01,  1.6150e-01,
E             4.9600e-02, -1.2782e-01,  2.6187e-01],
E           [-4.3042e-02,  1.3250e-01, -1.1624e-01, -4.1182e-02, -1.6962e-01,
E             2.0451e-01,  1.4954e-01,  1.6998e-02],
E           [ 2.4029e-01,  2.6517e-01, -3.1737e-01, -4.4855e-02,  8.0652e-02,
E            -1.6564e-01,  1.3128e-01,  1.3737e-01],
E           [ 5.9013e-02, -1.4171e-01,  3.1244e-01,  1.8265e-01, -2.3943e-01,
E             3.4218e-01, -1.5075e-01, -7.9118e-02],
E           [-1.1281e-01, -1.4052e-01, -2.6664e-01, -2.3489e-01, -1.0963e-01,
E            -1.5288e-01,  2.7200e-01,  5.2098e-02],
E           [-1.7576e-01,  3.5240e-01,  1.4151e-01,  3.0559e-01,  1.7806e-01,
E            -1.3397e-02,  3.2622e-01,  2.6662e-01],
E           [ 1.0648e-02,  7.4356e-03,  1.2118e-01, -5.5915e-02,  2.6039e-01,
E             1.5525e-01, -1.3091e-01,  1.3618e-01],
E           [ 2.3152e-01,  2.4465e-01,  1.9038e-01, -1.5399e-01,  2.7146e-01,
E             3.0920e-01,  1.6068e-01,  8.3909e-02],
E           [-2.0970e-01, -1.1528e-02, -1.6585e-01,  3.4080e-01, -1.9016e-01,
E            -1.6077e-01, -3.0398e-01,  4.5033e-02],
E           [ 6.2392e-02,  1.3132e-01, -2.3175e-01, -1.6229e-01,  2.4174e-01,
E             1.2525e-01, -2.4482e-01,  1.1115e-01],
E           [ 2.4063e-01, -1.4235e-01, -1.4049e-01, -1.4539e-02,  1.5989e-01,
E             1.3078e-01, -7.6015e-02, -1.5134e-01],
E           [-2.2917e-01,  1.1624e-01,  2.4972e-01,  3.0771e-01, -8.5086e-02,
E            -6.2405e-02,  1.8040e-01,  2.1311e-01],
E           [-1.3447e-01,  3.3612e-01, -3.4842e-01,  1.4400e-01, -1.4221e-01,
E             2.1386e-01, -2.5722e-01, -3.9837e-02],
E           [-2.8303e-01,  2.3997e-01, -3.1355e-01,  7.5921e-03, -1.5783e-01,
E             3.7664e-03, -3.1387e-01,  3.4590e-01],
E           [ 1.0039e-01, -6.0131e-02, -3.0185e-01,  2.0356e-01, -1.4046e-01,
E            -2.8848e-01, -3.1073e-01,  2.7296e-02],
E           [-2.6597e-01, -2.9219e-01,  1.4735e-01,  8.0089e-02, -1.1569e-01,
E            -2.8387e-01, -5.4338e-02, -2.5670e-01],
E           [ 2.4478e-01,  2.1231e-01,  1.0239e-01,  2.4684e-01, -1.0946e-01,
E            -6.5294e-03, -2.7934e-01,  3.3903e-01],
E           [ 1.9745e-02,  1.6850e-01,  3.1199e-02,  1.3536e-01,  3.3568e-01,
E            -2.0081e-01, -2.3583e-01, -3.2020e-01],
E           [ 1.6623e-01, -1.7602e-01,  1.6233e-01, -2.2651e-01,  3.1588e-01,
E             5.7352e-02, -3.0638e-01,  2.1097e-01],
E           [ 2.0494e-01,  1.7458e-01,  1.1068e-03,  1.5387e-02, -2.8075e-01,
E             7.5492e-02,  4.3925e-02,  3.1460e-01],
E           [-2.3282e-01,  1.2370e-01,  1.4802e-01,  1.7772e-02,  3.0716e-01,
E             3.7867e-02, -9.6793e-03, -2.0272e-01],
E           [-2.2098e-01, -9.3841e-02,  2.3095e-01, -2.0592e-01,  2.6149e-01,
E             1.3102e-01, -3.5140e-01, -9.9702e-02],
E           [-3.5056e-01,  7.7585e-02, -3.5239e-01,  1.3096e-01,  1.9329e-01,
E             1.0133e-01, -1.9998e-01, -2.1041e-01],
E           [-5.1972e-02,  2.1306e-01,  2.5080e-01,  1.1313e-01,  4.6435e-02,
E            -1.9375e-01,  2.0742e-02, -5.0777e-02],
E           [ 2.9730e-01,  3.1365e-02, -5.0877e-02,  2.0125e-02, -2.1038e-01,
E            -9.3804e-02,  1.8956e-01, -2.2563e-01],
E           [ 1.3587e-01,  5.7077e-02,  7.2849e-02, -3.3980e-01, -1.3042e-01,
E             7.2517e-02, -1.4345e-01, -3.3887e-01],
E           [ 1.2550e-01, -5.7591e-02, -6.5770e-02,  1.2338e-02,  4.9659e-02,
E            -1.2921e-01, -7.9255e-02,  2.1598e-01],
E           [ 6.7453e-02,  2.7755e-01,  2.7314e-01, -1.8431e-01,  3.3414e-01,
E             2.3694e-01, -6.3571e-02,  2.2074e-01],
E           [ 8.9372e-04, -2.4067e-01,  2.5083e-01, -4.4579e-02,  2.6253e-03,
E             2.5541e-01, -5.7081e-02, -3.0890e-01],
E           [ 3.4292e-01, -1.3716e-01,  2.8276e-01,  2.9244e-01,  1.6243e-01,
E            -2.6410e-01, -2.6484e-01, -3.3683e-03],
E           [ 3.0679e-01,  2.9587e-01,  2.1966e-02, -2.7507e-01,  1.7816e-01,
E            -9.9640e-03, -3.5090e-01, -8.1642e-02],
E           [-7.7928e-02, -1.4732e-01, -2.6355e-01, -3.2390e-01,  2.2429e-01,
E            -2.9689e-01, -3.4935e-02,  1.4677e-01],
E           [-1.6048e-01, -2.9420e-01,  8.5839e-02, -3.2499e-01,  3.6214e-02,
E             3.1657e-01,  1.2581e-01,  1.7002e-01],
E           [-3.2311e-02,  1.0329e-01,  1.2722e-01,  3.2435e-01, -3.4464e-01,
E             2.9006e-01, -3.0046e-01, -1.6829e-01],
E           [-1.2755e-01,  1.3849e-02, -1.4699e-01,  3.5185e-01,  7.4012e-02,
E            -1.0459e-01, -1.9399e-02, -1.7889e-01],
E           [-1.5635e-01, -1.7574e-01, -2.8747e-01,  3.4982e-01,  1.4374e-01,
E            -7.5237e-02,  1.3977e-01, -1.4084e-01],
E           [ 1.6545e-01, -2.4278e-01, -3.3342e-01,  1.5381e-01,  2.9157e-01,
E            -3.5182e-01, -2.8526e-01,  1.3500e-02],
E           [-2.2609e-01,  2.7595e-01,  8.1273e-02,  3.9765e-02, -2.7507e-01,
E             2.2045e-01,  1.4362e-01, -6.3555e-02],
E           [-1.0390e-01, -2.0924e-01, -2.6088e-01, -9.7170e-02, -9.8970e-02,
E            -1.0334e-02, -6.9954e-02,  2.1293e-02],
E           [ 2.0594e-01,  2.7819e-01, -8.4904e-02,  2.4503e-01,  1.4783e-01,
E             5.9609e-02,  8.2568e-02,  1.1117e-01],
E           [-2.1092e-01, -1.6982e-01, -2.9692e-01,  1.3812e-01,  2.1526e-01,
E            -3.2058e-01,  1.8911e-01, -2.9512e-01],
E           [ 1.5446e-01,  1.5723e-01,  2.9000e-01,  1.8968e-01, -3.4688e-01,
E             2.0206e-01,  4.2099e-02, -2.8989e-01],
E           [-2.1633e-01,  1.6108e-01,  2.4004e-01,  5.5204e-02,  3.4133e-01,
E            -4.9137e-02, -2.9837e-01, -2.8047e-02],
E           [ 7.8637e-02, -1.3325e-01, -3.0846e-01, -8.5717e-02, -1.3588e-01,
E             1.1472e-01,  2.5881e-02,  5.6046e-02],
E           [-3.1893e-01,  1.4486e-01, -2.3740e-01, -6.7618e-02, -3.3648e-01,
E             2.0558e-01,  3.1029e-01, -1.7843e-01],
E           [ 1.1916e-02, -3.1068e-01, -2.7238e-02,  1.2055e-01, -2.3584e-01,
E            -2.2416e-01, -9.6788e-02, -3.2806e-01],
E           [ 1.2516e-01, -1.1109e-01,  2.9673e-01, -2.7578e-03, -1.4830e-01,
E             1.5639e-01,  1.1333e-01,  1.8902e-01],
E           [ 2.5634e-01, -1.6426e-01, -1.9947e-01, -2.1066e-01, -2.5105e-01,
E            -1.5170e-01,  1.3791e-01, -1.1917e-01],
E           [-6.8720e-02,  3.4169e-01, -1.0397e-01, -2.8451e-01, -2.4373e-01,
E             4.2553e-03,  1.8195e-01, -2.4328e-01],
E           [-1.0943e-01,  2.7033e-01, -1.9455e-01, -8.5137e-02,  2.8601e-01,
E             2.3788e-01, -2.7852e-01,  1.6990e-01],
E           [-3.1114e-01, -5.2143e-02, -3.1081e-01, -5.7830e-02, -3.0379e-01,
E             2.5383e-01, -3.4916e-01, -2.8250e-01],
E           [-8.5800e-02, -3.0795e-02,  2.8207e-01,  1.5428e-01, -2.8726e-01,
E            -6.9851e-02,  6.6251e-02,  2.3048e-01],
E           [ 1.0504e-01,  1.3057e-01,  1.4773e-01, -2.3336e-01,  2.0511e-01,
E            -1.5782e-01,  9.6648e-02, -5.1687e-02],
E           [ 1.9533e-01,  2.0239e-01,  8.8200e-02,  3.4928e-02,  3.4671e-01,
E             2.5586e-01,  3.1758e-01, -3.3961e-01],
E           [-1.1108e-02,  2.1909e-01, -1.6723e-01,  3.1377e-01,  1.4335e-01,
E            -1.2588e-02, -8.0644e-04,  3.2512e-01],
E           [-2.5756e-01,  9.4110e-02,  3.1323e-01, -2.5255e-01, -1.0454e-01,
E            -2.0697e-01, -2.6082e-01, -2.9154e-01],
E           [-1.5917e-01,  3.4223e-01, -3.0117e-01,  3.3771e-01, -1.3281e-01,
E             1.0715e-01,  2.2630e-01, -2.6150e-01],
E           [ 6.1222e-02, -2.4856e-01, -1.5501e-01,  7.9240e-02, -7.9904e-02,
E             1.7695e-01, -2.7045e-01, -2.1035e-01],
E           [ 9.5010e-02, -5.0895e-02, -2.6747e-02, -2.8069e-01,  1.3351e-01,
E            -6.4028e-02,  5.9752e-02, -9.7980e-02],
E           [ 1.5266e-01,  2.0718e-01, -2.4016e-01, -2.0163e-01, -1.9183e-01,
E             3.9149e-02, -8.1132e-02, -6.8824e-02],
E           [ 2.7432e-01, -2.7170e-01, -1.6667e-01,  3.4865e-01,  1.4979e-01,
E             5.4382e-04, -1.3025e-01,  2.0240e-01],
E           [-2.1022e-01,  7.6893e-02, -1.2870e-01,  1.0413e-01,  9.1384e-02,
E            -1.8211e-01, -2.7459e-01, -3.3142e-01],
E           [-3.0907e-01, -1.7180e-01, -2.8496e-01,  2.0617e-01,  1.9946e-01,
E             2.2263e-01, -9.6416e-02,  2.3029e-01],
E           [-8.4405e-02,  3.2852e-01,  2.1038e-01,  4.3893e-02,  2.5073e-01,
E            -2.5476e-01, -1.6310e-01,  2.5007e-01],
E           [ 2.1212e-01, -1.9834e-01, -2.7447e-01, -1.7307e-01,  1.0743e-01,
E             1.0088e-01, -6.3161e-02, -1.7519e-01],
E           [-5.5578e-02, -1.8870e-01,  1.1842e-01,  3.3989e-01, -3.3085e-02,
E             2.5755e-01, -9.7868e-02, -2.3022e-01],
E           [ 2.5199e-01,  3.3865e-01, -1.6787e-01, -6.2132e-02,  3.4088e-01,
E             2.5948e-01,  1.4237e-02,  1.4243e-01],
E           [-1.0680e-01, -1.2066e-01,  3.0744e-01, -8.6437e-02,  2.0829e-01,
E            -3.2241e-01, -1.7366e-01,  1.2378e-01],
E           [ 4.5711e-02, -9.1733e-03,  2.2576e-01, -2.8670e-01, -5.7662e-02,
E            -3.2828e-01, -3.2913e-01, -3.0917e-02]]), 'conceptualSpaces.2.intraSentenceLayer.routing_proj.bias': tensor([ 0.2351, -0.0445,  0.3373,  0.2771,  0.3275, -0.3093, -0.2682, -0.0704,
E            0.0722, -0.1890,  0.0062,  0.3088,  0.2927, -0.3474, -0.0810,  0.0028,
E            0.0966, -0.2297,  0.0093, -0.2782,  0.1870, -0.1165,  0.3518, -0.1944,
E            0.1855, -0.3443, -0.2827,  0.0180,  0.0507,  0.1737,  0.2415, -0.2463,
E           -0.0041, -0.2050, -0.0417,  0.2560, -0.3331, -0.1773, -0.0016,  0.0376,
E           -0.1068,  0.3084, -0.0586,  0.2528, -0.3352, -0.0881, -0.1504,  0.2868,
E           -0.0722,  0.3232,  0.0219,  0.2072,  0.3525,  0.2260, -0.1146, -0.0417,
E            0.2031,  0.1963,  0.1873,  0.0977, -0.2806, -0.2273, -0.1872, -0.2644,
E           -0.3384, -0.2151,  0.1037,  0.1031, -0.3529, -0.3340,  0.1571, -0.3185,
E           -0.3308,  0.2607, -0.2328, -0.0574, -0.1923, -0.3146, -0.1167,  0.1828,
E           -0.2416,  0.1171, -0.1562, -0.0901, -0.3491,  0.2463, -0.2936, -0.2708,
E           -0.0782, -0.2017,  0.2279,  0.1169, -0.1958,  0.3145,  0.0442, -0.2328,
E            0.2839, -0.2341,  0.1900,  0.0352,  0.2654,  0.1007, -0.0608,  0.2085]), 'conceptualSpaces.2.similarity_codebook.W': tensor([[0., 0., 0., 0., 0., 0., 0., 0., 0., 0., 0., 0., 0., 0., 0., 0., 0., 0., 0., 0., 0., 0., 0., 0.,
E            0., 0., 0., 0., 0., 0., 0., 0., 0., 0., 0., 0., 0., 0., 0., 0., 0., 0., 0., 0., 0., 0., 0., 0.,
E            0., 0., 0., 0., 0., 0., 0., 0., 0., 0., 0., 0., 0., 0., 0., 0., 0., 0., 0., 0., 0., 0., 0., 0.,
E            0., 0., 0., 0., 0., 0., 0., 0., 0., 0., 0., 0., 0., 0., 0., 0., 0., 0., 0., 0., 0., 0., 0., 0.,
E            0., 0., 0., 0., 0., 0., 0., 0.],
E           [0., 0., 0., 0., 0., 0., 0., 0., 0., 0., 0., 0., 0., 0., 0., 0., 0., 0., 0., 0., 0., 0., 0., 0.,
E            0., 0., 0., 0., 0., 0., 0., 0., 0., 0., 0., 0., 0., 0., 0., 0., 0., 0., 0., 0., 0., 0., 0., 0.,
E            0., 0., 0., 0., 0., 0., 0., 0., 0., 0., 0., 0., 0., 0., 0., 0., 0., 0., 0., 0., 0., 0., 0., 0.,
E            0., 0., 0., 0., 0., 0., 0., 0., 0., 0., 0., 0., 0., 0., 0., 0., 0., 0., 0., 0., 0., 0., 0., 0.,
E            0., 0., 0., 0., 0., 0., 0., 0.],
E           [0., 0., 0., 0., 0., 0., 0., 0., 0., 0., 0., 0., 0., 0., 0., 0., 0., 0., 0., 0., 0., 0., 0., 0.,
E            0., 0., 0., 0., 0., 0., 0., 0., 0., 0., 0., 0., 0., 0., 0., 0., 0., 0., 0., 0., 0., 0., 0., 0.,
E            0., 0., 0., 0., 0., 0., 0., 0., 0., 0., 0., 0., 0., 0., 0., 0., 0., 0., 0., 0., 0., 0., 0., 0.,
E            0., 0., 0., 0., 0., 0., 0., 0., 0., 0., 0., 0., 0., 0., 0., 0., 0., 0., 0., 0., 0., 0., 0., 0.,
E            0., 0., 0., 0., 0., 0., 0., 0.],
E           [0., 0., 0., 0., 0., 0., 0., 0., 0., 0., 0., 0., 0., 0., 0., 0., 0., 0., 0., 0., 0., 0., 0., 0.,
E            0., 0., 0., 0., 0., 0., 0., 0., 0., 0., 0., 0., 0., 0., 0., 0., 0., 0., 0., 0., 0., 0., 0., 0.,
E            0., 0., 0., 0., 0., 0., 0., 0., 0., 0., 0., 0., 0., 0., 0., 0., 0., 0., 0., 0., 0., 0., 0., 0.,
E            0., 0., 0., 0., 0., 0., 0., 0., 0., 0., 0., 0., 0., 0., 0., 0., 0., 0., 0., 0., 0., 0., 0., 0.,
E            0., 0., 0., 0., 0., 0., 0., 0.],
E           [0., 0., 0., 0., 0., 0., 0., 0., 0., 0., 0., 0., 0., 0., 0., 0., 0., 0., 0., 0., 0., 0., 0., 0.,
E            0., 0., 0., 0., 0., 0., 0., 0., 0., 0., 0., 0., 0., 0., 0., 0., 0., 0., 0., 0., 0., 0., 0., 0.,
E            0., 0., 0., 0., 0., 0., 0., 0., 0., 0., 0., 0., 0., 0., 0., 0., 0., 0., 0., 0., 0., 0., 0., 0.,
E            0., 0., 0., 0., 0., 0., 0., 0., 0., 0., 0., 0., 0., 0., 0., 0., 0., 0., 0., 0., 0., 0., 0., 0.,
E            0., 0., 0., 0., 0., 0., 0., 0.],
E           [0., 0., 0., 0., 0., 0., 0., 0., 0., 0., 0., 0., 0., 0., 0., 0., 0., 0., 0., 0., 0., 0., 0., 0.,
E            0., 0., 0., 0., 0., 0., 0., 0., 0., 0., 0., 0., 0., 0., 0., 0., 0., 0., 0., 0., 0., 0., 0., 0.,
E            0., 0., 0., 0., 0., 0., 0., 0., 0., 0., 0., 0., 0., 0., 0., 0., 0., 0., 0., 0., 0., 0., 0., 0.,
E            0., 0., 0., 0., 0., 0., 0., 0., 0., 0., 0., 0., 0., 0., 0., 0., 0., 0., 0., 0., 0., 0., 0., 0.,
E            0., 0., 0., 0., 0., 0., 0., 0.],
E           [0., 0., 0., 0., 0., 0., 0., 0., 0., 0., 0., 0., 0., 0., 0., 0., 0., 0., 0., 0., 0., 0., 0., 0.,
E            0., 0., 0., 0., 0., 0., 0., 0., 0., 0., 0., 0., 0., 0., 0., 0., 0., 0., 0., 0., 0., 0., 0., 0.,
E            0., 0., 0., 0., 0., 0., 0., 0., 0., 0., 0., 0., 0., 0., 0., 0., 0., 0., 0., 0., 0., 0., 0., 0.,
E            0., 0., 0., 0., 0., 0., 0., 0., 0., 0., 0., 0., 0., 0., 0., 0., 0., 0., 0., 0., 0., 0., 0., 0.,
E            0., 0., 0., 0., 0., 0., 0., 0.],
E           [0., 0., 0., 0., 0., 0., 0., 0., 0., 0., 0., 0., 0., 0., 0., 0., 0., 0., 0., 0., 0., 0., 0., 0.,
E            0., 0., 0., 0., 0., 0., 0., 0., 0., 0., 0., 0., 0., 0., 0., 0., 0., 0., 0., 0., 0., 0., 0., 0.,
E            0., 0., 0., 0., 0., 0., 0., 0., 0., 0., 0., 0., 0., 0., 0., 0., 0., 0., 0., 0., 0., 0., 0., 0.,
E            0., 0., 0., 0., 0., 0., 0., 0., 0., 0., 0., 0., 0., 0., 0., 0., 0., 0., 0., 0., 0., 0., 0., 0.,
E            0., 0., 0., 0., 0., 0., 0., 0.]]), 'conceptualSpaces.2.similarity_codebook.vq._b_norms_sq': tensor([1.0000, 1.0000, 1.0000, 1.0000, 1.0000, 1.0000, 1.0000, 1.0000]), 'conceptualSpaces.2.similarity_codebook.vq.active_mask': tensor([True, True, True, True, True, True, True, True]), 'conceptualSpaces.2.concepts_from_percepts.coefficients': tensor([[0.5000, 0.5000, 0.5000, 0.5000, 0.5000, 0.5000, 0.5000, 0.5000, 0.0000],
E           [0.5000, 0.5000, 0.5000, 0.5000, 0.5000, 0.5000, 0.5000, 0.5000, 0.0000],
E           [0.5000, 0.5000, 0.5000, 0.5000, 0.5000, 0.5000, 0.5000, 0.5000, 0.0000],
E           [0.5000, 0.5000, 0.5000, 0.5000, 0.5000, 0.5000, 0.5000, 0.5000, 0.0000],
E           [0.5000, 0.5000, 0.5000, 0.5000, 0.5000, 0.5000, 0.5000, 0.5000, 0.0000],
E           [0.5000, 0.5000, 0.5000, 0.5000, 0.5000, 0.5000, 0.5000, 0.5000, 0.0000],
E           [0.5000, 0.5000, 0.5000, 0.5000, 0.5000, 0.5000, 0.5000, 0.5000, 0.0000],
E           [0.5000, 0.5000, 0.5000, 0.5000, 0.5000, 0.5000, 0.5000, 0.5000, 0.0000]]), 'conceptualSpaces.2.concept_source_readout.sigma.layer.W': tensor([[0.5000],
E           [0.5000],
E           [0.5000],
E           [0.5000],
E           [0.5000],
E           [0.5000],
E           [0.5000],
E           [0.5000],
E           [0.5000]]), 'conceptualSpaces.2.concept_source_readout.sigma.layer.biasWeight': tensor([[0.]]), 'conceptualSpaces.2.concept_source_readout.sigma.layer.bias': tensor([1.]), 'conceptualSpaces.2.concept_source_readout.sigma.layer.var': tensor([0.]), 'conceptualSpaces.2.concept_source_readout.sigma.layer.sigma': tensor([0.]), 'conceptualSpaces.2.concept_source_readout.sigma.layer.sigma_mean': tensor([0.]), 'conceptualSpaces.2.concept_source_readout.sigma.layer.sigma_step': tensor(0), 'wholeSpaces.0.begins_weight': tensor([-4., -4., -4., -4., -4., -4., -4., -4., -4., -4., -4., -4., -4., -4.,
E           -4., -4., -4., -4., -4., -4., -4., -4., -4., -4., -4., -4., -4., -4.,
E           -4., -4., -4., -4., -4., -4., -4., -4., -4., -4., -4., -4., -4., -4.,
E           -4., -4., -4., -4., -4., -4., -4., -4., -4., -4., -4., -4., -4., -4.,
E           -4., -4., -4., -4., -4., -4., -4., -4., -4., -4., -4., -4., -4., -4.,
E           -4., -4., -4., -4., -4., -4., -4., -4., -4., -4., -4., -4., -4., -4.,
E           -4., -4., -4., -4., -4., -4., -4., -4., -4., -4., -4., -4., -4., -4.,
E           -4., -4., -4., -4., -4., -4., -4., -4., -4., -4., -4., -4., -4., -4.,
E           -4., -4., -4., -4., -4., -4., -4., -4., -4., -4., -4., -4., -4., -4.,
E           -4., -4., -4., -4., -4., -4., -4., -4., -4., -4., -4., -4., -4., -4.,
E           -4., -4., -4., -4., -4., -4., -4., -4., -4., -4., -4., -4., -4., -4.,
E           -4., -4., -4., -4., -4., -4., -4., -4., -4., -4., -4., -4., -4., -4.,
E           -4., -4., -4., -4., -4., -4., -4., -4., -4., -4., -4., -4., -4., -4.,
E           -4., -4., -4., -4., -4., -4., -4., -4., -4., -4., -4., -4., -4., -4.,
E           -4., -4., -4., -4., -4., -4., -4., -4., -4., -4., -4., -4., -4., -4.,
E           -4., -4., -4., -4., -4., -4., -4., -4., -4., -4., -4., -4., -4., -4.,
E           -4., -4., -4., -4., -4., -4., -4., -4., -4., -4., -4., -4., -4., -4.,
E           -4., -4., -4., -4., -4., -4., -4., -4., -4., -4., -4., -4., -4., -4.,
E           -4., -4., -4., -4., -4., -4.,  4.,  4., -4., -4., -4.,  4., -4., -4.,
E           -4., -4., -4., -4., -4., -4., -4., -4., -4., -4., -4., -4., -4., -4.,
E           -4., -4., -4., -4., -4., -4., -4., -4., -4., -4., -4., -4., -4., -4.,
E           -4., -4., -4., -4., -4., -4., -4., -4., -4., -4., -4., -4., -4., -4.,
E           -4., -4., -4., -4., -4., -4., -4., -4., -4., -4., -4., -4.]), 'wholeSpaces.0.ends_weight': tensor([-4., -4., -4., -4., -4., -4., -4., -4., -4., -4., -4., -4., -4., -4.,
E           -4., -4., -4., -4., -4., -4., -4., -4., -4., -4., -4., -4., -4., -4.,
E           -4., -4., -4., -4., -4., -4., -4., -4., -4., -4., -4., -4., -4., -4.,
E           -4., -4., -4., -4., -4., -4., -4., -4., -4., -4., -4., -4., -4., -4.,
E           -4., -4., -4., -4., -4., -4., -4., -4., -4., -4., -4., -4., -4., -4.,
E           -4., -4., -4., -4., -4., -4., -4., -4., -4., -4., -4., -4., -4., -4.,
E           -4., -4., -4., -4., -4., -4., -4., -4., -4., -4., -4., -4., -4., -4.,
E           -4., -4., -4., -4., -4., -4., -4., -4., -4., -4., -4., -4., -4., -4.,
E           -4., -4., -4., -4., -4., -4., -4., -4., -4., -4., -4., -4., -4., -4.,
E           -4., -4., -4., -4., -4., -4., -4., -4., -4., -4., -4., -4., -4., -4.,
E           -4., -4., -4., -4., -4., -4., -4., -4., -4., -4., -4., -4., -4., -4.,
E           -4., -4., -4., -4., -4., -4., -4., -4., -4., -4., -4., -4., -4., -4.,
E           -4., -4., -4., -4., -4., -4., -4., -4., -4., -4., -4., -4., -4., -4.,
E           -4., -4., -4., -4., -4., -4., -4., -4., -4., -4., -4., -4., -4., -4.,
E           -4., -4., -4., -4., -4., -4., -4., -4., -4., -4., -4., -4., -4., -4.,
E           -4., -4., -4., -4., -4., -4., -4., -4., -4., -4., -4., -4., -4., -4.,
E           -4., -4., -4., -4., -4., -4., -4., -4., -4., -4., -4., -4., -4., -4.,
E           -4., -4., -4., -4., -4., -4., -4., -4., -4., -4., -4., -4., -4., -4.,
E           -4., -4., -4., -4., -4., -4.,  4.,  4., -4., -4., -4.,  4., -4., -4.,
E           -4., -4., -4., -4., -4., -4., -4., -4., -4., -4., -4., -4., -4., -4.,
E           -4., -4., -4., -4., -4., -4., -4., -4., -4., -4., -4., -4., -4., -4.,
E           -4., -4., -4., -4., -4., -4., -4., -4., -4., -4., -4., -4., -4., -4.,
E           -4., -4., -4., -4., -4., -4., -4., -4., -4., -4., -4., -4.]), 'wholeSpaces.0.atom_level': tensor([-4., -4., -4., -4., -4., -4., -4., -4., -4., -4., -4., -4., -4., -4.,
E           -4., -4., -4., -4., -4., -4., -4., -4., -4., -4., -4., -4., -4., -4.,
E           -4., -4., -4., -4., -4., -4., -4., -4., -4., -4., -4., -4., -4., -4.,
E           -4., -4., -4., -4., -4., -4., -4., -4., -4., -4., -4., -4., -4., -4.,
E           -4., -4., -4., -4., -4., -4., -4., -4., -4., -4., -4., -4., -4., -4.,
E           -4., -4., -4., -4., -4., -4., -4., -4., -4., -4., -4., -4., -4., -4.,
E           -4., -4., -4., -4., -4., -4., -4., -4., -4., -4., -4., -4., -4., -4.,
E           -4., -4., -4., -4., -4., -4., -4., -4., -4., -4., -4., -4., -4., -4.,
E           -4., -4., -4., -4., -4., -4., -4., -4., -4., -4., -4., -4., -4., -4.,
E           -4., -4., -4., -4., -4., -4., -4., -4., -4., -4., -4., -4., -4., -4.,
E           -4., -4., -4., -4., -4., -4., -4., -4., -4., -4., -4., -4., -4., -4.,
E           -4., -4., -4., -4., -4., -4., -4., -4., -4., -4., -4., -4., -4., -4.,
E           -4., -4., -4., -4., -4., -4., -4., -4., -4., -4., -4., -4., -4., -4.,
E           -4., -4., -4., -4., -4., -4., -4., -4., -4., -4., -4., -4., -4., -4.,
E           -4., -4., -4., -4., -4., -4., -4., -4., -4., -4., -4., -4., -4., -4.,
E           -4., -4., -4., -4., -4., -4., -4., -4., -4., -4., -4., -4., -4., -4.,
E           -4., -4., -4., -4., -4., -4., -4., -4., -4., -4., -4., -4., -4., -4.,
E           -4., -4., -4., -4., -4., -4., -4., -4., -4., -4., -4., -4., -4., -4.,
E           -4., -4., -4., -4., -4., -4., -4., -4., -4., -4., -4., -4., -4., -4.,
E           -4., -4., -4., -4., -4., -4., -4., -4., -4., -4., -4., -4., -4., -4.,
E           -4., -4., -4., -4., -4., -4., -4., -4., -4., -4., -4., -4., -4., -4.,
E           -4., -4., -4., -4., -4., -4., -4., -4., -4., -4., -4., -4., -4., -4.,
E           -4., -4., -4., -4., -4., -4., -4., -4., -4., -4., -4., -4.]), 'wholeSpaces.0._owned_bases.what.W': tensor([[0.0280, 0.0000, 0.0000,  ..., 0.0000, 0.9290, 0.9757],
E           [0.0294, 0.2772, 0.0000,  ..., 0.1330, 0.9801, 0.0000],
E           [0.0000, 0.0741, 0.0000,  ..., 0.7761, 0.9240, 0.0000],
E           ...,
E           [0.0000, 0.2809, 0.0000,  ..., 0.6239, 0.0000, 0.3103],
E           [0.0000, 0.0000, 0.0000,  ..., 0.0000, 0.0000, 0.0000],
E           [0.0000, 0.0000, 0.3293,  ..., 0.7290, 0.2429, 0.0000]]), 'wholeSpaces.0._owned_bases.what.primitive_properties.members': tensor([[0., 0., 0.,  ..., 0., 0., 0.],
E           [0., 0., 0.,  ..., 0., 0., 0.],
E           [0., 0., 0.,  ..., 0., 0., 0.],
E           ...,
E           [0., 0., 0.,  ..., 0., 0., 0.],
E           [0., 0., 0.,  ..., 0., 0., 0.],
E           [0., 0., 0.,  ..., 0., 0., 0.]]), 'wholeSpaces.0._owned_bases.what.primitive_properties.observed': tensor([[ True,  True,  True,  ...,  True,  True,  True],
E           [ True,  True,  True,  ...,  True,  True,  True],
E           [ True,  True,  True,  ...,  True,  True,  True],
E           ...,
E           [False, False, False,  ..., False, False, False],
E           [False, False, False,  ..., False, False, False],
E           [False, False, False,  ..., False, False, False]]), 'wholeSpaces.0._owned_bases.what.primitive_properties.fixed_rows': tensor([False, False, False, False, False, False, False, False,  True, False,
E           False, False, False, False, False, False, False, False, False, False,
E           False, False, False, False, False, False, False, False, False, False,
E           False, False, False, False, False, False, False, False, False, False,
E           False, False, False, False, False, False, False, False, False, False,
E           False, False, False, False, False, False, False, False, False, False,
E           False, False, False, False]), 'wholeSpaces.0._owned_bases.what.primitive_properties.fixed_members': tensor([[0., 0., 0.,  ..., 0., 0., 0.],
E           [0., 0., 0.,  ..., 0., 0., 0.],
E           [0., 0., 0.,  ..., 0., 0., 0.],
E           ...,
E           [0., 0., 0.,  ..., 0., 0., 0.],
E           [0., 0., 0.,  ..., 0., 0., 0.],
E           [0., 0., 0.,  ..., 0., 0., 0.]]), 'wholeSpaces.1.begins_weight': tensor([-4., -4., -4., -4., -4., -4., -4., -4., -4., -4., -4., -4., -4., -4.,
E           -4., -4., -4., -4., -4., -4., -4., -4., -4., -4., -4., -4., -4., -4.,
E           -4., -4., -4., -4., -4., -4., -4., -4., -4., -4., -4., -4., -4., -4.,
E           -4., -4., -4., -4., -4., -4., -4., -4., -4., -4., -4., -4., -4., -4.,
E           -4., -4., -4., -4., -4., -4., -4., -4., -4., -4., -4., -4., -4., -4.,
E           -4., -4., -4., -4., -4., -4., -4., -4., -4., -4., -4., -4., -4., -4.,
E           -4., -4., -4., -4., -4., -4., -4., -4., -4., -4., -4., -4., -4., -4.,
E           -4., -4., -4., -4., -4., -4., -4., -4., -4., -4., -4., -4., -4., -4.,
E           -4., -4., -4., -4., -4., -4., -4., -4., -4., -4., -4., -4., -4., -4.,
E           -4., -4., -4., -4., -4., -4., -4., -4., -4., -4., -4., -4., -4., -4.,
E           -4., -4., -4., -4., -4., -4., -4., -4., -4., -4., -4., -4., -4., -4.,
E           -4., -4., -4., -4., -4., -4., -4., -4., -4., -4., -4., -4., -4., -4.,
E           -4., -4., -4., -4., -4., -4., -4., -4., -4., -4., -4., -4., -4., -4.,
E           -4., -4., -4., -4., -4., -4., -4., -4., -4., -4., -4., -4., -4., -4.,
E           -4., -4., -4., -4., -4., -4., -4., -4., -4., -4., -4., -4., -4., -4.,
E           -4., -4., -4., -4., -4., -4., -4., -4., -4., -4., -4., -4., -4., -4.,
E           -4., -4., -4., -4., -4., -4., -4., -4., -4., -4., -4., -4., -4., -4.,
E           -4., -4., -4., -4., -4., -4., -4., -4., -4., -4., -4., -4., -4., -4.,
E           -4., -4., -4., -4., -4., -4.,  4.,  4., -4., -4., -4.,  4., -4., -4.,
E           -4., -4., -4., -4., -4., -4., -4., -4., -4., -4., -4., -4., -4., -4.,
E           -4., -4., -4., -4., -4., -4., -4., -4., -4., -4., -4., -4., -4., -4.,
E           -4., -4., -4., -4., -4., -4., -4., -4., -4., -4., -4., -4., -4., -4.,
E           -4., -4., -4., -4., -4., -4., -4., -4., -4., -4., -4., -4.]), 'wholeSpaces.1.ends_weight': tensor([-4., -4., -4., -4., -4., -4., -4., -4., -4., -4., -4., -4., -4., -4.,
E           -4., -4., -4., -4., -4., -4., -4., -4., -4., -4., -4., -4., -4., -4.,
E           -4., -4., -4., -4., -4., -4., -4., -4., -4., -4., -4., -4., -4., -4.,
E           -4., -4., -4., -4., -4., -4., -4., -4., -4., -4., -4., -4., -4., -4.,
E           -4., -4., -4., -4., -4., -4., -4., -4., -4., -4., -4., -4., -4., -4.,
E           -4., -4., -4., -4., -4., -4., -4., -4., -4., -4., -4., -4., -4., -4.,
E           -4., -4., -4., -4., -4., -4., -4., -4., -4., -4., -4., -4., -4., -4.,
E           -4., -4., -4., -4., -4., -4., -4., -4., -4., -4., -4., -4., -4., -4.,
E           -4., -4., -4., -4., -4., -4., -4., -4., -4., -4., -4., -4., -4., -4.,
E           -4., -4., -4., -4., -4., -4., -4., -4., -4., -4., -4., -4., -4., -4.,
E           -4., -4., -4., -4., -4., -4., -4., -4., -4., -4., -4., -4., -4., -4.,
E           -4., -4., -4., -4., -4., -4., -4., -4., -4., -4., -4., -4., -4., -4.,
E           -4., -4., -4., -4., -4., -4., -4., -4., -4., -4., -4., -4., -4., -4.,
E           -4., -4., -4., -4., -4., -4., -4., -4., -4., -4., -4., -4., -4., -4.,
E           -4., -4., -4., -4., -4., -4., -4., -4., -4., -4., -4., -4., -4., -4.,
E           -4., -4., -4., -4., -4., -4., -4., -4., -4., -4., -4., -4., -4., -4.,
E           -4., -4., -4., -4., -4., -4., -4., -4., -4., -4., -4., -4., -4., -4.,
E           -4., -4., -4., -4., -4., -4., -4., -4., -4., -4., -4., -4., -4., -4.,
E           -4., -4., -4., -4., -4., -4.,  4.,  4., -4., -4., -4.,  4., -4., -4.,
E           -4., -4., -4., -4., -4., -4., -4., -4., -4., -4., -4., -4., -4., -4.,
E           -4., -4., -4., -4., -4., -4., -4., -4., -4., -4., -4., -4., -4., -4.,
E           -4., -4., -4., -4., -4., -4., -4., -4., -4., -4., -4., -4., -4., -4.,
E           -4., -4., -4., -4., -4., -4., -4., -4., -4., -4., -4., -4.]), 'wholeSpaces.1.atom_level': tensor([-4., -4., -4., -4., -4., -4., -4., -4., -4., -4., -4., -4., -4., -4.,
E           -4., -4., -4., -4., -4., -4., -4., -4., -4., -4., -4., -4., -4., -4.,
E           -4., -4., -4., -4., -4., -4., -4., -4., -4., -4., -4., -4., -4., -4.,
E           -4., -4., -4., -4., -4., -4., -4., -4., -4., -4., -4., -4., -4., -4.,
E           -4., -4., -4., -4., -4., -4., -4., -4., -4., -4., -4., -4., -4., -4.,
E           -4., -4., -4., -4., -4., -4., -4., -4., -4., -4., -4., -4., -4., -4.,
E           -4., -4., -4., -4., -4., -4., -4., -4., -4., -4., -4., -4., -4., -4.,
E           -4., -4., -4., -4., -4., -4., -4., -4., -4., -4., -4., -4., -4., -4.,
E           -4., -4., -4., -4., -4., -4., -4., -4., -4., -4., -4., -4., -4., -4.,
E           -4., -4., -4., -4., -4., -4., -4., -4., -4., -4., -4., -4., -4., -4.,
E           -4., -4., -4., -4., -4., -4., -4., -4., -4., -4., -4., -4., -4., -4.,
E           -4., -4., -4., -4., -4., -4., -4., -4., -4., -4., -4., -4., -4., -4.,
E           -4., -4., -4., -4., -4., -4., -4., -4., -4., -4., -4., -4., -4., -4.,
E           -4., -4., -4., -4., -4., -4., -4., -4., -4., -4., -4., -4., -4., -4.,
E           -4., -4., -4., -4., -4., -4., -4., -4., -4., -4., -4., -4., -4., -4.,
E           -4., -4., -4., -4., -4., -4., -4., -4., -4., -4., -4., -4., -4., -4.,
E           -4., -4., -4., -4., -4., -4., -4., -4., -4., -4., -4., -4., -4., -4.,
E           -4., -4., -4., -4., -4., -4., -4., -4., -4., -4., -4., -4., -4., -4.,
E           -4., -4., -4., -4., -4., -4., -4., -4., -4., -4., -4., -4., -4., -4.,
E           -4., -4., -4., -4., -4., -4., -4., -4., -4., -4., -4., -4., -4., -4.,
E           -4., -4., -4., -4., -4., -4., -4., -4., -4., -4., -4., -4., -4., -4.,
E           -4., -4., -4., -4., -4., -4., -4., -4., -4., -4., -4., -4., -4., -4.,
E           -4., -4., -4., -4., -4., -4., -4., -4., -4., -4., -4., -4.]), 'wholeSpaces.1._owned_bases.what.W': tensor([[0.0000, 0.0000, 0.0000,  ..., 0.0000, 0.0000, 0.0000],
E           [0.0000, 0.2039, 0.0000,  ..., 0.0000, 0.0000, 0.0000],
E           [0.0000, 0.9979, 0.6627,  ..., 0.0000, 0.0000, 0.5060],
E           ...,
E           [0.0000, 0.5272, 0.0000,  ..., 0.0000, 0.4944, 0.0000],
E           [0.0000, 0.0000, 0.2789,  ..., 0.0051, 0.1296, 0.0000],
E           [0.1865, 0.0000, 0.2144,  ..., 0.0000, 0.1523, 0.0000]]), 'wholeSpaces.1._owned_bases.what.primitive_properties.members': tensor([[0., 0., 0.,  ..., 0., 0., 0.],
E           [0., 0., 0.,  ..., 0., 0., 0.],
E           [0., 0., 0.,  ..., 0., 0., 0.],
E           ...,
E           [0., 0., 0.,  ..., 0., 0., 0.],
E           [0., 0., 0.,  ..., 0., 0., 0.],
E           [0., 0., 0.,  ..., 0., 0., 0.]]), 'wholeSpaces.1._owned_bases.what.primitive_properties.observed': tensor([[ True,  True,  True,  ...,  True,  True,  True],
E           [ True,  True,  True,  ...,  True,  True,  True],
E           [ True,  True,  True,  ...,  True,  True,  True],
E           ...,
E           [False, False, False,  ..., False, False, False],
E           [False, False, False,  ..., False, False, False],
E           [False, False, False,  ..., False, False, False]]), 'wholeSpaces.1._owned_bases.what.primitive_properties.fixed_rows': tensor([False, False, False, False, False, False, False, False,  True, False,
E           False, False, False, False, False, False, False, False, False, False,
E           False, False, False, False, False, False, False, False, False, False,
E           False, False, False, False, False, False, False, False, False, False,
E           False, False, False, False, False, False, False, False, False, False,
E           False, False, False, False, False, False, False, False, False, False,
E           False, False, False, False]), 'wholeSpaces.1._owned_bases.what.primitive_properties.fixed_members': tensor([[0., 0., 0.,  ..., 0., 0., 0.],
E           [0., 0., 0.,  ..., 0., 0., 0.],
E           [0., 0., 0.,  ..., 0., 0., 0.],
E           ...,
E           [0., 0., 0.,  ..., 0., 0., 0.],
E           [0., 0., 0.,  ..., 0., 0., 0.],
E           [0., 0., 0.,  ..., 0., 0., 0.]]), 'wholeSpaces.2.begins_weight': tensor([-4., -4., -4., -4., -4., -4., -4., -4., -4., -4., -4., -4., -4., -4.,
E           -4., -4., -4., -4., -4., -4., -4., -4., -4., -4., -4., -4., -4., -4.,
E           -4., -4., -4., -4., -4., -4., -4., -4., -4., -4., -4., -4., -4., -4.,
E           -4., -4., -4., -4., -4., -4., -4., -4., -4., -4., -4., -4., -4., -4.,
E           -4., -4., -4., -4., -4., -4., -4., -4., -4., -4., -4., -4., -4., -4.,
E           -4., -4., -4., -4., -4., -4., -4., -4., -4., -4., -4., -4., -4., -4.,
E           -4., -4., -4., -4., -4., -4., -4., -4., -4., -4., -4., -4., -4., -4.,
E           -4., -4., -4., -4., -4., -4., -4., -4., -4., -4., -4., -4., -4., -4.,
E           -4., -4., -4., -4., -4., -4., -4., -4., -4., -4., -4., -4., -4., -4.,
E           -4., -4., -4., -4., -4., -4., -4., -4., -4., -4., -4., -4., -4., -4.,
E           -4., -4., -4., -4., -4., -4., -4., -4., -4., -4., -4., -4., -4., -4.,
E           -4., -4., -4., -4., -4., -4., -4., -4., -4., -4., -4., -4., -4., -4.,
E           -4., -4., -4., -4., -4., -4., -4., -4., -4., -4., -4., -4., -4., -4.,
E           -4., -4., -4., -4., -4., -4., -4., -4., -4., -4., -4., -4., -4., -4.,
E           -4., -4., -4., -4., -4., -4., -4., -4., -4., -4., -4., -4., -4., -4.,
E           -4., -4., -4., -4., -4., -4., -4., -4., -4., -4., -4., -4., -4., -4.,
E           -4., -4., -4., -4., -4., -4., -4., -4., -4., -4., -4., -4., -4., -4.,
E           -4., -4., -4., -4., -4., -4., -4., -4., -4., -4., -4., -4., -4., -4.,
E           -4., -4., -4., -4., -4., -4.,  4.,  4., -4., -4., -4.,  4., -4., -4.,
E           -4., -4., -4., -4., -4., -4., -4., -4., -4., -4., -4., -4., -4., -4.,
E           -4., -4., -4., -4., -4., -4., -4., -4., -4., -4., -4., -4., -4., -4.,
E           -4., -4., -4., -4., -4., -4., -4., -4., -4., -4., -4., -4., -4., -4.,
E           -4., -4., -4., -4., -4., -4., -4., -4., -4., -4., -4., -4.]), 'wholeSpaces.2.ends_weight': tensor([-4., -4., -4., -4., -4., -4., -4., -4., -4., -4., -4., -4., -4., -4.,
E           -4., -4., -4., -4., -4., -4., -4., -4., -4., -4., -4., -4., -4., -4.,
E           -4., -4., -4., -4., -4., -4., -4., -4., -4., -4., -4., -4., -4., -4.,
E           -4., -4., -4., -4., -4., -4., -4., -4., -4., -4., -4., -4., -4., -4.,
E           -4., -4., -4., -4., -4., -4., -4., -4., -4., -4., -4., -4., -4., -4.,
E           -4., -4., -4., -4., -4., -4., -4., -4., -4., -4., -4., -4., -4., -4.,
E           -4., -4., -4., -4., -4., -4., -4., -4., -4., -4., -4., -4., -4., -4.,
E           -4., -4., -4., -4., -4., -4., -4., -4., -4., -4., -4., -4., -4., -4.,
E           -4., -4., -4., -4., -4., -4., -4., -4., -4., -4., -4., -4., -4., -4.,
E           -4., -4., -4., -4., -4., -4., -4., -4., -4., -4., -4., -4., -4., -4.,
E           -4., -4., -4., -4., -4., -4., -4., -4., -4., -4., -4., -4., -4., -4.,
E           -4., -4., -4., -4., -4., -4., -4., -4., -4., -4., -4., -4., -4., -4.,
E           -4., -4., -4., -4., -4., -4., -4., -4., -4., -4., -4., -4., -4., -4.,
E           -4., -4., -4., -4., -4., -4., -4., -4., -4., -4., -4., -4., -4., -4.,
E           -4., -4., -4., -4., -4., -4., -4., -4., -4., -4., -4., -4., -4., -4.,
E           -4., -4., -4., -4., -4., -4., -4., -4., -4., -4., -4., -4., -4., -4.,
E           -4., -4., -4., -4., -4., -4., -4., -4., -4., -4., -4., -4., -4., -4.,
E           -4., -4., -4., -4., -4., -4., -4., -4., -4., -4., -4., -4., -4., -4.,
E           -4., -4., -4., -4., -4., -4.,  4.,  4., -4., -4., -4.,  4., -4., -4.,
E           -4., -4., -4., -4., -4., -4., -4., -4., -4., -4., -4., -4., -4., -4.,
E           -4., -4., -4., -4., -4., -4., -4., -4., -4., -4., -4., -4., -4., -4.,
E           -4., -4., -4., -4., -4., -4., -4., -4., -4., -4., -4., -4., -4., -4.,
E           -4., -4., -4., -4., -4., -4., -4., -4., -4., -4., -4., -4.]), 'wholeSpaces.2.atom_level': tensor([-4., -4., -4., -4., -4., -4., -4., -4., -4., -4., -4., -4., -4., -4.,
E           -4., -4., -4., -4., -4., -4., -4., -4., -4., -4., -4., -4., -4., -4.,
E           -4., -4., -4., -4., -4., -4., -4., -4., -4., -4., -4., -4., -4., -4.,
E           -4., -4., -4., -4., -4., -4., -4., -4., -4., -4., -4., -4., -4., -4.,
E           -4., -4., -4., -4., -4., -4., -4., -4., -4., -4., -4., -4., -4., -4.,
E           -4., -4., -4., -4., -4., -4., -4., -4., -4., -4., -4., -4., -4., -4.,
E           -4., -4., -4., -4., -4., -4., -4., -4., -4., -4., -4., -4., -4., -4.,
E           -4., -4., -4., -4., -4., -4., -4., -4., -4., -4., -4., -4., -4., -4.,
E           -4., -4., -4., -4., -4., -4., -4., -4., -4., -4., -4., -4., -4., -4.,
E           -4., -4., -4., -4., -4., -4., -4., -4., -4., -4., -4., -4., -4., -4.,
E           -4., -4., -4., -4., -4., -4., -4., -4., -4., -4., -4., -4., -4., -4.,
E           -4., -4., -4., -4., -4., -4., -4., -4., -4., -4., -4., -4., -4., -4.,
E           -4., -4., -4., -4., -4., -4., -4., -4., -4., -4., -4., -4., -4., -4.,
E           -4., -4., -4., -4., -4., -4., -4., -4., -4., -4., -4., -4., -4., -4.,
E           -4., -4., -4., -4., -4., -4., -4., -4., -4., -4., -4., -4., -4., -4.,
E           -4., -4., -4., -4., -4., -4., -4., -4., -4., -4., -4., -4., -4., -4.,
E           -4., -4., -4., -4., -4., -4., -4., -4., -4., -4., -4., -4., -4., -4.,
E           -4., -4., -4., -4., -4., -4., -4., -4., -4., -4., -4., -4., -4., -4.,
E           -4., -4., -4., -4., -4., -4., -4., -4., -4., -4., -4., -4., -4., -4.,
E           -4., -4., -4., -4., -4., -4., -4., -4., -4., -4., -4., -4., -4., -4.,
E           -4., -4., -4., -4., -4., -4., -4., -4., -4., -4., -4., -4., -4., -4.,
E           -4., -4., -4., -4., -4., -4., -4., -4., -4., -4., -4., -4., -4., -4.,
E           -4., -4., -4., -4., -4., -4., -4., -4., -4., -4., -4., -4.]), 'wholeSpaces.2._owned_bases.what.W': tensor([[0.0000, 0.8718, 0.7637,  ..., 0.0348, 0.0000, 0.0000],
E           [0.5152, 0.0000, 0.0000,  ..., 0.5463, 0.0000, 0.9263],
E           [0.0000, 0.0000, 0.0000,  ..., 0.4514, 0.0000, 0.0000],
E           ...,
E           [0.0000, 0.0000, 0.0000,  ..., 0.7157, 0.0000, 0.2287],
E           [0.7856, 0.0000, 0.0000,  ..., 0.0000, 0.0000, 0.0000],
E           [0.0831, 0.0000, 0.0000,  ..., 0.2827, 0.0000, 0.0000]]), 'wholeSpaces.2._owned_bases.what.primitive_properties.members': tensor([[0., 0., 0.,  ..., 0., 0., 0.],
E           [0., 0., 0.,  ..., 0., 0., 0.],
E           [0., 0., 0.,  ..., 0., 0., 0.],
E           ...,
E           [0., 0., 0.,  ..., 0., 0., 0.],
E           [0., 0., 0.,  ..., 0., 0., 0.],
E           [0., 0., 0.,  ..., 0., 0., 0.]]), 'wholeSpaces.2._owned_bases.what.primitive_properties.observed': tensor([[ True,  True,  True,  ...,  True,  True,  True],
E           [ True,  True,  True,  ...,  True,  True,  True],
E           [ True,  True,  True,  ...,  True,  True,  True],
E           ...,
E           [False, False, False,  ..., False, False, False],
E           [False, False, False,  ..., False, False, False],
E           [False, False, False,  ..., False, False, False]]), 'wholeSpaces.2._owned_bases.what.primitive_properties.fixed_rows': tensor([False, False, False, False, False, False, False, False,  True, False,
E           False, False, False, False, False, False, False, False, False, False,
E           False, False, False, False, False, False, False, False, False, False,
E           False, False, False, False, False, False, False, False, False, False,
E           False, False, False, False, False, False, False, False, False, False,
E           False, False, False, False, False, False, False, False, False, False,
E           False, False, False, False]), 'wholeSpaces.2._owned_bases.what.primitive_properties.fixed_members': tensor([[0., 0., 0.,  ..., 0., 0., 0.],
E           [0., 0., 0.,  ..., 0., 0., 0.],
E           [0., 0., 0.,  ..., 0., 0., 0.],
E           ...,
E           [0., 0., 0.,  ..., 0., 0., 0.],
E           [0., 0., 0.,  ..., 0., 0., 0.],
E           [0., 0., 0.,  ..., 0., 0., 0.]]), 'outputSpace._readout_bias': tensor([[[0.]]]), 'outputSpace.layers.0.W': tensor([[-5.5776e-04],
E           [-3.0159e-04],
E           [ 4.1084e-04],
E           [-3.9164e-04],
E           [-8.4961e-04],
E           [-1.1007e-03],
E           [ 4.8756e-04],
E           [ 9.8990e-04],
E           [ 1.1357e-03],
E           [ 1.1611e-03],
E           [-2.0520e-04],
E           [-1.1594e-03],
E           [-6.9990e-04],
E           [-2.2441e-04],
E           [-1.8360e-04],
E           [-5.5214e-04],
E           [-1.6824e-05],
E           [-5.6262e-04],
E           [-1.0986e-04],
E           [-1.5242e-04],
E           [-1.0934e-03],
E           [ 3.8331e-04],
E           [ 7.7039e-04],
E           [ 1.9321e-04],
E           [ 2.2034e-04],
E           [ 2.0523e-04],
E           [ 6.8673e-04],
E           [-2.8740e-04],
E           [ 4.0863e-04],
E           [-3.0506e-04],
E           [-7.0767e-05],
E           [-9.6708e-05],
E           [ 6.6362e-04],
E           [ 1.0555e-03],
E           [-1.0886e-03],
E           [ 1.0751e-03],
E           [ 1.1887e-04],
E           [-6.5378e-04],
E           [ 4.0580e-04],
E           [-1.1834e-03],
E           [-6.7573e-05],
E           [-5.3913e-04],
E           [ 6.1871e-04],
E           [-4.3873e-04],
E           [ 7.4751e-04],
E           [ 2.9933e-04],
E           [ 2.7388e-04],
E           [-9.3437e-04],
E           [ 8.8070e-04],
E           [ 4.9677e-04],
E           [-5.1296e-04],
E           [-1.8195e-04],
E           [-8.1689e-04],
E           [ 4.3256e-05],
E           [ 7.1049e-04],
E           [-1.9671e-04],
E           [-9.5627e-04],
E           [-7.2503e-04],
E           [-8.7384e-04],
E           [ 9.2909e-04],
E           [ 7.9894e-04],
E           [ 1.0192e-03],
E           [ 7.9028e-04],
E           [-5.9955e-04],
E           [-9.9436e-04],
E           [ 8.7031e-04],
E           [ 1.9357e-04],
E           [ 8.9709e-04],
E           [-4.3000e-04],
E           [-8.3120e-05],
E           [ 4.6794e-04],
E           [-8.5795e-04],
E           [-9.2112e-04],
E           [-9.6457e-04],
E           [ 1.0009e-03],
E           [-7.4365e-04],
E           [ 3.3824e-04],
E           [ 1.7872e-04],
E           [ 6.2665e-04],
E           [-1.9876e-04],
E           [ 5.8937e-04],
E           [-1.0423e-03],
E           [ 9.6990e-04],
E           [ 5.6062e-04],
E           [-6.3710e-04],
E           [ 8.7633e-04],
E           [ 1.1231e-03],
E           [-7.6617e-04],
E           [-9.5819e-05],
E           [-3.4994e-04],
E           [-9.8889e-04],
E           [ 8.5006e-04],
E           [ 9.7078e-04],
E           [ 8.9615e-04],
E           [ 5.3050e-04],
E           [-2.4557e-04],
E           [-4.9642e-04],
E           [-1.1394e-03],
E           [-9.6072e-04],
E           [ 6.6484e-04],
E           [-3.3793e-04],
E           [ 9.9461e-04],
E           [ 1.5556e-04],
E           [ 6.5919e-04],
E           [-1.6891e-04],
E           [ 9.9375e-04],
E           [-9.2081e-04],
E           [-1.1243e-03],
E           [-3.5533e-04],
E           [ 4.6449e-04],
E           [ 2.5961e-04],
E           [-2.3802e-04],
E           [-3.0139e-04],
E           [-9.2852e-04],
E           [-6.3515e-04],
E           [-7.4470e-04],
E           [ 6.2738e-04],
E           [-3.8745e-04],
E           [-8.9043e-04],
E           [ 8.9880e-04],
E           [ 1.9653e-04],
E           [-2.3060e-04],
E           [-4.4384e-04],
E           [-9.6038e-04],
E           [ 7.2632e-04],
E           [ 7.3302e-04],
E           [ 6.2115e-04],
E           [ 3.4604e-04],
E           [-2.0254e-04],
E           [-5.2819e-04],
E           [-1.5594e-05],
E           [ 1.6667e-04],
E           [-9.0161e-04],
E           [ 6.4090e-04],
E           [-7.6387e-04],
E           [-6.0557e-04],
E           [-4.7922e-04],
E           [-1.1843e-03],
E           [ 7.9492e-04],
E           [-9.5391e-04],
E           [-7.9812e-05],
E           [ 1.0506e-03],
E           [ 5.7709e-05],
E           [ 4.7297e-04],
E           [-2.3210e-04],
E           [-3.3288e-04],
E           [-1.1526e-03],
E           [-1.0134e-03],
E           [ 5.9683e-04],
E           [ 3.6666e-04],
E           [ 1.1530e-03],
E           [-3.0099e-04],
E           [ 6.5225e-04],
E           [-8.5020e-04],
E           [-9.5676e-04],
E           [ 1.2355e-04],
E           [-6.3995e-04],
E           [ 5.9190e-05],
E           [ 7.3012e-04],
E           [ 7.2673e-05],
E           [-1.0778e-03],
E           [ 5.3456e-04],
E           [ 6.7604e-04],
E           [ 1.1900e-03],
E           [-1.0704e-04],
E           [-7.5993e-04],
E           [ 1.0854e-05],
E           [ 4.6836e-04],
E           [-1.6939e-04],
E           [-1.0532e-03],
E           [ 9.8697e-04],
E           [-5.6148e-04],
E           [-1.1524e-03],
E           [ 9.7338e-04],
E           [ 9.8253e-04],
E           [-6.8321e-04],
E           [ 4.3870e-04],
E           [ 1.1416e-03],
E           [-2.9239e-05],
E           [-4.8866e-04],
E           [-4.7724e-04],
E           [-3.0526e-04],
E           [-6.8494e-04],
E           [ 6.4237e-04],
E           [ 6.4835e-04],
E           [ 9.1257e-04],
E           [ 5.0794e-04],
E           [ 3.1650e-04],
E           [ 1.0312e-03],
E           [ 1.0049e-03],
E           [-2.5747e-04],
E           [ 1.0836e-03],
E           [-5.1717e-04],
E           [ 6.2974e-04],
E           [-1.2127e-04],
E           [ 6.1350e-04],
E           [-9.2811e-04],
E           [ 6.1700e-04],
E           [-1.1685e-04],
E           [ 4.8049e-04],
E           [ 7.7315e-04],
E           [ 6.8474e-04],
E           [-3.9453e-04],
E           [-9.5449e-04],
E           [ 4.7395e-04],
E           [ 5.5191e-04],
E           [-2.4346e-04],
E           [-6.6271e-04],
E           [-1.1817e-03],
E           [-2.9035e-04],
E           [-1.0845e-03],
E           [ 1.5957e-04],
E           [-7.4961e-04],
E           [-6.3560e-04],
E           [ 1.7517e-04],
E           [-2.0042e-04],
E           [ 9.3404e-04],
E           [ 1.7049e-04],
E           [ 7.9032e-04],
E           [ 1.1528e-03],
E           [-7.0963e-04],
E           [-4.4616e-04],
E           [-8.7799e-05],
E           [-1.1194e-03],
E           [ 8.4285e-04],
E           [ 4.3270e-04],
E           [-1.0442e-03],
E           [ 5.5087e-04],
E           [-7.6504e-04],
E           [-3.7341e-04],
E           [-2.8009e-04],
E           [-9.2524e-04],
E           [-8.1086e-04],
E           [-5.1150e-04],
E           [-7.9297e-04],
E           [-9.1038e-04],
E           [ 3.7264e-04],
E           [ 4.3863e-04],
E           [ 7.0333e-05],
E           [-1.9925e-04],
E           [-3.0722e-04],
E           [-6.8763e-04],
E           [-5.1912e-04],
E           [-6.5803e-04],
E           [-3.9882e-04],
E           [-9.7867e-04],
E           [-7.9769e-04],
E           [-5.9930e-04],
E           [-1.4788e-05],
E           [ 1.3073e-04],
E           [-3.1714e-04],
E           [ 2.7892e-04],
E           [ 1.1087e-03],
E           [-2.0998e-04],
E           [ 9.7615e-04],
E           [ 6.7163e-04],
E           [ 2.2544e-04],
E           [ 5.5359e-04],
E           [ 6.2023e-05],
E           [ 5.4514e-04],
E           [ 5.7683e-04],
E           [-1.1259e-03],
E           [ 1.0351e-03],
E           [-3.7894e-04],
E           [-8.3302e-04],
E           [-8.2645e-04],
E           [ 2.6533e-04],
E           [ 1.1504e-04],
E           [-1.1892e-03],
E           [ 2.5090e-04],
E           [-7.0869e-05],
E           [ 3.4492e-04],
E           [ 7.8966e-04],
E           [ 1.0895e-03],
E           [-5.4773e-04],
E           [-2.5144e-04],
E           [ 8.0484e-04],
E           [ 5.3877e-05],
E           [ 1.0497e-03],
E           [ 2.0441e-04],
E           [ 4.9177e-04],
E           [ 1.1206e-03],
E           [ 8.6696e-04],
E           [-9.4430e-04],
E           [-1.0655e-03],
E           [-2.0660e-04],
E           [-9.1908e-05],
E           [-3.0184e-04],
E           [ 6.9898e-04],
E           [ 5.1311e-04],
E           [-2.0019e-04],
E           [-1.7218e-04],
E           [ 4.1959e-05],
E           [ 2.9441e-04],
E           [-8.5441e-04],
E           [-3.9229e-04],
E           [-3.5172e-04],
E           [ 5.3914e-04],
E           [ 3.7309e-04],
E           [-6.6270e-04],
E           [ 4.3582e-04],
E           [-1.0530e-05],
E           [ 1.0940e-04],
E           [ 2.9265e-04],
E           [-5.9268e-05],
E           [-2.1581e-04],
E           [ 4.8335e-04],
E           [-1.0022e-03],
E           [ 3.7163e-04],
E           [-4.5013e-04],
E           [ 2.0910e-04],
E           [-1.4220e-04],
E           [ 3.8640e-04],
E           [-3.8418e-04],
E           [-6.2476e-04],
E           [-1.0632e-03],
E           [-8.1932e-04],
E           [-5.3760e-04],
E           [ 8.8511e-04],
E           [ 1.0269e-03],
E           [-7.8840e-04],
E           [ 1.6001e-05],
E           [-9.6229e-04],
E           [ 3.3523e-04],
E           [-3.7620e-04],
E           [ 7.8801e-04],
E           [-2.6845e-04],
E           [ 1.0865e-03],
E           [ 1.0393e-03],
E           [ 4.4273e-04],
E           [ 9.8522e-04],
E           [ 1.0719e-03],
E           [-8.7033e-04],
E           [ 5.8637e-04],
E           [ 3.3260e-04],
E           [ 1.0979e-03],
E           [ 3.6108e-04],
E           [-9.5940e-05],
E           [ 1.0437e-03],
E           [ 5.1709e-04],
E           [-2.0707e-04],
E           [-2.5373e-04],
E           [ 1.2366e-04],
E           [-5.7440e-04],
E           [-1.1105e-03],
E           [ 3.8000e-04],
E           [-8.2978e-04],
E           [-1.6377e-04],
E           [ 4.6240e-05],
E           [-3.0289e-04],
E           [ 1.1415e-03],
E           [ 1.0840e-03],
E           [ 5.0747e-04],
E           [ 7.1291e-04],
E           [-6.0150e-04],
E           [ 3.8163e-04],
E           [ 9.9527e-04],
E           [ 8.8976e-04],
E           [ 1.1238e-03],
E           [ 3.4736e-04],
E           [ 6.5180e-04],
E           [-2.0682e-04],
E           [ 2.1351e-04],
E           [-5.4554e-04],
E           [-1.6374e-05],
E           [-4.4842e-04],
E           [-1.5922e-04],
E           [-1.9048e-04],
E           [-3.3560e-04],
E           [-6.0448e-04],
E           [-7.8134e-04],
E           [-6.5624e-04],
E           [ 5.8814e-04],
E           [-1.0264e-03],
E           [ 7.9702e-04],
E           [-2.8037e-04],
E           [ 1.1845e-03],
E           [ 1.0959e-03],
E           [-7.8041e-04],
E           [ 9.8396e-05],
E           [ 6.1665e-04],
E           [ 4.2107e-04],
E           [-7.8412e-04],
E           [-2.4940e-04],
E           [-1.0028e-03],
E           [-1.0920e-03],
E           [ 3.2407e-04],
E           [-1.0757e-03],
E           [-5.3491e-04],
E           [-4.2476e-04],
E           [-6.8176e-04],
E           [ 1.1112e-03],
E           [-7.6399e-04],
E           [ 7.0778e-04],
E           [-4.9545e-04],
E           [ 8.2238e-04],
E           [-1.0113e-03],
E           [ 7.3359e-04],
E           [ 4.8421e-04],
E           [-6.6222e-04],
E           [-6.0221e-04],
E           [ 2.1946e-04],
E           [-9.7796e-04],
E           [ 7.8880e-04],
E           [ 9.0987e-05],
E           [ 7.5697e-04],
E           [-8.7017e-05],
E           [ 1.1294e-03],
E           [ 4.0817e-04],
E           [-8.7340e-05],
E           [ 1.1033e-03],
E           [ 1.1657e-03],
E           [ 9.4820e-04],
E           [ 3.1467e-04],
E           [ 8.9374e-06],
E           [-1.0429e-03],
E           [-4.5352e-04],
E           [ 4.0039e-04],
E           [ 1.9566e-04],
E           [-1.1251e-03],
E           [-4.3408e-04],
E           [-9.6969e-04],
E           [-7.5582e-04],
E           [ 3.4798e-04],
E           [-6.7389e-04],
E           [ 2.5068e-04],
E           [ 2.4991e-04],
E           [-9.0436e-04],
E           [ 4.8156e-04],
E           [-6.7424e-05],
E           [ 3.6600e-04],
E           [ 9.1096e-04],
E           [-1.0610e-03],
E           [-4.9247e-04],
E           [ 3.6190e-04],
E           [ 9.2238e-04],
E           [-6.3767e-04],
E           [ 1.1626e-03],
E           [-7.2420e-04],
E           [-9.6807e-04],
E           [-6.9324e-04],
E           [-1.1370e-03],
E           [ 2.8075e-05],
E           [-9.4247e-05],
E           [ 3.9725e-04],
E           [ 8.8459e-04],
E           [-3.7960e-04],
E           [ 1.1148e-03],
E           [ 1.1049e-03],
E           [ 6.2722e-04],
E           [ 9.4810e-04],
E           [-6.9586e-04],
E           [-7.2250e-04],
E           [ 1.1147e-03],
E           [-2.2593e-04],
E           [ 1.1886e-03],
E           [ 6.6828e-04],
E           [ 9.6909e-04],
E           [-1.1617e-03],
E           [-9.8795e-04],
E           [-6.0572e-04],
E           [ 1.1823e-03],
E           [-7.8944e-04],
E           [-5.6369e-04],
E           [ 7.1897e-04],
E           [ 1.1789e-03],
E           [ 6.0114e-04],
E           [-1.1346e-03],
E           [ 9.4915e-04],
E           [-1.0454e-03],
E           [ 5.5786e-04],
E           [-6.2759e-04],
E           [-6.0456e-05],
E           [ 2.9991e-04],
E           [-1.0931e-03],
E           [-9.0845e-04],
E           [-1.8407e-04],
E           [-8.8243e-04],
E           [-9.5323e-04],
E           [-3.1904e-05],
E           [-4.0038e-04],
E           [ 1.0891e-03],
E           [-6.0751e-04],
E           [-1.0654e-03],
E           [-4.2539e-04],
E           [-7.2952e-04],
E           [-9.9183e-04],
E           [-2.7170e-04],
E           [-3.1680e-04],
E           [ 6.4276e-04],
E           [ 6.2165e-04],
E           [ 1.7435e-04],
E           [ 2.9566e-04],
E           [ 4.9640e-04],
E           [-2.7659e-04],
E           [ 5.9290e-04],
E           [ 3.1807e-04],
E           [-2.0470e-04],
E           [-1.1253e-03],
E           [ 3.6459e-04],
E           [ 4.9199e-04],
E           [-1.1947e-03],
E           [-6.6882e-04],
E           [ 2.8859e-04],
E           [ 9.6442e-04],
E           [ 2.5336e-04],
E           [ 1.0831e-03],
E           [-9.5447e-04],
E           [-1.0068e-03],
E           [ 6.6684e-04],
E           [ 6.9535e-04],
E           [ 8.7390e-04],
E           [ 3.3801e-04],
E           [ 2.7354e-04],
E           [-9.7083e-04],
E           [-9.6233e-04],
E           [ 9.9172e-04],
E           [-1.0634e-03],
E           [ 7.6708e-04],
E           [ 7.3329e-04],
E           [ 2.3058e-04],
E           [-2.8844e-04],
E           [ 2.0579e-04],
E           [-9.0456e-04],
E           [ 1.7040e-04],
E           [-1.1772e-03],
E           [ 3.9465e-04],
E           [ 2.4233e-05],
E           [ 3.7440e-04],
E           [-2.4572e-04],
E           [ 4.3071e-04],
E           [-3.9311e-04],
E           [-3.1022e-04],
E           [-1.9959e-04],
E           [ 5.1954e-04],
E           [ 7.3374e-04],
E           [-7.4461e-04],
E           [-7.1466e-04],
E           [-3.6193e-05],
E           [-9.0096e-04],
E           [-3.3516e-04],
E           [ 2.9781e-04],
E           [-5.5589e-04],
E           [-7.3699e-04],
E           [-6.8070e-04],
E           [-3.4904e-04],
E           [-7.7484e-04],
E           [ 2.1662e-04],
E           [-5.1099e-04],
E           [-9.7268e-04],
E           [-2.5265e-04],
E           [ 6.8219e-04],
E           [-3.9297e-04],
E           [-7.5103e-04],
E           [ 6.1475e-04],
E           [ 4.7050e-05],
E           [-5.1882e-04],
E           [-1.1395e-03],
E           [ 6.5409e-04],
E           [ 2.4803e-04],
E           [ 9.5132e-05],
E           [-4.8358e-04],
E           [-5.9369e-04],
E           [ 7.7314e-04],
E           [-1.1617e-03],
E           [ 2.5583e-04],
E           [-6.8050e-04],
E           [ 1.5843e-04],
E           [ 4.5323e-04],
E           [ 7.6080e-04],
E           [ 1.1721e-03],
E           [ 3.1392e-05],
E           [-7.3764e-04],
E           [ 1.0422e-03],
E           [ 5.2880e-04],
E           [ 3.1414e-04],
E           [ 1.0076e-03],
E           [-8.4357e-05],
E           [-4.8188e-05],
E           [-7.9239e-04],
E           [ 5.2593e-04],
E           [-2.2014e-04],
E           [-7.7966e-04],
E           [-7.3919e-04],
E           [ 1.0368e-03],
E           [ 6.6758e-04],
E           [ 8.5804e-04],
E           [-1.1288e-03],
E           [ 1.4771e-05],
E           [-7.6720e-04],
E           [ 8.4362e-04],
E           [ 2.6986e-04],
E           [-4.0020e-05],
E           [-7.4817e-05],
E           [-4.0996e-04],
E           [ 8.9249e-04],
E           [ 7.4926e-04],
E           [-2.5006e-04],
E           [ 7.0047e-05],
E           [ 1.1623e-03],
E           [ 1.0125e-03],
E           [ 3.9804e-04],
E           [-6.8237e-04],
E           [ 9.1678e-04],
E           [-1.0652e-03],
E           [-1.1658e-04],
E           [-4.9908e-05],
E           [-1.0945e-03],
E           [ 1.0700e-03],
E           [ 1.4384e-04],
E           [ 8.9426e-04],
E           [ 8.8396e-04],
E           [ 1.0857e-04],
E           [ 4.6155e-04],
E           [-8.7203e-04],
E           [-3.7586e-04],
E           [-6.5365e-04],
E           [-8.8356e-05],
E           [-8.2724e-04],
E           [ 3.4202e-05],
E           [-9.6870e-04],
E           [ 6.8278e-04],
E           [ 8.6071e-04],
E           [ 3.5981e-04],
E           [-3.8526e-04],
E           [ 2.1998e-04],
E           [ 1.1860e-03],
E           [ 1.1099e-03],
E           [ 1.1648e-03],
E           [-7.6097e-04],
E           [-5.1815e-04],
E           [ 4.1096e-04],
E           [ 2.2263e-04],
E           [ 1.0525e-03],
E           [ 8.4277e-04],
E           [ 1.1135e-03],
E           [-2.3312e-04],
E           [-3.0435e-04],
E           [ 3.1218e-04],
E           [ 1.5714e-04],
E           [ 2.7462e-04],
E           [ 7.9301e-04],
E           [-2.0685e-04],
E           [ 1.0548e-03],
E           [-1.0048e-03],
E           [ 9.0674e-04],
E           [ 1.3555e-04],
E           [ 9.5838e-04],
E           [-2.8413e-04],
E           [-1.0848e-03],
E           [-4.9087e-04],
E           [ 9.0853e-04],
E           [ 6.2554e-04],
E           [-7.9189e-04],
E           [-3.2437e-04],
E           [ 1.1212e-04],
E           [ 3.6055e-04],
E           [ 2.5846e-04],
E           [ 6.3251e-04],
E           [-2.9646e-04],
E           [-1.1748e-03],
E           [ 1.1125e-04],
E           [-9.3584e-04],
E           [ 1.5584e-04],
E           [ 7.3483e-04],
E           [ 5.9440e-04],
E           [-1.0845e-03],
E           [ 7.9027e-04],
E           [ 1.9212e-04],
E           [-4.2931e-04],
E           [-4.3634e-04],
E           [-2.0303e-04],
E           [ 9.7014e-04],
E           [-1.8364e-04],
E           [ 7.2683e-04],
E           [-1.7701e-04],
E           [-2.3049e-04],
E           [-1.1213e-03],
E           [ 1.4793e-05],
E           [-1.1642e-03],
E           [ 9.2037e-04],
E           [ 3.5004e-04],
E           [-4.6369e-04],
E           [-4.7432e-04],
E           [ 1.1081e-03],
E           [-9.2079e-04],
E           [ 9.1427e-04],
E           [ 5.7282e-04],
E           [-5.7612e-04],
E           [-6.7425e-04],
E           [ 7.8529e-04],
E           [-1.8473e-04],
E           [-2.2881e-04],
E           [-7.0000e-04],
E           [-4.8453e-05],
E           [-1.0590e-03],
E           [-1.0891e-03],
E           [-4.3539e-04],
E           [ 1.9816e-04],
E           [-1.1690e-03],
E           [-8.5942e-04],
E           [ 1.6094e-04],
E           [-8.8470e-04],
E           [ 4.3641e-04],
E           [-6.9770e-04],
E           [-5.9394e-04],
E           [ 1.0857e-04],
E           [-1.1820e-03],
E           [ 6.3206e-04],
E           [ 7.7069e-04],
E           [ 2.1136e-04],
E           [ 4.0857e-05],
E           [-5.3519e-04],
E           [ 5.3633e-04],
E           [-1.0198e-03],
E           [ 5.8728e-04],
E           [-3.8493e-04],
E           [-6.3429e-04],
E           [ 1.1428e-03],
E           [ 2.8537e-04],
E           [-5.9171e-04],
E           [-9.4065e-04],
E           [-1.0582e-03],
E           [-4.5989e-04],
E           [ 8.5322e-04],
E           [-7.9845e-04],
E           [ 7.9598e-04],
E           [ 8.0346e-04],
E           [-6.8725e-04],
E           [ 1.0208e-03],
E           [ 9.7860e-04],
E           [-1.9438e-04],
E           [ 8.7995e-04],
E           [-2.3056e-04],
E           [-9.7834e-04],
E           [-1.4407e-05],
E           [-5.7825e-04],
E           [ 1.1145e-04],
E           [ 4.1505e-04],
E           [ 7.7960e-04],
E           [-6.7189e-04],
E           [-6.9578e-04],
E           [-8.4154e-04],
E           [-6.0254e-04],
E           [-1.1578e-03],
E           [ 8.2387e-04],
E           [-7.5427e-04],
E           [-6.9299e-04],
E           [ 1.0821e-03],
E           [ 1.0993e-03],
E           [-4.4392e-04],
E           [ 2.5312e-04],
E           [ 7.6663e-05],
E           [-5.4141e-04],
E           [-3.4906e-04],
E           [-7.2350e-05],
E           [-1.1237e-03],
E           [ 6.3129e-04],
E           [-8.7914e-04],
E           [-8.3048e-04],
E           [-8.3768e-04],
E           [-6.5846e-04],
E           [-2.2295e-04],
E           [-1.0490e-04],
E           [ 4.5744e-04],
E           [-1.6256e-05],
E           [ 6.3820e-04],
E           [ 1.7248e-04],
E           [-4.9523e-04],
E           [-3.6191e-04],
E           [ 1.6267e-04],
E           [ 7.7629e-05],
E           [ 3.8016e-04],
E           [-8.8372e-04],
E           [-6.1774e-04],
E           [-5.7893e-04],
E           [-1.4673e-04],
E           [-5.6024e-04],
E           [-3.7535e-04],
E           [-3.7281e-04],
E           [-1.5692e-04],
E           [ 2.0361e-04],
E           [ 7.6058e-05],
E           [-2.4693e-04],
E           [ 4.6911e-04],
E           [-2.0914e-04],
E           [ 3.5653e-04],
E           [ 9.6448e-04],
E           [ 6.7293e-04],
E           [-1.0526e-03],
E           [ 7.2901e-04],
E           [ 1.1880e-03],
E           [-1.0947e-04],
E           [-9.6811e-05],
E           [-9.9758e-04],
E           [ 7.2625e-04],
E           [-1.0588e-03],
E           [-6.9298e-04],
E           [-8.0161e-05],
E           [-1.9352e-04],
E           [-4.7578e-05],
E           [-1.0101e-03],
E           [-1.5899e-04],
E           [ 5.3193e-04],
E           [-5.7654e-04],
E           [ 1.1566e-06],
E           [-3.7978e-04],
E           [-1.0892e-03],
E           [ 3.6190e-05],
E           [-1.0986e-03],
E           [ 5.9852e-04],
E           [ 3.7530e-04],
E           [ 3.3572e-05],
E           [ 3.4304e-04],
E           [ 2.4450e-04],
E           [-4.4667e-04],
E           [ 9.9979e-04],
E           [-1.6591e-04],
E           [ 7.4303e-04],
E           [-5.8346e-04],
E           [-8.3251e-04],
E           [ 1.1323e-03],
E           [ 3.7603e-04],
E           [-3.1509e-04],
E           [ 9.2841e-04],
E           [ 9.1411e-05],
E           [ 3.4978e-04],
E           [-5.5321e-04],
E           [ 9.8510e-04],
E           [ 9.3112e-04],
E           [ 8.1860e-04],
E           [-4.9822e-04]]), 'outputSpace.layers.0.biasWeight': tensor([[0.]]), 'outputSpace.layers.0.bias': tensor([1.]), 'outputSpace.layers.0.var': tensor([0.]), 'outputSpace.layers.0.sigma': tensor([0.]), 'outputSpace.layers.0.sigma_mean': tensor([0.]), 'outputSpace.layers.0.sigma_step': tensor(0), 'outputSpace.layers.1.W': tensor([[-5.7494e-01, -1.4830e-01,  2.3718e-01, -8.0456e-01,  8.1614e-01,
E             3.1202e-01,  4.2141e-01,  5.0985e-01, -9.1243e-01,  2.0993e-01,
E             6.6290e-02, -1.5083e-01, -9.5215e-01, -7.5887e-01, -7.1465e-01,
E             6.3552e-01, -5.9427e-01,  6.7449e-01,  2.4325e-01,  3.2973e-01,
E             4.4645e-01, -6.1735e-01,  2.6808e-01, -1.6063e-01,  1.2900e-01,
E            -6.2971e-01, -9.8861e-01,  8.4729e-01,  8.8643e-01,  6.5396e-01,
E             9.1895e-01, -7.3692e-01, -9.2663e-01, -1.4900e-01,  6.2095e-01,
E            -7.6397e-01, -2.4781e-01, -9.8122e-01, -7.2218e-01,  4.5076e-01,
E             3.9098e-01, -8.3927e-02, -2.7974e-01, -1.1775e-01, -9.1031e-01,
E             3.3829e-01,  4.4394e-01,  2.7800e-01, -1.5757e-01,  8.5457e-01,
E             1.4553e-01,  4.6694e-01, -8.2509e-02,  7.8358e-01,  8.3178e-01,
E            -2.8673e-01,  6.4226e-01, -2.5874e-01,  3.1040e-01, -4.4976e-01,
E             8.0459e-01, -8.5571e-01, -9.0192e-01,  7.4213e-01, -3.9079e-01,
E            -7.1306e-02,  7.9666e-01,  4.8660e-01, -9.6557e-01,  6.4777e-01,
E             1.4565e-01,  9.8298e-01,  7.6144e-01,  8.3275e-01,  3.9014e-01,
E            -5.4948e-01,  4.1183e-01, -9.1122e-01,  6.1692e-01,  2.8486e-02,
E             1.7310e-01,  6.1519e-01,  2.5497e-01,  6.7392e-01, -9.0594e-01,
E             9.1811e-01,  6.2221e-01,  8.8184e-02, -7.5443e-01, -8.9508e-01,
E             1.7009e-01, -6.5097e-01,  7.8278e-01,  1.3200e-01,  2.9035e-02,
E            -1.4931e-01,  8.2223e-01, -2.2688e-01, -3.3687e-01,  4.3856e-01,
E            -2.9696e-01, -3.7599e-01,  9.5140e-02, -8.0964e-01, -1.2199e-01,
E             4.9178e-01,  7.9184e-01,  4.2034e-01,  4.9824e-01, -5.9212e-01,
E            -1.4562e-01,  1.2395e-01,  9.8736e-01,  9.0799e-01,  1.4893e-01,
E             3.1842e-01,  3.8180e-01,  4.0648e-01,  8.8972e-01,  3.6484e-01,
E            -4.7319e-01,  6.6490e-01,  2.9058e-01, -8.3779e-01, -6.8517e-01,
E             2.1053e-01, -3.6654e-01, -1.3056e-01, -7.9818e-01,  6.7968e-01,
E            -8.6467e-01,  5.2624e-01, -7.1614e-01,  4.8399e-01,  9.5064e-01,
E             9.1066e-01, -2.6851e-01, -3.7620e-01, -2.4885e-02,  1.2529e-01,
E             9.1068e-01, -7.3308e-01,  7.3230e-01,  7.0701e-01,  9.4205e-01,
E            -7.8570e-01, -5.5878e-02,  4.3104e-01,  8.8985e-01,  8.5617e-01,
E             2.2466e-01, -9.0439e-01,  9.0567e-01,  8.8164e-01, -8.5959e-01,
E            -9.0744e-01,  5.0664e-01,  8.3552e-01, -9.9605e-01, -7.8100e-01,
E             1.5670e-01, -2.1123e-01, -7.6078e-01,  8.3029e-01, -3.5531e-01,
E            -2.5449e-01, -7.1869e-03, -2.3595e-01, -4.7108e-01, -9.9373e-01,
E            -4.4078e-01, -6.7034e-01, -4.3080e-01,  6.2452e-01, -5.1422e-01,
E            -3.7161e-01,  7.6226e-01,  4.1743e-01, -1.0011e-01, -8.6678e-01,
E             7.7281e-03, -4.4409e-01, -5.8762e-01,  3.8111e-01,  3.7737e-01,
E            -4.8509e-01,  7.2249e-02,  6.2684e-01,  2.7167e-01,  1.9989e-01,
E            -2.5576e-03, -5.3054e-01, -4.9579e-01,  2.1495e-01,  4.5804e-01,
E            -1.9616e-01, -4.5899e-01,  8.9940e-01,  1.7664e-01,  3.3882e-01,
E             3.8596e-01, -9.7057e-01,  5.3547e-01, -1.5835e-01,  4.3891e-01,
E            -1.8997e-01,  4.2899e-01,  5.9773e-01,  9.1921e-01, -3.2751e-01,
E             5.4761e-02, -2.1572e-01,  6.9859e-01, -1.2032e-01, -4.7004e-01,
E            -8.7508e-01,  4.4311e-01,  3.7231e-01, -3.5023e-01, -6.0343e-01,
E             8.6408e-01,  2.4935e-01,  5.3700e-01, -5.6037e-01,  6.3671e-01,
E             7.3983e-02,  6.3295e-02, -7.9083e-02,  9.5514e-01, -9.5917e-01,
E            -2.9918e-01, -1.8942e-01, -7.1698e-01,  2.9517e-01,  9.8631e-02,
E            -8.2077e-01, -3.4438e-01, -7.5790e-01, -8.2558e-01,  6.7707e-02,
E             8.3054e-01, -9.6255e-01,  6.1967e-01,  1.0009e-01,  8.6009e-01,
E             7.2793e-01, -8.1844e-01,  7.3018e-02, -6.2763e-01,  3.7049e-01,
E             4.4993e-02,  3.8278e-01,  6.0539e-01, -2.5086e-01, -5.0133e-01,
E             3.9679e-01,  6.2753e-01, -6.7159e-01,  8.5596e-01,  3.7968e-01,
E             3.5690e-01, -3.2632e-01,  9.4006e-01,  5.7438e-01,  9.8747e-01,
E             2.6345e-01, -5.8753e-02, -5.4942e-01, -3.9753e-01, -2.1871e-01,
E            -5.9910e-02, -5.1211e-02,  4.6760e-01,  9.6329e-01, -8.4115e-01,
E             5.3565e-01,  3.4501e-01,  6.0939e-01, -4.7656e-01, -1.5537e-02,
E             3.6900e-01, -4.0774e-01,  8.1117e-01, -7.3110e-01, -3.2589e-01,
E             1.4418e-01,  5.8366e-01, -9.8812e-01,  8.2357e-01,  3.5869e-01,
E            -5.1549e-01,  6.7996e-01,  1.3713e-01, -9.7582e-01, -9.6343e-01,
E             1.6429e-01, -8.6128e-01, -4.5343e-01,  6.1202e-01, -3.0569e-01,
E             4.4914e-01, -5.8242e-01,  6.2853e-01,  3.9552e-01, -1.5014e-01,
E            -1.1880e-01, -5.3052e-01,  4.0306e-01,  1.2805e-01,  7.8652e-01,
E             8.2906e-02,  5.4244e-01, -3.8228e-02,  6.2518e-01, -1.7493e-01,
E            -9.7813e-01, -6.6735e-01,  9.0238e-01, -6.1468e-01, -3.6974e-01,
E             1.4667e-02,  5.7102e-01, -7.5807e-01,  6.3419e-01, -9.7685e-01,
E             8.9375e-01,  2.4172e-01, -9.6412e-01,  1.6570e-01,  4.6971e-01,
E             3.5264e-01, -1.5569e-01, -5.4145e-01, -8.8127e-01,  3.1586e-01,
E             9.4386e-01,  6.7347e-02, -7.1609e-01, -9.4668e-01,  9.0186e-01,
E             4.2259e-01,  4.2084e-01,  8.7179e-01,  7.0026e-01,  6.1564e-01,
E             1.9118e-01,  4.6474e-01, -7.6388e-02,  9.5458e-01, -1.9265e-01,
E             3.8282e-01,  4.5510e-01, -2.3206e-01,  6.3546e-01,  7.4160e-01,
E            -7.1921e-01,  5.6519e-01, -5.7260e-02,  8.6385e-01,  1.2243e-01,
E            -6.0920e-01, -2.2670e-01,  9.5589e-01, -7.2838e-02,  5.7333e-01,
E             3.4173e-01, -7.9588e-01, -8.8605e-01,  7.7459e-01,  1.0744e-01,
E            -1.8792e-01,  5.3789e-01,  1.7173e-01, -1.7028e-01,  8.3695e-01,
E             7.3777e-01, -1.8925e-01, -7.1229e-02,  8.1723e-01, -3.1978e-01,
E             4.7232e-01, -6.6937e-01,  7.6420e-01,  3.4585e-01, -9.6004e-01,
E            -5.3746e-01, -4.3595e-01,  1.5798e-01,  2.0247e-01, -7.9799e-01,
E             6.8548e-01,  4.6979e-01,  4.1278e-01,  2.3188e-01,  9.5555e-02,
E            -3.4481e-01, -2.2044e-01, -8.0602e-01, -5.2220e-01,  6.7921e-01,
E             9.7214e-01,  3.8350e-01, -2.1395e-01, -9.6570e-01,  4.9946e-01,
E            -4.6964e-01,  7.0884e-01,  8.6112e-01,  5.6526e-01,  8.3303e-01,
E            -5.2144e-01, -6.4732e-01,  1.5131e-01,  2.8634e-02,  1.1630e-01,
E            -3.4036e-01,  7.1738e-01, -8.9091e-01, -7.4867e-01, -6.1260e-01,
E            -8.0743e-01, -7.5155e-01, -3.2050e-01,  9.6231e-01,  3.1317e-01,
E             2.3261e-02,  3.1359e-02,  2.2917e-01, -1.1640e-01, -7.4231e-01,
E            -1.1788e-01,  7.2930e-01,  8.3141e-01, -9.4860e-02, -4.8847e-02,
E            -4.1608e-01, -3.9738e-01, -6.9985e-01,  1.1108e-01, -4.0691e-01,
E            -5.7881e-01,  4.7404e-01, -5.2837e-01, -1.4908e-01,  3.2386e-01,
E             7.5085e-01,  7.8729e-01, -6.5190e-01, -2.7646e-01,  1.1335e-01,
E             2.2608e-01,  6.2448e-01,  4.9453e-01,  8.9299e-01, -8.4987e-01,
E            -8.7120e-01,  2.8050e-01, -4.3127e-01, -9.9652e-01,  2.2525e-01,
E            -9.5036e-02,  7.5636e-01, -6.3315e-01,  9.8753e-01,  7.4996e-01,
E             7.6138e-01, -2.0099e-01,  6.1584e-01, -2.9213e-02,  3.2748e-02,
E             4.4351e-01,  8.3093e-01, -4.0419e-02, -5.4715e-01,  2.3817e-01,
E            -9.3801e-02, -9.6917e-01,  2.9805e-01, -5.0244e-01,  1.9007e-01,
E             2.8976e-01,  3.8564e-01, -9.2136e-01, -7.0034e-01,  2.9591e-01,
E             2.5072e-01,  1.3745e-01, -3.4917e-01,  4.1223e-01,  9.7060e-01,
E            -2.8608e-01,  6.4731e-01,  7.5078e-01,  9.6740e-02,  4.3396e-01,
E            -4.6234e-01,  4.8007e-01, -2.9368e-01, -1.4090e-01,  3.4252e-01,
E            -5.8318e-01,  4.2371e-01,  1.7781e-01, -1.5182e-01,  6.5814e-01,
E             5.9413e-01, -3.9737e-01,  5.2004e-01,  3.2496e-01, -3.2157e-01,
E            -6.6377e-01, -1.0959e-01, -9.8959e-01, -1.6951e-01, -3.5988e-01,
E            -4.6889e-01, -1.4268e-01, -7.3810e-01,  3.7681e-01,  5.7632e-02,
E            -4.2861e-01, -7.1630e-02,  3.1696e-01,  9.0849e-01,  8.4130e-01,
E            -8.0841e-01, -5.2566e-01,  3.6085e-01, -8.6437e-01,  6.9087e-01,
E            -9.7492e-01, -3.6550e-01,  5.5146e-01, -9.2944e-01, -2.3353e-01,
E             7.7924e-01, -7.6794e-01, -4.4466e-01,  7.1251e-01,  9.3661e-01,
E             5.7886e-01,  7.2322e-01,  2.5406e-01,  5.9971e-02,  4.8793e-01,
E             4.9111e-01,  4.5847e-01,  3.8154e-01,  5.4414e-02, -2.7050e-01,
E            -5.9819e-01,  5.5177e-02, -3.0361e-01,  4.2459e-02, -2.4499e-01,
E             7.3498e-01, -4.8346e-01,  4.4317e-02, -9.8761e-01, -6.8864e-01,
E            -7.5422e-01, -8.4812e-01, -1.4405e-01,  4.9669e-01, -1.2339e-01,
E             1.1446e-02, -8.2942e-01,  1.1777e-01,  3.5602e-01, -1.7466e-01,
E             1.2484e-01, -5.3322e-01, -2.1117e-01,  7.3501e-01, -2.6631e-02,
E             7.7476e-01, -3.3133e-01, -4.5606e-01, -2.8491e-01,  4.8662e-01,
E            -4.3418e-01, -6.5372e-01, -6.3264e-02,  9.0170e-01, -4.6882e-01,
E             7.2065e-01,  4.2064e-02, -2.6482e-01,  7.0631e-01, -9.9258e-01,
E            -7.7194e-01, -2.2520e-01, -8.0708e-01,  7.6025e-01,  4.7059e-01,
E            -9.6077e-01,  5.4565e-01,  8.6940e-01,  8.3418e-01,  8.3579e-01,
E             4.4244e-01,  7.5272e-01, -9.2924e-01, -5.9223e-01,  1.2714e-01,
E             8.4887e-01,  3.7980e-01, -6.8686e-01, -1.9368e-01, -4.3699e-01,
E            -8.4539e-01,  7.6979e-01, -5.9986e-01,  6.3404e-01,  4.7470e-01,
E            -5.6178e-01, -7.3543e-01, -3.0752e-01, -9.3752e-01,  6.1027e-01,
E             5.9978e-01, -4.1022e-01, -5.9012e-01, -2.8131e-01, -7.4645e-02,
E            -5.6319e-01, -2.1747e-01, -7.5780e-01,  2.2811e-01,  1.8547e-01,
E             1.2589e-01,  9.8542e-03,  3.8604e-01,  2.0728e-02, -9.8155e-02,
E            -9.3302e-01, -8.4863e-01,  1.5951e-01, -8.7274e-01, -9.0069e-01,
E             1.2056e-01, -2.4024e-01, -1.5831e-01,  4.1426e-01,  2.9940e-01,
E            -6.7301e-02, -5.6859e-01, -7.3925e-01, -6.8260e-01,  5.5705e-01,
E            -2.6539e-01, -2.8877e-01,  3.8255e-01, -9.3713e-01, -4.6319e-01,
E             1.1764e-01, -7.8063e-01, -9.0780e-01,  9.8643e-01, -6.5672e-01,
E             1.3872e-01,  4.5050e-01,  6.1154e-04,  7.9723e-01,  6.4031e-01,
E             6.8553e-01,  6.1075e-01,  9.5183e-01, -4.5552e-01, -5.0344e-01,
E             6.5605e-01,  5.0076e-01,  5.4330e-01,  4.4784e-01, -7.3837e-01,
E             4.7720e-01, -9.7731e-02, -1.3806e-01,  8.0613e-01,  4.3632e-01,
E            -1.1122e-02,  2.0985e-01, -2.6269e-01,  5.9607e-01, -5.5075e-01,
E             7.9904e-01, -4.1020e-01,  1.4737e-01,  3.0587e-01, -7.1100e-01,
E             7.7553e-01,  9.3539e-01, -5.6896e-01, -6.6390e-01, -4.7627e-01,
E             8.7663e-01,  4.8418e-01, -3.9450e-01,  6.2072e-01,  3.2490e-01,
E            -1.7722e-01,  6.8600e-01, -2.9425e-01,  8.7419e-02, -3.1559e-01,
E             7.6070e-01, -4.0332e-01, -4.5514e-01,  6.0624e-01, -9.2878e-01,
E            -8.0297e-01, -1.3500e-01, -2.5823e-01,  9.9038e-01,  3.3444e-02,
E            -1.9443e-01, -9.8796e-02, -9.2319e-01,  8.6187e-01, -2.8403e-01,
E             4.5965e-01, -3.2602e-01,  3.7928e-01,  1.7344e-01,  8.3319e-01,
E             1.4002e-01,  7.6452e-01,  2.5793e-01,  6.8468e-01,  9.8268e-01,
E             2.9971e-01,  5.0696e-01, -2.6545e-01,  5.2675e-01,  2.6720e-02,
E            -2.0181e-01, -5.3517e-01, -1.5622e-01,  1.1683e-01, -5.2637e-01,
E            -2.7061e-01, -9.7208e-01, -8.6023e-01, -7.1901e-01, -9.7086e-01,
E             8.8700e-01, -5.8532e-01,  6.3899e-01,  7.8459e-01, -6.8067e-01,
E            -2.9463e-01, -4.3778e-01, -4.5542e-01, -7.7412e-01, -1.6540e-01,
E             5.0055e-01,  3.2986e-01,  1.3701e-01, -9.9040e-01, -6.1635e-02,
E            -7.0857e-01, -8.8068e-01,  1.6927e-01, -5.0906e-01,  9.9387e-01,
E             1.1963e-01,  9.1729e-01, -8.5839e-02,  5.5348e-01,  7.3756e-01,
E             5.7944e-02, -1.3658e-02, -6.9982e-01,  5.1937e-01,  8.1901e-01,
E             8.4470e-01,  6.2121e-01, -5.4302e-01,  5.3288e-03, -1.2349e-01,
E            -5.6393e-01, -5.2022e-01,  2.1489e-01,  7.3597e-01,  6.9117e-02,
E             1.7113e-01, -2.8572e-02, -2.6086e-01,  9.3297e-01, -8.5428e-01,
E            -7.0250e-01,  1.8482e-01, -3.9178e-01,  4.9665e-01, -5.7078e-02,
E            -1.1618e-01,  2.0857e-01, -9.0748e-01, -9.0908e-02,  1.8042e-01,
E             6.5082e-02, -3.3384e-01, -2.6331e-02, -5.8542e-01, -6.5457e-01,
E            -7.1901e-01, -1.5630e-01, -8.1655e-01, -7.5917e-01,  1.0532e-01,
E            -5.5937e-01,  4.5573e-01,  4.1027e-01,  5.9578e-01, -1.6912e-02,
E            -6.3978e-01, -2.9654e-01, -6.9593e-01, -6.1388e-01, -3.4200e-01,
E             2.6805e-01,  2.5977e-01,  2.4613e-01, -8.6833e-01, -7.7755e-01,
E            -1.0763e-01, -7.2574e-02,  7.4465e-03,  2.7835e-01, -6.4336e-01,
E            -7.1437e-01,  7.7385e-01]]), 'outputSpace.layers.1.biasWeight': tensor([[0., 0., 0., 0., 0., 0., 0., 0., 0., 0., 0., 0., 0., 0., 0., 0., 0., 0., 0., 0., 0., 0., 0., 0.,
E            0., 0., 0., 0., 0., 0., 0., 0., 0., 0., 0., 0., 0., 0., 0., 0., 0., 0., 0., 0., 0., 0., 0., 0.,
E            0., 0., 0., 0., 0., 0., 0., 0., 0., 0., 0., 0., 0., 0., 0., 0., 0., 0., 0., 0., 0., 0., 0., 0.,
E            0., 0., 0., 0., 0., 0., 0., 0., 0., 0., 0., 0., 0., 0., 0., 0., 0., 0., 0., 0., 0., 0., 0., 0.,
E            0., 0., 0., 0., 0., 0., 0., 0., 0., 0., 0., 0., 0., 0., 0., 0., 0., 0., 0., 0., 0., 0., 0., 0.,
E            0., 0., 0., 0., 0., 0., 0., 0., 0., 0., 0., 0., 0., 0., 0., 0., 0., 0., 0., 0., 0., 0., 0., 0.,
E            0., 0., 0., 0., 0., 0., 0., 0., 0., 0., 0., 0., 0., 0., 0., 0., 0., 0., 0., 0., 0., 0., 0., 0.,
E            0., 0., 0., 0., 0., 0., 0., 0., 0., 0., 0., 0., 0., 0., 0., 0., 0., 0., 0., 0., 0., 0., 0., 0.,
E            0., 0., 0., 0., 0., 0., 0., 0., 0., 0., 0., 0., 0., 0., 0., 0., 0., 0., 0., 0., 0., 0., 0., 0.,
E            0., 0., 0., 0., 0., 0., 0., 0., 0., 0., 0., 0., 0., 0., 0., 0., 0., 0., 0., 0., 0., 0., 0., 0.,
E            0., 0., 0., 0., 0., 0., 0., 0., 0., 0., 0., 0., 0., 0., 0., 0., 0., 0., 0., 0., 0., 0., 0., 0.,
E            0., 0., 0., 0., 0., 0., 0., 0., 0., 0., 0., 0., 0., 0., 0., 0., 0., 0., 0., 0., 0., 0., 0., 0.,
E            0., 0., 0., 0., 0., 0., 0., 0., 0., 0., 0., 0., 0., 0., 0., 0., 0., 0., 0., 0., 0., 0., 0., 0.,
E            0., 0., 0., 0., 0., 0., 0., 0., 0., 0., 0., 0., 0., 0., 0., 0., 0., 0., 0., 0., 0., 0., 0., 0.,
E            0., 0., 0., 0., 0., 0., 0., 0., 0., 0., 0., 0., 0., 0., 0., 0., 0., 0., 0., 0., 0., 0., 0., 0.,
E            0., 0., 0., 0., 0., 0., 0., 0., 0., 0., 0., 0., 0., 0., 0., 0., 0., 0., 0., 0., 0., 0., 0., 0.,
E            0., 0., 0., 0., 0., 0., 0., 0., 0., 0., 0., 0., 0., 0., 0., 0., 0., 0., 0., 0., 0., 0., 0., 0.,
E            0., 0., 0., 0., 0., 0., 0., 0., 0., 0., 0., 0., 0., 0., 0., 0., 0., 0., 0., 0., 0., 0., 0., 0.,
E            0., 0., 0., 0., 0., 0., 0., 0., 0., 0., 0., 0., 0., 0., 0., 0., 0., 0., 0., 0., 0., 0., 0., 0.,
E            0., 0., 0., 0., 0., 0., 0., 0., 0., 0., 0., 0., 0., 0., 0., 0., 0., 0., 0., 0., 0., 0., 0., 0.,
E            0., 0., 0., 0., 0., 0., 0., 0., 0., 0., 0., 0., 0., 0., 0., 0., 0., 0., 0., 0., 0., 0., 0., 0.,
E            0., 0., 0., 0., 0., 0., 0., 0., 0., 0., 0., 0., 0., 0., 0., 0., 0., 0., 0., 0., 0., 0., 0., 0.,
E            0., 0., 0., 0., 0., 0., 0., 0., 0., 0., 0., 0., 0., 0., 0., 0., 0., 0., 0., 0., 0., 0., 0., 0.,
E            0., 0., 0., 0., 0., 0., 0., 0., 0., 0., 0., 0., 0., 0., 0., 0., 0., 0., 0., 0., 0., 0., 0., 0.,
E            0., 0., 0., 0., 0., 0., 0., 0., 0., 0., 0., 0., 0., 0., 0., 0., 0., 0., 0., 0., 0., 0., 0., 0.,
E            0., 0., 0., 0., 0., 0., 0., 0., 0., 0., 0., 0., 0., 0., 0., 0., 0., 0., 0., 0., 0., 0., 0., 0.,
E            0., 0., 0., 0., 0., 0., 0., 0., 0., 0., 0., 0., 0., 0., 0., 0., 0., 0., 0., 0., 0., 0., 0., 0.,
E            0., 0., 0., 0., 0., 0., 0., 0., 0., 0., 0., 0., 0., 0., 0., 0., 0., 0., 0., 0., 0., 0., 0., 0.,
E            0., 0., 0., 0., 0., 0., 0., 0., 0., 0., 0., 0., 0., 0., 0., 0., 0., 0., 0., 0., 0., 0., 0., 0.,
E            0., 0., 0., 0., 0., 0., 0., 0., 0., 0., 0., 0., 0., 0., 0., 0., 0., 0., 0., 0., 0., 0., 0., 0.,
E            0., 0., 0., 0., 0., 0., 0., 0., 0., 0., 0., 0., 0., 0., 0., 0., 0., 0., 0., 0., 0., 0., 0., 0.,
E            0., 0., 0., 0., 0., 0., 0., 0., 0., 0., 0., 0., 0., 0., 0., 0., 0., 0., 0., 0., 0., 0., 0., 0.,
E            0., 0., 0., 0., 0., 0., 0., 0., 0., 0., 0., 0., 0., 0., 0., 0., 0., 0., 0., 0., 0., 0., 0., 0.,
E            0., 0., 0., 0., 0., 0., 0., 0., 0., 0., 0., 0., 0., 0., 0., 0., 0., 0., 0., 0., 0., 0., 0., 0.,
E            0., 0., 0., 0., 0., 0., 0., 0., 0., 0., 0., 0., 0., 0., 0., 0.]]), 'outputSpace.layers.1.bias': tensor([1.]), 'outputSpace.layers.1.var': tensor([0.]), 'outputSpace.layers.1.sigma': tensor([0.]), 'outputSpace.layers.1.sigma_mean': tensor([0.]), 'outputSpace.layers.1.sigma_step': tensor(0), 'outputSpace.linear1.W': tensor([[-5.5776e-04],
E           [-3.0159e-04],
E           [ 4.1084e-04],
E           [-3.9164e-04],
E           [-8.4961e-04],
E           [-1.1007e-03],
E           [ 4.8756e-04],
E           [ 9.8990e-04],
E           [ 1.1357e-03],
E           [ 1.1611e-03],
E           [-2.0520e-04],
E           [-1.1594e-03],
E           [-6.9990e-04],
E           [-2.2441e-04],
E           [-1.8360e-04],
E           [-5.5214e-04],
E           [-1.6824e-05],
E           [-5.6262e-04],
E           [-1.0986e-04],
E           [-1.5242e-04],
E           [-1.0934e-03],
E           [ 3.8331e-04],
E           [ 7.7039e-04],
E           [ 1.9321e-04],
E           [ 2.2034e-04],
E           [ 2.0523e-04],
E           [ 6.8673e-04],
E           [-2.8740e-04],
E           [ 4.0863e-04],
E           [-3.0506e-04],
E           [-7.0767e-05],
E           [-9.6708e-05],
E           [ 6.6362e-04],
E           [ 1.0555e-03],
E           [-1.0886e-03],
E           [ 1.0751e-03],
E           [ 1.1887e-04],
E           [-6.5378e-04],
E           [ 4.0580e-04],
E           [-1.1834e-03],
E           [-6.7573e-05],
E           [-5.3913e-04],
E           [ 6.1871e-04],
E           [-4.3873e-04],
E           [ 7.4751e-04],
E           [ 2.9933e-04],
E           [ 2.7388e-04],
E           [-9.3437e-04],
E           [ 8.8070e-04],
E           [ 4.9677e-04],
E           [-5.1296e-04],
E           [-1.8195e-04],
E           [-8.1689e-04],
E           [ 4.3256e-05],
E           [ 7.1049e-04],
E           [-1.9671e-04],
E           [-9.5627e-04],
E           [-7.2503e-04],
E           [-8.7384e-04],
E           [ 9.2909e-04],
E           [ 7.9894e-04],
E           [ 1.0192e-03],
E           [ 7.9028e-04],
E           [-5.9955e-04],
E           [-9.9436e-04],
E           [ 8.7031e-04],
E           [ 1.9357e-04],
E           [ 8.9709e-04],
E           [-4.3000e-04],
E           [-8.3120e-05],
E           [ 4.6794e-04],
E           [-8.5795e-04],
E           [-9.2112e-04],
E           [-9.6457e-04],
E           [ 1.0009e-03],
E           [-7.4365e-04],
E           [ 3.3824e-04],
E           [ 1.7872e-04],
E           [ 6.2665e-04],
E           [-1.9876e-04],
E           [ 5.8937e-04],
E           [-1.0423e-03],
E           [ 9.6990e-04],
E           [ 5.6062e-04],
E           [-6.3710e-04],
E           [ 8.7633e-04],
E           [ 1.1231e-03],
E           [-7.6617e-04],
E           [-9.5819e-05],
E           [-3.4994e-04],
E           [-9.8889e-04],
E           [ 8.5006e-04],
E           [ 9.7078e-04],
E           [ 8.9615e-04],
E           [ 5.3050e-04],
E           [-2.4557e-04],
E           [-4.9642e-04],
E           [-1.1394e-03],
E           [-9.6072e-04],
E           [ 6.6484e-04],
E           [-3.3793e-04],
E           [ 9.9461e-04],
E           [ 1.5556e-04],
E           [ 6.5919e-04],
E           [-1.6891e-04],
E           [ 9.9375e-04],
E           [-9.2081e-04],
E           [-1.1243e-03],
E           [-3.5533e-04],
E           [ 4.6449e-04],
E           [ 2.5961e-04],
E           [-2.3802e-04],
E           [-3.0139e-04],
E           [-9.2852e-04],
E           [-6.3515e-04],
E           [-7.4470e-04],
E           [ 6.2738e-04],
E           [-3.8745e-04],
E           [-8.9043e-04],
E           [ 8.9880e-04],
E           [ 1.9653e-04],
E           [-2.3060e-04],
E           [-4.4384e-04],
E           [-9.6038e-04],
E           [ 7.2632e-04],
E           [ 7.3302e-04],
E           [ 6.2115e-04],
E           [ 3.4604e-04],
E           [-2.0254e-04],
E           [-5.2819e-04],
E           [-1.5594e-05],
E           [ 1.6667e-04],
E           [-9.0161e-04],
E           [ 6.4090e-04],
E           [-7.6387e-04],
E           [-6.0557e-04],
E           [-4.7922e-04],
E           [-1.1843e-03],
E           [ 7.9492e-04],
E           [-9.5391e-04],
E           [-7.9812e-05],
E           [ 1.0506e-03],
E           [ 5.7709e-05],
E           [ 4.7297e-04],
E           [-2.3210e-04],
E           [-3.3288e-04],
E           [-1.1526e-03],
E           [-1.0134e-03],
E           [ 5.9683e-04],
E           [ 3.6666e-04],
E           [ 1.1530e-03],
E           [-3.0099e-04],
E           [ 6.5225e-04],
E           [-8.5020e-04],
E           [-9.5676e-04],
E           [ 1.2355e-04],
E           [-6.3995e-04],
E           [ 5.9190e-05],
E           [ 7.3012e-04],
E           [ 7.2673e-05],
E           [-1.0778e-03],
E           [ 5.3456e-04],
E           [ 6.7604e-04],
E           [ 1.1900e-03],
E           [-1.0704e-04],
E           [-7.5993e-04],
E           [ 1.0854e-05],
E           [ 4.6836e-04],
E           [-1.6939e-04],
E           [-1.0532e-03],
E           [ 9.8697e-04],
E           [-5.6148e-04],
E           [-1.1524e-03],
E           [ 9.7338e-04],
E           [ 9.8253e-04],
E           [-6.8321e-04],
E           [ 4.3870e-04],
E           [ 1.1416e-03],
E           [-2.9239e-05],
E           [-4.8866e-04],
E           [-4.7724e-04],
E           [-3.0526e-04],
E           [-6.8494e-04],
E           [ 6.4237e-04],
E           [ 6.4835e-04],
E           [ 9.1257e-04],
E           [ 5.0794e-04],
E           [ 3.1650e-04],
E           [ 1.0312e-03],
E           [ 1.0049e-03],
E           [-2.5747e-04],
E           [ 1.0836e-03],
E           [-5.1717e-04],
E           [ 6.2974e-04],
E           [-1.2127e-04],
E           [ 6.1350e-04],
E           [-9.2811e-04],
E           [ 6.1700e-04],
E           [-1.1685e-04],
E           [ 4.8049e-04],
E           [ 7.7315e-04],
E           [ 6.8474e-04],
E           [-3.9453e-04],
E           [-9.5449e-04],
E           [ 4.7395e-04],
E           [ 5.5191e-04],
E           [-2.4346e-04],
E           [-6.6271e-04],
E           [-1.1817e-03],
E           [-2.9035e-04],
E           [-1.0845e-03],
E           [ 1.5957e-04],
E           [-7.4961e-04],
E           [-6.3560e-04],
E           [ 1.7517e-04],
E           [-2.0042e-04],
E           [ 9.3404e-04],
E           [ 1.7049e-04],
E           [ 7.9032e-04],
E           [ 1.1528e-03],
E           [-7.0963e-04],
E           [-4.4616e-04],
E           [-8.7799e-05],
E           [-1.1194e-03],
E           [ 8.4285e-04],
E           [ 4.3270e-04],
E           [-1.0442e-03],
E           [ 5.5087e-04],
E           [-7.6504e-04],
E           [-3.7341e-04],
E           [-2.8009e-04],
E           [-9.2524e-04],
E           [-8.1086e-04],
E           [-5.1150e-04],
E           [-7.9297e-04],
E           [-9.1038e-04],
E           [ 3.7264e-04],
E           [ 4.3863e-04],
E           [ 7.0333e-05],
E           [-1.9925e-04],
E           [-3.0722e-04],
E           [-6.8763e-04],
E           [-5.1912e-04],
E           [-6.5803e-04],
E           [-3.9882e-04],
E           [-9.7867e-04],
E           [-7.9769e-04],
E           [-5.9930e-04],
E           [-1.4788e-05],
E           [ 1.3073e-04],
E           [-3.1714e-04],
E           [ 2.7892e-04],
E           [ 1.1087e-03],
E           [-2.0998e-04],
E           [ 9.7615e-04],
E           [ 6.7163e-04],
E           [ 2.2544e-04],
E           [ 5.5359e-04],
E           [ 6.2023e-05],
E           [ 5.4514e-04],
E           [ 5.7683e-04],
E           [-1.1259e-03],
E           [ 1.0351e-03],
E           [-3.7894e-04],
E           [-8.3302e-04],
E           [-8.2645e-04],
E           [ 2.6533e-04],
E           [ 1.1504e-04],
E           [-1.1892e-03],
E           [ 2.5090e-04],
E           [-7.0869e-05],
E           [ 3.4492e-04],
E           [ 7.8966e-04],
E           [ 1.0895e-03],
E           [-5.4773e-04],
E           [-2.5144e-04],
E           [ 8.0484e-04],
E           [ 5.3877e-05],
E           [ 1.0497e-03],
E           [ 2.0441e-04],
E           [ 4.9177e-04],
E           [ 1.1206e-03],
E           [ 8.6696e-04],
E           [-9.4430e-04],
E           [-1.0655e-03],
E           [-2.0660e-04],
E           [-9.1908e-05],
E           [-3.0184e-04],
E           [ 6.9898e-04],
E           [ 5.1311e-04],
E           [-2.0019e-04],
E           [-1.7218e-04],
E           [ 4.1959e-05],
E           [ 2.9441e-04],
E           [-8.5441e-04],
E           [-3.9229e-04],
E           [-3.5172e-04],
E           [ 5.3914e-04],
E           [ 3.7309e-04],
E           [-6.6270e-04],
E           [ 4.3582e-04],
E           [-1.0530e-05],
E           [ 1.0940e-04],
E           [ 2.9265e-04],
E           [-5.9268e-05],
E           [-2.1581e-04],
E           [ 4.8335e-04],
E           [-1.0022e-03],
E           [ 3.7163e-04],
E           [-4.5013e-04],
E           [ 2.0910e-04],
E           [-1.4220e-04],
E           [ 3.8640e-04],
E           [-3.8418e-04],
E           [-6.2476e-04],
E           [-1.0632e-03],
E           [-8.1932e-04],
E           [-5.3760e-04],
E           [ 8.8511e-04],
E           [ 1.0269e-03],
E           [-7.8840e-04],
E           [ 1.6001e-05],
E           [-9.6229e-04],
E           [ 3.3523e-04],
E           [-3.7620e-04],
E           [ 7.8801e-04],
E           [-2.6845e-04],
E           [ 1.0865e-03],
E           [ 1.0393e-03],
E           [ 4.4273e-04],
E           [ 9.8522e-04],
E           [ 1.0719e-03],
E           [-8.7033e-04],
E           [ 5.8637e-04],
E           [ 3.3260e-04],
E           [ 1.0979e-03],
E           [ 3.6108e-04],
E           [-9.5940e-05],
E           [ 1.0437e-03],
E           [ 5.1709e-04],
E           [-2.0707e-04],
E           [-2.5373e-04],
E           [ 1.2366e-04],
E           [-5.7440e-04],
E           [-1.1105e-03],
E           [ 3.8000e-04],
E           [-8.2978e-04],
E           [-1.6377e-04],
E           [ 4.6240e-05],
E           [-3.0289e-04],
E           [ 1.1415e-03],
E           [ 1.0840e-03],
E           [ 5.0747e-04],
E           [ 7.1291e-04],
E           [-6.0150e-04],
E           [ 3.8163e-04],
E           [ 9.9527e-04],
E           [ 8.8976e-04],
E           [ 1.1238e-03],
E           [ 3.4736e-04],
E           [ 6.5180e-04],
E           [-2.0682e-04],
E           [ 2.1351e-04],
E           [-5.4554e-04],
E           [-1.6374e-05],
E           [-4.4842e-04],
E           [-1.5922e-04],
E           [-1.9048e-04],
E           [-3.3560e-04],
E           [-6.0448e-04],
E           [-7.8134e-04],
E           [-6.5624e-04],
E           [ 5.8814e-04],
E           [-1.0264e-03],
E           [ 7.9702e-04],
E           [-2.8037e-04],
E           [ 1.1845e-03],
E           [ 1.0959e-03],
E           [-7.8041e-04],
E           [ 9.8396e-05],
E           [ 6.1665e-04],
E           [ 4.2107e-04],
E           [-7.8412e-04],
E           [-2.4940e-04],
E           [-1.0028e-03],
E           [-1.0920e-03],
E           [ 3.2407e-04],
E           [-1.0757e-03],
E           [-5.3491e-04],
E           [-4.2476e-04],
E           [-6.8176e-04],
E           [ 1.1112e-03],
E           [-7.6399e-04],
E           [ 7.0778e-04],
E           [-4.9545e-04],
E           [ 8.2238e-04],
E           [-1.0113e-03],
E           [ 7.3359e-04],
E           [ 4.8421e-04],
E           [-6.6222e-04],
E           [-6.0221e-04],
E           [ 2.1946e-04],
E           [-9.7796e-04],
E           [ 7.8880e-04],
E           [ 9.0987e-05],
E           [ 7.5697e-04],
E           [-8.7017e-05],
E           [ 1.1294e-03],
E           [ 4.0817e-04],
E           [-8.7340e-05],
E           [ 1.1033e-03],
E           [ 1.1657e-03],
E           [ 9.4820e-04],
E           [ 3.1467e-04],
E           [ 8.9374e-06],
E           [-1.0429e-03],
E           [-4.5352e-04],
E           [ 4.0039e-04],
E           [ 1.9566e-04],
E           [-1.1251e-03],
E           [-4.3408e-04],
E           [-9.6969e-04],
E           [-7.5582e-04],
E           [ 3.4798e-04],
E           [-6.7389e-04],
E           [ 2.5068e-04],
E           [ 2.4991e-04],
E           [-9.0436e-04],
E           [ 4.8156e-04],
E           [-6.7424e-05],
E           [ 3.6600e-04],
E           [ 9.1096e-04],
E           [-1.0610e-03],
E           [-4.9247e-04],
E           [ 3.6190e-04],
E           [ 9.2238e-04],
E           [-6.3767e-04],
E           [ 1.1626e-03],
E           [-7.2420e-04],
E           [-9.6807e-04],
E           [-6.9324e-04],
E           [-1.1370e-03],
E           [ 2.8075e-05],
E           [-9.4247e-05],
E           [ 3.9725e-04],
E           [ 8.8459e-04],
E           [-3.7960e-04],
E           [ 1.1148e-03],
E           [ 1.1049e-03],
E           [ 6.2722e-04],
E           [ 9.4810e-04],
E           [-6.9586e-04],
E           [-7.2250e-04],
E           [ 1.1147e-03],
E           [-2.2593e-04],
E           [ 1.1886e-03],
E           [ 6.6828e-04],
E           [ 9.6909e-04],
E           [-1.1617e-03],
E           [-9.8795e-04],
E           [-6.0572e-04],
E           [ 1.1823e-03],
E           [-7.8944e-04],
E           [-5.6369e-04],
E           [ 7.1897e-04],
E           [ 1.1789e-03],
E           [ 6.0114e-04],
E           [-1.1346e-03],
E           [ 9.4915e-04],
E           [-1.0454e-03],
E           [ 5.5786e-04],
E           [-6.2759e-04],
E           [-6.0456e-05],
E           [ 2.9991e-04],
E           [-1.0931e-03],
E           [-9.0845e-04],
E           [-1.8407e-04],
E           [-8.8243e-04],
E           [-9.5323e-04],
E           [-3.1904e-05],
E           [-4.0038e-04],
E           [ 1.0891e-03],
E           [-6.0751e-04],
E           [-1.0654e-03],
E           [-4.2539e-04],
E           [-7.2952e-04],
E           [-9.9183e-04],
E           [-2.7170e-04],
E           [-3.1680e-04],
E           [ 6.4276e-04],
E           [ 6.2165e-04],
E           [ 1.7435e-04],
E           [ 2.9566e-04],
E           [ 4.9640e-04],
E           [-2.7659e-04],
E           [ 5.9290e-04],
E           [ 3.1807e-04],
E           [-2.0470e-04],
E           [-1.1253e-03],
E           [ 3.6459e-04],
E           [ 4.9199e-04],
E           [-1.1947e-03],
E           [-6.6882e-04],
E           [ 2.8859e-04],
E           [ 9.6442e-04],
E           [ 2.5336e-04],
E           [ 1.0831e-03],
E           [-9.5447e-04],
E           [-1.0068e-03],
E           [ 6.6684e-04],
E           [ 6.9535e-04],
E           [ 8.7390e-04],
E           [ 3.3801e-04],
E           [ 2.7354e-04],
E           [-9.7083e-04],
E           [-9.6233e-04],
E           [ 9.9172e-04],
E           [-1.0634e-03],
E           [ 7.6708e-04],
E           [ 7.3329e-04],
E           [ 2.3058e-04],
E           [-2.8844e-04],
E           [ 2.0579e-04],
E           [-9.0456e-04],
E           [ 1.7040e-04],
E           [-1.1772e-03],
E           [ 3.9465e-04],
E           [ 2.4233e-05],
E           [ 3.7440e-04],
E           [-2.4572e-04],
E           [ 4.3071e-04],
E           [-3.9311e-04],
E           [-3.1022e-04],
E           [-1.9959e-04],
E           [ 5.1954e-04],
E           [ 7.3374e-04],
E           [-7.4461e-04],
E           [-7.1466e-04],
E           [-3.6193e-05],
E           [-9.0096e-04],
E           [-3.3516e-04],
E           [ 2.9781e-04],
E           [-5.5589e-04],
E           [-7.3699e-04],
E           [-6.8070e-04],
E           [-3.4904e-04],
E           [-7.7484e-04],
E           [ 2.1662e-04],
E           [-5.1099e-04],
E           [-9.7268e-04],
E           [-2.5265e-04],
E           [ 6.8219e-04],
E           [-3.9297e-04],
E           [-7.5103e-04],
E           [ 6.1475e-04],
E           [ 4.7050e-05],
E           [-5.1882e-04],
E           [-1.1395e-03],
E           [ 6.5409e-04],
E           [ 2.4803e-04],
E           [ 9.5132e-05],
E           [-4.8358e-04],
E           [-5.9369e-04],
E           [ 7.7314e-04],
E           [-1.1617e-03],
E           [ 2.5583e-04],
E           [-6.8050e-04],
E           [ 1.5843e-04],
E           [ 4.5323e-04],
E           [ 7.6080e-04],
E           [ 1.1721e-03],
E           [ 3.1392e-05],
E           [-7.3764e-04],
E           [ 1.0422e-03],
E           [ 5.2880e-04],
E           [ 3.1414e-04],
E           [ 1.0076e-03],
E           [-8.4357e-05],
E           [-4.8188e-05],
E           [-7.9239e-04],
E           [ 5.2593e-04],
E           [-2.2014e-04],
E           [-7.7966e-04],
E           [-7.3919e-04],
E           [ 1.0368e-03],
E           [ 6.6758e-04],
E           [ 8.5804e-04],
E           [-1.1288e-03],
E           [ 1.4771e-05],
E           [-7.6720e-04],
E           [ 8.4362e-04],
E           [ 2.6986e-04],
E           [-4.0020e-05],
E           [-7.4817e-05],
E           [-4.0996e-04],
E           [ 8.9249e-04],
E           [ 7.4926e-04],
E           [-2.5006e-04],
E           [ 7.0047e-05],
E           [ 1.1623e-03],
E           [ 1.0125e-03],
E           [ 3.9804e-04],
E           [-6.8237e-04],
E           [ 9.1678e-04],
E           [-1.0652e-03],
E           [-1.1658e-04],
E           [-4.9908e-05],
E           [-1.0945e-03],
E           [ 1.0700e-03],
E           [ 1.4384e-04],
E           [ 8.9426e-04],
E           [ 8.8396e-04],
E           [ 1.0857e-04],
E           [ 4.6155e-04],
E           [-8.7203e-04],
E           [-3.7586e-04],
E           [-6.5365e-04],
E           [-8.8356e-05],
E           [-8.2724e-04],
E           [ 3.4202e-05],
E           [-9.6870e-04],
E           [ 6.8278e-04],
E           [ 8.6071e-04],
E           [ 3.5981e-04],
E           [-3.8526e-04],
E           [ 2.1998e-04],
E           [ 1.1860e-03],
E           [ 1.1099e-03],
E           [ 1.1648e-03],
E           [-7.6097e-04],
E           [-5.1815e-04],
E           [ 4.1096e-04],
E           [ 2.2263e-04],
E           [ 1.0525e-03],
E           [ 8.4277e-04],
E           [ 1.1135e-03],
E           [-2.3312e-04],
E           [-3.0435e-04],
E           [ 3.1218e-04],
E           [ 1.5714e-04],
E           [ 2.7462e-04],
E           [ 7.9301e-04],
E           [-2.0685e-04],
E           [ 1.0548e-03],
E           [-1.0048e-03],
E           [ 9.0674e-04],
E           [ 1.3555e-04],
E           [ 9.5838e-04],
E           [-2.8413e-04],
E           [-1.0848e-03],
E           [-4.9087e-04],
E           [ 9.0853e-04],
E           [ 6.2554e-04],
E           [-7.9189e-04],
E           [-3.2437e-04],
E           [ 1.1212e-04],
E           [ 3.6055e-04],
E           [ 2.5846e-04],
E           [ 6.3251e-04],
E           [-2.9646e-04],
E           [-1.1748e-03],
E           [ 1.1125e-04],
E           [-9.3584e-04],
E           [ 1.5584e-04],
E           [ 7.3483e-04],
E           [ 5.9440e-04],
E           [-1.0845e-03],
E           [ 7.9027e-04],
E           [ 1.9212e-04],
E           [-4.2931e-04],
E           [-4.3634e-04],
E           [-2.0303e-04],
E           [ 9.7014e-04],
E           [-1.8364e-04],
E           [ 7.2683e-04],
E           [-1.7701e-04],
E           [-2.3049e-04],
E           [-1.1213e-03],
E           [ 1.4793e-05],
E           [-1.1642e-03],
E           [ 9.2037e-04],
E           [ 3.5004e-04],
E           [-4.6369e-04],
E           [-4.7432e-04],
E           [ 1.1081e-03],
E           [-9.2079e-04],
E           [ 9.1427e-04],
E           [ 5.7282e-04],
E           [-5.7612e-04],
E           [-6.7425e-04],
E           [ 7.8529e-04],
E           [-1.8473e-04],
E           [-2.2881e-04],
E           [-7.0000e-04],
E           [-4.8453e-05],
E           [-1.0590e-03],
E           [-1.0891e-03],
E           [-4.3539e-04],
E           [ 1.9816e-04],
E           [-1.1690e-03],
E           [-8.5942e-04],
E           [ 1.6094e-04],
E           [-8.8470e-04],
E           [ 4.3641e-04],
E           [-6.9770e-04],
E           [-5.9394e-04],
E           [ 1.0857e-04],
E           [-1.1820e-03],
E           [ 6.3206e-04],
E           [ 7.7069e-04],
E           [ 2.1136e-04],
E           [ 4.0857e-05],
E           [-5.3519e-04],
E           [ 5.3633e-04],
E           [-1.0198e-03],
E           [ 5.8728e-04],
E           [-3.8493e-04],
E           [-6.3429e-04],
E           [ 1.1428e-03],
E           [ 2.8537e-04],
E           [-5.9171e-04],
E           [-9.4065e-04],
E           [-1.0582e-03],
E           [-4.5989e-04],
E           [ 8.5322e-04],
E           [-7.9845e-04],
E           [ 7.9598e-04],
E           [ 8.0346e-04],
E           [-6.8725e-04],
E           [ 1.0208e-03],
E           [ 9.7860e-04],
E           [-1.9438e-04],
E           [ 8.7995e-04],
E           [-2.3056e-04],
E           [-9.7834e-04],
E           [-1.4407e-05],
E           [-5.7825e-04],
E           [ 1.1145e-04],
E           [ 4.1505e-04],
E           [ 7.7960e-04],
E           [-6.7189e-04],
E           [-6.9578e-04],
E           [-8.4154e-04],
E           [-6.0254e-04],
E           [-1.1578e-03],
E           [ 8.2387e-04],
E           [-7.5427e-04],
E           [-6.9299e-04],
E           [ 1.0821e-03],
E           [ 1.0993e-03],
E           [-4.4392e-04],
E           [ 2.5312e-04],
E           [ 7.6663e-05],
E           [-5.4141e-04],
E           [-3.4906e-04],
E           [-7.2350e-05],
E           [-1.1237e-03],
E           [ 6.3129e-04],
E           [-8.7914e-04],
E           [-8.3048e-04],
E           [-8.3768e-04],
E           [-6.5846e-04],
E           [-2.2295e-04],
E           [-1.0490e-04],
E           [ 4.5744e-04],
E           [-1.6256e-05],
E           [ 6.3820e-04],
E           [ 1.7248e-04],
E           [-4.9523e-04],
E           [-3.6191e-04],
E           [ 1.6267e-04],
E           [ 7.7629e-05],
E           [ 3.8016e-04],
E           [-8.8372e-04],
E           [-6.1774e-04],
E           [-5.7893e-04],
E           [-1.4673e-04],
E           [-5.6024e-04],
E           [-3.7535e-04],
E           [-3.7281e-04],
E           [-1.5692e-04],
E           [ 2.0361e-04],
E           [ 7.6058e-05],
E           [-2.4693e-04],
E           [ 4.6911e-04],
E           [-2.0914e-04],
E           [ 3.5653e-04],
E           [ 9.6448e-04],
E           [ 6.7293e-04],
E           [-1.0526e-03],
E           [ 7.2901e-04],
E           [ 1.1880e-03],
E           [-1.0947e-04],
E           [-9.6811e-05],
E           [-9.9758e-04],
E           [ 7.2625e-04],
E           [-1.0588e-03],
E           [-6.9298e-04],
E           [-8.0161e-05],
E           [-1.9352e-04],
E           [-4.7578e-05],
E           [-1.0101e-03],
E           [-1.5899e-04],
E           [ 5.3193e-04],
E           [-5.7654e-04],
E           [ 1.1566e-06],
E           [-3.7978e-04],
E           [-1.0892e-03],
E           [ 3.6190e-05],
E           [-1.0986e-03],
E           [ 5.9852e-04],
E           [ 3.7530e-04],
E           [ 3.3572e-05],
E           [ 3.4304e-04],
E           [ 2.4450e-04],
E           [-4.4667e-04],
E           [ 9.9979e-04],
E           [-1.6591e-04],
E           [ 7.4303e-04],
E           [-5.8346e-04],
E           [-8.3251e-04],
E           [ 1.1323e-03],
E           [ 3.7603e-04],
E           [-3.1509e-04],
E           [ 9.2841e-04],
E           [ 9.1411e-05],
E           [ 3.4978e-04],
E           [-5.5321e-04],
E           [ 9.8510e-04],
E           [ 9.3112e-04],
E           [ 8.1860e-04],
E           [-4.9822e-04]]), 'outputSpace.linear1.biasWeight': tensor([[0.]]), 'outputSpace.linear1.bias': tensor([1.]), 'outputSpace.linear1.var': tensor([0.]), 'outputSpace.linear1.sigma': tensor([0.]), 'outputSpace.linear1.sigma_mean': tensor([0.]), 'outputSpace.linear1.sigma_step': tensor(0), 'outputSpace.linear2.W': tensor([[-5.7494e-01, -1.4830e-01,  2.3718e-01, -8.0456e-01,  8.1614e-01,
E             3.1202e-01,  4.2141e-01,  5.0985e-01, -9.1243e-01,  2.0993e-01,
E             6.6290e-02, -1.5083e-01, -9.5215e-01, -7.5887e-01, -7.1465e-01,
E             6.3552e-01, -5.9427e-01,  6.7449e-01,  2.4325e-01,  3.2973e-01,
E             4.4645e-01, -6.1735e-01,  2.6808e-01, -1.6063e-01,  1.2900e-01,
E            -6.2971e-01, -9.8861e-01,  8.4729e-01,  8.8643e-01,  6.5396e-01,
E             9.1895e-01, -7.3692e-01, -9.2663e-01, -1.4900e-01,  6.2095e-01,
E            -7.6397e-01, -2.4781e-01, -9.8122e-01, -7.2218e-01,  4.5076e-01,
E             3.9098e-01, -8.3927e-02, -2.7974e-01, -1.1775e-01, -9.1031e-01,
E             3.3829e-01,  4.4394e-01,  2.7800e-01, -1.5757e-01,  8.5457e-01,
E             1.4553e-01,  4.6694e-01, -8.2509e-02,  7.8358e-01,  8.3178e-01,
E            -2.8673e-01,  6.4226e-01, -2.5874e-01,  3.1040e-01, -4.4976e-01,
E             8.0459e-01, -8.5571e-01, -9.0192e-01,  7.4213e-01, -3.9079e-01,
E            -7.1306e-02,  7.9666e-01,  4.8660e-01, -9.6557e-01,  6.4777e-01,
E             1.4565e-01,  9.8298e-01,  7.6144e-01,  8.3275e-01,  3.9014e-01,
E            -5.4948e-01,  4.1183e-01, -9.1122e-01,  6.1692e-01,  2.8486e-02,
E             1.7310e-01,  6.1519e-01,  2.5497e-01,  6.7392e-01, -9.0594e-01,
E             9.1811e-01,  6.2221e-01,  8.8184e-02, -7.5443e-01, -8.9508e-01,
E             1.7009e-01, -6.5097e-01,  7.8278e-01,  1.3200e-01,  2.9035e-02,
E            -1.4931e-01,  8.2223e-01, -2.2688e-01, -3.3687e-01,  4.3856e-01,
E            -2.9696e-01, -3.7599e-01,  9.5140e-02, -8.0964e-01, -1.2199e-01,
E             4.9178e-01,  7.9184e-01,  4.2034e-01,  4.9824e-01, -5.9212e-01,
E            -1.4562e-01,  1.2395e-01,  9.8736e-01,  9.0799e-01,  1.4893e-01,
E             3.1842e-01,  3.8180e-01,  4.0648e-01,  8.8972e-01,  3.6484e-01,
E            -4.7319e-01,  6.6490e-01,  2.9058e-01, -8.3779e-01, -6.8517e-01,
E             2.1053e-01, -3.6654e-01, -1.3056e-01, -7.9818e-01,  6.7968e-01,
E            -8.6467e-01,  5.2624e-01, -7.1614e-01,  4.8399e-01,  9.5064e-01,
E             9.1066e-01, -2.6851e-01, -3.7620e-01, -2.4885e-02,  1.2529e-01,
E             9.1068e-01, -7.3308e-01,  7.3230e-01,  7.0701e-01,  9.4205e-01,
E            -7.8570e-01, -5.5878e-02,  4.3104e-01,  8.8985e-01,  8.5617e-01,
E             2.2466e-01, -9.0439e-01,  9.0567e-01,  8.8164e-01, -8.5959e-01,
E            -9.0744e-01,  5.0664e-01,  8.3552e-01, -9.9605e-01, -7.8100e-01,
E             1.5670e-01, -2.1123e-01, -7.6078e-01,  8.3029e-01, -3.5531e-01,
E            -2.5449e-01, -7.1869e-03, -2.3595e-01, -4.7108e-01, -9.9373e-01,
E            -4.4078e-01, -6.7034e-01, -4.3080e-01,  6.2452e-01, -5.1422e-01,
E            -3.7161e-01,  7.6226e-01,  4.1743e-01, -1.0011e-01, -8.6678e-01,
E             7.7281e-03, -4.4409e-01, -5.8762e-01,  3.8111e-01,  3.7737e-01,
E            -4.8509e-01,  7.2249e-02,  6.2684e-01,  2.7167e-01,  1.9989e-01,
E            -2.5576e-03, -5.3054e-01, -4.9579e-01,  2.1495e-01,  4.5804e-01,
E            -1.9616e-01, -4.5899e-01,  8.9940e-01,  1.7664e-01,  3.3882e-01,
E             3.8596e-01, -9.7057e-01,  5.3547e-01, -1.5835e-01,  4.3891e-01,
E            -1.8997e-01,  4.2899e-01,  5.9773e-01,  9.1921e-01, -3.2751e-01,
E             5.4761e-02, -2.1572e-01,  6.9859e-01, -1.2032e-01, -4.7004e-01,
E            -8.7508e-01,  4.4311e-01,  3.7231e-01, -3.5023e-01, -6.0343e-01,
E             8.6408e-01,  2.4935e-01,  5.3700e-01, -5.6037e-01,  6.3671e-01,
E             7.3983e-02,  6.3295e-02, -7.9083e-02,  9.5514e-01, -9.5917e-01,
E            -2.9918e-01, -1.8942e-01, -7.1698e-01,  2.9517e-01,  9.8631e-02,
E            -8.2077e-01, -3.4438e-01, -7.5790e-01, -8.2558e-01,  6.7707e-02,
E             8.3054e-01, -9.6255e-01,  6.1967e-01,  1.0009e-01,  8.6009e-01,
E             7.2793e-01, -8.1844e-01,  7.3018e-02, -6.2763e-01,  3.7049e-01,
E             4.4993e-02,  3.8278e-01,  6.0539e-01, -2.5086e-01, -5.0133e-01,
E             3.9679e-01,  6.2753e-01, -6.7159e-01,  8.5596e-01,  3.7968e-01,
E             3.5690e-01, -3.2632e-01,  9.4006e-01,  5.7438e-01,  9.8747e-01,
E             2.6345e-01, -5.8753e-02, -5.4942e-01, -3.9753e-01, -2.1871e-01,
E            -5.9910e-02, -5.1211e-02,  4.6760e-01,  9.6329e-01, -8.4115e-01,
E             5.3565e-01,  3.4501e-01,  6.0939e-01, -4.7656e-01, -1.5537e-02,
E             3.6900e-01, -4.0774e-01,  8.1117e-01, -7.3110e-01, -3.2589e-01,
E             1.4418e-01,  5.8366e-01, -9.8812e-01,  8.2357e-01,  3.5869e-01,
E            -5.1549e-01,  6.7996e-01,  1.3713e-01, -9.7582e-01, -9.6343e-01,
E             1.6429e-01, -8.6128e-01, -4.5343e-01,  6.1202e-01, -3.0569e-01,
E             4.4914e-01, -5.8242e-01,  6.2853e-01,  3.9552e-01, -1.5014e-01,
E            -1.1880e-01, -5.3052e-01,  4.0306e-01,  1.2805e-01,  7.8652e-01,
E             8.2906e-02,  5.4244e-01, -3.8228e-02,  6.2518e-01, -1.7493e-01,
E            -9.7813e-01, -6.6735e-01,  9.0238e-01, -6.1468e-01, -3.6974e-01,
E             1.4667e-02,  5.7102e-01, -7.5807e-01,  6.3419e-01, -9.7685e-01,
E             8.9375e-01,  2.4172e-01, -9.6412e-01,  1.6570e-01,  4.6971e-01,
E             3.5264e-01, -1.5569e-01, -5.4145e-01, -8.8127e-01,  3.1586e-01,
E             9.4386e-01,  6.7347e-02, -7.1609e-01, -9.4668e-01,  9.0186e-01,
E             4.2259e-01,  4.2084e-01,  8.7179e-01,  7.0026e-01,  6.1564e-01,
E             1.9118e-01,  4.6474e-01, -7.6388e-02,  9.5458e-01, -1.9265e-01,
E             3.8282e-01,  4.5510e-01, -2.3206e-01,  6.3546e-01,  7.4160e-01,
E            -7.1921e-01,  5.6519e-01, -5.7260e-02,  8.6385e-01,  1.2243e-01,
E            -6.0920e-01, -2.2670e-01,  9.5589e-01, -7.2838e-02,  5.7333e-01,
E             3.4173e-01, -7.9588e-01, -8.8605e-01,  7.7459e-01,  1.0744e-01,
E            -1.8792e-01,  5.3789e-01,  1.7173e-01, -1.7028e-01,  8.3695e-01,
E             7.3777e-01, -1.8925e-01, -7.1229e-02,  8.1723e-01, -3.1978e-01,
E             4.7232e-01, -6.6937e-01,  7.6420e-01,  3.4585e-01, -9.6004e-01,
E            -5.3746e-01, -4.3595e-01,  1.5798e-01,  2.0247e-01, -7.9799e-01,
E             6.8548e-01,  4.6979e-01,  4.1278e-01,  2.3188e-01,  9.5555e-02,
E            -3.4481e-01, -2.2044e-01, -8.0602e-01, -5.2220e-01,  6.7921e-01,
E             9.7214e-01,  3.8350e-01, -2.1395e-01, -9.6570e-01,  4.9946e-01,
E            -4.6964e-01,  7.0884e-01,  8.6112e-01,  5.6526e-01,  8.3303e-01,
E            -5.2144e-01, -6.4732e-01,  1.5131e-01,  2.8634e-02,  1.1630e-01,
E            -3.4036e-01,  7.1738e-01, -8.9091e-01, -7.4867e-01, -6.1260e-01,
E            -8.0743e-01, -7.5155e-01, -3.2050e-01,  9.6231e-01,  3.1317e-01,
E             2.3261e-02,  3.1359e-02,  2.2917e-01, -1.1640e-01, -7.4231e-01,
E            -1.1788e-01,  7.2930e-01,  8.3141e-01, -9.4860e-02, -4.8847e-02,
E            -4.1608e-01, -3.9738e-01, -6.9985e-01,  1.1108e-01, -4.0691e-01,
E            -5.7881e-01,  4.7404e-01, -5.2837e-01, -1.4908e-01,  3.2386e-01,
E             7.5085e-01,  7.8729e-01, -6.5190e-01, -2.7646e-01,  1.1335e-01,
E             2.2608e-01,  6.2448e-01,  4.9453e-01,  8.9299e-01, -8.4987e-01,
E            -8.7120e-01,  2.8050e-01, -4.3127e-01, -9.9652e-01,  2.2525e-01,
E            -9.5036e-02,  7.5636e-01, -6.3315e-01,  9.8753e-01,  7.4996e-01,
E             7.6138e-01, -2.0099e-01,  6.1584e-01, -2.9213e-02,  3.2748e-02,
E             4.4351e-01,  8.3093e-01, -4.0419e-02, -5.4715e-01,  2.3817e-01,
E            -9.3801e-02, -9.6917e-01,  2.9805e-01, -5.0244e-01,  1.9007e-01,
E             2.8976e-01,  3.8564e-01, -9.2136e-01, -7.0034e-01,  2.9591e-01,
E             2.5072e-01,  1.3745e-01, -3.4917e-01,  4.1223e-01,  9.7060e-01,
E            -2.8608e-01,  6.4731e-01,  7.5078e-01,  9.6740e-02,  4.3396e-01,
E            -4.6234e-01,  4.8007e-01, -2.9368e-01, -1.4090e-01,  3.4252e-01,
E            -5.8318e-01,  4.2371e-01,  1.7781e-01, -1.5182e-01,  6.5814e-01,
E             5.9413e-01, -3.9737e-01,  5.2004e-01,  3.2496e-01, -3.2157e-01,
E            -6.6377e-01, -1.0959e-01, -9.8959e-01, -1.6951e-01, -3.5988e-01,
E            -4.6889e-01, -1.4268e-01, -7.3810e-01,  3.7681e-01,  5.7632e-02,
E            -4.2861e-01, -7.1630e-02,  3.1696e-01,  9.0849e-01,  8.4130e-01,
E            -8.0841e-01, -5.2566e-01,  3.6085e-01, -8.6437e-01,  6.9087e-01,
E            -9.7492e-01, -3.6550e-01,  5.5146e-01, -9.2944e-01, -2.3353e-01,
E             7.7924e-01, -7.6794e-01, -4.4466e-01,  7.1251e-01,  9.3661e-01,
E             5.7886e-01,  7.2322e-01,  2.5406e-01,  5.9971e-02,  4.8793e-01,
E             4.9111e-01,  4.5847e-01,  3.8154e-01,  5.4414e-02, -2.7050e-01,
E            -5.9819e-01,  5.5177e-02, -3.0361e-01,  4.2459e-02, -2.4499e-01,
E             7.3498e-01, -4.8346e-01,  4.4317e-02, -9.8761e-01, -6.8864e-01,
E            -7.5422e-01, -8.4812e-01, -1.4405e-01,  4.9669e-01, -1.2339e-01,
E             1.1446e-02, -8.2942e-01,  1.1777e-01,  3.5602e-01, -1.7466e-01,
E             1.2484e-01, -5.3322e-01, -2.1117e-01,  7.3501e-01, -2.6631e-02,
E             7.7476e-01, -3.3133e-01, -4.5606e-01, -2.8491e-01,  4.8662e-01,
E            -4.3418e-01, -6.5372e-01, -6.3264e-02,  9.0170e-01, -4.6882e-01,
E             7.2065e-01,  4.2064e-02, -2.6482e-01,  7.0631e-01, -9.9258e-01,
E            -7.7194e-01, -2.2520e-01, -8.0708e-01,  7.6025e-01,  4.7059e-01,
E            -9.6077e-01,  5.4565e-01,  8.6940e-01,  8.3418e-01,  8.3579e-01,
E             4.4244e-01,  7.5272e-01, -9.2924e-01, -5.9223e-01,  1.2714e-01,
E             8.4887e-01,  3.7980e-01, -6.8686e-01, -1.9368e-01, -4.3699e-01,
E            -8.4539e-01,  7.6979e-01, -5.9986e-01,  6.3404e-01,  4.7470e-01,
E            -5.6178e-01, -7.3543e-01, -3.0752e-01, -9.3752e-01,  6.1027e-01,
E             5.9978e-01, -4.1022e-01, -5.9012e-01, -2.8131e-01, -7.4645e-02,
E            -5.6319e-01, -2.1747e-01, -7.5780e-01,  2.2811e-01,  1.8547e-01,
E             1.2589e-01,  9.8542e-03,  3.8604e-01,  2.0728e-02, -9.8155e-02,
E            -9.3302e-01, -8.4863e-01,  1.5951e-01, -8.7274e-01, -9.0069e-01,
E             1.2056e-01, -2.4024e-01, -1.5831e-01,  4.1426e-01,  2.9940e-01,
E            -6.7301e-02, -5.6859e-01, -7.3925e-01, -6.8260e-01,  5.5705e-01,
E            -2.6539e-01, -2.8877e-01,  3.8255e-01, -9.3713e-01, -4.6319e-01,
E             1.1764e-01, -7.8063e-01, -9.0780e-01,  9.8643e-01, -6.5672e-01,
E             1.3872e-01,  4.5050e-01,  6.1154e-04,  7.9723e-01,  6.4031e-01,
E             6.8553e-01,  6.1075e-01,  9.5183e-01, -4.5552e-01, -5.0344e-01,
E             6.5605e-01,  5.0076e-01,  5.4330e-01,  4.4784e-01, -7.3837e-01,
E             4.7720e-01, -9.7731e-02, -1.3806e-01,  8.0613e-01,  4.3632e-01,
E            -1.1122e-02,  2.0985e-01, -2.6269e-01,  5.9607e-01, -5.5075e-01,
E             7.9904e-01, -4.1020e-01,  1.4737e-01,  3.0587e-01, -7.1100e-01,
E             7.7553e-01,  9.3539e-01, -5.6896e-01, -6.6390e-01, -4.7627e-01,
E             8.7663e-01,  4.8418e-01, -3.9450e-01,  6.2072e-01,  3.2490e-01,
E            -1.7722e-01,  6.8600e-01, -2.9425e-01,  8.7419e-02, -3.1559e-01,
E             7.6070e-01, -4.0332e-01, -4.5514e-01,  6.0624e-01, -9.2878e-01,
E            -8.0297e-01, -1.3500e-01, -2.5823e-01,  9.9038e-01,  3.3444e-02,
E            -1.9443e-01, -9.8796e-02, -9.2319e-01,  8.6187e-01, -2.8403e-01,
E             4.5965e-01, -3.2602e-01,  3.7928e-01,  1.7344e-01,  8.3319e-01,
E             1.4002e-01,  7.6452e-01,  2.5793e-01,  6.8468e-01,  9.8268e-01,
E             2.9971e-01,  5.0696e-01, -2.6545e-01,  5.2675e-01,  2.6720e-02,
E            -2.0181e-01, -5.3517e-01, -1.5622e-01,  1.1683e-01, -5.2637e-01,
E            -2.7061e-01, -9.7208e-01, -8.6023e-01, -7.1901e-01, -9.7086e-01,
E             8.8700e-01, -5.8532e-01,  6.3899e-01,  7.8459e-01, -6.8067e-01,
E            -2.9463e-01, -4.3778e-01, -4.5542e-01, -7.7412e-01, -1.6540e-01,
E             5.0055e-01,  3.2986e-01,  1.3701e-01, -9.9040e-01, -6.1635e-02,
E            -7.0857e-01, -8.8068e-01,  1.6927e-01, -5.0906e-01,  9.9387e-01,
E             1.1963e-01,  9.1729e-01, -8.5839e-02,  5.5348e-01,  7.3756e-01,
E             5.7944e-02, -1.3658e-02, -6.9982e-01,  5.1937e-01,  8.1901e-01,
E             8.4470e-01,  6.2121e-01, -5.4302e-01,  5.3288e-03, -1.2349e-01,
E            -5.6393e-01, -5.2022e-01,  2.1489e-01,  7.3597e-01,  6.9117e-02,
E             1.7113e-01, -2.8572e-02, -2.6086e-01,  9.3297e-01, -8.5428e-01,
E            -7.0250e-01,  1.8482e-01, -3.9178e-01,  4.9665e-01, -5.7078e-02,
E            -1.1618e-01,  2.0857e-01, -9.0748e-01, -9.0908e-02,  1.8042e-01,
E             6.5082e-02, -3.3384e-01, -2.6331e-02, -5.8542e-01, -6.5457e-01,
E            -7.1901e-01, -1.5630e-01, -8.1655e-01, -7.5917e-01,  1.0532e-01,
E            -5.5937e-01,  4.5573e-01,  4.1027e-01,  5.9578e-01, -1.6912e-02,
E            -6.3978e-01, -2.9654e-01, -6.9593e-01, -6.1388e-01, -3.4200e-01,
E             2.6805e-01,  2.5977e-01,  2.4613e-01, -8.6833e-01, -7.7755e-01,
E            -1.0763e-01, -7.2574e-02,  7.4465e-03,  2.7835e-01, -6.4336e-01,
E            -7.1437e-01,  7.7385e-01]]), 'outputSpace.linear2.biasWeight': tensor([[0., 0., 0., 0., 0., 0., 0., 0., 0., 0., 0., 0., 0., 0., 0., 0., 0., 0., 0., 0., 0., 0., 0., 0.,
E            0., 0., 0., 0., 0., 0., 0., 0., 0., 0., 0., 0., 0., 0., 0., 0., 0., 0., 0., 0., 0., 0., 0., 0.,
E            0., 0., 0., 0., 0., 0., 0., 0., 0., 0., 0., 0., 0., 0., 0., 0., 0., 0., 0., 0., 0., 0., 0., 0.,
E            0., 0., 0., 0., 0., 0., 0., 0., 0., 0., 0., 0., 0., 0., 0., 0., 0., 0., 0., 0., 0., 0., 0., 0.,
E            0., 0., 0., 0., 0., 0., 0., 0., 0., 0., 0., 0., 0., 0., 0., 0., 0., 0., 0., 0., 0., 0., 0., 0.,
E            0., 0., 0., 0., 0., 0., 0., 0., 0., 0., 0., 0., 0., 0., 0., 0., 0., 0., 0., 0., 0., 0., 0., 0.,
E            0., 0., 0., 0., 0., 0., 0., 0., 0., 0., 0., 0., 0., 0., 0., 0., 0., 0., 0., 0., 0., 0., 0., 0.,
E            0., 0., 0., 0., 0., 0., 0., 0., 0., 0., 0., 0., 0., 0., 0., 0., 0., 0., 0., 0., 0., 0., 0., 0.,
E            0., 0., 0., 0., 0., 0., 0., 0., 0., 0., 0., 0., 0., 0., 0., 0., 0., 0., 0., 0., 0., 0., 0., 0.,
E            0., 0., 0., 0., 0., 0., 0., 0., 0., 0., 0., 0., 0., 0., 0., 0., 0., 0., 0., 0., 0., 0., 0., 0.,
E            0., 0., 0., 0., 0., 0., 0., 0., 0., 0., 0., 0., 0., 0., 0., 0., 0., 0., 0., 0., 0., 0., 0., 0.,
E            0., 0., 0., 0., 0., 0., 0., 0., 0., 0., 0., 0., 0., 0., 0., 0., 0., 0., 0., 0., 0., 0., 0., 0.,
E            0., 0., 0., 0., 0., 0., 0., 0., 0., 0., 0., 0., 0., 0., 0., 0., 0., 0., 0., 0., 0., 0., 0., 0.,
E            0., 0., 0., 0., 0., 0., 0., 0., 0., 0., 0., 0., 0., 0., 0., 0., 0., 0., 0., 0., 0., 0., 0., 0.,
E            0., 0., 0., 0., 0., 0., 0., 0., 0., 0., 0., 0., 0., 0., 0., 0., 0., 0., 0., 0., 0., 0., 0., 0.,
E            0., 0., 0., 0., 0., 0., 0., 0., 0., 0., 0., 0., 0., 0., 0., 0., 0., 0., 0., 0., 0., 0., 0., 0.,
E            0., 0., 0., 0., 0., 0., 0., 0., 0., 0., 0., 0., 0., 0., 0., 0., 0., 0., 0., 0., 0., 0., 0., 0.,
E            0., 0., 0., 0., 0., 0., 0., 0., 0., 0., 0., 0., 0., 0., 0., 0., 0., 0., 0., 0., 0., 0., 0., 0.,
E            0., 0., 0., 0., 0., 0., 0., 0., 0., 0., 0., 0., 0., 0., 0., 0., 0., 0., 0., 0., 0., 0., 0., 0.,
E            0., 0., 0., 0., 0., 0., 0., 0., 0., 0., 0., 0., 0., 0., 0., 0., 0., 0., 0., 0., 0., 0., 0., 0.,
E            0., 0., 0., 0., 0., 0., 0., 0., 0., 0., 0., 0., 0., 0., 0., 0., 0., 0., 0., 0., 0., 0., 0., 0.,
E            0., 0., 0., 0., 0., 0., 0., 0., 0., 0., 0., 0., 0., 0., 0., 0., 0., 0., 0., 0., 0., 0., 0., 0.,
E            0., 0., 0., 0., 0., 0., 0., 0., 0., 0., 0., 0., 0., 0., 0., 0., 0., 0., 0., 0., 0., 0., 0., 0.,
E            0., 0., 0., 0., 0., 0., 0., 0., 0., 0., 0., 0., 0., 0., 0., 0., 0., 0., 0., 0., 0., 0., 0., 0.,
E            0., 0., 0., 0., 0., 0., 0., 0., 0., 0., 0., 0., 0., 0., 0., 0., 0., 0., 0., 0., 0., 0., 0., 0.,
E            0., 0., 0., 0., 0., 0., 0., 0., 0., 0., 0., 0., 0., 0., 0., 0., 0., 0., 0., 0., 0., 0., 0., 0.,
E            0., 0., 0., 0., 0., 0., 0., 0., 0., 0., 0., 0., 0., 0., 0., 0., 0., 0., 0., 0., 0., 0., 0., 0.,
E            0., 0., 0., 0., 0., 0., 0., 0., 0., 0., 0., 0., 0., 0., 0., 0., 0., 0., 0., 0., 0., 0., 0., 0.,
E            0., 0., 0., 0., 0., 0., 0., 0., 0., 0., 0., 0., 0., 0., 0., 0., 0., 0., 0., 0., 0., 0., 0., 0.,
E            0., 0., 0., 0., 0., 0., 0., 0., 0., 0., 0., 0., 0., 0., 0., 0., 0., 0., 0., 0., 0., 0., 0., 0.,
E            0., 0., 0., 0., 0., 0., 0., 0., 0., 0., 0., 0., 0., 0., 0., 0., 0., 0., 0., 0., 0., 0., 0., 0.,
E            0., 0., 0., 0., 0., 0., 0., 0., 0., 0., 0., 0., 0., 0., 0., 0., 0., 0., 0., 0., 0., 0., 0., 0.,
E            0., 0., 0., 0., 0., 0., 0., 0., 0., 0., 0., 0., 0., 0., 0., 0., 0., 0., 0., 0., 0., 0., 0., 0.,
E            0., 0., 0., 0., 0., 0., 0., 0., 0., 0., 0., 0., 0., 0., 0., 0., 0., 0., 0., 0., 0., 0., 0., 0.,
E            0., 0., 0., 0., 0., 0., 0., 0., 0., 0., 0., 0., 0., 0., 0., 0.]]), 'outputSpace.linear2.bias': tensor([1.]), 'outputSpace.linear2.var': tensor([0.]), 'outputSpace.linear2.sigma': tensor([0.]), 'outputSpace.linear2.sigma_mean': tensor([0.]), 'outputSpace.linear2.sigma_step': tensor(0), 'symbolSpace.subspace.layers.0.operation_layer.stop_anchor': tensor([[ 0.0243, -0.0222,  0.0232, -0.0045,  0.0109,  0.0040,  0.0140, -0.0012,
E             0.0216,  0.0004, -0.0234,  0.0020, -0.0061,  0.0218,  0.0074, -0.0223,
E             0.0110, -0.0054, -0.0314,  0.0015, -0.0139,  0.0134,  0.0075,  0.0146,
E             0.0198,  0.0027,  0.0262,  0.0255,  0.0153, -0.0285,  0.0456,  0.0286,
E             0.0275,  0.0035, -0.0120,  0.0211, -0.0048,  0.0040,  0.0231, -0.0115,
E            -0.0005, -0.0198, -0.0049,  0.0360, -0.0006,  0.0072,  0.0372,  0.0598,
E             0.0102, -0.0423, -0.0300, -0.0045,  0.0048, -0.0216,  0.0225, -0.0147,
E             0.0411, -0.0263, -0.0162,  0.0307, -0.0166, -0.0283, -0.0285,  0.0186,
E             0.0022,  0.0189,  0.0106, -0.0246,  0.0098, -0.0185,  0.0362,  0.0152,
E             0.0043,  0.0095, -0.0168, -0.0249, -0.0175, -0.0201, -0.0213,  0.0120,
E             0.0079, -0.0220, -0.0177,  0.0082, -0.0043, -0.0005, -0.0176,  0.0131,
E            -0.0423, -0.0227, -0.0381,  0.0214,  0.0200, -0.0029,  0.0075, -0.0348,
E             0.0187, -0.0124, -0.0058, -0.0083,  0.0315,  0.0288, -0.0005,  0.0346]]), 'symbolSpace.subspace.layers.0.operation_layer.reduce_anchor': tensor([[ 0.0500, -0.0163, -0.0160, -0.0126,  0.0108, -0.0312, -0.0069, -0.0112,
E            -0.0020,  0.0203, -0.0176,  0.0183,  0.0122, -0.0011, -0.0241, -0.0010,
E            -0.0217,  0.0143, -0.0091,  0.0087,  0.0092, -0.0051, -0.0094, -0.0125,
E             0.0167, -0.0247,  0.0078, -0.0220,  0.0057, -0.0044,  0.0196,  0.0101,
E            -0.0241, -0.0054,  0.0123, -0.0130, -0.0446,  0.0458, -0.0206,  0.0024,
E            -0.0218, -0.0099, -0.0193,  0.0099,  0.0174, -0.0329,  0.0291, -0.0195,
E            -0.0468,  0.0069,  0.0133,  0.0314, -0.0168,  0.0099,  0.0019, -0.0051,
E             0.0092, -0.0135, -0.0086, -0.0117,  0.0014,  0.0128,  0.0046, -0.0571,
E            -0.0126,  0.0180,  0.0169,  0.0184, -0.0006, -0.0352,  0.0273, -0.0399,
E            -0.0108,  0.0251,  0.0258, -0.0355, -0.0008, -0.0409, -0.0032, -0.0254,
E             0.0053,  0.0059,  0.0211, -0.0293, -0.0066,  0.0042, -0.0289,  0.0193,
E            -0.0096,  0.0144,  0.0283,  0.0033, -0.0063, -0.0207,  0.0082,  0.0098,
E             0.0159,  0.0257,  0.0157,  0.0151,  0.0171, -0.0035, -0.0005, -0.0004],
E           [-0.0440,  0.0125,  0.0166,  0.0210, -0.0035, -0.0036, -0.0056, -0.0320,
E             0.0107,  0.0102,  0.0242, -0.0091, -0.0260, -0.0088,  0.0028,  0.0318,
E             0.0023, -0.0469, -0.0061,  0.0081, -0.0236, -0.0159, -0.0082,  0.0249,
E            -0.0060,  0.0207,  0.0067, -0.0074,  0.0451, -0.0178,  0.0083, -0.0150,
E            -0.0282, -0.0223, -0.0043,  0.0072,  0.0136, -0.0028, -0.0457,  0.0204,
E             0.0443,  0.0195,  0.0204, -0.0135,  0.0065, -0.0342,  0.0155,  0.0371,
E            -0.0104, -0.0192, -0.0070, -0.0033,  0.0157,  0.0115,  0.0211, -0.0281,
E             0.0253, -0.0182,  0.0124, -0.0410, -0.0046, -0.0005,  0.0312,  0.0167,
E            -0.0039,  0.0163, -0.0141, -0.0257,  0.0039,  0.0159, -0.0077, -0.0050,
E             0.0034, -0.0172, -0.0134, -0.0250,  0.0040,  0.0064, -0.0059, -0.0166,
E            -0.0327,  0.0233,  0.0121,  0.0094, -0.0049,  0.0132, -0.0156, -0.0169,
E            -0.0233, -0.0392, -0.0102,  0.0158,  0.0128,  0.0053, -0.0010, -0.0049,
E             0.0007,  0.0074,  0.0220, -0.0128, -0.0188, -0.0080,  0.0249,  0.0226]]), 'symbolSpace.subspace.layers.0.operation_layer.apply_anchor': tensor([], size=(0, 104)), 'symbolSpace.subspace.layers.0.operation_layer.bracket_anchor': tensor([[0., 0., 0., 0., 0., 0., 0., 0., 0., 0., 0., 0., 0., 0., 0., 0., 0., 0., 0., 0., 0., 0., 0., 0.,
E            0., 0., 0., 0., 0., 0., 0., 0., 0., 0., 0., 0., 0., 0., 0., 0., 0., 0., 0., 0., 0., 0., 0., 0.,
E            0., 0., 0., 0., 0., 0., 0., 0., 0., 0., 0., 0., 0., 0., 0., 0., 0., 0., 0., 0., 0., 0., 0., 0.,
E            0., 0., 0., 0., 0., 0., 0., 0., 0., 0., 0., 0., 0., 0., 0., 0., 0., 0., 0., 0., 0., 0., 0., 0.,
E            0., 0., 0., 0., 0., 0., 0., 0.],
E           [0., 0., 0., 0., 0., 0., 0., 0., 0., 0., 0., 0., 0., 0., 0., 0., 0., 0., 0., 0., 0., 0., 0., 0.,
E            0., 0., 0., 0., 0., 0., 0., 0., 0., 0., 0., 0., 0., 0., 0., 0., 0., 0., 0., 0., 0., 0., 0., 0.,
E            0., 0., 0., 0., 0., 0., 0., 0., 0., 0., 0., 0., 0., 0., 0., 0., 0., 0., 0., 0., 0., 0., 0., 0.,
E            0., 0., 0., 0., 0., 0., 0., 0., 0., 0., 0., 0., 0., 0., 0., 0., 0., 0., 0., 0., 0., 0., 0., 0.,
E            0., 0., 0., 0., 0., 0., 0., 0.],
E           [0., 0., 0., 0., 0., 0., 0., 0., 0., 0., 0., 0., 0., 0., 0., 0., 0., 0., 0., 0., 0., 0., 0., 0.,
E            0., 0., 0., 0., 0., 0., 0., 0., 0., 0., 0., 0., 0., 0., 0., 0., 0., 0., 0., 0., 0., 0., 0., 0.,
E            0., 0., 0., 0., 0., 0., 0., 0., 0., 0., 0., 0., 0., 0., 0., 0., 0., 0., 0., 0., 0., 0., 0., 0.,
E            0., 0., 0., 0., 0., 0., 0., 0., 0., 0., 0., 0., 0., 0., 0., 0., 0., 0., 0., 0., 0., 0., 0., 0.,
E            0., 0., 0., 0., 0., 0., 0., 0.],
E           [0., 0., 0., 0., 0., 0., 0., 0., 0., 0., 0., 0., 0., 0., 0., 0., 0., 0., 0., 0., 0., 0., 0., 0.,
E            0., 0., 0., 0., 0., 0., 0., 0., 0., 0., 0., 0., 0., 0., 0., 0., 0., 0., 0., 0., 0., 0., 0., 0.,
E            0., 0., 0., 0., 0., 0., 0., 0., 0., 0., 0., 0., 0., 0., 0., 0., 0., 0., 0., 0., 0., 0., 0., 0.,
E            0., 0., 0., 0., 0., 0., 0., 0., 0., 0., 0., 0., 0., 0., 0., 0., 0., 0., 0., 0., 0., 0., 0., 0.,
E            0., 0., 0., 0., 0., 0., 0., 0.],
E           [0., 0., 0., 0., 0., 0., 0., 0., 0., 0., 0., 0., 0., 0., 0., 0., 0., 0., 0., 0., 0., 0., 0., 0.,
E            0., 0., 0., 0., 0., 0., 0., 0., 0., 0., 0., 0., 0., 0., 0., 0., 0., 0., 0., 0., 0., 0., 0., 0.,
E            0., 0., 0., 0., 0., 0., 0., 0., 0., 0., 0., 0., 0., 0., 0., 0., 0., 0., 0., 0., 0., 0., 0., 0.,
E            0., 0., 0., 0., 0., 0., 0., 0., 0., 0., 0., 0., 0., 0., 0., 0., 0., 0., 0., 0., 0., 0., 0., 0.,
E            0., 0., 0., 0., 0., 0., 0., 0.],
E           [0., 0., 0., 0., 0., 0., 0., 0., 0., 0., 0., 0., 0., 0., 0., 0., 0., 0., 0., 0., 0., 0., 0., 0.,
E            0., 0., 0., 0., 0., 0., 0., 0., 0., 0., 0., 0., 0., 0., 0., 0., 0., 0., 0., 0., 0., 0., 0., 0.,
E            0., 0., 0., 0., 0., 0., 0., 0., 0., 0., 0., 0., 0., 0., 0., 0., 0., 0., 0., 0., 0., 0., 0., 0.,
E            0., 0., 0., 0., 0., 0., 0., 0., 0., 0., 0., 0., 0., 0., 0., 0., 0., 0., 0., 0., 0., 0., 0., 0.,
E            0., 0., 0., 0., 0., 0., 0., 0.]]), 'symbolSpace.subspace.layers.0.operation_layer.space_prior': tensor([0., 0., 0., 0., 0., 0.]), 'symbolSpace.subspace.layers.1.truths': tensor([[0., 0., 0.,  ..., 0., 0., 0.],
E           [0., 0., 0.,  ..., 0., 0., 0.],
E           [0., 0., 0.,  ..., 0., 0., 0.],
E           ...,
E           [0., 0., 0.,  ..., 0., 0., 0.],
E           [0., 0., 0.,  ..., 0., 0., 0.],
E           [0., 0., 0.,  ..., 0., 0., 0.]]), 'symbolSpace.subspace.layers.1.count': tensor(0), 'symbolSpace.subspace.layers.1._pending_truths': tensor([[0., 0., 0.,  ..., 0., 0., 0.],
E           [0., 0., 0.,  ..., 0., 0., 0.],
E           [0., 0., 0.,  ..., 0., 0., 0.],
E           ...,
E           [0., 0., 0.,  ..., 0., 0., 0.],
E           [0., 0., 0.,  ..., 0., 0., 0.],
E           [0., 0., 0.,  ..., 0., 0., 0.]]), 'symbolSpace.subspace.layers.1._pending_trust': tensor([0., 0., 0.,  ..., 0., 0., 0.]), 'symbolSpace.subspace.layers.2.predictor.0.weight': tensor([[ 0.0198,  0.0366, -0.0313,  ...,  0.0329, -0.0186,  0.0130],
E           [ 0.0063,  0.0180,  0.0148,  ...,  0.0060, -0.0143, -0.0064],
E           [-0.0344, -0.0306, -0.0195,  ...,  0.0071, -0.0317,  0.0272],
E           ...,
E           [ 0.0259, -0.0125, -0.0201,  ..., -0.0067, -0.0051, -0.0216],
E           [-0.0263,  0.0055,  0.0322,  ...,  0.0273,  0.0361,  0.0047],
E           [-0.0064,  0.0237, -0.0104,  ..., -0.0130,  0.0084,  0.0159]]), 'symbolSpace.subspace.layers.2.predictor.0.bias': tensor([ 9.0687e-03,  7.6604e-03,  2.1360e-02,  6.4765e-03,  1.0473e-02,
E            4.2825e-03,  3.4813e-02, -2.3356e-02, -1.4327e-02,  3.1307e-02,
E           -4.0220e-03,  2.6745e-02,  2.3854e-02,  1.4651e-02,  4.6275e-03,
E            9.4107e-03,  1.4634e-02, -3.4629e-02, -3.3071e-02, -6.6196e-03,
E           -2.8680e-02,  2.5264e-02,  1.5348e-02,  3.4832e-02, -3.3692e-02,
E           -3.0254e-03,  2.3853e-02,  2.0327e-02,  6.9240e-04, -1.5760e-02,
E           -1.5821e-02,  5.6462e-03,  1.9379e-02,  4.8126e-03, -2.7561e-02,
E           -6.8344e-04,  3.4302e-02,  4.5107e-03,  3.5651e-02,  2.6274e-02,
E           -7.0187e-03,  9.0917e-03,  1.7007e-02, -1.5549e-02, -4.0100e-03,
E           -2.1476e-02, -2.6100e-02, -9.4389e-03,  1.1229e-02,  2.8164e-02,
E            2.5989e-02, -3.5504e-02,  1.9370e-02,  1.5359e-02,  2.1216e-02,
E           -1.1781e-03, -2.9974e-03, -2.4095e-02,  5.0137e-03,  1.5141e-02,
E           -8.3880e-03,  1.8686e-02, -1.4251e-04,  3.1452e-02, -1.4975e-03,
E           -1.1863e-02, -9.9442e-03, -2.0262e-02, -6.1941e-03,  5.9818e-05,
E           -2.7203e-02,  3.6243e-02,  2.8769e-02, -1.1915e-02,  9.8600e-03,
E            4.5703e-04,  3.8061e-03, -3.5961e-02,  1.3400e-02, -1.7378e-02,
E           -8.4346e-04, -3.2486e-02, -2.6800e-02, -3.1247e-02, -2.4371e-02,
E           -1.2556e-02, -1.6343e-02, -3.4523e-02,  7.4469e-03, -2.6253e-02,
E            1.1751e-02, -2.6745e-02, -1.3150e-02,  4.4642e-03,  2.4448e-02,
E            8.5911e-03,  1.4387e-02,  1.7202e-02,  2.7588e-02, -2.5574e-02,
E            1.6298e-03, -2.4317e-02, -2.5413e-02, -6.3056e-03, -1.7302e-02,
E            2.0609e-02, -1.5462e-02, -2.2090e-02, -2.5215e-02,  2.4721e-02,
E           -1.6694e-02, -1.8426e-02,  1.1045e-02, -1.3974e-02,  2.2802e-02,
E            3.4013e-03, -3.2388e-02,  1.1047e-02,  8.3362e-03,  1.9457e-02,
E           -5.9425e-03, -3.5403e-02,  6.0188e-03,  1.9798e-02, -1.1192e-02,
E           -8.9500e-03, -5.5277e-03,  8.1688e-03, -3.6227e-02,  2.8415e-02,
E           -1.0962e-02, -3.3577e-02, -1.0622e-03, -2.8886e-02, -7.1151e-03,
E           -3.0039e-02,  1.6868e-02, -1.2712e-02,  1.1547e-03, -2.7882e-02,
E            3.1189e-02,  3.5789e-02,  1.1795e-02,  3.0120e-02,  7.5350e-03,
E            6.7199e-03, -3.5327e-03, -3.3960e-02,  1.5170e-02, -3.3055e-02,
E            1.1546e-02,  1.6827e-02, -1.0207e-02,  1.5294e-02,  4.5082e-03,
E           -8.8206e-03,  2.1162e-02, -2.2512e-02,  1.3796e-02, -2.3903e-02,
E           -3.5067e-02,  6.8971e-03, -2.7898e-02, -2.6850e-02, -7.9923e-03,
E            5.7308e-03, -2.9604e-02,  3.4408e-02,  2.0338e-02, -3.7041e-04,
E           -5.4684e-03, -2.2515e-02,  1.2555e-02, -1.8105e-02, -2.9921e-02,
E           -2.7523e-02,  2.8487e-02, -1.2441e-02,  2.7266e-03,  1.1596e-03,
E           -1.2405e-02,  3.2050e-02,  3.5794e-02, -2.9634e-02,  3.2922e-02,
E            1.1100e-02, -3.3787e-02,  2.2190e-02,  1.5824e-02, -1.6440e-02,
E           -5.2729e-03, -1.4847e-02,  1.6605e-03,  3.6692e-02,  2.9045e-02,
E           -1.1489e-03,  3.6870e-02,  1.5010e-03,  4.2054e-03, -3.6756e-02,
E           -8.6071e-03, -2.9784e-03,  2.6769e-02,  1.2540e-02, -2.2497e-02,
E           -2.4271e-02, -7.2111e-03,  1.2836e-02]), 'symbolSpace.subspace.layers.2.predictor.2.weight': tensor([[ 0.0292, -0.0579,  0.0253,  ..., -0.0244, -0.0182,  0.0685],
E           [-0.0373, -0.0568, -0.0406,  ..., -0.0607, -0.0492, -0.0409],
E           [ 0.0453,  0.0502,  0.0351,  ...,  0.0363,  0.0018, -0.0680],
E           ...,
E           [-0.0535,  0.0152, -0.0665,  ..., -0.0040, -0.0406, -0.0660],
E           [ 0.0494, -0.0458,  0.0526,  ...,  0.0129, -0.0180, -0.0625],
E           [ 0.0206, -0.0611,  0.0034,  ...,  0.0173, -0.0228,  0.0133]]), 'symbolSpace.subspace.layers.2.predictor.2.bias': tensor([ 0.0275, -0.0592,  0.0600,  0.0119, -0.0115,  0.0688,  0.0689,  0.0558,
E           -0.0610, -0.0453,  0.0672, -0.0560, -0.0321,  0.0223,  0.0386, -0.0106,
E           -0.0145, -0.0588, -0.0494, -0.0022,  0.0393, -0.0217,  0.0693, -0.0552,
E            0.0406, -0.0104, -0.0336,  0.0619, -0.0441,  0.0670, -0.0134,  0.0221,
E           -0.0071, -0.0373, -0.0364, -0.0500, -0.0351,  0.0068, -0.0138,  0.0298,
E            0.0044, -0.0038, -0.0088,  0.0693,  0.0171,  0.0267, -0.0603,  0.0353,
E           -0.0022,  0.0089, -0.0025,  0.0325,  0.0423,  0.0653, -0.0085, -0.0099,
E           -0.0200,  0.0196, -0.0084,  0.0160, -0.0403, -0.0027, -0.0575, -0.0222,
E            0.0273, -0.0158, -0.0479, -0.0197,  0.0216,  0.0297, -0.0681, -0.0629,
E           -0.0239, -0.0528, -0.0335, -0.0499,  0.0026, -0.0263,  0.0470, -0.0295,
E            0.0052,  0.0420, -0.0597, -0.0003,  0.0193,  0.0506,  0.0463,  0.0186,
E           -0.0278,  0.0489, -0.0676, -0.0066,  0.0393,  0.0484, -0.0124, -0.0378,
E           -0.0649,  0.0087, -0.0069,  0.0105, -0.0469,  0.0222,  0.0395, -0.0356]), 'symbolSpace.subspace.layers.2._inter_predictor.kind_weight': tensor([0., 0., 0., 0., 0., 0., 0., 0., 0., 0., 0., 0., 0., 0., 0., 0., 0., 0., 0., 0., 0., 0., 0., 0.,
E           0., 0., 0., 0., 0., 0., 0., 0., 0., 0., 0., 0., 0., 0., 0., 0., 0., 0., 0., 0., 0., 0., 0., 0.,
E           0., 0., 0., 0., 0., 0., 0., 0., 0., 0., 0., 0., 0., 0., 0., 0., 0., 0., 0., 0., 0., 0., 0., 0.,
E           0., 0., 0., 0., 0., 0., 0., 0., 0., 0., 0., 0., 0., 0., 0., 0., 0., 0., 0., 0., 0., 0., 0., 0.,
E           0., 0., 0., 0., 0., 0., 0., 0., 0., 0., 0., 0., 0., 0., 0., 0., 0., 0., 0., 0., 0., 0., 0., 0.,
E           0., 0., 0., 0., 0., 0., 0., 0., 0., 0., 0., 0., 0., 0., 0., 0., 0., 0., 0., 0., 0., 0., 0., 0.,
E           0., 0., 0., 0., 0., 0., 0., 0., 0., 0., 0., 0., 0., 0., 0., 0., 0., 0., 0., 0., 0., 0., 0., 0.,
E           0., 0., 0., 0., 0., 0., 0., 0., 0., 0., 0., 0., 0., 0., 0., 0., 0., 0., 0., 0., 0., 0., 0., 0.,
E           0., 0., 0., 0., 0., 0., 0., 0., 0., 0., 0., 0., 0., 0., 0., 0., 0., 0., 0., 0., 0., 0., 0., 0.,
E           0., 0., 0., 0., 0., 0., 0., 0., 0., 0., 0., 0., 0., 0., 0., 0., 0., 0., 0., 0., 0., 0., 0., 0.,
E           0., 0., 0., 0., 0., 0., 0., 0., 0., 0., 0., 0., 0., 0., 0., 0., 0., 0., 0., 0., 0., 0., 0., 0.,
E           0., 0., 0., 0., 0., 0., 0., 0., 0., 0., 0., 0., 0., 0., 0., 0., 0., 0., 0., 0., 0., 0., 0., 0.,
E           0., 0., 0., 0., 0., 0., 0., 0., 0., 0., 0., 0., 0., 0., 0., 0., 0., 0., 0., 0., 0., 0., 0., 0.,
E           0., 0., 0., 0., 0., 0., 0., 0., 0., 0., 0., 0., 0., 0., 0., 0., 0., 0., 0., 0., 0., 0., 0., 0.,
E           0., 0., 0., 0., 0., 0., 0., 0., 0., 0., 0., 0., 0., 0., 0., 0., 0., 0., 0., 0., 0., 0., 0., 0.,
E           0., 0., 0., 0., 0., 0., 0., 0., 0., 0., 0., 0., 0., 0., 0., 0., 0., 0., 0., 0., 0., 0., 0., 0.,
E           0., 0., 0., 0., 0., 0., 0., 0., 0., 0., 0., 0., 0., 0., 0., 0., 0., 0., 0., 0., 0., 0., 0., 0.,
E           0., 0., 0., 0., 0., 0., 0., 0., 0., 0., 0., 0., 0., 0., 0., 0., 0., 0., 0., 0., 0., 0., 0., 0.,
E           0., 0., 0., 0., 0., 0., 0., 0., 0., 0., 0., 0., 0., 0., 0., 0., 0., 0., 0., 0., 0., 0., 0., 0.,
E           0., 0., 0., 0., 0., 0., 0., 0., 0., 0., 0., 0., 0., 0., 0., 0., 0., 0., 0., 0., 0., 0., 0., 0.,
E           0., 0., 0., 0., 0., 0., 0., 0., 0., 0., 0., 0., 0., 0., 0., 0., 0., 0., 0., 0., 0., 0., 0., 0.,
E           0., 0., 0., 0., 0., 0., 0., 0., 0., 0., 0., 0., 0., 0., 0., 0., 0., 0., 0., 0., 0., 0., 0., 0.,
E           0., 0., 0., 0., 0., 0., 0., 0., 0., 0., 0., 0., 0., 0., 0., 0., 0., 0., 0., 0., 0., 0., 0., 0.,
E           0., 0., 0., 0., 0., 0., 0., 0., 0., 0., 0., 0., 0., 0., 0., 0., 0., 0., 0., 0., 0., 0., 0., 0.,
E           0., 0., 0., 0., 0., 0., 0., 0., 0., 0., 0., 0., 0., 0., 0., 0., 0., 0., 0., 0., 0., 0., 0., 0.,
E           0., 0., 0., 0., 0., 0., 0., 0., 0., 0., 0., 0., 0., 0., 0., 0., 0., 0., 0., 0., 0., 0., 0., 0.,
E           0., 0., 0., 0., 0., 0.]), 'symbolSpace.subspace.layers.2._inter_predictor.kind_bias': tensor(0.), 'symbolSpace.subspace.layers.2._inter_predictor.network.0.weight': tensor([[ 0.0054, -0.0158, -0.0177,  ...,  0.0135, -0.0103,  0.0124],
E           [ 0.0091,  0.0085,  0.0119,  ..., -0.0129,  0.0124,  0.0076],
E           [ 0.0128, -0.0087, -0.0082,  ...,  0.0172,  0.0109,  0.0027],
E           ...,
E           [ 0.0161, -0.0126, -0.0135,  ..., -0.0013,  0.0035,  0.0198],
E           [ 0.0174, -0.0015,  0.0138,  ..., -0.0079,  0.0137, -0.0092],
E           [-0.0060, -0.0131, -0.0020,  ...,  0.0153, -0.0101, -0.0147]]), 'symbolSpace.subspace.layers.2._inter_predictor.network.0.bias': tensor([ 7.6005e-03, -1.8494e-02, -7.8455e-03, -1.5914e-02,  1.2588e-02,
E           -1.2969e-02, -1.2206e-02,  1.3595e-02,  1.7587e-02, -1.2124e-02,
E           -1.7321e-02,  8.9098e-04, -7.8343e-04, -4.3847e-04,  1.3927e-02,
E           -8.5949e-03, -8.7341e-03,  1.7643e-02, -5.6172e-03,  1.9410e-02,
E            1.3261e-02,  7.2855e-03, -1.7312e-02, -3.2918e-03, -2.9009e-03,
E           -8.3869e-03,  5.1130e-03, -1.4828e-02,  1.6486e-03, -4.6035e-03,
E           -3.6159e-03,  1.2345e-03, -6.0769e-03,  1.6395e-02,  1.1805e-02,
E            1.1760e-02,  1.9890e-02,  1.0234e-02,  1.6023e-03, -1.1508e-02,
E            4.1759e-03,  1.3521e-03, -1.0903e-03, -1.6078e-02,  5.4226e-03,
E            3.6144e-03,  1.5292e-02,  2.5312e-03,  3.7565e-04,  1.7150e-02,
E           -1.2224e-02,  1.6534e-02, -1.6539e-02, -1.7266e-02,  3.0175e-03,
E           -6.3217e-03, -5.4434e-03, -9.3164e-05, -1.0667e-02,  1.2800e-02,
E            1.6559e-02,  1.8849e-02,  1.3107e-02, -1.6686e-02,  9.2511e-03,
E            1.0107e-02,  1.0256e-02,  8.2435e-03,  4.1634e-03, -9.6065e-03,
E           -1.9776e-02, -1.0751e-02, -1.9681e-02,  1.6693e-02,  1.8374e-02,
E            1.6517e-02,  1.5911e-02,  1.2240e-02, -1.4487e-02,  1.4255e-03,
E            1.0133e-02,  1.4174e-02, -1.2632e-02, -6.2074e-04, -6.0524e-03,
E            1.0760e-02,  1.8950e-04,  1.3603e-02, -1.9340e-02, -1.1837e-02,
E            1.5955e-02, -1.4743e-02,  1.8530e-02,  7.0081e-03,  9.0534e-03,
E           -7.6311e-03, -4.3054e-03, -1.2964e-02,  9.8749e-03, -1.5721e-03,
E            1.2912e-02, -3.7702e-03, -1.3321e-02,  8.7371e-03, -7.8690e-03,
E            1.9321e-02, -3.2505e-03,  1.4341e-02,  1.5227e-02, -1.4014e-02,
E           -1.9592e-02,  1.2815e-02,  1.1134e-02, -1.8844e-02, -1.8918e-02,
E           -4.7010e-03,  9.8938e-03,  5.0392e-03,  6.1270e-03, -1.2605e-02,
E           -7.2183e-03, -8.1059e-03,  7.1176e-03,  2.3012e-03,  2.5437e-03,
E           -1.4497e-02,  9.9925e-03,  9.5161e-04, -1.8521e-02,  5.5666e-03,
E            1.2042e-02, -9.6925e-03, -1.9183e-02,  7.3384e-03,  1.0105e-02,
E            1.5537e-02, -1.8848e-02,  3.2440e-03, -6.7801e-03, -8.0265e-03,
E            7.5483e-03,  1.9510e-02,  4.9074e-03,  1.3586e-02, -1.9780e-02,
E           -6.1991e-03,  3.1145e-03,  1.2927e-02,  1.4456e-02, -1.3828e-03,
E           -1.4213e-03, -1.5907e-03,  8.2384e-04,  4.9424e-03,  9.4811e-03,
E            1.6559e-02, -1.9849e-02,  1.0697e-02,  9.2076e-03, -4.1724e-03,
E            1.2310e-02,  6.7456e-03, -1.9218e-02, -1.4273e-02, -1.4274e-02,
E            7.1651e-03,  4.2649e-03,  1.7302e-02, -1.9902e-03, -5.7243e-03,
E           -1.3394e-04,  7.9519e-04, -9.0752e-03,  7.2996e-03,  1.9484e-02,
E            7.3426e-03, -1.2314e-02,  4.7241e-03,  1.5499e-02, -1.5770e-02,
E            2.8808e-03,  1.1307e-02,  1.5100e-02, -1.1496e-02,  5.6141e-03,
E           -1.8780e-02, -1.6894e-04, -1.7556e-02, -8.8381e-03, -4.1703e-03,
E           -9.5664e-03,  6.6590e-04,  8.0851e-03, -1.3258e-02, -1.4581e-02,
E            1.7216e-02, -7.8094e-03, -4.6446e-03, -5.6699e-03, -1.2754e-03,
E            6.0725e-03, -2.3415e-03, -9.4698e-03, -1.4659e-02, -1.7558e-02,
E            6.5271e-04, -1.5866e-02,  9.1554e-03,  6.2949e-03, -3.7544e-03,
E            1.8117e-02,  2.8463e-03, -1.4223e-04,  1.4660e-02, -9.4996e-03,
E           -1.5213e-02,  5.8216e-03, -1.9848e-02,  1.9758e-03,  1.5217e-02,
E            4.6607e-03,  1.8755e-02, -8.8883e-03, -6.9350e-04,  1.0192e-02,
E            1.1095e-02, -8.6910e-03,  8.4559e-05, -1.3180e-02, -1.7765e-02,
E           -6.1232e-03,  1.7596e-02,  1.2297e-02, -1.3164e-02, -1.3210e-02,
E           -1.5214e-02, -8.9610e-03,  1.1914e-02,  7.1068e-03,  6.7440e-03,
E            3.0997e-04,  9.5027e-03, -1.6369e-02,  1.3191e-02,  1.2636e-02,
E            1.7945e-02, -1.6891e-02, -1.0821e-02,  3.3560e-03,  9.9835e-03,
E           -8.1512e-03,  1.3989e-02, -8.8049e-03,  5.8687e-03, -3.8702e-03,
E            1.5481e-02, -6.7522e-03,  3.3821e-03,  8.7913e-03, -1.1688e-02,
E            9.2878e-03, -1.3134e-02, -1.6229e-02, -7.6854e-03,  1.5287e-02,
E           -1.0792e-02,  5.8233e-04,  1.2531e-03,  8.9642e-03,  2.1251e-03,
E           -1.0846e-02,  7.6126e-03,  1.0441e-02,  1.9689e-02,  5.5201e-03,
E            4.6712e-04,  1.8850e-02,  1.8540e-02,  1.4027e-02,  6.9670e-03,
E           -2.9368e-03,  1.1076e-02,  1.0994e-02, -1.6990e-02, -1.3029e-03,
E           -1.5599e-02, -8.6225e-03, -1.1378e-02,  1.7853e-03, -1.1861e-02,
E            1.4411e-03,  1.6308e-02,  4.1754e-03, -8.1821e-03, -1.7724e-02,
E           -1.1819e-02, -1.3503e-02,  9.8623e-03, -1.7582e-02, -1.6858e-02,
E            1.4773e-02, -1.5114e-02,  2.4652e-03,  1.2706e-02, -1.2056e-02,
E           -1.1239e-02,  1.7084e-02, -1.9334e-02, -1.8198e-02,  3.7501e-03,
E            1.0718e-02,  1.0926e-02,  9.2016e-03, -1.7560e-02,  1.6417e-02,
E            9.8514e-03,  8.6126e-03,  1.5548e-02, -3.1196e-03, -1.5413e-02,
E            1.4302e-02,  1.0093e-02, -8.9463e-03,  5.1711e-03, -5.0440e-03,
E            6.2306e-03,  1.4024e-02,  1.6096e-02,  1.5967e-02,  4.2402e-03,
E            1.8933e-02,  1.2373e-02, -2.1899e-03,  9.9850e-03, -3.9018e-03,
E           -1.7592e-04,  1.5790e-02, -5.1435e-03, -1.5341e-02,  1.1366e-02,
E            1.4609e-03,  1.0936e-02, -1.8967e-02, -5.9924e-03, -1.6154e-02,
E            5.1226e-03, -1.2196e-02, -9.9649e-03, -1.3802e-02, -5.9921e-03,
E           -1.7074e-02,  1.2307e-02,  4.3679e-03, -4.9163e-03, -1.8608e-02,
E            8.2012e-03, -1.0676e-02,  7.7834e-03,  4.8899e-03, -4.9462e-03,
E           -1.3573e-02,  1.6284e-02, -1.3971e-02, -1.0721e-02, -7.0364e-03,
E            1.3259e-02, -2.0489e-03, -7.5648e-03,  1.2127e-02,  1.5189e-02,
E            2.7968e-03, -3.1890e-03,  4.1199e-03,  1.6348e-02,  9.3075e-03,
E            1.8362e-02, -7.2276e-03,  1.1891e-02,  4.5061e-03,  7.5273e-03,
E            6.2606e-03,  7.3406e-03,  2.4459e-03, -5.2847e-03, -1.4530e-02,
E            1.4996e-02,  1.5353e-02, -1.8597e-02,  9.8936e-03,  2.7787e-03,
E            1.8186e-02,  1.1397e-03,  3.6349e-03,  1.6843e-02,  1.0042e-02,
E            1.2145e-02,  2.4097e-03, -1.6278e-02,  1.5667e-02, -1.3854e-03,
E           -1.1664e-02, -4.5788e-03,  1.5542e-02,  8.2455e-03,  1.3391e-02,
E            1.4477e-02,  1.8908e-02,  1.8058e-02,  8.5475e-03, -1.8395e-02,
E            7.5551e-03,  7.7047e-03,  1.0882e-02,  1.2338e-02,  1.3045e-02,
E           -5.0935e-05, -1.2676e-02,  3.4818e-03, -3.7403e-03, -5.4152e-03,
E            1.9437e-02, -6.7972e-03,  1.8031e-02, -3.9570e-03,  1.6781e-03,
E           -1.0701e-02,  9.0610e-03, -8.3150e-03,  5.6188e-03, -6.7462e-03,
E           -6.1549e-03, -1.7550e-02, -1.6405e-02,  1.5917e-02,  1.5423e-02,
E            1.6564e-02, -7.7054e-03, -7.3824e-03,  1.6992e-02,  8.5555e-03,
E           -1.8435e-02, -1.6835e-02, -6.2421e-03,  1.0938e-02, -1.9647e-02,
E           -1.1234e-02,  4.6092e-04,  8.9615e-03, -9.4952e-03,  8.5411e-03,
E           -1.2458e-03,  1.0732e-02, -1.0294e-02, -6.1862e-03, -1.6259e-02,
E           -6.4489e-03, -4.4419e-03,  2.9164e-03,  1.7251e-02, -1.6766e-02,
E            1.2325e-02,  1.8174e-02, -6.3844e-04,  1.3976e-02, -1.4545e-02,
E           -9.9553e-03, -3.9614e-03,  1.7901e-02,  7.2960e-03,  1.4669e-02,
E           -1.5970e-02, -1.6306e-02,  1.6179e-02, -1.7570e-03, -1.8105e-02,
E           -2.3809e-03, -1.7793e-02, -1.8272e-02,  3.7785e-03,  1.6031e-03,
E            4.0941e-03,  8.3626e-03, -1.8874e-02, -1.2036e-02, -4.8246e-03,
E            4.0827e-03,  4.8434e-03,  6.5954e-03, -9.8183e-03,  7.3311e-03,
E           -7.4054e-04, -1.1591e-02, -1.5508e-02,  9.6154e-05, -1.8083e-02,
E            1.0189e-03, -7.4300e-03,  1.2368e-02,  1.6498e-02, -8.7403e-03,
E            1.9452e-03,  1.6224e-02, -1.3769e-02,  2.7374e-03, -1.9382e-02,
E            7.5008e-03,  9.2791e-03,  8.5321e-03, -7.0513e-03, -3.2994e-03,
E           -1.1500e-02,  1.8302e-02,  6.9476e-03,  1.8909e-02, -1.1810e-04,
E            1.9340e-02,  1.8101e-02, -1.5517e-02,  9.7777e-03,  1.8007e-02,
E            1.4946e-02,  1.4699e-02, -8.4542e-03,  1.4604e-02, -4.8666e-03,
E           -8.4907e-03,  9.0384e-03, -1.1520e-02, -1.9316e-05, -1.0498e-02,
E            1.6039e-02, -1.1880e-02, -3.8810e-03,  4.5154e-03,  4.6693e-03,
E           -1.5422e-02, -1.5015e-02,  1.2653e-02,  9.0225e-03, -1.3360e-02,
E            1.0479e-02, -1.3720e-03,  1.1816e-02, -2.9506e-03,  3.8701e-03,
E            9.0183e-03, -3.5052e-03,  1.1264e-02, -8.3658e-03,  3.1882e-03,
E           -6.0853e-03,  1.2590e-04,  1.8534e-02, -1.8180e-02,  7.8158e-03,
E           -1.7455e-02, -6.8563e-03, -7.1231e-03,  1.3435e-02,  1.2071e-02,
E           -1.4240e-03,  1.8854e-02,  9.7989e-03, -1.9586e-02,  1.9827e-02,
E            4.0676e-03, -9.4075e-03, -2.2073e-03,  8.1958e-03,  9.3553e-03,
E           -1.1152e-02, -5.5220e-03, -1.3838e-02,  1.4140e-02, -1.2772e-03,
E            6.6181e-03,  1.2350e-02,  4.5630e-03, -1.0547e-02,  6.0012e-03,
E            1.0099e-02,  1.8252e-02, -8.9411e-03,  1.7483e-02,  3.9477e-03,
E           -1.7922e-02, -4.0674e-04,  1.4341e-02, -1.4631e-02,  1.7129e-03,
E            1.1257e-02, -3.8324e-03,  1.2876e-02, -9.5935e-03,  1.6741e-02,
E           -7.8232e-03,  5.7788e-03, -1.4706e-02,  9.2097e-03, -1.0233e-02,
E            2.6716e-03, -2.3280e-03, -5.1746e-04, -1.4122e-02, -6.9125e-03,
E           -2.6210e-03, -1.6545e-02,  9.4203e-03,  1.5765e-02,  1.3100e-02,
E           -6.7601e-03, -1.4966e-02, -1.6377e-02, -4.7486e-03, -1.9094e-02,
E           -1.3067e-02, -1.6122e-02, -1.4065e-02, -7.1257e-03,  1.0299e-02,
E            1.3043e-02,  1.7213e-02, -2.3289e-04, -3.5901e-03,  5.7296e-03,
E           -1.2872e-02,  6.0843e-03, -6.1628e-03,  2.5822e-03, -3.4865e-04]), 'symbolSpace.subspace.layers.2._inter_predictor.network.2.weight': tensor([[ 8.4931e-03,  1.1967e-02,  1.3691e-02,  ..., -1.3098e-02,
E             3.7600e-02,  3.2048e-02],
E           [ 1.2248e-02, -1.9618e-02, -2.6618e-02,  ...,  3.4687e-02,
E            -1.5170e-02,  2.6747e-02],
E           [-3.3513e-02, -2.6351e-02, -8.6303e-03,  ...,  2.6226e-02,
E             3.9463e-02, -2.0354e-02],
E           ...,
E           [ 8.4810e-03,  9.0311e-03, -2.1285e-02,  ..., -2.6848e-02,
E            -1.5540e-02, -3.6943e-02],
E           [ 1.1299e-02,  3.8519e-02, -2.6743e-02,  ...,  1.4788e-02,
E             7.2435e-03,  2.6945e-02],
E           [-6.6577e-05,  4.8917e-03,  1.8004e-02,  ...,  1.0899e-02,
E            -3.5269e-02, -1.6603e-02]]), 'symbolSpace.subspace.layers.2._inter_predictor.network.2.bias': tensor([-3.9171e-02, -2.7622e-02, -2.6129e-02, -1.7250e-02, -2.0479e-02,
E           -1.1900e-02, -1.8866e-03, -3.7807e-02, -2.3043e-02, -2.2064e-02,
E           -2.3074e-02,  1.4716e-02, -3.1267e-02,  1.8217e-02,  2.7265e-02,
E            8.7265e-03,  2.8772e-02,  3.8660e-02,  4.7191e-04, -1.4447e-02,
E           -5.5340e-03,  1.9381e-02,  2.4841e-02, -5.1535e-03, -3.3038e-02,
E           -1.7079e-02, -1.6137e-02,  3.8839e-02,  5.9814e-04, -1.1735e-02,
E           -1.0691e-02,  3.7423e-02, -1.1708e-02, -2.3370e-02,  1.7392e-02,
E           -2.2068e-02,  3.8927e-03,  2.7571e-02, -1.5284e-02, -2.5687e-02,
E            2.0386e-02,  2.8790e-02, -3.2210e-02,  9.5102e-03, -8.2696e-04,
E            2.3536e-02, -1.9225e-02, -2.3263e-04,  1.1494e-06, -6.2671e-03,
E           -1.0496e-02,  2.2492e-02, -1.4975e-03,  3.5953e-02,  5.7849e-03,
E           -2.0929e-02,  1.4196e-03,  3.8234e-02,  3.0186e-02, -3.5705e-02,
E            3.4720e-02, -3.8682e-02, -2.1604e-02, -2.9485e-02, -2.9069e-02,
E            3.8522e-02,  1.3031e-02,  3.5639e-02, -2.5812e-02, -3.2814e-02,
E           -1.5015e-02,  2.1122e-02, -2.1013e-02,  1.6391e-02, -2.2198e-02,
E           -2.4538e-02, -2.3530e-02,  1.4275e-02, -3.9653e-02, -2.7385e-03,
E            3.9579e-02,  2.8462e-02, -3.5287e-02, -1.9444e-02,  3.0272e-02,
E           -3.0909e-02,  3.5042e-02, -2.0141e-02,  1.5152e-02,  2.4689e-02,
E           -1.1499e-02, -3.0939e-02, -2.5479e-02,  7.3187e-03,  6.9004e-05,
E            3.4765e-02, -1.6851e-02, -7.7240e-03,  1.2262e-02,  2.3729e-02,
E            1.3228e-02, -2.4567e-02, -3.6721e-02,  1.2580e-02, -3.0615e-02,
E           -1.9635e-02,  3.9170e-02,  2.0570e-02, -5.9884e-03,  7.7403e-03,
E            1.5986e-02,  7.7527e-03, -6.4858e-03,  1.1396e-02, -2.4243e-02,
E            2.6388e-02,  4.3791e-04,  3.5571e-02, -5.6558e-03, -1.1031e-02,
E           -2.7322e-02,  2.0034e-02, -3.2250e-02, -7.1475e-03,  5.2750e-03,
E            1.7943e-02, -1.7814e-02,  3.0299e-02, -8.7762e-03,  2.8286e-02,
E            3.7093e-02,  3.8545e-02,  2.7975e-02,  6.3351e-03,  3.5159e-02,
E           -1.3510e-02, -2.3639e-03, -2.1781e-02,  2.1784e-02,  1.3461e-02,
E            7.7182e-03,  5.5401e-03,  2.6301e-02,  3.2081e-02, -3.5730e-02,
E            6.3792e-03, -2.2908e-02, -8.0044e-03, -1.0682e-02,  8.3172e-03,
E            3.7921e-02,  2.4345e-02,  9.6882e-03,  7.9850e-03, -1.2512e-03,
E           -2.8622e-02,  1.1749e-03, -2.0910e-02,  2.9515e-02, -2.2961e-02,
E           -2.8668e-03, -1.0241e-02, -4.9953e-04, -3.9691e-04,  1.9100e-02,
E            2.3350e-02, -2.3316e-02, -2.7688e-02,  1.1327e-02,  4.0871e-03,
E           -3.4891e-02, -2.2080e-02,  1.0979e-02, -2.9877e-02, -3.8658e-02,
E            1.8212e-02, -3.7913e-02, -2.1669e-02, -8.2870e-04,  1.9689e-02,
E           -1.1906e-02,  3.4508e-02,  9.1925e-03,  2.5935e-02,  4.0417e-03,
E           -2.5632e-02,  5.7980e-03, -1.2550e-02, -9.3644e-03, -2.5835e-02,
E           -3.7075e-02, -3.1085e-02, -2.6425e-02,  2.8561e-02, -2.9800e-02,
E            1.8549e-02,  6.5456e-03,  7.3074e-03, -2.7230e-02, -2.6481e-02,
E           -2.4424e-02,  1.5247e-02, -3.7927e-02, -2.0566e-02, -2.5332e-02,
E            2.0197e-02, -2.1575e-03, -1.8307e-02, -7.6260e-03,  2.9509e-02,
E           -1.6024e-03,  5.4617e-03,  3.3593e-02, -2.4411e-02,  2.8116e-02,
E            9.5515e-04,  3.4882e-02, -1.0625e-02, -1.8396e-02, -2.2761e-02,
E            1.8248e-03, -2.3829e-02, -1.9847e-02, -1.4549e-02, -2.5543e-02,
E            1.3905e-02, -4.0976e-04,  6.6276e-03, -2.8300e-02, -3.2933e-03,
E           -1.6221e-02,  3.5723e-02, -2.5737e-02, -3.8192e-02, -3.3016e-02,
E           -8.9879e-03, -1.5196e-02,  1.3994e-02,  2.6082e-02, -3.2440e-02,
E            4.3802e-03,  4.1691e-03,  1.0302e-02, -2.1624e-02,  6.8440e-03,
E           -3.5823e-02,  1.6451e-02,  3.6180e-02,  1.9309e-02,  2.7642e-02,
E            3.8869e-02, -1.5624e-02, -1.7483e-02,  2.0530e-02,  1.9273e-02,
E           -3.2612e-02, -2.5563e-03,  2.8175e-02,  5.3411e-03,  2.0314e-02,
E           -2.9119e-02,  2.9682e-02,  2.5810e-02, -8.4354e-03,  1.8257e-02,
E           -1.6007e-02,  2.5121e-02,  1.5117e-02, -6.2494e-03, -3.5873e-03,
E            8.9783e-03, -8.5521e-03,  2.2766e-02,  2.2502e-02, -3.1967e-02,
E            2.2009e-02, -2.2961e-02,  1.1801e-02,  3.0656e-02,  1.0714e-02,
E           -3.7542e-02, -2.2931e-02,  6.6367e-04, -2.8224e-02,  6.9216e-03,
E            8.6159e-03,  3.6734e-02,  1.2535e-02,  2.1578e-02,  2.9408e-02,
E           -1.4759e-03, -1.6399e-02,  8.2234e-04, -3.6522e-02, -3.0901e-02,
E            3.7873e-03, -2.6879e-02,  2.1806e-02,  6.4316e-03, -1.8863e-02,
E           -8.9517e-03,  2.0195e-02,  3.0395e-02, -1.3051e-02, -5.5539e-03,
E            1.4907e-03, -7.6145e-03,  2.8222e-02, -1.4265e-02,  3.3636e-02,
E            2.8002e-03,  1.7502e-02,  6.1932e-03,  2.5312e-02, -2.9262e-02]), 'symbolSpace.subspace.layers.2.word_predictor.0.weight': tensor([[ 0.0081, -0.0083, -0.0193,  ...,  0.0091,  0.0018, -0.0138],
E           [-0.0343, -0.0089, -0.0337,  ..., -0.0320,  0.0122, -0.0286],
E           [ 0.0243, -0.0189, -0.0160,  ..., -0.0284, -0.0036,  0.0220],
E           ...,
E           [ 0.0040,  0.0286,  0.0028,  ..., -0.0230,  0.0225,  0.0105],
E           [-0.0150,  0.0287,  0.0034,  ..., -0.0197, -0.0007, -0.0346],
E           [-0.0058, -0.0056,  0.0171,  ..., -0.0044,  0.0025,  0.0250]]), 'symbolSpace.subspace.layers.2.word_predictor.0.bias': tensor([-0.0037, -0.0020, -0.0026,  0.0109, -0.0061,  0.0015,  0.0226, -0.0194,
E           -0.0272, -0.0350,  0.0160, -0.0203, -0.0327, -0.0260,  0.0156, -0.0201,
E           -0.0003,  0.0166, -0.0317,  0.0229, -0.0003,  0.0077, -0.0104, -0.0009,
E            0.0027,  0.0006,  0.0369,  0.0010,  0.0285, -0.0056, -0.0188,  0.0012,
E            0.0259, -0.0332, -0.0251,  0.0020,  0.0012, -0.0277,  0.0362,  0.0051,
E            0.0160,  0.0226, -0.0100,  0.0054, -0.0038,  0.0250,  0.0225,  0.0249,
E            0.0101,  0.0307,  0.0318, -0.0338,  0.0218,  0.0205,  0.0359,  0.0154,
E           -0.0295, -0.0124, -0.0164, -0.0047, -0.0223, -0.0369,  0.0113,  0.0370,
E            0.0237, -0.0089, -0.0155, -0.0122, -0.0138,  0.0023,  0.0361,  0.0213,
E            0.0241, -0.0056, -0.0346,  0.0269, -0.0135,  0.0088, -0.0078,  0.0107,
E            0.0011,  0.0286,  0.0293, -0.0004,  0.0366, -0.0124,  0.0362,  0.0125,
E           -0.0314, -0.0236,  0.0344, -0.0325,  0.0105,  0.0031,  0.0102, -0.0152,
E           -0.0070, -0.0303, -0.0097, -0.0139,  0.0309, -0.0192,  0.0249,  0.0065,
E           -0.0153,  0.0132,  0.0201,  0.0185, -0.0114, -0.0363, -0.0003, -0.0279,
E           -0.0360, -0.0082, -0.0241,  0.0052, -0.0158, -0.0064, -0.0226,  0.0151,
E            0.0264,  0.0241,  0.0002,  0.0341,  0.0070,  0.0188, -0.0261,  0.0023,
E           -0.0021, -0.0034,  0.0312,  0.0287, -0.0176,  0.0134,  0.0140, -0.0098,
E            0.0231,  0.0029,  0.0132,  0.0185,  0.0336,  0.0023, -0.0224,  0.0044,
E            0.0266, -0.0002,  0.0278,  0.0215,  0.0278, -0.0204,  0.0094,  0.0299,
E           -0.0121,  0.0367,  0.0164, -0.0270, -0.0349,  0.0321, -0.0179,  0.0087,
E           -0.0349,  0.0216,  0.0164, -0.0342, -0.0151,  0.0339,  0.0338,  0.0077,
E            0.0285,  0.0052,  0.0091, -0.0051,  0.0247,  0.0107,  0.0171, -0.0319,
E           -0.0149,  0.0007,  0.0012, -0.0273,  0.0186, -0.0297, -0.0004,  0.0206,
E           -0.0165,  0.0244,  0.0066,  0.0291,  0.0170, -0.0198,  0.0024, -0.0335,
E           -0.0214,  0.0363, -0.0272, -0.0341,  0.0047, -0.0318, -0.0085, -0.0342,
E            0.0354, -0.0194,  0.0159,  0.0184, -0.0099, -0.0300,  0.0081,  0.0285]), 'symbolSpace.subspace.layers.2.word_predictor.2.weight': tensor([[-0.0202, -0.0204,  0.0304,  ..., -0.0039, -0.0447, -0.0437],
E           [-0.0524, -0.0005, -0.0236,  ..., -0.0300,  0.0562,  0.0494],
E           [ 0.0615,  0.0430,  0.0342,  ...,  0.0106,  0.0216,  0.0669],
E           ...,
E           [-0.0362,  0.0205,  0.0554,  ..., -0.0651, -0.0022, -0.0057],
E           [-0.0221, -0.0004, -0.0507,  ..., -0.0325, -0.0273, -0.0212],
E           [-0.0302, -0.0087, -0.0316,  ..., -0.0028, -0.0277,  0.0361]]), 'symbolSpace.subspace.layers.2.word_predictor.2.bias': tensor([-0.0634, -0.0095, -0.0295,  0.0422, -0.0612,  0.0292, -0.0416,  0.0514,
E            0.0267,  0.0273,  0.0446, -0.0591, -0.0232, -0.0542, -0.0150, -0.0338,
E           -0.0177,  0.0114,  0.0210, -0.0612, -0.0230, -0.0087,  0.0622,  0.0658,
E           -0.0593, -0.0251, -0.0365,  0.0344,  0.0343, -0.0101,  0.0472, -0.0150,
E            0.0248,  0.0072, -0.0042, -0.0301,  0.0665,  0.0550,  0.0278,  0.0472,
E           -0.0016,  0.0023,  0.0407,  0.0034, -0.0037, -0.0508,  0.0306, -0.0445,
E            0.0398,  0.0388,  0.0630, -0.0581,  0.0201, -0.0456,  0.0322,  0.0484,
E           -0.0564,  0.0349,  0.0067, -0.0240,  0.0250,  0.0510,  0.0104, -0.0595,
E           -0.0080, -0.0127,  0.0485, -0.0013, -0.0301,  0.0509, -0.0547,  0.0439,
E           -0.0445,  0.0182,  0.0097, -0.0671,  0.0294, -0.0628,  0.0379,  0.0576,
E            0.0158,  0.0590,  0.0081,  0.0594, -0.0009,  0.0485, -0.0610,  0.0466,
E           -0.0045, -0.0234, -0.0595, -0.0620, -0.0303, -0.0410, -0.0082, -0.0592,
E            0.0024, -0.0667, -0.0663, -0.0101, -0.0652,  0.0468,  0.0245,  0.0344]), 'symbolSpace.subspace.layers.2._ltm_store.slots': tensor([[[0., 0., 0.,  ..., 0., 0., 0.],
E            [0., 0., 0.,  ..., 0., 0., 0.],
E            [0., 0., 0.,  ..., 0., 0., 0.]],
E   
E           [[0., 0., 0.,  ..., 0., 0., 0.],
E            [0., 0., 0.,  ..., 0., 0., 0.],
E            [0., 0., 0.,  ..., 0., 0., 0.]],
E   
E           [[0., 0., 0.,  ..., 0., 0., 0.],
E            [0., 0., 0.,  ..., 0., 0., 0.],
E            [0., 0., 0.,  ..., 0., 0., 0.]],
E   
E           ...,
E   
E           [[0., 0., 0.,  ..., 0., 0., 0.],
E            [0., 0., 0.,  ..., 0., 0., 0.],
E            [0., 0., 0.,  ..., 0., 0., 0.]],
E   
E           [[0., 0., 0.,  ..., 0., 0., 0.],
E            [0., 0., 0.,  ..., 0., 0., 0.],
E            [0., 0., 0.,  ..., 0., 0., 0.]],
E   
E           [[0., 0., 0.,  ..., 0., 0., 0.],
E            [0., 0., 0.,  ..., 0., 0., 0.],
E            [0., 0., 0.,  ..., 0., 0., 0.]]]), 'symbolSpace.subspace.layers.2._ltm_store.rel_type': tensor([0, 0, 0, 0, 0, 0, 0, 0, 0, 0, 0, 0, 0, 0, 0, 0, 0, 0, 0, 0, 0, 0, 0, 0,
E           0, 0, 0, 0, 0, 0, 0, 0, 0, 0, 0, 0, 0, 0, 0, 0, 0, 0, 0, 0, 0, 0, 0, 0,
E           0, 0, 0, 0, 0, 0, 0, 0, 0, 0, 0, 0, 0, 0, 0, 0]), 'symbolSpace.subspace.layers.2._ltm_store.timestamp': tensor([0., 0., 0., 0., 0., 0., 0., 0., 0., 0., 0., 0., 0., 0., 0., 0., 0., 0., 0., 0., 0., 0., 0., 0.,
E           0., 0., 0., 0., 0., 0., 0., 0., 0., 0., 0., 0., 0., 0., 0., 0., 0., 0., 0., 0., 0., 0., 0., 0.,
E           0., 0., 0., 0., 0., 0., 0., 0., 0., 0., 0., 0., 0., 0., 0., 0.]), 'symbolSpace.subspace.layers.2._ltm_store.order': tensor([-1, -1, -1, -1, -1, -1, -1, -1, -1, -1, -1, -1, -1, -1, -1, -1, -1, -1,
E           -1, -1, -1, -1, -1, -1, -1, -1, -1, -1, -1, -1, -1, -1, -1, -1, -1, -1,
E           -1, -1, -1, -1, -1, -1, -1, -1, -1, -1, -1, -1, -1, -1, -1, -1, -1, -1,
E           -1, -1, -1, -1, -1, -1, -1, -1, -1, -1]), 'symbolSpace.subspace.layers.2._ltm_store.c_plus': tensor([0., 0., 0., 0., 0., 0., 0., 0., 0., 0., 0., 0., 0., 0., 0., 0., 0., 0., 0., 0., 0., 0., 0., 0.,
E           0., 0., 0., 0., 0., 0., 0., 0., 0., 0., 0., 0., 0., 0., 0., 0., 0., 0., 0., 0., 0., 0., 0., 0.,
E           0., 0., 0., 0., 0., 0., 0., 0., 0., 0., 0., 0., 0., 0., 0., 0.]), 'symbolSpace.subspace.layers.2._ltm_store.c_minus': tensor([0., 0., 0., 0., 0., 0., 0., 0., 0., 0., 0., 0., 0., 0., 0., 0., 0., 0., 0., 0., 0., 0., 0., 0.,
E           0., 0., 0., 0., 0., 0., 0., 0., 0., 0., 0., 0., 0., 0., 0., 0., 0., 0., 0., 0., 0., 0., 0., 0.,
E           0., 0., 0., 0., 0., 0., 0., 0., 0., 0., 0., 0., 0., 0., 0., 0.]), 'symbolSpace.subspace.layers.2._ltm_store.refs': tensor([[-1, -1, -1],
E           [-1, -1, -1],
E           [-1, -1, -1],
E           [-1, -1, -1],
E           [-1, -1, -1],
E           [-1, -1, -1],
E           [-1, -1, -1],
E           [-1, -1, -1],
E           [-1, -1, -1],
E           [-1, -1, -1],
E           [-1, -1, -1],
E           [-1, -1, -1],
E           [-1, -1, -1],
E           [-1, -1, -1],
E           [-1, -1, -1],
E           [-1, -1, -1],
E           [-1, -1, -1],
E           [-1, -1, -1],
E           [-1, -1, -1],
E           [-1, -1, -1],
E           [-1, -1, -1],
E           [-1, -1, -1],
E           [-1, -1, -1],
E           [-1, -1, -1],
E           [-1, -1, -1],
E           [-1, -1, -1],
E           [-1, -1, -1],
E           [-1, -1, -1],
E           [-1, -1, -1],
E           [-1, -1, -1],
E           [-1, -1, -1],
E           [-1, -1, -1],
E           [-1, -1, -1],
E           [-1, -1, -1],
E           [-1, -1, -1],
E           [-1, -1, -1],
E           [-1, -1, -1],
E           [-1, -1, -1],
E           [-1, -1, -1],
E           [-1, -1, -1],
E           [-1, -1, -1],
E           [-1, -1, -1],
E           [-1, -1, -1],
E           [-1, -1, -1],
E           [-1, -1, -1],
E           [-1, -1, -1],
E           [-1, -1, -1],
E           [-1, -1, -1],
E           [-1, -1, -1],
E           [-1, -1, -1],
E           [-1, -1, -1],
E           [-1, -1, -1],
E           [-1, -1, -1],
E           [-1, -1, -1],
E           [-1, -1, -1],
E           [-1, -1, -1],
E           [-1, -1, -1],
E           [-1, -1, -1],
E           [-1, -1, -1],
E           [-1, -1, -1],
E           [-1, -1, -1],
E           [-1, -1, -1],
E           [-1, -1, -1],
E           [-1, -1, -1]]), 'symbolSpace.subspace.layers.2._ltm_store.row_ids': tensor([-1, -1, -1, -1, -1, -1, -1, -1, -1, -1, -1, -1, -1, -1, -1, -1, -1, -1,
E           -1, -1, -1, -1, -1, -1, -1, -1, -1, -1, -1, -1, -1, -1, -1, -1, -1, -1,
E           -1, -1, -1, -1, -1, -1, -1, -1, -1, -1, -1, -1, -1, -1, -1, -1, -1, -1,
E           -1, -1, -1, -1, -1, -1, -1, -1, -1, -1]), 'symbolSpace.subspace.layers.2._ltm_store.where': tensor([[0., 0., 0., 0.],
E           [0., 0., 0., 0.],
E           [0., 0., 0., 0.],
E           [0., 0., 0., 0.],
E           [0., 0., 0., 0.],
E           [0., 0., 0., 0.],
E           [0., 0., 0., 0.],
E           [0., 0., 0., 0.],
E           [0., 0., 0., 0.],
E           [0., 0., 0., 0.],
E           [0., 0., 0., 0.],
E           [0., 0., 0., 0.],
E           [0., 0., 0., 0.],
E           [0., 0., 0., 0.],
E           [0., 0., 0., 0.],
E           [0., 0., 0., 0.],
E           [0., 0., 0., 0.],
E           [0., 0., 0., 0.],
E           [0., 0., 0., 0.],
E           [0., 0., 0., 0.],
E           [0., 0., 0., 0.],
E           [0., 0., 0., 0.],
E           [0., 0., 0., 0.],
E           [0., 0., 0., 0.],
E           [0., 0., 0., 0.],
E           [0., 0., 0., 0.],
E           [0., 0., 0., 0.],
E           [0., 0., 0., 0.],
E           [0., 0., 0., 0.],
E           [0., 0., 0., 0.],
E           [0., 0., 0., 0.],
E           [0., 0., 0., 0.],
E           [0., 0., 0., 0.],
E           [0., 0., 0., 0.],
E           [0., 0., 0., 0.],
E           [0., 0., 0., 0.],
E           [0., 0., 0., 0.],
E           [0., 0., 0., 0.],
E           [0., 0., 0., 0.],
E           [0., 0., 0., 0.],
E           [0., 0., 0., 0.],
E           [0., 0., 0., 0.],
E           [0., 0., 0., 0.],
E           [0., 0., 0., 0.],
E           [0., 0., 0., 0.],
E           [0., 0., 0., 0.],
E           [0., 0., 0., 0.],
E           [0., 0., 0., 0.],
E           [0., 0., 0., 0.],
E           [0., 0., 0., 0.],
E           [0., 0., 0., 0.],
E           [0., 0., 0., 0.],
E           [0., 0., 0., 0.],
E           [0., 0., 0., 0.],
E           [0., 0., 0., 0.],
E           [0., 0., 0., 0.],
E           [0., 0., 0., 0.],
E           [0., 0., 0., 0.],
E           [0., 0., 0., 0.],
E           [0., 0., 0., 0.],
E           [0., 0., 0., 0.],
E           [0., 0., 0., 0.],
E           [0., 0., 0., 0.],
E           [0., 0., 0., 0.]]), 'symbolSpace.subspace.layers.2._ltm_store.when': tensor([[0., 0., 0., 0.],
E           [0., 0., 0., 0.],
E           [0., 0., 0., 0.],
E           [0., 0., 0., 0.],
E           [0., 0., 0., 0.],
E           [0., 0., 0., 0.],
E           [0., 0., 0., 0.],
E           [0., 0., 0., 0.],
E           [0., 0., 0., 0.],
E           [0., 0., 0., 0.],
E           [0., 0., 0., 0.],
E           [0., 0., 0., 0.],
E           [0., 0., 0., 0.],
E           [0., 0., 0., 0.],
E           [0., 0., 0., 0.],
E           [0., 0., 0., 0.],
E           [0., 0., 0., 0.],
E           [0., 0., 0., 0.],
E           [0., 0., 0., 0.],
E           [0., 0., 0., 0.],
E           [0., 0., 0., 0.],
E           [0., 0., 0., 0.],
E           [0., 0., 0., 0.],
E           [0., 0., 0., 0.],
E           [0., 0., 0., 0.],
E           [0., 0., 0., 0.],
E           [0., 0., 0., 0.],
E           [0., 0., 0., 0.],
E           [0., 0., 0., 0.],
E           [0., 0., 0., 0.],
E           [0., 0., 0., 0.],
E           [0., 0., 0., 0.],
E           [0., 0., 0., 0.],
E           [0., 0., 0., 0.],
E           [0., 0., 0., 0.],
E           [0., 0., 0., 0.],
E           [0., 0., 0., 0.],
E           [0., 0., 0., 0.],
E           [0., 0., 0., 0.],
E           [0., 0., 0., 0.],
E           [0., 0., 0., 0.],
E           [0., 0., 0., 0.],
E           [0., 0., 0., 0.],
E           [0., 0., 0., 0.],
E           [0., 0., 0., 0.],
E           [0., 0., 0., 0.],
E           [0., 0., 0., 0.],
E           [0., 0., 0., 0.],
E           [0., 0., 0., 0.],
E           [0., 0., 0., 0.],
E           [0., 0., 0., 0.],
E           [0., 0., 0., 0.],
E           [0., 0., 0., 0.],
E           [0., 0., 0., 0.],
E           [0., 0., 0., 0.],
E           [0., 0., 0., 0.],
E           [0., 0., 0., 0.],
E           [0., 0., 0., 0.],
E           [0., 0., 0., 0.],
E           [0., 0., 0., 0.],
E           [0., 0., 0., 0.],
E           [0., 0., 0., 0.],
E           [0., 0., 0., 0.],
E           [0., 0., 0., 0.]]), 'symbolSpace.subspace.layers.2._ltm_store.truth_schema': tensor(9), 'symbolSpace.subspace.layers.2._ltm_store.surprise': tensor([-1., -1., -1., -1., -1., -1., -1., -1., -1., -1., -1., -1., -1., -1.,
E           -1., -1., -1., -1., -1., -1., -1., -1., -1., -1., -1., -1., -1., -1.,
E           -1., -1., -1., -1., -1., -1., -1., -1., -1., -1., -1., -1., -1., -1.,
E           -1., -1., -1., -1., -1., -1., -1., -1., -1., -1., -1., -1., -1., -1.,
E           -1., -1., -1., -1., -1., -1., -1., -1.]), 'symbolSpace.subspace.layers.2._ltm_store.count': tensor(0), 'symbolSpace.subspace.layers.2._ltm_store.origin': tensor([0, 0, 0, 0, 0, 0, 0, 0, 0, 0, 0, 0, 0, 0, 0, 0, 0, 0, 0, 0, 0, 0, 0, 0,
E           0, 0, 0, 0, 0, 0, 0, 0, 0, 0, 0, 0, 0, 0, 0, 0, 0, 0, 0, 0, 0, 0, 0, 0,
E           0, 0, 0, 0, 0, 0, 0, 0, 0, 0, 0, 0, 0, 0, 0, 0]), 'symbolSpace.subspace.layers.2._ltm_store._next_ts': tensor(0), 'symbolSpace.subspace.layers.2._ltm_store.role_mask': tensor([[False, False, False],
E           [False, False, False],
E           [False, False, False],
E           [False, False, False],
E           [False, False, False],
E           [False, False, False],
E           [False, False, False],
E           [False, False, False],
E           [False, False, False],
E           [False, False, False],
E           [False, False, False],
E           [False, False, False],
E           [False, False, False],
E           [False, False, False],
E           [False, False, False],
E           [False, False, False],
E           [False, False, False],
E           [False, False, False],
E           [False, False, False],
E           [False, False, False],
E           [False, False, False],
E           [False, False, False],
E           [False, False, False],
E           [False, False, False],
E           [False, False, False],
E           [False, False, False],
E           [False, False, False],
E           [False, False, False],
E           [False, False, False],
E           [False, False, False],
E           [False, False, False],
E           [False, False, False],
E           [False, False, False],
E           [False, False, False],
E           [False, False, False],
E           [False, False, False],
E           [False, False, False],
E           [False, False, False],
E           [False, False, False],
E           [False, False, False],
E           [False, False, False],
E           [False, False, False],
E           [False, False, False],
E           [False, False, False],
E           [False, False, False],
E           [False, False, False],
E           [False, False, False],
E           [False, False, False],
E           [False, False, False],
E           [False, False, False],
E           [False, False, False],
E           [False, False, False],
E           [False, False, False],
E           [False, False, False],
E           [False, False, False],
E           [False, False, False],
E           [False, False, False],
E           [False, False, False],
E           [False, False, False],
E           [False, False, False],
E           [False, False, False],
E           [False, False, False],
E           [False, False, False],
E           [False, False, False]]), 'symbolSpace.subspace.layers.2._ltm_store.record_kind': tensor([0, 0, 0, 0, 0, 0, 0, 0, 0, 0, 0, 0, 0, 0, 0, 0, 0, 0, 0, 0, 0, 0, 0, 0,
E           0, 0, 0, 0, 0, 0, 0, 0, 0, 0, 0, 0, 0, 0, 0, 0, 0, 0, 0, 0, 0, 0, 0, 0,
E           0, 0, 0, 0, 0, 0, 0, 0, 0, 0, 0, 0, 0, 0, 0, 0]), 'symbolSpace.subspace.layers.2._ltm_store.grammatical_mode': tensor([0, 0, 0, 0, 0, 0, 0, 0, 0, 0, 0, 0, 0, 0, 0, 0, 0, 0, 0, 0, 0, 0, 0, 0,
E           0, 0, 0, 0, 0, 0, 0, 0, 0, 0, 0, 0, 0, 0, 0, 0, 0, 0, 0, 0, 0, 0, 0, 0,
E           0, 0, 0, 0, 0, 0, 0, 0, 0, 0, 0, 0, 0, 0, 0, 0]), 'symbolSpace.subspace.layers.2._ltm_store.polarity': tensor([True, True, True, True, True, True, True, True, True, True, True, True,
E           True, True, True, True, True, True, True, True, True, True, True, True,
E           True, True, True, True, True, True, True, True, True, True, True, True,
E           True, True, True, True, True, True, True, True, True, True, True, True,
E           True, True, True, True, True, True, True, True, True, True, True, True,
E           True, True, True, True]), 'symbolSpace.subspace.layers.2._ltm_store.occurrence_id': tensor([-1, -1, -1, -1, -1, -1, -1, -1, -1, -1, -1, -1, -1, -1, -1, -1, -1, -1,
E           -1, -1, -1, -1, -1, -1, -1, -1, -1, -1, -1, -1, -1, -1, -1, -1, -1, -1,
E           -1, -1, -1, -1, -1, -1, -1, -1, -1, -1, -1, -1, -1, -1, -1, -1, -1, -1,
E           -1, -1, -1, -1, -1, -1, -1, -1, -1, -1]), 'symbolSpace.subspace.layers.2._ltm_store._next_occurrence': tensor(0), 'symbolSpace.subspace.layers.2._ltm_store._occurrence_namespace': tensor([115,  23,  83, 235, 108, 171,  70,  32, 147, 218,  51, 120, 241,  82,
E           152,  99], dtype=torch.uint8), 'symbolSpace.subspace.layers.2._ltm_store.metadata_required': tensor([False, False, False, False, False, False, False, False, False, False,
E           False, False, False, False, False, False, False, False, False, False,
E           False, False, False, False, False, False, False, False, False, False,
E           False, False, False, False, False, False, False, False, False, False,
E           False, False, False, False, False, False, False, False, False, False,
E           False, False, False, False, False, False, False, False, False, False,
E           False, False, False, False]), 'symbolSpace.subspace.layers.2._ltm_store.semantic_fingerprint': tensor([[0, 0, 0,  ..., 0, 0, 0],
E           [0, 0, 0,  ..., 0, 0, 0],
E           [0, 0, 0,  ..., 0, 0, 0],
E           ...,
E           [0, 0, 0,  ..., 0, 0, 0],
E           [0, 0, 0,  ..., 0, 0, 0],
E           [0, 0, 0,  ..., 0, 0, 0]], dtype=torch.uint8), 'symbolSpace.subspace.layers.2._ltm_store.leaf_complete': tensor([[False, False, False],
E           [False, False, False],
E           [False, False, False],
E           [False, False, False],
E           [False, False, False],
E           [False, False, False],
E           [False, False, False],
E           [False, False, False],
E           [False, False, False],
E           [False, False, False],
E           [False, False, False],
E           [False, False, False],
E           [False, False, False],
E           [False, False, False],
E           [False, False, False],
E           [False, False, False],
E           [False, False, False],
E           [False, False, False],
E           [False, False, False],
E           [False, False, False],
E           [False, False, False],
E           [False, False, False],
E           [False, False, False],
E           [False, False, False],
E           [False, False, False],
E           [False, False, False],
E           [False, False, False],
E           [False, False, False],
E           [False, False, False],
E           [False, False, False],
E           [False, False, False],
E           [False, False, False],
E           [False, False, False],
E           [False, False, False],
E           [False, False, False],
E           [False, False, False],
E           [False, False, False],
E           [False, False, False],
E           [False, False, False],
E           [False, False, False],
E           [False, False, False],
E           [False, False, False],
E           [False, False, False],
E           [False, False, False],
E           [False, False, False],
E           [False, False, False],
E           [False, False, False],
E           [False, False, False],
E           [False, False, False],
E           [False, False, False],
E           [False, False, False],
E           [False, False, False],
E           [False, False, False],
E           [False, False, False],
E           [False, False, False],
E           [False, False, False],
E           [False, False, False],
E           [False, False, False],
E           [False, False, False],
E           [False, False, False],
E           [False, False, False],
E           [False, False, False],
E           [False, False, False],
E           [False, False, False]]), 'symbolSpace.subspace.layers.2._ltm_store.index_stream': tensor([-1, -1, -1, -1, -1, -1, -1, -1, -1, -1, -1, -1, -1, -1, -1, -1, -1, -1,
E           -1, -1, -1, -1, -1, -1, -1, -1, -1, -1, -1, -1, -1, -1, -1, -1, -1, -1,
E           -1, -1, -1, -1, -1, -1, -1, -1, -1, -1, -1, -1, -1, -1, -1, -1, -1, -1,
E           -1, -1, -1, -1, -1, -1, -1, -1, -1, -1]), 'symbolSpace.subspace.layers.2._ltm_store.posting_codes': tensor([], dtype=torch.int64), 'symbolSpace.subspace.layers.2._ltm_store.posting_roles': tensor([], dtype=torch.int64), 'symbolSpace.subspace.layers.2._ltm_store.posting_rows': tensor([], dtype=torch.int64), 'symbolSpace.subspace.languageLayer.operation_layer.stop_anchor': tensor([[ 0.0243, -0.0222,  0.0232, -0.0045,  0.0109,  0.0040,  0.0140, -0.0012,
E             0.0216,  0.0004, -0.0234,  0.0020, -0.0061,  0.0218,  0.0074, -0.0223,
E             0.0110, -0.0054, -0.0314,  0.0015, -0.0139,  0.0134,  0.0075,  0.0146,
E             0.0198,  0.0027,  0.0262,  0.0255,  0.0153, -0.0285,  0.0456,  0.0286,
E             0.0275,  0.0035, -0.0120,  0.0211, -0.0048,  0.0040,  0.0231, -0.0115,
E            -0.0005, -0.0198, -0.0049,  0.0360, -0.0006,  0.0072,  0.0372,  0.0598,
E             0.0102, -0.0423, -0.0300, -0.0045,  0.0048, -0.0216,  0.0225, -0.0147,
E             0.0411, -0.0263, -0.0162,  0.0307, -0.0166, -0.0283, -0.0285,  0.0186,
E             0.0022,  0.0189,  0.0106, -0.0246,  0.0098, -0.0185,  0.0362,  0.0152,
E             0.0043,  0.0095, -0.0168, -0.0249, -0.0175, -0.0201, -0.0213,  0.0120,
E             0.0079, -0.0220, -0.0177,  0.0082, -0.0043, -0.0005, -0.0176,  0.0131,
E            -0.0423, -0.0227, -0.0381,  0.0214,  0.0200, -0.0029,  0.0075, -0.0348,
E             0.0187, -0.0124, -0.0058, -0.0083,  0.0315,  0.0288, -0.0005,  0.0346]]), 'symbolSpace.subspace.languageLayer.operation_layer.reduce_anchor': tensor([[ 0.0500, -0.0163, -0.0160, -0.0126,  0.0108, -0.0312, -0.0069, -0.0112,
E            -0.0020,  0.0203, -0.0176,  0.0183,  0.0122, -0.0011, -0.0241, -0.0010,
E            -0.0217,  0.0143, -0.0091,  0.0087,  0.0092, -0.0051, -0.0094, -0.0125,
E             0.0167, -0.0247,  0.0078, -0.0220,  0.0057, -0.0044,  0.0196,  0.0101,
E            -0.0241, -0.0054,  0.0123, -0.0130, -0.0446,  0.0458, -0.0206,  0.0024,
E            -0.0218, -0.0099, -0.0193,  0.0099,  0.0174, -0.0329,  0.0291, -0.0195,
E            -0.0468,  0.0069,  0.0133,  0.0314, -0.0168,  0.0099,  0.0019, -0.0051,
E             0.0092, -0.0135, -0.0086, -0.0117,  0.0014,  0.0128,  0.0046, -0.0571,
E            -0.0126,  0.0180,  0.0169,  0.0184, -0.0006, -0.0352,  0.0273, -0.0399,
E            -0.0108,  0.0251,  0.0258, -0.0355, -0.0008, -0.0409, -0.0032, -0.0254,
E             0.0053,  0.0059,  0.0211, -0.0293, -0.0066,  0.0042, -0.0289,  0.0193,
E            -0.0096,  0.0144,  0.0283,  0.0033, -0.0063, -0.0207,  0.0082,  0.0098,
E             0.0159,  0.0257,  0.0157,  0.0151,  0.0171, -0.0035, -0.0005, -0.0004],
E           [-0.0440,  0.0125,  0.0166,  0.0210, -0.0035, -0.0036, -0.0056, -0.0320,
E             0.0107,  0.0102,  0.0242, -0.0091, -0.0260, -0.0088,  0.0028,  0.0318,
E             0.0023, -0.0469, -0.0061,  0.0081, -0.0236, -0.0159, -0.0082,  0.0249,
E            -0.0060,  0.0207,  0.0067, -0.0074,  0.0451, -0.0178,  0.0083, -0.0150,
E            -0.0282, -0.0223, -0.0043,  0.0072,  0.0136, -0.0028, -0.0457,  0.0204,
E             0.0443,  0.0195,  0.0204, -0.0135,  0.0065, -0.0342,  0.0155,  0.0371,
E            -0.0104, -0.0192, -0.0070, -0.0033,  0.0157,  0.0115,  0.0211, -0.0281,
E             0.0253, -0.0182,  0.0124, -0.0410, -0.0046, -0.0005,  0.0312,  0.0167,
E            -0.0039,  0.0163, -0.0141, -0.0257,  0.0039,  0.0159, -0.0077, -0.0050,
E             0.0034, -0.0172, -0.0134, -0.0250,  0.0040,  0.0064, -0.0059, -0.0166,
E            -0.0327,  0.0233,  0.0121,  0.0094, -0.0049,  0.0132, -0.0156, -0.0169,
E            -0.0233, -0.0392, -0.0102,  0.0158,  0.0128,  0.0053, -0.0010, -0.0049,
E             0.0007,  0.0074,  0.0220, -0.0128, -0.0188, -0.0080,  0.0249,  0.0226]]), 'symbolSpace.subspace.languageLayer.operation_layer.apply_anchor': tensor([], size=(0, 104)), 'symbolSpace.subspace.languageLayer.operation_layer.bracket_anchor': tensor([[0., 0., 0., 0., 0., 0., 0., 0., 0., 0., 0., 0., 0., 0., 0., 0., 0., 0., 0., 0., 0., 0., 0., 0.,
E            0., 0., 0., 0., 0., 0., 0., 0., 0., 0., 0., 0., 0., 0., 0., 0., 0., 0., 0., 0., 0., 0., 0., 0.,
E            0., 0., 0., 0., 0., 0., 0., 0., 0., 0., 0., 0., 0., 0., 0., 0., 0., 0., 0., 0., 0., 0., 0., 0.,
E            0., 0., 0., 0., 0., 0., 0., 0., 0., 0., 0., 0., 0., 0., 0., 0., 0., 0., 0., 0., 0., 0., 0., 0.,
E            0., 0., 0., 0., 0., 0., 0., 0.],
E           [0., 0., 0., 0., 0., 0., 0., 0., 0., 0., 0., 0., 0., 0., 0., 0., 0., 0., 0., 0., 0., 0., 0., 0.,
E            0., 0., 0., 0., 0., 0., 0., 0., 0., 0., 0., 0., 0., 0., 0., 0., 0., 0., 0., 0., 0., 0., 0., 0.,
E            0., 0., 0., 0., 0., 0., 0., 0., 0., 0., 0., 0., 0., 0., 0., 0., 0., 0., 0., 0., 0., 0., 0., 0.,
E            0., 0., 0., 0., 0., 0., 0., 0., 0., 0., 0., 0., 0., 0., 0., 0., 0., 0., 0., 0., 0., 0., 0., 0.,
E            0., 0., 0., 0., 0., 0., 0., 0.],
E           [0., 0., 0., 0., 0., 0., 0., 0., 0., 0., 0., 0., 0., 0., 0., 0., 0., 0., 0., 0., 0., 0., 0., 0.,
E            0., 0., 0., 0., 0., 0., 0., 0., 0., 0., 0., 0., 0., 0., 0., 0., 0., 0., 0., 0., 0., 0., 0., 0.,
E            0., 0., 0., 0., 0., 0., 0., 0., 0., 0., 0., 0., 0., 0., 0., 0., 0., 0., 0., 0., 0., 0., 0., 0.,
E            0., 0., 0., 0., 0., 0., 0., 0., 0., 0., 0., 0., 0., 0., 0., 0., 0., 0., 0., 0., 0., 0., 0., 0.,
E            0., 0., 0., 0., 0., 0., 0., 0.],
E           [0., 0., 0., 0., 0., 0., 0., 0., 0., 0., 0., 0., 0., 0., 0., 0., 0., 0., 0., 0., 0., 0., 0., 0.,
E            0., 0., 0., 0., 0., 0., 0., 0., 0., 0., 0., 0., 0., 0., 0., 0., 0., 0., 0., 0., 0., 0., 0., 0.,
E            0., 0., 0., 0., 0., 0., 0., 0., 0., 0., 0., 0., 0., 0., 0., 0., 0., 0., 0., 0., 0., 0., 0., 0.,
E            0., 0., 0., 0., 0., 0., 0., 0., 0., 0., 0., 0., 0., 0., 0., 0., 0., 0., 0., 0., 0., 0., 0., 0.,
E            0., 0., 0., 0., 0., 0., 0., 0.],
E           [0., 0., 0., 0., 0., 0., 0., 0., 0., 0., 0., 0., 0., 0., 0., 0., 0., 0., 0., 0., 0., 0., 0., 0.,
E            0., 0., 0., 0., 0., 0., 0., 0., 0., 0., 0., 0., 0., 0., 0., 0., 0., 0., 0., 0., 0., 0., 0., 0.,
E            0., 0., 0., 0., 0., 0., 0., 0., 0., 0., 0., 0., 0., 0., 0., 0., 0., 0., 0., 0., 0., 0., 0., 0.,
E            0., 0., 0., 0., 0., 0., 0., 0., 0., 0., 0., 0., 0., 0., 0., 0., 0., 0., 0., 0., 0., 0., 0., 0.,
E            0., 0., 0., 0., 0., 0., 0., 0.],
E           [0., 0., 0., 0., 0., 0., 0., 0., 0., 0., 0., 0., 0., 0., 0., 0., 0., 0., 0., 0., 0., 0., 0., 0.,
E            0., 0., 0., 0., 0., 0., 0., 0., 0., 0., 0., 0., 0., 0., 0., 0., 0., 0., 0., 0., 0., 0., 0., 0.,
E            0., 0., 0., 0., 0., 0., 0., 0., 0., 0., 0., 0., 0., 0., 0., 0., 0., 0., 0., 0., 0., 0., 0., 0.,
E            0., 0., 0., 0., 0., 0., 0., 0., 0., 0., 0., 0., 0., 0., 0., 0., 0., 0., 0., 0., 0., 0., 0., 0.,
E            0., 0., 0., 0., 0., 0., 0., 0.]]), 'symbolSpace.subspace.languageLayer.operation_layer.space_prior': tensor([0., 0., 0., 0., 0., 0.]), 'symbolSpace.subspace.truth_layer.truths': tensor([[0., 0., 0.,  ..., 0., 0., 0.],
E           [0., 0., 0.,  ..., 0., 0., 0.],
E           [0., 0., 0.,  ..., 0., 0., 0.],
E           ...,
E           [0., 0., 0.,  ..., 0., 0., 0.],
E           [0., 0., 0.,  ..., 0., 0., 0.],
E           [0., 0., 0.,  ..., 0., 0., 0.]]), 'symbolSpace.subspace.truth_layer.count': tensor(0), 'symbolSpace.subspace.truth_layer._pending_truths': tensor([[0., 0., 0.,  ..., 0., 0., 0.],
E           [0., 0., 0.,  ..., 0., 0., 0.],
E           [0., 0., 0.,  ..., 0., 0., 0.],
E           ...,
E           [0., 0., 0.,  ..., 0., 0., 0.],
E           [0., 0., 0.,  ..., 0., 0., 0.],
E           [0., 0., 0.,  ..., 0., 0., 0.]]), 'symbolSpace.subspace.truth_layer._pending_trust': tensor([0., 0., 0.,  ..., 0., 0., 0.]), 'symbolSpace.subspace.ltm_store.slots': tensor([[[0., 0., 0.,  ..., 0., 0., 0.],
E            [0., 0., 0.,  ..., 0., 0., 0.],
E            [0., 0., 0.,  ..., 0., 0., 0.]],
E   
E           [[0., 0., 0.,  ..., 0., 0., 0.],
E            [0., 0., 0.,  ..., 0., 0., 0.],
E            [0., 0., 0.,  ..., 0., 0., 0.]],
E   
E           [[0., 0., 0.,  ..., 0., 0., 0.],
E            [0., 0., 0.,  ..., 0., 0., 0.],
E            [0., 0., 0.,  ..., 0., 0., 0.]],
E   
E           ...,
E   
E           [[0., 0., 0.,  ..., 0., 0., 0.],
E            [0., 0., 0.,  ..., 0., 0., 0.],
E            [0., 0., 0.,  ..., 0., 0., 0.]],
E   
E           [[0., 0., 0.,  ..., 0., 0., 0.],
E            [0., 0., 0.,  ..., 0., 0., 0.],
E            [0., 0., 0.,  ..., 0., 0., 0.]],
E   
E           [[0., 0., 0.,  ..., 0., 0., 0.],
E            [0., 0., 0.,  ..., 0., 0., 0.],
E            [0., 0., 0.,  ..., 0., 0., 0.]]]), 'symbolSpace.subspace.ltm_store.rel_type': tensor([0, 0, 0, 0, 0, 0, 0, 0, 0, 0, 0, 0, 0, 0, 0, 0, 0, 0, 0, 0, 0, 0, 0, 0,
E           0, 0, 0, 0, 0, 0, 0, 0, 0, 0, 0, 0, 0, 0, 0, 0, 0, 0, 0, 0, 0, 0, 0, 0,
E           0, 0, 0, 0, 0, 0, 0, 0, 0, 0, 0, 0, 0, 0, 0, 0]), 'symbolSpace.subspace.ltm_store.timestamp': tensor([0., 0., 0., 0., 0., 0., 0., 0., 0., 0., 0., 0., 0., 0., 0., 0., 0., 0., 0., 0., 0., 0., 0., 0.,
E           0., 0., 0., 0., 0., 0., 0., 0., 0., 0., 0., 0., 0., 0., 0., 0., 0., 0., 0., 0., 0., 0., 0., 0.,
E           0., 0., 0., 0., 0., 0., 0., 0., 0., 0., 0., 0., 0., 0., 0., 0.]), 'symbolSpace.subspace.ltm_store.order': tensor([-1, -1, -1, -1, -1, -1, -1, -1, -1, -1, -1, -1, -1, -1, -1, -1, -1, -1,
E           -1, -1, -1, -1, -1, -1, -1, -1, -1, -1, -1, -1, -1, -1, -1, -1, -1, -1,
E           -1, -1, -1, -1, -1, -1, -1, -1, -1, -1, -1, -1, -1, -1, -1, -1, -1, -1,
E           -1, -1, -1, -1, -1, -1, -1, -1, -1, -1]), 'symbolSpace.subspace.ltm_store.c_plus': tensor([0., 0., 0., 0., 0., 0., 0., 0., 0., 0., 0., 0., 0., 0., 0., 0., 0., 0., 0., 0., 0., 0., 0., 0.,
E           0., 0., 0., 0., 0., 0., 0., 0., 0., 0., 0., 0., 0., 0., 0., 0., 0., 0., 0., 0., 0., 0., 0., 0.,
E           0., 0., 0., 0., 0., 0., 0., 0., 0., 0., 0., 0., 0., 0., 0., 0.]), 'symbolSpace.subspace.ltm_store.c_minus': tensor([0., 0., 0., 0., 0., 0., 0., 0., 0., 0., 0., 0., 0., 0., 0., 0., 0., 0., 0., 0., 0., 0., 0., 0.,
E           0., 0., 0., 0., 0., 0., 0., 0., 0., 0., 0., 0., 0., 0., 0., 0., 0., 0., 0., 0., 0., 0., 0., 0.,
E           0., 0., 0., 0., 0., 0., 0., 0., 0., 0., 0., 0., 0., 0., 0., 0.]), 'symbolSpace.subspace.ltm_store.refs': tensor([[-1, -1, -1],
E           [-1, -1, -1],
E           [-1, -1, -1],
E           [-1, -1, -1],
E           [-1, -1, -1],
E           [-1, -1, -1],
E           [-1, -1, -1],
E           [-1, -1, -1],
E           [-1, -1, -1],
E           [-1, -1, -1],
E           [-1, -1, -1],
E           [-1, -1, -1],
E           [-1, -1, -1],
E           [-1, -1, -1],
E           [-1, -1, -1],
E           [-1, -1, -1],
E           [-1, -1, -1],
E           [-1, -1, -1],
E           [-1, -1, -1],
E           [-1, -1, -1],
E           [-1, -1, -1],
E           [-1, -1, -1],
E           [-1, -1, -1],
E           [-1, -1, -1],
E           [-1, -1, -1],
E           [-1, -1, -1],
E           [-1, -1, -1],
E           [-1, -1, -1],
E           [-1, -1, -1],
E           [-1, -1, -1],
E           [-1, -1, -1],
E           [-1, -1, -1],
E           [-1, -1, -1],
E           [-1, -1, -1],
E           [-1, -1, -1],
E           [-1, -1, -1],
E           [-1, -1, -1],
E           [-1, -1, -1],
E           [-1, -1, -1],
E           [-1, -1, -1],
E           [-1, -1, -1],
E           [-1, -1, -1],
E           [-1, -1, -1],
E           [-1, -1, -1],
E           [-1, -1, -1],
E           [-1, -1, -1],
E           [-1, -1, -1],
E           [-1, -1, -1],
E           [-1, -1, -1],
E           [-1, -1, -1],
E           [-1, -1, -1],
E           [-1, -1, -1],
E           [-1, -1, -1],
E           [-1, -1, -1],
E           [-1, -1, -1],
E           [-1, -1, -1],
E           [-1, -1, -1],
E           [-1, -1, -1],
E           [-1, -1, -1],
E           [-1, -1, -1],
E           [-1, -1, -1],
E           [-1, -1, -1],
E           [-1, -1, -1],
E           [-1, -1, -1]]), 'symbolSpace.subspace.ltm_store.row_ids': tensor([-1, -1, -1, -1, -1, -1, -1, -1, -1, -1, -1, -1, -1, -1, -1, -1, -1, -1,
E           -1, -1, -1, -1, -1, -1, -1, -1, -1, -1, -1, -1, -1, -1, -1, -1, -1, -1,
E           -1, -1, -1, -1, -1, -1, -1, -1, -1, -1, -1, -1, -1, -1, -1, -1, -1, -1,
E           -1, -1, -1, -1, -1, -1, -1, -1, -1, -1]), 'symbolSpace.subspace.ltm_store.where': tensor([[0., 0., 0., 0.],
E           [0., 0., 0., 0.],
E           [0., 0., 0., 0.],
E           [0., 0., 0., 0.],
E           [0., 0., 0., 0.],
E           [0., 0., 0., 0.],
E           [0., 0., 0., 0.],
E           [0., 0., 0., 0.],
E           [0., 0., 0., 0.],
E           [0., 0., 0., 0.],
E           [0., 0., 0., 0.],
E           [0., 0., 0., 0.],
E           [0., 0., 0., 0.],
E           [0., 0., 0., 0.],
E           [0., 0., 0., 0.],
E           [0., 0., 0., 0.],
E           [0., 0., 0., 0.],
E           [0., 0., 0., 0.],
E           [0., 0., 0., 0.],
E           [0., 0., 0., 0.],
E           [0., 0., 0., 0.],
E           [0., 0., 0., 0.],
E           [0., 0., 0., 0.],
E           [0., 0., 0., 0.],
E           [0., 0., 0., 0.],
E           [0., 0., 0., 0.],
E           [0., 0., 0., 0.],
E           [0., 0., 0., 0.],
E           [0., 0., 0., 0.],
E           [0., 0., 0., 0.],
E           [0., 0., 0., 0.],
E           [0., 0., 0., 0.],
E           [0., 0., 0., 0.],
E           [0., 0., 0., 0.],
E           [0., 0., 0., 0.],
E           [0., 0., 0., 0.],
E           [0., 0., 0., 0.],
E           [0., 0., 0., 0.],
E           [0., 0., 0., 0.],
E           [0., 0., 0., 0.],
E           [0., 0., 0., 0.],
E           [0., 0., 0., 0.],
E           [0., 0., 0., 0.],
E           [0., 0., 0., 0.],
E           [0., 0., 0., 0.],
E           [0., 0., 0., 0.],
E           [0., 0., 0., 0.],
E           [0., 0., 0., 0.],
E           [0., 0., 0., 0.],
E           [0., 0., 0., 0.],
E           [0., 0., 0., 0.],
E           [0., 0., 0., 0.],
E           [0., 0., 0., 0.],
E           [0., 0., 0., 0.],
E           [0., 0., 0., 0.],
E           [0., 0., 0., 0.],
E           [0., 0., 0., 0.],
E           [0., 0., 0., 0.],
E           [0., 0., 0., 0.],
E           [0., 0., 0., 0.],
E           [0., 0., 0., 0.],
E           [0., 0., 0., 0.],
E           [0., 0., 0., 0.],
E           [0., 0., 0., 0.]]), 'symbolSpace.subspace.ltm_store.when': tensor([[0., 0., 0., 0.],
E           [0., 0., 0., 0.],
E           [0., 0., 0., 0.],
E           [0., 0., 0., 0.],
E           [0., 0., 0., 0.],
E           [0., 0., 0., 0.],
E           [0., 0., 0., 0.],
E           [0., 0., 0., 0.],
E           [0., 0., 0., 0.],
E           [0., 0., 0., 0.],
E           [0., 0., 0., 0.],
E           [0., 0., 0., 0.],
E           [0., 0., 0., 0.],
E           [0., 0., 0., 0.],
E           [0., 0., 0., 0.],
E           [0., 0., 0., 0.],
E           [0., 0., 0., 0.],
E           [0., 0., 0., 0.],
E           [0., 0., 0., 0.],
E           [0., 0., 0., 0.],
E           [0., 0., 0., 0.],
E           [0., 0., 0., 0.],
E           [0., 0., 0., 0.],
E           [0., 0., 0., 0.],
E           [0., 0., 0., 0.],
E           [0., 0., 0., 0.],
E           [0., 0., 0., 0.],
E           [0., 0., 0., 0.],
E           [0., 0., 0., 0.],
E           [0., 0., 0., 0.],
E           [0., 0., 0., 0.],
E           [0., 0., 0., 0.],
E           [0., 0., 0., 0.],
E           [0., 0., 0., 0.],
E           [0., 0., 0., 0.],
E           [0., 0., 0., 0.],
E           [0., 0., 0., 0.],
E           [0., 0., 0., 0.],
E           [0., 0., 0., 0.],
E           [0., 0., 0., 0.],
E           [0., 0., 0., 0.],
E           [0., 0., 0., 0.],
E           [0., 0., 0., 0.],
E           [0., 0., 0., 0.],
E           [0., 0., 0., 0.],
E           [0., 0., 0., 0.],
E           [0., 0., 0., 0.],
E           [0., 0., 0., 0.],
E           [0., 0., 0., 0.],
E           [0., 0., 0., 0.],
E           [0., 0., 0., 0.],
E           [0., 0., 0., 0.],
E           [0., 0., 0., 0.],
E           [0., 0., 0., 0.],
E           [0., 0., 0., 0.],
E           [0., 0., 0., 0.],
E           [0., 0., 0., 0.],
E           [0., 0., 0., 0.],
E           [0., 0., 0., 0.],
E           [0., 0., 0., 0.],
E           [0., 0., 0., 0.],
E           [0., 0., 0., 0.],
E           [0., 0., 0., 0.],
E           [0., 0., 0., 0.]]), 'symbolSpace.subspace.ltm_store.truth_schema': tensor(9), 'symbolSpace.subspace.ltm_store.surprise': tensor([-1., -1., -1., -1., -1., -1., -1., -1., -1., -1., -1., -1., -1., -1.,
E           -1., -1., -1., -1., -1., -1., -1., -1., -1., -1., -1., -1., -1., -1.,
E           -1., -1., -1., -1., -1., -1., -1., -1., -1., -1., -1., -1., -1., -1.,
E           -1., -1., -1., -1., -1., -1., -1., -1., -1., -1., -1., -1., -1., -1.,
E           -1., -1., -1., -1., -1., -1., -1., -1.]), 'symbolSpace.subspace.ltm_store.count': tensor(0), 'symbolSpace.subspace.ltm_store.origin': tensor([0, 0, 0, 0, 0, 0, 0, 0, 0, 0, 0, 0, 0, 0, 0, 0, 0, 0, 0, 0, 0, 0, 0, 0,
E           0, 0, 0, 0, 0, 0, 0, 0, 0, 0, 0, 0, 0, 0, 0, 0, 0, 0, 0, 0, 0, 0, 0, 0,
E           0, 0, 0, 0, 0, 0, 0, 0, 0, 0, 0, 0, 0, 0, 0, 0]), 'symbolSpace.subspace.ltm_store._next_ts': tensor(0), 'symbolSpace.subspace.ltm_store.role_mask': tensor([[False, False, False],
E           [False, False, False],
E           [False, False, False],
E           [False, False, False],
E           [False, False, False],
E           [False, False, False],
E           [False, False, False],
E           [False, False, False],
E           [False, False, False],
E           [False, False, False],
E           [False, False, False],
E           [False, False, False],
E           [False, False, False],
E           [False, False, False],
E           [False, False, False],
E           [False, False, False],
E           [False, False, False],
E           [False, False, False],
E           [False, False, False],
E           [False, False, False],
E           [False, False, False],
E           [False, False, False],
E           [False, False, False],
E           [False, False, False],
E           [False, False, False],
E           [False, False, False],
E           [False, False, False],
E           [False, False, False],
E           [False, False, False],
E           [False, False, False],
E           [False, False, False],
E           [False, False, False],
E           [False, False, False],
E           [False, False, False],
E           [False, False, False],
E           [False, False, False],
E           [False, False, False],
E           [False, False, False],
E           [False, False, False],
E           [False, False, False],
E           [False, False, False],
E           [False, False, False],
E           [False, False, False],
E           [False, False, False],
E           [False, False, False],
E           [False, False, False],
E           [False, False, False],
E           [False, False, False],
E           [False, False, False],
E           [False, False, False],
E           [False, False, False],
E           [False, False, False],
E           [False, False, False],
E           [False, False, False],
E           [False, False, False],
E           [False, False, False],
E           [False, False, False],
E           [False, False, False],
E           [False, False, False],
E           [False, False, False],
E           [False, False, False],
E           [False, False, False],
E           [False, False, False],
E           [False, False, False]]), 'symbolSpace.subspace.ltm_store.record_kind': tensor([0, 0, 0, 0, 0, 0, 0, 0, 0, 0, 0, 0, 0, 0, 0, 0, 0, 0, 0, 0, 0, 0, 0, 0,
E           0, 0, 0, 0, 0, 0, 0, 0, 0, 0, 0, 0, 0, 0, 0, 0, 0, 0, 0, 0, 0, 0, 0, 0,
E           0, 0, 0, 0, 0, 0, 0, 0, 0, 0, 0, 0, 0, 0, 0, 0]), 'symbolSpace.subspace.ltm_store.grammatical_mode': tensor([0, 0, 0, 0, 0, 0, 0, 0, 0, 0, 0, 0, 0, 0, 0, 0, 0, 0, 0, 0, 0, 0, 0, 0,
E           0, 0, 0, 0, 0, 0, 0, 0, 0, 0, 0, 0, 0, 0, 0, 0, 0, 0, 0, 0, 0, 0, 0, 0,
E           0, 0, 0, 0, 0, 0, 0, 0, 0, 0, 0, 0, 0, 0, 0, 0]), 'symbolSpace.subspace.ltm_store.polarity': tensor([True, True, True, True, True, True, True, True, True, True, True, True,
E           True, True, True, True, True, True, True, True, True, True, True, True,
E           True, True, True, True, True, True, True, True, True, True, True, True,
E           True, True, True, True, True, True, True, True, True, True, True, True,
E           True, True, True, True, True, True, True, True, True, True, True, True,
E           True, True, True, True]), 'symbolSpace.subspace.ltm_store.occurrence_id': tensor([-1, -1, -1, -1, -1, -1, -1, -1, -1, -1, -1, -1, -1, -1, -1, -1, -1, -1,
E           -1, -1, -1, -1, -1, -1, -1, -1, -1, -1, -1, -1, -1, -1, -1, -1, -1, -1,
E           -1, -1, -1, -1, -1, -1, -1, -1, -1, -1, -1, -1, -1, -1, -1, -1, -1, -1,
E           -1, -1, -1, -1, -1, -1, -1, -1, -1, -1]), 'symbolSpace.subspace.ltm_store._next_occurrence': tensor(0), 'symbolSpace.subspace.ltm_store._occurrence_namespace': tensor([115,  23,  83, 235, 108, 171,  70,  32, 147, 218,  51, 120, 241,  82,
E           152,  99], dtype=torch.uint8), 'symbolSpace.subspace.ltm_store.metadata_required': tensor([False, False, False, False, False, False, False, False, False, False,
E           False, False, False, False, False, False, False, False, False, False,
E           False, False, False, False, False, False, False, False, False, False,
E           False, False, False, False, False, False, False, False, False, False,
E           False, False, False, False, False, False, False, False, False, False,
E           False, False, False, False, False, False, False, False, False, False,
E           False, False, False, False]), 'symbolSpace.subspace.ltm_store.semantic_fingerprint': tensor([[0, 0, 0,  ..., 0, 0, 0],
E           [0, 0, 0,  ..., 0, 0, 0],
E           [0, 0, 0,  ..., 0, 0, 0],
E           ...,
E           [0, 0, 0,  ..., 0, 0, 0],
E           [0, 0, 0,  ..., 0, 0, 0],
E           [0, 0, 0,  ..., 0, 0, 0]], dtype=torch.uint8), 'symbolSpace.subspace.ltm_store.leaf_complete': tensor([[False, False, False],
E           [False, False, False],
E           [False, False, False],
E           [False, False, False],
E           [False, False, False],
E           [False, False, False],
E           [False, False, False],
E           [False, False, False],
E           [False, False, False],
E           [False, False, False],
E           [False, False, False],
E           [False, False, False],
E           [False, False, False],
E           [False, False, False],
E           [False, False, False],
E           [False, False, False],
E           [False, False, False],
E           [False, False, False],
E           [False, False, False],
E           [False, False, False],
E           [False, False, False],
E           [False, False, False],
E           [False, False, False],
E           [False, False, False],
E           [False, False, False],
E           [False, False, False],
E           [False, False, False],
E           [False, False, False],
E           [False, False, False],
E           [False, False, False],
E           [False, False, False],
E           [False, False, False],
E           [False, False, False],
E           [False, False, False],
E           [False, False, False],
E           [False, False, False],
E           [False, False, False],
E           [False, False, False],
E           [False, False, False],
E           [False, False, False],
E           [False, False, False],
E           [False, False, False],
E           [False, False, False],
E           [False, False, False],
E           [False, False, False],
E           [False, False, False],
E           [False, False, False],
E           [False, False, False],
E           [False, False, False],
E           [False, False, False],
E           [False, False, False],
E           [False, False, False],
E           [False, False, False],
E           [False, False, False],
E           [False, False, False],
E           [False, False, False],
E           [False, False, False],
E           [False, False, False],
E           [False, False, False],
E           [False, False, False],
E           [False, False, False],
E           [False, False, False],
E           [False, False, False],
E           [False, False, False]]), 'symbolSpace.subspace.ltm_store.index_stream': tensor([-1, -1, -1, -1, -1, -1, -1, -1, -1, -1, -1, -1, -1, -1, -1, -1, -1, -1,
E           -1, -1, -1, -1, -1, -1, -1, -1, -1, -1, -1, -1, -1, -1, -1, -1, -1, -1,
E           -1, -1, -1, -1, -1, -1, -1, -1, -1, -1, -1, -1, -1, -1, -1, -1, -1, -1,
E           -1, -1, -1, -1, -1, -1, -1, -1, -1, -1]), 'symbolSpace.subspace.ltm_store.posting_codes': tensor([], dtype=torch.int64), 'symbolSpace.subspace.ltm_store.posting_roles': tensor([], dtype=torch.int64), 'symbolSpace.subspace.ltm_store.posting_rows': tensor([], dtype=torch.int64), 'symbolSpace.subspace.category_embedding.weight': tensor([[-6.5837e-02, -9.8696e-01,  3.0823e-01,  1.0019e-01],
E           [-9.5865e-01,  8.4525e-01, -5.7862e-01, -4.0813e-01],
E           [-1.2736e+00, -1.2557e+00,  9.5897e-01,  7.8023e-01],
E           [-1.0325e+00,  1.6187e+00, -8.8327e-01, -1.2043e+00],
E           [-6.5065e-01,  2.8817e-01, -5.0198e-01,  5.2108e-01],
E           [ 4.0421e-01,  3.0677e-01,  4.7475e-01,  4.9624e-01],
E           [ 6.6356e-02, -1.3847e+00, -1.3282e+00,  1.1585e+00],
E           [ 1.6855e-01,  7.2707e-01, -6.8298e-03, -1.3377e+00],
E           [-5.7312e-01, -1.0972e+00, -1.8232e+00,  7.6186e-01],
E           [-5.7360e-01,  1.2278e+00, -1.2254e+00,  5.3723e-01],
E           [ 7.2001e-01,  6.0376e-01, -5.4194e-01,  8.7524e-01],
E           [-1.6299e+00,  8.5241e-01, -1.0759e+00,  1.8199e+00],
E           [-8.8988e-01,  1.0483e-01, -4.7197e-02,  1.3793e-01],
E           [-1.3869e+00,  1.6165e+00,  4.1798e-01, -2.4439e-01],
E           [-6.5636e-01,  2.0916e+00,  1.2491e+00,  8.8300e-01],
E           [ 3.1449e-01, -5.0487e-01,  1.4452e+00,  2.3296e-01],
E           [-1.8701e+00,  2.1207e+00,  1.7955e-01, -1.9570e-01],
E           [-7.5575e-01,  6.1380e-01, -5.2019e-01, -1.1797e+00],
E           [ 6.0534e-01, -7.5935e-01, -6.8402e-01, -8.2497e-01],
E           [-1.0661e+00, -1.1112e-01, -7.8304e-01,  1.2680e-01],
E           [ 7.2729e-01, -9.3937e-01,  1.1122e+00, -3.3001e-01],
E           [ 1.0609e+00,  2.5103e-02, -3.3858e-01, -4.3575e-01],
E           [-2.3403e-02, -1.5969e+00,  5.5515e-01, -1.0375e+00],
E           [ 6.3493e-01,  1.0523e+00,  2.9892e-01, -5.0122e-02],
E           [-7.8799e-01, -6.8544e-01,  9.3243e-01, -1.2753e-01],
E           [ 1.7823e+00, -6.1454e-02, -2.3289e+00, -4.8320e-01],
E           [ 1.5482e+00,  2.3607e-01,  1.7889e-01, -5.7268e-01],
E           [-7.5588e-01,  5.7868e-01,  1.2989e+00,  1.1944e-01],
E           [ 2.3015e-01, -2.6152e+00, -2.2574e+00, -2.7840e-01],
E           [-6.0280e-01, -6.5567e-01, -1.2540e-01,  3.6856e-01],
E           [ 4.3901e-01, -8.6242e-01,  3.4216e-01, -3.7586e-01],
E           [ 9.5436e-02, -1.0749e-01,  1.6322e+00, -4.2945e-01],
E           [ 5.1771e-01,  1.5113e+00,  7.0695e-01,  1.9631e+00],
E           [-2.1847e+00,  6.6302e-01, -3.2678e-01,  7.2188e-02],
E           [ 3.8351e-01, -7.1548e-01, -1.5204e+00, -1.4293e+00],
E           [ 9.0214e-01, -4.5327e-01,  1.0129e+00, -6.2199e-01],
E           [ 6.1612e-01, -1.8200e+00,  1.5562e+00,  1.1004e+00],
E           [-1.0205e+00, -2.2106e-01, -3.6310e-01, -1.4963e+00],
E           [ 2.8552e-01, -7.3263e-01, -2.7831e-01, -8.5958e-01],
E           [-6.8975e-01, -6.8497e-01, -9.5172e-01, -7.0293e-03],
E           [ 6.6117e-03, -9.7768e-01, -6.4264e-01,  2.8362e-01],
E           [ 4.5908e-01,  2.8104e-02, -1.2217e+00, -1.8060e-01],
E           [ 2.0400e+00, -1.4979e-01, -1.0021e-01,  2.4560e+00],
E           [-5.7154e-01,  1.7420e+00,  8.1464e-01, -1.7618e+00],
E           [ 1.0368e+00, -8.5169e-02, -1.1999e+00,  7.9316e-01],
E           [-2.5179e-03, -2.6369e-01, -1.3121e+00, -3.8817e-01],
E           [-1.3286e+00, -5.0344e-03,  7.7662e-03,  5.5775e-01],
E           [-6.0688e-01,  1.0983e+00,  5.6552e-01, -4.6628e-01],
E           [-9.4259e-01,  1.4427e-01, -1.4001e+00, -3.8477e-01],
E           [-6.2336e-01,  1.0484e+00,  2.4667e-01, -2.7498e-01],
E           [-2.4851e-01,  4.4702e-01,  5.9171e-01,  7.9258e-01],
E           [-2.1380e+00, -1.3466e+00,  3.2100e-01, -6.0918e-01],
E           [-6.2916e-02, -1.4603e+00,  4.6855e-01, -6.1836e-01],
E           [ 3.2236e-01, -1.6863e+00,  9.9803e-01,  1.8515e-01],
E           [ 5.3682e-01, -7.5760e-01, -1.1479e-01, -5.2975e-01],
E           [ 4.1844e-01,  1.1485e-01,  2.3996e+00, -1.3305e+00],
E           [ 6.5853e-01,  1.5474e-01,  6.5493e-01, -2.0718e-01],
E           [ 6.2210e-01, -2.3863e+00, -6.7127e-01,  9.3042e-02],
E           [ 3.4934e-01,  3.8622e-02, -2.8769e-01,  4.2128e-01],
E           [-5.5867e-01,  3.8736e-01, -8.3640e-01,  1.1895e+00],
E           [ 3.2463e-01, -1.0932e+00,  8.8764e-01,  8.0490e-01],
E           [ 1.8515e+00,  2.3939e-01, -1.8875e-01, -8.1322e-01],
E           [ 1.6377e-02, -2.9045e-01,  5.9178e-01, -9.5071e-01],
E           [-1.0618e+00,  1.1335e+00, -1.2388e+00,  1.4019e-01]]), 'symbolSpace.subspace.rule_predictor.0.weight': tensor([[-0.0752,  0.1055,  0.0129,  ...,  0.1461, -0.0804, -0.1066],
E           [-0.0056, -0.1683, -0.0119,  ..., -0.0557, -0.1189,  0.1447],
E           [-0.1108,  0.0281,  0.0409,  ...,  0.1323, -0.0756, -0.1218],
E           ...,
E           [ 0.0746,  0.0362, -0.0264,  ..., -0.1688,  0.0455,  0.0962],
E           [ 0.0726,  0.0585,  0.1184,  ..., -0.1389,  0.0501,  0.0463],
E           [-0.1059, -0.0070,  0.1513,  ..., -0.1105,  0.1212, -0.1234]]), 'symbolSpace.subspace.rule_predictor.0.bias': tensor([ 9.7558e-02, -5.1261e-02, -9.6179e-02,  1.4481e-01,  4.6777e-02,
E            5.6006e-02, -1.7467e-01,  1.4383e-01, -1.0855e-01, -8.0785e-03,
E           -1.6638e-01, -5.0448e-02,  1.4745e-04, -1.5547e-01, -4.6290e-03,
E            1.6402e-01, -7.5057e-02,  1.5299e-01, -1.3487e-01,  1.2576e-02,
E            1.4047e-01,  1.1808e-01, -1.7224e-02, -1.3579e-01,  5.8210e-02,
E            9.5883e-02, -2.7926e-02, -1.3353e-01,  5.7015e-02, -5.9788e-02,
E            5.7051e-02, -1.1534e-01]), 'symbolSpace.subspace.rule_predictor.2.weight': tensor([[ 0.0245, -0.1554, -0.1085,  0.0433, -0.0135,  0.1602,  0.1131,  0.0471,
E            -0.0436, -0.1698, -0.1617,  0.0131,  0.0640,  0.0952, -0.0267, -0.0914,
E            -0.1558, -0.1120, -0.0319,  0.1644,  0.1719, -0.1692,  0.1225, -0.0271,
E             0.0828,  0.0708, -0.0202,  0.1151, -0.1398, -0.0660, -0.0358, -0.0760],
E           [-0.0237, -0.0377,  0.0334,  0.0142,  0.1526,  0.1160, -0.1714,  0.0773,
E             0.0135,  0.0744, -0.1714, -0.0208, -0.1449, -0.0101,  0.1292,  0.1360,
E            -0.1074,  0.0746, -0.0151, -0.0889,  0.1707, -0.0610,  0.1336,  0.0444,
E             0.1723, -0.0579,  0.0591,  0.0453,  0.0196,  0.1015,  0.0558, -0.1763],
E           [-0.0069, -0.0158, -0.1489,  0.1447, -0.0233, -0.1246, -0.1112, -0.1666,
E            -0.0190, -0.1554, -0.1713, -0.1318, -0.0332, -0.1593,  0.1729,  0.1477,
E            -0.0976, -0.1315, -0.1521, -0.1502,  0.1209,  0.1301, -0.0385,  0.0736,
E            -0.0534,  0.0282,  0.0160, -0.0890,  0.0755, -0.0230, -0.0534,  0.1585],
E           [-0.0043,  0.1244, -0.1634,  0.0303,  0.1196,  0.0948, -0.0775,  0.1679,
E             0.0551,  0.0786, -0.1450, -0.0036,  0.1289, -0.0301, -0.0511, -0.0971,
E             0.1718,  0.0557,  0.1276,  0.0521,  0.0646, -0.0996,  0.0725,  0.1229,
E             0.1469,  0.0145,  0.1428, -0.0442,  0.0636,  0.0879,  0.1649, -0.0892],
E           [-0.0182,  0.1147, -0.0759,  0.0469,  0.1131,  0.1328,  0.0307, -0.0884,
E            -0.0397, -0.0605, -0.0111,  0.0246, -0.0232,  0.0160,  0.1157,  0.0739,
E             0.1046,  0.0866,  0.1372, -0.0618, -0.0079, -0.0525,  0.0059,  0.0108,
E            -0.1260, -0.1458,  0.1025, -0.0873,  0.0931, -0.0710,  0.1701,  0.0757],
E           [ 0.1238, -0.1718,  0.0172, -0.0251,  0.1315,  0.1248, -0.0731, -0.0199,
E            -0.1403, -0.0972, -0.0093,  0.0648, -0.0922, -0.1682,  0.1174,  0.0585,
E             0.0327, -0.1030, -0.0463,  0.1064,  0.0008, -0.1642, -0.0923, -0.1480,
E            -0.0838, -0.0512,  0.1359, -0.1329,  0.1004, -0.0541,  0.1341,  0.1022],
E           [ 0.0044, -0.0482, -0.1718,  0.0183, -0.0682,  0.1446, -0.0628,  0.1280,
E            -0.0723, -0.0094, -0.0358, -0.0091,  0.0460,  0.1522, -0.0386, -0.1191,
E             0.1387,  0.0429, -0.0753, -0.0470, -0.0268,  0.1269,  0.1165,  0.0830,
E            -0.0680,  0.1317,  0.0970, -0.0012, -0.0687, -0.0589, -0.1547, -0.0861],
E           [-0.1418, -0.0993, -0.1069, -0.1447, -0.1548,  0.0387, -0.0641, -0.0155,
E             0.1225,  0.0253, -0.0617, -0.0405, -0.1014,  0.0182, -0.0709,  0.1378,
E            -0.0895, -0.1200, -0.1294,  0.1282, -0.0917, -0.1759, -0.0714, -0.0793,
E             0.1118, -0.1494, -0.0893, -0.0926, -0.0292, -0.1575, -0.1294,  0.1675]]), 'symbolSpace.subspace.rule_predictor.2.bias': tensor([-0.1093, -0.0189, -0.0257, -0.0192, -0.1207,  0.0849, -0.0622, -0.0514]), 'symbolSpace.subspace.expectation.predictor.0.weight': tensor([[ 0.0198,  0.0366, -0.0313,  ...,  0.0329, -0.0186,  0.0130],
E           [ 0.0063,  0.0180,  0.0148,  ...,  0.0060, -0.0143, -0.0064],
E           [-0.0344, -0.0306, -0.0195,  ...,  0.0071, -0.0317,  0.0272],
E           ...,
E           [ 0.0259, -0.0125, -0.0201,  ..., -0.0067, -0.0051, -0.0216],
E           [-0.0263,  0.0055,  0.0322,  ...,  0.0273,  0.0361,  0.0047],
E           [-0.0064,  0.0237, -0.0104,  ..., -0.0130,  0.0084,  0.0159]]), 'symbolSpace.subspace.expectation.predictor.0.bias': tensor([ 9.0687e-03,  7.6604e-03,  2.1360e-02,  6.4765e-03,  1.0473e-02,
E            4.2825e-03,  3.4813e-02, -2.3356e-02, -1.4327e-02,  3.1307e-02,
E           -4.0220e-03,  2.6745e-02,  2.3854e-02,  1.4651e-02,  4.6275e-03,
E            9.4107e-03,  1.4634e-02, -3.4629e-02, -3.3071e-02, -6.6196e-03,
E           -2.8680e-02,  2.5264e-02,  1.5348e-02,  3.4832e-02, -3.3692e-02,
E           -3.0254e-03,  2.3853e-02,  2.0327e-02,  6.9240e-04, -1.5760e-02,
E           -1.5821e-02,  5.6462e-03,  1.9379e-02,  4.8126e-03, -2.7561e-02,
E           -6.8344e-04,  3.4302e-02,  4.5107e-03,  3.5651e-02,  2.6274e-02,
E           -7.0187e-03,  9.0917e-03,  1.7007e-02, -1.5549e-02, -4.0100e-03,
E           -2.1476e-02, -2.6100e-02, -9.4389e-03,  1.1229e-02,  2.8164e-02,
E            2.5989e-02, -3.5504e-02,  1.9370e-02,  1.5359e-02,  2.1216e-02,
E           -1.1781e-03, -2.9974e-03, -2.4095e-02,  5.0137e-03,  1.5141e-02,
E           -8.3880e-03,  1.8686e-02, -1.4251e-04,  3.1452e-02, -1.4975e-03,
E           -1.1863e-02, -9.9442e-03, -2.0262e-02, -6.1941e-03,  5.9818e-05,
E           -2.7203e-02,  3.6243e-02,  2.8769e-02, -1.1915e-02,  9.8600e-03,
E            4.5703e-04,  3.8061e-03, -3.5961e-02,  1.3400e-02, -1.7378e-02,
E           -8.4346e-04, -3.2486e-02, -2.6800e-02, -3.1247e-02, -2.4371e-02,
E           -1.2556e-02, -1.6343e-02, -3.4523e-02,  7.4469e-03, -2.6253e-02,
E            1.1751e-02, -2.6745e-02, -1.3150e-02,  4.4642e-03,  2.4448e-02,
E            8.5911e-03,  1.4387e-02,  1.7202e-02,  2.7588e-02, -2.5574e-02,
E            1.6298e-03, -2.4317e-02, -2.5413e-02, -6.3056e-03, -1.7302e-02,
E            2.0609e-02, -1.5462e-02, -2.2090e-02, -2.5215e-02,  2.4721e-02,
E           -1.6694e-02, -1.8426e-02,  1.1045e-02, -1.3974e-02,  2.2802e-02,
E            3.4013e-03, -3.2388e-02,  1.1047e-02,  8.3362e-03,  1.9457e-02,
E           -5.9425e-03, -3.5403e-02,  6.0188e-03,  1.9798e-02, -1.1192e-02,
E           -8.9500e-03, -5.5277e-03,  8.1688e-03, -3.6227e-02,  2.8415e-02,
E           -1.0962e-02, -3.3577e-02, -1.0622e-03, -2.8886e-02, -7.1151e-03,
E           -3.0039e-02,  1.6868e-02, -1.2712e-02,  1.1547e-03, -2.7882e-02,
E            3.1189e-02,  3.5789e-02,  1.1795e-02,  3.0120e-02,  7.5350e-03,
E            6.7199e-03, -3.5327e-03, -3.3960e-02,  1.5170e-02, -3.3055e-02,
E            1.1546e-02,  1.6827e-02, -1.0207e-02,  1.5294e-02,  4.5082e-03,
E           -8.8206e-03,  2.1162e-02, -2.2512e-02,  1.3796e-02, -2.3903e-02,
E           -3.5067e-02,  6.8971e-03, -2.7898e-02, -2.6850e-02, -7.9923e-03,
E            5.7308e-03, -2.9604e-02,  3.4408e-02,  2.0338e-02, -3.7041e-04,
E           -5.4684e-03, -2.2515e-02,  1.2555e-02, -1.8105e-02, -2.9921e-02,
E           -2.7523e-02,  2.8487e-02, -1.2441e-02,  2.7266e-03,  1.1596e-03,
E           -1.2405e-02,  3.2050e-02,  3.5794e-02, -2.9634e-02,  3.2922e-02,
E            1.1100e-02, -3.3787e-02,  2.2190e-02,  1.5824e-02, -1.6440e-02,
E           -5.2729e-03, -1.4847e-02,  1.6605e-03,  3.6692e-02,  2.9045e-02,
E           -1.1489e-03,  3.6870e-02,  1.5010e-03,  4.2054e-03, -3.6756e-02,
E           -8.6071e-03, -2.9784e-03,  2.6769e-02,  1.2540e-02, -2.2497e-02,
E           -2.4271e-02, -7.2111e-03,  1.2836e-02]), 'symbolSpace.subspace.expectation.predictor.2.weight': tensor([[ 0.0292, -0.0579,  0.0253,  ..., -0.0244, -0.0182,  0.0685],
E           [-0.0373, -0.0568, -0.0406,  ..., -0.0607, -0.0492, -0.0409],
E           [ 0.0453,  0.0502,  0.0351,  ...,  0.0363,  0.0018, -0.0680],
E           ...,
E           [-0.0535,  0.0152, -0.0665,  ..., -0.0040, -0.0406, -0.0660],
E           [ 0.0494, -0.0458,  0.0526,  ...,  0.0129, -0.0180, -0.0625],
E           [ 0.0206, -0.0611,  0.0034,  ...,  0.0173, -0.0228,  0.0133]]), 'symbolSpace.subspace.expectation.predictor.2.bias': tensor([ 0.0275, -0.0592,  0.0600,  0.0119, -0.0115,  0.0688,  0.0689,  0.0558,
E           -0.0610, -0.0453,  0.0672, -0.0560, -0.0321,  0.0223,  0.0386, -0.0106,
E           -0.0145, -0.0588, -0.0494, -0.0022,  0.0393, -0.0217,  0.0693, -0.0552,
E            0.0406, -0.0104, -0.0336,  0.0619, -0.0441,  0.0670, -0.0134,  0.0221,
E           -0.0071, -0.0373, -0.0364, -0.0500, -0.0351,  0.0068, -0.0138,  0.0298,
E            0.0044, -0.0038, -0.0088,  0.0693,  0.0171,  0.0267, -0.0603,  0.0353,
E           -0.0022,  0.0089, -0.0025,  0.0325,  0.0423,  0.0653, -0.0085, -0.0099,
E           -0.0200,  0.0196, -0.0084,  0.0160, -0.0403, -0.0027, -0.0575, -0.0222,
E            0.0273, -0.0158, -0.0479, -0.0197,  0.0216,  0.0297, -0.0681, -0.0629,
E           -0.0239, -0.0528, -0.0335, -0.0499,  0.0026, -0.0263,  0.0470, -0.0295,
E            0.0052,  0.0420, -0.0597, -0.0003,  0.0193,  0.0506,  0.0463,  0.0186,
E           -0.0278,  0.0489, -0.0676, -0.0066,  0.0393,  0.0484, -0.0124, -0.0378,
E           -0.0649,  0.0087, -0.0069,  0.0105, -0.0469,  0.0222,  0.0395, -0.0356]), 'symbolSpace.subspace.expectation._inter_predictor.kind_weight': tensor([0., 0., 0., 0., 0., 0., 0., 0., 0., 0., 0., 0., 0., 0., 0., 0., 0., 0., 0., 0., 0., 0., 0., 0.,
E           0., 0., 0., 0., 0., 0., 0., 0., 0., 0., 0., 0., 0., 0., 0., 0., 0., 0., 0., 0., 0., 0., 0., 0.,
E           0., 0., 0., 0., 0., 0., 0., 0., 0., 0., 0., 0., 0., 0., 0., 0., 0., 0., 0., 0., 0., 0., 0., 0.,
E           0., 0., 0., 0., 0., 0., 0., 0., 0., 0., 0., 0., 0., 0., 0., 0., 0., 0., 0., 0., 0., 0., 0., 0.,
E           0., 0., 0., 0., 0., 0., 0., 0., 0., 0., 0., 0., 0., 0., 0., 0., 0., 0., 0., 0., 0., 0., 0., 0.,
E           0., 0., 0., 0., 0., 0., 0., 0., 0., 0., 0., 0., 0., 0., 0., 0., 0., 0., 0., 0., 0., 0., 0., 0.,
E           0., 0., 0., 0., 0., 0., 0., 0., 0., 0., 0., 0., 0., 0., 0., 0., 0., 0., 0., 0., 0., 0., 0., 0.,
E           0., 0., 0., 0., 0., 0., 0., 0., 0., 0., 0., 0., 0., 0., 0., 0., 0., 0., 0., 0., 0., 0., 0., 0.,
E           0., 0., 0., 0., 0., 0., 0., 0., 0., 0., 0., 0., 0., 0., 0., 0., 0., 0., 0., 0., 0., 0., 0., 0.,
E           0., 0., 0., 0., 0., 0., 0., 0., 0., 0., 0., 0., 0., 0., 0., 0., 0., 0., 0., 0., 0., 0., 0., 0.,
E           0., 0., 0., 0., 0., 0., 0., 0., 0., 0., 0., 0., 0., 0., 0., 0., 0., 0., 0., 0., 0., 0., 0., 0.,
E           0., 0., 0., 0., 0., 0., 0., 0., 0., 0., 0., 0., 0., 0., 0., 0., 0., 0., 0., 0., 0., 0., 0., 0.,
E           0., 0., 0., 0., 0., 0., 0., 0., 0., 0., 0., 0., 0., 0., 0., 0., 0., 0., 0., 0., 0., 0., 0., 0.,
E           0., 0., 0., 0., 0., 0., 0., 0., 0., 0., 0., 0., 0., 0., 0., 0., 0., 0., 0., 0., 0., 0., 0., 0.,
E           0., 0., 0., 0., 0., 0., 0., 0., 0., 0., 0., 0., 0., 0., 0., 0., 0., 0., 0., 0., 0., 0., 0., 0.,
E           0., 0., 0., 0., 0., 0., 0., 0., 0., 0., 0., 0., 0., 0., 0., 0., 0., 0., 0., 0., 0., 0., 0., 0.,
E           0., 0., 0., 0., 0., 0., 0., 0., 0., 0., 0., 0., 0., 0., 0., 0., 0., 0., 0., 0., 0., 0., 0., 0.,
E           0., 0., 0., 0., 0., 0., 0., 0., 0., 0., 0., 0., 0., 0., 0., 0., 0., 0., 0., 0., 0., 0., 0., 0.,
E           0., 0., 0., 0., 0., 0., 0., 0., 0., 0., 0., 0., 0., 0., 0., 0., 0., 0., 0., 0., 0., 0., 0., 0.,
E           0., 0., 0., 0., 0., 0., 0., 0., 0., 0., 0., 0., 0., 0., 0., 0., 0., 0., 0., 0., 0., 0., 0., 0.,
E           0., 0., 0., 0., 0., 0., 0., 0., 0., 0., 0., 0., 0., 0., 0., 0., 0., 0., 0., 0., 0., 0., 0., 0.,
E           0., 0., 0., 0., 0., 0., 0., 0., 0., 0., 0., 0., 0., 0., 0., 0., 0., 0., 0., 0., 0., 0., 0., 0.,
E           0., 0., 0., 0., 0., 0., 0., 0., 0., 0., 0., 0., 0., 0., 0., 0., 0., 0., 0., 0., 0., 0., 0., 0.,
E           0., 0., 0., 0., 0., 0., 0., 0., 0., 0., 0., 0., 0., 0., 0., 0., 0., 0., 0., 0., 0., 0., 0., 0.,
E           0., 0., 0., 0., 0., 0., 0., 0., 0., 0., 0., 0., 0., 0., 0., 0., 0., 0., 0., 0., 0., 0., 0., 0.,
E           0., 0., 0., 0., 0., 0., 0., 0., 0., 0., 0., 0., 0., 0., 0., 0., 0., 0., 0., 0., 0., 0., 0., 0.,
E           0., 0., 0., 0., 0., 0.]), 'symbolSpace.subspace.expectation._inter_predictor.kind_bias': tensor(0.), 'symbolSpace.subspace.expectation._inter_predictor.network.0.weight': tensor([[ 0.0054, -0.0158, -0.0177,  ...,  0.0135, -0.0103,  0.0124],
E           [ 0.0091,  0.0085,  0.0119,  ..., -0.0129,  0.0124,  0.0076],
E           [ 0.0128, -0.0087, -0.0082,  ...,  0.0172,  0.0109,  0.0027],
E           ...,
E           [ 0.0161, -0.0126, -0.0135,  ..., -0.0013,  0.0035,  0.0198],
E           [ 0.0174, -0.0015,  0.0138,  ..., -0.0079,  0.0137, -0.0092],
E           [-0.0060, -0.0131, -0.0020,  ...,  0.0153, -0.0101, -0.0147]]), 'symbolSpace.subspace.expectation._inter_predictor.network.0.bias': tensor([ 7.6005e-03, -1.8494e-02, -7.8455e-03, -1.5914e-02,  1.2588e-02,
E           -1.2969e-02, -1.2206e-02,  1.3595e-02,  1.7587e-02, -1.2124e-02,
E           -1.7321e-02,  8.9098e-04, -7.8343e-04, -4.3847e-04,  1.3927e-02,
E           -8.5949e-03, -8.7341e-03,  1.7643e-02, -5.6172e-03,  1.9410e-02,
E            1.3261e-02,  7.2855e-03, -1.7312e-02, -3.2918e-03, -2.9009e-03,
E           -8.3869e-03,  5.1130e-03, -1.4828e-02,  1.6486e-03, -4.6035e-03,
E           -3.6159e-03,  1.2345e-03, -6.0769e-03,  1.6395e-02,  1.1805e-02,
E            1.1760e-02,  1.9890e-02,  1.0234e-02,  1.6023e-03, -1.1508e-02,
E            4.1759e-03,  1.3521e-03, -1.0903e-03, -1.6078e-02,  5.4226e-03,
E            3.6144e-03,  1.5292e-02,  2.5312e-03,  3.7565e-04,  1.7150e-02,
E           -1.2224e-02,  1.6534e-02, -1.6539e-02, -1.7266e-02,  3.0175e-03,
E           -6.3217e-03, -5.4434e-03, -9.3164e-05, -1.0667e-02,  1.2800e-02,
E            1.6559e-02,  1.8849e-02,  1.3107e-02, -1.6686e-02,  9.2511e-03,
E            1.0107e-02,  1.0256e-02,  8.2435e-03,  4.1634e-03, -9.6065e-03,
E           -1.9776e-02, -1.0751e-02, -1.9681e-02,  1.6693e-02,  1.8374e-02,
E            1.6517e-02,  1.5911e-02,  1.2240e-02, -1.4487e-02,  1.4255e-03,
E            1.0133e-02,  1.4174e-02, -1.2632e-02, -6.2074e-04, -6.0524e-03,
E            1.0760e-02,  1.8950e-04,  1.3603e-02, -1.9340e-02, -1.1837e-02,
E            1.5955e-02, -1.4743e-02,  1.8530e-02,  7.0081e-03,  9.0534e-03,
E           -7.6311e-03, -4.3054e-03, -1.2964e-02,  9.8749e-03, -1.5721e-03,
E            1.2912e-02, -3.7702e-03, -1.3321e-02,  8.7371e-03, -7.8690e-03,
E            1.9321e-02, -3.2505e-03,  1.4341e-02,  1.5227e-02, -1.4014e-02,
E           -1.9592e-02,  1.2815e-02,  1.1134e-02, -1.8844e-02, -1.8918e-02,
E           -4.7010e-03,  9.8938e-03,  5.0392e-03,  6.1270e-03, -1.2605e-02,
E           -7.2183e-03, -8.1059e-03,  7.1176e-03,  2.3012e-03,  2.5437e-03,
E           -1.4497e-02,  9.9925e-03,  9.5161e-04, -1.8521e-02,  5.5666e-03,
E            1.2042e-02, -9.6925e-03, -1.9183e-02,  7.3384e-03,  1.0105e-02,
E            1.5537e-02, -1.8848e-02,  3.2440e-03, -6.7801e-03, -8.0265e-03,
E            7.5483e-03,  1.9510e-02,  4.9074e-03,  1.3586e-02, -1.9780e-02,
E           -6.1991e-03,  3.1145e-03,  1.2927e-02,  1.4456e-02, -1.3828e-03,
E           -1.4213e-03, -1.5907e-03,  8.2384e-04,  4.9424e-03,  9.4811e-03,
E            1.6559e-02, -1.9849e-02,  1.0697e-02,  9.2076e-03, -4.1724e-03,
E            1.2310e-02,  6.7456e-03, -1.9218e-02, -1.4273e-02, -1.4274e-02,
E            7.1651e-03,  4.2649e-03,  1.7302e-02, -1.9902e-03, -5.7243e-03,
E           -1.3394e-04,  7.9519e-04, -9.0752e-03,  7.2996e-03,  1.9484e-02,
E            7.3426e-03, -1.2314e-02,  4.7241e-03,  1.5499e-02, -1.5770e-02,
E            2.8808e-03,  1.1307e-02,  1.5100e-02, -1.1496e-02,  5.6141e-03,
E           -1.8780e-02, -1.6894e-04, -1.7556e-02, -8.8381e-03, -4.1703e-03,
E           -9.5664e-03,  6.6590e-04,  8.0851e-03, -1.3258e-02, -1.4581e-02,
E            1.7216e-02, -7.8094e-03, -4.6446e-03, -5.6699e-03, -1.2754e-03,
E            6.0725e-03, -2.3415e-03, -9.4698e-03, -1.4659e-02, -1.7558e-02,
E            6.5271e-04, -1.5866e-02,  9.1554e-03,  6.2949e-03, -3.7544e-03,
E            1.8117e-02,  2.8463e-03, -1.4223e-04,  1.4660e-02, -9.4996e-03,
E           -1.5213e-02,  5.8216e-03, -1.9848e-02,  1.9758e-03,  1.5217e-02,
E            4.6607e-03,  1.8755e-02, -8.8883e-03, -6.9350e-04,  1.0192e-02,
E            1.1095e-02, -8.6910e-03,  8.4559e-05, -1.3180e-02, -1.7765e-02,
E           -6.1232e-03,  1.7596e-02,  1.2297e-02, -1.3164e-02, -1.3210e-02,
E           -1.5214e-02, -8.9610e-03,  1.1914e-02,  7.1068e-03,  6.7440e-03,
E            3.0997e-04,  9.5027e-03, -1.6369e-02,  1.3191e-02,  1.2636e-02,
E            1.7945e-02, -1.6891e-02, -1.0821e-02,  3.3560e-03,  9.9835e-03,
E           -8.1512e-03,  1.3989e-02, -8.8049e-03,  5.8687e-03, -3.8702e-03,
E            1.5481e-02, -6.7522e-03,  3.3821e-03,  8.7913e-03, -1.1688e-02,
E            9.2878e-03, -1.3134e-02, -1.6229e-02, -7.6854e-03,  1.5287e-02,
E           -1.0792e-02,  5.8233e-04,  1.2531e-03,  8.9642e-03,  2.1251e-03,
E           -1.0846e-02,  7.6126e-03,  1.0441e-02,  1.9689e-02,  5.5201e-03,
E            4.6712e-04,  1.8850e-02,  1.8540e-02,  1.4027e-02,  6.9670e-03,
E           -2.9368e-03,  1.1076e-02,  1.0994e-02, -1.6990e-02, -1.3029e-03,
E           -1.5599e-02, -8.6225e-03, -1.1378e-02,  1.7853e-03, -1.1861e-02,
E            1.4411e-03,  1.6308e-02,  4.1754e-03, -8.1821e-03, -1.7724e-02,
E           -1.1819e-02, -1.3503e-02,  9.8623e-03, -1.7582e-02, -1.6858e-02,
E            1.4773e-02, -1.5114e-02,  2.4652e-03,  1.2706e-02, -1.2056e-02,
E           -1.1239e-02,  1.7084e-02, -1.9334e-02, -1.8198e-02,  3.7501e-03,
E            1.0718e-02,  1.0926e-02,  9.2016e-03, -1.7560e-02,  1.6417e-02,
E            9.8514e-03,  8.6126e-03,  1.5548e-02, -3.1196e-03, -1.5413e-02,
E            1.4302e-02,  1.0093e-02, -8.9463e-03,  5.1711e-03, -5.0440e-03,
E            6.2306e-03,  1.4024e-02,  1.6096e-02,  1.5967e-02,  4.2402e-03,
E            1.8933e-02,  1.2373e-02, -2.1899e-03,  9.9850e-03, -3.9018e-03,
E           -1.7592e-04,  1.5790e-02, -5.1435e-03, -1.5341e-02,  1.1366e-02,
E            1.4609e-03,  1.0936e-02, -1.8967e-02, -5.9924e-03, -1.6154e-02,
E            5.1226e-03, -1.2196e-02, -9.9649e-03, -1.3802e-02, -5.9921e-03,
E           -1.7074e-02,  1.2307e-02,  4.3679e-03, -4.9163e-03, -1.8608e-02,
E            8.2012e-03, -1.0676e-02,  7.7834e-03,  4.8899e-03, -4.9462e-03,
E           -1.3573e-02,  1.6284e-02, -1.3971e-02, -1.0721e-02, -7.0364e-03,
E            1.3259e-02, -2.0489e-03, -7.5648e-03,  1.2127e-02,  1.5189e-02,
E            2.7968e-03, -3.1890e-03,  4.1199e-03,  1.6348e-02,  9.3075e-03,
E            1.8362e-02, -7.2276e-03,  1.1891e-02,  4.5061e-03,  7.5273e-03,
E            6.2606e-03,  7.3406e-03,  2.4459e-03, -5.2847e-03, -1.4530e-02,
E            1.4996e-02,  1.5353e-02, -1.8597e-02,  9.8936e-03,  2.7787e-03,
E            1.8186e-02,  1.1397e-03,  3.6349e-03,  1.6843e-02,  1.0042e-02,
E            1.2145e-02,  2.4097e-03, -1.6278e-02,  1.5667e-02, -1.3854e-03,
E           -1.1664e-02, -4.5788e-03,  1.5542e-02,  8.2455e-03,  1.3391e-02,
E            1.4477e-02,  1.8908e-02,  1.8058e-02,  8.5475e-03, -1.8395e-02,
E            7.5551e-03,  7.7047e-03,  1.0882e-02,  1.2338e-02,  1.3045e-02,
E           -5.0935e-05, -1.2676e-02,  3.4818e-03, -3.7403e-03, -5.4152e-03,
E            1.9437e-02, -6.7972e-03,  1.8031e-02, -3.9570e-03,  1.6781e-03,
E           -1.0701e-02,  9.0610e-03, -8.3150e-03,  5.6188e-03, -6.7462e-03,
E           -6.1549e-03, -1.7550e-02, -1.6405e-02,  1.5917e-02,  1.5423e-02,
E            1.6564e-02, -7.7054e-03, -7.3824e-03,  1.6992e-02,  8.5555e-03,
E           -1.8435e-02, -1.6835e-02, -6.2421e-03,  1.0938e-02, -1.9647e-02,
E           -1.1234e-02,  4.6092e-04,  8.9615e-03, -9.4952e-03,  8.5411e-03,
E           -1.2458e-03,  1.0732e-02, -1.0294e-02, -6.1862e-03, -1.6259e-02,
E           -6.4489e-03, -4.4419e-03,  2.9164e-03,  1.7251e-02, -1.6766e-02,
E            1.2325e-02,  1.8174e-02, -6.3844e-04,  1.3976e-02, -1.4545e-02,
E           -9.9553e-03, -3.9614e-03,  1.7901e-02,  7.2960e-03,  1.4669e-02,
E           -1.5970e-02, -1.6306e-02,  1.6179e-02, -1.7570e-03, -1.8105e-02,
E           -2.3809e-03, -1.7793e-02, -1.8272e-02,  3.7785e-03,  1.6031e-03,
E            4.0941e-03,  8.3626e-03, -1.8874e-02, -1.2036e-02, -4.8246e-03,
E            4.0827e-03,  4.8434e-03,  6.5954e-03, -9.8183e-03,  7.3311e-03,
E           -7.4054e-04, -1.1591e-02, -1.5508e-02,  9.6154e-05, -1.8083e-02,
E            1.0189e-03, -7.4300e-03,  1.2368e-02,  1.6498e-02, -8.7403e-03,
E            1.9452e-03,  1.6224e-02, -1.3769e-02,  2.7374e-03, -1.9382e-02,
E            7.5008e-03,  9.2791e-03,  8.5321e-03, -7.0513e-03, -3.2994e-03,
E           -1.1500e-02,  1.8302e-02,  6.9476e-03,  1.8909e-02, -1.1810e-04,
E            1.9340e-02,  1.8101e-02, -1.5517e-02,  9.7777e-03,  1.8007e-02,
E            1.4946e-02,  1.4699e-02, -8.4542e-03,  1.4604e-02, -4.8666e-03,
E           -8.4907e-03,  9.0384e-03, -1.1520e-02, -1.9316e-05, -1.0498e-02,
E            1.6039e-02, -1.1880e-02, -3.8810e-03,  4.5154e-03,  4.6693e-03,
E           -1.5422e-02, -1.5015e-02,  1.2653e-02,  9.0225e-03, -1.3360e-02,
E            1.0479e-02, -1.3720e-03,  1.1816e-02, -2.9506e-03,  3.8701e-03,
E            9.0183e-03, -3.5052e-03,  1.1264e-02, -8.3658e-03,  3.1882e-03,
E           -6.0853e-03,  1.2590e-04,  1.8534e-02, -1.8180e-02,  7.8158e-03,
E           -1.7455e-02, -6.8563e-03, -7.1231e-03,  1.3435e-02,  1.2071e-02,
E           -1.4240e-03,  1.8854e-02,  9.7989e-03, -1.9586e-02,  1.9827e-02,
E            4.0676e-03, -9.4075e-03, -2.2073e-03,  8.1958e-03,  9.3553e-03,
E           -1.1152e-02, -5.5220e-03, -1.3838e-02,  1.4140e-02, -1.2772e-03,
E            6.6181e-03,  1.2350e-02,  4.5630e-03, -1.0547e-02,  6.0012e-03,
E            1.0099e-02,  1.8252e-02, -8.9411e-03,  1.7483e-02,  3.9477e-03,
E           -1.7922e-02, -4.0674e-04,  1.4341e-02, -1.4631e-02,  1.7129e-03,
E            1.1257e-02, -3.8324e-03,  1.2876e-02, -9.5935e-03,  1.6741e-02,
E           -7.8232e-03,  5.7788e-03, -1.4706e-02,  9.2097e-03, -1.0233e-02,
E            2.6716e-03, -2.3280e-03, -5.1746e-04, -1.4122e-02, -6.9125e-03,
E           -2.6210e-03, -1.6545e-02,  9.4203e-03,  1.5765e-02,  1.3100e-02,
E           -6.7601e-03, -1.4966e-02, -1.6377e-02, -4.7486e-03, -1.9094e-02,
E           -1.3067e-02, -1.6122e-02, -1.4065e-02, -7.1257e-03,  1.0299e-02,
E            1.3043e-02,  1.7213e-02, -2.3289e-04, -3.5901e-03,  5.7296e-03,
E           -1.2872e-02,  6.0843e-03, -6.1628e-03,  2.5822e-03, -3.4865e-04]), 'symbolSpace.subspace.expectation._inter_predictor.network.2.weight': tensor([[ 8.4931e-03,  1.1967e-02,  1.3691e-02,  ..., -1.3098e-02,
E             3.7600e-02,  3.2048e-02],
E           [ 1.2248e-02, -1.9618e-02, -2.6618e-02,  ...,  3.4687e-02,
E            -1.5170e-02,  2.6747e-02],
E           [-3.3513e-02, -2.6351e-02, -8.6303e-03,  ...,  2.6226e-02,
E             3.9463e-02, -2.0354e-02],
E           ...,
E           [ 8.4810e-03,  9.0311e-03, -2.1285e-02,  ..., -2.6848e-02,
E            -1.5540e-02, -3.6943e-02],
E           [ 1.1299e-02,  3.8519e-02, -2.6743e-02,  ...,  1.4788e-02,
E             7.2435e-03,  2.6945e-02],
E           [-6.6577e-05,  4.8917e-03,  1.8004e-02,  ...,  1.0899e-02,
E            -3.5269e-02, -1.6603e-02]]), 'symbolSpace.subspace.expectation._inter_predictor.network.2.bias': tensor([-3.9171e-02, -2.7622e-02, -2.6129e-02, -1.7250e-02, -2.0479e-02,
E           -1.1900e-02, -1.8866e-03, -3.7807e-02, -2.3043e-02, -2.2064e-02,
E           -2.3074e-02,  1.4716e-02, -3.1267e-02,  1.8217e-02,  2.7265e-02,
E            8.7265e-03,  2.8772e-02,  3.8660e-02,  4.7191e-04, -1.4447e-02,
E           -5.5340e-03,  1.9381e-02,  2.4841e-02, -5.1535e-03, -3.3038e-02,
E           -1.7079e-02, -1.6137e-02,  3.8839e-02,  5.9814e-04, -1.1735e-02,
E           -1.0691e-02,  3.7423e-02, -1.1708e-02, -2.3370e-02,  1.7392e-02,
E           -2.2068e-02,  3.8927e-03,  2.7571e-02, -1.5284e-02, -2.5687e-02,
E            2.0386e-02,  2.8790e-02, -3.2210e-02,  9.5102e-03, -8.2696e-04,
E            2.3536e-02, -1.9225e-02, -2.3263e-04,  1.1494e-06, -6.2671e-03,
E           -1.0496e-02,  2.2492e-02, -1.4975e-03,  3.5953e-02,  5.7849e-03,
E           -2.0929e-02,  1.4196e-03,  3.8234e-02,  3.0186e-02, -3.5705e-02,
E            3.4720e-02, -3.8682e-02, -2.1604e-02, -2.9485e-02, -2.9069e-02,
E            3.8522e-02,  1.3031e-02,  3.5639e-02, -2.5812e-02, -3.2814e-02,
E           -1.5015e-02,  2.1122e-02, -2.1013e-02,  1.6391e-02, -2.2198e-02,
E           -2.4538e-02, -2.3530e-02,  1.4275e-02, -3.9653e-02, -2.7385e-03,
E            3.9579e-02,  2.8462e-02, -3.5287e-02, -1.9444e-02,  3.0272e-02,
E           -3.0909e-02,  3.5042e-02, -2.0141e-02,  1.5152e-02,  2.4689e-02,
E           -1.1499e-02, -3.0939e-02, -2.5479e-02,  7.3187e-03,  6.9004e-05,
E            3.4765e-02, -1.6851e-02, -7.7240e-03,  1.2262e-02,  2.3729e-02,
E            1.3228e-02, -2.4567e-02, -3.6721e-02,  1.2580e-02, -3.0615e-02,
E           -1.9635e-02,  3.9170e-02,  2.0570e-02, -5.9884e-03,  7.7403e-03,
E            1.5986e-02,  7.7527e-03, -6.4858e-03,  1.1396e-02, -2.4243e-02,
E            2.6388e-02,  4.3791e-04,  3.5571e-02, -5.6558e-03, -1.1031e-02,
E           -2.7322e-02,  2.0034e-02, -3.2250e-02, -7.1475e-03,  5.2750e-03,
E            1.7943e-02, -1.7814e-02,  3.0299e-02, -8.7762e-03,  2.8286e-02,
E            3.7093e-02,  3.8545e-02,  2.7975e-02,  6.3351e-03,  3.5159e-02,
E           -1.3510e-02, -2.3639e-03, -2.1781e-02,  2.1784e-02,  1.3461e-02,
E            7.7182e-03,  5.5401e-03,  2.6301e-02,  3.2081e-02, -3.5730e-02,
E            6.3792e-03, -2.2908e-02, -8.0044e-03, -1.0682e-02,  8.3172e-03,
E            3.7921e-02,  2.4345e-02,  9.6882e-03,  7.9850e-03, -1.2512e-03,
E           -2.8622e-02,  1.1749e-03, -2.0910e-02,  2.9515e-02, -2.2961e-02,
E           -2.8668e-03, -1.0241e-02, -4.9953e-04, -3.9691e-04,  1.9100e-02,
E            2.3350e-02, -2.3316e-02, -2.7688e-02,  1.1327e-02,  4.0871e-03,
E           -3.4891e-02, -2.2080e-02,  1.0979e-02, -2.9877e-02, -3.8658e-02,
E            1.8212e-02, -3.7913e-02, -2.1669e-02, -8.2870e-04,  1.9689e-02,
E           -1.1906e-02,  3.4508e-02,  9.1925e-03,  2.5935e-02,  4.0417e-03,
E           -2.5632e-02,  5.7980e-03, -1.2550e-02, -9.3644e-03, -2.5835e-02,
E           -3.7075e-02, -3.1085e-02, -2.6425e-02,  2.8561e-02, -2.9800e-02,
E            1.8549e-02,  6.5456e-03,  7.3074e-03, -2.7230e-02, -2.6481e-02,
E           -2.4424e-02,  1.5247e-02, -3.7927e-02, -2.0566e-02, -2.5332e-02,
E            2.0197e-02, -2.1575e-03, -1.8307e-02, -7.6260e-03,  2.9509e-02,
E           -1.6024e-03,  5.4617e-03,  3.3593e-02, -2.4411e-02,  2.8116e-02,
E            9.5515e-04,  3.4882e-02, -1.0625e-02, -1.8396e-02, -2.2761e-02,
E            1.8248e-03, -2.3829e-02, -1.9847e-02, -1.4549e-02, -2.5543e-02,
E            1.3905e-02, -4.0976e-04,  6.6276e-03, -2.8300e-02, -3.2933e-03,
E           -1.6221e-02,  3.5723e-02, -2.5737e-02, -3.8192e-02, -3.3016e-02,
E           -8.9879e-03, -1.5196e-02,  1.3994e-02,  2.6082e-02, -3.2440e-02,
E            4.3802e-03,  4.1691e-03,  1.0302e-02, -2.1624e-02,  6.8440e-03,
E           -3.5823e-02,  1.6451e-02,  3.6180e-02,  1.9309e-02,  2.7642e-02,
E            3.8869e-02, -1.5624e-02, -1.7483e-02,  2.0530e-02,  1.9273e-02,
E           -3.2612e-02, -2.5563e-03,  2.8175e-02,  5.3411e-03,  2.0314e-02,
E           -2.9119e-02,  2.9682e-02,  2.5810e-02, -8.4354e-03,  1.8257e-02,
E           -1.6007e-02,  2.5121e-02,  1.5117e-02, -6.2494e-03, -3.5873e-03,
E            8.9783e-03, -8.5521e-03,  2.2766e-02,  2.2502e-02, -3.1967e-02,
E            2.2009e-02, -2.2961e-02,  1.1801e-02,  3.0656e-02,  1.0714e-02,
E           -3.7542e-02, -2.2931e-02,  6.6367e-04, -2.8224e-02,  6.9216e-03,
E            8.6159e-03,  3.6734e-02,  1.2535e-02,  2.1578e-02,  2.9408e-02,
E           -1.4759e-03, -1.6399e-02,  8.2234e-04, -3.6522e-02, -3.0901e-02,
E            3.7873e-03, -2.6879e-02,  2.1806e-02,  6.4316e-03, -1.8863e-02,
E           -8.9517e-03,  2.0195e-02,  3.0395e-02, -1.3051e-02, -5.5539e-03,
E            1.4907e-03, -7.6145e-03,  2.8222e-02, -1.4265e-02,  3.3636e-02,
E            2.8002e-03,  1.7502e-02,  6.1932e-03,  2.5312e-02, -2.9262e-02]), 'symbolSpace.subspace.expectation.word_predictor.0.weight': tensor([[ 0.0081, -0.0083, -0.0193,  ...,  0.0091,  0.0018, -0.0138],
E           [-0.0343, -0.0089, -0.0337,  ..., -0.0320,  0.0122, -0.0286],
E           [ 0.0243, -0.0189, -0.0160,  ..., -0.0284, -0.0036,  0.0220],
E           ...,
E           [ 0.0040,  0.0286,  0.0028,  ..., -0.0230,  0.0225,  0.0105],
E           [-0.0150,  0.0287,  0.0034,  ..., -0.0197, -0.0007, -0.0346],
E           [-0.0058, -0.0056,  0.0171,  ..., -0.0044,  0.0025,  0.0250]]), 'symbolSpace.subspace.expectation.word_predictor.0.bias': tensor([-0.0037, -0.0020, -0.0026,  0.0109, -0.0061,  0.0015,  0.0226, -0.0194,
E           -0.0272, -0.0350,  0.0160, -0.0203, -0.0327, -0.0260,  0.0156, -0.0201,
E           -0.0003,  0.0166, -0.0317,  0.0229, -0.0003,  0.0077, -0.0104, -0.0009,
E            0.0027,  0.0006,  0.0369,  0.0010,  0.0285, -0.0056, -0.0188,  0.0012,
E            0.0259, -0.0332, -0.0251,  0.0020,  0.0012, -0.0277,  0.0362,  0.0051,
E            0.0160,  0.0226, -0.0100,  0.0054, -0.0038,  0.0250,  0.0225,  0.0249,
E            0.0101,  0.0307,  0.0318, -0.0338,  0.0218,  0.0205,  0.0359,  0.0154,
E           -0.0295, -0.0124, -0.0164, -0.0047, -0.0223, -0.0369,  0.0113,  0.0370,
E            0.0237, -0.0089, -0.0155, -0.0122, -0.0138,  0.0023,  0.0361,  0.0213,
E            0.0241, -0.0056, -0.0346,  0.0269, -0.0135,  0.0088, -0.0078,  0.0107,
E            0.0011,  0.0286,  0.0293, -0.0004,  0.0366, -0.0124,  0.0362,  0.0125,
E           -0.0314, -0.0236,  0.0344, -0.0325,  0.0105,  0.0031,  0.0102, -0.0152,
E           -0.0070, -0.0303, -0.0097, -0.0139,  0.0309, -0.0192,  0.0249,  0.0065,
E           -0.0153,  0.0132,  0.0201,  0.0185, -0.0114, -0.0363, -0.0003, -0.0279,
E           -0.0360, -0.0082, -0.0241,  0.0052, -0.0158, -0.0064, -0.0226,  0.0151,
E            0.0264,  0.0241,  0.0002,  0.0341,  0.0070,  0.0188, -0.0261,  0.0023,
E           -0.0021, -0.0034,  0.0312,  0.0287, -0.0176,  0.0134,  0.0140, -0.0098,
E            0.0231,  0.0029,  0.0132,  0.0185,  0.0336,  0.0023, -0.0224,  0.0044,
E            0.0266, -0.0002,  0.0278,  0.0215,  0.0278, -0.0204,  0.0094,  0.0299,
E           -0.0121,  0.0367,  0.0164, -0.0270, -0.0349,  0.0321, -0.0179,  0.0087,
E           -0.0349,  0.0216,  0.0164, -0.0342, -0.0151,  0.0339,  0.0338,  0.0077,
E            0.0285,  0.0052,  0.0091, -0.0051,  0.0247,  0.0107,  0.0171, -0.0319,
E           -0.0149,  0.0007,  0.0012, -0.0273,  0.0186, -0.0297, -0.0004,  0.0206,
E           -0.0165,  0.0244,  0.0066,  0.0291,  0.0170, -0.0198,  0.0024, -0.0335,
E           -0.0214,  0.0363, -0.0272, -0.0341,  0.0047, -0.0318, -0.0085, -0.0342,
E            0.0354, -0.0194,  0.0159,  0.0184, -0.0099, -0.0300,  0.0081,  0.0285]), 'symbolSpace.subspace.expectation.word_predictor.2.weight': tensor([[-0.0202, -0.0204,  0.0304,  ..., -0.0039, -0.0447, -0.0437],
E           [-0.0524, -0.0005, -0.0236,  ..., -0.0300,  0.0562,  0.0494],
E           [ 0.0615,  0.0430,  0.0342,  ...,  0.0106,  0.0216,  0.0669],
E           ...,
E           [-0.0362,  0.0205,  0.0554,  ..., -0.0651, -0.0022, -0.0057],
E           [-0.0221, -0.0004, -0.0507,  ..., -0.0325, -0.0273, -0.0212],
E           [-0.0302, -0.0087, -0.0316,  ..., -0.0028, -0.0277,  0.0361]]), 'symbolSpace.subspace.expectation.word_predictor.2.bias': tensor([-0.0634, -0.0095, -0.0295,  0.0422, -0.0612,  0.0292, -0.0416,  0.0514,
E            0.0267,  0.0273,  0.0446, -0.0591, -0.0232, -0.0542, -0.0150, -0.0338,
E           -0.0177,  0.0114,  0.0210, -0.0612, -0.0230, -0.0087,  0.0622,  0.0658,
E           -0.0593, -0.0251, -0.0365,  0.0344,  0.0343, -0.0101,  0.0472, -0.0150,
E            0.0248,  0.0072, -0.0042, -0.0301,  0.0665,  0.0550,  0.0278,  0.0472,
E           -0.0016,  0.0023,  0.0407,  0.0034, -0.0037, -0.0508,  0.0306, -0.0445,
E            0.0398,  0.0388,  0.0630, -0.0581,  0.0201, -0.0456,  0.0322,  0.0484,
E           -0.0564,  0.0349,  0.0067, -0.0240,  0.0250,  0.0510,  0.0104, -0.0595,
E           -0.0080, -0.0127,  0.0485, -0.0013, -0.0301,  0.0509, -0.0547,  0.0439,
E           -0.0445,  0.0182,  0.0097, -0.0671,  0.0294, -0.0628,  0.0379,  0.0576,
E            0.0158,  0.0590,  0.0081,  0.0594, -0.0009,  0.0485, -0.0610,  0.0466,
E           -0.0045, -0.0234, -0.0595, -0.0620, -0.0303, -0.0410, -0.0082, -0.0592,
E            0.0024, -0.0667, -0.0663, -0.0101, -0.0652,  0.0468,  0.0245,  0.0344]), 'symbolSpace.subspace.expectation._ltm_store.slots': tensor([[[0., 0., 0.,  ..., 0., 0., 0.],
E            [0., 0., 0.,  ..., 0., 0., 0.],
E            [0., 0., 0.,  ..., 0., 0., 0.]],
E   
E           [[0., 0., 0.,  ..., 0., 0., 0.],
E            [0., 0., 0.,  ..., 0., 0., 0.],
E            [0., 0., 0.,  ..., 0., 0., 0.]],
E   
E           [[0., 0., 0.,  ..., 0., 0., 0.],
E            [0., 0., 0.,  ..., 0., 0., 0.],
E            [0., 0., 0.,  ..., 0., 0., 0.]],
E   
E           ...,
E   
E           [[0., 0., 0.,  ..., 0., 0., 0.],
E            [0., 0., 0.,  ..., 0., 0., 0.],
E            [0., 0., 0.,  ..., 0., 0., 0.]],
E   
E           [[0., 0., 0.,  ..., 0., 0., 0.],
E            [0., 0., 0.,  ..., 0., 0., 0.],
E            [0., 0., 0.,  ..., 0., 0., 0.]],
E   
E           [[0., 0., 0.,  ..., 0., 0., 0.],
E            [0., 0., 0.,  ..., 0., 0., 0.],
E            [0., 0., 0.,  ..., 0., 0., 0.]]]), 'symbolSpace.subspace.expectation._ltm_store.rel_type': tensor([0, 0, 0, 0, 0, 0, 0, 0, 0, 0, 0, 0, 0, 0, 0, 0, 0, 0, 0, 0, 0, 0, 0, 0,
E           0, 0, 0, 0, 0, 0, 0, 0, 0, 0, 0, 0, 0, 0, 0, 0, 0, 0, 0, 0, 0, 0, 0, 0,
E           0, 0, 0, 0, 0, 0, 0, 0, 0, 0, 0, 0, 0, 0, 0, 0]), 'symbolSpace.subspace.expectation._ltm_store.timestamp': tensor([0., 0., 0., 0., 0., 0., 0., 0., 0., 0., 0., 0., 0., 0., 0., 0., 0., 0., 0., 0., 0., 0., 0., 0.,
E           0., 0., 0., 0., 0., 0., 0., 0., 0., 0., 0., 0., 0., 0., 0., 0., 0., 0., 0., 0., 0., 0., 0., 0.,
E           0., 0., 0., 0., 0., 0., 0., 0., 0., 0., 0., 0., 0., 0., 0., 0.]), 'symbolSpace.subspace.expectation._ltm_store.order': tensor([-1, -1, -1, -1, -1, -1, -1, -1, -1, -1, -1, -1, -1, -1, -1, -1, -1, -1,
E           -1, -1, -1, -1, -1, -1, -1, -1, -1, -1, -1, -1, -1, -1, -1, -1, -1, -1,
E           -1, -1, -1, -1, -1, -1, -1, -1, -1, -1, -1, -1, -1, -1, -1, -1, -1, -1,
E           -1, -1, -1, -1, -1, -1, -1, -1, -1, -1]), 'symbolSpace.subspace.expectation._ltm_store.c_plus': tensor([0., 0., 0., 0., 0., 0., 0., 0., 0., 0., 0., 0., 0., 0., 0., 0., 0., 0., 0., 0., 0., 0., 0., 0.,
E           0., 0., 0., 0., 0., 0., 0., 0., 0., 0., 0., 0., 0., 0., 0., 0., 0., 0., 0., 0., 0., 0., 0., 0.,
E           0., 0., 0., 0., 0., 0., 0., 0., 0., 0., 0., 0., 0., 0., 0., 0.]), 'symbolSpace.subspace.expectation._ltm_store.c_minus': tensor([0., 0., 0., 0., 0., 0., 0., 0., 0., 0., 0., 0., 0., 0., 0., 0., 0., 0., 0., 0., 0., 0., 0., 0.,
E           0., 0., 0., 0., 0., 0., 0., 0., 0., 0., 0., 0., 0., 0., 0., 0., 0., 0., 0., 0., 0., 0., 0., 0.,
E           0., 0., 0., 0., 0., 0., 0., 0., 0., 0., 0., 0., 0., 0., 0., 0.]), 'symbolSpace.subspace.expectation._ltm_store.refs': tensor([[-1, -1, -1],
E           [-1, -1, -1],
E           [-1, -1, -1],
E           [-1, -1, -1],
E           [-1, -1, -1],
E           [-1, -1, -1],
E           [-1, -1, -1],
E           [-1, -1, -1],
E           [-1, -1, -1],
E           [-1, -1, -1],
E           [-1, -1, -1],
E           [-1, -1, -1],
E           [-1, -1, -1],
E           [-1, -1, -1],
E           [-1, -1, -1],
E           [-1, -1, -1],
E           [-1, -1, -1],
E           [-1, -1, -1],
E           [-1, -1, -1],
E           [-1, -1, -1],
E           [-1, -1, -1],
E           [-1, -1, -1],
E           [-1, -1, -1],
E           [-1, -1, -1],
E           [-1, -1, -1],
E           [-1, -1, -1],
E           [-1, -1, -1],
E           [-1, -1, -1],
E           [-1, -1, -1],
E           [-1, -1, -1],
E           [-1, -1, -1],
E           [-1, -1, -1],
E           [-1, -1, -1],
E           [-1, -1, -1],
E           [-1, -1, -1],
E           [-1, -1, -1],
E           [-1, -1, -1],
E           [-1, -1, -1],
E           [-1, -1, -1],
E           [-1, -1, -1],
E           [-1, -1, -1],
E           [-1, -1, -1],
E           [-1, -1, -1],
E           [-1, -1, -1],
E           [-1, -1, -1],
E           [-1, -1, -1],
E           [-1, -1, -1],
E           [-1, -1, -1],
E           [-1, -1, -1],
E           [-1, -1, -1],
E           [-1, -1, -1],
E           [-1, -1, -1],
E           [-1, -1, -1],
E           [-1, -1, -1],
E           [-1, -1, -1],
E           [-1, -1, -1],
E           [-1, -1, -1],
E           [-1, -1, -1],
E           [-1, -1, -1],
E           [-1, -1, -1],
E           [-1, -1, -1],
E           [-1, -1, -1],
E           [-1, -1, -1],
E           [-1, -1, -1]]), 'symbolSpace.subspace.expectation._ltm_store.row_ids': tensor([-1, -1, -1, -1, -1, -1, -1, -1, -1, -1, -1, -1, -1, -1, -1, -1, -1, -1,
E           -1, -1, -1, -1, -1, -1, -1, -1, -1, -1, -1, -1, -1, -1, -1, -1, -1, -1,
E           -1, -1, -1, -1, -1, -1, -1, -1, -1, -1, -1, -1, -1, -1, -1, -1, -1, -1,
E           -1, -1, -1, -1, -1, -1, -1, -1, -1, -1]), 'symbolSpace.subspace.expectation._ltm_store.where': tensor([[0., 0., 0., 0.],
E           [0., 0., 0., 0.],
E           [0., 0., 0., 0.],
E           [0., 0., 0., 0.],
E           [0., 0., 0., 0.],
E           [0., 0., 0., 0.],
E           [0., 0., 0., 0.],
E           [0., 0., 0., 0.],
E           [0., 0., 0., 0.],
E           [0., 0., 0., 0.],
E           [0., 0., 0., 0.],
E           [0., 0., 0., 0.],
E           [0., 0., 0., 0.],
E           [0., 0., 0., 0.],
E           [0., 0., 0., 0.],
E           [0., 0., 0., 0.],
E           [0., 0., 0., 0.],
E           [0., 0., 0., 0.],
E           [0., 0., 0., 0.],
E           [0., 0., 0., 0.],
E           [0., 0., 0., 0.],
E           [0., 0., 0., 0.],
E           [0., 0., 0., 0.],
E           [0., 0., 0., 0.],
E           [0., 0., 0., 0.],
E           [0., 0., 0., 0.],
E           [0., 0., 0., 0.],
E           [0., 0., 0., 0.],
E           [0., 0., 0., 0.],
E           [0., 0., 0., 0.],
E           [0., 0., 0., 0.],
E           [0., 0., 0., 0.],
E           [0., 0., 0., 0.],
E           [0., 0., 0., 0.],
E           [0., 0., 0., 0.],
E           [0., 0., 0., 0.],
E           [0., 0., 0., 0.],
E           [0., 0., 0., 0.],
E           [0., 0., 0., 0.],
E           [0., 0., 0., 0.],
E           [0., 0., 0., 0.],
E           [0., 0., 0., 0.],
E           [0., 0., 0., 0.],
E           [0., 0., 0., 0.],
E           [0., 0., 0., 0.],
E           [0., 0., 0., 0.],
E           [0., 0., 0., 0.],
E           [0., 0., 0., 0.],
E           [0., 0., 0., 0.],
E           [0., 0., 0., 0.],
E           [0., 0., 0., 0.],
E           [0., 0., 0., 0.],
E           [0., 0., 0., 0.],
E           [0., 0., 0., 0.],
E           [0., 0., 0., 0.],
E           [0., 0., 0., 0.],
E           [0., 0., 0., 0.],
E           [0., 0., 0., 0.],
E           [0., 0., 0., 0.],
E           [0., 0., 0., 0.],
E           [0., 0., 0., 0.],
E           [0., 0., 0., 0.],
E           [0., 0., 0., 0.],
E           [0., 0., 0., 0.]]), 'symbolSpace.subspace.expectation._ltm_store.when': tensor([[0., 0., 0., 0.],
E           [0., 0., 0., 0.],
E           [0., 0., 0., 0.],
E           [0., 0., 0., 0.],
E           [0., 0., 0., 0.],
E           [0., 0., 0., 0.],
E           [0., 0., 0., 0.],
E           [0., 0., 0., 0.],
E           [0., 0., 0., 0.],
E           [0., 0., 0., 0.],
E           [0., 0., 0., 0.],
E           [0., 0., 0., 0.],
E           [0., 0., 0., 0.],
E           [0., 0., 0., 0.],
E           [0., 0., 0., 0.],
E           [0., 0., 0., 0.],
E           [0., 0., 0., 0.],
E           [0., 0., 0., 0.],
E           [0., 0., 0., 0.],
E           [0., 0., 0., 0.],
E           [0., 0., 0., 0.],
E           [0., 0., 0., 0.],
E           [0., 0., 0., 0.],
E           [0., 0., 0., 0.],
E           [0., 0., 0., 0.],
E           [0., 0., 0., 0.],
E           [0., 0., 0., 0.],
E           [0., 0., 0., 0.],
E           [0., 0., 0., 0.],
E           [0., 0., 0., 0.],
E           [0., 0., 0., 0.],
E           [0., 0., 0., 0.],
E           [0., 0., 0., 0.],
E           [0., 0., 0., 0.],
E           [0., 0., 0., 0.],
E           [0., 0., 0., 0.],
E           [0., 0., 0., 0.],
E           [0., 0., 0., 0.],
E           [0., 0., 0., 0.],
E           [0., 0., 0., 0.],
E           [0., 0., 0., 0.],
E           [0., 0., 0., 0.],
E           [0., 0., 0., 0.],
E           [0., 0., 0., 0.],
E           [0., 0., 0., 0.],
E           [0., 0., 0., 0.],
E           [0., 0., 0., 0.],
E           [0., 0., 0., 0.],
E           [0., 0., 0., 0.],
E           [0., 0., 0., 0.],
E           [0., 0., 0., 0.],
E           [0., 0., 0., 0.],
E           [0., 0., 0., 0.],
E           [0., 0., 0., 0.],
E           [0., 0., 0., 0.],
E           [0., 0., 0., 0.],
E           [0., 0., 0., 0.],
E           [0., 0., 0., 0.],
E           [0., 0., 0., 0.],
E           [0., 0., 0., 0.],
E           [0., 0., 0., 0.],
E           [0., 0., 0., 0.],
E           [0., 0., 0., 0.],
E           [0., 0., 0., 0.]]), 'symbolSpace.subspace.expectation._ltm_store.truth_schema': tensor(9), 'symbolSpace.subspace.expectation._ltm_store.surprise': tensor([-1., -1., -1., -1., -1., -1., -1., -1., -1., -1., -1., -1., -1., -1.,
E           -1., -1., -1., -1., -1., -1., -1., -1., -1., -1., -1., -1., -1., -1.,
E           -1., -1., -1., -1., -1., -1., -1., -1., -1., -1., -1., -1., -1., -1.,
E           -1., -1., -1., -1., -1., -1., -1., -1., -1., -1., -1., -1., -1., -1.,
E           -1., -1., -1., -1., -1., -1., -1., -1.]), 'symbolSpace.subspace.expectation._ltm_store.count': tensor(0), 'symbolSpace.subspace.expectation._ltm_store.origin': tensor([0, 0, 0, 0, 0, 0, 0, 0, 0, 0, 0, 0, 0, 0, 0, 0, 0, 0, 0, 0, 0, 0, 0, 0,
E           0, 0, 0, 0, 0, 0, 0, 0, 0, 0, 0, 0, 0, 0, 0, 0, 0, 0, 0, 0, 0, 0, 0, 0,
E           0, 0, 0, 0, 0, 0, 0, 0, 0, 0, 0, 0, 0, 0, 0, 0]), 'symbolSpace.subspace.expectation._ltm_store._next_ts': tensor(0), 'symbolSpace.subspace.expectation._ltm_store.role_mask': tensor([[False, False, False],
E           [False, False, False],
E           [False, False, False],
E           [False, False, False],
E           [False, False, False],
E           [False, False, False],
E           [False, False, False],
E           [False, False, False],
E           [False, False, False],
E           [False, False, False],
E           [False, False, False],
E           [False, False, False],
E           [False, False, False],
E           [False, False, False],
E           [False, False, False],
E           [False, False, False],
E           [False, False, False],
E           [False, False, False],
E           [False, False, False],
E           [False, False, False],
E           [False, False, False],
E           [False, False, False],
E           [False, False, False],
E           [False, False, False],
E           [False, False, False],
E           [False, False, False],
E           [False, False, False],
E           [False, False, False],
E           [False, False, False],
E           [False, False, False],
E           [False, False, False],
E           [False, False, False],
E           [False, False, False],
E           [False, False, False],
E           [False, False, False],
E           [False, False, False],
E           [False, False, False],
E           [False, False, False],
E           [False, False, False],
E           [False, False, False],
E           [False, False, False],
E           [False, False, False],
E           [False, False, False],
E           [False, False, False],
E           [False, False, False],
E           [False, False, False],
E           [False, False, False],
E           [False, False, False],
E           [False, False, False],
E           [False, False, False],
E           [False, False, False],
E           [False, False, False],
E           [False, False, False],
E           [False, False, False],
E           [False, False, False],
E           [False, False, False],
E           [False, False, False],
E           [False, False, False],
E           [False, False, False],
E           [False, False, False],
E           [False, False, False],
E           [False, False, False],
E           [False, False, False],
E           [False, False, False]]), 'symbolSpace.subspace.expectation._ltm_store.record_kind': tensor([0, 0, 0, 0, 0, 0, 0, 0, 0, 0, 0, 0, 0, 0, 0, 0, 0, 0, 0, 0, 0, 0, 0, 0,
E           0, 0, 0, 0, 0, 0, 0, 0, 0, 0, 0, 0, 0, 0, 0, 0, 0, 0, 0, 0, 0, 0, 0, 0,
E           0, 0, 0, 0, 0, 0, 0, 0, 0, 0, 0, 0, 0, 0, 0, 0]), 'symbolSpace.subspace.expectation._ltm_store.grammatical_mode': tensor([0, 0, 0, 0, 0, 0, 0, 0, 0, 0, 0, 0, 0, 0, 0, 0, 0, 0, 0, 0, 0, 0, 0, 0,
E           0, 0, 0, 0, 0, 0, 0, 0, 0, 0, 0, 0, 0, 0, 0, 0, 0, 0, 0, 0, 0, 0, 0, 0,
E           0, 0, 0, 0, 0, 0, 0, 0, 0, 0, 0, 0, 0, 0, 0, 0]), 'symbolSpace.subspace.expectation._ltm_store.polarity': tensor([True, True, True, True, True, True, True, True, True, True, True, True,
E           True, True, True, True, True, True, True, True, True, True, True, True,
E           True, True, True, True, True, True, True, True, True, True, True, True,
E           True, True, True, True, True, True, True, True, True, True, True, True,
E           True, True, True, True, True, True, True, True, True, True, True, True,
E           True, True, True, True]), 'symbolSpace.subspace.expectation._ltm_store.occurrence_id': tensor([-1, -1, -1, -1, -1, -1, -1, -1, -1, -1, -1, -1, -1, -1, -1, -1, -1, -1,
E           -1, -1, -1, -1, -1, -1, -1, -1, -1, -1, -1, -1, -1, -1, -1, -1, -1, -1,
E           -1, -1, -1, -1, -1, -1, -1, -1, -1, -1, -1, -1, -1, -1, -1, -1, -1, -1,
E           -1, -1, -1, -1, -1, -1, -1, -1, -1, -1]), 'symbolSpace.subspace.expectation._ltm_store._next_occurrence': tensor(0), 'symbolSpace.subspace.expectation._ltm_store._occurrence_namespace': tensor([115,  23,  83, 235, 108, 171,  70,  32, 147, 218,  51, 120, 241,  82,
E           152,  99], dtype=torch.uint8), 'symbolSpace.subspace.expectation._ltm_store.metadata_required': tensor([False, False, False, False, False, False, False, False, False, False,
E           False, False, False, False, False, False, False, False, False, False,
E           False, False, False, False, False, False, False, False, False, False,
E           False, False, False, False, False, False, False, False, False, False,
E           False, False, False, False, False, False, False, False, False, False,
E           False, False, False, False, False, False, False, False, False, False,
E           False, False, False, False]), 'symbolSpace.subspace.expectation._ltm_store.semantic_fingerprint': tensor([[0, 0, 0,  ..., 0, 0, 0],
E           [0, 0, 0,  ..., 0, 0, 0],
E           [0, 0, 0,  ..., 0, 0, 0],
E           ...,
E           [0, 0, 0,  ..., 0, 0, 0],
E           [0, 0, 0,  ..., 0, 0, 0],
E           [0, 0, 0,  ..., 0, 0, 0]], dtype=torch.uint8), 'symbolSpace.subspace.expectation._ltm_store.leaf_complete': tensor([[False, False, False],
E           [False, False, False],
E           [False, False, False],
E           [False, False, False],
E           [False, False, False],
E           [False, False, False],
E           [False, False, False],
E           [False, False, False],
E           [False, False, False],
E           [False, False, False],
E           [False, False, False],
E           [False, False, False],
E           [False, False, False],
E           [False, False, False],
E           [False, False, False],
E           [False, False, False],
E           [False, False, False],
E           [False, False, False],
E           [False, False, False],
E           [False, False, False],
E           [False, False, False],
E           [False, False, False],
E           [False, False, False],
E           [False, False, False],
E           [False, False, False],
E           [False, False, False],
E           [False, False, False],
E           [False, False, False],
E           [False, False, False],
E           [False, False, False],
E           [False, False, False],
E           [False, False, False],
E           [False, False, False],
E           [False, False, False],
E           [False, False, False],
E           [False, False, False],
E           [False, False, False],
E           [False, False, False],
E           [False, False, False],
E           [False, False, False],
E           [False, False, False],
E           [False, False, False],
E           [False, False, False],
E           [False, False, False],
E           [False, False, False],
E           [False, False, False],
E           [False, False, False],
E           [False, False, False],
E           [False, False, False],
E           [False, False, False],
E           [False, False, False],
E           [False, False, False],
E           [False, False, False],
E           [False, False, False],
E           [False, False, False],
E           [False, False, False],
E           [False, False, False],
E           [False, False, False],
E           [False, False, False],
E           [False, False, False],
E           [False, False, False],
E           [False, False, False],
E           [False, False, False],
E           [False, False, False]]), 'symbolSpace.subspace.expectation._ltm_store.index_stream': tensor([-1, -1, -1, -1, -1, -1, -1, -1, -1, -1, -1, -1, -1, -1, -1, -1, -1, -1,
E           -1, -1, -1, -1, -1, -1, -1, -1, -1, -1, -1, -1, -1, -1, -1, -1, -1, -1,
E           -1, -1, -1, -1, -1, -1, -1, -1, -1, -1, -1, -1, -1, -1, -1, -1, -1, -1,
E           -1, -1, -1, -1, -1, -1, -1, -1, -1, -1]), 'symbolSpace.subspace.expectation._ltm_store.posting_codes': tensor([], dtype=torch.int64), 'symbolSpace.subspace.expectation._ltm_store.posting_roles': tensor([], dtype=torch.int64), 'symbolSpace.subspace.expectation._ltm_store.posting_rows': tensor([], dtype=torch.int64), 'symbolSpace.languageSpace._generate_rule_keys': tensor([1683420246998659096, 5259291403910554770,                   0]), 'symbolSpace.languageSpace.decomposition_chooser.weight': tensor([1., 0., 0., 0., 0.]), 'symbolSpace.languageSpace.generate_policy.weight': tensor([[ 5.2464e-03,  9.6710e-03, -8.2849e-03,  6.4710e-03, -6.3502e-03,
E            -3.1324e-03, -1.8205e-03,  8.0294e-03,  2.7583e-03, -5.8192e-03,
E            -3.0464e-03, -4.9213e-04, -4.0447e-03, -2.4322e-03,  8.8218e-03,
E             9.7408e-03, -8.8793e-04,  2.9403e-03,  1.0672e-03,  9.4179e-03,
E             5.4165e-03, -5.2889e-03, -4.3999e-03,  3.1703e-03,  2.4875e-05,
E             2.8685e-03,  2.4335e-03, -7.9068e-03, -8.0933e-03, -8.9547e-03,
E             1.8496e-03,  3.9607e-03,  9.4898e-03, -4.2149e-03, -9.3651e-04,
E             9.8899e-04, -5.9505e-04, -6.1916e-03,  8.8561e-03,  5.9726e-03,
E            -3.1795e-03, -2.8305e-03, -5.8365e-03,  5.9823e-03,  9.1959e-03,
E             7.1912e-03,  6.6168e-03, -4.4252e-03,  2.2864e-03,  9.1550e-03,
E            -3.2501e-03, -7.3078e-03,  6.8991e-03, -9.7665e-03,  3.2491e-03,
E            -2.6376e-03,  7.3283e-03,  6.1005e-03, -7.7152e-03, -7.7354e-03,
E             7.8990e-03,  6.1410e-03, -1.8055e-03,  4.7489e-03, -6.9920e-03,
E            -6.1513e-03,  6.4045e-03,  4.4702e-03, -5.0749e-03,  7.2665e-03,
E             2.3720e-03,  6.9206e-03, -5.7485e-03,  3.4898e-03, -8.6864e-03,
E            -3.9354e-03, -4.3543e-03, -6.9577e-03, -9.0777e-03,  4.5836e-03,
E            -2.0728e-04, -7.5902e-03, -4.2155e-03, -4.9506e-03, -7.7757e-03,
E            -4.0915e-03,  8.6480e-03, -4.7881e-03, -1.5499e-03, -9.6199e-03,
E            -1.1225e-03,  2.1088e-03, -3.6063e-03,  3.2132e-03, -2.6476e-03,
E            -4.1623e-03,  7.3287e-03,  7.0259e-04, -4.5402e-03, -4.3467e-03,
E            -1.1409e-03,  8.4881e-03,  1.3308e-03,  6.4943e-03],
E           [ 5.9508e-03, -8.9563e-03, -4.8768e-03,  2.1265e-03, -3.3518e-03,
E            -9.1386e-04,  4.3676e-03, -3.4580e-03,  2.4377e-03,  9.2969e-03,
E             1.2254e-03, -3.3157e-03, -2.3167e-03, -3.2517e-03, -6.8594e-03,
E            -8.1550e-03, -8.2930e-03,  2.8766e-03,  7.2366e-03,  9.2173e-03,
E            -6.5626e-03,  9.4387e-03,  6.5821e-03,  6.4385e-04, -9.2735e-03,
E            -8.8781e-05,  2.3483e-03, -8.2053e-03,  4.3404e-05, -9.3438e-03,
E             4.3682e-03, -4.9527e-03, -6.6055e-03, -2.5503e-03,  1.0765e-03,
E             2.0926e-03,  1.2825e-03,  8.8219e-05,  4.2591e-03, -7.5944e-03,
E            -2.9777e-03, -3.1843e-04, -1.6639e-03, -1.2746e-03,  4.2934e-03,
E             2.1109e-03,  2.5194e-04,  1.9441e-04, -1.8535e-03,  2.9810e-03,
E            -2.8388e-03,  2.5409e-03, -7.1400e-03,  4.2794e-03,  4.8798e-03,
E             3.6792e-03,  8.1029e-03, -6.0788e-03,  7.0029e-03,  1.8612e-03,
E            -7.6134e-03, -4.4468e-03,  6.3240e-04, -8.8189e-03,  6.7057e-03,
E             2.7964e-03, -1.9255e-03, -3.0930e-03, -6.1870e-03,  1.1292e-03,
E             3.0782e-03,  8.2881e-03, -2.9557e-03, -9.4555e-03, -2.1183e-03,
E             1.0133e-03,  6.2485e-04,  7.9699e-03,  1.1436e-03, -8.8861e-04,
E             4.6202e-04, -4.4994e-03,  3.4595e-03, -5.1242e-03, -5.4682e-03,
E            -4.1909e-03, -8.3585e-03,  5.7208e-03,  3.1939e-03, -8.9400e-03,
E            -4.7414e-04, -8.5813e-03, -7.3543e-03, -5.1570e-03,  5.0805e-03,
E             8.0117e-03, -6.1662e-03, -5.8448e-03, -9.1293e-03, -6.7119e-03,
E             3.9543e-03,  9.1352e-04,  8.7398e-03, -5.3030e-03],
E           [-4.3723e-03, -2.7217e-03, -2.2054e-05,  4.2899e-03,  1.3255e-03,
E            -3.9345e-03,  9.4851e-03, -3.7050e-03, -3.2771e-03, -6.6380e-03,
E            -5.4454e-03,  2.5268e-03,  5.1731e-03, -4.9700e-03,  7.7652e-03,
E             6.9328e-03,  1.5720e-03,  7.8295e-03,  6.6090e-05,  2.2178e-03,
E            -7.5204e-03, -3.5622e-03,  3.5103e-03,  9.5585e-03,  1.2085e-03,
E             9.6849e-03,  9.0095e-03,  3.3374e-03,  8.7970e-03,  1.1284e-03,
E             8.4646e-03,  2.2312e-03, -8.5974e-03,  6.0751e-03, -5.8585e-04,
E            -4.4657e-03,  3.6141e-03,  9.7130e-04,  8.6651e-03,  2.5863e-03,
E            -2.3794e-03,  4.8323e-03, -2.4320e-04, -5.8994e-03,  1.0958e-03,
E            -6.8809e-03, -8.4684e-03, -7.9593e-03, -4.5560e-03,  5.0328e-03,
E            -2.2093e-03, -4.1657e-04,  7.2611e-04, -5.1770e-03,  2.7228e-03,
E             3.5576e-04,  3.9903e-03, -3.1210e-03, -5.1694e-03, -2.8682e-03,
E             1.4615e-03,  4.1356e-03,  3.4714e-03, -7.3314e-03,  2.7127e-04,
E            -2.4090e-03,  2.1929e-03,  6.3224e-03,  1.5959e-03,  7.6034e-03,
E            -8.9356e-03, -7.6952e-03, -4.2235e-03, -7.8498e-03,  2.0979e-03,
E            -1.4457e-03,  8.3099e-03, -2.9950e-03,  8.3833e-03,  6.5978e-04,
E            -7.2015e-03,  5.6941e-03,  9.2248e-03, -6.1954e-04, -6.3222e-03,
E             8.1399e-04, -3.0065e-03, -7.1237e-03, -1.7280e-03,  4.7927e-03,
E             1.9491e-03,  8.6634e-03, -2.3731e-03,  5.8420e-03, -2.8103e-04,
E             3.0847e-03, -6.3925e-03,  3.0393e-04, -7.2959e-03,  9.6848e-03,
E            -9.2860e-03, -1.7537e-03,  1.5569e-03, -3.5318e-03]]), 'symbolSpace.languageSpace.generate_policy.bias': tensor([0., 0., 2.]), 'answer_attention.space_bias': tensor([0., 0., 0., 0., 0., 0.]), 'answer_attention.consume_gate': tensor([0.]), 'answer_attention.scorer.0.weight': tensor([[-0.4890,  0.2519,  0.2207, -0.4404],
E           [ 0.2312,  0.3954, -0.4740, -0.1157],
E           [-0.1139, -0.4039, -0.1369,  0.1977],
E           [ 0.1144,  0.3472, -0.4437,  0.0884],
E           [-0.1236, -0.4584,  0.4277,  0.4692],
E           [ 0.3894, -0.3202, -0.3715, -0.1810],
E           [-0.1671, -0.0946, -0.0873, -0.2627],
E           [ 0.3598, -0.2990,  0.3395,  0.3993],
E           [ 0.0593, -0.3496, -0.2540,  0.2492],
E           [-0.3032,  0.4964, -0.3444, -0.4018],
E           [-0.1016, -0.2696, -0.2905,  0.4387],
E           [-0.1407, -0.4577,  0.3301,  0.2360],
E           [-0.2693, -0.0051,  0.2102, -0.0458],
E           [ 0.3065, -0.0935, -0.2046,  0.2963],
E           [ 0.4043, -0.2564,  0.0294,  0.1809],
E           [ 0.0922, -0.3594, -0.3552, -0.4239]]), 'answer_attention.scorer.0.bias': tensor([-0.4743,  0.3975,  0.1908,  0.4933, -0.3468, -0.1527,  0.1654,  0.3629,
E           -0.1857,  0.1089, -0.2805, -0.4882, -0.3942, -0.3641,  0.3302,  0.0461]), 'answer_attention.scorer.2.weight': tensor([[-0.1041,  0.1203, -0.1695, -0.1539,  0.1988,  0.1029,  0.2485, -0.2117,
E             0.1746,  0.0568, -0.0288,  0.1091,  0.0882, -0.2066, -0.1591,  0.0071]]), 'answer_attention.scorer.2.bias': tensor([0.0107]), 'answer_record_reader.weight': tensor([[0., 0., 0., 0., 0., 0., 0., 0., 0., 0., 0., 0., 0., 0., 0., 0., 0., 0., 0., 0., 0., 0., 0., 0.,
E            0., 0., 0., 0., 0., 0., 0., 0., 0., 0., 0., 0., 0., 0., 0., 0., 0., 0., 0., 0., 0., 0., 0., 0.,
E            0., 0., 0., 0., 0., 0., 0., 0., 0., 0., 0., 0., 0., 0., 0., 0., 0., 0., 0., 0., 0., 0., 0., 0.,
E            0., 0., 0., 0., 0., 0., 0., 0., 0., 0., 0., 0., 0., 0., 0., 0., 0., 0., 0., 0., 0., 0., 0., 0.,
E            0., 0., 0., 0., 0., 0., 0., 0., 0., 0., 0., 0., 0., 0., 0., 0., 0., 0., 0., 0., 0., 0., 0., 0.,
E            0., 0., 0., 0., 0., 0., 0., 0., 0., 0., 0., 0., 0., 0., 0., 0., 0., 0., 0., 0., 0., 0., 0., 0.,
E            0., 0., 0., 0., 0., 0., 0., 0., 0., 0., 0., 0., 0., 0., 0., 0., 0., 0., 0., 0., 0., 0., 0., 0.,
E            0., 0., 0., 0., 0., 0., 0., 0., 0., 0., 0., 0., 0., 0., 0., 0., 0., 0., 0., 0., 0., 0., 0., 0.,
E            0., 0., 0., 0., 0., 0., 0., 0., 0., 0., 0., 0., 0., 0., 0., 0., 0., 0., 0., 0., 0., 0., 0., 0.,
E            0., 0., 0., 0., 0., 0., 0., 0., 0., 0., 0., 0., 0., 0., 0., 0., 0., 0., 0., 0., 0., 0., 0., 0.,
E            0., 0., 0., 0., 0., 0., 0., 0., 0., 0., 0., 0., 0., 0., 0., 0., 0., 0., 0., 0., 0., 0., 0., 0.,
E            0., 0., 0., 0., 0., 0., 0., 0., 0., 0., 0., 0., 0., 0., 0., 0., 0., 0., 0., 0., 0., 0., 0., 0.,
E            0., 0., 0., 0., 0., 0., 0., 0., 0., 0., 0., 0., 0., 0., 0., 0., 0., 0., 0., 0., 0., 0., 0., 0.,
E            0., 0., 0., 0., 0., 0., 0., 0., 0., 0., 0., 0., 0., 0., 0., 0., 0., 0., 0., 0., 0., 0., 0., 0.,
E            0., 0., 0., 0., 0., 0., 0., 0., 0., 0., 0., 0., 0., 0., 0., 0., 0., 0., 0., 0., 0., 0., 0., 0.,
E            0., 0., 0., 0., 0., 0., 0., 0., 0., 0., 0., 0., 0., 0., 0., 0., 0., 0., 0., 0., 0., 0., 0., 0.,
E            0., 0., 0., 0., 0., 0., 0., 0., 0., 0., 0., 0., 0., 0., 0., 0., 0., 0., 0., 0., 0., 0., 0., 0.,
E            0., 0., 0., 0., 0., 0., 0., 0., 0., 0., 0., 0., 0., 0., 0., 0., 0., 0., 0., 0., 0., 0., 0., 0.,
E            0., 0., 0., 0., 0., 0., 0., 0., 0., 0., 0., 0., 0., 0., 0., 0., 0., 0., 0., 0., 0., 0., 0., 0.,
E            0., 0., 0., 0., 0., 0., 0., 0., 0., 0., 0., 0., 0., 0., 0., 0., 0., 0., 0., 0., 0., 0., 0., 0.,
E            0., 0., 0., 0., 0., 0., 0., 0., 0., 0., 0., 0., 0., 0., 0., 0., 0., 0., 0., 0., 0., 0., 0., 0.,
E            0., 0., 0., 0., 0., 0., 0., 0., 0., 0., 0., 0., 0., 0., 0., 0.]])}) : ltm_store.trust must ride the state_dict
=============================== warnings summary ===============================
test/test_lift_lower_recommender.py::TestLiftLowerRecommender::test_lift_reverse_uses_recommender_with_basis
  /Users/arogers/github/WikiOracle/basicmodel/.venv/lib/python3.12/site-packages/torch/utils/_device.py:122: UserWarning: Converting a tensor with requires_grad=True to a scalar may lead to unexpected behavior.
  Consider using tensor.detach() first. (Triggered internally at /Users/runner/work/pytorch/pytorch/torch/csrc/autograd/generated/python_variable_methods.cpp:821.)
    return func(*args, **kwargs)

test/test_live_query_occurrences.py::test_what_reads_live_complete_question_across_a_detached_boundary
  /Users/arogers/github/WikiOracle/basicmodel/.venv/lib/python3.12/site-packages/torch/utils/_device.py:122: UserWarning: Sparse invariant checks are implicitly disabled. Memory errors (e.g. SEGFAULT) will occur when operating on a sparse tensor which violates the invariants, but checks incur performance overhead. To silence this warning, explicitly opt in or out. See `torch.sparse.check_sparse_tensor_invariants.__doc__` for guidance.  (Triggered internally at /Users/runner/work/pytorch/pytorch/aten/src/ATen/Context.cpp:855.)
    return func(*args, **kwargs)

test/test_mereology_raise.py::test_run_structure_over_word_spans_counts_words
test/test_mereology_raise.py::test_run_structure_single_blob_is_singleton
test/test_mereology_raise.py::test_stage_analysis_spans_is_structural_only
  /Users/arogers/github/WikiOracle/basicmodel/bin/Spaces.py:1233: RuntimeWarning: EventEncoding[WholeSpace]: nDim=8 leaves no content width after the canonical band (nWhere=4 + nWhen=4); raise <nDim> to at least 9 if this space builds a what-basis.
    warnings.warn(

-- Docs: https://docs.pytest.org/en/stable/how-to/capture-warnings.html
=========================== short test summary info ============================
FAILED test/test_live_references.py::test_public_reading_fuses_the_reference_before_capture_and_write
FAILED test/test_ltm_consolidation.py::TestSurviveResetAndPersistence::test_state_dict_keys_present
2 failed, 176 passed, 9 skipped, 5 warnings in 18.21s
