F                                                                        [100%]
=================================== FAILURES ===================================
_____ TestXorGrammarReconstruction.test_piecewise_overall_at_least_50_pct ______
test/test_explicit_dimensions.py:300: in test_piecewise_overall_at_least_50_pct
    self.assertEqual(perfect, 4,
E   AssertionError: 0 != 4 : XOR_grammar reconstruction: 0/4 word multisets recovered; [('hello world', 'there world'), ('hello there', 'there there'), ('loving world', 'world world'), ('loving there', 'there world')]
----------------------------- Captured stdout call -----------------------------
Device: cpu
Peer pipeline: static PS/WS stage bodies compiled separately; legacy compatibility scheduler remains outside fullgraph capture


==== BasicModel ====

Trial [1/1]
Baseline test pass skipped (--test not specified). Re-invoke train.py with --test to include baseline + post-epoch evaluation.
Epoch [1/400]
[AMP] off (fp32, MODEL_AMP unset or =off)
batch = 0 (warm-up, 100.00%)
Training throughput: 1 batches in 47.892s; word units 100.0% of 8 words (letters-only 100.0% of 8).
Train Loss: output=0.1728, reconstruction=0.8780
Epoch [2/400]
batch = 0 (Δ=0.264s, 100.00%)
Training throughput: 1 batches in 0.263s; word units 100.0% of 8 words (letters-only 100.0% of 8).
Train Loss: output=0.1659, reconstruction=0.4348
Epoch [3/400]
batch = 0 (Δ=0.254s, 100.00%)
Training throughput: 1 batches in 0.253s; word units 100.0% of 8 words (letters-only 100.0% of 8).
Train Loss: output=0.1544, reconstruction=0.0146
Epoch [4/400]
batch = 0 (Δ=0.259s, 100.00%)
Training throughput: 1 batches in 0.258s; word units 100.0% of 8 words (letters-only 100.0% of 8).
Train Loss: output=0.1590, reconstruction=0.0156
Epoch [5/400]
batch = 0 (Δ=0.258s, 100.00%)
Training throughput: 1 batches in 0.257s; word units 100.0% of 8 words (letters-only 100.0% of 8).
Train Loss: output=0.1582, reconstruction=0.4529
Epoch [6/400]
batch = 0 (Δ=0.260s, 100.00%)
Training throughput: 1 batches in 0.260s; word units 100.0% of 8 words (letters-only 100.0% of 8).
Train Loss: output=0.1470, reconstruction=1.2315
Epoch [7/400]
batch = 0 (Δ=0.258s, 100.00%)
Training throughput: 1 batches in 0.258s; word units 100.0% of 8 words (letters-only 100.0% of 8).
Train Loss: output=0.1605, reconstruction=1.2271
Epoch [8/400]
batch = 0 (Δ=0.257s, 100.00%)
Training throughput: 1 batches in 0.256s; word units 100.0% of 8 words (letters-only 100.0% of 8).
Train Loss: output=0.1598, reconstruction=1.2229
Epoch [9/400]
batch = 0 (Δ=0.263s, 100.00%)
Training throughput: 1 batches in 0.263s; word units 100.0% of 8 words (letters-only 100.0% of 8).
Train Loss: output=0.1615, reconstruction=1.2254
Epoch [10/400]
batch = 0 (Δ=0.256s, 100.00%)
Training throughput: 1 batches in 0.256s; word units 100.0% of 8 words (letters-only 100.0% of 8).
Train Loss: output=0.1370, reconstruction=0.4384
Epoch [11/400]
batch = 0 (Δ=0.264s, 100.00%)
Training throughput: 1 batches in 0.263s; word units 100.0% of 8 words (letters-only 100.0% of 8).
Train Loss: output=0.1274, reconstruction=1.2292
Epoch [12/400]
batch = 0 (Δ=0.255s, 100.00%)
Training throughput: 1 batches in 0.255s; word units 100.0% of 8 words (letters-only 100.0% of 8).
Train Loss: output=0.1386, reconstruction=1.2256
Epoch [13/400]
batch = 0 (Δ=0.269s, 100.00%)
Training throughput: 1 batches in 0.269s; word units 100.0% of 8 words (letters-only 100.0% of 8).
Train Loss: output=0.1505, reconstruction=0.0155
Epoch [14/400]
batch = 0 (Δ=0.262s, 100.00%)
Training throughput: 1 batches in 0.261s; word units 100.0% of 8 words (letters-only 100.0% of 8).
Train Loss: output=0.1474, reconstruction=0.0154
Epoch [15/400]
batch = 0 (Δ=0.271s, 100.00%)
Training throughput: 1 batches in 0.270s; word units 100.0% of 8 words (letters-only 100.0% of 8).
Train Loss: output=0.1428, reconstruction=0.0154
Epoch [16/400]
batch = 0 (Δ=0.262s, 100.00%)
Training throughput: 1 batches in 0.262s; word units 100.0% of 8 words (letters-only 100.0% of 8).
Train Loss: output=0.1506, reconstruction=0.0159
Epoch [17/400]
batch = 0 (Δ=0.266s, 100.00%)
Training throughput: 1 batches in 0.265s; word units 100.0% of 8 words (letters-only 100.0% of 8).
Train Loss: output=0.1414, reconstruction=1.1548
Epoch [18/400]
batch = 0 (Δ=0.261s, 100.00%)
Training throughput: 1 batches in 0.261s; word units 100.0% of 8 words (letters-only 100.0% of 8).
Train Loss: output=0.1284, reconstruction=1.1376
Epoch [19/400]
batch = 0 (Δ=0.264s, 100.00%)
Training throughput: 1 batches in 0.264s; word units 100.0% of 8 words (letters-only 100.0% of 8).
Train Loss: output=0.1057, reconstruction=1.1196
Epoch [20/400]
batch = 0 (Δ=0.257s, 100.00%)
Training throughput: 1 batches in 0.257s; word units 100.0% of 8 words (letters-only 100.0% of 8).
Train Loss: output=0.1305, reconstruction=1.1093
Epoch [21/400]
batch = 0 (Δ=0.267s, 100.00%)
Training throughput: 1 batches in 0.267s; word units 100.0% of 8 words (letters-only 100.0% of 8).
Train Loss: output=0.1201, reconstruction=1.1033
Epoch [22/400]
batch = 0 (Δ=0.261s, 100.00%)
Training throughput: 1 batches in 0.260s; word units 100.0% of 8 words (letters-only 100.0% of 8).
Train Loss: output=0.1286, reconstruction=1.0994
Epoch [23/400]
batch = 0 (Δ=0.272s, 100.00%)
Training throughput: 1 batches in 0.271s; word units 100.0% of 8 words (letters-only 100.0% of 8).
Train Loss: output=0.1085, reconstruction=0.4238
Epoch [24/400]
batch = 0 (Δ=0.269s, 100.00%)
Training throughput: 1 batches in 0.269s; word units 100.0% of 8 words (letters-only 100.0% of 8).
Train Loss: output=0.1083, reconstruction=0.4113
Epoch [25/400]
batch = 0 (Δ=0.258s, 100.00%)
Training throughput: 1 batches in 0.258s; word units 100.0% of 8 words (letters-only 100.0% of 8).
Train Loss: output=0.1153, reconstruction=0.3986
Epoch [26/400]
batch = 0 (Δ=0.264s, 100.00%)
Training throughput: 1 batches in 0.263s; word units 100.0% of 8 words (letters-only 100.0% of 8).
Train Loss: output=0.1036, reconstruction=1.0890
Epoch [27/400]
batch = 0 (Δ=0.267s, 100.00%)
Training throughput: 1 batches in 0.267s; word units 100.0% of 8 words (letters-only 100.0% of 8).
Train Loss: output=0.0896, reconstruction=0.3755
Epoch [28/400]
batch = 0 (Δ=0.261s, 100.00%)
Training throughput: 1 batches in 0.260s; word units 100.0% of 8 words (letters-only 100.0% of 8).
Train Loss: output=0.1304, reconstruction=1.0920
Epoch [29/400]
batch = 0 (Δ=0.260s, 100.00%)
Training throughput: 1 batches in 0.260s; word units 100.0% of 8 words (letters-only 100.0% of 8).
Train Loss: output=0.0815, reconstruction=0.3538
Epoch [30/400]
batch = 0 (Δ=0.262s, 100.00%)
Training throughput: 1 batches in 0.262s; word units 100.0% of 8 words (letters-only 100.0% of 8).
Train Loss: output=0.0949, reconstruction=1.0989
Epoch [31/400]
batch = 0 (Δ=0.264s, 100.00%)
Training throughput: 1 batches in 0.263s; word units 100.0% of 8 words (letters-only 100.0% of 8).
Train Loss: output=0.1399, reconstruction=1.1038
Epoch [32/400]
batch = 0 (Δ=0.259s, 100.00%)
Training throughput: 1 batches in 0.259s; word units 100.0% of 8 words (letters-only 100.0% of 8).
Train Loss: output=0.1333, reconstruction=0.9656
Epoch [33/400]
batch = 0 (Δ=0.263s, 100.00%)
Training throughput: 1 batches in 0.263s; word units 100.0% of 8 words (letters-only 100.0% of 8).
Train Loss: output=0.1315, reconstruction=1.7775
Epoch [34/400]
batch = 0 (Δ=0.258s, 100.00%)
Training throughput: 1 batches in 0.257s; word units 100.0% of 8 words (letters-only 100.0% of 8).
Train Loss: output=0.1305, reconstruction=1.1221
Epoch [35/400]
batch = 0 (Δ=0.268s, 100.00%)
Training throughput: 1 batches in 0.268s; word units 100.0% of 8 words (letters-only 100.0% of 8).
Train Loss: output=0.1339, reconstruction=1.1277
Epoch [36/400]
batch = 0 (Δ=0.257s, 100.00%)
Training throughput: 1 batches in 0.257s; word units 100.0% of 8 words (letters-only 100.0% of 8).
Train Loss: output=0.1334, reconstruction=1.1358
Epoch [37/400]
batch = 0 (Δ=0.261s, 100.00%)
Training throughput: 1 batches in 0.261s; word units 100.0% of 8 words (letters-only 100.0% of 8).
Train Loss: output=0.1252, reconstruction=1.1088
Epoch [38/400]
batch = 0 (Δ=0.260s, 100.00%)
Training throughput: 1 batches in 0.260s; word units 100.0% of 8 words (letters-only 100.0% of 8).
Train Loss: output=0.0971, reconstruction=1.0749
Epoch [39/400]
batch = 0 (Δ=0.270s, 100.00%)
Training throughput: 1 batches in 0.270s; word units 100.0% of 8 words (letters-only 100.0% of 8).
Train Loss: output=0.0898, reconstruction=1.0338
Epoch [40/400]
batch = 0 (Δ=0.262s, 100.00%)
Training throughput: 1 batches in 0.261s; word units 100.0% of 8 words (letters-only 100.0% of 8).
Train Loss: output=0.1232, reconstruction=1.8632
Epoch [41/400]
batch = 0 (Δ=0.261s, 100.00%)
Training throughput: 1 batches in 0.260s; word units 100.0% of 8 words (letters-only 100.0% of 8).
Train Loss: output=0.1274, reconstruction=1.8424
Epoch [42/400]
batch = 0 (Δ=0.266s, 100.00%)
Training throughput: 1 batches in 0.265s; word units 100.0% of 8 words (letters-only 100.0% of 8).
Train Loss: output=0.0732, reconstruction=1.8154
Epoch [43/400]
batch = 0 (Δ=0.258s, 100.00%)
Training throughput: 1 batches in 0.257s; word units 100.0% of 8 words (letters-only 100.0% of 8).
Train Loss: output=0.0667, reconstruction=1.2358
Epoch [44/400]
batch = 0 (Δ=0.263s, 100.00%)
Training throughput: 1 batches in 0.263s; word units 100.0% of 8 words (letters-only 100.0% of 8).
Train Loss: output=0.0764, reconstruction=1.2588
Epoch [45/400]
batch = 0 (Δ=0.259s, 100.00%)
Training throughput: 1 batches in 0.258s; word units 100.0% of 8 words (letters-only 100.0% of 8).
Train Loss: output=0.0736, reconstruction=1.2880
Epoch [46/400]
batch = 0 (Δ=0.267s, 100.00%)
Training throughput: 1 batches in 0.267s; word units 100.0% of 8 words (letters-only 100.0% of 8).
Train Loss: output=0.0924, reconstruction=1.3208
Epoch [47/400]
batch = 0 (Δ=0.260s, 100.00%)
Training throughput: 1 batches in 0.260s; word units 100.0% of 8 words (letters-only 100.0% of 8).
Train Loss: output=0.0887, reconstruction=1.3565
Epoch [48/400]
batch = 0 (Δ=0.267s, 100.00%)
Training throughput: 1 batches in 0.267s; word units 100.0% of 8 words (letters-only 100.0% of 8).
Train Loss: output=0.0831, reconstruction=1.3954
Epoch [49/400]
batch = 0 (Δ=0.262s, 100.00%)
Training throughput: 1 batches in 0.261s; word units 100.0% of 8 words (letters-only 100.0% of 8).
Train Loss: output=0.0442, reconstruction=1.3923
Epoch [50/400]
batch = 0 (Δ=0.265s, 100.00%)
Training throughput: 1 batches in 0.265s; word units 100.0% of 8 words (letters-only 100.0% of 8).
Train Loss: output=0.0576, reconstruction=1.3664
Epoch [51/400]
batch = 0 (Δ=0.259s, 100.00%)
Training throughput: 1 batches in 0.258s; word units 100.0% of 8 words (letters-only 100.0% of 8).
Train Loss: output=0.0754, reconstruction=1.3341
Epoch [52/400]
batch = 0 (Δ=0.266s, 100.00%)
Training throughput: 1 batches in 0.266s; word units 100.0% of 8 words (letters-only 100.0% of 8).
Train Loss: output=0.0579, reconstruction=1.7436
Epoch [53/400]
batch = 0 (Δ=0.259s, 100.00%)
Training throughput: 1 batches in 0.259s; word units 100.0% of 8 words (letters-only 100.0% of 8).
Train Loss: output=0.0729, reconstruction=1.7083
Epoch [54/400]
batch = 0 (Δ=0.264s, 100.00%)
Training throughput: 1 batches in 0.263s; word units 100.0% of 8 words (letters-only 100.0% of 8).
Train Loss: output=0.0464, reconstruction=1.6729
Epoch [55/400]
batch = 0 (Δ=0.262s, 100.00%)
Training throughput: 1 batches in 0.262s; word units 100.0% of 8 words (letters-only 100.0% of 8).
Train Loss: output=0.0490, reconstruction=1.6427
Epoch [56/400]
batch = 0 (Δ=0.268s, 100.00%)
Training throughput: 1 batches in 0.268s; word units 100.0% of 8 words (letters-only 100.0% of 8).
Train Loss: output=0.0912, reconstruction=2.0896
Epoch [57/400]
batch = 0 (Δ=0.263s, 100.00%)
Training throughput: 1 batches in 0.262s; word units 100.0% of 8 words (letters-only 100.0% of 8).
Train Loss: output=0.0452, reconstruction=2.0615
Epoch [58/400]
batch = 0 (Δ=0.263s, 100.00%)
Training throughput: 1 batches in 0.263s; word units 100.0% of 8 words (letters-only 100.0% of 8).
Train Loss: output=0.0408, reconstruction=2.0433
Epoch [59/400]
batch = 0 (Δ=0.267s, 100.00%)
Training throughput: 1 batches in 0.267s; word units 100.0% of 8 words (letters-only 100.0% of 8).
Train Loss: output=0.0652, reconstruction=2.0221
Epoch [60/400]
batch = 0 (Δ=0.271s, 100.00%)
Training throughput: 1 batches in 0.270s; word units 100.0% of 8 words (letters-only 100.0% of 8).
Train Loss: output=0.0350, reconstruction=1.9967
Epoch [61/400]
batch = 0 (Δ=0.262s, 100.00%)
Training throughput: 1 batches in 0.262s; word units 100.0% of 8 words (letters-only 100.0% of 8).
Train Loss: output=0.0549, reconstruction=1.9711
Epoch [62/400]
batch = 0 (Δ=0.269s, 100.00%)
Training throughput: 1 batches in 0.268s; word units 100.0% of 8 words (letters-only 100.0% of 8).
Train Loss: output=0.0659, reconstruction=1.9451
Epoch [63/400]
batch = 0 (Δ=0.264s, 100.00%)
Training throughput: 1 batches in 0.263s; word units 100.0% of 8 words (letters-only 100.0% of 8).
Train Loss: output=0.0535, reconstruction=1.9340
Epoch [64/400]
batch = 0 (Δ=0.270s, 100.00%)
Training throughput: 1 batches in 0.269s; word units 100.0% of 8 words (letters-only 100.0% of 8).
Train Loss: output=0.0293, reconstruction=1.9319
Epoch [65/400]
batch = 0 (Δ=0.260s, 100.00%)
Training throughput: 1 batches in 0.259s; word units 100.0% of 8 words (letters-only 100.0% of 8).
Train Loss: output=0.0738, reconstruction=1.6351
Epoch [66/400]
batch = 0 (Δ=0.264s, 100.00%)
Training throughput: 1 batches in 0.263s; word units 100.0% of 8 words (letters-only 100.0% of 8).
Train Loss: output=0.0709, reconstruction=1.9163
Epoch [67/400]
batch = 0 (Δ=0.257s, 100.00%)
Training throughput: 1 batches in 0.257s; word units 100.0% of 8 words (letters-only 100.0% of 8).
Train Loss: output=0.0707, reconstruction=1.9067
Epoch [68/400]
batch = 0 (Δ=0.267s, 100.00%)
Training throughput: 1 batches in 0.267s; word units 100.0% of 8 words (letters-only 100.0% of 8).
Train Loss: output=0.0916, reconstruction=1.9096
Epoch [69/400]
batch = 0 (Δ=0.260s, 100.00%)
Training throughput: 1 batches in 0.259s; word units 100.0% of 8 words (letters-only 100.0% of 8).
Train Loss: output=0.0669, reconstruction=1.9279
Epoch [70/400]
batch = 0 (Δ=0.265s, 100.00%)
Training throughput: 1 batches in 0.265s; word units 100.0% of 8 words (letters-only 100.0% of 8).
Train Loss: output=0.0978, reconstruction=1.9462
Epoch [71/400]
batch = 0 (Δ=0.262s, 100.00%)
Training throughput: 1 batches in 0.261s; word units 100.0% of 8 words (letters-only 100.0% of 8).
Train Loss: output=0.0606, reconstruction=1.9512
Epoch [72/400]
batch = 0 (Δ=0.267s, 100.00%)
Training throughput: 1 batches in 0.266s; word units 100.0% of 8 words (letters-only 100.0% of 8).
Train Loss: output=0.0643, reconstruction=1.7309
Epoch [73/400]
batch = 0 (Δ=0.259s, 100.00%)
Training throughput: 1 batches in 0.258s; word units 100.0% of 8 words (letters-only 100.0% of 8).
Train Loss: output=0.0899, reconstruction=1.9482
Epoch [74/400]
batch = 0 (Δ=0.266s, 100.00%)
Training throughput: 1 batches in 0.266s; word units 100.0% of 8 words (letters-only 100.0% of 8).
Train Loss: output=0.0791, reconstruction=1.9507
Epoch [75/400]
batch = 0 (Δ=0.263s, 100.00%)
Training throughput: 1 batches in 0.262s; word units 100.0% of 8 words (letters-only 100.0% of 8).
Train Loss: output=0.0874, reconstruction=1.9555
Epoch [76/400]
batch = 0 (Δ=0.263s, 100.00%)
Training throughput: 1 batches in 0.263s; word units 100.0% of 8 words (letters-only 100.0% of 8).
Train Loss: output=0.1095, reconstruction=1.9643
Epoch [77/400]
batch = 0 (Δ=0.261s, 100.00%)
Training throughput: 1 batches in 0.260s; word units 100.0% of 8 words (letters-only 100.0% of 8).
Train Loss: output=0.0942, reconstruction=1.9791
Epoch [78/400]
batch = 0 (Δ=0.265s, 100.00%)
Training throughput: 1 batches in 0.264s; word units 100.0% of 8 words (letters-only 100.0% of 8).
Train Loss: output=0.0901, reconstruction=1.7972
Epoch [79/400]
batch = 0 (Δ=0.267s, 100.00%)
Training throughput: 1 batches in 0.266s; word units 100.0% of 8 words (letters-only 100.0% of 8).
Train Loss: output=0.1118, reconstruction=1.9920
Epoch [80/400]
batch = 0 (Δ=0.261s, 100.00%)
Training throughput: 1 batches in 0.261s; word units 100.0% of 8 words (letters-only 100.0% of 8).
Train Loss: output=0.0892, reconstruction=1.9846
Epoch [81/400]
batch = 0 (Δ=0.266s, 100.00%)
Training throughput: 1 batches in 0.266s; word units 100.0% of 8 words (letters-only 100.0% of 8).
Train Loss: output=0.0852, reconstruction=1.9769
Epoch [82/400]
batch = 0 (Δ=0.262s, 100.00%)
Training throughput: 1 batches in 0.261s; word units 100.0% of 8 words (letters-only 100.0% of 8).
Train Loss: output=0.0946, reconstruction=1.9677
Epoch [83/400]
batch = 0 (Δ=0.261s, 100.00%)
Training throughput: 1 batches in 0.260s; word units 100.0% of 8 words (letters-only 100.0% of 8).
Train Loss: output=0.0698, reconstruction=1.9589
Epoch [84/400]
batch = 0 (Δ=0.260s, 100.00%)
Training throughput: 1 batches in 0.260s; word units 100.0% of 8 words (letters-only 100.0% of 8).
Train Loss: output=0.1096, reconstruction=1.9496
Epoch [85/400]
batch = 0 (Δ=0.267s, 100.00%)
Training throughput: 1 batches in 0.267s; word units 100.0% of 8 words (letters-only 100.0% of 8).
Train Loss: output=0.0864, reconstruction=1.9354
Epoch [86/400]
batch = 0 (Δ=0.267s, 100.00%)
Training throughput: 1 batches in 0.267s; word units 100.0% of 8 words (letters-only 100.0% of 8).
Train Loss: output=0.1014, reconstruction=1.2994
Epoch [87/400]
batch = 0 (Δ=0.268s, 100.00%)
Training throughput: 1 batches in 0.267s; word units 100.0% of 8 words (letters-only 100.0% of 8).
Train Loss: output=0.0730, reconstruction=1.9192
Epoch [88/400]
batch = 0 (Δ=0.263s, 100.00%)
Training throughput: 1 batches in 0.262s; word units 100.0% of 8 words (letters-only 100.0% of 8).
Train Loss: output=0.0806, reconstruction=1.7591
Epoch [89/400]
batch = 0 (Δ=0.268s, 100.00%)
Training throughput: 1 batches in 0.267s; word units 100.0% of 8 words (letters-only 100.0% of 8).
Train Loss: output=0.0754, reconstruction=1.7608
Epoch [90/400]
batch = 0 (Δ=0.261s, 100.00%)
Training throughput: 1 batches in 0.260s; word units 100.0% of 8 words (letters-only 100.0% of 8).
Train Loss: output=0.0949, reconstruction=1.2357
Epoch [91/400]
batch = 0 (Δ=0.260s, 100.00%)
Training throughput: 1 batches in 0.260s; word units 100.0% of 8 words (letters-only 100.0% of 8).
Train Loss: output=0.1082, reconstruction=1.2224
Epoch [92/400]
batch = 0 (Δ=0.265s, 100.00%)
Training throughput: 1 batches in 0.265s; word units 100.0% of 8 words (letters-only 100.0% of 8).
Train Loss: output=0.0724, reconstruction=1.9031
Epoch [93/400]
batch = 0 (Δ=0.270s, 100.00%)
Training throughput: 1 batches in 0.269s; word units 100.0% of 8 words (letters-only 100.0% of 8).
Train Loss: output=0.0664, reconstruction=1.9117
Epoch [94/400]
batch = 0 (Δ=0.260s, 100.00%)
Training throughput: 1 batches in 0.260s; word units 100.0% of 8 words (letters-only 100.0% of 8).
Train Loss: output=0.0856, reconstruction=1.9201
Epoch [95/400]
batch = 0 (Δ=0.263s, 100.00%)
Training throughput: 1 batches in 0.262s; word units 100.0% of 8 words (letters-only 100.0% of 8).
Train Loss: output=0.1160, reconstruction=1.2121
Epoch [96/400]
batch = 0 (Δ=0.258s, 100.00%)
Training throughput: 1 batches in 0.258s; word units 100.0% of 8 words (letters-only 100.0% of 8).
Train Loss: output=0.0841, reconstruction=1.9289
Epoch [97/400]
batch = 0 (Δ=0.264s, 100.00%)
Training throughput: 1 batches in 0.264s; word units 100.0% of 8 words (letters-only 100.0% of 8).
Train Loss: output=0.0825, reconstruction=1.0767
Epoch [98/400]
batch = 0 (Δ=0.258s, 100.00%)
Training throughput: 1 batches in 0.258s; word units 100.0% of 8 words (letters-only 100.0% of 8).
Train Loss: output=0.0753, reconstruction=1.8024
Epoch [99/400]
batch = 0 (Δ=0.261s, 100.00%)
Training throughput: 1 batches in 0.261s; word units 100.0% of 8 words (letters-only 100.0% of 8).
Train Loss: output=0.0757, reconstruction=1.9568
Epoch [100/400]
batch = 0 (Δ=0.259s, 100.00%)
Training throughput: 1 batches in 0.258s; word units 100.0% of 8 words (letters-only 100.0% of 8).
Train Loss: output=0.0597, reconstruction=1.9685
Epoch [101/400]
batch = 0 (Δ=0.275s, 100.00%)
Training throughput: 1 batches in 0.274s; word units 100.0% of 8 words (letters-only 100.0% of 8).
Train Loss: output=0.1136, reconstruction=1.9778
Epoch [102/400]
batch = 0 (Δ=0.261s, 100.00%)
Training throughput: 1 batches in 0.260s; word units 100.0% of 8 words (letters-only 100.0% of 8).
Train Loss: output=0.0810, reconstruction=1.9775
Epoch [103/400]
batch = 0 (Δ=0.264s, 100.00%)
Training throughput: 1 batches in 0.263s; word units 100.0% of 8 words (letters-only 100.0% of 8).
Train Loss: output=0.0556, reconstruction=1.9566
Epoch [104/400]
batch = 0 (Δ=0.260s, 100.00%)
Training throughput: 1 batches in 0.260s; word units 100.0% of 8 words (letters-only 100.0% of 8).
Train Loss: output=0.0511, reconstruction=1.9236
Epoch [105/400]
batch = 0 (Δ=0.268s, 100.00%)
Training throughput: 1 batches in 0.268s; word units 100.0% of 8 words (letters-only 100.0% of 8).
Train Loss: output=0.0783, reconstruction=1.8929
Epoch [106/400]
batch = 0 (Δ=0.263s, 100.00%)
Training throughput: 1 batches in 0.262s; word units 100.0% of 8 words (letters-only 100.0% of 8).
Train Loss: output=0.0760, reconstruction=1.8736
Epoch [107/400]
batch = 0 (Δ=0.259s, 100.00%)
Training throughput: 1 batches in 0.259s; word units 100.0% of 8 words (letters-only 100.0% of 8).
Train Loss: output=0.0867, reconstruction=1.8628
Epoch [108/400]
batch = 0 (Δ=0.264s, 100.00%)
Training throughput: 1 batches in 0.263s; word units 100.0% of 8 words (letters-only 100.0% of 8).
Train Loss: output=0.0810, reconstruction=1.1682
Epoch [109/400]
batch = 0 (Δ=0.264s, 100.00%)
Training throughput: 1 batches in 0.264s; word units 100.0% of 8 words (letters-only 100.0% of 8).
Train Loss: output=0.0583, reconstruction=1.8467
Epoch [110/400]
batch = 0 (Δ=0.265s, 100.00%)
Training throughput: 1 batches in 0.264s; word units 100.0% of 8 words (letters-only 100.0% of 8).
Train Loss: output=0.0561, reconstruction=1.5983
Epoch [111/400]
batch = 0 (Δ=0.262s, 100.00%)
Training throughput: 1 batches in 0.261s; word units 100.0% of 8 words (letters-only 100.0% of 8).
Train Loss: output=0.0546, reconstruction=1.6088
Epoch [112/400]
batch = 0 (Δ=0.264s, 100.00%)
Training throughput: 1 batches in 0.264s; word units 100.0% of 8 words (letters-only 100.0% of 8).
Train Loss: output=0.0354, reconstruction=1.8328
Epoch [113/400]
batch = 0 (Δ=0.261s, 100.00%)
Training throughput: 1 batches in 0.261s; word units 100.0% of 8 words (letters-only 100.0% of 8).
Train Loss: output=0.0516, reconstruction=1.8250
Epoch [114/400]
batch = 0 (Δ=0.644s, 100.00%)
Training throughput: 1 batches in 0.643s; word units 100.0% of 8 words (letters-only 100.0% of 8).
Train Loss: output=0.0499, reconstruction=1.8188
Epoch [115/400]
batch = 0 (Δ=0.263s, 100.00%)
Training throughput: 1 batches in 0.262s; word units 100.0% of 8 words (letters-only 100.0% of 8).
Train Loss: output=0.0929, reconstruction=1.8150
Epoch [116/400]
batch = 0 (Δ=0.267s, 100.00%)
Training throughput: 1 batches in 0.266s; word units 100.0% of 8 words (letters-only 100.0% of 8).
Train Loss: output=0.0932, reconstruction=1.7995
Epoch [117/400]
batch = 0 (Δ=0.263s, 100.00%)
Training throughput: 1 batches in 0.263s; word units 100.0% of 8 words (letters-only 100.0% of 8).
Train Loss: output=0.0502, reconstruction=1.6804
Epoch [118/400]
batch = 0 (Δ=0.267s, 100.00%)
Training throughput: 1 batches in 0.267s; word units 100.0% of 8 words (letters-only 100.0% of 8).
Train Loss: output=0.0464, reconstruction=1.6550
Epoch [119/400]
batch = 0 (Δ=0.262s, 100.00%)
Training throughput: 1 batches in 0.261s; word units 100.0% of 8 words (letters-only 100.0% of 8).
Train Loss: output=0.0412, reconstruction=1.6419
Epoch [120/400]
batch = 0 (Δ=0.265s, 100.00%)
Training throughput: 1 batches in 0.265s; word units 100.0% of 8 words (letters-only 100.0% of 8).
Train Loss: output=0.0381, reconstruction=1.6273
Epoch [121/400]
batch = 0 (Δ=0.268s, 100.00%)
Training throughput: 1 batches in 0.267s; word units 100.0% of 8 words (letters-only 100.0% of 8).
Train Loss: output=0.0361, reconstruction=1.6096
Epoch [122/400]
batch = 0 (Δ=0.264s, 100.00%)
Training throughput: 1 batches in 0.264s; word units 100.0% of 8 words (letters-only 100.0% of 8).
Train Loss: output=0.0335, reconstruction=1.6014
Epoch [123/400]
batch = 0 (Δ=0.269s, 100.00%)
Training throughput: 1 batches in 0.268s; word units 100.0% of 8 words (letters-only 100.0% of 8).
Train Loss: output=0.0298, reconstruction=1.6015
Epoch [124/400]
batch = 0 (Δ=0.268s, 100.00%)
Training throughput: 1 batches in 0.268s; word units 100.0% of 8 words (letters-only 100.0% of 8).
Train Loss: output=0.0266, reconstruction=1.6118
Epoch [125/400]
batch = 0 (Δ=0.261s, 100.00%)
Training throughput: 1 batches in 0.260s; word units 100.0% of 8 words (letters-only 100.0% of 8).
Train Loss: output=0.0682, reconstruction=1.0885
Epoch [126/400]
batch = 0 (Δ=0.264s, 100.00%)
Training throughput: 1 batches in 0.264s; word units 100.0% of 8 words (letters-only 100.0% of 8).
Train Loss: output=0.0994, reconstruction=1.8130
Epoch [127/400]
batch = 0 (Δ=0.269s, 100.00%)
Training throughput: 1 batches in 0.268s; word units 100.0% of 8 words (letters-only 100.0% of 8).
Train Loss: output=0.0254, reconstruction=1.6872
Epoch [128/400]
batch = 0 (Δ=0.270s, 100.00%)
Training throughput: 1 batches in 0.269s; word units 100.0% of 8 words (letters-only 100.0% of 8).
Train Loss: output=0.0258, reconstruction=1.7143
Epoch [129/400]
batch = 0 (Δ=0.270s, 100.00%)
Training throughput: 1 batches in 0.270s; word units 100.0% of 8 words (letters-only 100.0% of 8).
Train Loss: output=0.0260, reconstruction=1.7294
Epoch [130/400]
batch = 0 (Δ=0.269s, 100.00%)
Training throughput: 1 batches in 0.269s; word units 100.0% of 8 words (letters-only 100.0% of 8).
Train Loss: output=0.0208, reconstruction=1.7424
Epoch [131/400]
batch = 0 (Δ=0.270s, 100.00%)
Training throughput: 1 batches in 0.269s; word units 100.0% of 8 words (letters-only 100.0% of 8).
Train Loss: output=0.0227, reconstruction=1.7495
Epoch [132/400]
batch = 0 (Δ=0.269s, 100.00%)
Training throughput: 1 batches in 0.269s; word units 100.0% of 8 words (letters-only 100.0% of 8).
Train Loss: output=0.0170, reconstruction=1.9338
Epoch [133/400]
batch = 0 (Δ=0.267s, 100.00%)
Training throughput: 1 batches in 0.266s; word units 100.0% of 8 words (letters-only 100.0% of 8).
Train Loss: output=0.0195, reconstruction=1.9457
Epoch [134/400]
batch = 0 (Δ=0.267s, 100.00%)
Training throughput: 1 batches in 0.267s; word units 100.0% of 8 words (letters-only 100.0% of 8).
Train Loss: output=0.0192, reconstruction=1.9582
Epoch [135/400]
batch = 0 (Δ=0.268s, 100.00%)
Training throughput: 1 batches in 0.268s; word units 100.0% of 8 words (letters-only 100.0% of 8).
Train Loss: output=0.0407, reconstruction=1.3260
Epoch [136/400]
batch = 0 (Δ=0.262s, 100.00%)
Training throughput: 1 batches in 0.262s; word units 100.0% of 8 words (letters-only 100.0% of 8).
Train Loss: output=0.0214, reconstruction=1.7898
Epoch [137/400]
batch = 0 (Δ=0.264s, 100.00%)
Training throughput: 1 batches in 0.263s; word units 100.0% of 8 words (letters-only 100.0% of 8).
Train Loss: output=0.0222, reconstruction=1.8058
Epoch [138/400]
batch = 0 (Δ=0.267s, 100.00%)
Training throughput: 1 batches in 0.266s; word units 100.0% of 8 words (letters-only 100.0% of 8).
Train Loss: output=0.0228, reconstruction=1.8199
Epoch [139/400]
batch = 0 (Δ=0.265s, 100.00%)
Training throughput: 1 batches in 0.264s; word units 100.0% of 8 words (letters-only 100.0% of 8).
Train Loss: output=0.0219, reconstruction=1.8322
Epoch [140/400]
batch = 0 (Δ=0.263s, 100.00%)
Training throughput: 1 batches in 0.262s; word units 100.0% of 8 words (letters-only 100.0% of 8).
Train Loss: output=0.0200, reconstruction=2.0309
Epoch [141/400]
batch = 0 (Δ=0.270s, 100.00%)
Training throughput: 1 batches in 0.269s; word units 100.0% of 8 words (letters-only 100.0% of 8).
Train Loss: output=0.0183, reconstruction=2.0454
Epoch [142/400]
batch = 0 (Δ=0.258s, 100.00%)
Training throughput: 1 batches in 0.258s; word units 100.0% of 8 words (letters-only 100.0% of 8).
Train Loss: output=0.0170, reconstruction=2.0577
Epoch [143/400]
batch = 0 (Δ=0.269s, 100.00%)
Training throughput: 1 batches in 0.269s; word units 100.0% of 8 words (letters-only 100.0% of 8).
Train Loss: output=0.0166, reconstruction=2.0704
Epoch [144/400]
batch = 0 (Δ=0.262s, 100.00%)
Training throughput: 1 batches in 0.261s; word units 100.0% of 8 words (letters-only 100.0% of 8).
Train Loss: output=0.0164, reconstruction=2.0757
Epoch [145/400]
batch = 0 (Δ=0.268s, 100.00%)
Training throughput: 1 batches in 0.268s; word units 100.0% of 8 words (letters-only 100.0% of 8).
Train Loss: output=0.0605, reconstruction=2.0773
Epoch [146/400]
batch = 0 (Δ=0.263s, 100.00%)
Training throughput: 1 batches in 0.263s; word units 100.0% of 8 words (letters-only 100.0% of 8).
Train Loss: output=0.0181, reconstruction=2.0824
Epoch [147/400]
batch = 0 (Δ=0.267s, 100.00%)
Training throughput: 1 batches in 0.266s; word units 100.0% of 8 words (letters-only 100.0% of 8).
Train Loss: output=0.0194, reconstruction=2.0859
Epoch [148/400]
batch = 0 (Δ=0.261s, 100.00%)
Training throughput: 1 batches in 0.261s; word units 100.0% of 8 words (letters-only 100.0% of 8).
Train Loss: output=0.0206, reconstruction=2.0864
Epoch [149/400]
batch = 0 (Δ=0.267s, 100.00%)
Training throughput: 1 batches in 0.267s; word units 100.0% of 8 words (letters-only 100.0% of 8).
Train Loss: output=0.0207, reconstruction=2.0956
Epoch [150/400]
batch = 0 (Δ=0.262s, 100.00%)
Training throughput: 1 batches in 0.262s; word units 100.0% of 8 words (letters-only 100.0% of 8).
Train Loss: output=0.0195, reconstruction=2.1128
Epoch [151/400]
batch = 0 (Δ=0.269s, 100.00%)
Training throughput: 1 batches in 0.268s; word units 100.0% of 8 words (letters-only 100.0% of 8).
Train Loss: output=0.0174, reconstruction=2.1330
Epoch [152/400]
batch = 0 (Δ=0.264s, 100.00%)
Training throughput: 1 batches in 0.264s; word units 100.0% of 8 words (letters-only 100.0% of 8).
Train Loss: output=0.0161, reconstruction=2.1482
Epoch [153/400]
batch = 0 (Δ=0.271s, 100.00%)
Training throughput: 1 batches in 0.271s; word units 100.0% of 8 words (letters-only 100.0% of 8).
Train Loss: output=0.0159, reconstruction=2.1569
Epoch [154/400]
batch = 0 (Δ=0.260s, 100.00%)
Training throughput: 1 batches in 0.259s; word units 100.0% of 8 words (letters-only 100.0% of 8).
Train Loss: output=0.0155, reconstruction=2.1683
Epoch [155/400]
batch = 0 (Δ=0.267s, 100.00%)
Training throughput: 1 batches in 0.266s; word units 100.0% of 8 words (letters-only 100.0% of 8).
Train Loss: output=0.0147, reconstruction=2.1853
Epoch [156/400]
batch = 0 (Δ=0.269s, 100.00%)
Training throughput: 1 batches in 0.269s; word units 100.0% of 8 words (letters-only 100.0% of 8).
Train Loss: output=0.0140, reconstruction=2.2051
Epoch [157/400]
batch = 0 (Δ=0.269s, 100.00%)
Training throughput: 1 batches in 0.268s; word units 100.0% of 8 words (letters-only 100.0% of 8).
Train Loss: output=0.0135, reconstruction=2.2241
Epoch [158/400]
batch = 0 (Δ=0.260s, 100.00%)
Training throughput: 1 batches in 0.259s; word units 100.0% of 8 words (letters-only 100.0% of 8).
Train Loss: output=0.0140, reconstruction=2.2417
Epoch [159/400]
batch = 0 (Δ=0.264s, 100.00%)
Training throughput: 1 batches in 0.264s; word units 100.0% of 8 words (letters-only 100.0% of 8).
Train Loss: output=0.0154, reconstruction=2.2484
Epoch [160/400]
batch = 0 (Δ=0.263s, 100.00%)
Training throughput: 1 batches in 0.262s; word units 100.0% of 8 words (letters-only 100.0% of 8).
Train Loss: output=0.0165, reconstruction=2.2501
Epoch [161/400]
batch = 0 (Δ=0.267s, 100.00%)
Training throughput: 1 batches in 0.267s; word units 100.0% of 8 words (letters-only 100.0% of 8).
Train Loss: output=0.0175, reconstruction=2.2534
Epoch [162/400]
batch = 0 (Δ=0.266s, 100.00%)
Training throughput: 1 batches in 0.266s; word units 100.0% of 8 words (letters-only 100.0% of 8).
Train Loss: output=0.0190, reconstruction=2.2582
Epoch [163/400]
batch = 0 (Δ=0.266s, 100.00%)
Training throughput: 1 batches in 0.265s; word units 100.0% of 8 words (letters-only 100.0% of 8).
Train Loss: output=0.0200, reconstruction=2.2622
Epoch [164/400]
batch = 0 (Δ=0.264s, 100.00%)
Training throughput: 1 batches in 0.264s; word units 100.0% of 8 words (letters-only 100.0% of 8).
Train Loss: output=0.0198, reconstruction=2.2745
Epoch [165/400]
batch = 0 (Δ=0.275s, 100.00%)
Training throughput: 1 batches in 0.274s; word units 100.0% of 8 words (letters-only 100.0% of 8).
Train Loss: output=0.0195, reconstruction=2.2934
Epoch [166/400]
batch = 0 (Δ=0.263s, 100.00%)
Training throughput: 1 batches in 0.263s; word units 100.0% of 8 words (letters-only 100.0% of 8).
Train Loss: output=0.0187, reconstruction=2.2978
Epoch [167/400]
batch = 0 (Δ=0.267s, 100.00%)
Training throughput: 1 batches in 0.267s; word units 100.0% of 8 words (letters-only 100.0% of 8).
Train Loss: output=0.0188, reconstruction=2.2922
Epoch [168/400]
batch = 0 (Δ=0.263s, 100.00%)
Training throughput: 1 batches in 0.262s; word units 100.0% of 8 words (letters-only 100.0% of 8).
Train Loss: output=0.0194, reconstruction=2.2902
Epoch [169/400]
batch = 0 (Δ=0.271s, 100.00%)
Training throughput: 1 batches in 0.271s; word units 100.0% of 8 words (letters-only 100.0% of 8).
Train Loss: output=0.0207, reconstruction=2.2842
Epoch [170/400]
batch = 0 (Δ=0.266s, 100.00%)
Training throughput: 1 batches in 0.265s; word units 100.0% of 8 words (letters-only 100.0% of 8).
Train Loss: output=0.0219, reconstruction=2.2841
Epoch [171/400]
batch = 0 (Δ=0.269s, 100.00%)
Training throughput: 1 batches in 0.268s; word units 100.0% of 8 words (letters-only 100.0% of 8).
Train Loss: output=0.0214, reconstruction=2.1522
Epoch [172/400]
batch = 0 (Δ=0.270s, 100.00%)
Training throughput: 1 batches in 0.270s; word units 100.0% of 8 words (letters-only 100.0% of 8).
Train Loss: output=0.0222, reconstruction=2.1588
Epoch [173/400]
batch = 0 (Δ=0.268s, 100.00%)
Training throughput: 1 batches in 0.267s; word units 100.0% of 8 words (letters-only 100.0% of 8).
Train Loss: output=0.0241, reconstruction=2.1638
Epoch [174/400]
batch = 0 (Δ=0.266s, 100.00%)
Training throughput: 1 batches in 0.265s; word units 100.0% of 8 words (letters-only 100.0% of 8).
Train Loss: output=0.0218, reconstruction=2.3171
Epoch [175/400]
batch = 0 (Δ=0.262s, 100.00%)
Training throughput: 1 batches in 0.262s; word units 100.0% of 8 words (letters-only 100.0% of 8).
Train Loss: output=0.0194, reconstruction=2.1740
Epoch [176/400]
batch = 0 (Δ=0.263s, 100.00%)
Training throughput: 1 batches in 0.262s; word units 100.0% of 8 words (letters-only 100.0% of 8).
Train Loss: output=0.0188, reconstruction=2.1821
Epoch [177/400]
batch = 0 (Δ=0.268s, 100.00%)
Training throughput: 1 batches in 0.268s; word units 100.0% of 8 words (letters-only 100.0% of 8).
Train Loss: output=0.0178, reconstruction=2.1898
Epoch [178/400]
batch = 0 (Δ=0.267s, 100.00%)
Training throughput: 1 batches in 0.266s; word units 100.0% of 8 words (letters-only 100.0% of 8).
Train Loss: output=0.0150, reconstruction=2.1914
Epoch [179/400]
batch = 0 (Δ=0.267s, 100.00%)
Training throughput: 1 batches in 0.267s; word units 100.0% of 8 words (letters-only 100.0% of 8).
Train Loss: output=0.0169, reconstruction=2.3531
Epoch [180/400]
batch = 0 (Δ=0.265s, 100.00%)
Training throughput: 1 batches in 0.265s; word units 100.0% of 8 words (letters-only 100.0% of 8).
Train Loss: output=0.0168, reconstruction=2.3523
Epoch [181/400]
batch = 0 (Δ=0.271s, 100.00%)
Training throughput: 1 batches in 0.270s; word units 100.0% of 8 words (letters-only 100.0% of 8).
Train Loss: output=0.0168, reconstruction=2.3568
Epoch [182/400]
batch = 0 (Δ=0.268s, 100.00%)
Training throughput: 1 batches in 0.268s; word units 100.0% of 8 words (letters-only 100.0% of 8).
Train Loss: output=0.0132, reconstruction=2.1945
Epoch [183/400]
batch = 0 (Δ=0.264s, 100.00%)
Training throughput: 1 batches in 0.264s; word units 100.0% of 8 words (letters-only 100.0% of 8).
Train Loss: output=0.0133, reconstruction=2.2082
Epoch [184/400]
batch = 0 (Δ=0.267s, 100.00%)
Training throughput: 1 batches in 0.266s; word units 100.0% of 8 words (letters-only 100.0% of 8).
Train Loss: output=0.0185, reconstruction=2.3879
Epoch [185/400]
batch = 0 (Δ=0.269s, 100.00%)
Training throughput: 1 batches in 0.268s; word units 100.0% of 8 words (letters-only 100.0% of 8).
Train Loss: output=0.0198, reconstruction=2.3967
Epoch [186/400]
batch = 0 (Δ=0.274s, 100.00%)
Training throughput: 1 batches in 0.273s; word units 100.0% of 8 words (letters-only 100.0% of 8).
Train Loss: output=0.0175, reconstruction=2.2449
Epoch [187/400]
batch = 0 (Δ=0.261s, 100.00%)
Training throughput: 1 batches in 0.260s; word units 100.0% of 8 words (letters-only 100.0% of 8).
Train Loss: output=0.0234, reconstruction=2.4036
Epoch [188/400]
batch = 0 (Δ=0.265s, 100.00%)
Training throughput: 1 batches in 0.265s; word units 100.0% of 8 words (letters-only 100.0% of 8).
Train Loss: output=0.0255, reconstruction=2.3959
Epoch [189/400]
batch = 0 (Δ=0.264s, 100.00%)
Training throughput: 1 batches in 0.264s; word units 100.0% of 8 words (letters-only 100.0% of 8).
Train Loss: output=0.0232, reconstruction=2.2393
Epoch [190/400]
batch = 0 (Δ=0.271s, 100.00%)
Training throughput: 1 batches in 0.271s; word units 100.0% of 8 words (letters-only 100.0% of 8).
Train Loss: output=0.0241, reconstruction=2.2270
Epoch [191/400]
batch = 0 (Δ=0.264s, 100.00%)
Training throughput: 1 batches in 0.263s; word units 100.0% of 8 words (letters-only 100.0% of 8).
Train Loss: output=0.0237, reconstruction=2.2203
Epoch [192/400]
batch = 0 (Δ=0.267s, 100.00%)
Training throughput: 1 batches in 0.266s; word units 100.0% of 8 words (letters-only 100.0% of 8).
Train Loss: output=0.0272, reconstruction=2.2172
Epoch [193/400]
batch = 0 (Δ=0.263s, 100.00%)
Training throughput: 1 batches in 0.263s; word units 100.0% of 8 words (letters-only 100.0% of 8).
Train Loss: output=0.0275, reconstruction=2.2169
Epoch [194/400]
batch = 0 (Δ=0.272s, 100.00%)
Training throughput: 1 batches in 0.271s; word units 100.0% of 8 words (letters-only 100.0% of 8).
Train Loss: output=0.0234, reconstruction=2.2226
Epoch [195/400]
batch = 0 (Δ=0.263s, 100.00%)
Training throughput: 1 batches in 0.262s; word units 100.0% of 8 words (letters-only 100.0% of 8).
Train Loss: output=0.0218, reconstruction=2.2331
Epoch [196/400]
batch = 0 (Δ=0.271s, 100.00%)
Training throughput: 1 batches in 0.271s; word units 100.0% of 8 words (letters-only 100.0% of 8).
Train Loss: output=0.0201, reconstruction=2.2465
Epoch [197/400]
batch = 0 (Δ=0.264s, 100.00%)
Training throughput: 1 batches in 0.263s; word units 100.0% of 8 words (letters-only 100.0% of 8).
Train Loss: output=0.0198, reconstruction=2.2576
Epoch [198/400]
batch = 0 (Δ=0.268s, 100.00%)
Training throughput: 1 batches in 0.268s; word units 100.0% of 8 words (letters-only 100.0% of 8).
Train Loss: output=0.0228, reconstruction=2.2635
Epoch [199/400]
batch = 0 (Δ=0.271s, 100.00%)
Training throughput: 1 batches in 0.271s; word units 100.0% of 8 words (letters-only 100.0% of 8).
Train Loss: output=0.0209, reconstruction=2.2662
Epoch [200/400]
batch = 0 (Δ=0.267s, 100.00%)
Training throughput: 1 batches in 0.266s; word units 100.0% of 8 words (letters-only 100.0% of 8).
Train Loss: output=0.0194, reconstruction=2.2687
Epoch [201/400]
batch = 0 (Δ=0.265s, 100.00%)
Training throughput: 1 batches in 0.265s; word units 100.0% of 8 words (letters-only 100.0% of 8).
Train Loss: output=0.0112, reconstruction=2.2711
Epoch [202/400]
batch = 0 (Δ=0.272s, 100.00%)
Training throughput: 1 batches in 0.271s; word units 100.0% of 8 words (letters-only 100.0% of 8).
Train Loss: output=0.0096, reconstruction=2.2718
Epoch [203/400]
batch = 0 (Δ=0.264s, 100.00%)
Training throughput: 1 batches in 0.263s; word units 100.0% of 8 words (letters-only 100.0% of 8).
Train Loss: output=0.0144, reconstruction=2.2698
Epoch [204/400]
batch = 0 (Δ=0.268s, 100.00%)
Training throughput: 1 batches in 0.268s; word units 100.0% of 8 words (letters-only 100.0% of 8).
Train Loss: output=0.0102, reconstruction=2.2678
Epoch [205/400]
batch = 0 (Δ=0.262s, 100.00%)
Training throughput: 1 batches in 0.261s; word units 100.0% of 8 words (letters-only 100.0% of 8).
Train Loss: output=0.0133, reconstruction=2.2673
Epoch [206/400]
batch = 0 (Δ=0.271s, 100.00%)
Training throughput: 1 batches in 0.271s; word units 100.0% of 8 words (letters-only 100.0% of 8).
Train Loss: output=0.0075, reconstruction=2.2698
Epoch [207/400]
batch = 0 (Δ=0.261s, 100.00%)
Training throughput: 1 batches in 0.261s; word units 100.0% of 8 words (letters-only 100.0% of 8).
Train Loss: output=0.0074, reconstruction=2.2767
Epoch [208/400]
batch = 0 (Δ=0.632s, 100.00%)
Training throughput: 1 batches in 0.631s; word units 100.0% of 8 words (letters-only 100.0% of 8).
Train Loss: output=0.0072, reconstruction=2.2853
Epoch [209/400]
batch = 0 (Δ=0.270s, 100.00%)
Training throughput: 1 batches in 0.269s; word units 100.0% of 8 words (letters-only 100.0% of 8).
Train Loss: output=0.0130, reconstruction=2.2942
Epoch [210/400]
batch = 0 (Δ=0.265s, 100.00%)
Training throughput: 1 batches in 0.264s; word units 100.0% of 8 words (letters-only 100.0% of 8).
Train Loss: output=0.0127, reconstruction=2.3028
Epoch [211/400]
batch = 0 (Δ=0.269s, 100.00%)
Training throughput: 1 batches in 0.269s; word units 100.0% of 8 words (letters-only 100.0% of 8).
Train Loss: output=0.0191, reconstruction=1.5739
Epoch [212/400]
batch = 0 (Δ=0.263s, 100.00%)
Training throughput: 1 batches in 0.263s; word units 100.0% of 8 words (letters-only 100.0% of 8).
Train Loss: output=0.0096, reconstruction=2.3218
Epoch [213/400]
batch = 0 (Δ=0.267s, 100.00%)
Training throughput: 1 batches in 0.266s; word units 100.0% of 8 words (letters-only 100.0% of 8).
Train Loss: output=0.0124, reconstruction=2.3304
Epoch [214/400]
batch = 0 (Δ=0.266s, 100.00%)
Training throughput: 1 batches in 0.266s; word units 100.0% of 8 words (letters-only 100.0% of 8).
Train Loss: output=0.0128, reconstruction=2.3364
Epoch [215/400]
batch = 0 (Δ=0.267s, 100.00%)
Training throughput: 1 batches in 0.267s; word units 100.0% of 8 words (letters-only 100.0% of 8).
Train Loss: output=0.0138, reconstruction=2.5215
Epoch [216/400]
batch = 0 (Δ=0.259s, 100.00%)
Training throughput: 1 batches in 0.258s; word units 100.0% of 8 words (letters-only 100.0% of 8).
Train Loss: output=0.0152, reconstruction=2.5272
Epoch [217/400]
batch = 0 (Δ=0.270s, 100.00%)
Training throughput: 1 batches in 0.269s; word units 100.0% of 8 words (letters-only 100.0% of 8).
Train Loss: output=0.0122, reconstruction=2.3502
Epoch [218/400]
batch = 0 (Δ=0.259s, 100.00%)
Training throughput: 1 batches in 0.259s; word units 100.0% of 8 words (letters-only 100.0% of 8).
Train Loss: output=0.0122, reconstruction=2.3547
Epoch [219/400]
batch = 0 (Δ=0.265s, 100.00%)
Training throughput: 1 batches in 0.265s; word units 100.0% of 8 words (letters-only 100.0% of 8).
Train Loss: output=0.0138, reconstruction=2.3704
Epoch [220/400]
batch = 0 (Δ=0.262s, 100.00%)
Training throughput: 1 batches in 0.261s; word units 100.0% of 8 words (letters-only 100.0% of 8).
Train Loss: output=0.0139, reconstruction=2.3905
Epoch [221/400]
batch = 0 (Δ=0.269s, 100.00%)
Training throughput: 1 batches in 0.269s; word units 100.0% of 8 words (letters-only 100.0% of 8).
Train Loss: output=0.0203, reconstruction=2.5793
Epoch [222/400]
batch = 0 (Δ=0.266s, 100.00%)
Training throughput: 1 batches in 0.265s; word units 100.0% of 8 words (letters-only 100.0% of 8).
Train Loss: output=0.0203, reconstruction=2.5869
Epoch [223/400]
batch = 0 (Δ=0.268s, 100.00%)
Training throughput: 1 batches in 0.267s; word units 100.0% of 8 words (letters-only 100.0% of 8).
Train Loss: output=0.0199, reconstruction=2.4188
Epoch [224/400]
batch = 0 (Δ=0.264s, 100.00%)
Training throughput: 1 batches in 0.263s; word units 100.0% of 8 words (letters-only 100.0% of 8).
Train Loss: output=0.0200, reconstruction=2.4149
Epoch [225/400]
batch = 0 (Δ=0.267s, 100.00%)
Training throughput: 1 batches in 0.266s; word units 100.0% of 8 words (letters-only 100.0% of 8).
Train Loss: output=0.0144, reconstruction=2.4096
Epoch [226/400]
batch = 0 (Δ=0.262s, 100.00%)
Training throughput: 1 batches in 0.262s; word units 100.0% of 8 words (letters-only 100.0% of 8).
Train Loss: output=0.0217, reconstruction=2.4030
Epoch [227/400]
batch = 0 (Δ=0.264s, 100.00%)
Training throughput: 1 batches in 0.263s; word units 100.0% of 8 words (letters-only 100.0% of 8).
Train Loss: output=0.0224, reconstruction=2.3986
Epoch [228/400]
batch = 0 (Δ=0.264s, 100.00%)
Training throughput: 1 batches in 0.264s; word units 100.0% of 8 words (letters-only 100.0% of 8).
Train Loss: output=0.0163, reconstruction=2.3957
Epoch [229/400]
batch = 0 (Δ=0.268s, 100.00%)
Training throughput: 1 batches in 0.268s; word units 100.0% of 8 words (letters-only 100.0% of 8).
Train Loss: output=0.0146, reconstruction=2.3922
Epoch [230/400]
batch = 0 (Δ=0.269s, 100.00%)
Training throughput: 1 batches in 0.269s; word units 100.0% of 8 words (letters-only 100.0% of 8).
Train Loss: output=0.0115, reconstruction=2.3822
Epoch [231/400]
batch = 0 (Δ=0.270s, 100.00%)
Training throughput: 1 batches in 0.270s; word units 100.0% of 8 words (letters-only 100.0% of 8).
Train Loss: output=0.0152, reconstruction=2.3689
Epoch [232/400]
batch = 0 (Δ=0.265s, 100.00%)
Training throughput: 1 batches in 0.264s; word units 100.0% of 8 words (letters-only 100.0% of 8).
Train Loss: output=0.0139, reconstruction=2.3623
Epoch [233/400]
batch = 0 (Δ=0.273s, 100.00%)
Training throughput: 1 batches in 0.272s; word units 100.0% of 8 words (letters-only 100.0% of 8).
Train Loss: output=0.0083, reconstruction=2.3583
Epoch [234/400]
batch = 0 (Δ=0.264s, 100.00%)
Training throughput: 1 batches in 0.264s; word units 100.0% of 8 words (letters-only 100.0% of 8).
Train Loss: output=0.0067, reconstruction=2.3530
Epoch [235/400]
batch = 0 (Δ=0.271s, 100.00%)
Training throughput: 1 batches in 0.271s; word units 100.0% of 8 words (letters-only 100.0% of 8).
Train Loss: output=0.0129, reconstruction=2.3471
Epoch [236/400]
batch = 0 (Δ=0.264s, 100.00%)
Training throughput: 1 batches in 0.263s; word units 100.0% of 8 words (letters-only 100.0% of 8).
Train Loss: output=0.0132, reconstruction=2.3395
Epoch [237/400]
batch = 0 (Δ=0.273s, 100.00%)
Training throughput: 1 batches in 0.273s; word units 100.0% of 8 words (letters-only 100.0% of 8).
Train Loss: output=0.0065, reconstruction=2.3313
Epoch [238/400]
batch = 0 (Δ=0.262s, 100.00%)
Training throughput: 1 batches in 0.261s; word units 100.0% of 8 words (letters-only 100.0% of 8).
Train Loss: output=0.0062, reconstruction=2.3237
Epoch [239/400]
batch = 0 (Δ=0.265s, 100.00%)
Training throughput: 1 batches in 0.265s; word units 100.0% of 8 words (letters-only 100.0% of 8).
Train Loss: output=0.0121, reconstruction=2.3192
Epoch [240/400]
batch = 0 (Δ=0.260s, 100.00%)
Training throughput: 1 batches in 0.259s; word units 100.0% of 8 words (letters-only 100.0% of 8).
Train Loss: output=0.0114, reconstruction=2.3169
Epoch [241/400]
batch = 0 (Δ=0.270s, 100.00%)
Training throughput: 1 batches in 0.270s; word units 100.0% of 8 words (letters-only 100.0% of 8).
Train Loss: output=0.0106, reconstruction=2.3140
Epoch [242/400]
batch = 0 (Δ=0.267s, 100.00%)
Training throughput: 1 batches in 0.266s; word units 100.0% of 8 words (letters-only 100.0% of 8).
Train Loss: output=0.0099, reconstruction=2.3115
Epoch [243/400]
batch = 0 (Δ=0.265s, 100.00%)
Training throughput: 1 batches in 0.265s; word units 100.0% of 8 words (letters-only 100.0% of 8).
Train Loss: output=0.0039, reconstruction=2.3251
Epoch [244/400]
batch = 0 (Δ=0.269s, 100.00%)
Training throughput: 1 batches in 0.268s; word units 100.0% of 8 words (letters-only 100.0% of 8).
Train Loss: output=0.0117, reconstruction=2.3538
Epoch [245/400]
batch = 0 (Δ=0.270s, 100.00%)
Training throughput: 1 batches in 0.270s; word units 100.0% of 8 words (letters-only 100.0% of 8).
Train Loss: output=0.0070, reconstruction=2.3804
Epoch [246/400]
batch = 0 (Δ=0.268s, 100.00%)
Training throughput: 1 batches in 0.267s; word units 100.0% of 8 words (letters-only 100.0% of 8).
Train Loss: output=0.0141, reconstruction=2.3995
Epoch [247/400]
batch = 0 (Δ=0.263s, 100.00%)
Training throughput: 1 batches in 0.263s; word units 100.0% of 8 words (letters-only 100.0% of 8).
Train Loss: output=0.0075, reconstruction=2.4087
Epoch [248/400]
batch = 0 (Δ=0.267s, 100.00%)
Training throughput: 1 batches in 0.266s; word units 100.0% of 8 words (letters-only 100.0% of 8).
Train Loss: output=0.0139, reconstruction=2.4093
Epoch [249/400]
batch = 0 (Δ=0.265s, 100.00%)
Training throughput: 1 batches in 0.264s; word units 100.0% of 8 words (letters-only 100.0% of 8).
Train Loss: output=0.0068, reconstruction=2.4039
Epoch [250/400]
batch = 0 (Δ=0.267s, 100.00%)
Training throughput: 1 batches in 0.266s; word units 100.0% of 8 words (letters-only 100.0% of 8).
Train Loss: output=0.0135, reconstruction=2.3952
Epoch [251/400]
batch = 0 (Δ=0.261s, 100.00%)
Training throughput: 1 batches in 0.260s; word units 100.0% of 8 words (letters-only 100.0% of 8).
Train Loss: output=0.0147, reconstruction=2.3877
Epoch [252/400]
batch = 0 (Δ=0.274s, 100.00%)
Training throughput: 1 batches in 0.273s; word units 100.0% of 8 words (letters-only 100.0% of 8).
Train Loss: output=0.0166, reconstruction=2.3812
Epoch [253/400]
batch = 0 (Δ=0.264s, 100.00%)
Training throughput: 1 batches in 0.264s; word units 100.0% of 8 words (letters-only 100.0% of 8).
Train Loss: output=0.0189, reconstruction=2.3759
Epoch [254/400]
batch = 0 (Δ=0.269s, 100.00%)
Training throughput: 1 batches in 0.268s; word units 100.0% of 8 words (letters-only 100.0% of 8).
Train Loss: output=0.0121, reconstruction=2.3727
Epoch [255/400]
batch = 0 (Δ=0.265s, 100.00%)
Training throughput: 1 batches in 0.265s; word units 100.0% of 8 words (letters-only 100.0% of 8).
Train Loss: output=0.0207, reconstruction=2.3704
Epoch [256/400]
batch = 0 (Δ=0.265s, 100.00%)
Training throughput: 1 batches in 0.265s; word units 100.0% of 8 words (letters-only 100.0% of 8).
Train Loss: output=0.0122, reconstruction=2.3675
Epoch [257/400]
batch = 0 (Δ=0.263s, 100.00%)
Training throughput: 1 batches in 0.263s; word units 100.0% of 8 words (letters-only 100.0% of 8).
Train Loss: output=0.0125, reconstruction=2.3619
Epoch [258/400]
batch = 0 (Δ=0.270s, 100.00%)
Training throughput: 1 batches in 0.269s; word units 100.0% of 8 words (letters-only 100.0% of 8).
Train Loss: output=0.0211, reconstruction=2.3563
Epoch [259/400]
batch = 0 (Δ=0.266s, 100.00%)
Training throughput: 1 batches in 0.265s; word units 100.0% of 8 words (letters-only 100.0% of 8).
Train Loss: output=0.0207, reconstruction=2.3516
Epoch [260/400]
batch = 0 (Δ=0.265s, 100.00%)
Training throughput: 1 batches in 0.264s; word units 100.0% of 8 words (letters-only 100.0% of 8).
Train Loss: output=0.0118, reconstruction=2.3426
Epoch [261/400]
batch = 0 (Δ=0.263s, 100.00%)
Training throughput: 1 batches in 0.262s; word units 100.0% of 8 words (letters-only 100.0% of 8).
Train Loss: output=0.0116, reconstruction=2.3322
Epoch [262/400]
batch = 0 (Δ=0.269s, 100.00%)
Training throughput: 1 batches in 0.268s; word units 100.0% of 8 words (letters-only 100.0% of 8).
Train Loss: output=0.0116, reconstruction=2.3237
Epoch [263/400]
batch = 0 (Δ=0.261s, 100.00%)
Training throughput: 1 batches in 0.260s; word units 100.0% of 8 words (letters-only 100.0% of 8).
Train Loss: output=0.0174, reconstruction=2.3162
Epoch [264/400]
batch = 0 (Δ=0.264s, 100.00%)
Training throughput: 1 batches in 0.264s; word units 100.0% of 8 words (letters-only 100.0% of 8).
Train Loss: output=0.0167, reconstruction=2.3116
Epoch [265/400]
batch = 0 (Δ=0.260s, 100.00%)
Training throughput: 1 batches in 0.259s; word units 100.0% of 8 words (letters-only 100.0% of 8).
Train Loss: output=0.0109, reconstruction=2.3103
Epoch [266/400]
batch = 0 (Δ=0.268s, 100.00%)
Training throughput: 1 batches in 0.268s; word units 100.0% of 8 words (letters-only 100.0% of 8).
Train Loss: output=0.0112, reconstruction=2.3112
Epoch [267/400]
batch = 0 (Δ=0.263s, 100.00%)
Training throughput: 1 batches in 0.262s; word units 100.0% of 8 words (letters-only 100.0% of 8).
Train Loss: output=0.0172, reconstruction=2.3114
Epoch [268/400]
batch = 0 (Δ=0.262s, 100.00%)
Training throughput: 1 batches in 0.261s; word units 100.0% of 8 words (letters-only 100.0% of 8).
Train Loss: output=0.0108, reconstruction=2.3098
Epoch [269/400]
batch = 0 (Δ=0.259s, 100.00%)
Training throughput: 1 batches in 0.259s; word units 100.0% of 8 words (letters-only 100.0% of 8).
Train Loss: output=0.0174, reconstruction=2.3180
Epoch [270/400]
batch = 0 (Δ=0.272s, 100.00%)
Training throughput: 1 batches in 0.272s; word units 100.0% of 8 words (letters-only 100.0% of 8).
Train Loss: output=0.0115, reconstruction=2.3332
Epoch [271/400]
batch = 0 (Δ=0.264s, 100.00%)
Training throughput: 1 batches in 0.264s; word units 100.0% of 8 words (letters-only 100.0% of 8).
Train Loss: output=0.0175, reconstruction=2.3413
Epoch [272/400]
batch = 0 (Δ=0.267s, 100.00%)
Training throughput: 1 batches in 0.267s; word units 100.0% of 8 words (letters-only 100.0% of 8).
Train Loss: output=0.0105, reconstruction=2.3442
Epoch [273/400]
batch = 0 (Δ=0.263s, 100.00%)
Training throughput: 1 batches in 0.262s; word units 100.0% of 8 words (letters-only 100.0% of 8).
Train Loss: output=0.0091, reconstruction=2.3466
Epoch [274/400]
batch = 0 (Δ=0.265s, 100.00%)
Training throughput: 1 batches in 0.265s; word units 100.0% of 8 words (letters-only 100.0% of 8).
Train Loss: output=0.0131, reconstruction=2.3467
Epoch [275/400]
batch = 0 (Δ=0.266s, 100.00%)
Training throughput: 1 batches in 0.265s; word units 100.0% of 8 words (letters-only 100.0% of 8).
Train Loss: output=0.0118, reconstruction=2.3455
Epoch [276/400]
batch = 0 (Δ=0.266s, 100.00%)
Training throughput: 1 batches in 0.266s; word units 100.0% of 8 words (letters-only 100.0% of 8).
Train Loss: output=0.0060, reconstruction=2.3409
Epoch [277/400]
batch = 0 (Δ=0.264s, 100.00%)
Training throughput: 1 batches in 0.263s; word units 100.0% of 8 words (letters-only 100.0% of 8).
Train Loss: output=0.0057, reconstruction=2.3328
Epoch [278/400]
batch = 0 (Δ=0.268s, 100.00%)
Training throughput: 1 batches in 0.267s; word units 100.0% of 8 words (letters-only 100.0% of 8).
Train Loss: output=0.0052, reconstruction=2.3237
Epoch [279/400]
batch = 0 (Δ=0.262s, 100.00%)
Training throughput: 1 batches in 0.262s; word units 100.0% of 8 words (letters-only 100.0% of 8).
Train Loss: output=0.0102, reconstruction=2.3182
Epoch [280/400]
batch = 0 (Δ=0.264s, 100.00%)
Training throughput: 1 batches in 0.264s; word units 100.0% of 8 words (letters-only 100.0% of 8).
Train Loss: output=0.0107, reconstruction=2.3155
Epoch [281/400]
batch = 0 (Δ=0.264s, 100.00%)
Training throughput: 1 batches in 0.263s; word units 100.0% of 8 words (letters-only 100.0% of 8).
Train Loss: output=0.0112, reconstruction=2.3140
Epoch [282/400]
batch = 0 (Δ=0.268s, 100.00%)
Training throughput: 1 batches in 0.267s; word units 100.0% of 8 words (letters-only 100.0% of 8).
Train Loss: output=0.0055, reconstruction=2.3146
Epoch [283/400]
batch = 0 (Δ=0.266s, 100.00%)
Training throughput: 1 batches in 0.266s; word units 100.0% of 8 words (letters-only 100.0% of 8).
Train Loss: output=0.0135, reconstruction=2.3196
Epoch [284/400]
batch = 0 (Δ=0.266s, 100.00%)
Training throughput: 1 batches in 0.266s; word units 100.0% of 8 words (letters-only 100.0% of 8).
Train Loss: output=0.0140, reconstruction=2.3246
Epoch [285/400]
batch = 0 (Δ=0.263s, 100.00%)
Training throughput: 1 batches in 0.262s; word units 100.0% of 8 words (letters-only 100.0% of 8).
Train Loss: output=0.0142, reconstruction=2.3285
Epoch [286/400]
batch = 0 (Δ=0.267s, 100.00%)
Training throughput: 1 batches in 0.266s; word units 100.0% of 8 words (letters-only 100.0% of 8).
Train Loss: output=0.0146, reconstruction=2.3344
Epoch [287/400]
batch = 0 (Δ=0.261s, 100.00%)
Training throughput: 1 batches in 0.261s; word units 100.0% of 8 words (letters-only 100.0% of 8).
Train Loss: output=0.0157, reconstruction=2.3412
Epoch [288/400]
batch = 0 (Δ=0.267s, 100.00%)
Training throughput: 1 batches in 0.266s; word units 100.0% of 8 words (letters-only 100.0% of 8).
Train Loss: output=0.0177, reconstruction=2.3490
Epoch [289/400]
batch = 0 (Δ=0.259s, 100.00%)
Training throughput: 1 batches in 0.259s; word units 100.0% of 8 words (letters-only 100.0% of 8).
Train Loss: output=0.0199, reconstruction=2.3657
Epoch [290/400]
batch = 0 (Δ=0.266s, 100.00%)
Training throughput: 1 batches in 0.266s; word units 100.0% of 8 words (letters-only 100.0% of 8).
Train Loss: output=0.0122, reconstruction=2.3765
Epoch [291/400]
batch = 0 (Δ=0.259s, 100.00%)
Training throughput: 1 batches in 0.259s; word units 100.0% of 8 words (letters-only 100.0% of 8).
Train Loss: output=0.0129, reconstruction=2.3739
Epoch [292/400]
batch = 0 (Δ=0.262s, 100.00%)
Training throughput: 1 batches in 0.262s; word units 100.0% of 8 words (letters-only 100.0% of 8).
Train Loss: output=0.0124, reconstruction=2.3704
Epoch [293/400]
batch = 0 (Δ=0.267s, 100.00%)
Training throughput: 1 batches in 0.266s; word units 100.0% of 8 words (letters-only 100.0% of 8).
Train Loss: output=0.0118, reconstruction=2.3644
Epoch [294/400]
batch = 0 (Δ=0.265s, 100.00%)
Training throughput: 1 batches in 0.265s; word units 100.0% of 8 words (letters-only 100.0% of 8).
Train Loss: output=0.0185, reconstruction=2.3569
Epoch [295/400]
batch = 0 (Δ=0.266s, 100.00%)
Training throughput: 1 batches in 0.265s; word units 100.0% of 8 words (letters-only 100.0% of 8).
Train Loss: output=0.0181, reconstruction=2.3506
Epoch [296/400]
batch = 0 (Δ=0.263s, 100.00%)
Training throughput: 1 batches in 0.263s; word units 100.0% of 8 words (letters-only 100.0% of 8).
Train Loss: output=0.0189, reconstruction=2.3476
Epoch [297/400]
batch = 0 (Δ=0.265s, 100.00%)
Training throughput: 1 batches in 0.264s; word units 100.0% of 8 words (letters-only 100.0% of 8).
Train Loss: output=0.0123, reconstruction=2.3461
Epoch [298/400]
batch = 0 (Δ=0.267s, 100.00%)
Training throughput: 1 batches in 0.267s; word units 100.0% of 8 words (letters-only 100.0% of 8).
Train Loss: output=0.0139, reconstruction=2.3444
Epoch [299/400]
batch = 0 (Δ=0.264s, 100.00%)
Training throughput: 1 batches in 0.263s; word units 100.0% of 8 words (letters-only 100.0% of 8).
Train Loss: output=0.0134, reconstruction=2.3427
Epoch [300/400]
batch = 0 (Δ=0.263s, 100.00%)
Training throughput: 1 batches in 0.263s; word units 100.0% of 8 words (letters-only 100.0% of 8).
Train Loss: output=0.0141, reconstruction=2.3518
Epoch [301/400]
batch = 0 (Δ=0.267s, 100.00%)
Training throughput: 1 batches in 0.267s; word units 100.0% of 8 words (letters-only 100.0% of 8).
Train Loss: output=0.0229, reconstruction=2.3665
Epoch [302/400]
batch = 0 (Δ=0.265s, 100.00%)
Training throughput: 1 batches in 0.264s; word units 100.0% of 8 words (letters-only 100.0% of 8).
Train Loss: output=0.0245, reconstruction=2.3786
Epoch [303/400]
batch = 0 (Δ=0.270s, 100.00%)
Training throughput: 1 batches in 0.270s; word units 100.0% of 8 words (letters-only 100.0% of 8).
Train Loss: output=0.0254, reconstruction=2.3872
Epoch [304/400]
batch = 0 (Δ=0.262s, 100.00%)
Training throughput: 1 batches in 0.262s; word units 100.0% of 8 words (letters-only 100.0% of 8).
Train Loss: output=0.0257, reconstruction=2.3928
Epoch [305/400]
batch = 0 (Δ=0.263s, 100.00%)
Training throughput: 1 batches in 0.262s; word units 100.0% of 8 words (letters-only 100.0% of 8).
Train Loss: output=0.0166, reconstruction=2.3958
Epoch [306/400]
batch = 0 (Δ=0.261s, 100.00%)
Training throughput: 1 batches in 0.261s; word units 100.0% of 8 words (letters-only 100.0% of 8).
Train Loss: output=0.0151, reconstruction=2.3962
Epoch [307/400]
batch = 0 (Δ=0.267s, 100.00%)
Training throughput: 1 batches in 0.267s; word units 100.0% of 8 words (letters-only 100.0% of 8).
Train Loss: output=0.0128, reconstruction=2.3919
Epoch [308/400]
batch = 0 (Δ=0.620s, 100.00%)
Training throughput: 1 batches in 0.620s; word units 100.0% of 8 words (letters-only 100.0% of 8).
Train Loss: output=0.0183, reconstruction=2.3861
Epoch [309/400]
batch = 0 (Δ=0.260s, 100.00%)
Training throughput: 1 batches in 0.260s; word units 100.0% of 8 words (letters-only 100.0% of 8).
Train Loss: output=0.0087, reconstruction=2.3800
Epoch [310/400]
batch = 0 (Δ=0.264s, 100.00%)
Training throughput: 1 batches in 0.263s; word units 100.0% of 8 words (letters-only 100.0% of 8).
Train Loss: output=0.0084, reconstruction=2.3737
Epoch [311/400]
batch = 0 (Δ=0.260s, 100.00%)
Training throughput: 1 batches in 0.260s; word units 100.0% of 8 words (letters-only 100.0% of 8).
Train Loss: output=0.0078, reconstruction=2.3664
Epoch [312/400]
batch = 0 (Δ=0.265s, 100.00%)
Training throughput: 1 batches in 0.264s; word units 100.0% of 8 words (letters-only 100.0% of 8).
Train Loss: output=0.0076, reconstruction=2.3586
Epoch [313/400]
batch = 0 (Δ=0.261s, 100.00%)
Training throughput: 1 batches in 0.261s; word units 100.0% of 8 words (letters-only 100.0% of 8).
Train Loss: output=0.0157, reconstruction=2.3499
Epoch [314/400]
batch = 0 (Δ=0.266s, 100.00%)
Training throughput: 1 batches in 0.266s; word units 100.0% of 8 words (letters-only 100.0% of 8).
Train Loss: output=0.0082, reconstruction=2.3427
Epoch [315/400]
batch = 0 (Δ=0.262s, 100.00%)
Training throughput: 1 batches in 0.261s; word units 100.0% of 8 words (letters-only 100.0% of 8).
Train Loss: output=0.0173, reconstruction=1.7066
Epoch [316/400]
batch = 0 (Δ=0.264s, 100.00%)
Training throughput: 1 batches in 0.264s; word units 100.0% of 8 words (letters-only 100.0% of 8).
Train Loss: output=0.0191, reconstruction=1.7228
Epoch [317/400]
batch = 0 (Δ=0.260s, 100.00%)
Training throughput: 1 batches in 0.260s; word units 100.0% of 8 words (letters-only 100.0% of 8).
Train Loss: output=0.0121, reconstruction=1.7395
Epoch [318/400]
batch = 0 (Δ=0.268s, 100.00%)
Training throughput: 1 batches in 0.268s; word units 100.0% of 8 words (letters-only 100.0% of 8).
Train Loss: output=0.0136, reconstruction=1.7550
Epoch [319/400]
batch = 0 (Δ=0.263s, 100.00%)
Training throughput: 1 batches in 0.263s; word units 100.0% of 8 words (letters-only 100.0% of 8).
Train Loss: output=0.0145, reconstruction=1.7515
Epoch [320/400]
batch = 0 (Δ=0.264s, 100.00%)
Training throughput: 1 batches in 0.263s; word units 100.0% of 8 words (letters-only 100.0% of 8).
Train Loss: output=0.0143, reconstruction=1.7331
Epoch [321/400]
batch = 0 (Δ=0.264s, 100.00%)
Training throughput: 1 batches in 0.263s; word units 100.0% of 8 words (letters-only 100.0% of 8).
Train Loss: output=0.0215, reconstruction=1.7168
Epoch [322/400]
batch = 0 (Δ=0.269s, 100.00%)
Training throughput: 1 batches in 0.269s; word units 100.0% of 8 words (letters-only 100.0% of 8).
Train Loss: output=0.0122, reconstruction=1.7025
Epoch [323/400]
batch = 0 (Δ=0.263s, 100.00%)
Training throughput: 1 batches in 0.262s; word units 100.0% of 8 words (letters-only 100.0% of 8).
Train Loss: output=0.0114, reconstruction=1.6899
Epoch [324/400]
batch = 0 (Δ=0.262s, 100.00%)
Training throughput: 1 batches in 0.262s; word units 100.0% of 8 words (letters-only 100.0% of 8).
Train Loss: output=0.0175, reconstruction=1.6795
Epoch [325/400]
batch = 0 (Δ=0.261s, 100.00%)
Training throughput: 1 batches in 0.261s; word units 100.0% of 8 words (letters-only 100.0% of 8).
Train Loss: output=0.0104, reconstruction=1.6704
Epoch [326/400]
batch = 0 (Δ=0.270s, 100.00%)
Training throughput: 1 batches in 0.269s; word units 100.0% of 8 words (letters-only 100.0% of 8).
Train Loss: output=0.0156, reconstruction=1.6616
Epoch [327/400]
batch = 0 (Δ=0.260s, 100.00%)
Training throughput: 1 batches in 0.260s; word units 100.0% of 8 words (letters-only 100.0% of 8).
Train Loss: output=0.0091, reconstruction=2.4046
Epoch [328/400]
batch = 0 (Δ=0.264s, 100.00%)
Training throughput: 1 batches in 0.263s; word units 100.0% of 8 words (letters-only 100.0% of 8).
Train Loss: output=0.0080, reconstruction=2.4044
Epoch [329/400]
batch = 0 (Δ=0.260s, 100.00%)
Training throughput: 1 batches in 0.259s; word units 100.0% of 8 words (letters-only 100.0% of 8).
Train Loss: output=0.0079, reconstruction=2.4035
Epoch [330/400]
batch = 0 (Δ=0.268s, 100.00%)
Training throughput: 1 batches in 0.267s; word units 100.0% of 8 words (letters-only 100.0% of 8).
Train Loss: output=0.0133, reconstruction=2.4012
Epoch [331/400]
batch = 0 (Δ=0.260s, 100.00%)
Training throughput: 1 batches in 0.259s; word units 100.0% of 8 words (letters-only 100.0% of 8).
Train Loss: output=0.0145, reconstruction=2.4007
Epoch [332/400]
batch = 0 (Δ=0.266s, 100.00%)
Training throughput: 1 batches in 0.265s; word units 100.0% of 8 words (letters-only 100.0% of 8).
Train Loss: output=0.0101, reconstruction=2.4019
Epoch [333/400]
batch = 0 (Δ=0.264s, 100.00%)
Training throughput: 1 batches in 0.263s; word units 100.0% of 8 words (letters-only 100.0% of 8).
Train Loss: output=0.0174, reconstruction=2.4018
Epoch [334/400]
batch = 0 (Δ=0.269s, 100.00%)
Training throughput: 1 batches in 0.268s; word units 100.0% of 8 words (letters-only 100.0% of 8).
Train Loss: output=0.0108, reconstruction=2.4067
Epoch [335/400]
batch = 0 (Δ=0.263s, 100.00%)
Training throughput: 1 batches in 0.263s; word units 100.0% of 8 words (letters-only 100.0% of 8).
Train Loss: output=0.0115, reconstruction=2.4136
Epoch [336/400]
batch = 0 (Δ=0.266s, 100.00%)
Training throughput: 1 batches in 0.265s; word units 100.0% of 8 words (letters-only 100.0% of 8).
Train Loss: output=0.0138, reconstruction=1.6691
Epoch [337/400]
batch = 0 (Δ=0.265s, 100.00%)
Training throughput: 1 batches in 0.264s; word units 100.0% of 8 words (letters-only 100.0% of 8).
Train Loss: output=0.0123, reconstruction=1.6596
Epoch [338/400]
batch = 0 (Δ=0.269s, 100.00%)
Training throughput: 1 batches in 0.269s; word units 100.0% of 8 words (letters-only 100.0% of 8).
Train Loss: output=0.0140, reconstruction=1.6472
Epoch [339/400]
batch = 0 (Δ=0.264s, 100.00%)
Training throughput: 1 batches in 0.264s; word units 100.0% of 8 words (letters-only 100.0% of 8).
Train Loss: output=0.0187, reconstruction=1.6323
Epoch [340/400]
batch = 0 (Δ=0.265s, 100.00%)
Training throughput: 1 batches in 0.265s; word units 100.0% of 8 words (letters-only 100.0% of 8).
Train Loss: output=0.0174, reconstruction=1.6196
Epoch [341/400]
batch = 0 (Δ=0.262s, 100.00%)
Training throughput: 1 batches in 0.261s; word units 100.0% of 8 words (letters-only 100.0% of 8).
Train Loss: output=0.0167, reconstruction=1.6085
Epoch [342/400]
batch = 0 (Δ=0.266s, 100.00%)
Training throughput: 1 batches in 0.266s; word units 100.0% of 8 words (letters-only 100.0% of 8).
Train Loss: output=0.0167, reconstruction=2.3660
Epoch [343/400]
batch = 0 (Δ=0.265s, 100.00%)
Training throughput: 1 batches in 0.264s; word units 100.0% of 8 words (letters-only 100.0% of 8).
Train Loss: output=0.0168, reconstruction=2.3631
Epoch [344/400]
batch = 0 (Δ=0.265s, 100.00%)
Training throughput: 1 batches in 0.264s; word units 100.0% of 8 words (letters-only 100.0% of 8).
Train Loss: output=0.0130, reconstruction=2.3623
Epoch [345/400]
batch = 0 (Δ=0.264s, 100.00%)
Training throughput: 1 batches in 0.263s; word units 100.0% of 8 words (letters-only 100.0% of 8).
Train Loss: output=0.0173, reconstruction=2.3620
Epoch [346/400]
batch = 0 (Δ=0.270s, 100.00%)
Training throughput: 1 batches in 0.269s; word units 100.0% of 8 words (letters-only 100.0% of 8).
Train Loss: output=0.0133, reconstruction=2.3639
Epoch [347/400]
batch = 0 (Δ=0.266s, 100.00%)
Training throughput: 1 batches in 0.265s; word units 100.0% of 8 words (letters-only 100.0% of 8).
Train Loss: output=0.0176, reconstruction=2.3650
Epoch [348/400]
batch = 0 (Δ=0.264s, 100.00%)
Training throughput: 1 batches in 0.263s; word units 100.0% of 8 words (letters-only 100.0% of 8).
Train Loss: output=0.0118, reconstruction=2.3673
Epoch [349/400]
batch = 0 (Δ=0.267s, 100.00%)
Training throughput: 1 batches in 0.266s; word units 100.0% of 8 words (letters-only 100.0% of 8).
Train Loss: output=0.0191, reconstruction=2.3703
Epoch [350/400]
batch = 0 (Δ=0.266s, 100.00%)
Training throughput: 1 batches in 0.265s; word units 100.0% of 8 words (letters-only 100.0% of 8).
Train Loss: output=0.0200, reconstruction=1.5628
Epoch [351/400]
batch = 0 (Δ=0.271s, 100.00%)
Training throughput: 1 batches in 0.271s; word units 100.0% of 8 words (letters-only 100.0% of 8).
Train Loss: output=0.0208, reconstruction=1.5458
Epoch [352/400]
batch = 0 (Δ=0.260s, 100.00%)
Training throughput: 1 batches in 0.259s; word units 100.0% of 8 words (letters-only 100.0% of 8).
Train Loss: output=0.0148, reconstruction=1.5327
Epoch [353/400]
batch = 0 (Δ=0.267s, 100.00%)
Training throughput: 1 batches in 0.266s; word units 100.0% of 8 words (letters-only 100.0% of 8).
Train Loss: output=0.0145, reconstruction=1.5218
Epoch [354/400]
batch = 0 (Δ=0.261s, 100.00%)
Training throughput: 1 batches in 0.261s; word units 100.0% of 8 words (letters-only 100.0% of 8).
Train Loss: output=0.0143, reconstruction=1.5128
Epoch [355/400]
batch = 0 (Δ=0.268s, 100.00%)
Training throughput: 1 batches in 0.267s; word units 100.0% of 8 words (letters-only 100.0% of 8).
Train Loss: output=0.0215, reconstruction=1.5066
Epoch [356/400]
batch = 0 (Δ=0.262s, 100.00%)
Training throughput: 1 batches in 0.262s; word units 100.0% of 8 words (letters-only 100.0% of 8).
Train Loss: output=0.0224, reconstruction=1.5031
Epoch [357/400]
batch = 0 (Δ=0.264s, 100.00%)
Training throughput: 1 batches in 0.263s; word units 100.0% of 8 words (letters-only 100.0% of 8).
Train Loss: output=0.0235, reconstruction=1.5051
Epoch [358/400]
batch = 0 (Δ=0.260s, 100.00%)
Training throughput: 1 batches in 0.260s; word units 100.0% of 8 words (letters-only 100.0% of 8).
Train Loss: output=0.0162, reconstruction=1.5098
Epoch [359/400]
batch = 0 (Δ=0.269s, 100.00%)
Training throughput: 1 batches in 0.269s; word units 100.0% of 8 words (letters-only 100.0% of 8).
Train Loss: output=0.0258, reconstruction=1.5141
Epoch [360/400]
batch = 0 (Δ=0.263s, 100.00%)
Training throughput: 1 batches in 0.262s; word units 100.0% of 8 words (letters-only 100.0% of 8).
Train Loss: output=0.0271, reconstruction=1.5173
Epoch [361/400]
batch = 0 (Δ=0.267s, 100.00%)
Training throughput: 1 batches in 0.266s; word units 100.0% of 8 words (letters-only 100.0% of 8).
Train Loss: output=0.0176, reconstruction=1.5207
Epoch [362/400]
batch = 0 (Δ=0.263s, 100.00%)
Training throughput: 1 batches in 0.263s; word units 100.0% of 8 words (letters-only 100.0% of 8).
Train Loss: output=0.0259, reconstruction=2.3293
Epoch [363/400]
batch = 0 (Δ=0.266s, 100.00%)
Training throughput: 1 batches in 0.266s; word units 100.0% of 8 words (letters-only 100.0% of 8).
Train Loss: output=0.0220, reconstruction=2.3308
Epoch [364/400]
batch = 0 (Δ=0.265s, 100.00%)
Training throughput: 1 batches in 0.265s; word units 100.0% of 8 words (letters-only 100.0% of 8).
Train Loss: output=0.0228, reconstruction=2.3337
Epoch [365/400]
batch = 0 (Δ=0.266s, 100.00%)
Training throughput: 1 batches in 0.266s; word units 100.0% of 8 words (letters-only 100.0% of 8).
Train Loss: output=0.0214, reconstruction=2.3369
Epoch [366/400]
batch = 0 (Δ=0.265s, 100.00%)
Training throughput: 1 batches in 0.265s; word units 100.0% of 8 words (letters-only 100.0% of 8).
Train Loss: output=0.0106, reconstruction=2.3374
Epoch [367/400]
batch = 0 (Δ=0.269s, 100.00%)
Training throughput: 1 batches in 0.268s; word units 100.0% of 8 words (letters-only 100.0% of 8).
Train Loss: output=0.0144, reconstruction=2.3347
Epoch [368/400]
batch = 0 (Δ=0.264s, 100.00%)
Training throughput: 1 batches in 0.264s; word units 100.0% of 8 words (letters-only 100.0% of 8).
Train Loss: output=0.0082, reconstruction=2.3306
Epoch [369/400]
batch = 0 (Δ=0.268s, 100.00%)
Training throughput: 1 batches in 0.267s; word units 100.0% of 8 words (letters-only 100.0% of 8).
Train Loss: output=0.0158, reconstruction=2.3300
Epoch [370/400]
batch = 0 (Δ=0.262s, 100.00%)
Training throughput: 1 batches in 0.262s; word units 100.0% of 8 words (letters-only 100.0% of 8).
Train Loss: output=0.0157, reconstruction=1.5638
Epoch [371/400]
batch = 0 (Δ=0.269s, 100.00%)
Training throughput: 1 batches in 0.269s; word units 100.0% of 8 words (letters-only 100.0% of 8).
Train Loss: output=0.0130, reconstruction=1.5387
Epoch [372/400]
batch = 0 (Δ=0.262s, 100.00%)
Training throughput: 1 batches in 0.262s; word units 100.0% of 8 words (letters-only 100.0% of 8).
Train Loss: output=0.0168, reconstruction=1.5073
Epoch [373/400]
batch = 0 (Δ=0.268s, 100.00%)
Training throughput: 1 batches in 0.268s; word units 100.0% of 8 words (letters-only 100.0% of 8).
Train Loss: output=0.0179, reconstruction=1.4852
Epoch [374/400]
batch = 0 (Δ=0.264s, 100.00%)
Training throughput: 1 batches in 0.263s; word units 100.0% of 8 words (letters-only 100.0% of 8).
Train Loss: output=0.0166, reconstruction=1.4698
Epoch [375/400]
batch = 0 (Δ=0.272s, 100.00%)
Training throughput: 1 batches in 0.272s; word units 100.0% of 8 words (letters-only 100.0% of 8).
Train Loss: output=0.0172, reconstruction=1.4582
Epoch [376/400]
batch = 0 (Δ=0.262s, 100.00%)
Training throughput: 1 batches in 0.262s; word units 100.0% of 8 words (letters-only 100.0% of 8).
Train Loss: output=0.0185, reconstruction=1.4492
Epoch [377/400]
batch = 0 (Δ=0.270s, 100.00%)
Training throughput: 1 batches in 0.269s; word units 100.0% of 8 words (letters-only 100.0% of 8).
Train Loss: output=0.0163, reconstruction=1.4427
Epoch [378/400]
batch = 0 (Δ=0.262s, 100.00%)
Training throughput: 1 batches in 0.262s; word units 100.0% of 8 words (letters-only 100.0% of 8).
Train Loss: output=0.0156, reconstruction=1.4391
Epoch [379/400]
batch = 0 (Δ=0.271s, 100.00%)
Training throughput: 1 batches in 0.271s; word units 100.0% of 8 words (letters-only 100.0% of 8).
Train Loss: output=0.0097, reconstruction=1.4403
Epoch [380/400]
batch = 0 (Δ=0.263s, 100.00%)
Training throughput: 1 batches in 0.262s; word units 100.0% of 8 words (letters-only 100.0% of 8).
Train Loss: output=0.0092, reconstruction=1.4464
Epoch [381/400]
batch = 0 (Δ=0.267s, 100.00%)
Training throughput: 1 batches in 0.267s; word units 100.0% of 8 words (letters-only 100.0% of 8).
Train Loss: output=0.0091, reconstruction=1.4543
Epoch [382/400]
batch = 0 (Δ=0.265s, 100.00%)
Training throughput: 1 batches in 0.264s; word units 100.0% of 8 words (letters-only 100.0% of 8).
Train Loss: output=0.0169, reconstruction=1.4629
Epoch [383/400]
batch = 0 (Δ=0.266s, 100.00%)
Training throughput: 1 batches in 0.266s; word units 100.0% of 8 words (letters-only 100.0% of 8).
Train Loss: output=0.0094, reconstruction=1.4725
Epoch [384/400]
batch = 0 (Δ=0.265s, 100.00%)
Training throughput: 1 batches in 0.264s; word units 100.0% of 8 words (letters-only 100.0% of 8).
Train Loss: output=0.0181, reconstruction=1.4818
Epoch [385/400]
batch = 0 (Δ=0.264s, 100.00%)
Training throughput: 1 batches in 0.263s; word units 100.0% of 8 words (letters-only 100.0% of 8).
Train Loss: output=0.0176, reconstruction=1.4908
Epoch [386/400]
batch = 0 (Δ=0.262s, 100.00%)
Training throughput: 1 batches in 0.261s; word units 100.0% of 8 words (letters-only 100.0% of 8).
Train Loss: output=0.0112, reconstruction=1.4993
Epoch [387/400]
batch = 0 (Δ=0.271s, 100.00%)
Training throughput: 1 batches in 0.271s; word units 100.0% of 8 words (letters-only 100.0% of 8).
Train Loss: output=0.0190, reconstruction=1.5066
Epoch [388/400]
batch = 0 (Δ=0.266s, 100.00%)
Training throughput: 1 batches in 0.265s; word units 100.0% of 8 words (letters-only 100.0% of 8).
Train Loss: output=0.0158, reconstruction=1.5138
Epoch [389/400]
batch = 0 (Δ=0.266s, 100.00%)
Training throughput: 1 batches in 0.265s; word units 100.0% of 8 words (letters-only 100.0% of 8).
Train Loss: output=0.0164, reconstruction=2.3019
Epoch [390/400]
batch = 0 (Δ=0.266s, 100.00%)
Training throughput: 1 batches in 0.265s; word units 100.0% of 8 words (letters-only 100.0% of 8).
Train Loss: output=0.0137, reconstruction=2.3042
Epoch [391/400]
batch = 0 (Δ=0.269s, 100.00%)
Training throughput: 1 batches in 0.268s; word units 100.0% of 8 words (letters-only 100.0% of 8).
Train Loss: output=0.0149, reconstruction=2.3056
Epoch [392/400]
batch = 0 (Δ=0.270s, 100.00%)
Training throughput: 1 batches in 0.269s; word units 100.0% of 8 words (letters-only 100.0% of 8).
Train Loss: output=0.0079, reconstruction=2.3083
Epoch [393/400]
batch = 0 (Δ=0.269s, 100.00%)
Training throughput: 1 batches in 0.269s; word units 100.0% of 8 words (letters-only 100.0% of 8).
Train Loss: output=0.0132, reconstruction=2.3107
Epoch [394/400]
batch = 0 (Δ=0.267s, 100.00%)
Training throughput: 1 batches in 0.267s; word units 100.0% of 8 words (letters-only 100.0% of 8).
Train Loss: output=0.0130, reconstruction=2.3129
Epoch [395/400]
batch = 0 (Δ=0.267s, 100.00%)
Training throughput: 1 batches in 0.267s; word units 100.0% of 8 words (letters-only 100.0% of 8).
Train Loss: output=0.0077, reconstruction=2.3171
Epoch [396/400]
batch = 0 (Δ=0.267s, 100.00%)
Training throughput: 1 batches in 0.266s; word units 100.0% of 8 words (letters-only 100.0% of 8).
Train Loss: output=0.0123, reconstruction=2.3215
Epoch [397/400]
batch = 0 (Δ=0.266s, 100.00%)
Training throughput: 1 batches in 0.266s; word units 100.0% of 8 words (letters-only 100.0% of 8).
Train Loss: output=0.0145, reconstruction=2.3240
Epoch [398/400]
batch = 0 (Δ=0.266s, 100.00%)
Training throughput: 1 batches in 0.265s; word units 100.0% of 8 words (letters-only 100.0% of 8).
Train Loss: output=0.0102, reconstruction=2.3270
Epoch [399/400]
batch = 0 (Δ=0.265s, 100.00%)
Training throughput: 1 batches in 0.264s; word units 100.0% of 8 words (letters-only 100.0% of 8).
Train Loss: output=0.0155, reconstruction=2.3336
Epoch [400/400]
batch = 0 (Δ=0.273s, 100.00%)
Training throughput: 1 batches in 0.272s; word units 100.0% of 8 words (letters-only 100.0% of 8).
Train Loss: output=0.0153, reconstruction=2.3427
Final Stats:
=== Selected operation grammar ===
batch = 0 (Δ=26.275s, 100.00%)
Training throughput: 1 batches in 26.227s; word units 100.0% of 8 words (letters-only 100.0% of 8).
=== Input Reconstruction (test) ===
  row[0] input='hello world' -> reconstructed='there ' label=0.0000 predicted=0.2167 MISMATCH
  row[1] input='hello there' -> reconstructed='world ' label=1.0000 predicted=0.9184 MISMATCH
  row[2] input='loving world' -> reconstructed='there ' label=1.0000 predicted=0.8339 MISMATCH
  row[3] input='loving there' -> reconstructed='world ' label=0.0000 predicted=0.0977 MISMATCH
------------------------------ Captured log call -------------------------------
DEBUG    torch.__trace:utils.py:2363 
DEBUG    torch.__trace:utils.py:2363 
DEBUG    torch.__trace:structured.py:28 
DEBUG    torch.__trace:structured.py:28 
DEBUG    torch.__trace:structured.py:28 
DEBUG    torch.__trace:structured.py:28 
DEBUG    torch.__trace:structured.py:28 
DEBUG    torch.__trace:structured.py:28 
DEBUG    torch.__trace:structured.py:28 
DEBUG    torch.__trace:structured.py:28 
DEBUG    torch.__trace:structured.py:28 
DEBUG    torch.__trace:structured.py:28 
DEBUG    torch.__trace:structured.py:28 
DEBUG    torch.__trace:structured.py:28 
DEBUG    torch.__trace:structured.py:28 
DEBUG    torch.__trace:structured.py:28 
DEBUG    torch.__trace:structured.py:28 
DEBUG    torch.__trace:convert_frame.py:304 
DEBUG    torch.__trace:utils.py:2363 
DEBUG    torch.__trace:utils.py:2363 
DEBUG    torch.__trace:meta_utils.py:298 
DEBUG    torch.__trace:meta_utils.py:537 
DEBUG    torch.__trace:meta_utils.py:2385 
DEBUG    torch.__trace:meta_utils.py:298 
DEBUG    torch.__trace:meta_utils.py:537 
DEBUG    torch.__trace:meta_utils.py:2385 
DEBUG    torch.__trace:meta_utils.py:298 
DEBUG    torch.__trace:meta_utils.py:537 
DEBUG    torch.__trace:meta_utils.py:2385 
DEBUG    torch.__trace:meta_utils.py:298 
DEBUG    torch.__trace:meta_utils.py:537 
DEBUG    torch.__trace:meta_utils.py:2385 
DEBUG    torch.__trace:meta_utils.py:298 
DEBUG    torch.__trace:meta_utils.py:537 
DEBUG    torch.__trace:meta_utils.py:2385 
DEBUG    torch.__trace:meta_utils.py:298 
DEBUG    torch.__trace:meta_utils.py:537 
DEBUG    torch.__trace:meta_utils.py:2385 
DEBUG    torch.__trace:meta_utils.py:298 
DEBUG    torch.__trace:meta_utils.py:537 
DEBUG    torch.__trace:meta_utils.py:2385 
DEBUG    torch.__trace:meta_utils.py:298 
DEBUG    torch.__trace:meta_utils.py:537 
DEBUG    torch.__trace:meta_utils.py:2385 
DEBUG    torch.__trace:meta_utils.py:298 
DEBUG    torch.__trace:meta_utils.py:537 
DEBUG    torch.__trace:meta_utils.py:2385 
DEBUG    torch.__trace:meta_utils.py:298 
DEBUG    torch.__trace:meta_utils.py:537 
DEBUG    torch.__trace:meta_utils.py:2385 
DEBUG    torch.__trace:structured.py:28 
DEBUG    torch.__trace:structured.py:28 
DEBUG    torch.__trace:structured.py:28 
DEBUG    torch.__trace:structured.py:28 
DEBUG    torch.__trace:structured.py:28 
DEBUG    torch.__trace:structured.py:28 
DEBUG    torch.__trace:structured.py:28 
DEBUG    torch.__trace:structured.py:28 
DEBUG    torch.__trace:structured.py:28 
DEBUG    torch.__trace:structured.py:28 
DEBUG    torch.__trace:structured.py:28 
DEBUG    torch.__trace:structured.py:28 
DEBUG    torch.__trace:symbolic_shapes.py:5971 
DEBUG    torch.__trace:meta_utils.py:298 
DEBUG    torch.__trace:meta_utils.py:537 
DEBUG    torch.__trace:meta_utils.py:2385 
DEBUG    torch.__trace:meta_utils.py:298 
DEBUG    torch.__trace:meta_utils.py:537 
DEBUG    torch.__trace:meta_utils.py:2385 
DEBUG    torch.__trace:meta_utils.py:298 
DEBUG    torch.__trace:meta_utils.py:537 
DEBUG    torch.__trace:meta_utils.py:2385 
DEBUG    torch.__trace:meta_utils.py:298 
DEBUG    torch.__trace:meta_utils.py:537 
DEBUG    torch.__trace:meta_utils.py:2385 
DEBUG    torch.__trace:meta_utils.py:298 
DEBUG    torch.__trace:meta_utils.py:537 
DEBUG    torch.__trace:meta_utils.py:2385 
DEBUG    torch.__trace:structured.py:28 
DEBUG    torch.__trace:structured.py:28 
DEBUG    torch.__trace:structured.py:28 
DEBUG    torch.__trace:symbolic_shapes.py:5971 
DEBUG    torch.__trace:meta_utils.py:298 
DEBUG    torch.__trace:meta_utils.py:537 
DEBUG    torch.__trace:meta_utils.py:2385 
DEBUG    torch.__trace:symbolic_shapes.py:5971 
DEBUG    torch.__trace:structured.py:28 
DEBUG    torch.__trace:structured.py:28 
DEBUG    torch.__trace:symbolic_shapes.py:8465 
DEBUG    torch.__trace:meta_utils.py:298 
DEBUG    torch.__trace:meta_utils.py:537 
DEBUG    torch.__trace:meta_utils.py:2385 
DEBUG    torch.__trace:meta_utils.py:298 
DEBUG    torch.__trace:meta_utils.py:537 
DEBUG    torch.__trace:meta_utils.py:2385 
DEBUG    torch.__trace:meta_utils.py:298 
DEBUG    torch.__trace:meta_utils.py:537 
DEBUG    torch.__trace:meta_utils.py:2385 
DEBUG    torch.__trace:meta_utils.py:298 
DEBUG    torch.__trace:meta_utils.py:537 
DEBUG    torch.__trace:meta_utils.py:2385 
DEBUG    torch.__trace:meta_utils.py:298 
DEBUG    torch.__trace:meta_utils.py:537 
DEBUG    torch.__trace:meta_utils.py:2385 
DEBUG    torch.__trace:meta_utils.py:298 
DEBUG    torch.__trace:meta_utils.py:537 
DEBUG    torch.__trace:meta_utils.py:2385 
DEBUG    torch.__trace:meta_utils.py:298 
DEBUG    torch.__trace:meta_utils.py:537 
DEBUG    torch.__trace:meta_utils.py:2385 
DEBUG    torch.__trace:meta_utils.py:298 
DEBUG    torch.__trace:meta_utils.py:537 
DEBUG    torch.__trace:meta_utils.py:2385 
DEBUG    torch.__trace:meta_utils.py:298 
DEBUG    torch.__trace:meta_utils.py:537 
DEBUG    torch.__trace:meta_utils.py:2385 
DEBUG    torch.__trace:structured.py:28 
DEBUG    torch.__trace:structured.py:28 
DEBUG    torch.__trace:structured.py:28 
DEBUG    torch.__trace:structured.py:28 
DEBUG    torch.__trace:symbolic_shapes.py:5521 
DEBUG    torch.__trace:structured.py:28 
DEBUG    torch.__trace:structured.py:28 
DEBUG    torch.__trace:structured.py:28 
DEBUG    torch.__trace:structured.py:28 
DEBUG    torch.__trace:structured.py:28 
DEBUG    torch.__trace:symbolic_shapes.py:8465 
DEBUG    torch.__trace:symbolic_shapes.py:8465 
DEBUG    torch.__trace:symbolic_shapes.py:5521 
DEBUG    torch.__trace:symbolic_shapes.py:8465 
DEBUG    torch.__trace:symbolic_shapes.py:8465 
DEBUG    torch.__trace:meta_utils.py:298 
DEBUG    torch.__trace:meta_utils.py:537 
DEBUG    torch.__trace:meta_utils.py:2385 
DEBUG    torch.__trace:utils.py:2363 
DEBUG    torch.__trace:utils.py:2363 
DEBUG    torch.__trace:utils.py:2363 
DEBUG    torch.__trace:output_graph.py:2942 
DEBUG    torch.__trace:utils.py:2363 
DEBUG    torch.__trace:utils.py:2363 
DEBUG    torch.__trace:utils.py:2363 
DEBUG    torch.__trace:structured.py:28 
DEBUG    torch.__trace:structured.py:28 
DEBUG    torch.__trace:structured.py:28 
DEBUG    torch.__trace:structured.py:28 
DEBUG    torch.__trace:structured.py:28 
DEBUG    torch.__trace:structured.py:28 
DEBUG    torch.__trace:structured.py:28 
DEBUG    torch.__trace:symbolic_shapes.py:5521 
DEBUG    torch.__trace:structured.py:28 
DEBUG    torch.__trace:symbolic_shapes.py:8465 
DEBUG    torch.__trace:symbolic_shapes.py:8465 
DEBUG    torch.__trace:symbolic_shapes.py:5521 
DEBUG    torch.__trace:symbolic_shapes.py:8465 
DEBUG    torch.__trace:symbolic_shapes.py:8465 
DEBUG    torch.__trace:utils.py:2363 
DEBUG    torch.__trace:utils.py:2363 
DEBUG    torch.__trace:structured.py:28 
DEBUG    torch.__trace:structured.py:28 
DEBUG    torch.__trace:structured.py:28 
DEBUG    torch.__trace:structured.py:28 
DEBUG    torch.__trace:symbolic_shapes.py:5521 
DEBUG    torch.__trace:structured.py:28 
DEBUG    torch.__trace:structured.py:28 
DEBUG    torch.__trace:symbolic_shapes.py:8465 
DEBUG    torch.__trace:symbolic_shapes.py:8465 
DEBUG    torch.__trace:symbolic_shapes.py:5521 
DEBUG    torch.__trace:symbolic_shapes.py:8465 
DEBUG    torch.__trace:symbolic_shapes.py:8465 
DEBUG    torch.__trace:structured.py:28 
DEBUG    torch.__trace:structured.py:28 
DEBUG    torch.__trace:structured.py:28 
DEBUG    torch.__trace:structured.py:28 
DEBUG    torch.__trace:structured.py:28 
DEBUG    torch.__trace:symbolic_shapes.py:5521 
DEBUG    torch.__trace:symbolic_shapes.py:5521 
DEBUG    torch.__trace:symbolic_shapes.py:5521 
DEBUG    torch.__trace:symbolic_shapes.py:5521 
DEBUG    torch.__trace:symbolic_shapes.py:5521 
DEBUG    torch.__trace:symbolic_shapes.py:5521 
DEBUG    torch.__trace:symbolic_shapes.py:5521 
DEBUG    torch.__trace:symbolic_shapes.py:5521 
DEBUG    torch.__trace:symbolic_shapes.py:5521 
DEBUG    torch.__trace:structured.py:28 
DEBUG    torch.__trace:structured.py:28 
DEBUG    torch.__trace:structured.py:28 
DEBUG    torch.__trace:symbolic_shapes.py:5521 
DEBUG    torch.__trace:symbolic_shapes.py:5521 
DEBUG    torch.__trace:symbolic_shapes.py:5521 
DEBUG    torch.__trace:symbolic_shapes.py:5521 
DEBUG    torch.__trace:symbolic_shapes.py:5521 
DEBUG    torch.__trace:symbolic_shapes.py:5521 
DEBUG    torch.__trace:symbolic_shapes.py:5521 
DEBUG    torch.__trace:symbolic_shapes.py:5521 
DEBUG    torch.__trace:symbolic_shapes.py:5521 
DEBUG    torch.__trace:structured.py:28 
DEBUG    torch.__trace:symbolic_shapes.py:5521 
DEBUG    torch.__trace:symbolic_shapes.py:5521 
DEBUG    torch.__trace:symbolic_shapes.py:5521 
DEBUG    torch.__trace:symbolic_shapes.py:5521 
DEBUG    torch.__trace:symbolic_shapes.py:5521 
DEBUG    torch.__trace:symbolic_shapes.py:5521 
DEBUG    torch.__trace:symbolic_shapes.py:5521 
DEBUG    torch.__trace:symbolic_shapes.py:5521 
DEBUG    torch.__trace:symbolic_shapes.py:5521 
DEBUG    torch.__trace:symbolic_shapes.py:5521 
DEBUG    torch.__trace:symbolic_shapes.py:5521 
DEBUG    torch.__trace:symbolic_shapes.py:5521 
DEBUG    torch.__trace:symbolic_shapes.py:5521 
DEBUG    torch.__trace:symbolic_shapes.py:5521 
DEBUG    torch.__trace:symbolic_shapes.py:5521 
DEBUG    torch.__trace:symbolic_shapes.py:5521 
DEBUG    torch.__trace:symbolic_shapes.py:5521 
DEBUG    torch.__trace:symbolic_shapes.py:5521 
DEBUG    torch.__trace:symbolic_shapes.py:5521 
DEBUG    torch.__trace:symbolic_shapes.py:5521 
DEBUG    torch.__trace:symbolic_shapes.py:5521 
DEBUG    torch.__trace:symbolic_shapes.py:5521 
DEBUG    torch.__trace:symbolic_shapes.py:5521 
DEBUG    torch.__trace:symbolic_shapes.py:5521 
DEBUG    torch.__trace:symbolic_shapes.py:5521 
DEBUG    torch.__trace:symbolic_shapes.py:5521 
DEBUG    torch.__trace:symbolic_shapes.py:5521 
DEBUG    torch.__trace:symbolic_shapes.py:5521 
DEBUG    torch.__trace:symbolic_shapes.py:5521 
DEBUG    torch.__trace:symbolic_shapes.py:5521 
DEBUG    torch.__trace:symbolic_shapes.py:5521 
DEBUG    torch.__trace:symbolic_shapes.py:5521 
DEBUG    torch.__trace:symbolic_shapes.py:5521 
DEBUG    torch.__trace:symbolic_shapes.py:5521 
DEBUG    torch.__trace:symbolic_shapes.py:5521 
DEBUG    torch.__trace:symbolic_shapes.py:5521 
DEBUG    torch.__trace:symbolic_shapes.py:5521 
DEBUG    torch.__trace:symbolic_shapes.py:5521 
DEBUG    torch.__trace:utils.py:2363 
DEBUG    torch.__trace:graph_compile.py:1820 
DEBUG    torch.__trace:graph_compile.py:1841 
DEBUG    torch.__trace:graph_compile.py:1891 
DEBUG    torch.__trace:graph_compile.py:1909 
DEBUG    torch.__trace:graph_compile.py:1913 
DEBUG    torch.__trace:codegen.py:200 
DEBUG    torch.__trace:codegen.py:200 
DEBUG    torch.__trace:codegen.py:200 
DEBUG    torch.__trace:codegen.py:200 
DEBUG    torch.__trace:codegen.py:200 
DEBUG    torch.__trace:codegen.py:200 
DEBUG    torch.__trace:utils.py:2363 
DEBUG    torch.__trace:utils.py:2363 
DEBUG    torch.__trace:utils.py:2363 
DEBUG    torch.__trace:utils.py:2363 
DEBUG    torch.__trace:guards.py:4769 
DEBUG    torch.__trace:utils.py:2363 
DEBUG    torch.__trace:utils.py:2363 
DEBUG    torch.__trace:utils.py:2363 
DEBUG    torch.__trace:utils.py:2363 
DEBUG    torch.__trace:utils.py:2363 
DEBUG    torch.__trace:utils.py:2363 
DEBUG    torch.__trace:utils.py:2022 
DEBUG    torch.__trace:utils.py:2363 
DEBUG    torch.__trace:utils.py:2363 
DEBUG    torch.__trace:utils.py:2363 
DEBUG    torch.__trace:guards.py:5625 
DEBUG    torch.__trace:convert_frame.py:304 
DEBUG    torch.__trace:utils.py:2363 
DEBUG    torch.__trace:utils.py:2363 
DEBUG    torch.__trace:meta_utils.py:298 
DEBUG    torch.__trace:meta_utils.py:537 
DEBUG    torch.__trace:meta_utils.py:2385 
DEBUG    torch.__trace:meta_utils.py:298 
DEBUG    torch.__trace:meta_utils.py:537 
DEBUG    torch.__trace:meta_utils.py:2385 
DEBUG    torch.__trace:meta_utils.py:298 
DEBUG    torch.__trace:meta_utils.py:537 
DEBUG    torch.__trace:meta_utils.py:2385 
DEBUG    torch.__trace:meta_utils.py:298 
DEBUG    torch.__trace:meta_utils.py:537 
DEBUG    torch.__trace:meta_utils.py:2385 
DEBUG    torch.__trace:meta_utils.py:298 
DEBUG    torch.__trace:meta_utils.py:537 
DEBUG    torch.__trace:meta_utils.py:2385 
DEBUG    torch.__trace:meta_utils.py:298 
DEBUG    torch.__trace:meta_utils.py:537 
DEBUG    torch.__trace:meta_utils.py:2385 
DEBUG    torch.__trace:meta_utils.py:298 
DEBUG    torch.__trace:meta_utils.py:537 
DEBUG    torch.__trace:meta_utils.py:2385 
DEBUG    torch.__trace:meta_utils.py:298 
DEBUG    torch.__trace:meta_utils.py:537 
DEBUG    torch.__trace:meta_utils.py:2385 
DEBUG    torch.__trace:meta_utils.py:298 
DEBUG    torch.__trace:meta_utils.py:537 
DEBUG    torch.__trace:meta_utils.py:2385 
DEBUG    torch.__trace:meta_utils.py:298 
DEBUG    torch.__trace:meta_utils.py:537 
DEBUG    torch.__trace:meta_utils.py:2385 
DEBUG    torch.__trace:symbolic_shapes.py:5971 
DEBUG    torch.__trace:meta_utils.py:298 
DEBUG    torch.__trace:meta_utils.py:537 
DEBUG    torch.__trace:meta_utils.py:2385 
DEBUG    torch.__trace:meta_utils.py:298 
DEBUG    torch.__trace:meta_utils.py:537 
DEBUG    torch.__trace:meta_utils.py:2385 
DEBUG    torch.__trace:meta_utils.py:298 
DEBUG    torch.__trace:meta_utils.py:537 
DEBUG    torch.__trace:meta_utils.py:2385 
DEBUG    torch.__trace:meta_utils.py:298 
DEBUG    torch.__trace:meta_utils.py:537 
DEBUG    torch.__trace:meta_utils.py:2385 
DEBUG    torch.__trace:meta_utils.py:298 
DEBUG    torch.__trace:meta_utils.py:537 
DEBUG    torch.__trace:meta_utils.py:2385 
DEBUG    torch.__trace:symbolic_shapes.py:5971 
DEBUG    torch.__trace:meta_utils.py:298 
DEBUG    torch.__trace:meta_utils.py:537 
DEBUG    torch.__trace:meta_utils.py:2385 
DEBUG    torch.__trace:symbolic_shapes.py:5971 
DEBUG    torch.__trace:symbolic_shapes.py:8465 
DEBUG    torch.__trace:meta_utils.py:298 
DEBUG    torch.__trace:meta_utils.py:537 
DEBUG    torch.__trace:meta_utils.py:2385 
DEBUG    torch.__trace:meta_utils.py:298 
DEBUG    torch.__trace:meta_utils.py:537 
DEBUG    torch.__trace:meta_utils.py:2385 
DEBUG    torch.__trace:meta_utils.py:298 
DEBUG    torch.__trace:meta_utils.py:537 
DEBUG    torch.__trace:meta_utils.py:2385 
DEBUG    torch.__trace:meta_utils.py:298 
DEBUG    torch.__trace:meta_utils.py:537 
DEBUG    torch.__trace:meta_utils.py:2385 
DEBUG    torch.__trace:meta_utils.py:298 
DEBUG    torch.__trace:meta_utils.py:537 
DEBUG    torch.__trace:meta_utils.py:2385 
DEBUG    torch.__trace:meta_utils.py:298 
DEBUG    torch.__trace:meta_utils.py:537 
DEBUG    torch.__trace:meta_utils.py:2385 
DEBUG    torch.__trace:meta_utils.py:298 
DEBUG    torch.__trace:meta_utils.py:537 
DEBUG    torch.__trace:meta_utils.py:2385 
DEBUG    torch.__trace:meta_utils.py:298 
DEBUG    torch.__trace:meta_utils.py:537 
DEBUG    torch.__trace:meta_utils.py:2385 
DEBUG    torch.__trace:meta_utils.py:298 
DEBUG    torch.__trace:meta_utils.py:537 
DEBUG    torch.__trace:meta_utils.py:2385 
DEBUG    torch.__trace:utils.py:2363 
DEBUG    torch.__trace:utils.py:2363 
DEBUG    torch.__trace:utils.py:2363 
DEBUG    torch.__trace:output_graph.py:2942 
DEBUG    torch.__trace:utils.py:2363 
DEBUG    torch.__trace:utils.py:2363 
DEBUG    torch.__trace:utils.py:2363 
DEBUG    torch.__trace:utils.py:2363 
DEBUG    torch.__trace:graph_capture.py:428 
DEBUG    torch.__trace:graph_capture.py:446 
DEBUG    torch.__trace:graph_compile.py:382 
DEBUG    torch.__trace:codegen.py:200 
DEBUG    torch.__trace:utils.py:2363 
DEBUG    torch.__trace:utils.py:2363 
DEBUG    torch.__trace:utils.py:2363 
DEBUG    torch.__trace:utils.py:2363 
DEBUG    torch.__trace:guards.py:4769 
DEBUG    torch.__trace:utils.py:2363 
DEBUG    torch.__trace:utils.py:2363 
DEBUG    torch.__trace:utils.py:2363 
DEBUG    torch.__trace:utils.py:2363 
DEBUG    torch.__trace:utils.py:2363 
DEBUG    torch.__trace:utils.py:2363 
DEBUG    torch.__trace:utils.py:2022 
DEBUG    torch.__trace:utils.py:2363 
DEBUG    torch.__trace:utils.py:2363 
DEBUG    torch.__trace:utils.py:2363 
DEBUG    torch.__trace:convert_frame.py:304 
DEBUG    torch.__trace:utils.py:2363 
DEBUG    torch.__trace:utils.py:2363 
DEBUG    torch.__trace:meta_utils.py:298 
DEBUG    torch.__trace:meta_utils.py:537 
DEBUG    torch.__trace:meta_utils.py:2385 
DEBUG    torch.__trace:structured.py:28 
DEBUG    torch.__trace:symbolic_shapes.py:5971 
DEBUG    torch.__trace:meta_utils.py:298 
DEBUG    torch.__trace:meta_utils.py:537 
DEBUG    torch.__trace:meta_utils.py:2385 
DEBUG    torch.__trace:meta_utils.py:298 
DEBUG    torch.__trace:meta_utils.py:537 
DEBUG    torch.__trace:meta_utils.py:2385 
DEBUG    torch.__trace:meta_utils.py:298 
DEBUG    torch.__trace:meta_utils.py:537 
DEBUG    torch.__trace:meta_utils.py:2385 
DEBUG    torch.__trace:meta_utils.py:298 
DEBUG    torch.__trace:meta_utils.py:537 
DEBUG    torch.__trace:meta_utils.py:2385 
DEBUG    torch.__trace:meta_utils.py:298 
DEBUG    torch.__trace:meta_utils.py:537 
DEBUG    torch.__trace:meta_utils.py:2385 
DEBUG    torch.__trace:meta_utils.py:298 
DEBUG    torch.__trace:meta_utils.py:537 
DEBUG    torch.__trace:meta_utils.py:2385 
DEBUG    torch.__trace:symbolic_shapes.py:5971 
DEBUG    torch.__trace:meta_utils.py:298 
DEBUG    torch.__trace:meta_utils.py:537 
DEBUG    torch.__trace:meta_utils.py:2385 
DEBUG    torch.__trace:meta_utils.py:298 
DEBUG    torch.__trace:meta_utils.py:537 
DEBUG    torch.__trace:meta_utils.py:2385 
DEBUG    torch.__trace:meta_utils.py:298 
DEBUG    torch.__trace:meta_utils.py:537 
DEBUG    torch.__trace:meta_utils.py:2385 
DEBUG    torch.__trace:meta_utils.py:298 
DEBUG    torch.__trace:meta_utils.py:537 
DEBUG    torch.__trace:meta_utils.py:2385 
DEBUG    torch.__trace:meta_utils.py:298 
DEBUG    torch.__trace:meta_utils.py:537 
DEBUG    torch.__trace:meta_utils.py:2385 
DEBUG    torch.__trace:meta_utils.py:298 
DEBUG    torch.__trace:meta_utils.py:537 
DEBUG    torch.__trace:meta_utils.py:2385 
DEBUG    torch.__trace:meta_utils.py:298 
DEBUG    torch.__trace:meta_utils.py:537 
DEBUG    torch.__trace:meta_utils.py:2385 
DEBUG    torch.__trace:meta_utils.py:298 
DEBUG    torch.__trace:meta_utils.py:537 
DEBUG    torch.__trace:meta_utils.py:2385 
DEBUG    torch.__trace:meta_utils.py:298 
DEBUG    torch.__trace:meta_utils.py:537 
DEBUG    torch.__trace:meta_utils.py:2385 
DEBUG    torch.__trace:meta_utils.py:298 
DEBUG    torch.__trace:meta_utils.py:537 
DEBUG    torch.__trace:meta_utils.py:2385 
DEBUG    torch.__trace:meta_utils.py:298 
DEBUG    torch.__trace:meta_utils.py:537 
DEBUG    torch.__trace:meta_utils.py:2385 
DEBUG    torch.__trace:meta_utils.py:298 
DEBUG    torch.__trace:meta_utils.py:537 
DEBUG    torch.__trace:meta_utils.py:2385 
DEBUG    torch.__trace:meta_utils.py:298 
DEBUG    torch.__trace:meta_utils.py:537 
DEBUG    torch.__trace:meta_utils.py:2385 
DEBUG    torch.__trace:utils.py:2363 
DEBUG    torch.__trace:utils.py:2363 
DEBUG    torch.__trace:utils.py:2363 
DEBUG    torch.__trace:output_graph.py:2942 
DEBUG    torch.__trace:utils.py:2363 
DEBUG    torch.__trace:utils.py:2363 
DEBUG    torch.__trace:utils.py:2363 
DEBUG    torch.__trace:utils.py:2363 
DEBUG    torch.__trace:guards.py:4769 
DEBUG    torch.__trace:utils.py:2363 
DEBUG    torch.__trace:utils.py:2363 
DEBUG    torch.__trace:utils.py:2363 
DEBUG    torch.__trace:utils.py:2363 
DEBUG    torch.__trace:utils.py:2022 
DEBUG    torch.__trace:utils.py:2363 
DEBUG    torch.__trace:utils.py:2363 
DEBUG    torch.__trace:utils.py:2363 
DEBUG    torch.__trace:guards.py:5625 
DEBUG    torch.__trace:convert_frame.py:304 
DEBUG    torch.__trace:utils.py:2363 
DEBUG    torch.__trace:utils.py:2363 
DEBUG    torch.__trace:meta_utils.py:298 
DEBUG    torch.__trace:meta_utils.py:537 
DEBUG    torch.__trace:meta_utils.py:2385 
DEBUG    torch.__trace:symbolic_shapes.py:5971 
DEBUG    torch.__trace:utils.py:2402 
DEBUG    torch.__trace:utils.py:2402 
DEBUG    torch.__trace:meta_utils.py:298 
DEBUG    torch.__trace:meta_utils.py:537 
DEBUG    torch.__trace:meta_utils.py:2385 
DEBUG    torch.__trace:symbolic_shapes.py:5971 
DEBUG    torch.__trace:symbolic_shapes.py:5971 
DEBUG    torch.__trace:symbolic_shapes.py:5971 
DEBUG    torch.__trace:utils.py:2402 
DEBUG    torch.__trace:utils.py:2402 
DEBUG    torch.__trace:meta_utils.py:298 
DEBUG    torch.__trace:meta_utils.py:537 
DEBUG    torch.__trace:meta_utils.py:2385 
DEBUG    torch.__trace:symbolic_shapes.py:5971 
DEBUG    torch.__trace:utils.py:2402 
DEBUG    torch.__trace:meta_utils.py:298 
DEBUG    torch.__trace:meta_utils.py:537 
DEBUG    torch.__trace:meta_utils.py:2385 
DEBUG    torch.__trace:utils.py:2402 
DEBUG    torch.__trace:structured.py:28 
DEBUG    torch.__trace:symbolic_shapes.py:5971 
DEBUG    torch.__trace:symbolic_shapes.py:8465 
DEBUG    torch.__trace:symbolic_shapes.py:8056 
DEBUG    torch.__trace:utils.py:2402 
DEBUG    torch.__trace:symbolic_shapes.py:5971 
DEBUG    torch.__trace:symbolic_shapes.py:8465 
DEBUG    torch.__trace:utils.py:2402 
DEBUG    torch.__trace:structured.py:28 
DEBUG    torch.__trace:structured.py:28 
DEBUG    torch.__trace:structured.py:28 
DEBUG    torch.__trace:symbolic_shapes.py:5971 
DEBUG    torch.__trace:symbolic_shapes.py:8465 
DEBUG    torch.__trace:symbolic_shapes.py:8056 
DEBUG    torch.__trace:utils.py:2402 
DEBUG    torch.__trace:symbolic_shapes.py:5971 
DEBUG    torch.__trace:symbolic_shapes.py:8465 
DEBUG    torch.__trace:meta_utils.py:298 
DEBUG    torch.__trace:meta_utils.py:537 
DEBUG    torch.__trace:meta_utils.py:2385 
DEBUG    torch.__trace:symbolic_shapes.py:5971 
DEBUG    torch.__trace:utils.py:2402 
DEBUG    torch.__trace:symbolic_shapes.py:5971 
DEBUG    torch.__trace:symbolic_shapes.py:8465 
DEBUG    torch.__trace:symbolic_shapes.py:8056 
DEBUG    torch.__trace:utils.py:2402 
DEBUG    torch.__trace:symbolic_shapes.py:5971 
DEBUG    torch.__trace:symbolic_shapes.py:8465 
DEBUG    torch.__trace:utils.py:2402 
DEBUG    torch.__trace:symbolic_shapes.py:5971 
DEBUG    torch.__trace:symbolic_shapes.py:8465 
DEBUG    torch.__trace:symbolic_shapes.py:8056 
DEBUG    torch.__trace:utils.py:2402 
DEBUG    torch.__trace:symbolic_shapes.py:5971 
DEBUG    torch.__trace:symbolic_shapes.py:8465 
DEBUG    torch.__trace:utils.py:2402 
DEBUG    torch.__trace:utils.py:2402 
DEBUG    torch.__trace:meta_utils.py:298 
DEBUG    torch.__trace:meta_utils.py:537 
DEBUG    torch.__trace:meta_utils.py:2385 
DEBUG    torch.__trace:symbolic_shapes.py:5971 
DEBUG    torch.__trace:symbolic_shapes.py:5971 
DEBUG    torch.__trace:utils.py:2402 
DEBUG    torch.__trace:meta_utils.py:298 
DEBUG    torch.__trace:meta_utils.py:537 
DEBUG    torch.__trace:meta_utils.py:2385 
DEBUG    torch.__trace:symbolic_shapes.py:5971 
DEBUG    torch.__trace:symbolic_shapes.py:5971 
DEBUG    torch.__trace:structured.py:28 
DEBUG    torch.__trace:structured.py:28 
DEBUG    torch.__trace:symbolic_shapes.py:8465 
DEBUG    torch.__trace:symbolic_shapes.py:8465 
DEBUG    torch.__trace:utils.py:2402 
DEBUG    torch.__trace:meta_utils.py:298 
DEBUG    torch.__trace:meta_utils.py:537 
DEBUG    torch.__trace:meta_utils.py:537 
DEBUG    torch.__trace:meta_utils.py:2385 
DEBUG    torch.__trace:symbolic_shapes.py:5971 
DEBUG    torch.__trace:symbolic_shapes.py:8465 
DEBUG    torch.__trace:symbolic_shapes.py:8465 
DEBUG    torch.__trace:utils.py:2402 
DEBUG    torch.__trace:utils.py:2402 
DEBUG    torch.__trace:meta_utils.py:298 
DEBUG    torch.__trace:meta_utils.py:537 
DEBUG    torch.__trace:meta_utils.py:2385 
DEBUG    torch.__trace:symbolic_shapes.py:5971 
DEBUG    torch.__trace:symbolic_shapes.py:8465 
DEBUG    torch.__trace:utils.py:2402 
DEBUG    torch.__trace:meta_utils.py:298 
DEBUG    torch.__trace:meta_utils.py:537 
DEBUG    torch.__trace:meta_utils.py:2385 
DEBUG    torch.__trace:symbolic_shapes.py:5971 
DEBUG    torch.__trace:symbolic_shapes.py:5971 
DEBUG    torch.__trace:utils.py:2402 
DEBUG    torch.__trace:structured.py:28 
DEBUG    torch.__trace:symbolic_shapes.py:5971 
DEBUG    torch.__trace:symbolic_shapes.py:8465 
DEBUG    torch.__trace:symbolic_shapes.py:8465 
DEBUG    torch.__trace:structured.py:28 
DEBUG    torch.__trace:symbolic_shapes.py:8465 
DEBUG    torch.__trace:symbolic_shapes.py:8465 
DEBUG    torch.__trace:symbolic_shapes.py:8465 
DEBUG    torch.__trace:symbolic_shapes.py:8465 
DEBUG    torch.__trace:symbolic_shapes.py:8465 
DEBUG    torch.__trace:symbolic_shapes.py:8465 
DEBUG    torch.__trace:symbolic_shapes.py:8465 
DEBUG    torch.__trace:symbolic_shapes.py:8465 
DEBUG    torch.__trace:symbolic_shapes.py:8465 
DEBUG    torch.__trace:symbolic_shapes.py:8465 
DEBUG    torch.__trace:structured.py:28 
DEBUG    torch.__trace:symbolic_shapes.py:8465 
DEBUG    torch.__trace:symbolic_shapes.py:8465 
DEBUG    torch.__trace:symbolic_shapes.py:8465 
DEBUG    torch.__trace:symbolic_shapes.py:8465 
DEBUG    torch.__trace:meta_utils.py:298 
DEBUG    torch.__trace:meta_utils.py:537 
DEBUG    torch.__trace:meta_utils.py:2385 
DEBUG    torch.__trace:symbolic_shapes.py:8465 
DEBUG    torch.__trace:symbolic_shapes.py:8056 
DEBUG    torch.__trace:symbolic_shapes.py:8056 
DEBUG    torch.__trace:utils.py:2402 
DEBUG    torch.__trace:utils.py:2402 
DEBUG    torch.__trace:meta_utils.py:298 
DEBUG    torch.__trace:meta_utils.py:537 
DEBUG    torch.__trace:meta_utils.py:2385 
DEBUG    torch.__trace:symbolic_shapes.py:5971 
DEBUG    torch.__trace:symbolic_shapes.py:5971 
DEBUG    torch.__trace:symbolic_shapes.py:5971 
DEBUG    torch.__trace:symbolic_shapes.py:8465 
DEBUG    torch.__trace:symbolic_shapes.py:8056 
DEBUG    torch.__trace:symbolic_shapes.py:8465 
DEBUG    torch.__trace:symbolic_shapes.py:8465 
DEBUG    torch.__trace:symbolic_shapes.py:8056 
DEBUG    torch.__trace:utils.py:2402 
DEBUG    torch.__trace:utils.py:2402 
DEBUG    torch.__trace:meta_utils.py:298 
DEBUG    torch.__trace:meta_utils.py:537 
DEBUG    torch.__trace:meta_utils.py:2385 
DEBUG    torch.__trace:symbolic_shapes.py:5971 
DEBUG    torch.__trace:symbolic_shapes.py:8465 
DEBUG    torch.__trace:symbolic_shapes.py:8056 
DEBUG    torch.__trace:utils.py:2402 
DEBUG    torch.__trace:utils.py:2402 
DEBUG    torch.__trace:symbolic_shapes.py:5971 
DEBUG    torch.__trace:utils.py:2402 
DEBUG    torch.__trace:utils.py:2402 
DEBUG    torch.__trace:symbolic_shapes.py:5971 
DEBUG    torch.__trace:meta_utils.py:298 
DEBUG    torch.__trace:meta_utils.py:537 
DEBUG    torch.__trace:meta_utils.py:2385 
DEBUG    torch.__trace:utils.py:2402 
DEBUG    torch.__trace:symbolic_shapes.py:5971 
DEBUG    torch.__trace:symbolic_shapes.py:8465 
DEBUG    torch.__trace:symbolic_shapes.py:8465 
DEBUG    torch.__trace:symbolic_shapes.py:8465 
DEBUG    torch.__trace:symbolic_shapes.py:8465 
DEBUG    torch.__trace:symbolic_shapes.py:8465 
DEBUG    torch.__trace:symbolic_shapes.py:8465 
DEBUG    torch.__trace:symbolic_shapes.py:8465 
DEBUG    torch.__trace:symbolic_shapes.py:8465 
DEBUG    torch.__trace:symbolic_shapes.py:8465 
DEBUG    torch.__trace:symbolic_shapes.py:8056 
DEBUG    torch.__trace:meta_utils.py:298 
DEBUG    torch.__trace:meta_utils.py:537 
DEBUG    torch.__trace:meta_utils.py:2385 
DEBUG    torch.__trace:meta_utils.py:298 
DEBUG    torch.__trace:meta_utils.py:537 
DEBUG    torch.__trace:meta_utils.py:2385 
DEBUG    torch.__trace:meta_utils.py:298 
DEBUG    torch.__trace:meta_utils.py:537 
DEBUG    torch.__trace:meta_utils.py:2385 
DEBUG    torch.__trace:meta_utils.py:298 
DEBUG    torch.__trace:meta_utils.py:537 
DEBUG    torch.__trace:meta_utils.py:2385 
DEBUG    torch.__trace:meta_utils.py:298 
DEBUG    torch.__trace:meta_utils.py:537 
DEBUG    torch.__trace:meta_utils.py:2385 
DEBUG    torch.__trace:meta_utils.py:298 
DEBUG    torch.__trace:meta_utils.py:537 
DEBUG    torch.__trace:meta_utils.py:2385 
DEBUG    torch.__trace:symbolic_shapes.py:8465 
DEBUG    torch.__trace:meta_utils.py:298 
DEBUG    torch.__trace:meta_utils.py:537 
DEBUG    torch.__trace:meta_utils.py:2385 
DEBUG    torch.__trace:meta_utils.py:298 
DEBUG    torch.__trace:meta_utils.py:537 
DEBUG    torch.__trace:meta_utils.py:2385 
DEBUG    torch.__trace:symbolic_shapes.py:8465 
DEBUG    torch.__trace:meta_utils.py:298 
DEBUG    torch.__trace:meta_utils.py:537 
DEBUG    torch.__trace:meta_utils.py:2385 
DEBUG    torch.__trace:meta_utils.py:298 
DEBUG    torch.__trace:meta_utils.py:537 
DEBUG    torch.__trace:meta_utils.py:2385 
DEBUG    torch.__trace:meta_utils.py:298 
DEBUG    torch.__trace:meta_utils.py:537 
DEBUG    torch.__trace:meta_utils.py:2385 
DEBUG    torch.__trace:meta_utils.py:298 
DEBUG    torch.__trace:meta_utils.py:537 
DEBUG    torch.__trace:meta_utils.py:2385 
DEBUG    torch.__trace:structured.py:28 
DEBUG    torch.__trace:structured.py:28 
DEBUG    torch.__trace:structured.py:28 
DEBUG    torch.__trace:symbolic_shapes.py:8465 
DEBUG    torch.__trace:symbolic_shapes.py:8056 
DEBUG    torch.__trace:meta_utils.py:298 
DEBUG    torch.__trace:meta_utils.py:537 
DEBUG    torch.__trace:meta_utils.py:2385 
DEBUG    torch.__trace:symbolic_shapes.py:8465 
DEBUG    torch.__trace:symbolic_shapes.py:8465 
DEBUG    torch.__trace:symbolic_shapes.py:8465 
DEBUG    torch.__trace:symbolic_shapes.py:8465 
DEBUG    torch.__trace:symbolic_shapes.py:8465 
DEBUG    torch.__trace:symbolic_shapes.py:8465 
DEBUG    torch.__trace:symbolic_shapes.py:8465 
DEBUG    torch.__trace:symbolic_shapes.py:8465 
DEBUG    torch.__trace:symbolic_shapes.py:8465 
DEBUG    torch.__trace:symbolic_shapes.py:8465 
DEBUG    torch.__trace:symbolic_shapes.py:8465 
DEBUG    torch.__trace:meta_utils.py:298 
DEBUG    torch.__trace:meta_utils.py:537 
DEBUG    torch.__trace:meta_utils.py:2385 
DEBUG    torch.__trace:meta_utils.py:298 
DEBUG    torch.__trace:meta_utils.py:537 
DEBUG    torch.__trace:meta_utils.py:2385 
DEBUG    torch.__trace:symbolic_shapes.py:8465 
DEBUG    torch.__trace:meta_utils.py:298 
DEBUG    torch.__trace:meta_utils.py:537 
DEBUG    torch.__trace:meta_utils.py:537 
DEBUG    torch.__trace:meta_utils.py:2385 
DEBUG    torch.__trace:symbolic_shapes.py:8465 
DEBUG    torch.__trace:symbolic_shapes.py:8056 
DEBUG    torch.__trace:symbolic_shapes.py:8465 
DEBUG    torch.__trace:symbolic_shapes.py:8465 
DEBUG    torch.__trace:symbolic_shapes.py:8056 
DEBUG    torch.__trace:symbolic_shapes.py:8465 
DEBUG    torch.__trace:symbolic_shapes.py:8056 
DEBUG    torch.__trace:structured.py:28 
DEBUG    torch.__trace:structured.py:28 
DEBUG    torch.__trace:symbolic_shapes.py:8056 
DEBUG    torch.__trace:symbolic_shapes.py:8465 
DEBUG    torch.__trace:symbolic_shapes.py:8056 
DEBUG    torch.__trace:symbolic_shapes.py:8465 
DEBUG    torch.__trace:symbolic_shapes.py:8465 
DEBUG    torch.__trace:utils.py:2363 
DEBUG    torch.__trace:utils.py:2363 
DEBUG    torch.__trace:utils.py:2363 
DEBUG    torch.__trace:output_graph.py:2942 
DEBUG    torch.__trace:utils.py:2363 
DEBUG    torch.__trace:utils.py:2363 
DEBUG    torch.__trace:utils.py:2363 
DEBUG    torch.__trace:utils.py:2363 
DEBUG    torch.__trace:guards.py:4769 
DEBUG    torch.__trace:utils.py:2363 
DEBUG    torch.__trace:utils.py:2363 
DEBUG    torch.__trace:utils.py:2363 
DEBUG    torch.__trace:utils.py:2363 
DEBUG    torch.__trace:utils.py:2363 
DEBUG    torch.__trace:utils.py:2363 
DEBUG    torch.__trace:utils.py:2022 
DEBUG    torch.__trace:utils.py:2363 
DEBUG    torch.__trace:utils.py:2363 
DEBUG    torch.__trace:utils.py:2363 
DEBUG    torch.__trace:guards.py:5625 
DEBUG    torch.__trace:convert_frame.py:304 
DEBUG    torch.__trace:utils.py:2363 
DEBUG    torch.__trace:utils.py:2363 
DEBUG    torch.__trace:meta_utils.py:298 
DEBUG    torch.__trace:meta_utils.py:537 
DEBUG    torch.__trace:meta_utils.py:2385 
DEBUG    torch.__trace:symbolic_shapes.py:5971 
DEBUG    torch.__trace:meta_utils.py:298 
DEBUG    torch.__trace:meta_utils.py:537 
DEBUG    torch.__trace:meta_utils.py:2385 
DEBUG    torch.__trace:symbolic_shapes.py:5971 
DEBUG    torch.__trace:symbolic_shapes.py:5971 
DEBUG    torch.__trace:symbolic_shapes.py:5971 
DEBUG    torch.__trace:meta_utils.py:298 
DEBUG    torch.__trace:meta_utils.py:537 
DEBUG    torch.__trace:meta_utils.py:2385 
DEBUG    torch.__trace:symbolic_shapes.py:5971 
DEBUG    torch.__trace:meta_utils.py:298 
DEBUG    torch.__trace:meta_utils.py:537 
DEBUG    torch.__trace:meta_utils.py:2385 
DEBUG    torch.__trace:utils.py:2402 
DEBUG    torch.__trace:meta_utils.py:298 
DEBUG    torch.__trace:meta_utils.py:537 
DEBUG    torch.__trace:meta_utils.py:2385 
DEBUG    torch.__trace:utils.py:2402 
DEBUG    torch.__trace:utils.py:2402 
DEBUG    torch.__trace:meta_utils.py:298 
DEBUG    torch.__trace:meta_utils.py:537 
DEBUG    torch.__trace:meta_utils.py:2385 
DEBUG    torch.__trace:symbolic_shapes.py:5971 
DEBUG    torch.__trace:meta_utils.py:298 
DEBUG    torch.__trace:meta_utils.py:537 
DEBUG    torch.__trace:meta_utils.py:2385 
DEBUG    torch.__trace:meta_utils.py:298 
DEBUG    torch.__trace:meta_utils.py:537 
DEBUG    torch.__trace:meta_utils.py:2385 
DEBUG    torch.__trace:symbolic_shapes.py:5971 
DEBUG    torch.__trace:symbolic_shapes.py:8465 
DEBUG    torch.__trace:symbolic_shapes.py:8056 
DEBUG    torch.__trace:symbolic_shapes.py:5971 
DEBUG    torch.__trace:symbolic_shapes.py:8465 
DEBUG    torch.__trace:symbolic_shapes.py:5971 
DEBUG    torch.__trace:symbolic_shapes.py:8465 
DEBUG    torch.__trace:symbolic_shapes.py:8056 
DEBUG    torch.__trace:symbolic_shapes.py:5971 
DEBUG    torch.__trace:symbolic_shapes.py:8465 
DEBUG    torch.__trace:meta_utils.py:298 
DEBUG    torch.__trace:meta_utils.py:537 
DEBUG    torch.__trace:meta_utils.py:2385 
DEBUG    torch.__trace:symbolic_shapes.py:5971 
DEBUG    torch.__trace:symbolic_shapes.py:5971 
DEBUG    torch.__trace:symbolic_shapes.py:8465 
DEBUG    torch.__trace:symbolic_shapes.py:8056 
DEBUG    torch.__trace:symbolic_shapes.py:5971 
DEBUG    torch.__trace:symbolic_shapes.py:8465 
DEBUG    torch.__trace:symbolic_shapes.py:5971 
DEBUG    torch.__trace:symbolic_shapes.py:8465 
DEBUG    torch.__trace:symbolic_shapes.py:8056 
DEBUG    torch.__trace:symbolic_shapes.py:5971 
DEBUG    torch.__trace:symbolic_shapes.py:8465 
DEBUG    torch.__trace:meta_utils.py:298 
DEBUG    torch.__trace:meta_utils.py:537 
DEBUG    torch.__trace:meta_utils.py:2385 
DEBUG    torch.__trace:utils.py:2402 
DEBUG    torch.__trace:meta_utils.py:298 
DEBUG    torch.__trace:meta_utils.py:537 
DEBUG    torch.__trace:meta_utils.py:2385 
DEBUG    torch.__trace:symbolic_shapes.py:5971 
DEBUG    torch.__trace:symbolic_shapes.py:5971 
DEBUG    torch.__trace:symbolic_shapes.py:8465 
DEBUG    torch.__trace:meta_utils.py:298 
DEBUG    torch.__trace:meta_utils.py:537 
DEBUG    torch.__trace:meta_utils.py:2385 
DEBUG    torch.__trace:symbolic_shapes.py:5971 
DEBUG    torch.__trace:symbolic_shapes.py:5971 
DEBUG    torch.__trace:symbolic_shapes.py:8465 
DEBUG    torch.__trace:utils.py:2402 
DEBUG    torch.__trace:utils.py:2402 
DEBUG    torch.__trace:meta_utils.py:298 
DEBUG    torch.__trace:meta_utils.py:537 
DEBUG    torch.__trace:meta_utils.py:2385 
DEBUG    torch.__trace:symbolic_shapes.py:5971 
DEBUG    torch.__trace:symbolic_shapes.py:5971 
DEBUG    torch.__trace:symbolic_shapes.py:8465 
DEBUG    torch.__trace:meta_utils.py:298 
DEBUG    torch.__trace:meta_utils.py:537 
DEBUG    torch.__trace:meta_utils.py:2385 
DEBUG    torch.__trace:utils.py:2402 
DEBUG    torch.__trace:utils.py:2402 
DEBUG    torch.__trace:symbolic_shapes.py:5971 
DEBUG    torch.__trace:symbolic_shapes.py:5971 
DEBUG    torch.__trace:symbolic_shapes.py:8465 
DEBUG    torch.__trace:symbolic_shapes.py:8465 
DEBUG    torch.__trace:symbolic_shapes.py:8465 
DEBUG    torch.__trace:symbolic_shapes.py:8465 
DEBUG    torch.__trace:symbolic_shapes.py:8465 
DEBUG    torch.__trace:symbolic_shapes.py:8465 
DEBUG    torch.__trace:symbolic_shapes.py:8465 
DEBUG    torch.__trace:symbolic_shapes.py:8465 
DEBUG    torch.__trace:symbolic_shapes.py:8465 
DEBUG    torch.__trace:symbolic_shapes.py:8465 
DEBUG    torch.__trace:symbolic_shapes.py:8465 
DEBUG    torch.__trace:symbolic_shapes.py:8465 
DEBUG    torch.__trace:symbolic_shapes.py:8465 
DEBUG    torch.__trace:symbolic_shapes.py:8465 
DEBUG    torch.__trace:symbolic_shapes.py:8465 
DEBUG    torch.__trace:symbolic_shapes.py:8465 
DEBUG    torch.__trace:symbolic_shapes.py:8465 
DEBUG    torch.__trace:symbolic_shapes.py:8465 
DEBUG    torch.__trace:symbolic_shapes.py:8465 
DEBUG    torch.__trace:symbolic_shapes.py:8465 
DEBUG    torch.__trace:symbolic_shapes.py:8465 
DEBUG    torch.__trace:symbolic_shapes.py:8465 
DEBUG    torch.__trace:symbolic_shapes.py:8465 
DEBUG    torch.__trace:meta_utils.py:298 
DEBUG    torch.__trace:meta_utils.py:537 
DEBUG    torch.__trace:meta_utils.py:2385 
DEBUG    torch.__trace:symbolic_shapes.py:8465 
DEBUG    torch.__trace:symbolic_shapes.py:8465 
DEBUG    torch.__trace:symbolic_shapes.py:8465 
DEBUG    torch.__trace:symbolic_shapes.py:8056 
DEBUG    torch.__trace:symbolic_shapes.py:8465 
DEBUG    torch.__trace:symbolic_shapes.py:8056 
DEBUG    torch.__trace:meta_utils.py:298 
DEBUG    torch.__trace:meta_utils.py:537 
DEBUG    torch.__trace:meta_utils.py:2385 
DEBUG    torch.__trace:meta_utils.py:298 
DEBUG    torch.__trace:meta_utils.py:537 
DEBUG    torch.__trace:meta_utils.py:2385 
DEBUG    torch.__trace:meta_utils.py:298 
DEBUG    torch.__trace:meta_utils.py:537 
DEBUG    torch.__trace:meta_utils.py:2385 
DEBUG    torch.__trace:meta_utils.py:298 
DEBUG    torch.__trace:meta_utils.py:537 
DEBUG    torch.__trace:meta_utils.py:2385 
DEBUG    torch.__trace:meta_utils.py:298 
DEBUG    torch.__trace:meta_utils.py:537 
DEBUG    torch.__trace:meta_utils.py:2385 
DEBUG    torch.__trace:meta_utils.py:298 
DEBUG    torch.__trace:meta_utils.py:537 
DEBUG    torch.__trace:meta_utils.py:2385 
DEBUG    torch.__trace:meta_utils.py:298 
DEBUG    torch.__trace:meta_utils.py:537 
DEBUG    torch.__trace:meta_utils.py:2385 
DEBUG    torch.__trace:meta_utils.py:298 
DEBUG    torch.__trace:meta_utils.py:537 
DEBUG    torch.__trace:meta_utils.py:2385 
DEBUG    torch.__trace:meta_utils.py:298 
DEBUG    torch.__trace:meta_utils.py:537 
DEBUG    torch.__trace:meta_utils.py:2385 
DEBUG    torch.__trace:meta_utils.py:298 
DEBUG    torch.__trace:meta_utils.py:537 
DEBUG    torch.__trace:meta_utils.py:2385 
DEBUG    torch.__trace:meta_utils.py:298 
DEBUG    torch.__trace:meta_utils.py:537 
DEBUG    torch.__trace:meta_utils.py:2385 
DEBUG    torch.__trace:symbolic_shapes.py:5971 
DEBUG    torch.__trace:symbolic_shapes.py:5971 
DEBUG    torch.__trace:symbolic_shapes.py:8465 
DEBUG    torch.__trace:symbolic_shapes.py:8056 
DEBUG    torch.__trace:meta_utils.py:298 
DEBUG    torch.__trace:meta_utils.py:537 
DEBUG    torch.__trace:meta_utils.py:2385 
DEBUG    torch.__trace:symbolic_shapes.py:8465 
DEBUG    torch.__trace:symbolic_shapes.py:8056 
DEBUG    torch.__trace:symbolic_shapes.py:8465 
DEBUG    torch.__trace:symbolic_shapes.py:8056 
DEBUG    torch.__trace:meta_utils.py:298 
DEBUG    torch.__trace:meta_utils.py:537 
DEBUG    torch.__trace:meta_utils.py:2385 
DEBUG    torch.__trace:symbolic_shapes.py:8465 
DEBUG    torch.__trace:symbolic_shapes.py:8465 
DEBUG    torch.__trace:symbolic_shapes.py:8465 
DEBUG    torch.__trace:symbolic_shapes.py:8465 
DEBUG    torch.__trace:symbolic_shapes.py:8465 
DEBUG    torch.__trace:symbolic_shapes.py:8465 
DEBUG    torch.__trace:symbolic_shapes.py:8465 
DEBUG    torch.__trace:meta_utils.py:298 
DEBUG    torch.__trace:meta_utils.py:537 
DEBUG    torch.__trace:meta_utils.py:2385 
DEBUG    torch.__trace:meta_utils.py:298 
DEBUG    torch.__trace:meta_utils.py:537 
DEBUG    torch.__trace:meta_utils.py:2385 
DEBUG    torch.__trace:meta_utils.py:298 
DEBUG    torch.__trace:meta_utils.py:537 
DEBUG    torch.__trace:meta_utils.py:2385 
DEBUG    torch.__trace:meta_utils.py:298 
DEBUG    torch.__trace:meta_utils.py:537 
DEBUG    torch.__trace:meta_utils.py:2385 
DEBUG    torch.__trace:symbolic_shapes.py:5971 
DEBUG    torch.__trace:symbolic_shapes.py:5971 
DEBUG    torch.__trace:symbolic_shapes.py:8465 
DEBUG    torch.__trace:symbolic_shapes.py:8056 
DEBUG    torch.__trace:symbolic_shapes.py:8465 
DEBUG    torch.__trace:symbolic_shapes.py:8056 
DEBUG    torch.__trace:meta_utils.py:298 
DEBUG    torch.__trace:meta_utils.py:537 
DEBUG    torch.__trace:meta_utils.py:2385 
DEBUG    torch.__trace:symbolic_shapes.py:5971 
DEBUG    torch.__trace:symbolic_shapes.py:5971 
DEBUG    torch.__trace:meta_utils.py:298 
DEBUG    torch.__trace:meta_utils.py:537 
DEBUG    torch.__trace:meta_utils.py:2385 
DEBUG    torch.__trace:symbolic_shapes.py:5971 
DEBUG    torch.__trace:symbolic_shapes.py:5971 
DEBUG    torch.__trace:symbolic_shapes.py:8465 
DEBUG    torch.__trace:symbolic_shapes.py:8056 
DEBUG    torch.__trace:symbolic_shapes.py:8465 
DEBUG    torch.__trace:symbolic_shapes.py:8465 
DEBUG    torch.__trace:symbolic_shapes.py:8465 
DEBUG    torch.__trace:symbolic_shapes.py:8056 
DEBUG    torch.__trace:utils.py:2363 
DEBUG    torch.__trace:utils.py:2363 
DEBUG    torch.__trace:utils.py:2363 
DEBUG    torch.__trace:output_graph.py:2942 
DEBUG    torch.__trace:utils.py:2363 
DEBUG    torch.__trace:utils.py:2363 
DEBUG    torch.__trace:utils.py:2363 
DEBUG    torch.__trace:utils.py:2363 
DEBUG    torch.__trace:guards.py:4769 
DEBUG    torch.__trace:utils.py:2363 
DEBUG    torch.__trace:utils.py:2363 
DEBUG    torch.__trace:utils.py:2363 
DEBUG    torch.__trace:utils.py:2363 
DEBUG    torch.__trace:utils.py:2363 
DEBUG    torch.__trace:utils.py:2363 
DEBUG    torch.__trace:utils.py:2022 
DEBUG    torch.__trace:utils.py:2363
=============================== warnings summary ===============================
test/test_explicit_dimensions.py::TestXorGrammarReconstruction::test_piecewise_overall_at_least_50_pct
  /Users/arogers/github/WikiOracle/basicmodel/bin/Models.py:7565: RuntimeWarning: output_state_boundary [config /Users/arogers/github/WikiOracle/basicmodel/data/XOR_grammar.xml]: supervised outputs with reconstruction and answerSynthesis=false use the direct head: output gradients train the whole input state; enable answerSynthesis for the concluded-idea state boundary
    warnings.warn(f"{site} [config {cfg}]: {detail}", RuntimeWarning)

test/test_explicit_dimensions.py::TestXorGrammarReconstruction::test_piecewise_overall_at_least_50_pct
  /Users/arogers/github/WikiOracle/basicmodel/.venv/lib/python3.12/site-packages/torch/utils/_device.py:122: UserWarning: Sparse invariant checks are implicitly disabled. Memory errors (e.g. SEGFAULT) will occur when operating on a sparse tensor which violates the invariants, but checks incur performance overhead. To silence this warning, explicitly opt in or out. See `torch.sparse.check_sparse_tensor_invariants.__doc__` for guidance.  (Triggered internally at /Users/runner/work/pytorch/pytorch/aten/src/ATen/Context.cpp:855.)
    return func(*args, **kwargs)

-- Docs: https://docs.pytest.org/en/stable/how-to/capture-warnings.html
=========================== short test summary info ============================
FAILED test/test_explicit_dimensions.py::TestXorGrammarReconstruction::test_piecewise_overall_at_least_50_pct
1 failed, 2 warnings in 183.96s (0:03:03)
