......F.                                                                 [100%]
=================================== FAILURES ===================================
________ test_29_each_reading_publishes_only_its_words[XOR_grammar.xml] ________
test/test_word_admission.py:85: in test_29_each_reading_publishes_only_its_words
    _, symbols, _, _ = model(inp)
                       ^^^^^^^^^^
.venv/lib/python3.12/site-packages/torch/nn/modules/module.py:1783: in _wrapped_call_impl
    return self._call_impl(*args, **kwargs)
           ^^^^^^^^^^^^^^^^^^^^^^^^^^^^^^^^
.venv/lib/python3.12/site-packages/torch/nn/modules/module.py:1794: in _call_impl
    return forward_call(*args, **kwargs)
           ^^^^^^^^^^^^^^^^^^^^^^^^^^^^^
bin/Models.py:154: in masked
    return method(self, *args, **kwargs)
           ^^^^^^^^^^^^^^^^^^^^^^^^^^^^^
bin/Models.py:8707: in forward
    return self._forward_per_stage(inputData)
           ^^^^^^^^^^^^^^^^^^^^^^^^^^^^^^^^^^
bin/Models.py:24102: in _forward_per_stage
    body_result = self._forward_body(
bin/Models.py:18031: in _forward_body
    return self._forward_body_per_word(
bin/Models.py:22511: in _forward_body_per_word
    self._run_tensor_peer_word_pipeline(N_words))
    ^^^^^^^^^^^^^^^^^^^^^^^^^^^^^^^^^^^^^^^^^^^^
bin/Models.py:22040: in _run_tensor_peer_word_pipeline
    feedback, trip_count) = self._run_sentence_word_bricks(
bin/Models.py:21202: in _run_sentence_word_bricks
    (chosen, reconstruction), costs, wins = sentence_pair(cache, compose, score,
bin/SentenceCompose.py:173: in sentence_pair
    cost_a, state_a = score(exploit, False)
                      ^^^^^^^^^^^^^^^^^^^^^
bin/Models.py:21158: in score
    cost, reconstruction, observation, pending = self._sentence_path_cost(path, sid, present)
                                                 ^^^^^^^^^^^^^^^^^^^^^^^^^^^^^^^^^^^^^^^^^^^^
bin/Models.py:20695: in _sentence_path_cost
    reconstruction = self._compiled_reconstruct()(
.venv/lib/python3.12/site-packages/torch/_dynamo/eval_frame.py:1278: in compile_wrapper
    raise e.remove_dynamo_frames() from None  # see TORCHDYNAMO_VERBOSE=1
    ^^^^^^^^^^^^^^^^^^^^^^^^^^^^^^^^^^^^^^^^
.venv/lib/python3.12/site-packages/torch/_inductor/compile_fx.py:1154: in _compile_fx_inner
    raise InductorError(e, currentframe()).with_traceback(
.venv/lib/python3.12/site-packages/torch/_inductor/compile_fx.py:1146: in _compile_fx_inner
    mb_compiled_graph = fx_codegen_and_compile(
.venv/lib/python3.12/site-packages/torch/_inductor/compile_fx.py:2001: in fx_codegen_and_compile
    return scheme.codegen_and_compile(gm, example_inputs, inputs_to_check, graph_kwargs)
           ^^^^^^^^^^^^^^^^^^^^^^^^^^^^^^^^^^^^^^^^^^^^^^^^^^^^^^^^^^^^^^^^^^^^^^^^^^^^^
.venv/lib/python3.12/site-packages/torch/_inductor/compile_fx.py:1660: in codegen_and_compile
    graph.run(*example_inputs)
.venv/lib/python3.12/site-packages/torch/_inductor/graph.py:1135: in run
    return super().run(*args)
           ^^^^^^^^^^^^^^^^^^
.venv/lib/python3.12/site-packages/torch/fx/interpreter.py:197: in run
    self.env[node] = self.run_node(node)
                     ^^^^^^^^^^^^^^^^^^^
.venv/lib/python3.12/site-packages/torch/_inductor/graph.py:2062: in run_node
    result = super().run_node(n)
             ^^^^^^^^^^^^^^^^^^^
.venv/lib/python3.12/site-packages/torch/fx/interpreter.py:294: in run_node
    return getattr(self, n.op)(n.target, args, kwargs)
           ^^^^^^^^^^^^^^^^^^^^^^^^^^^^^^^^^^^^^^^^^^^
.venv/lib/python3.12/site-packages/torch/_inductor/graph.py:1567: in call_function
    raise LoweringException(
.venv/lib/python3.12/site-packages/torch/_inductor/graph.py:1544: in call_function
    out = lowerings[target](*args, **kwargs)
          ^^^^^^^^^^^^^^^^^^^^^^^^^^^^^^^^^^
.venv/lib/python3.12/site-packages/torch/_inductor/lowering.py:525: in wrapped
    out = decomp_fn(*args, **kwargs)
          ^^^^^^^^^^^^^^^^^^^^^^^^^^
.venv/lib/python3.12/site-packages/torch/_inductor/lowering.py:9191: in while_loop
    result = ir.WhileLoop.create(
.venv/lib/python3.12/site-packages/torch/_inductor/ir.py:11444: in create
    fake_all_inputs = [x.meta["val"] for x in fx_all_inputs]  # type: ignore[union-attr]
                       ^^^^^^
E   torch._inductor.exc.InductorError: LoweringException: AttributeError: 'int' object has no attribute 'meta'
E     target: while_loop
E     args[0]: Subgraph(name='while_loop_cond_graph_1', graph_module=<lambda>(), inductor_config_patches=None, graph=None)
E     args[1]: Subgraph(name='while_loop_body_graph_1', graph_module=<lambda>(
E       (true_graph_0): <lambda>()
E       (false_graph_0): <lambda>()
E       (true_graph_1): <lambda>()
E       (false_graph_1): <lambda>()
E       (true_graph_2): <lambda>()
E       (false_graph_2): <lambda>()
E       (true_graph_3): <lambda>()
E       (false_graph_3): <lambda>()
E       (true_graph_4): <lambda>()
E       (false_graph_4): <lambda>()
E       (true_graph_5): <lambda>()
E       (false_graph_5): <lambda>()
E       (true_graph_6): <lambda>()
E       (false_graph_6): <lambda>()
E       (true_graph_7): <lambda>()
E       (false_graph_7): <lambda>()
E       (true_graph_8): <lambda>()
E       (false_graph_8): <lambda>()
E       (true_graph_9): <lambda>()
E       (false_graph_9): <lambda>()
E       (true_graph_10): <lambda>()
E       (false_graph_10): <lambda>()
E       (true_graph_11): <lambda>()
E       (false_graph_11): <lambda>()
E       (true_graph_12): <lambda>()
E       (false_graph_12): <lambda>()
E       (true_graph_13): <lambda>()
E       (false_graph_13): <lambda>()
E       (true_graph_14): <lambda>()
E       (false_graph_14): <lambda>()
E       (true_graph_15): <lambda>()
E       (false_graph_15): <lambda>()
E       (true_graph_16): <lambda>()
E       (false_graph_16): <lambda>()
E       (true_graph_17): <lambda>()
E       (false_graph_17): <lambda>()
E       (true_graph_18): <lambda>()
E       (false_graph_18): <lambda>()
E       (true_graph_19): <lambda>()
E       (false_graph_19): <lambda>()
E       (true_graph_20): <lambda>()
E       (false_graph_20): <lambda>()
E       (true_graph_21): <lambda>()
E       (false_graph_21): <lambda>()
E       (true_graph_22): <lambda>()
E       (false_graph_22): <lambda>()
E       (true_graph_23): <lambda>()
E       (false_graph_23): <lambda>()
E       (true_graph_24): <lambda>()
E       (false_graph_24): <lambda>()
E       (true_graph_25): <lambda>()
E       (false_graph_25): <lambda>()
E       (true_graph_26): <lambda>()
E       (false_graph_26): <lambda>()
E       (true_graph_27): <lambda>()
E       (false_graph_27): <lambda>()
E       (true_graph_28): <lambda>()
E       (false_graph_28): <lambda>()
E       (true_graph_29): <lambda>()
E       (false_graph_29): <lambda>()
E       (true_graph_30): <lambda>()
E       (false_graph_30): <lambda>()
E       (true_graph_31): <lambda>()
E       (false_graph_31): <lambda>()
E       (true_graph_32): <lambda>()
E       (false_graph_32): <lambda>()
E       (true_graph_33): <lambda>()
E       (false_graph_33): <lambda>()
E       (true_graph_34): <lambda>()
E       (false_graph_34): <lambda>()
E       (true_graph_35): <lambda>()
E       (false_graph_35): <lambda>()
E       (true_graph_36): <lambda>()
E       (false_graph_36): <lambda>()
E       (true_graph_37): <lambda>()
E       (false_graph_37): <lambda>()
E       (true_graph_38): <lambda>()
E       (false_graph_38): <lambda>()
E       (true_graph_39): <lambda>()
E       (false_graph_39): <lambda>()
E       (true_graph_40): <lambda>()
E       (false_graph_40): <lambda>()
E       (true_graph_41): <lambda>()
E       (false_graph_41): <lambda>()
E       (true_graph_42): <lambda>()
E       (false_graph_42): <lambda>()
E       (true_graph_43): <lambda>()
E       (false_graph_43): <lambda>()
E       (true_graph_44): <lambda>()
E       (false_graph_44): <lambda>()
E       (true_graph_45): <lambda>()
E       (false_graph_45): <lambda>()
E       (true_graph_46): <lambda>()
E       (false_graph_46): <lambda>()
E       (true_graph_47): <lambda>()
E       (false_graph_47): <lambda>()
E     ), inductor_config_patches=None, graph=None)
E     args[2]: (TensorBox(StorageBox(
E       InputBuffer(name='arg17_1', layout=FixedLayout('cpu', torch.int64, size=[], stride=[]))
E     )), TensorBox(StorageBox(
E       Pointwise(
E         'cpu',
E         torch.float32,
E         def inner_fn(index):
E             i0, _, i2, i3 = index
E             tmp0 = ops.constant(0, torch.float32)
E             return tmp0
E         ,
E         ranges=[4, 1, 8, 10],
E         origin_node=full_default_11,
E         origins=OrderedSet([full_default_11]),
E         stack_traces = {,
E           File "/Users/arogers/github/WikiOracle/basicmodel/bin/Models.py", line 12747, in _reconstruct_sentences,
E             (s0, S.new_zeros(B, slots, cap, D),,
E                  ^^^^^^^^^^^^^^^^^^^^^^^^^^^^^^,
E           File "/Users/arogers/github/WikiOracle/basicmodel/.venv/lib/python3.12/site-packages/torch/utils/_device.py", line 122, in __torch_function__,
E             return func(*args, **kwargs),
E                    ^^^^^^^^^^^^^^^^^^^^^,
E         ,
E         }
E       )
E     )), TensorBox(StorageBox(
E       Pointwise(
E         'cpu',
E         torch.int64,
E         def inner_fn(index):
E             i0, _ = index
E             tmp0 = ops.constant(0, torch.int64)
E             return tmp0
E         ,
E         ranges=[4, 1],
E         origin_node=full_default_12,
E         origins=OrderedSet([full_default_12]),
E         stack_traces = {,
E           File "/Users/arogers/github/WikiOracle/basicmodel/bin/Models.py", line 12748, in _reconstruct_sentences,
E             torch.zeros(B, slots, dtype=torch.long, device=dev),,
E           File "/Users/arogers/github/WikiOracle/basicmodel/.venv/lib/python3.12/site-packages/torch/utils/_device.py", line 122, in __torch_function__,
E             return func(*args, **kwargs),
E                    ^^^^^^^^^^^^^^^^^^^^^,
E         ,
E         }
E       )
E     )), TensorBox(StorageBox(
E       Pointwise(
E         'cpu',
E         torch.bool,
E         def inner_fn(index):
E             i0, _ = index
E             tmp0 = ops.constant(False, torch.bool)
E             return tmp0
E         ,
E         ranges=[4, 1],
E         origin_node=full_default_13,
E         origins=OrderedSet([full_default_13]),
E         stack_traces = {,
E           File "/Users/arogers/github/WikiOracle/basicmodel/bin/Models.py", line 12749, in _reconstruct_sentences,
E             torch.zeros(B, slots, dtype=torch.bool, device=dev)))),
E           File "/Users/arogers/github/WikiOracle/basicmodel/.venv/lib/python3.12/site-packages/torch/utils/_device.py", line 122, in __torch_function__,
E             return func(*args, **kwargs),
E                    ^^^^^^^^^^^^^^^^^^^^^,
E         ,
E         }
E       )
E     )))
E     args[3]: (s12, TensorBox(StorageBox(
E       Pointwise(
E         'cpu',
E         torch.int64,
E         def inner_fn(index):
E             tmp0 = ops.load(buf23, 0)
E             tmp1 = ops.constant(1, torch.int64)
E             tmp2 = tmp0 + tmp1
E             tmp3 = ops.constant(1, torch.int64)
E             tmp4 = ops.maximum(tmp2, tmp3)
E             tmp5 = ops.constant(1, torch.int64)
E             tmp6 = ops.minimum(tmp4, tmp5)
E             return tmp6
E         ,
E         ranges=[],
E         origin_node=clamp_max,
E         origins=OrderedSet([clamp_max, clamp_min_2, add_217]),
E         stack_traces = {,
E           File "/Users/arogers/github/WikiOracle/basicmodel/bin/Models.py", line 12707, in _reconstruct_sentences,
E             n_sent_t = (torch.where(active, ids, torch.full_like(ids, -1)).amax() + 1).clamp(1, slots),
E                        ^^^^^^^^^^^^^^^^^^^^^^^^^^^^^^^^^^^^^^^^^^^^^^^^^^^^^^^^^^^^^^^^^^^^^^^^^^^^^^^,
E           File "/Users/arogers/github/WikiOracle/basicmodel/.venv/lib/python3.12/site-packages/torch/utils/_device.py", line 122, in __torch_function__,
E             return func(*args, **kwargs),
E                    ^^^^^^^^^^^^^^^^^^^^^,
E         ,
E         },
E         stack_traces = {,
E           File "/Users/arogers/github/WikiOracle/basicmodel/bin/Models.py", line 12707, in _reconstruct_sentences,
E             n_sent_t = (torch.where(active, ids, torch.full_like(ids, -1)).amax() + 1).clamp(1, slots),
E                         ^^^^^^^^^^^^^^^^^^^^^^^^^^^^^^^^^^^^^^^^^^^^^^^^^^^^^^^^^^^^^^^^^^^^^^^^^^^^^^,
E           File "/Users/arogers/github/WikiOracle/basicmodel/.venv/lib/python3.12/site-packages/torch/utils/_device.py", line 122, in __torch_function__,
E             return func(*args, **kwargs),
E                    ^^^^^^^^^^^^^^^^^^^^^,
E         ,
E         }
E       )
E     )), TensorBox(StorageBox(
E       ComputedBuffer(name='buf12', layout=FixedLayout('cpu', torch.bool, size=[4, s38], stride=[s38, 1]), data=Pointwise(
E         'cpu',
E         torch.bool,
E         def inner_fn(index):
E             i0, i1 = index
E             tmp0 = ops.load(arg14_1, i1 + i0 * s38)
E             tmp1 = ops.constant(0, torch.int64)
E             tmp2 = ops.load(arg17_1, 0)
E             tmp3 = tmp1 == tmp2
E             tmp4 = ops.bitwise_and(tmp0, tmp3)
E             return tmp4
E         ,
E         ranges=[4, s38],
E         origin_node=bitwise_and,
E         origins=OrderedSet([bitwise_and, eq_25, full_default]),
E         stack_traces = {,
E           File "/Users/arogers/github/WikiOracle/basicmodel/bin/Models.py", line 12510, in _reconstruct_sentences,
E             active = active & (ids == sentence_slot),
E                      ^^^^^^^^^^^^^^^^^^^^^^^^^^^^^^^,
E           File "/Users/arogers/github/WikiOracle/basicmodel/.venv/lib/python3.12/site-packages/torch/utils/_device.py", line 122, in __torch_function__,
E             return func(*args, **kwargs),
E                    ^^^^^^^^^^^^^^^^^^^^^,
E         ,
E         },
E         stack_traces = {,
E           File "/Users/arogers/github/WikiOracle/basicmodel/bin/Models.py", line 12510, in _reconstruct_sentences,
E             active = active & (ids == sentence_slot),
E                                ^^^^^^^^^^^^^^^^^^^^^,
E           File "/Users/arogers/github/WikiOracle/basicmodel/.venv/lib/python3.12/site-packages/torch/utils/_device.py", line 122, in __torch_function__,
E             return func(*args, **kwargs),
E                    ^^^^^^^^^^^^^^^^^^^^^,
E         ,
E         },
E         stack_traces = {,
E           File "/Users/arogers/github/WikiOracle/basicmodel/bin/Models.py", line 12500, in _reconstruct_sentences,
E             ids = torch.zeros(B, W, dtype=torch.long, device=dev),
E                   ^^^^^^^^^^^^^^^^^^^^^^^^^^^^^^^^^^^^^^^^^^^^^^^,
E           File "/Users/arogers/github/WikiOracle/basicmodel/.venv/lib/python3.12/site-packages/torch/utils/_device.py", line 122, in __torch_function__,
E             return func(*args, **kwargs),
E                    ^^^^^^^^^^^^^^^^^^^^^,
E         ,
E         }
E       ), _split_size=None, _original_inner_fn=None, _original_ranges=None, _original_reduction_ranges=None)
E     )), TensorBox(StorageBox(
E       InputBuffer(name='arg28_1', layout=FixedLayout('cpu', torch.float32, size=[4, s37, 10], stride=[10*s37, 10, 1]))
E     )), TensorBox(StorageBox(
E       InputBuffer(name='arg33_1', layout=FixedLayout('cpu', torch.int64, size=[4, s37], stride=[s37, 1]))
E     )), TensorBox(StorageBox(
E       Pointwise(
E         'cpu',
E         torch.bool,
E         def inner_fn(index):
E             i0, i1 = index
E             tmp0 = ops.load(arg32_1, i1 + i0 * s37)
E             tmp1 = ops.constant(0, torch.int64)
E             tmp2 = tmp0 >= tmp1
E             return tmp2
E         ,
E         ranges=[4, s37],
E         origin_node=ge_3,
E         origins=OrderedSet([ge_3]),
E         stack_traces = {,
E           File "/Users/arogers/github/WikiOracle/basicmodel/bin/Models.py", line 12520, in _reconstruct_sentences,
E             basis, basis_valid = self._reconstruction_basis_snapshot(reference),
E                                  ^^^^^^^^^^^^^^^^^^^^^^^^^^^^^^^^^^^^^^^^^^^^^^,
E           File "/Users/arogers/github/WikiOracle/basicmodel/bin/Models.py", line 12897, in _reconstruction_basis_snapshot,
E             return bank, rows.detach().to(reference.device).ge(0).clone(),
E                          ^^^^^^^^^^^^^^^^^^^^^^^^^^^^^^^^^^^^^^^^^^^^^^^^,
E           File "/Users/arogers/github/WikiOracle/basicmodel/.venv/lib/python3.12/site-packages/torch/utils/_device.py", line 122, in __torch_function__,
E             return func(*args, **kwargs),
E                    ^^^^^^^^^^^^^^^^^^^^^,
E         ,
E         }
E       )
E     )), TensorBox(StorageBox(
E       ComputedBuffer(name='buf13', layout=FixedLayout('cpu', torch.int64, size=[4, s71], stride=[s38, 1]), data=Pointwise(
E         'cpu',
E         torch.int64,
E         def inner_fn(index):
E             i0, i1 = index
E             tmp0 = ops.constant(0, torch.int64)
E             return tmp0
E         ,
E         ranges=[4, s71],
E         origin_node=full_default,
E         origins=OrderedSet([full_default]),
E         stack_traces = {,
E           File "/Users/arogers/github/WikiOracle/basicmodel/bin/Models.py", line 12500, in _reconstruct_sentences,
E             ids = torch.zeros(B, W, dtype=torch.long, device=dev),
E                   ^^^^^^^^^^^^^^^^^^^^^^^^^^^^^^^^^^^^^^^^^^^^^^^,
E           File "/Users/arogers/github/WikiOracle/basicmodel/.venv/lib/python3.12/site-packages/torch/utils/_device.py", line 122, in __torch_function__,
E             return func(*args, **kwargs),
E                    ^^^^^^^^^^^^^^^^^^^^^,
E         ,
E         }
E       ), _split_size=None, _original_inner_fn=None, _original_ranges=None, _original_reduction_ranges=None)
E     )), TensorBox(StorageBox(
E       InputBuffer(name='arg7_1', layout=FixedLayout('cpu', torch.int64, size=[4], stride=[1]))
E     )), TensorBox(StorageBox(
E       InputBuffer(name='arg6_1', layout=FixedLayout('cpu', torch.float32, size=[4, 3, 10], stride=[30, 10, 1]))
E     )), TensorBox(StorageBox(
E       InputBuffer(name='arg8_1', layout=FixedLayout('cpu', torch.int64, size=[4, 1], stride=[1, 1]))
E     )), TensorBox(StorageBox(
E       InputBuffer(name='arg4_1', layout=FixedLayout('cpu', torch.float32, size=[4, 1, s60], stride=[s60, s60, 1]))
E     )), TensorBox(StorageBox(
E       InputBuffer(name='arg16_1', layout=FixedLayout('cpu', torch.float32, size=[4, s19], stride=[s19, 1]))
E     )), TensorBox(StorageBox(
E       InputBuffer(name='arg21_1', layout=FixedLayout('cpu', torch.int64, size=[s13], stride=[1]))
E     )), TensorBox(StorageBox(
E       InputBuffer(name='arg24_1', layout=FixedLayout('cpu', torch.int8, size=[4, s80], stride=[s80, 1]))
E     )), TensorBox(StorageBox(
E       InputBuffer(name='arg38_1', layout=FixedLayout('cpu', torch.int64, size=[4, s8], stride=[s8, 1]))
E     )), TensorBox(StorageBox(
E       InputBuffer(name='arg22_1', layout=FixedLayout('cpu', torch.bool, size=[4, s80], stride=[s80, 1]))
E     )), TensorBox(StorageBox(
E       InputBuffer(name='arg36_1', layout=FixedLayout('cpu', torch.int64, size=[4, s98], stride=[s98, 1]))
E     )), TensorBox(StorageBox(
E       InputBuffer(name='arg10_1', layout=FixedLayout('cpu', torch.int64, size=[4, s80], stride=[s80, 1]))
E     )), TensorBox(StorageBox(
E       InputBuffer(name='arg34_1', layout=FixedLayout('cpu', torch.int64, size=[1], stride=[1]))
E     )), TensorBox(StorageBox(
E       ComputedBuffer(name='buf4', layout=FixedLayout('cpu', torch.int64, size=[4], stride=[1]), data=Reduction(
E         'cpu',
E         torch.int64,
E         def inner_fn(index, rindex):
E             i0 = index
E             r0_0 = rindex
E             tmp0 = ops.load(arg14_1, r0_0 + i0 * s38)
E             tmp1 = ops.index_expr(r0_0, torch.int64)
E             tmp2 = ops.constant(-1, torch.int64)
E             tmp3 = ops.where(tmp0, tmp1, tmp2)
E             return tmp3
E         ,
E         ranges=[4],
E         reduction_ranges=[s38],
E         reduction_type=max,
E         origin_node=amax,
E         origins=OrderedSet([amax, where, view, iota, full_default_2]),
E         stack_traces = {,
E           File "/Users/arogers/github/WikiOracle/basicmodel/bin/Models.py", line 12508, in _reconstruct_sentences,
E             last_index = torch.where(active, positions, torch.full_like(positions, -1)).amax(dim=1),
E                          ^^^^^^^^^^^^^^^^^^^^^^^^^^^^^^^^^^^^^^^^^^^^^^^^^^^^^^^^^^^^^^^^^^^^^^^^^^,
E           File "/Users/arogers/github/WikiOracle/basicmodel/.venv/lib/python3.12/site-packages/torch/utils/_device.py", line 122, in __torch_function__,
E             return func(*args, **kwargs),
E                    ^^^^^^^^^^^^^^^^^^^^^,
E         ,
E         },
E         stack_traces = {,
E           File "/Users/arogers/github/WikiOracle/basicmodel/bin/Models.py", line 12501, in _reconstruct_sentences,
E             positions = torch.arange(W, device=dev).reshape(1, W),
E                         ^^^^^^^^^^^^^^^^^^^^^^^^^^^^^^^^^^^^^^^^^,
E           File "/Users/arogers/github/WikiOracle/basicmodel/.venv/lib/python3.12/site-packages/torch/utils/_device.py", line 122, in __torch_function__,
E             return func(*args, **kwargs),
E                    ^^^^^^^^^^^^^^^^^^^^^,
E         ,
E         },
E         stack_traces = {,
E           File "/Users/arogers/github/WikiOracle/basicmodel/bin/Models.py", line 12508, in _reconstruct_sentences,
E             last_index = torch.where(active, positions, torch.full_like(positions, -1)).amax(dim=1),
E                                                         ^^^^^^^^^^^^^^^^^^^^^^^^^^^^^^^^^^^^^^^^^^^,
E           File "/Users/arogers/github/WikiOracle/basicmodel/.venv/lib/python3.12/site-packages/torch/utils/_device.py", line 122, in __torch_function__,
E             return func(*args, **kwargs),
E                    ^^^^^^^^^^^^^^^^^^^^^,
E         ,
E         }
E       ), _split_size=None, _original_inner_fn=None, _original_ranges=None, _original_reduction_ranges=None)
E     )), TensorBox(StorageBox(
E       MultiOutput(
E         python_kernel_name=None,
E         name=buf20,
E         layout=FixedLayout('cpu', torch.int64, size=[4, s80], stride=[s80, 1]),
E         inputs=[WhileLoop(name='buf16', layout=MultiOutputLayout(device=device(type='cpu')), inputs=[TensorBox(StorageBox(
E           ComputedBuffer(name='buf5', layout=FlexibleLayout('cpu', torch.int64, size=[], stride=[]), data=Pointwise(
E             'cpu',
E             torch.int64,
E             def inner_fn(index):
E                 tmp0 = ops.constant(0, torch.int64)
E                 return tmp0
E             ,
E             ranges=[],
E             origin_node=full_default_6,
E             origins=OrderedSet([full_default_6]),
E             stack_traces = {,
E               File "/Users/arogers/github/WikiOracle/basicmodel/bin/Models.py", line 12626, in _reconstruct_sentences,
E                 (torch.zeros((), dtype=torch.long, device=dev),,
E                  ^^^^^^^^^^^^^^^^^^^^^^^^^^^^^^^^^^^^^^^^^^^^^^,
E               File "/Users/arogers/github/WikiOracle/basicmodel/.venv/lib/python3.12/site-packages/torch/utils/_device.py", line 122, in __torch_function__,
E                 return func(*args, **kwargs),
E                        ^^^^^^^^^^^^^^^^^^^^^,
E             ,
E             }
E           ), _split_size=None, _original_inner_fn=None, _original_ranges=None, _original_reduction_ranges=None)
E         )), TensorBox(StorageBox(
E           ComputedBuffer(name='buf6', layout=FixedLayout('cpu', torch.int64, size=[4, 8], stride=[8, 1]), data=Pointwise(
E             'cpu',
E             torch.int64,
E             def inner_fn(index):
E                 i0, i1 = index
E                 tmp0 = ops.constant(-1, torch.int64)
E                 return tmp0
E             ,
E             ranges=[4, 8],
E             origin_node=full_default_7,
E             origins=OrderedSet([full_default_7]),
E             stack_traces = {,
E               File "/Users/arogers/github/WikiOracle/basicmodel/bin/Models.py", line 12627, in _reconstruct_sentences,
E                 torch.full((B, cap), -1, dtype=torch.long, device=dev),,
E               File "/Users/arogers/github/WikiOracle/basicmodel/.venv/lib/python3.12/site-packages/torch/utils/_device.py", line 122, in __torch_function__,
E                 return func(*args, **kwargs),
E                        ^^^^^^^^^^^^^^^^^^^^^,
E             ,
E             }
E           ), _split_size=None, _original_inner_fn=None, _original_ranges=None, _original_reduction_ranges=None)
E         )), TensorBox(StorageBox(
E           ComputedBuffer(name='buf7', layout=FixedLayout('cpu', torch.int64, size=[4], stride=[1]), data=Pointwise(
E             'cpu',
E             torch.int64,
E             def inner_fn(index):
E                 i0 = index
E                 tmp0 = ops.constant(0, torch.int64)
E                 return tmp0
E             ,
E             ranges=[4],
E             origin_node=full_default_8,
E             origins=OrderedSet([full_default_8]),
E             stack_traces = {,
E               File "/Users/arogers/github/WikiOracle/basicmodel/bin/Models.py", line 12628, in _reconstruct_sentences,
E                 torch.zeros(B, dtype=torch.long, device=dev),,
E               File "/Users/arogers/github/WikiOracle/basicmodel/.venv/lib/python3.12/site-packages/torch/utils/_device.py", line 122, in __torch_function__,
E                 return func(*args, **kwargs),
E                        ^^^^^^^^^^^^^^^^^^^^^,
E             ,
E             }
E           ), _split_size=None, _original_inner_fn=None, _original_ranges=None, _original_reduction_ranges=None)
E         )), TensorBox(StorageBox(
E           ComputedBuffer(name='buf8', layout=FixedLayout('cpu', torch.int64, size=[4, s9], stride=[s80, 1]), data=Pointwise(
E             'cpu',
E             torch.int64,
E             def inner_fn(index):
E                 i0, i1 = index
E                 tmp0 = ops.constant(-1, torch.int64)
E                 return tmp0
E             ,
E             ranges=[4, s9],
E             origin_node=full_default_5,
E             origins=OrderedSet([full_default_5]),
E             stack_traces = {,
E               File "/Users/arogers/github/WikiOracle/basicmodel/bin/Models.py", line 12623, in _reconstruct_sentences,
E                 empty_positions = torch.full((B, steps), -1, dtype=torch.long, device=dev),
E                                   ^^^^^^^^^^^^^^^^^^^^^^^^^^^^^^^^^^^^^^^^^^^^^^^^^^^^^^^^,
E               File "/Users/arogers/github/WikiOracle/basicmodel/.venv/lib/python3.12/site-packages/torch/utils/_device.py", line 122, in __torch_function__,
E                 return func(*args, **kwargs),
E                        ^^^^^^^^^^^^^^^^^^^^^,
E             ,
E             }
E           ), _split_size=None, _original_inner_fn=None, _original_ranges=None, _original_reduction_ranges=None)
E         )), TensorBox(StorageBox(
E           ComputedBuffer(name='buf10', layout=FixedLayout('cpu', torch.int64, size=[4, s9], stride=[s80, 1]), data=Pointwise(
E             'cpu',
E             torch.int64,
E             def inner_fn(index):
E                 i0, i1 = index
E                 tmp0 = ops.constant(-1, torch.int64)
E                 return tmp0
E             ,
E             ranges=[4, s9],
E             origin_node=None,
E             origins=OrderedSet([while_loop, while_loop_cond_graph_0, whil...,
E             stack_traces = {,
E               File "/Users/arogers/github/WikiOracle/basicmodel/bin/Models.py", line 12624, in _reconstruct_sentences,
E                 _, _, _, occurrence_left, occurrence_right, malformed = _reconstruction_while_loop(,
E                                                                         ^^^^^^^^^^^^^^^^^^^^^^^^^^^,
E               File "/Users/arogers/github/WikiOracle/basicmodel/bin/Models.py", line 379, in _reconstruction_while_loop,
E                 return torch.while_loop(condition, body, values),
E                        ^^^^^^^^^^^^^^^^^^^^^^^^^^^^^^^^^^^^^^^^^,
E               File "/Users/arogers/github/WikiOracle/basicmodel/.venv/lib/python3.12/site-packages/torch/utils/_device.py", line 122, in __torch_function__,
E                 return func(*args, **kwargs),
E                        ^^^^^^^^^^^^^^^^^^^^^,
E             ,
E             },
E             stack_traces = {,
E               File "/Users/arogers/github/WikiOracle/basicmodel/bin/Models.py", line 12626, in _reconstruct_sentences,
E                 (torch.zeros((), dtype=torch.long, device=dev),,
E                  ^^^^^^^^^^^^^^^^^^^^^^^^^^^^^^^^^^^^^^^^^^^^^^,
E               File "/Users/arogers/github/WikiOracle/basicmodel/.venv/lib/python3.12/site-packages/torch/utils/_device.py", line 122, in __torch_function__,
E                 return func(*args, **kwargs),
E                        ^^^^^^^^^^^^^^^^^^^^^,
E             ,
E             },
E             stack_traces = {,
E               File "/Users/arogers/github/WikiOracle/basicmodel/bin/Models.py", line 12627, in _reconstruct_sentences,
E                 torch.full((B, cap), -1, dtype=torch.long, device=dev),,
E               File "/Users/arogers/github/WikiOracle/basicmodel/.venv/lib/python3.12/site-packages/torch/utils/_device.py", line 122, in __torch_function__,
E                 return func(*args, **kwargs),
E                        ^^^^^^^^^^^^^^^^^^^^^,
E             ,
E             },
E             stack_traces = {,
E               File "/Users/arogers/github/WikiOracle/basicmodel/bin/Models.py", line 12628, in _reconstruct_sentences,
E                 torch.zeros(B, dtype=torch.long, device=dev),,
E               File "/Users/arogers/github/WikiOracle/basicmodel/.venv/lib/python3.12/site-packages/torch/utils/_device.py", line 122, in __torch_function__,
E                 return func(*args, **kwargs),
E                        ^^^^^^^^^^^^^^^^^^^^^,
E             ,
E             },
E             stack_traces = {,
E               File "/Users/arogers/github/WikiOracle/basicmodel/bin/Models.py", line 12623, in _reconstruct_sentences,
E                 empty_positions = torch.full((B, steps), -1, dtype=torch.long, device=dev),
E                                   ^^^^^^^^^^^^^^^^^^^^^^^^^^^^^^^^^^^^^^^^^^^^^^^^^^^^^^^^,
E               File "/Users/arogers/github/WikiOracle/basicmodel/.venv/lib/python3.12/site-packages/torch/utils/_device.py", line 122, in __torch_function__,
E                 return func(*args, **kwargs),
E                        ^^^^^^^^^^^^^^^^^^^^^,
E             ,
E             },
E             stack_traces = {,
E               File "/Users/arogers/github/WikiOracle/basicmodel/bin/Models.py", line 12630, in _reconstruct_sentences,
E                 torch.zeros(B, dtype=torch.bool, device=dev))),
E               File "/Users/arogers/github/WikiOracle/basicmodel/.venv/lib/python3.12/site-packages/torch/utils/_device.py", line 122, in __torch_function__,
E                 return func(*args, **kwargs),
E                        ^^^^^^^^^^^^^^^^^^^^^,
E             ,
E             },
E             stack_traces = {,
E               File "/Users/arogers/github/WikiOracle/basicmodel/bin/Models.py", line 12564, in _reconstruct_sentences,
E                 bound = (torch.where(active, positions, -1).amax() + 1).clamp_min(0),
E                         ^^^^^^^^^^^^^^^^^^^^^^^^^^^^^^^^^^^^^^^^^^^^^^^^^^^^^^^^^^^^,
E               File "/Users/arogers/github/WikiOracle/basicmodel/.venv/lib/python3.12/site-packages/torch/utils/_device.py", line 122, in __torch_function__,
E                 return func(*args, **kwargs),
E                        ^^^^^^^^^^^^^^^^^^^^^,
E             ,
E             },
E             stack_traces = {,
E               File "/Users/arogers/github/WikiOracle/basicmodel/bin/Models.py", line 12564, in _reconstruct_sentences,
E                 bound = (torch.where(active, positions, -1).amax() + 1).clamp_min(0),
E                          ^^^^^^^^^^^^^^^^^^^^^^^^^^^^^^^^^^^^^^^^^^^^^^^^^^^^^^^^^^^,
E               File "/Users/arogers/github/WikiOracle/basicmodel/.venv/lib/python3.12/site-packages/torch/utils/_device.py", line 122, in __torch_function__,
E                 return func(*args, **kwargs),
E                        ^^^^^^^^^^^^^^^^^^^^^,
E             ,
E             },
E             stack_traces = {,
E               File "/Users/arogers/github/WikiOracle/basicmodel/bin/Models.py", line 12510, in _reconstruct_sentences,
E                 active = active & (ids == sentence_slot),
E                          ^^^^^^^^^^^^^^^^^^^^^^^^^^^^^^^,
E               File "/Users/arogers/github/WikiOracle/basicmodel/.venv/lib/python3.12/site-packages/torch/utils/_device.py", line 122, in __torch_function__,
E                 return func(*args, **kwargs),
E                        ^^^^^^^^^^^^^^^^^^^^^,
E             ,
E             },
E             stack_traces = {,
E               File "/Users/arogers/github/WikiOracle/basicmodel/bin/Models.py", line 12510, in _reconstruct_sentences,
E                 active = active & (ids == sentence_slot),
E                                    ^^^^^^^^^^^^^^^^^^^^^,
E               File "/Users/arogers/github/WikiOracle/basicmodel/.venv/lib/python3.12/site-packages/torch/utils/_device.py", line 122, in __torch_function__,
E                 return func(*args, **kwargs),
E                        ^^^^^^^^^^^^^^^^^^^^^,
E             ,
E             },
E             stack_traces = {,
E               File "/Users/arogers/github/WikiOracle/basicmodel/bin/Models.py", line 12500, in _reconstruct_sentences,
E                 ids = torch.zeros(B, W, dtype=torch.long, device=dev),
E                       ^^^^^^^^^^^^^^^^^^^^^^^^^^^^^^^^^^^^^^^^^^^^^^^,
E               File "/Users/arogers/github/WikiOracle/basicmodel/.venv/lib/python3.12/site-packages/torch/utils/_device.py", line 122, in __torch_function__,
E                 return func(*args, **kwargs),
E                        ^^^^^^^^^^^^^^^^^^^^^,
E             ,
E             },
E             stack_traces = {,
E               File "/Users/arogers/github/WikiOracle/basicmodel/bin/Models.py", line 12507, in _reconstruct_sentences,
E                 is_end = torch.logical_and(active, torch.logical_not(cont))       # [B, W],
E                          ^^^^^^^^^^^^^^^^^^^^^^^^^^^^^^^^^^^^^^^^^^^^^^^^^^^^^^^^^^^^^^^^^,
E               File "/Users/arogers/github/WikiOracle/basicmodel/.venv/lib/python3.12/site-packages/torch/utils/_device.py", line 122, in __torch_function__,
E                 return func(*args, **kwargs),
E                        ^^^^^^^^^^^^^^^^^^^^^,
E             ,
E             },
E             stack_traces = {,
E               File "/Users/arogers/github/WikiOracle/basicmodel/bin/Models.py", line 12507, in _reconstruct_sentences,
E                 is_end = torch.logical_and(active, torch.logical_not(cont))       # [B, W],
E                                                    ^^^^^^^^^^^^^^^^^^^^^^^^^^^^^^^^^^^^^^^,
E               File "/Users/arogers/github/WikiOracle/basicmodel/.venv/lib/python3.12/site-packages/torch/utils/_device.py", line 122, in __torch_function__,
E                 return func(*args, **kwargs),
E                        ^^^^^^^^^^^^^^^^^^^^^,
E             ,
E             },
E             stack_traces = {,
E               File "/Users/arogers/github/WikiOracle/basicmodel/bin/Models.py", line 12511, in _reconstruct_sentences,
E                 leaves = active & leaf_mask if torch.is_tensor(leaf_mask) else active,
E                          ^^^^^^^^^^^^^^^^^^^^^^^^^^^^^^^^^^^^^^^^^^^^^^^^^^^^^^^^^^^^,
E               File "/Users/arogers/github/WikiOracle/basicmodel/.venv/lib/python3.12/site-packages/torch/utils/_device.py", line 122, in __torch_function__,
E                 return func(*args, **kwargs),
E                        ^^^^^^^^^^^^^^^^^^^^^,
E             ,
E             }
E           ), _split_size=None, _original_inner_fn=None, _original_ranges=None, _original_reduction_ranges=None)
E         )), TensorBox(StorageBox(
E           ComputedBuffer(name='buf9', layout=FixedLayout('cpu', torch.bool, size=[4], stride=[1]), data=Pointwise(
E             'cpu',
E             torch.bool,
E             def inner_fn(index):
E                 i0 = index
E                 tmp0 = ops.constant(False, torch.bool)
E                 return tmp0
E             ,
E             ranges=[4],
E             origin_node=full_default_9,
E             origins=OrderedSet([full_default_9]),
E             stack_traces = {,
E               File "/Users/arogers/github/WikiOracle/basicmodel/bin/Models.py", line 12630, in _reconstruct_sentences,
E                 torch.zeros(B, dtype=torch.bool, device=dev))),
E               File "/Users/arogers/github/WikiOracle/basicmodel/.venv/lib/python3.12/site-packages/torch/utils/_device.py", line 122, in __torch_function__,
E                 return func(*args, **kwargs),
E                        ^^^^^^^^^^^^^^^^^^^^^,
E             ,
E             }
E           ), _split_size=None, _original_inner_fn=None, _original_ranges=None, _original_reduction_ranges=None)
E         )), TensorBox(StorageBox(
E           ComputedBuffer(name='buf11', layout=FlexibleLayout('cpu', torch.int64, size=[], stride=[]), data=Pointwise(
E             'cpu',
E             torch.int64,
E             def inner_fn(index):
E                 tmp0 = ops.load(buf0, 0)
E                 tmp1 = ops.constant(1, torch.int64)
E                 tmp2 = tmp0 + tmp1
E                 tmp3 = ops.constant(0, torch.int64)
E                 tmp4 = ops.maximum(tmp2, tmp3)
E                 return tmp4
E             ,
E             ranges=[],
E             origin_node=clamp_min_1,
E             origins=OrderedSet([clamp_min_1, add_192]),
E             stack_traces = {,
E               File "/Users/arogers/github/WikiOracle/basicmodel/bin/Models.py", line 12564, in _reconstruct_sentences,
E                 bound = (torch.where(active, positions, -1).amax() + 1).clamp_min(0),
E                         ^^^^^^^^^^^^^^^^^^^^^^^^^^^^^^^^^^^^^^^^^^^^^^^^^^^^^^^^^^^^,
E               File "/Users/arogers/github/WikiOracle/basicmodel/.venv/lib/python3.12/site-packages/torch/utils/_device.py", line 122, in __torch_function__,
E                 return func(*args, **kwargs),
E                        ^^^^^^^^^^^^^^^^^^^^^,
E             ,
E             },
E             stack_traces = {,
E               File "/Users/arogers/github/WikiOracle/basicmodel/bin/Models.py", line 12564, in _reconstruct_sentences,
E                 bound = (torch.where(active, positions, -1).amax() + 1).clamp_min(0),
E                          ^^^^^^^^^^^^^^^^^^^^^^^^^^^^^^^^^^^^^^^^^^^^^^^^^^^^^^^^^^^,
E               File "/Users/arogers/github/WikiOracle/basicmodel/.venv/lib/python3.12/site-packages/torch/utils/_device.py", line 122, in __torch_function__,
E                 return func(*args, **kwargs),
E                        ^^^^^^^^^^^^^^^^^^^^^,
E             ,
E             }
E           ), _split_size=None, _original_inner_fn=None, _original_ranges=None, _original_reduction_ranges=None)
E         )), TensorBox(StorageBox(
E           ComputedBuffer(name='buf12', layout=FixedLayout('cpu', torch.bool, size=[4, s38], stride=[s38, 1]), data=Pointwise(
E             'cpu',
E             torch.bool,
E             def inner_fn(index):
E                 i0, i1 = index
E                 tmp0 = ops.load(arg14_1, i1 + i0 * s38)
E                 tmp1 = ops.constant(0, torch.int64)
E                 tmp2 = ops.load(arg17_1, 0)
E                 tmp3 = tmp1 == tmp2
E                 tmp4 = ops.bitwise_and(tmp0, tmp3)
E                 return tmp4
E             ,
E             ranges=[4, s38],
E             origin_node=bitwise_and,
E             origins=OrderedSet([bitwise_and, eq_25, full_default]),
E             stack_traces = {,
E               File "/Users/arogers/github/WikiOracle/basicmodel/bin/Models.py", line 12510, in _reconstruct_sentences,
E                 active = active & (ids == sentence_slot),
E                          ^^^^^^^^^^^^^^^^^^^^^^^^^^^^^^^,
E               File "/Users/arogers/github/WikiOracle/basicmodel/.venv/lib/python3.12/site-packages/torch/utils/_device.py", line 122, in __torch_function__,
E                 return func(*args, **kwargs),
E                        ^^^^^^^^^^^^^^^^^^^^^,
E             ,
E             },
E             stack_traces = {,
E               File "/Users/arogers/github/WikiOracle/basicmodel/bin/Models.py", line 12510, in _reconstruct_sentences,
E                 active = active & (ids == sentence_slot),
E                                    ^^^^^^^^^^^^^^^^^^^^^,
E               File "/Users/arogers/github/WikiOracle/basicmodel/.venv/lib/python3.12/site-packages/torch/utils/_device.py", line 122, in __torch_function__,
E                 return func(*args, **kwargs),
E                        ^^^^^^^^^^^^^^^^^^^^^,
E             ,
E             },
E             stack_traces = {,
E               File "/Users/arogers/github/WikiOracle/basicmodel/bin/Models.py", line 12500, in _reconstruct_sentences,
E                 ids = torch.zeros(B, W, dtype=torch.long, device=dev),
E                       ^^^^^^^^^^^^^^^^^^^^^^^^^^^^^^^^^^^^^^^^^^^^^^^,
E               File "/Users/arogers/github/WikiOracle/basicmodel/.venv/lib/python3.12/site-packages/torch/utils/_device.py", line 122, in __torch_function__,
E                 return func(*args, **kwargs),
E                        ^^^^^^^^^^^^^^^^^^^^^,
E             ,
E             }
E           ), _split_size=None, _original_inner_fn=None, _original_ranges=None, _original_reduction_ranges=None)
E         )), TensorBox(StorageBox(
E           ComputedBuffer(name='buf13', layout=FixedLayout('cpu', torch.int64, size=[4, s71], stride=[s38, 1]), data=Pointwise(
E             'cpu',
E             torch.int64,
E             def inner_fn(index):
E                 i0, i1 = index
E                 tmp0 = ops.constant(0, torch.int64)
E                 return tmp0
E             ,
E             ranges=[4, s71],
E             origin_node=full_default,
E             origins=OrderedSet([full_default]),
E             stack_traces = {,
E               File "/Users/arogers/github/WikiOracle/basicmodel/bin/Models.py", line 12500, in _reconstruct_sentences,
E                 ids = torch.zeros(B, W, dtype=torch.long, device=dev),
E                       ^^^^^^^^^^^^^^^^^^^^^^^^^^^^^^^^^^^^^^^^^^^^^^^,
E               File "/Users/arogers/github/WikiOracle/basicmodel/.venv/lib/python3.12/site-packages/torch/utils/_device.py", line 122, in __torch_function__,
E                 return func(*args, **kwargs),
E                        ^^^^^^^^^^^^^^^^^^^^^,
E             ,
E             }
E           ), _split_size=None, _original_inner_fn=None, _original_ranges=None, _original_reduction_ranges=None)
E         )), TensorBox(StorageBox(
E           ComputedBuffer(name='buf14', layout=FixedLayout('cpu', torch.bool, size=[4, s38], stride=[s38, 1]), data=Pointwise(
E             'cpu',
E             torch.bool,
E             def inner_fn(index):
E                 i0, i1 = index
E                 tmp0 = ops.load(arg14_1, i1 + i0 * s38)
E                 tmp1 = ops.load(buf3, i1 + i0 * s71)
E                 tmp2 = ops.logical_not(tmp1)
E                 tmp3 = ops.logical_and(tmp0, tmp2)
E                 return tmp3
E             ,
E             ranges=[4, s38],
E             origin_node=logical_and_1,
E             origins=OrderedSet([logical_and_1, logical_not]),
E             stack_traces = {,
E               File "/Users/arogers/github/WikiOracle/basicmodel/bin/Models.py", line 12507, in _reconstruct_sentences,
E                 is_end = torch.logical_and(active, torch.logical_not(cont))       # [B, W],
E                          ^^^^^^^^^^^^^^^^^^^^^^^^^^^^^^^^^^^^^^^^^^^^^^^^^^^^^^^^^^^^^^^^^,
E               File "/Users/arogers/github/WikiOracle/basicmodel/.venv/lib/python3.12/site-packages/torch/utils/_device.py", line 122, in __torch_function__,
E                 return func(*args, **kwargs),
E                        ^^^^^^^^^^^^^^^^^^^^^,
E             ,
E             },
E             stack_traces = {,
E               File "/Users/arogers/github/WikiOracle/basicmodel/bin/Models.py", line 12507, in _reconstruct_sentences,
E                 is_end = torch.logical_and(active, torch.logical_not(cont))       # [B, W],
E                                                    ^^^^^^^^^^^^^^^^^^^^^^^^^^^^^^^^^^^^^^^,
E               File "/Users/arogers/github/WikiOracle/basicmodel/.venv/lib/python3.12/site-packages/torch/utils/_device.py", line 122, in __torch_function__,
E                 return func(*args, **kwargs),
E                        ^^^^^^^^^^^^^^^^^^^^^,
E             ,
E             }
E           ), _split_size=None, _original_inner_fn=None, _original_ranges=None, _original_reduction_ranges=None)
E         )), TensorBox(StorageBox(
E           InputBuffer(name='arg7_1', layout=FixedLayout('cpu', torch.int64, size=[4], stride=[1]))
E         )), TensorBox(StorageBox(
E           InputBuffer(name='arg8_1', layout=FixedLayout('cpu', torch.int64, size=[4, 1], stride=[1, 1]))
E         )), TensorBox(StorageBox(
E           InputBuffer(name='arg21_1', layout=FixedLayout('cpu', torch.int64, size=[s13], stride=[1]))
E         )), TensorBox(StorageBox(
E           InputBuffer(name='arg24_1', layout=FixedLayout('cpu', torch.int8, size=[4, s80], stride=[s80, 1]))
E         )), TensorBox(StorageBox(
E           InputBuffer(name='arg22_1', layout=FixedLayout('cpu', torch.bool, size=[4, s80], stride=[s80, 1]))
E         )), TensorBox(StorageBox(
E           InputBuffer(name='arg36_1', layout=FixedLayout('cpu', torch.int64, size=[4, s98], stride=[s98, 1]))
E         )), TensorBox(StorageBox(
E           InputBuffer(name='arg10_1', layout=FixedLayout('cpu', torch.int64, size=[4, s80], stride=[s80, 1]))
E         )), TensorBox(StorageBox(
E           InputBuffer(name='arg34_1', layout=FixedLayout('cpu', torch.int64, size=[1], stride=[1]))
E         )), TensorBox(StorageBox(
E           ComputedBuffer(name='buf4', layout=FixedLayout('cpu', torch.int64, size=[4], stride=[1]), data=Reduction(
E             'cpu',
E             torch.int64,
E             def inner_fn(index, rindex):
E                 i0 = index
E                 r0_0 = rindex
E                 tmp0 = ops.load(arg14_1, r0_0 + i0 * s38)
E                 tmp1 = ops.index_expr(r0_0, torch.int64)
E                 tmp2 = ops.constant(-1, torch.int64)
E                 tmp3 = ops.where(tmp0, tmp1, tmp2)
E                 return tmp3
E             ,
E             ranges=[4],
E             reduction_ranges=[s38],
E             reduction_type=max,
E             origin_node=amax,
E             origins=OrderedSet([amax, where, view, iota, full_default_2]),
E             stack_traces = {,
E               File "/Users/arogers/github/WikiOracle/basicmodel/bin/Models.py", line 12508, in _reconstruct_sentences,
E                 last_index = torch.where(active, positions, torch.full_like(positions, -1)).amax(dim=1),
E                              ^^^^^^^^^^^^^^^^^^^^^^^^^^^^^^^^^^^^^^^^^^^^^^^^^^^^^^^^^^^^^^^^^^^^^^^^^^,
E               File "/Users/arogers/github/WikiOracle/basicmodel/.venv/lib/python3.12/site-packages/torch/utils/_device.py", line 122, in __torch_function__,
E                 return func(*args, **kwargs),
E                        ^^^^^^^^^^^^^^^^^^^^^,
E             ,
E             },
E             stack_traces = {,
E               File "/Users/arogers/github/WikiOracle/basicmodel/bin/Models.py", line 12501, in _reconstruct_sentences,
E                 positions = torch.arange(W, device=dev).reshape(1, W),
E                             ^^^^^^^^^^^^^^^^^^^^^^^^^^^^^^^^^^^^^^^^^,
E               File "/Users/arogers/github/WikiOracle/basicmodel/.venv/lib/python3.12/site-packages/torch/utils/_device.py", line 122, in __torch_function__,
E                 return func(*args, **kwargs),
E                        ^^^^^^^^^^^^^^^^^^^^^,
E             ,
E             },
E             stack_traces = {,
E               File "/Users/arogers/github/WikiOracle/basicmodel/bin/Models.py", line 12508, in _reconstruct_sentences,
E                 last_index = torch.where(active, positions, torch.full_like(positions, -1)).amax(dim=1),
E                                                             ^^^^^^^^^^^^^^^^^^^^^^^^^^^^^^^^^^^^^^^^^^^,
E               File "/Users/arogers/github/WikiOracle/basicmodel/.venv/lib/python3.12/site-packages/torch/utils/_device.py", line 122, in __torch_function__,
E                 return func(*args, **kwargs),
E                        ^^^^^^^^^^^^^^^^^^^^^,
E             ,
E             }
E           ), _split_size=None, _original_inner_fn=None, _original_ranges=None, _original_reduction_ranges=None)
E         )), TensorBox(StorageBox(
E           ComputedBuffer(name='buf15', layout=FixedLayout('cpu', torch.bool, size=[4, s38], stride=[s38, 1]), data=Pointwise(
E             'cpu',
E             torch.bool,
E             def inner_fn(index):
E                 i0, i1 = index
E                 tmp0 = ops.load(arg14_1, i1 + i0 * s38)
E                 tmp1 = ops.constant(0, torch.int64)
E                 tmp2 = ops.load(arg17_1, 0)
E                 tmp3 = tmp1 == tmp2
E                 tmp4 = ops.bitwise_and(tmp0, tmp3)
E                 tmp5 = ops.load(arg19_1, i1 + i0 * s38)
E                 tmp6 = ops.bitwise_and(tmp4, tmp5)
E                 return tmp6
E             ,
E             ranges=[4, s38],
E             origin_node=bitwise_and_1,
E             origins=OrderedSet([bitwise_and_1, bitwise_and, eq_25, full_d...,
E             stack_traces = {,
E               File "/Users/arogers/github/WikiOracle/basicmodel/bin/Models.py", line 12511, in _reconstruct_sentences,
E                 leaves = active & leaf_mask if torch.is_tensor(leaf_mask) else active,
E                          ^^^^^^^^^^^^^^^^^^^^^^^^^^^^^^^^^^^^^^^^^^^^^^^^^^^^^^^^^^^^,
E               File "/Users/arogers/github/WikiOracle/basicmodel/.venv/lib/python3.12/site-packages/torch/utils/_device.py", line 122, in __torch_function__,
E                 return func(*args, **kwargs),
E                        ^^^^^^^^^^^^^^^^^^^^^,
E             ,
E             },
E             stack_traces = {,
E               File "/Users/arogers/github/WikiOracle/basicmodel/bin/Models.py", line 12510, in _reconstruct_sentences,
E                 active = active & (ids == sentence_slot),
E                          ^^^^^^^^^^^^^^^^^^^^^^^^^^^^^^^,
E               File "/Users/arogers/github/WikiOracle/basicmodel/.venv/lib/python3.12/site-packages/torch/utils/_device.py", line 122, in __torch_function__,
E                 return func(*args, **kwargs),
E                        ^^^^^^^^^^^^^^^^^^^^^,
E             ,
E             },
E             stack_traces = {,
E               File "/Users/arogers/github/WikiOracle/basicmodel/bin/Models.py", line 12510, in _reconstruct_sentences,
E                 active = active & (ids == sentence_slot),
E                                    ^^^^^^^^^^^^^^^^^^^^^,
E               File "/Users/arogers/github/WikiOracle/basicmodel/.venv/lib/python3.12/site-packages/torch/utils/_device.py", line 122, in __torch_function__,
E                 return func(*args, **kwargs),
E                        ^^^^^^^^^^^^^^^^^^^^^,
E             ,
E             },
E             stack_traces = {,
E               File "/Users/arogers/github/WikiOracle/basicmodel/bin/Models.py", line 12500, in _reconstruct_sentences,
E                 ids = torch.zeros(B, W, dtype=torch.long, device=dev),
E                       ^^^^^^^^^^^^^^^^^^^^^^^^^^^^^^^^^^^^^^^^^^^^^^^,
E               File "/Users/arogers/github/WikiOracle/basicmodel/.venv/lib/python3.12/site-packages/torch/utils/_device.py", line 122, in __torch_function__,
E                 return func(*args, **kwargs),
E                        ^^^^^^^^^^^^^^^^^^^^^,
E             ,
E             }
E           ), _split_size=None, _original_inner_fn=None, _original_ranges=None, _original_reduction_ranges=None)
E         ))], constant_args=[s80, s13, s38, s98], kwargs={}, output_view=None, python_kernel_name=None, cpp_kernel_name=None, ordered_kwargs_for_cpp_kernel=(), op_overload=None, arg_properties=[{}, {}, {}, {}, {}, {}, {}, {}, {}, {}, {}, {}, {}, {}, {}, {}, {}, {}, {}, {}], allarg_properties={}, kwarg_properties=None, unbacked_bindings={}, mutation_outputs=[], carried_inputs=[TensorBox(StorageBox(
E           ComputedBuffer(name='buf5', layout=FlexibleLayout('cpu', torch.int64, size=[], stride=[]), data=Pointwise(
E             'cpu',
E             torch.int64,
E             def inner_fn(index):
E                 tmp0 = ops.constant(0, torch.int64)
E                 return tmp0
E             ,
E             ranges=[],
E             origin_node=full_default_6,
E             origins=OrderedSet([full_default_6]),
E             stack_traces = {,
E               File "/Users/arogers/github/WikiOracle/basicmodel/bin/Models.py", line 12626, in _reconstruct_sentences,
E                 (torch.zeros((), dtype=torch.long, device=dev),,
E                  ^^^^^^^^^^^^^^^^^^^^^^^^^^^^^^^^^^^^^^^^^^^^^^,
E               File "/Users/arogers/github/WikiOracle/basicmodel/.venv/lib/python3.12/site-packages/torch/utils/_device.py", line 122, in __torch_function__,
E                 return func(*args, **kwargs),
E                        ^^^^^^^^^^^^^^^^^^^^^,
E             ,
E             }
E           ), _split_size=None, _original_inner_fn=None, _original_ranges=None, _original_reduction_ranges=None)
E         )), TensorBox(StorageBox(
E           ComputedBuffer(name='buf6', layout=FixedLayout('cpu', torch.int64, size=[4, 8], stride=[8, 1]), data=Pointwise(
E             'cpu',
E             torch.int64,
E             def inner_fn(index):
E                 i0, i1 = index
E                 tmp0 = ops.constant(-1, torch.int64)
E                 return tmp0
E             ,
E             ranges=[4, 8],
E             origin_node=full_default_7,
E             origins=OrderedSet([full_default_7]),
E             stack_traces = {,
E               File "/Users/arogers/github/WikiOracle/basicmodel/bin/Models.py", line 12627, in _reconstruct_sentences,
E                 torch.full((B, cap), -1, dtype=torch.long, device=dev),,
E               File "/Users/arogers/github/WikiOracle/basicmodel/.venv/lib/python3.12/site-packages/torch/utils/_device.py", line 122, in __torch_function__,
E                 return func(*args, **kwargs),
E                        ^^^^^^^^^^^^^^^^^^^^^,
E             ,
E             }
E           ), _split_size=None, _original_inner_fn=None, _original_ranges=None, _original_reduction_ranges=None)
E         )), TensorBox(StorageBox(
E           ComputedBuffer(name='buf7', layout=FixedLayout('cpu', torch.int64, size=[4], stride=[1]), data=Pointwise(
E             'cpu',
E             torch.int64,
E             def inner_fn(index):
E                 i0 = index
E                 tmp0 = ops.constant(0, torch.int64)
E                 return tmp0
E             ,
E             ranges=[4],
E             origin_node=full_default_8,
E             origins=OrderedSet([full_default_8]),
E             stack_traces = {,
E               File "/Users/arogers/github/WikiOracle/basicmodel/bin/Models.py", line 12628, in _reconstruct_sentences,
E                 torch.zeros(B, dtype=torch.long, device=dev),,
E               File "/Users/arogers/github/WikiOracle/basicmodel/.venv/lib/python3.12/site-packages/torch/utils/_device.py", line 122, in __torch_function__,
E                 return func(*args, **kwargs),
E                        ^^^^^^^^^^^^^^^^^^^^^,
E             ,
E             }
E           ), _split_size=None, _original_inner_fn=None, _original_ranges=None, _original_reduction_ranges=None)
E         )), TensorBox(StorageBox(
E           ComputedBuffer(name='buf8', layout=FixedLayout('cpu', torch.int64, size=[4, s9], stride=[s80, 1]), data=Pointwise(
E             'cpu',
E             torch.int64,
E             def inner_fn(index):
E                 i0, i1 = index
E                 tmp0 = ops.constant(-1, torch.int64)
E                 return tmp0
E             ,
E             ranges=[4, s9],
E             origin_node=full_default_5,
E             origins=OrderedSet([full_default_5]),
E             stack_traces = {,
E               File "/Users/arogers/github/WikiOracle/basicmodel/bin/Models.py", line 12623, in _reconstruct_sentences,
E                 empty_positions = torch.full((B, steps), -1, dtype=torch.long, device=dev),
E                                   ^^^^^^^^^^^^^^^^^^^^^^^^^^^^^^^^^^^^^^^^^^^^^^^^^^^^^^^^,
E               File "/Users/arogers/github/WikiOracle/basicmodel/.venv/lib/python3.12/site-packages/torch/utils/_device.py", line 122, in __torch_function__,
E                 return func(*args, **kwargs),
E                        ^^^^^^^^^^^^^^^^^^^^^,
E             ,
E             }
E           ), _split_size=None, _original_inner_fn=None, _original_ranges=None, _original_reduction_ranges=None)
E         )), TensorBox(StorageBox(
E           ComputedBuffer(name='buf10', layout=FixedLayout('cpu', torch.int64, size=[4, s9], stride=[s80, 1]), data=Pointwise(
E             'cpu',
E             torch.int64,
E             def inner_fn(index):
E                 i0, i1 = index
E                 tmp0 = ops.constant(-1, torch.int64)
E                 return tmp0
E             ,
E             ranges=[4, s9],
E             origin_node=None,
E             origins=OrderedSet([while_loop, while_loop_cond_graph_0, whil...,
E             stack_traces = {,
E               File "/Users/arogers/github/WikiOracle/basicmodel/bin/Models.py", line 12624, in _reconstruct_sentences,
E                 _, _, _, occurrence_left, occurrence_right, malformed = _reconstruction_while_loop(,
E                                                                         ^^^^^^^^^^^^^^^^^^^^^^^^^^^,
E               File "/Users/arogers/github/WikiOracle/basicmodel/bin/Models.py", line 379, in _reconstruction_while_loop,
E                 return torch.while_loop(condition, body, values),
E                        ^^^^^^^^^^^^^^^^^^^^^^^^^^^^^^^^^^^^^^^^^,
E               File "/Users/arogers/github/WikiOracle/basicmodel/.venv/lib/python3.12/site-packages/torch/utils/_device.py", line 122, in __torch_function__,
E                 return func(*args, **kwargs),
E                        ^^^^^^^^^^^^^^^^^^^^^,
E             ,
E             },
E             stack_traces = {,
E               File "/Users/arogers/github/WikiOracle/basicmodel/bin/Models.py", line 12626, in _reconstruct_sentences,
E                 (torch.zeros((), dtype=torch.long, device=dev),,
E                  ^^^^^^^^^^^^^^^^^^^^^^^^^^^^^^^^^^^^^^^^^^^^^^,
E               File "/Users/arogers/github/WikiOracle/basicmodel/.venv/lib/python3.12/site-packages/torch/utils/_device.py", line 122, in __torch_function__,
E                 return func(*args, **kwargs),
E                        ^^^^^^^^^^^^^^^^^^^^^,
E             ,
E             },
E             stack_traces = {,
E               File "/Users/arogers/github/WikiOracle/basicmodel/bin/Models.py", line 12627, in _reconstruct_sentences,
E                 torch.full((B, cap), -1, dtype=torch.long, device=dev),,
E               File "/Users/arogers/github/WikiOracle/basicmodel/.venv/lib/python3.12/site-packages/torch/utils/_device.py", line 122, in __torch_function__,
E                 return func(*args, **kwargs),
E                        ^^^^^^^^^^^^^^^^^^^^^,
E             ,
E             },
E             stack_traces = {,
E               File "/Users/arogers/github/WikiOracle/basicmodel/bin/Models.py", line 12628, in _reconstruct_sentences,
E                 torch.zeros(B, dtype=torch.long, device=dev),,
E               File "/Users/arogers/github/WikiOracle/basicmodel/.venv/lib/python3.12/site-packages/torch/utils/_device.py", line 122, in __torch_function__,
E                 return func(*args, **kwargs),
E                        ^^^^^^^^^^^^^^^^^^^^^,
E             ,
E             },
E             stack_traces = {,
E               File "/Users/arogers/github/WikiOracle/basicmodel/bin/Models.py", line 12623, in _reconstruct_sentences,
E                 empty_positions = torch.full((B, steps), -1, dtype=torch.long, device=dev),
E                                   ^^^^^^^^^^^^^^^^^^^^^^^^^^^^^^^^^^^^^^^^^^^^^^^^^^^^^^^^,
E               File "/Users/arogers/github/WikiOracle/basicmodel/.venv/lib/python3.12/site-packages/torch/utils/_device.py", line 122, in __torch_function__,
E                 return func(*args, **kwargs),
E                        ^^^^^^^^^^^^^^^^^^^^^,
E             ,
E             },
E             stack_traces = {,
E               File "/Users/arogers/github/WikiOracle/basicmodel/bin/Models.py", line 12630, in _reconstruct_sentences,
E                 torch.zeros(B, dtype=torch.bool, device=dev))),
E               File "/Users/arogers/github/WikiOracle/basicmodel/.venv/lib/python3.12/site-packages/torch/utils/_device.py", line 122, in __torch_function__,
E                 return func(*args, **kwargs),
E                        ^^^^^^^^^^^^^^^^^^^^^,
E             ,
E             },
E             stack_traces = {,
E               File "/Users/arogers/github/WikiOracle/basicmodel/bin/Models.py", line 12564, in _reconstruct_sentences,
E                 bound = (torch.where(active, positions, -1).amax() + 1).clamp_min(0),
E                         ^^^^^^^^^^^^^^^^^^^^^^^^^^^^^^^^^^^^^^^^^^^^^^^^^^^^^^^^^^^^,
E               File "/Users/arogers/github/WikiOracle/basicmodel/.venv/lib/python3.12/site-packages/torch/utils/_device.py", line 122, in __torch_function__,
E                 return func(*args, **kwargs),
E                        ^^^^^^^^^^^^^^^^^^^^^,
E             ,
E             },
E             stack_traces = {,
E               File "/Users/arogers/github/WikiOracle/basicmodel/bin/Models.py", line 12564, in _reconstruct_sentences,
E                 bound = (torch.where(active, positions, -1).amax() + 1).clamp_min(0),
E                          ^^^^^^^^^^^^^^^^^^^^^^^^^^^^^^^^^^^^^^^^^^^^^^^^^^^^^^^^^^^,
E               File "/Users/arogers/github/WikiOracle/basicmodel/.venv/lib/python3.12/site-packages/torch/utils/_device.py", line 122, in __torch_function__,
E                 return func(*args, **kwargs),
E                        ^^^^^^^^^^^^^^^^^^^^^,
E             ,
E             },
E             stack_traces = {,
E               File "/Users/arogers/github/WikiOracle/basicmodel/bin/Models.py", line 12510, in _reconstruct_sentences,
E                 active = active & (ids == sentence_slot),
E                          ^^^^^^^^^^^^^^^^^^^^^^^^^^^^^^^,
E               File "/Users/arogers/github/WikiOracle/basicmodel/.venv/lib/python3.12/site-packages/torch/utils/_device.py", line 122, in __torch_function__,
E                 return func(*args, **kwargs),
E                        ^^^^^^^^^^^^^^^^^^^^^,
E             ,
E             },
E             stack_traces = {,
E               File "/Users/arogers/github/WikiOracle/basicmodel/bin/Models.py", line 12510, in _reconstruct_sentences,
E                 active = active & (ids == sentence_slot),
E                                    ^^^^^^^^^^^^^^^^^^^^^,
E               File "/Users/arogers/github/WikiOracle/basicmodel/.venv/lib/python3.12/site-packages/torch/utils/_device.py", line 122, in __torch_function__,
E                 return func(*args, **kwargs),
E                        ^^^^^^^^^^^^^^^^^^^^^,
E             ,
E             },
E             stack_traces = {,
E               File "/Users/arogers/github/WikiOracle/basicmodel/bin/Models.py", line 12500, in _reconstruct_sentences,
E                 ids = torch.zeros(B, W, dtype=torch.long, device=dev),
E                       ^^^^^^^^^^^^^^^^^^^^^^^^^^^^^^^^^^^^^^^^^^^^^^^,
E               File "/Users/arogers/github/WikiOracle/basicmodel/.venv/lib/python3.12/site-packages/torch/utils/_device.py", line 122, in __torch_function__,
E                 return func(*args, **kwargs),
E                        ^^^^^^^^^^^^^^^^^^^^^,
E             ,
E             },
E             stack_traces = {,
E               File "/Users/arogers/github/WikiOracle/basicmodel/bin/Models.py", line 12507, in _reconstruct_sentences,
E                 is_end = torch.logical_and(active, torch.logical_not(cont))       # [B, W],
E                          ^^^^^^^^^^^^^^^^^^^^^^^^^^^^^^^^^^^^^^^^^^^^^^^^^^^^^^^^^^^^^^^^^,
E               File "/Users/arogers/github/WikiOracle/basicmodel/.venv/lib/python3.12/site-packages/torch/utils/_device.py", line 122, in __torch_function__,
E                 return func(*args, **kwargs),
E                        ^^^^^^^^^^^^^^^^^^^^^,
E             ,
E             },
E             stack_traces = {,
E               File "/Users/arogers/github/WikiOracle/basicmodel/bin/Models.py", line 12507, in _reconstruct_sentences,
E                 is_end = torch.logical_and(active, torch.logical_not(cont))       # [B, W],
E                                                    ^^^^^^^^^^^^^^^^^^^^^^^^^^^^^^^^^^^^^^^,
E               File "/Users/arogers/github/WikiOracle/basicmodel/.venv/lib/python3.12/site-packages/torch/utils/_device.py", line 122, in __torch_function__,
E                 return func(*args, **kwargs),
E                        ^^^^^^^^^^^^^^^^^^^^^,
E             ,
E             },
E             stack_traces = {,
E               File "/Users/arogers/github/WikiOracle/basicmodel/bin/Models.py", line 12511, in _reconstruct_sentences,
E                 leaves = active & leaf_mask if torch.is_tensor(leaf_mask) else active,
E                          ^^^^^^^^^^^^^^^^^^^^^^^^^^^^^^^^^^^^^^^^^^^^^^^^^^^^^^^^^^^^,
E               File "/Users/arogers/github/WikiOracle/basicmodel/.venv/lib/python3.12/site-packages/torch/utils/_device.py", line 122, in __torch_function__,
E                 return func(*args, **kwargs),
E                        ^^^^^^^^^^^^^^^^^^^^^,
E             ,
E             }
E           ), _split_size=None, _original_inner_fn=None, _original_ranges=None, _original_reduction_ranges=None)
E         )), TensorBox(StorageBox(
E           ComputedBuffer(name='buf9', layout=FixedLayout('cpu', torch.bool, size=[4], stride=[1]), data=Pointwise(
E             'cpu',
E             torch.bool,
E             def inner_fn(index):
E                 i0 = index
E                 tmp0 = ops.constant(False, torch.bool)
E                 return tmp0
E             ,
E             ranges=[4],
E             origin_node=full_default_9,
E             origins=OrderedSet([full_default_9]),
E             stack_traces = {,
E               File "/Users/arogers/github/WikiOracle/basicmodel/bin/Models.py", line 12630, in _reconstruct_sentences,
E                 torch.zeros(B, dtype=torch.bool, device=dev))),
E               File "/Users/arogers/github/WikiOracle/basicmodel/.venv/lib/python3.12/site-packages/torch/utils/_device.py", line 122, in __torch_function__,
E                 return func(*args, **kwargs),
E                        ^^^^^^^^^^^^^^^^^^^^^,
E             ,
E             }
E           ), _split_size=None, _original_inner_fn=None, _original_ranges=None, _original_reduction_ranges=None)
E         ))], additional_inputs=[ShapeAsConstantBuffer(expr=s80), TensorBox(StorageBox(
E           ComputedBuffer(name='buf11', layout=FlexibleLayout('cpu', torch.int64, size=[], stride=[]), data=Pointwise(
E             'cpu',
E             torch.int64,
E             def inner_fn(index):
E                 tmp0 = ops.load(buf0, 0)
E                 tmp1 = ops.constant(1, torch.int64)
E                 tmp2 = tmp0 + tmp1
E                 tmp3 = ops.constant(0, torch.int64)
E                 tmp4 = ops.maximum(tmp2, tmp3)
E                 return tmp4
E             ,
E             ranges=[],
E             origin_node=clamp_min_1,
E             origins=OrderedSet([clamp_min_1, add_192]),
E             stack_traces = {,
E               File "/Users/arogers/github/WikiOracle/basicmodel/bin/Models.py", line 12564, in _reconstruct_sentences,
E                 bound = (torch.where(active, positions, -1).amax() + 1).clamp_min(0),
E                         ^^^^^^^^^^^^^^^^^^^^^^^^^^^^^^^^^^^^^^^^^^^^^^^^^^^^^^^^^^^^,
E               File "/Users/arogers/github/WikiOracle/basicmodel/.venv/lib/python3.12/site-packages/torch/utils/_device.py", line 122, in __torch_function__,
E                 return func(*args, **kwargs),
E                        ^^^^^^^^^^^^^^^^^^^^^,
E             ,
E             },
E             stack_traces = {,
E               File "/Users/arogers/github/WikiOracle/basicmodel/bin/Models.py", line 12564, in _reconstruct_sentences,
E                 bound = (torch.where(active, positions, -1).amax() + 1).clamp_min(0),
E                          ^^^^^^^^^^^^^^^^^^^^^^^^^^^^^^^^^^^^^^^^^^^^^^^^^^^^^^^^^^^,
E               File "/Users/arogers/github/WikiOracle/basicmodel/.venv/lib/python3.12/site-packages/torch/utils/_device.py", line 122, in __torch_function__,
E                 return func(*args, **kwargs),
E                        ^^^^^^^^^^^^^^^^^^^^^,
E             ,
E             }
E           ), _split_size=None, _original_inner_fn=None, _original_ranges=None, _original_reduction_ranges=None)
E         )), TensorBox(StorageBox(
E           ComputedBuffer(name='buf12', layout=FixedLayout('cpu', torch.bool, size=[4, s38], stride=[s38, 1]), data=Pointwise(
E             'cpu',
E             torch.bool,
E             def inner_fn(index):
E                 i0, i1 = index
E                 tmp0 = ops.load(arg14_1, i1 + i0 * s38)
E                 tmp1 = ops.constant(0, torch.int64)
E                 tmp2 = ops.load(arg17_1, 0)
E                 tmp3 = tmp1 == tmp2
E                 tmp4 = ops.bitwise_and(tmp0, tmp3)
E                 return tmp4
E             ,
E             ranges=[4, s38],
E             origin_node=bitwise_and,
E             origins=OrderedSet([bitwise_and, eq_25, full_default]),
E             stack_traces = {,
E               File "/Users/arogers/github/WikiOracle/basicmodel/bin/Models.py", line 12510, in _reconstruct_sentences,
E                 active = active & (ids == sentence_slot),
E                          ^^^^^^^^^^^^^^^^^^^^^^^^^^^^^^^,
E               File "/Users/arogers/github/WikiOracle/basicmodel/.venv/lib/python3.12/site-packages/torch/utils/_device.py", line 122, in __torch_function__,
E                 return func(*args, **kwargs),
E                        ^^^^^^^^^^^^^^^^^^^^^,
E             ,
E             },
E             stack_traces = {,
E               File "/Users/arogers/github/WikiOracle/basicmodel/bin/Models.py", line 12510, in _reconstruct_sentences,
E                 active = active & (ids == sentence_slot),
E                                    ^^^^^^^^^^^^^^^^^^^^^,
E               File "/Users/arogers/github/WikiOracle/basicmodel/.venv/lib/python3.12/site-packages/torch/utils/_device.py", line 122, in __torch_function__,
E                 return func(*args, **kwargs),
E                        ^^^^^^^^^^^^^^^^^^^^^,
E             ,
E             },
E             stack_traces = {,
E               File "/Users/arogers/github/WikiOracle/basicmodel/bin/Models.py", line 12500, in _reconstruct_sentences,
E                 ids = torch.zeros(B, W, dtype=torch.long, device=dev),
E                       ^^^^^^^^^^^^^^^^^^^^^^^^^^^^^^^^^^^^^^^^^^^^^^^,
E               File "/Users/arogers/github/WikiOracle/basicmodel/.venv/lib/python3.12/site-packages/torch/utils/_device.py", line 122, in __torch_function__,
E                 return func(*args, **kwargs),
E                        ^^^^^^^^^^^^^^^^^^^^^,
E             ,
E             }
E           ), _split_size=None, _original_inner_fn=None, _original_ranges=None, _original_reduction_ranges=None)
E         )), TensorBox(StorageBox(
E           ComputedBuffer(name='buf13', layout=FixedLayout('cpu', torch.int64, size=[4, s71], stride=[s38, 1]), data=Pointwise(
E             'cpu',
E             torch.int64,
E             def inner_fn(index):
E                 i0, i1 = index
E                 tmp0 = ops.constant(0, torch.int64)
E                 return tmp0
E             ,
E             ranges=[4, s71],
E             origin_node=full_default,
E             origins=OrderedSet([full_default]),
E             stack_traces = {,
E               File "/Users/arogers/github/WikiOracle/basicmodel/bin/Models.py", line 12500, in _reconstruct_sentences,
E                 ids = torch.zeros(B, W, dtype=torch.long, device=dev),
E                       ^^^^^^^^^^^^^^^^^^^^^^^^^^^^^^^^^^^^^^^^^^^^^^^,
E               File "/Users/arogers/github/WikiOracle/basicmodel/.venv/lib/python3.12/site-packages/torch/utils/_device.py", line 122, in __torch_function__,
E                 return func(*args, **kwargs),
E                        ^^^^^^^^^^^^^^^^^^^^^,
E             ,
E             }
E           ), _split_size=None, _original_inner_fn=None, _original_ranges=None, _original_reduction_ranges=None)
E         )), TensorBox(StorageBox(
E           ComputedBuffer(name='buf14', layout=FixedLayout('cpu', torch.bool, size=[4, s38], stride=[s38, 1]), data=Pointwise(
E             'cpu',
E             torch.bool,
E             def inner_fn(index):
E                 i0, i1 = index
E                 tmp0 = ops.load(arg14_1, i1 + i0 * s38)
E                 tmp1 = ops.load(buf3, i1 + i0 * s71)
E                 tmp2 = ops.logical_not(tmp1)
E                 tmp3 = ops.logical_and(tmp0, tmp2)
E                 return tmp3
E             ,
E             ranges=[4, s38],
E             origin_node=logical_and_1,
E             origins=OrderedSet([logical_and_1, logical_not]),
E             stack_traces = {,
E               File "/Users/arogers/github/WikiOracle/basicmodel/bin/Models.py", line 12507, in _reconstruct_sentences,
E                 is_end = torch.logical_and(active, torch.logical_not(cont))       # [B, W],
E                          ^^^^^^^^^^^^^^^^^^^^^^^^^^^^^^^^^^^^^^^^^^^^^^^^^^^^^^^^^^^^^^^^^,
E               File "/Users/arogers/github/WikiOracle/basicmodel/.venv/lib/python3.12/site-packages/torch/utils/_device.py", line 122, in __torch_function__,
E                 return func(*args, **kwargs),
E                        ^^^^^^^^^^^^^^^^^^^^^,
E             ,
E             },
E             stack_traces = {,
E               File "/Users/arogers/github/WikiOracle/basicmodel/bin/Models.py", line 12507, in _reconstruct_sentences,
E                 is_end = torch.logical_and(active, torch.logical_not(cont))       # [B, W],
E                                                    ^^^^^^^^^^^^^^^^^^^^^^^^^^^^^^^^^^^^^^^,
E               File "/Users/arogers/github/WikiOracle/basicmodel/.venv/lib/python3.12/site-packages/torch/utils/_device.py", line 122, in __torch_function__,
E                 return func(*args, **kwargs),
E                        ^^^^^^^^^^^^^^^^^^^^^,
E             ,
E             }
E           ), _split_size=None, _original_inner_fn=None, _original_ranges=None, _original_reduction_ranges=None)
E         )), TensorBox(StorageBox(
E           InputBuffer(name='arg7_1', layout=FixedLayout('cpu', torch.int64, size=[4], stride=[1]))
E         )), TensorBox(StorageBox(
E           InputBuffer(name='arg8_1', layout=FixedLayout('cpu', torch.int64, size=[4, 1], stride=[1, 1]))
E         )), TensorBox(StorageBox(
E           InputBuffer(name='arg21_1', layout=FixedLayout('cpu', torch.int64, size=[s13], stride=[1]))
E         )), TensorBox(StorageBox(
E           InputBuffer(name='arg24_1', layout=FixedLayout('cpu', torch.int8, size=[4, s80], stride=[s80, 1]))
E         )), TensorBox(StorageBox(
E           InputBuffer(name='arg22_1', layout=FixedLayout('cpu', torch.bool, size=[4, s80], stride=[s80, 1]))
E         )), TensorBox(StorageBox(
E           InputBuffer(name='arg36_1', layout=FixedLayout('cpu', torch.int64, size=[4, s98], stride=[s98, 1]))
E         )), TensorBox(StorageBox(
E           InputBuffer(name='arg10_1', layout=FixedLayout('cpu', torch.int64, size=[4, s80], stride=[s80, 1]))
E         )), TensorBox(StorageBox(
E           InputBuffer(name='arg34_1', layout=FixedLayout('cpu', torch.int64, size=[1], stride=[1]))
E         )), TensorBox(StorageBox(
E           ComputedBuffer(name='buf4', layout=FixedLayout('cpu', torch.int64, size=[4], stride=[1]), data=Reduction(
E             'cpu',
E             torch.int64,
E             def inner_fn(index, rindex):
E                 i0 = index
E                 r0_0 = rindex
E                 tmp0 = ops.load(arg14_1, r0_0 + i0 * s38)
E                 tmp1 = ops.index_expr(r0_0, torch.int64)
E                 tmp2 = ops.constant(-1, torch.int64)
E                 tmp3 = ops.where(tmp0, tmp1, tmp2)
E                 return tmp3
E             ,
E             ranges=[4],
E             reduction_ranges=[s38],
E             reduction_type=max,
E             origin_node=amax,
E             origins=OrderedSet([amax, where, view, iota, full_default_2]),
E             stack_traces = {,
E               File "/Users/arogers/github/WikiOracle/basicmodel/bin/Models.py", line 12508, in _reconstruct_sentences,
E                 last_index = torch.where(active, positions, torch.full_like(positions, -1)).amax(dim=1),
E                              ^^^^^^^^^^^^^^^^^^^^^^^^^^^^^^^^^^^^^^^^^^^^^^^^^^^^^^^^^^^^^^^^^^^^^^^^^^,
E               File "/Users/arogers/github/WikiOracle/basicmodel/.venv/lib/python3.12/site-packages/torch/utils/_device.py", line 122, in __torch_function__,
E                 return func(*args, **kwargs),
E                        ^^^^^^^^^^^^^^^^^^^^^,
E             ,
E             },
E             stack_traces = {,
E               File "/Users/arogers/github/WikiOracle/basicmodel/bin/Models.py", line 12501, in _reconstruct_sentences,
E                 positions = torch.arange(W, device=dev).reshape(1, W),
E                             ^^^^^^^^^^^^^^^^^^^^^^^^^^^^^^^^^^^^^^^^^,
E               File "/Users/arogers/github/WikiOracle/basicmodel/.venv/lib/python3.12/site-packages/torch/utils/_device.py", line 122, in __torch_function__,
E                 return func(*args, **kwargs),
E                        ^^^^^^^^^^^^^^^^^^^^^,
E             ,
E             },
E             stack_traces = {,
E               File "/Users/arogers/github/WikiOracle/basicmodel/bin/Models.py", line 12508, in _reconstruct_sentences,
E                 last_index = torch.where(active, positions, torch.full_like(positions, -1)).amax(dim=1),
E                                                             ^^^^^^^^^^^^^^^^^^^^^^^^^^^^^^^^^^^^^^^^^^^,
E               File "/Users/arogers/github/WikiOracle/basicmodel/.venv/lib/python3.12/site-packages/torch/utils/_device.py", line 122, in __torch_function__,
E                 return func(*args, **kwargs),
E                        ^^^^^^^^^^^^^^^^^^^^^,
E             ,
E             }
E           ), _split_size=None, _original_inner_fn=None, _original_ranges=None, _original_reduction_ranges=None)
E         )), TensorBox(StorageBox(
E           ComputedBuffer(name='buf15', layout=FixedLayout('cpu', torch.bool, size=[4, s38], stride=[s38, 1]), data=Pointwise(
E             'cpu',
E             torch.bool,
E             def inner_fn(index):
E                 i0, i1 = index
E                 tmp0 = ops.load(arg14_1, i1 + i0 * s38)
E                 tmp1 = ops.constant(0, torch.int64)
E                 tmp2 = ops.load(arg17_1, 0)
E                 tmp3 = tmp1 == tmp2
E                 tmp4 = ops.bitwise_and(tmp0, tmp3)
E                 tmp5 = ops.load(arg19_1, i1 + i0 * s38)
E                 tmp6 = ops.bitwise_and(tmp4, tmp5)
E                 return tmp6
E             ,
E             ranges=[4, s38],
E             origin_node=bitwise_and_1,
E             origins=OrderedSet([bitwise_and_1, bitwise_and, eq_25, full_d...,
E             stack_traces = {,
E               File "/Users/arogers/github/WikiOracle/basicmodel/bin/Models.py", line 12511, in _reconstruct_sentences,
E                 leaves = active & leaf_mask if torch.is_tensor(leaf_mask) else active,
E                          ^^^^^^^^^^^^^^^^^^^^^^^^^^^^^^^^^^^^^^^^^^^^^^^^^^^^^^^^^^^^,
E               File "/Users/arogers/github/WikiOracle/basicmodel/.venv/lib/python3.12/site-packages/torch/utils/_device.py", line 122, in __torch_function__,
E                 return func(*args, **kwargs),
E                        ^^^^^^^^^^^^^^^^^^^^^,
E             ,
E             },
E             stack_traces = {,
E               File "/Users/arogers/github/WikiOracle/basicmodel/bin/Models.py", line 12510, in _reconstruct_sentences,
E                 active = active & (ids == sentence_slot),
E                          ^^^^^^^^^^^^^^^^^^^^^^^^^^^^^^^,
E               File "/Users/arogers/github/WikiOracle/basicmodel/.venv/lib/python3.12/site-packages/torch/utils/_device.py", line 122, in __torch_function__,
E                 return func(*args, **kwargs),
E                        ^^^^^^^^^^^^^^^^^^^^^,
E             ,
E             },
E             stack_traces = {,
E               File "/Users/arogers/github/WikiOracle/basicmodel/bin/Models.py", line 12510, in _reconstruct_sentences,
E                 active = active & (ids == sentence_slot),
E                                    ^^^^^^^^^^^^^^^^^^^^^,
E               File "/Users/arogers/github/WikiOracle/basicmodel/.venv/lib/python3.12/site-packages/torch/utils/_device.py", line 122, in __torch_function__,
E                 return func(*args, **kwargs),
E                        ^^^^^^^^^^^^^^^^^^^^^,
E             ,
E             },
E             stack_traces = {,
E               File "/Users/arogers/github/WikiOracle/basicmodel/bin/Models.py", line 12500, in _reconstruct_sentences,
E                 ids = torch.zeros(B, W, dtype=torch.long, device=dev),
E                       ^^^^^^^^^^^^^^^^^^^^^^^^^^^^^^^^^^^^^^^^^^^^^^^,
E               File "/Users/arogers/github/WikiOracle/basicmodel/.venv/lib/python3.12/site-packages/torch/utils/_device.py", line 122, in __torch_function__,
E                 return func(*args, **kwargs),
E                        ^^^^^^^^^^^^^^^^^^^^^,
E             ,
E             }
E           ), _split_size=None, _original_inner_fn=None, _original_ranges=None, _original_reduction_ranges=None)
E         )), ShapeAsConstantBuffer(expr=s13), ShapeAsConstantBuffer(expr=s38), ShapeAsConstantBuffer(expr=s98)], cond_subgraph=Subgraph(name='while_loop_cond_graph_0', graph_module=<lambda>(), inductor_config_patches=None, graph=<torch._inductor.graph.SubgraphLowering object at 0x16e6a9250>), body_subgraph=Subgraph(name='while_loop_body_graph_0', graph_module=<lambda>(), inductor_config_patches=None, graph=<torch._inductor.graph.SubgraphLowering object at 0x16e82e3f0>), outputs=[MultiOutput(
E           python_kernel_name=None,
E           name=buf17,
E           layout=FixedLayout('cpu', torch.int64, size=[], stride=[]),
E           inputs=[...],
E           constant_args=(),
E           kwargs={},
E           output_view=None,
E           python_kernel_name=None,
E           cpp_kernel_name=None,
E           ordered_kwargs_for_cpp_kernel=(),
E           op_overload=None,
E           arg_properties=[{}],
E           allarg_properties={},
E           kwarg_properties=None,
E           unbacked_bindings={},
E           mutation_outputs=[],
E           origin_node=None,
E           origins=OrderedSet([while_loop, while_loop_cond_graph_0, whil...,
E           stack_traces = {,
E             File "/Users/arogers/github/WikiOracle/basicmodel/bin/Models.py", line 12624, in _reconstruct_sentences,
E               _, _, _, occurrence_left, occurrence_right, malformed = _reconstruction_while_loop(,
E                                                                       ^^^^^^^^^^^^^^^^^^^^^^^^^^^,
E             File "/Users/arogers/github/WikiOracle/basicmodel/bin/Models.py", line 379, in _reconstruction_while_loop,
E               return torch.while_loop(condition, body, values),
E                      ^^^^^^^^^^^^^^^^^^^^^^^^^^^^^^^^^^^^^^^^^,
E             File "/Users/arogers/github/WikiOracle/basicmodel/.venv/lib/python3.12/site-packages/torch/utils/_device.py", line 122, in __torch_function__,
E               return func(*args, **kwargs),
E                      ^^^^^^^^^^^^^^^^^^^^^,
E           ,
E           },
E           stack_traces = {,
E             File "/Users/arogers/github/WikiOracle/basicmodel/bin/Models.py", line 12626, in _reconstruct_sentences,
E               (torch.zeros((), dtype=torch.long, device=dev),,
E                ^^^^^^^^^^^^^^^^^^^^^^^^^^^^^^^^^^^^^^^^^^^^^^,
E             File "/Users/arogers/github/WikiOracle/basicmodel/.venv/lib/python3.12/site-packages/torch/utils/_device.py", line 122, in __torch_function__,
E               return func(*args, **kwargs),
E                      ^^^^^^^^^^^^^^^^^^^^^,
E           ,
E           },
E           stack_traces = {,
E             File "/Users/arogers/github/WikiOracle/basicmodel/bin/Models.py", line 12627, in _reconstruct_sentences,
E               torch.full((B, cap), -1, dtype=torch.long, device=dev),,
E             File "/Users/arogers/github/WikiOracle/basicmodel/.venv/lib/python3.12/site-packages/torch/utils/_device.py", line 122, in __torch_function__,
E               return func(*args, **kwargs),
E                      ^^^^^^^^^^^^^^^^^^^^^,
E           ,
E           },
E           stack_traces = {,
E             File "/Users/arogers/github/WikiOracle/basicmodel/bin/Models.py", line 12628, in _reconstruct_sentences,
E               torch.zeros(B, dtype=torch.long, device=dev),,
E             File "/Users/arogers/github/WikiOracle/basicmodel/.venv/lib/python3.12/site-packages/torch/utils/_device.py", line 122, in __torch_function__,
E               return func(*args, **kwargs),
E                      ^^^^^^^^^^^^^^^^^^^^^,
E           ,
E           },
E           stack_traces = {,
E             File "/Users/arogers/github/WikiOracle/basicmodel/bin/Models.py", line 12623, in _reconstruct_sentences,
E               empty_positions = torch.full((B, steps), -1, dtype=torch.long, device=dev),
E                                 ^^^^^^^^^^^^^^^^^^^^^^^^^^^^^^^^^^^^^^^^^^^^^^^^^^^^^^^^,
E             File "/Users/arogers/github/WikiOracle/basicmodel/.venv/lib/python3.12/site-packages/torch/utils/_device.py", line 122, in __torch_function__,
E               return func(*args, **kwargs),
E                      ^^^^^^^^^^^^^^^^^^^^^,
E           ,
E           },
E           stack_traces = {,
E             File "/Users/arogers/github/WikiOracle/basicmodel/bin/Models.py", line 12630, in _reconstruct_sentences,
E               torch.zeros(B, dtype=torch.bool, device=dev))),
E             File "/Users/arogers/github/WikiOracle/basicmodel/.venv/lib/python3.12/site-packages/torch/utils/_device.py", line 122, in __torch_function__,
E               return func(*args, **kwargs),
E                      ^^^^^^^^^^^^^^^^^^^^^,
E           ,
E           },
E           stack_traces = {,
E             File "/Users/arogers/github/WikiOracle/basicmodel/bin/Models.py", line 12564, in _reconstruct_sentences,
E               bound = (torch.where(active, positions, -1).amax() + 1).clamp_min(0),
E                       ^^^^^^^^^^^^^^^^^^^^^^^^^^^^^^^^^^^^^^^^^^^^^^^^^^^^^^^^^^^^,
E             File "/Users/arogers/github/WikiOracle/basicmodel/.venv/lib/python3.12/site-packages/torch/utils/_device.py", line 122, in __torch_function__,
E               return func(*args, **kwargs),
E                      ^^^^^^^^^^^^^^^^^^^^^,
E           ,
E           },
E           stack_traces = {,
E             File "/Users/arogers/github/WikiOracle/basicmodel/bin/Models.py", line 12564, in _reconstruct_sentences,
E               bound = (torch.where(active, positions, -1).amax() + 1).clamp_min(0),
E                        ^^^^^^^^^^^^^^^^^^^^^^^^^^^^^^^^^^^^^^^^^^^^^^^^^^^^^^^^^^^,
E             File "/Users/arogers/github/WikiOracle/basicmodel/.venv/lib/python3.12/site-packages/torch/utils/_device.py", line 122, in __torch_function__,
E               return func(*args, **kwargs),
E                      ^^^^^^^^^^^^^^^^^^^^^,
E           ,
E           },
E           stack_traces = {,
E             File "/Users/arogers/github/WikiOracle/basicmodel/bin/Models.py", line 12510, in _reconstruct_sentences,
E               active = active & (ids == sentence_slot),
E                        ^^^^^^^^^^^^^^^^^^^^^^^^^^^^^^^,
E             File "/Users/arogers/github/WikiOracle/basicmodel/.venv/lib/python3.12/site-packages/torch/utils/_device.py", line 122, in __torch_function__,
E               return func(*args, **kwargs),
E                      ^^^^^^^^^^^^^^^^^^^^^,
E           ,
E           },
E           stack_traces = {,
E             File "/Users/arogers/github/WikiOracle/basicmodel/bin/Models.py", line 12510, in _reconstruct_sentences,
E               active = active & (ids == sentence_slot),
E                                  ^^^^^^^^^^^^^^^^^^^^^,
E             File "/Users/arogers/github/WikiOracle/basicmodel/.venv/lib/python3.12/site-packages/torch/utils/_device.py", line 122, in __torch_function__,
E               return func(*args, **kwargs),
E                      ^^^^^^^^^^^^^^^^^^^^^,
E           ,
E           },
E           stack_traces = {,
E             File "/Users/arogers/github/WikiOracle/basicmodel/bin/Models.py", line 12500, in _reconstruct_sentences,
E               ids = torch.zeros(B, W, dtype=torch.long, device=dev),
E                     ^^^^^^^^^^^^^^^^^^^^^^^^^^^^^^^^^^^^^^^^^^^^^^^,
E             File "/Users/arogers/github/WikiOracle/basicmodel/.venv/lib/python3.12/site-packages/torch/utils/_device.py", line 122, in __torch_function__,
E               return func(*args, **kwargs),
E                      ^^^^^^^^^^^^^^^^^^^^^,
E           ,
E           },
E           stack_traces = {,
E             File "/Users/arogers/github/WikiOracle/basicmodel/bin/Models.py", line 12507, in _reconstruct_sentences,
E               is_end = torch.logical_and(active, torch.logical_not(cont))       # [B, W],
E                        ^^^^^^^^^^^^^^^^^^^^^^^^^^^^^^^^^^^^^^^^^^^^^^^^^^^^^^^^^^^^^^^^^,
E             File "/Users/arogers/github/WikiOracle/basicmodel/.venv/lib/python3.12/site-packages/torch/utils/_device.py", line 122, in __torch_function__,
E               return func(*args, **kwargs),
E                      ^^^^^^^^^^^^^^^^^^^^^,
E           ,
E           },
E           stack_traces = {,
E             File "/Users/arogers/github/WikiOracle/basicmodel/bin/Models.py", line 12507, in _reconstruct_sentences,
E               is_end = torch.logical_and(active, torch.logical_not(cont))       # [B, W],
E                                                  ^^^^^^^^^^^^^^^^^^^^^^^^^^^^^^^^^^^^^^^,
E             File "/Users/arogers/github/WikiOracle/basicmodel/.venv/lib/python3.12/site-packages/torch/utils/_device.py", line 122, in __torch_function__,
E               return func(*args, **kwargs),
E                      ^^^^^^^^^^^^^^^^^^^^^,
E           ,
E           },
E           stack_traces = {,
E             File "/Users/arogers/github/WikiOracle/basicmodel/bin/Models.py", line 12511, in _reconstruct_sentences,
E               leaves = active & leaf_mask if torch.is_tensor(leaf_mask) else active,
E                        ^^^^^^^^^^^^^^^^^^^^^^^^^^^^^^^^^^^^^^^^^^^^^^^^^^^^^^^^^^^^,
E             File "/Users/arogers/github/WikiOracle/basicmodel/.venv/lib/python3.12/site-packages/torch/utils/_device.py", line 122, in __torch_function__,
E               return func(*args, **kwargs),
E                      ^^^^^^^^^^^^^^^^^^^^^,
E           ,
E           }
E         ), MultiOutput(
E           python_kernel_name=None,
E           name=buf18,
E           layout=FixedLayout('cpu', torch.int64, size=[4, 8], stride=[8, 1]),
E           inputs=[...],
E           constant_args=(),
E           kwargs={},
E           output_view=None,
E           python_kernel_name=None,
E           cpp_kernel_name=None,
E           ordered_kwargs_for_cpp_kernel=(),
E           op_overload=None,
E           arg_properties=[{}],
E           allarg_properties={},
E           kwarg_properties=None,
E           unbacked_bindings={},
E           mutation_outputs=[],
E           origin_node=None,
E           origins=OrderedSet([while_loop, while_loop_cond_graph_0, whil...,
E           stack_traces = {,
E             File "/Users/arogers/github/WikiOracle/basicmodel/bin/Models.py", line 12624, in _reconstruct_sentences,
E               _, _, _, occurrence_left, occurrence_right, malformed = _reconstruction_while_loop(,
E                                                                       ^^^^^^^^^^^^^^^^^^^^^^^^^^^,
E             File "/Users/arogers/github/WikiOracle/basicmodel/bin/Models.py", line 379, in _reconstruction_while_loop,
E               return torch.while_loop(condition, body, values),
E                      ^^^^^^^^^^^^^^^^^^^^^^^^^^^^^^^^^^^^^^^^^,
E             File "/Users/arogers/github/WikiOracle/basicmodel/.venv/lib/python3.12/site-packages/torch/utils/_device.py", line 122, in __torch_function__,
E               return func(*args, **kwargs),
E                      ^^^^^^^^^^^^^^^^^^^^^,
E           ,
E           },
E           stack_traces = {,
E             File "/Users/arogers/github/WikiOracle/basicmodel/bin/Models.py", line 12626, in _reconstruct_sentences,
E               (torch.zeros((), dtype=torch.long, device=dev),,
E                ^^^^^^^^^^^^^^^^^^^^^^^^^^^^^^^^^^^^^^^^^^^^^^,
E             File "/Users/arogers/github/WikiOracle/basicmodel/.venv/lib/python3.12/site-packages/torch/utils/_device.py", line 122, in __torch_function__,
E               return func(*args, **kwargs),
E                      ^^^^^^^^^^^^^^^^^^^^^,
E           ,
E           },
E           stack_traces = {,
E             File "/Users/arogers/github/WikiOracle/basicmodel/bin/Models.py", line 12627, in _reconstruct_sentences,
E               torch.full((B, cap), -1, dtype=torch.long, device=dev),,
E             File "/Users/arogers/github/WikiOracle/basicmodel/.venv/lib/python3.12/site-packages/torch/utils/_device.py", line 122, in __torch_function__,
E               return func(*args, **kwargs),
E                      ^^^^^^^^^^^^^^^^^^^^^,
E           ,
E           },
E           stack_traces = {,
E             File "/Users/arogers/github/WikiOracle/basicmodel/bin/Models.py", line 12628, in _reconstruct_sentences,
E               torch.zeros(B, dtype=torch.long, device=dev),,
E             File "/Users/arogers/github/WikiOracle/basicmodel/.venv/lib/python3.12/site-packages/torch/utils/_device.py", line 122, in __torch_function__,
E               return func(*args, **kwargs),
E                      ^^^^^^^^^^^^^^^^^^^^^,
E           ,
E           },
E           stack_traces = {,
E             File "/Users/arogers/github/WikiOracle/basicmodel/bin/Models.py", line 12623, in _reconstruct_sentences,
E               empty_positions = torch.full((B, steps), -1, dtype=torch.long, device=dev),
E                                 ^^^^^^^^^^^^^^^^^^^^^^^^^^^^^^^^^^^^^^^^^^^^^^^^^^^^^^^^,
E             File "/Users/arogers/github/WikiOracle/basicmodel/.venv/lib/python3.12/site-packages/torch/utils/_device.py", line 122, in __torch_function__,
E               return func(*args, **kwargs),
E                      ^^^^^^^^^^^^^^^^^^^^^,
E           ,
E           },
E           stack_traces = {,
E             File "/Users/arogers/github/WikiOracle/basicmodel/bin/Models.py", line 12630, in _reconstruct_sentences,
E               torch.zeros(B, dtype=torch.bool, device=dev))),
E             File "/Users/arogers/github/WikiOracle/basicmodel/.venv/lib/python3.12/site-packages/torch/utils/_device.py", line 122, in __torch_function__,
E               return func(*args, **kwargs),
E                      ^^^^^^^^^^^^^^^^^^^^^,
E           ,
E           },
E           stack_traces = {,
E             File "/Users/arogers/github/WikiOracle/basicmodel/bin/Models.py", line 12564, in _reconstruct_sentences,
E               bound = (torch.where(active, positions, -1).amax() + 1).clamp_min(0),
E                       ^^^^^^^^^^^^^^^^^^^^^^^^^^^^^^^^^^^^^^^^^^^^^^^^^^^^^^^^^^^^,
E             File "/Users/arogers/github/WikiOracle/basicmodel/.venv/lib/python3.12/site-packages/torch/utils/_device.py", line 122, in __torch_function__,
E               return func(*args, **kwargs),
E                      ^^^^^^^^^^^^^^^^^^^^^,
E           ,
E           },
E           stack_traces = {,
E             File "/Users/arogers/github/WikiOracle/basicmodel/bin/Models.py", line 12564, in _reconstruct_sentences,
E               bound = (torch.where(active, positions, -1).amax() + 1).clamp_min(0),
E                        ^^^^^^^^^^^^^^^^^^^^^^^^^^^^^^^^^^^^^^^^^^^^^^^^^^^^^^^^^^^,
E             File "/Users/arogers/github/WikiOracle/basicmodel/.venv/lib/python3.12/site-packages/torch/utils/_device.py", line 122, in __torch_function__,
E               return func(*args, **kwargs),
E                      ^^^^^^^^^^^^^^^^^^^^^,
E           ,
E           },
E           stack_traces = {,
E             File "/Users/arogers/github/WikiOracle/basicmodel/bin/Models.py", line 12510, in _reconstruct_sentences,
E               active = active & (ids == sentence_slot),
E                        ^^^^^^^^^^^^^^^^^^^^^^^^^^^^^^^,
E             File "/Users/arogers/github/WikiOracle/basicmodel/.venv/lib/python3.12/site-packages/torch/utils/_device.py", line 122, in __torch_function__,
E               return func(*args, **kwargs),
E                      ^^^^^^^^^^^^^^^^^^^^^,
E           ,
E           },
E           stack_traces = {,
E             File "/Users/arogers/github/WikiOracle/basicmodel/bin/Models.py", line 12510, in _reconstruct_sentences,
E               active = active & (ids == sentence_slot),
E                                  ^^^^^^^^^^^^^^^^^^^^^,
E             File "/Users/arogers/github/WikiOracle/basicmodel/.venv/lib/python3.12/site-packages/torch/utils/_device.py", line 122, in __torch_function__,
E               return func(*args, **kwargs),
E                      ^^^^^^^^^^^^^^^^^^^^^,
E           ,
E           },
E           stack_traces = {,
E             File "/Users/arogers/github/WikiOracle/basicmodel/bin/Models.py", line 12500, in _reconstruct_sentences,
E               ids = torch.zeros(B, W, dtype=torch.long, device=dev),
E                     ^^^^^^^^^^^^^^^^^^^^^^^^^^^^^^^^^^^^^^^^^^^^^^^,
E             File "/Users/arogers/github/WikiOracle/basicmodel/.venv/lib/python3.12/site-packages/torch/utils/_device.py", line 122, in __torch_function__,
E               return func(*args, **kwargs),
E                      ^^^^^^^^^^^^^^^^^^^^^,
E           ,
E           },
E           stack_traces = {,
E             File "/Users/arogers/github/WikiOracle/basicmodel/bin/Models.py", line 12507, in _reconstruct_sentences,
E               is_end = torch.logical_and(active, torch.logical_not(cont))       # [B, W],
E                        ^^^^^^^^^^^^^^^^^^^^^^^^^^^^^^^^^^^^^^^^^^^^^^^^^^^^^^^^^^^^^^^^^,
E             File "/Users/arogers/github/WikiOracle/basicmodel/.venv/lib/python3.12/site-packages/torch/utils/_device.py", line 122, in __torch_function__,
E               return func(*args, **kwargs),
E                      ^^^^^^^^^^^^^^^^^^^^^,
E           ,
E           },
E           stack_traces = {,
E             File "/Users/arogers/github/WikiOracle/basicmodel/bin/Models.py", line 12507, in _reconstruct_sentences,
E               is_end = torch.logical_and(active, torch.logical_not(cont))       # [B, W],
E                                                  ^^^^^^^^^^^^^^^^^^^^^^^^^^^^^^^^^^^^^^^,
E             File "/Users/arogers/github/WikiOracle/basicmodel/.venv/lib/python3.12/site-packages/torch/utils/_device.py", line 122, in __torch_function__,
E               return func(*args, **kwargs),
E                      ^^^^^^^^^^^^^^^^^^^^^,
E           ,
E           },
E           stack_traces = {,
E             File "/Users/arogers/github/WikiOracle/basicmodel/bin/Models.py", line 12511, in _reconstruct_sentences,
E               leaves = active & leaf_mask if torch.is_tensor(leaf_mask) else active,
E                        ^^^^^^^^^^^^^^^^^^^^^^^^^^^^^^^^^^^^^^^^^^^^^^^^^^^^^^^^^^^^,
E             File "/Users/arogers/github/WikiOracle/basicmodel/.venv/lib/python3.12/site-packages/torch/utils/_device.py", line 122, in __torch_function__,
E               return func(*args, **kwargs),
E                      ^^^^^^^^^^^^^^^^^^^^^,
E           ,
E           }
E         ), MultiOutput(
E           python_kernel_name=None,
E           name=buf19,
E           layout=FixedLayout('cpu', torch.int64, size=[4], stride=[1]),
E           inputs=[...],
E           constant_args=(),
E           kwargs={},
E           output_view=None,
E           python_kernel_name=None,
E           cpp_kernel_name=None,
E           ordered_kwargs_for_cpp_kernel=(),
E           op_overload=None,
E           arg_properties=[{}],
E           allarg_properties={},
E           kwarg_properties=None,
E           unbacked_bindings={},
E           mutation_outputs=[],
E           origin_node=None,
E           origins=OrderedSet([while_loop, while_loop_cond_graph_0, whil...,
E           stack_traces = {,
E             File "/Users/arogers/github/WikiOracle/basicmodel/bin/Models.py", line 12624, in _reconstruct_sentences,
E               _, _, _, occurrence_left, occurrence_right, malformed = _reconstruction_while_loop(,
E                                                                       ^^^^^^^^^^^^^^^^^^^^^^^^^^^,
E             File "/Users/arogers/github/WikiOracle/basicmodel/bin/Models.py", line 379, in _reconstruction_while_loop,
E               return torch.while_loop(condition, body, values),
E                      ^^^^^^^^^^^^^^^^^^^^^^^^^^^^^^^^^^^^^^^^^,
E             File "/Users/arogers/github/WikiOracle/basicmodel/.venv/lib/python3.12/site-packages/torch/utils/_device.py", line 122, in __torch_function__,
E               return func(*args, **kwargs),
E                      ^^^^^^^^^^^^^^^^^^^^^,
E           ,
E           },
E           stack_traces = {,
E             File "/Users/arogers/github/WikiOracle/basicmodel/bin/Models.py", line 12626, in _reconstruct_sentences,
E               (torch.zeros((), dtype=torch.long, device=dev),,
E                ^^^^^^^^^^^^^^^^^^^^^^^^^^^^^^^^^^^^^^^^^^^^^^,
E             File "/Users/arogers/github/WikiOracle/basicmodel/.venv/lib/python3.12/site-packages/torch/utils/_device.py", line 122, in __torch_function__,
E               return func(*args, **kwargs),
E                      ^^^^^^^^^^^^^^^^^^^^^,
E           ,
E           },
E           stack_traces = {,
E             File "/Users/arogers/github/WikiOracle/basicmodel/bin/Models.py", line 12627, in _reconstruct_sentences,
E               torch.full((B, cap), -1, dtype=torch.long, device=dev),,
E             File "/Users/arogers/github/WikiOracle/basicmodel/.venv/lib/python3.12/site-packages/torch/utils/_device.py", line 122, in __torch_function__,
E               return func(*args, **kwargs),
E                      ^^^^^^^^^^^^^^^^^^^^^,
E           ,
E           },
E           stack_traces = {,
E             File "/Users/arogers/github/WikiOracle/basicmodel/bin/Models.py", line 12628, in _reconstruct_sentences,
E               torch.zeros(B, dtype=torch.long, device=dev),,
E             File "/Users/arogers/github/WikiOracle/basicmodel/.venv/lib/python3.12/site-packages/torch/utils/_device.py", line 122, in __torch_function__,
E               return func(*args, **kwargs),
E                      ^^^^^^^^^^^^^^^^^^^^^,
E           ,
E           },
E           stack_traces = {,
E             File "/Users/arogers/github/WikiOracle/basicmodel/bin/Models.py", line 12623, in _reconstruct_sentences,
E               empty_positions = torch.full((B, steps), -1, dtype=torch.long, device=dev),
E                                 ^^^^^^^^^^^^^^^^^^^^^^^^^^^^^^^^^^^^^^^^^^^^^^^^^^^^^^^^,
E             File "/Users/arogers/github/WikiOracle/basicmodel/.venv/lib/python3.12/site-packages/torch/utils/_device.py", line 122, in __torch_function__,
E               return func(*args, **kwargs),
E                      ^^^^^^^^^^^^^^^^^^^^^,
E           ,
E           },
E           stack_traces = {,
E             File "/Users/arogers/github/WikiOracle/basicmodel/bin/Models.py", line 12630, in _reconstruct_sentences,
E               torch.zeros(B, dtype=torch.bool, device=dev))),
E             File "/Users/arogers/github/WikiOracle/basicmodel/.venv/lib/python3.12/site-packages/torch/utils/_device.py", line 122, in __torch_function__,
E               return func(*args, **kwargs),
E                      ^^^^^^^^^^^^^^^^^^^^^,
E           ,
E           },
E           stack_traces = {,
E             File "/Users/arogers/github/WikiOracle/basicmodel/bin/Models.py", line 12564, in _reconstruct_sentences,
E               bound = (torch.where(active, positions, -1).amax() + 1).clamp_min(0),
E                       ^^^^^^^^^^^^^^^^^^^^^^^^^^^^^^^^^^^^^^^^^^^^^^^^^^^^^^^^^^^^,
E             File "/Users/arogers/github/WikiOracle/basicmodel/.venv/lib/python3.12/site-packages/torch/utils/_device.py", line 122, in __torch_function__,
E               return func(*args, **kwargs),
E                      ^^^^^^^^^^^^^^^^^^^^^,
E           ,
E           },
E           stack_traces = {,
E             File "/Users/arogers/github/WikiOracle/basicmodel/bin/Models.py", line 12564, in _reconstruct_sentences,
E               bound = (torch.where(active, positions, -1).amax() + 1).clamp_min(0),
E                        ^^^^^^^^^^^^^^^^^^^^^^^^^^^^^^^^^^^^^^^^^^^^^^^^^^^^^^^^^^^,
E             File "/Users/arogers/github/WikiOracle/basicmodel/.venv/lib/python3.12/site-packages/torch/utils/_device.py", line 122, in __torch_function__,
E               return func(*args, **kwargs),
E                      ^^^^^^^^^^^^^^^^^^^^^,
E           ,
E           },
E           stack_traces = {,
E             File "/Users/arogers/github/WikiOracle/basicmodel/bin/Models.py", line 12510, in _reconstruct_sentences,
E               active = active & (ids == sentence_slot),
E                        ^^^^^^^^^^^^^^^^^^^^^^^^^^^^^^^,
E             File "/Users/arogers/github/WikiOracle/basicmodel/.venv/lib/python3.12/site-packages/torch/utils/_device.py", line 122, in __torch_function__,
E               return func(*args, **kwargs),
E                      ^^^^^^^^^^^^^^^^^^^^^,
E           ,
E           },
E           stack_traces = {,
E             File "/Users/arogers/github/WikiOracle/basicmodel/bin/Models.py", line 12510, in _reconstruct_sentences,
E               active = active & (ids == sentence_slot),
E                                  ^^^^^^^^^^^^^^^^^^^^^,
E             File "/Users/arogers/github/WikiOracle/basicmodel/.venv/lib/python3.12/site-packages/torch/utils/_device.py", line 122, in __torch_function__,
E               return func(*args, **kwargs),
E                      ^^^^^^^^^^^^^^^^^^^^^,
E           ,
E           },
E           stack_traces = {,
E             File "/Users/arogers/github/WikiOracle/basicmodel/bin/Models.py", line 12500, in _reconstruct_sentences,
E               ids = torch.zeros(B, W, dtype=torch.long, device=dev),
E                     ^^^^^^^^^^^^^^^^^^^^^^^^^^^^^^^^^^^^^^^^^^^^^^^,
E             File "/Users/arogers/github/WikiOracle/basicmodel/.venv/lib/python3.12/site-packages/torch/utils/_device.py", line 122, in __torch_function__,
E               return func(*args, **kwargs),
E                      ^^^^^^^^^^^^^^^^^^^^^,
E           ,
E           },
E           stack_traces = {,
E             File "/Users/arogers/github/WikiOracle/basicmodel/bin/Models.py", line 12507, in _reconstruct_sentences,
E               is_end = torch.logical_and(active, torch.logical_not(cont))       # [B, W],
E                        ^^^^^^^^^^^^^^^^^^^^^^^^^^^^^^^^^^^^^^^^^^^^^^^^^^^^^^^^^^^^^^^^^,
E             File "/Users/arogers/github/WikiOracle/basicmodel/.venv/lib/python3.12/site-packages/torch/utils/_device.py", line 122, in __torch_function__,
E               return func(*args, **kwargs),
E                      ^^^^^^^^^^^^^^^^^^^^^,
E           ,
E           },
E           stack_traces = {,
E             File "/Users/arogers/github/WikiOracle/basicmodel/bin/Models.py", line 12507, in _reconstruct_sentences,
E               is_end = torch.logical_and(active, torch.logical_not(cont))       # [B, W],
E                                                  ^^^^^^^^^^^^^^^^^^^^^^^^^^^^^^^^^^^^^^^,
E             File "/Users/arogers/github/WikiOracle/basicmodel/.venv/lib/python3.12/site-packages/torch/utils/_device.py", line 122, in __torch_function__,
E               return func(*args, **kwargs),
E                      ^^^^^^^^^^^^^^^^^^^^^,
E           ,
E           },
E           stack_traces = {,
E             File "/Users/arogers/github/WikiOracle/basicmodel/bin/Models.py", line 12511, in _reconstruct_sentences,
E               leaves = active & leaf_mask if torch.is_tensor(leaf_mask) else active,
E                        ^^^^^^^^^^^^^^^^^^^^^^^^^^^^^^^^^^^^^^^^^^^^^^^^^^^^^^^^^^^^,
E             File "/Users/arogers/github/WikiOracle/basicmodel/.venv/lib/python3.12/site-packages/torch/utils/_device.py", line 122, in __torch_function__,
E               return func(*args, **kwargs),
E                      ^^^^^^^^^^^^^^^^^^^^^,
E           ,
E           }
E         ), MultiOutput(
E           python_kernel_name=None,
E           name=buf20,
E           layout=FixedLayout('cpu', torch.int64, size=[4, s80], stride=[s80, 1]),
E           inputs=[...],
E           constant_args=(),
E           kwargs={},
E           output_view=None,
E           python_kernel_name=None,
E           cpp_kernel_name=None,
E           ordered_kwargs_for_cpp_kernel=(),
E           op_overload=None,
E           arg_properties=[{}],
E           allarg_properties={},
E           kwarg_properties=None,
E           unbacked_bindings={},
E           mutation_outputs=[],
E           origin_node=getitem_3,
E           origins=OrderedSet([while_loop, while_loop_cond_graph_0, whil...,
E           stack_traces = {,
E             File "/Users/arogers/github/WikiOracle/basicmodel/bin/Models.py", line 12624, in _reconstruct_sentences,
E               _, _, _, occurrence_left, occurrence_right, malformed = _reconstruction_while_loop(,
E                                                                       ^^^^^^^^^^^^^^^^^^^^^^^^^^^,
E             File "/Users/arogers/github/WikiOracle/basicmodel/bin/Models.py", line 379, in _reconstruction_while_loop,
E               return torch.while_loop(condition, body, values),
E                      ^^^^^^^^^^^^^^^^^^^^^^^^^^^^^^^^^^^^^^^^^,
E             File "/Users/arogers/github/WikiOracle/basicmodel/.venv/lib/python3.12/site-packages/torch/utils/_device.py", line 122, in __torch_function__,
E               return func(*args, **kwargs),
E                      ^^^^^^^^^^^^^^^^^^^^^,
E           ,
E           }
E         ), MultiOutput(
E           python_kernel_name=None,
E           name=buf21,
E           layout=FixedLayout('cpu', torch.int64, size=[4, s80], stride=[s80, 1]),
E           inputs=[...],
E           constant_args=(),
E           kwargs={},
E           output_view=None,
E           python_kernel_name=None,
E           cpp_kernel_name=None,
E           ordered_kwargs_for_cpp_kernel=(),
E           op_overload=None,
E           arg_properties=[{}],
E           allarg_properties={},
E           kwarg_properties=None,
E           unbacked_bindings={},
E           mutation_outputs=[],
E           origin_node=getitem_4,
E           origins=OrderedSet([while_loop, while_loop_cond_graph_0, whil...,
E           stack_traces = {,
E             File "/Users/arogers/github/WikiOracle/basicmodel/bin/Models.py", line 12624, in _reconstruct_sentences,
E               _, _, _, occurrence_left, occurrence_right, malformed = _reconstruction_while_loop(,
E                                                                       ^^^^^^^^^^^^^^^^^^^^^^^^^^^,
E             File "/Users/arogers/github/WikiOracle/basicmodel/bin/Models.py", line 379, in _reconstruction_while_loop,
E               return torch.while_loop(condition, body, values),
E                      ^^^^^^^^^^^^^^^^^^^^^^^^^^^^^^^^^^^^^^^^^,
E             File "/Users/arogers/github/WikiOracle/basicmodel/.venv/lib/python3.12/site-packages/torch/utils/_device.py", line 122, in __torch_function__,
E               return func(*args, **kwargs),
E                      ^^^^^^^^^^^^^^^^^^^^^,
E           ,
E           }
E         ), MultiOutput(
E           python_kernel_name=None,
E           name=buf22,
E           layout=FixedLayout('cpu', torch.bool, size=[4], stride=[1]),
E           inputs=[...],
E           constant_args=(),
E           kwargs={},
E           output_view=None,
E           python_kernel_name=None,
E           cpp_kernel_name=None,
E           ordered_kwargs_for_cpp_kernel=(),
E           op_overload=None,
E           arg_properties=[{}],
E           allarg_properties={},
E           kwarg_properties=None,
E           unbacked_bindings={},
E           mutation_outputs=[],
E           origin_node=getitem_5,
E           origins=OrderedSet([while_loop, while_loop_cond_graph_0, whil...,
E           stack_traces = {,
E             File "/Users/arogers/github/WikiOracle/basicmodel/bin/Models.py", line 12624, in _reconstruct_sentences,
E               _, _, _, occurrence_left, occurrence_right, malformed = _reconstruction_while_loop(,
E                                                                       ^^^^^^^^^^^^^^^^^^^^^^^^^^^,
E             File "/Users/arogers/github/WikiOracle/basicmodel/bin/Models.py", line 379, in _reconstruction_while_loop,
E               return torch.while_loop(condition, body, values),
E                      ^^^^^^^^^^^^^^^^^^^^^^^^^^^^^^^^^^^^^^^^^,
E             File "/Users/arogers/github/WikiOracle/basicmodel/.venv/lib/python3.12/site-packages/torch/utils/_device.py", line 122, in __torch_function__,
E               return func(*args, **kwargs),
E                      ^^^^^^^^^^^^^^^^^^^^^,
E           ,
E           }
E         )])],
E         constant_args=(),
E         kwargs={},
E         output_view=None,
E         python_kernel_name=None,
E         cpp_kernel_name=None,
E         ordered_kwargs_for_cpp_kernel=(),
E         op_overload=None,
E         arg_properties=[{}],
E         allarg_properties={},
E         kwarg_properties=None,
E         unbacked_bindings={},
E         mutation_outputs=[],
E         origin_node=getitem_3,
E         origins=OrderedSet([while_loop, while_loop_cond_graph_0, whil...,
E         stack_traces = {,
E           File "/Users/arogers/github/WikiOracle/basicmodel/bin/Models.py", line 12624, in _reconstruct_sentences,
E             _, _, _, occurrence_left, occurrence_right, malformed = _reconstruction_while_loop(,
E                                                                     ^^^^^^^^^^^^^^^^^^^^^^^^^^^,
E           File "/Users/arogers/github/WikiOracle/basicmodel/bin/Models.py", line 379, in _reconstruction_while_loop,
E             return torch.while_loop(condition, body, values),
E                    ^^^^^^^^^^^^^^^^^^^^^^^^^^^^^^^^^^^^^^^^^,
E           File "/Users/arogers/github/WikiOracle/basicmodel/.venv/lib/python3.12/site-packages/torch/utils/_device.py", line 122, in __torch_function__,
E             return func(*args, **kwargs),
E                    ^^^^^^^^^^^^^^^^^^^^^,
E         ,
E         }
E       )
E     )), TensorBox(StorageBox(
E       MultiOutput(
E         python_kernel_name=None,
E         name=buf21,
E         layout=FixedLayout('cpu', torch.int64, size=[4, s80], stride=[s80, 1]),
E         inputs=[WhileLoop(name='buf16', layout=MultiOutputLayout(device=device(type='cpu')), inputs=[TensorBox(StorageBox(
E           ComputedBuffer(name='buf5', layout=FlexibleLayout('cpu', torch.int64, size=[], stride=[]), data=Pointwise(
E             'cpu',
E             torch.int64,
E             def inner_fn(index):
E                 tmp0 = ops.constant(0, torch.int64)
E                 return tmp0
E             ,
E             ranges=[],
E             origin_node=full_default_6,
E             origins=OrderedSet([full_default_6]),
E             stack_traces = {,
E               File "/Users/arogers/github/WikiOracle/basicmodel/bin/Models.py", line 12626, in _reconstruct_sentences,
E                 (torch.zeros((), dtype=torch.long, device=dev),,
E                  ^^^^^^^^^^^^^^^^^^^^^^^^^^^^^^^^^^^^^^^^^^^^^^,
E               File "/Users/arogers/github/WikiOracle/basicmodel/.venv/lib/python3.12/site-packages/torch/utils/_device.py", line 122, in __torch_function__,
E                 return func(*args, **kwargs),
E                        ^^^^^^^^^^^^^^^^^^^^^,
E             ,
E             }
E           ), _split_size=None, _original_inner_fn=None, _original_ranges=None, _original_reduction_ranges=None)
E         )), TensorBox(StorageBox(
E           ComputedBuffer(name='buf6', layout=FixedLayout('cpu', torch.int64, size=[4, 8], stride=[8, 1]), data=Pointwise(
E             'cpu',
E             torch.int64,
E             def inner_fn(index):
E                 i0, i1 = index
E                 tmp0 = ops.constant(-1, torch.int64)
E                 return tmp0
E             ,
E             ranges=[4, 8],
E             origin_node=full_default_7,
E             origins=OrderedSet([full_default_7]),
E             stack_traces = {,
E               File "/Users/arogers/github/WikiOracle/basicmodel/bin/Models.py", line 12627, in _reconstruct_sentences,
E                 torch.full((B, cap), -1, dtype=torch.long, device=dev),,
E               File "/Users/arogers/github/WikiOracle/basicmodel/.venv/lib/python3.12/site-packages/torch/utils/_device.py", line 122, in __torch_function__,
E                 return func(*args, **kwargs),
E                        ^^^^^^^^^^^^^^^^^^^^^,
E             ,
E             }
E           ), _split_size=None, _original_inner_fn=None, _original_ranges=None, _original_reduction_ranges=None)
E         )), TensorBox(StorageBox(
E           ComputedBuffer(name='buf7', layout=FixedLayout('cpu', torch.int64, size=[4], stride=[1]), data=Pointwise(
E             'cpu',
E             torch.int64,
E             def inner_fn(index):
E                 i0 = index
E                 tmp0 = ops.constant(0, torch.int64)
E                 return tmp0
E             ,
E             ranges=[4],
E             origin_node=full_default_8,
E             origins=OrderedSet([full_default_8]),
E             stack_traces = {,
E               File "/Users/arogers/github/WikiOracle/basicmodel/bin/Models.py", line 12628, in _reconstruct_sentences,
E                 torch.zeros(B, dtype=torch.long, device=dev),,
E               File "/Users/arogers/github/WikiOracle/basicmodel/.venv/lib/python3.12/site-packages/torch/utils/_device.py", line 122, in __torch_function__,
E                 return func(*args, **kwargs),
E                        ^^^^^^^^^^^^^^^^^^^^^,
E             ,
E             }
E           ), _split_size=None, _original_inner_fn=None, _original_ranges=None, _original_reduction_ranges=None)
E         )), TensorBox(StorageBox(
E           ComputedBuffer(name='buf8', layout=FixedLayout('cpu', torch.int64, size=[4, s9], stride=[s80, 1]), data=Pointwise(
E             'cpu',
E             torch.int64,
E             def inner_fn(index):
E                 i0, i1 = index
E                 tmp0 = ops.constant(-1, torch.int64)
E                 return tmp0
E             ,
E             ranges=[4, s9],
E             origin_node=full_default_5,
E             origins=OrderedSet([full_default_5]),
E             stack_traces = {,
E               File "/Users/arogers/github/WikiOracle/basicmodel/bin/Models.py", line 12623, in _reconstruct_sentences,
E                 empty_positions = torch.full((B, steps), -1, dtype=torch.long, device=dev),
E                                   ^^^^^^^^^^^^^^^^^^^^^^^^^^^^^^^^^^^^^^^^^^^^^^^^^^^^^^^^,
E               File "/Users/arogers/github/WikiOracle/basicmodel/.venv/lib/python3.12/site-packages/torch/utils/_device.py", line 122, in __torch_function__,
E                 return func(*args, **kwargs),
E                        ^^^^^^^^^^^^^^^^^^^^^,
E             ,
E             }
E           ), _split_size=None, _original_inner_fn=None, _original_ranges=None, _original_reduction_ranges=None)
E         )), TensorBox(StorageBox(
E           ComputedBuffer(name='buf10', layout=FixedLayout('cpu', torch.int64, size=[4, s9], stride=[s80, 1]), data=Pointwise(
E             'cpu',
E             torch.int64,
E             def inner_fn(index):
E                 i0, i1 = index
E                 tmp0 = ops.constant(-1, torch.int64)
E                 return tmp0
E             ,
E             ranges=[4, s9],
E             origin_node=None,
E             origins=OrderedSet([while_loop, while_loop_cond_graph_0, whil...,
E             stack_traces = {,
E               File "/Users/arogers/github/WikiOracle/basicmodel/bin/Models.py", line 12624, in _reconstruct_sentences,
E                 _, _, _, occurrence_left, occurrence_right, malformed = _reconstruction_while_loop(,
E                                                                         ^^^^^^^^^^^^^^^^^^^^^^^^^^^,
E               File "/Users/arogers/github/WikiOracle/basicmodel/bin/Models.py", line 379, in _reconstruction_while_loop,
E                 return torch.while_loop(condition, body, values),
E                        ^^^^^^^^^^^^^^^^^^^^^^^^^^^^^^^^^^^^^^^^^,
E               File "/Users/arogers/github/WikiOracle/basicmodel/.venv/lib/python3.12/site-packages/torch/utils/_device.py", line 122, in __torch_function__,
E                 return func(*args, **kwargs),
E                        ^^^^^^^^^^^^^^^^^^^^^,
E             ,
E             },
E             stack_traces = {,
E               File "/Users/arogers/github/WikiOracle/basicmodel/bin/Models.py", line 12626, in _reconstruct_sentences,
E                 (torch.zeros((), dtype=torch.long, device=dev),,
E                  ^^^^^^^^^^^^^^^^^^^^^^^^^^^^^^^^^^^^^^^^^^^^^^,
E               File "/Users/arogers/github/WikiOracle/basicmodel/.venv/lib/python3.12/site-packages/torch/utils/_device.py", line 122, in __torch_function__,
E                 return func(*args, **kwargs),
E                        ^^^^^^^^^^^^^^^^^^^^^,
E             ,
E             },
E             stack_traces = {,
E               File "/Users/arogers/github/WikiOracle/basicmodel/bin/Models.py", line 12627, in _reconstruct_sentences,
E                 torch.full((B, cap), -1, dtype=torch.long, device=dev),,
E               File "/Users/arogers/github/WikiOracle/basicmodel/.venv/lib/python3.12/site-packages/torch/utils/_device.py", line 122, in __torch_function__,
E                 return func(*args, **kwargs),
E                        ^^^^^^^^^^^^^^^^^^^^^,
E             ,
E             },
E             stack_traces = {,
E               File "/Users/arogers/github/WikiOracle/basicmodel/bin/Models.py", line 12628, in _reconstruct_sentences,
E                 torch.zeros(B, dtype=torch.long, device=dev),,
E               File "/Users/arogers/github/WikiOracle/basicmodel/.venv/lib/python3.12/site-packages/torch/utils/_device.py", line 122, in __torch_function__,
E                 return func(*args, **kwargs),
E                        ^^^^^^^^^^^^^^^^^^^^^,
E             ,
E             },
E             stack_traces = {,
E               File "/Users/arogers/github/WikiOracle/basicmodel/bin/Models.py", line 12623, in _reconstruct_sentences,
E                 empty_positions = torch.full((B, steps), -1, dtype=torch.long, device=dev),
E                                   ^^^^^^^^^^^^^^^^^^^^^^^^^^^^^^^^^^^^^^^^^^^^^^^^^^^^^^^^,
E               File "/Users/arogers/github/WikiOracle/basicmodel/.venv/lib/python3.12/site-packages/torch/utils/_device.py", line 122, in __torch_function__,
E                 return func(*args, **kwargs),
E                        ^^^^^^^^^^^^^^^^^^^^^,
E             ,
E             },
E             stack_traces = {,
E               File "/Users/arogers/github/WikiOracle/basicmodel/bin/Models.py", line 12630, in _reconstruct_sentences,
E                 torch.zeros(B, dtype=torch.bool, device=dev))),
E               File "/Users/arogers/github/WikiOracle/basicmodel/.venv/lib/python3.12/site-packages/torch/utils/_device.py", line 122, in __torch_function__,
E                 return func(*args, **kwargs),
E                        ^^^^^^^^^^^^^^^^^^^^^,
E             ,
E             },
E             stack_traces = {,
E               File "/Users/arogers/github/WikiOracle/basicmodel/bin/Models.py", line 12564, in _reconstruct_sentences,
E                 bound = (torch.where(active, positions, -1).amax() + 1).clamp_min(0),
E                         ^^^^^^^^^^^^^^^^^^^^^^^^^^^^^^^^^^^^^^^^^^^^^^^^^^^^^^^^^^^^,
E               File "/Users/arogers/github/WikiOracle/basicmodel/.venv/lib/python3.12/site-packages/torch/utils/_device.py", line 122, in __torch_function__,
E                 return func(*args, **kwargs),
E                        ^^^^^^^^^^^^^^^^^^^^^,
E             ,
E             },
E             stack_traces = {,
E               File "/Users/arogers/github/WikiOracle/basicmodel/bin/Models.py", line 12564, in _reconstruct_sentences,
E                 bound = (torch.where(active, positions, -1).amax() + 1).clamp_min(0),
E                          ^^^^^^^^^^^^^^^^^^^^^^^^^^^^^^^^^^^^^^^^^^^^^^^^^^^^^^^^^^^,
E               File "/Users/arogers/github/WikiOracle/basicmodel/.venv/lib/python3.12/site-packages/torch/utils/_device.py", line 122, in __torch_function__,
E                 return func(*args, **kwargs),
E                        ^^^^^^^^^^^^^^^^^^^^^,
E             ,
E             },
E             stack_traces = {,
E               File "/Users/arogers/github/WikiOracle/basicmodel/bin/Models.py", line 12510, in _reconstruct_sentences,
E                 active = active & (ids == sentence_slot),
E                          ^^^^^^^^^^^^^^^^^^^^^^^^^^^^^^^,
E               File "/Users/arogers/github/WikiOracle/basicmodel/.venv/lib/python3.12/site-packages/torch/utils/_device.py", line 122, in __torch_function__,
E                 return func(*args, **kwargs),
E                        ^^^^^^^^^^^^^^^^^^^^^,
E             ,
E             },
E             stack_traces = {,
E               File "/Users/arogers/github/WikiOracle/basicmodel/bin/Models.py", line 12510, in _reconstruct_sentences,
E                 active = active & (ids == sentence_slot),
E                                    ^^^^^^^^^^^^^^^^^^^^^,
E               File "/Users/arogers/github/WikiOracle/basicmodel/.venv/lib/python3.12/site-packages/torch/utils/_device.py", line 122, in __torch_function__,
E                 return func(*args, **kwargs),
E                        ^^^^^^^^^^^^^^^^^^^^^,
E             ,
E             },
E             stack_traces = {,
E               File "/Users/arogers/github/WikiOracle/basicmodel/bin/Models.py", line 12500, in _reconstruct_sentences,
E                 ids = torch.zeros(B, W, dtype=torch.long, device=dev),
E                       ^^^^^^^^^^^^^^^^^^^^^^^^^^^^^^^^^^^^^^^^^^^^^^^,
E               File "/Users/arogers/github/WikiOracle/basicmodel/.venv/lib/python3.12/site-packages/torch/utils/_device.py", line 122, in __torch_function__,
E                 return func(*args, **kwargs),
E                        ^^^^^^^^^^^^^^^^^^^^^,
E             ,
E             },
E             stack_traces = {,
E               File "/Users/arogers/github/WikiOracle/basicmodel/bin/Models.py", line 12507, in _reconstruct_sentences,
E                 is_end = torch.logical_and(active, torch.logical_not(cont))       # [B, W],
E                          ^^^^^^^^^^^^^^^^^^^^^^^^^^^^^^^^^^^^^^^^^^^^^^^^^^^^^^^^^^^^^^^^^,
E               File "/Users/arogers/github/WikiOracle/basicmodel/.venv/lib/python3.12/site-packages/torch/utils/_device.py", line 122, in __torch_function__,
E                 return func(*args, **kwargs),
E                        ^^^^^^^^^^^^^^^^^^^^^,
E             ,
E             },
E             stack_traces = {,
E               File "/Users/arogers/github/WikiOracle/basicmodel/bin/Models.py", line 12507, in _reconstruct_sentences,
E                 is_end = torch.logical_and(active, torch.logical_not(cont))       # [B, W],
E                                                    ^^^^^^^^^^^^^^^^^^^^^^^^^^^^^^^^^^^^^^^,
E               File "/Users/arogers/github/WikiOracle/basicmodel/.venv/lib/python3.12/site-packages/torch/utils/_device.py", line 122, in __torch_function__,
E                 return func(*args, **kwargs),
E                        ^^^^^^^^^^^^^^^^^^^^^,
E             ,
E             },
E             stack_traces = {,
E               File "/Users/arogers/github/WikiOracle/basicmodel/bin/Models.py", line 12511, in _reconstruct_sentences,
E                 leaves = active & leaf_mask if torch.is_tensor(leaf_mask) else active,
E                          ^^^^^^^^^^^^^^^^^^^^^^^^^^^^^^^^^^^^^^^^^^^^^^^^^^^^^^^^^^^^,
E               File "/Users/arogers/github/WikiOracle/basicmodel/.venv/lib/python3.12/site-packages/torch/utils/_device.py", line 122, in __torch_function__,
E                 return func(*args, **kwargs),
E                        ^^^^^^^^^^^^^^^^^^^^^,
E             ,
E             }
E           ), _split_size=None, _original_inner_fn=None, _original_ranges=None, _original_reduction_ranges=None)
E         )), TensorBox(StorageBox(
E           ComputedBuffer(name='buf9', layout=FixedLayout('cpu', torch.bool, size=[4], stride=[1]), data=Pointwise(
E             'cpu',
E             torch.bool,
E             def inner_fn(index):
E                 i0 = index
E                 tmp0 = ops.constant(False, torch.bool)
E                 return tmp0
E             ,
E             ranges=[4],
E             origin_node=full_default_9,
E             origins=OrderedSet([full_default_9]),
E             stack_traces = {,
E               File "/Users/arogers/github/WikiOracle/basicmodel/bin/Models.py", line 12630, in _reconstruct_sentences,
E                 torch.zeros(B, dtype=torch.bool, device=dev))),
E               File "/Users/arogers/github/WikiOracle/basicmodel/.venv/lib/python3.12/site-packages/torch/utils/_device.py", line 122, in __torch_function__,
E                 return func(*args, **kwargs),
E                        ^^^^^^^^^^^^^^^^^^^^^,
E             ,
E             }
E           ), _split_size=None, _original_inner_fn=None, _original_ranges=None, _original_reduction_ranges=None)
E         )), TensorBox(StorageBox(
E           ComputedBuffer(name='buf11', layout=FlexibleLayout('cpu', torch.int64, size=[], stride=[]), data=Pointwise(
E             'cpu',
E             torch.int64,
E             def inner_fn(index):
E                 tmp0 = ops.load(buf0, 0)
E                 tmp1 = ops.constant(1, torch.int64)
E                 tmp2 = tmp0 + tmp1
E                 tmp3 = ops.constant(0, torch.int64)
E                 tmp4 = ops.maximum(tmp2, tmp3)
E                 return tmp4
E             ,
E             ranges=[],
E             origin_node=clamp_min_1,
E             origins=OrderedSet([clamp_min_1, add_192]),
E             stack_traces = {,
E               File "/Users/arogers/github/WikiOracle/basicmodel/bin/Models.py", line 12564, in _reconstruct_sentences,
E                 bound = (torch.where(active, positions, -1).amax() + 1).clamp_min(0),
E                         ^^^^^^^^^^^^^^^^^^^^^^^^^^^^^^^^^^^^^^^^^^^^^^^^^^^^^^^^^^^^,
E               File "/Users/arogers/github/WikiOracle/basicmodel/.venv/lib/python3.12/site-packages/torch/utils/_device.py", line 122, in __torch_function__,
E                 return func(*args, **kwargs),
E                        ^^^^^^^^^^^^^^^^^^^^^,
E             ,
E             },
E             stack_traces = {,
E               File "/Users/arogers/github/WikiOracle/basicmodel/bin/Models.py", line 12564, in _reconstruct_sentences,
E                 bound = (torch.where(active, positions, -1).amax() + 1).clamp_min(0),
E                          ^^^^^^^^^^^^^^^^^^^^^^^^^^^^^^^^^^^^^^^^^^^^^^^^^^^^^^^^^^^,
E               File "/Users/arogers/github/WikiOracle/basicmodel/.venv/lib/python3.12/site-packages/torch/utils/_device.py", line 122, in __torch_function__,
E                 return func(*args, **kwargs),
E                        ^^^^^^^^^^^^^^^^^^^^^,
E             ,
E             }
E           ), _split_size=None, _original_inner_fn=None, _original_ranges=None, _original_reduction_ranges=None)
E         )), TensorBox(StorageBox(
E           ComputedBuffer(name='buf12', layout=FixedLayout('cpu', torch.bool, size=[4, s38], stride=[s38, 1]), data=Pointwise(
E             'cpu',
E             torch.bool,
E             def inner_fn(index):
E                 i0, i1 = index
E                 tmp0 = ops.load(arg14_1, i1 + i0 * s38)
E                 tmp1 = ops.constant(0, torch.int64)
E                 tmp2 = ops.load(arg17_1, 0)
E                 tmp3 = tmp1 == tmp2
E                 tmp4 = ops.bitwise_and(tmp0, tmp3)
E                 return tmp4
E             ,
E             ranges=[4, s38],
E             origin_node=bitwise_and,
E             origins=OrderedSet([bitwise_and, eq_25, full_default]),
E             stack_traces = {,
E               File "/Users/arogers/github/WikiOracle/basicmodel/bin/Models.py", line 12510, in _reconstruct_sentences,
E                 active = active & (ids == sentence_slot),
E                          ^^^^^^^^^^^^^^^^^^^^^^^^^^^^^^^,
E               File "/Users/arogers/github/WikiOracle/basicmodel/.venv/lib/python3.12/site-packages/torch/utils/_device.py", line 122, in __torch_function__,
E                 return func(*args, **kwargs),
E                        ^^^^^^^^^^^^^^^^^^^^^,
E             ,
E             },
E             stack_traces = {,
E               File "/Users/arogers/github/WikiOracle/basicmodel/bin/Models.py", line 12510, in _reconstruct_sentences,
E                 active = active & (ids == sentence_slot),
E                                    ^^^^^^^^^^^^^^^^^^^^^,
E               File "/Users/arogers/github/WikiOracle/basicmodel/.venv/lib/python3.12/site-packages/torch/utils/_device.py", line 122, in __torch_function__,
E                 return func(*args, **kwargs),
E                        ^^^^^^^^^^^^^^^^^^^^^,
E             ,
E             },
E             stack_traces = {,
E               File "/Users/arogers/github/WikiOracle/basicmodel/bin/Models.py", line 12500, in _reconstruct_sentences,
E                 ids = torch.zeros(B, W, dtype=torch.long, device=dev),
E                       ^^^^^^^^^^^^^^^^^^^^^^^^^^^^^^^^^^^^^^^^^^^^^^^,
E               File "/Users/arogers/github/WikiOracle/basicmodel/.venv/lib/python3.12/site-packages/torch/utils/_device.py", line 122, in __torch_function__,
E                 return func(*args, **kwargs),
E                        ^^^^^^^^^^^^^^^^^^^^^,
E             ,
E             }
E           ), _split_size=None, _original_inner_fn=None, _original_ranges=None, _original_reduction_ranges=None)
E         )), TensorBox(StorageBox(
E           ComputedBuffer(name='buf13', layout=FixedLayout('cpu', torch.int64, size=[4, s71], stride=[s38, 1]), data=Pointwise(
E             'cpu',
E             torch.int64,
E             def inner_fn(index):
E                 i0, i1 = index
E                 tmp0 = ops.constant(0, torch.int64)
E                 return tmp0
E             ,
E             ranges=[4, s71],
E             origin_node=full_default,
E             origins=OrderedSet([full_default]),
E             stack_traces = {,
E               File "/Users/arogers/github/WikiOracle/basicmodel/bin/Models.py", line 12500, in _reconstruct_sentences,
E                 ids = torch.zeros(B, W, dtype=torch.long, device=dev),
E                       ^^^^^^^^^^^^^^^^^^^^^^^^^^^^^^^^^^^^^^^^^^^^^^^,
E               File "/Users/arogers/github/WikiOracle/basicmodel/.venv/lib/python3.12/site-packages/torch/utils/_device.py", line 122, in __torch_function__,
E                 return func(*args, **kwargs),
E                        ^^^^^^^^^^^^^^^^^^^^^,
E             ,
E             }
E           ), _split_size=None, _original_inner_fn=None, _original_ranges=None, _original_reduction_ranges=None)
E         )), TensorBox(StorageBox(
E           ComputedBuffer(name='buf14', layout=FixedLayout('cpu', torch.bool, size=[4, s38], stride=[s38, 1]), data=Pointwise(
E             'cpu',
E             torch.bool,
E             def inner_fn(index):
E                 i0, i1 = index
E                 tmp0 = ops.load(arg14_1, i1 + i0 * s38)
E                 tmp1 = ops.load(buf3, i1 + i0 * s71)
E                 tmp2 = ops.logical_not(tmp1)
E                 tmp3 = ops.logical_and(tmp0, tmp2)
E                 return tmp3
E             ,
E             ranges=[4, s38],
E             origin_node=logical_and_1,
E             origins=OrderedSet([logical_and_1, logical_not]),
E             stack_traces = {,
E               File "/Users/arogers/github/WikiOracle/basicmodel/bin/Models.py", line 12507, in _reconstruct_sentences,
E                 is_end = torch.logical_and(active, torch.logical_not(cont))       # [B, W],
E                          ^^^^^^^^^^^^^^^^^^^^^^^^^^^^^^^^^^^^^^^^^^^^^^^^^^^^^^^^^^^^^^^^^,
E               File "/Users/arogers/github/WikiOracle/basicmodel/.venv/lib/python3.12/site-packages/torch/utils/_device.py", line 122, in __torch_function__,
E                 return func(*args, **kwargs),
E                        ^^^^^^^^^^^^^^^^^^^^^,
E             ,
E             },
E             stack_traces = {,
E               File "/Users/arogers/github/WikiOracle/basicmodel/bin/Models.py", line 12507, in _reconstruct_sentences,
E                 is_end = torch.logical_and(active, torch.logical_not(cont))       # [B, W],
E                                                    ^^^^^^^^^^^^^^^^^^^^^^^^^^^^^^^^^^^^^^^,
E               File "/Users/arogers/github/WikiOracle/basicmodel/.venv/lib/python3.12/site-packages/torch/utils/_device.py", line 122, in __torch_function__,
E                 return func(*args, **kwargs),
E                        ^^^^^^^^^^^^^^^^^^^^^,
E             ,
E             }
E           ), _split_size=None, _original_inner_fn=None, _original_ranges=None, _original_reduction_ranges=None)
E         )), TensorBox(StorageBox(
E           InputBuffer(name='arg7_1', layout=FixedLayout('cpu', torch.int64, size=[4], stride=[1]))
E         )), TensorBox(StorageBox(
E           InputBuffer(name='arg8_1', layout=FixedLayout('cpu', torch.int64, size=[4, 1], stride=[1, 1]))
E         )), TensorBox(StorageBox(
E           InputBuffer(name='arg21_1', layout=FixedLayout('cpu', torch.int64, size=[s13], stride=[1]))
E         )), TensorBox(StorageBox(
E           InputBuffer(name='arg24_1', layout=FixedLayout('cpu', torch.int8, size=[4, s80], stride=[s80, 1]))
E         )), TensorBox(StorageBox(
E           InputBuffer(name='arg22_1', layout=FixedLayout('cpu', torch.bool, size=[4, s80], stride=[s80, 1]))
E         )), TensorBox(StorageBox(
E           InputBuffer(name='arg36_1', layout=FixedLayout('cpu', torch.int64, size=[4, s98], stride=[s98, 1]))
E         )), TensorBox(StorageBox(
E           InputBuffer(name='arg10_1', layout=FixedLayout('cpu', torch.int64, size=[4, s80], stride=[s80, 1]))
E         )), TensorBox(StorageBox(
E           InputBuffer(name='arg34_1', layout=FixedLayout('cpu', torch.int64, size=[1], stride=[1]))
E         )), TensorBox(StorageBox(
E           ComputedBuffer(name='buf4', layout=FixedLayout('cpu', torch.int64, size=[4], stride=[1]), data=Reduction(
E             'cpu',
E             torch.int64,
E             def inner_fn(index, rindex):
E                 i0 = index
E                 r0_0 = rindex
E                 tmp0 = ops.load(arg14_1, r0_0 + i0 * s38)
E                 tmp1 = ops.index_expr(r0_0, torch.int64)
E                 tmp2 = ops.constant(-1, torch.int64)
E                 tmp3 = ops.where(tmp0, tmp1, tmp2)
E                 return tmp3
E             ,
E             ranges=[4],
E             reduction_ranges=[s38],
E             reduction_type=max,
E             origin_node=amax,
E             origins=OrderedSet([amax, where, view, iota, full_default_2]),
E             stack_traces = {,
E               File "/Users/arogers/github/WikiOracle/basicmodel/bin/Models.py", line 12508, in _reconstruct_sentences,
E                 last_index = torch.where(active, positions, torch.full_like(positions, -1)).amax(dim=1),
E                              ^^^^^^^^^^^^^^^^^^^^^^^^^^^^^^^^^^^^^^^^^^^^^^^^^^^^^^^^^^^^^^^^^^^^^^^^^^,
E               File "/Users/arogers/github/WikiOracle/basicmodel/.venv/lib/python3.12/site-packages/torch/utils/_device.py", line 122, in __torch_function__,
E                 return func(*args, **kwargs),
E                        ^^^^^^^^^^^^^^^^^^^^^,
E             ,
E             },
E             stack_traces = {,
E               File "/Users/arogers/github/WikiOracle/basicmodel/bin/Models.py", line 12501, in _reconstruct_sentences,
E                 positions = torch.arange(W, device=dev).reshape(1, W),
E                             ^^^^^^^^^^^^^^^^^^^^^^^^^^^^^^^^^^^^^^^^^,
E               File "/Users/arogers/github/WikiOracle/basicmodel/.venv/lib/python3.12/site-packages/torch/utils/_device.py", line 122, in __torch_function__,
E                 return func(*args, **kwargs),
E                        ^^^^^^^^^^^^^^^^^^^^^,
E             ,
E             },
E             stack_traces = {,
E               File "/Users/arogers/github/WikiOracle/basicmodel/bin/Models.py", line 12508, in _reconstruct_sentences,
E                 last_index = torch.where(active, positions, torch.full_like(positions, -1)).amax(dim=1),
E                                                             ^^^^^^^^^^^^^^^^^^^^^^^^^^^^^^^^^^^^^^^^^^^,
E               File "/Users/arogers/github/WikiOracle/basicmodel/.venv/lib/python3.12/site-packages/torch/utils/_device.py", line 122, in __torch_function__,
E                 return func(*args, **kwargs),
E                        ^^^^^^^^^^^^^^^^^^^^^,
E             ,
E             }
E           ), _split_size=None, _original_inner_fn=None, _original_ranges=None, _original_reduction_ranges=None)
E         )), TensorBox(StorageBox(
E           ComputedBuffer(name='buf15', layout=FixedLayout('cpu', torch.bool, size=[4, s38], stride=[s38, 1]), data=Pointwise(
E             'cpu',
E             torch.bool,
E             def inner_fn(index):
E                 i0, i1 = index
E                 tmp0 = ops.load(arg14_1, i1 + i0 * s38)
E                 tmp1 = ops.constant(0, torch.int64)
E                 tmp2 = ops.load(arg17_1, 0)
E                 tmp3 = tmp1 == tmp2
E                 tmp4 = ops.bitwise_and(tmp0, tmp3)
E                 tmp5 = ops.load(arg19_1, i1 + i0 * s38)
E                 tmp6 = ops.bitwise_and(tmp4, tmp5)
E                 return tmp6
E             ,
E             ranges=[4, s38],
E             origin_node=bitwise_and_1,
E             origins=OrderedSet([bitwise_and_1, bitwise_and, eq_25, full_d...,
E             stack_traces = {,
E               File "/Users/arogers/github/WikiOracle/basicmodel/bin/Models.py", line 12511, in _reconstruct_sentences,
E                 leaves = active & leaf_mask if torch.is_tensor(leaf_mask) else active,
E                          ^^^^^^^^^^^^^^^^^^^^^^^^^^^^^^^^^^^^^^^^^^^^^^^^^^^^^^^^^^^^,
E               File "/Users/arogers/github/WikiOracle/basicmodel/.venv/lib/python3.12/site-packages/torch/utils/_device.py", line 122, in __torch_function__,
E                 return func(*args, **kwargs),
E                        ^^^^^^^^^^^^^^^^^^^^^,
E             ,
E             },
E             stack_traces = {,
E               File "/Users/arogers/github/WikiOracle/basicmodel/bin/Models.py", line 12510, in _reconstruct_sentences,
E                 active = active & (ids == sentence_slot),
E                          ^^^^^^^^^^^^^^^^^^^^^^^^^^^^^^^,
E               File "/Users/arogers/github/WikiOracle/basicmodel/.venv/lib/python3.12/site-packages/torch/utils/_device.py", line 122, in __torch_function__,
E                 return func(*args, **kwargs),
E                        ^^^^^^^^^^^^^^^^^^^^^,
E             ,
E             },
E             stack_traces = {,
E               File "/Users/arogers/github/WikiOracle/basicmodel/bin/Models.py", line 12510, in _reconstruct_sentences,
E                 active = active & (ids == sentence_slot),
E                                    ^^^^^^^^^^^^^^^^^^^^^,
E               File "/Users/arogers/github/WikiOracle/basicmodel/.venv/lib/python3.12/site-packages/torch/utils/_device.py", line 122, in __torch_function__,
E                 return func(*args, **kwargs),
E                        ^^^^^^^^^^^^^^^^^^^^^,
E             ,
E             },
E             stack_traces = {,
E               File "/Users/arogers/github/WikiOracle/basicmodel/bin/Models.py", line 12500, in _reconstruct_sentences,
E                 ids = torch.zeros(B, W, dtype=torch.long, device=dev),
E                       ^^^^^^^^^^^^^^^^^^^^^^^^^^^^^^^^^^^^^^^^^^^^^^^,
E               File "/Users/arogers/github/WikiOracle/basicmodel/.venv/lib/python3.12/site-packages/torch/utils/_device.py", line 122, in __torch_function__,
E                 return func(*args, **kwargs),
E                        ^^^^^^^^^^^^^^^^^^^^^,
E             ,
E             }
E           ), _split_size=None, _original_inner_fn=None, _original_ranges=None, _original_reduction_ranges=None)
E         ))], constant_args=[s80, s13, s38, s98], kwargs={}, output_view=None, python_kernel_name=None, cpp_kernel_name=None, ordered_kwargs_for_cpp_kernel=(), op_overload=None, arg_properties=[{}, {}, {}, {}, {}, {}, {}, {}, {}, {}, {}, {}, {}, {}, {}, {}, {}, {}, {}, {}], allarg_properties={}, kwarg_properties=None, unbacked_bindings={}, mutation_outputs=[], carried_inputs=[TensorBox(StorageBox(
E           ComputedBuffer(name='buf5', layout=FlexibleLayout('cpu', torch.int64, size=[], stride=[]), data=Pointwise(
E             'cpu',
E             torch.int64,
E             def inner_fn(index):
E                 tmp0 = ops.constant(0, torch.int64)
E                 return tmp0
E             ,
E             ranges=[],
E             origin_node=full_default_6,
E             origins=OrderedSet([full_default_6]),
E             stack_traces = {,
E               File "/Users/arogers/github/WikiOracle/basicmodel/bin/Models.py", line 12626, in _reconstruct_sentences,
E                 (torch.zeros((), dtype=torch.long, device=dev),,
E                  ^^^^^^^^^^^^^^^^^^^^^^^^^^^^^^^^^^^^^^^^^^^^^^,
E               File "/Users/arogers/github/WikiOracle/basicmodel/.venv/lib/python3.12/site-packages/torch/utils/_device.py", line 122, in __torch_function__,
E                 return func(*args, **kwargs),
E                        ^^^^^^^^^^^^^^^^^^^^^,
E             ,
E             }
E           ), _split_size=None, _original_inner_fn=None, _original_ranges=None, _original_reduction_ranges=None)
E         )), TensorBox(StorageBox(
E           ComputedBuffer(name='buf6', layout=FixedLayout('cpu', torch.int64, size=[4, 8], stride=[8, 1]), data=Pointwise(
E             'cpu',
E             torch.int64,
E             def inner_fn(index):
E                 i0, i1 = index
E                 tmp0 = ops.constant(-1, torch.int64)
E                 return tmp0
E             ,
E             ranges=[4, 8],
E             origin_node=full_default_7,
E             origins=OrderedSet([full_default_7]),
E             stack_traces = {,
E               File "/Users/arogers/github/WikiOracle/basicmodel/bin/Models.py", line 12627, in _reconstruct_sentences,
E                 torch.full((B, cap), -1, dtype=torch.long, device=dev),,
E               File "/Users/arogers/github/WikiOracle/basicmodel/.venv/lib/python3.12/site-packages/torch/utils/_device.py", line 122, in __torch_function__,
E                 return func(*args, **kwargs),
E                        ^^^^^^^^^^^^^^^^^^^^^,
E             ,
E             }
E           ), _split_size=None, _original_inner_fn=None, _original_ranges=None, _original_reduction_ranges=None)
E         )), TensorBox(StorageBox(
E           ComputedBuffer(name='buf7', layout=FixedLayout('cpu', torch.int64, size=[4], stride=[1]), data=Pointwise(
E             'cpu',
E             torch.int64,
E             def inner_fn(index):
E                 i0 = index
E                 tmp0 = ops.constant(0, torch.int64)
E                 return tmp0
E             ,
E             ranges=[4],
E             origin_node=full_default_8,
E             origins=OrderedSet([full_default_8]),
E             stack_traces = {,
E               File "/Users/arogers/github/WikiOracle/basicmodel/bin/Models.py", line 12628, in _reconstruct_sentences,
E                 torch.zeros(B, dtype=torch.long, device=dev),,
E               File "/Users/arogers/github/WikiOracle/basicmodel/.venv/lib/python3.12/site-packages/torch/utils/_device.py", line 122, in __torch_function__,
E                 return func(*args, **kwargs),
E                        ^^^^^^^^^^^^^^^^^^^^^,
E             ,
E             }
E           ), _split_size=None, _original_inner_fn=None, _original_ranges=None, _original_reduction_ranges=None)
E         )), TensorBox(StorageBox(
E           ComputedBuffer(name='buf8', layout=FixedLayout('cpu', torch.int64, size=[4, s9], stride=[s80, 1]), data=Pointwise(
E             'cpu',
E             torch.int64,
E             def inner_fn(index):
E                 i0, i1 = index
E                 tmp0 = ops.constant(-1, torch.int64)
E                 return tmp0
E             ,
E             ranges=[4, s9],
E             origin_node=full_default_5,
E             origins=OrderedSet([full_default_5]),
E             stack_traces = {,
E               File "/Users/arogers/github/WikiOracle/basicmodel/bin/Models.py", line 12623, in _reconstruct_sentences,
E                 empty_positions = torch.full((B, steps), -1, dtype=torch.long, device=dev),
E                                   ^^^^^^^^^^^^^^^^^^^^^^^^^^^^^^^^^^^^^^^^^^^^^^^^^^^^^^^^,
E               File "/Users/arogers/github/WikiOracle/basicmodel/.venv/lib/python3.12/site-packages/torch/utils/_device.py", line 122, in __torch_function__,
E                 return func(*args, **kwargs),
E                        ^^^^^^^^^^^^^^^^^^^^^,
E             ,
E             }
E           ), _split_size=None, _original_inner_fn=None, _original_ranges=None, _original_reduction_ranges=None)
E         )), TensorBox(StorageBox(
E           ComputedBuffer(name='buf10', layout=FixedLayout('cpu', torch.int64, size=[4, s9], stride=[s80, 1]), data=Pointwise(
E             'cpu',
E             torch.int64,
E             def inner_fn(index):
E                 i0, i1 = index
E                 tmp0 = ops.constant(-1, torch.int64)
E                 return tmp0
E             ,
E             ranges=[4, s9],
E             origin_node=None,
E             origins=OrderedSet([while_loop, while_loop_cond_graph_0, whil...,
E             stack_traces = {,
E               File "/Users/arogers/github/WikiOracle/basicmodel/bin/Models.py", line 12624, in _reconstruct_sentences,
E                 _, _, _, occurrence_left, occurrence_right, malformed = _reconstruction_while_loop(,
E                                                                         ^^^^^^^^^^^^^^^^^^^^^^^^^^^,
E               File "/Users/arogers/github/WikiOracle/basicmodel/bin/Models.py", line 379, in _reconstruction_while_loop,
E                 return torch.while_loop(condition, body, values),
E                        ^^^^^^^^^^^^^^^^^^^^^^^^^^^^^^^^^^^^^^^^^,
E               File "/Users/arogers/github/WikiOracle/basicmodel/.venv/lib/python3.12/site-packages/torch/utils/_device.py", line 122, in __torch_function__,
E                 return func(*args, **kwargs),
E                        ^^^^^^^^^^^^^^^^^^^^^,
E             ,
E             },
E             stack_traces = {,
E               File "/Users/arogers/github/WikiOracle/basicmodel/bin/Models.py", line 12626, in _reconstruct_sentences,
E                 (torch.zeros((), dtype=torch.long, device=dev),,
E                  ^^^^^^^^^^^^^^^^^^^^^^^^^^^^^^^^^^^^^^^^^^^^^^,
E               File "/Users/arogers/github/WikiOracle/basicmodel/.venv/lib/python3.12/site-packages/torch/utils/_device.py", line 122, in __torch_function__,
E                 return func(*args, **kwargs),
E                        ^^^^^^^^^^^^^^^^^^^^^,
E             ,
E             },
E             stack_traces = {,
E               File "/Users/arogers/github/WikiOracle/basicmodel/bin/Models.py", line 12627, in _reconstruct_sentences,
E                 torch.full((B, cap), -1, dtype=torch.long, device=dev),,
E               File "/Users/arogers/github/WikiOracle/basicmodel/.venv/lib/python3.12/site-packages/torch/utils/_device.py", line 122, in __torch_function__,
E                 return func(*args, **kwargs),
E                        ^^^^^^^^^^^^^^^^^^^^^,
E             ,
E             },
E             stack_traces = {,
E               File "/Users/arogers/github/WikiOracle/basicmodel/bin/Models.py", line 12628, in _reconstruct_sentences,
E                 torch.zeros(B, dtype=torch.long, device=dev),,
E               File "/Users/arogers/github/WikiOracle/basicmodel/.venv/lib/python3.12/site-packages/torch/utils/_device.py", line 122, in __torch_function__,
E                 return func(*args, **kwargs),
E                        ^^^^^^^^^^^^^^^^^^^^^,
E             ,
E             },
E             stack_traces = {,
E               File "/Users/arogers/github/WikiOracle/basicmodel/bin/Models.py", line 12623, in _reconstruct_sentences,
E                 empty_positions = torch.full((B, steps), -1, dtype=torch.long, device=dev),
E                                   ^^^^^^^^^^^^^^^^^^^^^^^^^^^^^^^^^^^^^^^^^^^^^^^^^^^^^^^^,
E               File "/Users/arogers/github/WikiOracle/basicmodel/.venv/lib/python3.12/site-packages/torch/utils/_device.py", line 122, in __torch_function__,
E                 return func(*args, **kwargs),
E                        ^^^^^^^^^^^^^^^^^^^^^,
E             ,
E             },
E             stack_traces = {,
E               File "/Users/arogers/github/WikiOracle/basicmodel/bin/Models.py", line 12630, in _reconstruct_sentences,
E                 torch.zeros(B, dtype=torch.bool, device=dev))),
E               File "/Users/arogers/github/WikiOracle/basicmodel/.venv/lib/python3.12/site-packages/torch/utils/_device.py", line 122, in __torch_function__,
E                 return func(*args, **kwargs),
E                        ^^^^^^^^^^^^^^^^^^^^^,
E             ,
E             },
E             stack_traces = {,
E               File "/Users/arogers/github/WikiOracle/basicmodel/bin/Models.py", line 12564, in _reconstruct_sentences,
E                 bound = (torch.where(active, positions, -1).amax() + 1).clamp_min(0),
E                         ^^^^^^^^^^^^^^^^^^^^^^^^^^^^^^^^^^^^^^^^^^^^^^^^^^^^^^^^^^^^,
E               File "/Users/arogers/github/WikiOracle/basicmodel/.venv/lib/python3.12/site-packages/torch/utils/_device.py", line 122, in __torch_function__,
E                 return func(*args, **kwargs),
E                        ^^^^^^^^^^^^^^^^^^^^^,
E             ,
E             },
E             stack_traces = {,
E               File "/Users/arogers/github/WikiOracle/basicmodel/bin/Models.py", line 12564, in _reconstruct_sentences,
E                 bound = (torch.where(active, positions, -1).amax() + 1).clamp_min(0),
E                          ^^^^^^^^^^^^^^^^^^^^^^^^^^^^^^^^^^^^^^^^^^^^^^^^^^^^^^^^^^^,
E               File "/Users/arogers/github/WikiOracle/basicmodel/.venv/lib/python3.12/site-packages/torch/utils/_device.py", line 122, in __torch_function__,
E                 return func(*args, **kwargs),
E                        ^^^^^^^^^^^^^^^^^^^^^,
E             ,
E             },
E             stack_traces = {,
E               File "/Users/arogers/github/WikiOracle/basicmodel/bin/Models.py", line 12510, in _reconstruct_sentences,
E                 active = active & (ids == sentence_slot),
E                          ^^^^^^^^^^^^^^^^^^^^^^^^^^^^^^^,
E               File "/Users/arogers/github/WikiOracle/basicmodel/.venv/lib/python3.12/site-packages/torch/utils/_device.py", line 122, in __torch_function__,
E                 return func(*args, **kwargs),
E                        ^^^^^^^^^^^^^^^^^^^^^,
E             ,
E             },
E             stack_traces = {,
E               File "/Users/arogers/github/WikiOracle/basicmodel/bin/Models.py", line 12510, in _reconstruct_sentences,
E                 active = active & (ids == sentence_slot),
E                                    ^^^^^^^^^^^^^^^^^^^^^,
E               File "/Users/arogers/github/WikiOracle/basicmodel/.venv/lib/python3.12/site-packages/torch/utils/_device.py", line 122, in __torch_function__,
E                 return func(*args, **kwargs),
E                        ^^^^^^^^^^^^^^^^^^^^^,
E             ,
E             },
E             stack_traces = {,
E               File "/Users/arogers/github/WikiOracle/basicmodel/bin/Models.py", line 12500, in _reconstruct_sentences,
E                 ids = torch.zeros(B, W, dtype=torch.long, device=dev),
E                       ^^^^^^^^^^^^^^^^^^^^^^^^^^^^^^^^^^^^^^^^^^^^^^^,
E               File "/Users/arogers/github/WikiOracle/basicmodel/.venv/lib/python3.12/site-packages/torch/utils/_device.py", line 122, in __torch_function__,
E                 return func(*args, **kwargs),
E                        ^^^^^^^^^^^^^^^^^^^^^,
E             ,
E             },
E             stack_traces = {,
E               File "/Users/arogers/github/WikiOracle/basicmodel/bin/Models.py", line 12507, in _reconstruct_sentences,
E                 is_end = torch.logical_and(active, torch.logical_not(cont))       # [B, W],
E                          ^^^^^^^^^^^^^^^^^^^^^^^^^^^^^^^^^^^^^^^^^^^^^^^^^^^^^^^^^^^^^^^^^,
E               File "/Users/arogers/github/WikiOracle/basicmodel/.venv/lib/python3.12/site-packages/torch/utils/_device.py", line 122, in __torch_function__,
E                 return func(*args, **kwargs),
E                        ^^^^^^^^^^^^^^^^^^^^^,
E             ,
E             },
E             stack_traces = {,
E               File "/Users/arogers/github/WikiOracle/basicmodel/bin/Models.py", line 12507, in _reconstruct_sentences,
E                 is_end = torch.logical_and(active, torch.logical_not(cont))       # [B, W],
E                                                    ^^^^^^^^^^^^^^^^^^^^^^^^^^^^^^^^^^^^^^^,
E               File "/Users/arogers/github/WikiOracle/basicmodel/.venv/lib/python3.12/site-packages/torch/utils/_device.py", line 122, in __torch_function__,
E                 return func(*args, **kwargs),
E                        ^^^^^^^^^^^^^^^^^^^^^,
E             ,
E             },
E             stack_traces = {,
E               File "/Users/arogers/github/WikiOracle/basicmodel/bin/Models.py", line 12511, in _reconstruct_sentences,
E                 leaves = active & leaf_mask if torch.is_tensor(leaf_mask) else active,
E                          ^^^^^^^^^^^^^^^^^^^^^^^^^^^^^^^^^^^^^^^^^^^^^^^^^^^^^^^^^^^^,
E               File "/Users/arogers/github/WikiOracle/basicmodel/.venv/lib/python3.12/site-packages/torch/utils/_device.py", line 122, in __torch_function__,
E                 return func(*args, **kwargs),
E                        ^^^^^^^^^^^^^^^^^^^^^,
E             ,
E             }
E           ), _split_size=None, _original_inner_fn=None, _original_ranges=None, _original_reduction_ranges=None)
E         )), TensorBox(StorageBox(
E           ComputedBuffer(name='buf9', layout=FixedLayout('cpu', torch.bool, size=[4], stride=[1]), data=Pointwise(
E             'cpu',
E             torch.bool,
E             def inner_fn(index):
E                 i0 = index
E                 tmp0 = ops.constant(False, torch.bool)
E                 return tmp0
E             ,
E             ranges=[4],
E             origin_node=full_default_9,
E             origins=OrderedSet([full_default_9]),
E             stack_traces = {,
E               File "/Users/arogers/github/WikiOracle/basicmodel/bin/Models.py", line 12630, in _reconstruct_sentences,
E                 torch.zeros(B, dtype=torch.bool, device=dev))),
E               File "/Users/arogers/github/WikiOracle/basicmodel/.venv/lib/python3.12/site-packages/torch/utils/_device.py", line 122, in __torch_function__,
E                 return func(*args, **kwargs),
E                        ^^^^^^^^^^^^^^^^^^^^^,
E             ,
E             }
E           ), _split_size=None, _original_inner_fn=None, _original_ranges=None, _original_reduction_ranges=None)
E         ))], additional_inputs=[ShapeAsConstantBuffer(expr=s80), TensorBox(StorageBox(
E           ComputedBuffer(name='buf11', layout=FlexibleLayout('cpu', torch.int64, size=[], stride=[]), data=Pointwise(
E             'cpu',
E             torch.int64,
E             def inner_fn(index):
E                 tmp0 = ops.load(buf0, 0)
E                 tmp1 = ops.constant(1, torch.int64)
E                 tmp2 = tmp0 + tmp1
E                 tmp3 = ops.constant(0, torch.int64)
E                 tmp4 = ops.maximum(tmp2, tmp3)
E                 return tmp4
E             ,
E             ranges=[],
E             origin_node=clamp_min_1,
E             origins=OrderedSet([clamp_min_1, add_192]),
E             stack_traces = {,
E               File "/Users/arogers/github/WikiOracle/basicmodel/bin/Models.py", line 12564, in _reconstruct_sentences,
E                 bound = (torch.where(active, positions, -1).amax() + 1).clamp_min(0),
E                         ^^^^^^^^^^^^^^^^^^^^^^^^^^^^^^^^^^^^^^^^^^^^^^^^^^^^^^^^^^^^,
E               File "/Users/arogers/github/WikiOracle/basicmodel/.venv/lib/python3.12/site-packages/torch/utils/_device.py", line 122, in __torch_function__,
E                 return func(*args, **kwargs),
E                        ^^^^^^^^^^^^^^^^^^^^^,
E             ,
E             },
E             stack_traces = {,
E               File "/Users/arogers/github/WikiOracle/basicmodel/bin/Models.py", line 12564, in _reconstruct_sentences,
E                 bound = (torch.where(active, positions, -1).amax() + 1).clamp_min(0),
E                          ^^^^^^^^^^^^^^^^^^^^^^^^^^^^^^^^^^^^^^^^^^^^^^^^^^^^^^^^^^^,
E               File "/Users/arogers/github/WikiOracle/basicmodel/.venv/lib/python3.12/site-packages/torch/utils/_device.py", line 122, in __torch_function__,
E                 return func(*args, **kwargs),
E                        ^^^^^^^^^^^^^^^^^^^^^,
E             ,
E             }
E           ), _split_size=None, _original_inner_fn=None, _original_ranges=None, _original_reduction_ranges=None)
E         )), TensorBox(StorageBox(
E           ComputedBuffer(name='buf12', layout=FixedLayout('cpu', torch.bool, size=[4, s38], stride=[s38, 1]), data=Pointwise(
E             'cpu',
E             torch.bool,
E             def inner_fn(index):
E                 i0, i1 = index
E                 tmp0 = ops.load(arg14_1, i1 + i0 * s38)
E                 tmp1 = ops.constant(0, torch.int64)
E                 tmp2 = ops.load(arg17_1, 0)
E                 tmp3 = tmp1 == tmp2
E                 tmp4 = ops.bitwise_and(tmp0, tmp3)
E                 return tmp4
E             ,
E             ranges=[4, s38],
E             origin_node=bitwise_and,
E             origins=OrderedSet([bitwise_and, eq_25, full_default]),
E             stack_traces = {,
E               File "/Users/arogers/github/WikiOracle/basicmodel/bin/Models.py", line 12510, in _reconstruct_sentences,
E                 active = active & (ids == sentence_slot),
E                          ^^^^^^^^^^^^^^^^^^^^^^^^^^^^^^^,
E               File "/Users/arogers/github/WikiOracle/basicmodel/.venv/lib/python3.12/site-packages/torch/utils/_device.py", line 122, in __torch_function__,
E                 return func(*args, **kwargs),
E                        ^^^^^^^^^^^^^^^^^^^^^,
E             ,
E             },
E             stack_traces = {,
E               File "/Users/arogers/github/WikiOracle/basicmodel/bin/Models.py", line 12510, in _reconstruct_sentences,
E                 active = active & (ids == sentence_slot),
E                                    ^^^^^^^^^^^^^^^^^^^^^,
E               File "/Users/arogers/github/WikiOracle/basicmodel/.venv/lib/python3.12/site-packages/torch/utils/_device.py", line 122, in __torch_function__,
E                 return func(*args, **kwargs),
E                        ^^^^^^^^^^^^^^^^^^^^^,
E             ,
E             },
E             stack_traces = {,
E               File "/Users/arogers/github/WikiOracle/basicmodel/bin/Models.py", line 12500, in _reconstruct_sentences,
E                 ids = torch.zeros(B, W, dtype=torch.long, device=dev),
E                       ^^^^^^^^^^^^^^^^^^^^^^^^^^^^^^^^^^^^^^^^^^^^^^^,
E               File "/Users/arogers/github/WikiOracle/basicmodel/.venv/lib/python3.12/site-packages/torch/utils/_device.py", line 122, in __torch_function__,
E                 return func(*args, **kwargs),
E                        ^^^^^^^^^^^^^^^^^^^^^,
E             ,
E             }
E           ), _split_size=None, _original_inner_fn=None, _original_ranges=None, _original_reduction_ranges=None)
E         )), TensorBox(StorageBox(
E           ComputedBuffer(name='buf13', layout=FixedLayout('cpu', torch.int64, size=[4, s71], stride=[s38, 1]), data=Pointwise(
E             'cpu',
E             torch.int64,
E             def inner_fn(index):
E                 i0, i1 = index
E                 tmp0 = ops.constant(0, torch.int64)
E                 return tmp0
E             ,
E             ranges=[4, s71],
E             origin_node=full_default,
E             origins=OrderedSet([full_default]),
E             stack_traces = {,
E               File "/Users/arogers/github/WikiOracle/basicmodel/bin/Models.py", line 12500, in _reconstruct_sentences,
E                 ids = torch.zeros(B, W, dtype=torch.long, device=dev),
E                       ^^^^^^^^^^^^^^^^^^^^^^^^^^^^^^^^^^^^^^^^^^^^^^^,
E               File "/Users/arogers/github/WikiOracle/basicmodel/.venv/lib/python3.12/site-packages/torch/utils/_device.py", line 122, in __torch_function__,
E                 return func(*args, **kwargs),
E                        ^^^^^^^^^^^^^^^^^^^^^,
E             ,
E             }
E           ), _split_size=None, _original_inner_fn=None, _original_ranges=None, _original_reduction_ranges=None)
E         )), TensorBox(StorageBox(
E           ComputedBuffer(name='buf14', layout=FixedLayout('cpu', torch.bool, size=[4, s38], stride=[s38, 1]), data=Pointwise(
E             'cpu',
E             torch.bool,
E             def inner_fn(index):
E                 i0, i1 = index
E                 tmp0 = ops.load(arg14_1, i1 + i0 * s38)
E                 tmp1 = ops.load(buf3, i1 + i0 * s71)
E                 tmp2 = ops.logical_not(tmp1)
E                 tmp3 = ops.logical_and(tmp0, tmp2)
E                 return tmp3
E             ,
E             ranges=[4, s38],
E             origin_node=logical_and_1,
E             origins=OrderedSet([logical_and_1, logical_not]),
E             stack_traces = {,
E               File "/Users/arogers/github/WikiOracle/basicmodel/bin/Models.py", line 12507, in _reconstruct_sentences,
E                 is_end = torch.logical_and(active, torch.logical_not(cont))       # [B, W],
E                          ^^^^^^^^^^^^^^^^^^^^^^^^^^^^^^^^^^^^^^^^^^^^^^^^^^^^^^^^^^^^^^^^^,
E               File "/Users/arogers/github/WikiOracle/basicmodel/.venv/lib/python3.12/site-packages/torch/utils/_device.py", line 122, in __torch_function__,
E                 return func(*args, **kwargs),
E                        ^^^^^^^^^^^^^^^^^^^^^,
E             ,
E             },
E             stack_traces = {,
E               File "/Users/arogers/github/WikiOracle/basicmodel/bin/Models.py", line 12507, in _reconstruct_sentences,
E                 is_end = torch.logical_and(active, torch.logical_not(cont))       # [B, W],
E                                                    ^^^^^^^^^^^^^^^^^^^^^^^^^^^^^^^^^^^^^^^,
E               File "/Users/arogers/github/WikiOracle/basicmodel/.venv/lib/python3.12/site-packages/torch/utils/_device.py", line 122, in __torch_function__,
E                 return func(*args, **kwargs),
E                        ^^^^^^^^^^^^^^^^^^^^^,
E             ,
E             }
E           ), _split_size=None, _original_inner_fn=None, _original_ranges=None, _original_reduction_ranges=None)
E         )), TensorBox(StorageBox(
E           InputBuffer(name='arg7_1', layout=FixedLayout('cpu', torch.int64, size=[4], stride=[1]))
E         )), TensorBox(StorageBox(
E           InputBuffer(name='arg8_1', layout=FixedLayout('cpu', torch.int64, size=[4, 1], stride=[1, 1]))
E         )), TensorBox(StorageBox(
E           InputBuffer(name='arg21_1', layout=FixedLayout('cpu', torch.int64, size=[s13], stride=[1]))
E         )), TensorBox(StorageBox(
E           InputBuffer(name='arg24_1', layout=FixedLayout('cpu', torch.int8, size=[4, s80], stride=[s80, 1]))
E         )), TensorBox(StorageBox(
E           InputBuffer(name='arg22_1', layout=FixedLayout('cpu', torch.bool, size=[4, s80], stride=[s80, 1]))
E         )), TensorBox(StorageBox(
E           InputBuffer(name='arg36_1', layout=FixedLayout('cpu', torch.int64, size=[4, s98], stride=[s98, 1]))
E         )), TensorBox(StorageBox(
E           InputBuffer(name='arg10_1', layout=FixedLayout('cpu', torch.int64, size=[4, s80], stride=[s80, 1]))
E         )), TensorBox(StorageBox(
E           InputBuffer(name='arg34_1', layout=FixedLayout('cpu', torch.int64, size=[1], stride=[1]))
E         )), TensorBox(StorageBox(
E           ComputedBuffer(name='buf4', layout=FixedLayout('cpu', torch.int64, size=[4], stride=[1]), data=Reduction(
E             'cpu',
E             torch.int64,
E             def inner_fn(index, rindex):
E                 i0 = index
E                 r0_0 = rindex
E                 tmp0 = ops.load(arg14_1, r0_0 + i0 * s38)
E                 tmp1 = ops.index_expr(r0_0, torch.int64)
E                 tmp2 = ops.constant(-1, torch.int64)
E                 tmp3 = ops.where(tmp0, tmp1, tmp2)
E                 return tmp3
E             ,
E             ranges=[4],
E             reduction_ranges=[s38],
E             reduction_type=max,
E             origin_node=amax,
E             origins=OrderedSet([amax, where, view, iota, full_default_2]),
E             stack_traces = {,
E               File "/Users/arogers/github/WikiOracle/basicmodel/bin/Models.py", line 12508, in _reconstruct_sentences,
E                 last_index = torch.where(active, positions, torch.full_like(positions, -1)).amax(dim=1),
E                              ^^^^^^^^^^^^^^^^^^^^^^^^^^^^^^^^^^^^^^^^^^^^^^^^^^^^^^^^^^^^^^^^^^^^^^^^^^,
E               File "/Users/arogers/github/WikiOracle/basicmodel/.venv/lib/python3.12/site-packages/torch/utils/_device.py", line 122, in __torch_function__,
E                 return func(*args, **kwargs),
E                        ^^^^^^^^^^^^^^^^^^^^^,
E             ,
E             },
E             stack_traces = {,
E               File "/Users/arogers/github/WikiOracle/basicmodel/bin/Models.py", line 12501, in _reconstruct_sentences,
E                 positions = torch.arange(W, device=dev).reshape(1, W),
E                             ^^^^^^^^^^^^^^^^^^^^^^^^^^^^^^^^^^^^^^^^^,
E               File "/Users/arogers/github/WikiOracle/basicmodel/.venv/lib/python3.12/site-packages/torch/utils/_device.py", line 122, in __torch_function__,
E                 return func(*args, **kwargs),
E                        ^^^^^^^^^^^^^^^^^^^^^,
E             ,
E             },
E             stack_traces = {,
E               File "/Users/arogers/github/WikiOracle/basicmodel/bin/Models.py", line 12508, in _reconstruct_sentences,
E                 last_index = torch.where(active, positions, torch.full_like(positions, -1)).amax(dim=1),
E                                                             ^^^^^^^^^^^^^^^^^^^^^^^^^^^^^^^^^^^^^^^^^^^,
E               File "/Users/arogers/github/WikiOracle/basicmodel/.venv/lib/python3.12/site-packages/torch/utils/_device.py", line 122, in __torch_function__,
E                 return func(*args, **kwargs),
E                        ^^^^^^^^^^^^^^^^^^^^^,
E             ,
E             }
E           ), _split_size=None, _original_inner_fn=None, _original_ranges=None, _original_reduction_ranges=None)
E         )), TensorBox(StorageBox(
E           ComputedBuffer(name='buf15', layout=FixedLayout('cpu', torch.bool, size=[4, s38], stride=[s38, 1]), data=Pointwise(
E             'cpu',
E             torch.bool,
E             def inner_fn(index):
E                 i0, i1 = index
E                 tmp0 = ops.load(arg14_1, i1 + i0 * s38)
E                 tmp1 = ops.constant(0, torch.int64)
E                 tmp2 = ops.load(arg17_1, 0)
E                 tmp3 = tmp1 == tmp2
E                 tmp4 = ops.bitwise_and(tmp0, tmp3)
E                 tmp5 = ops.load(arg19_1, i1 + i0 * s38)
E                 tmp6 = ops.bitwise_and(tmp4, tmp5)
E                 return tmp6
E             ,
E             ranges=[4, s38],
E             origin_node=bitwise_and_1,
E             origins=OrderedSet([bitwise_and_1, bitwise_and, eq_25, full_d...,
E             stack_traces = {,
E               File "/Users/arogers/github/WikiOracle/basicmodel/bin/Models.py", line 12511, in _reconstruct_sentences,
E                 leaves = active & leaf_mask if torch.is_tensor(leaf_mask) else active,
E                          ^^^^^^^^^^^^^^^^^^^^^^^^^^^^^^^^^^^^^^^^^^^^^^^^^^^^^^^^^^^^,
E               File "/Users/arogers/github/WikiOracle/basicmodel/.venv/lib/python3.12/site-packages/torch/utils/_device.py", line 122, in __torch_function__,
E                 return func(*args, **kwargs),
E                        ^^^^^^^^^^^^^^^^^^^^^,
E             ,
E             },
E             stack_traces = {,
E               File "/Users/arogers/github/WikiOracle/basicmodel/bin/Models.py", line 12510, in _reconstruct_sentences,
E                 active = active & (ids == sentence_slot),
E                          ^^^^^^^^^^^^^^^^^^^^^^^^^^^^^^^,
E               File "/Users/arogers/github/WikiOracle/basicmodel/.venv/lib/python3.12/site-packages/torch/utils/_device.py", line 122, in __torch_function__,
E                 return func(*args, **kwargs),
E                        ^^^^^^^^^^^^^^^^^^^^^,
E             ,
E             },
E             stack_traces = {,
E               File "/Users/arogers/github/WikiOracle/basicmodel/bin/Models.py", line 12510, in _reconstruct_sentences,
E                 active = active & (ids == sentence_slot),
E                                    ^^^^^^^^^^^^^^^^^^^^^,
E               File "/Users/arogers/github/WikiOracle/basicmodel/.venv/lib/python3.12/site-packages/torch/utils/_device.py", line 122, in __torch_function__,
E                 return func(*args, **kwargs),
E                        ^^^^^^^^^^^^^^^^^^^^^,
E             ,
E             },
E             stack_traces = {,
E               File "/Users/arogers/github/WikiOracle/basicmodel/bin/Models.py", line 12500, in _reconstruct_sentences,
E                 ids = torch.zeros(B, W, dtype=torch.long, device=dev),
E                       ^^^^^^^^^^^^^^^^^^^^^^^^^^^^^^^^^^^^^^^^^^^^^^^,
E               File "/Users/arogers/github/WikiOracle/basicmodel/.venv/lib/python3.12/site-packages/torch/utils/_device.py", line 122, in __torch_function__,
E                 return func(*args, **kwargs),
E                        ^^^^^^^^^^^^^^^^^^^^^,
E             ,
E             }
E           ), _split_size=None, _original_inner_fn=None, _original_ranges=None, _original_reduction_ranges=None)
E         )), ShapeAsConstantBuffer(expr=s13), ShapeAsConstantBuffer(expr=s38), ShapeAsConstantBuffer(expr=s98)], cond_subgraph=Subgraph(name='while_loop_cond_graph_0', graph_module=<lambda>(), inductor_config_patches=None, graph=<torch._inductor.graph.SubgraphLowering object at 0x16e6a9250>), body_subgraph=Subgraph(name='while_loop_body_graph_0', graph_module=<lambda>(), inductor_config_patches=None, graph=<torch._inductor.graph.SubgraphLowering object at 0x16e82e3f0>), outputs=[MultiOutput(
E           python_kernel_name=None,
E           name=buf17,
E           layout=FixedLayout('cpu', torch.int64, size=[], stride=[]),
E           inputs=[...],
E           constant_args=(),
E           kwargs={},
E           output_view=None,
E           python_kernel_name=None,
E           cpp_kernel_name=None,
E           ordered_kwargs_for_cpp_kernel=(),
E           op_overload=None,
E           arg_properties=[{}],
E           allarg_properties={},
E           kwarg_properties=None,
E           unbacked_bindings={},
E           mutation_outputs=[],
E           origin_node=None,
E           origins=OrderedSet([while_loop, while_loop_cond_graph_0, whil...,
E           stack_traces = {,
E             File "/Users/arogers/github/WikiOracle/basicmodel/bin/Models.py", line 12624, in _reconstruct_sentences,
E               _, _, _, occurrence_left, occurrence_right, malformed = _reconstruction_while_loop(,
E                                                                       ^^^^^^^^^^^^^^^^^^^^^^^^^^^,
E             File "/Users/arogers/github/WikiOracle/basicmodel/bin/Models.py", line 379, in _reconstruction_while_loop,
E               return torch.while_loop(condition, body, values),
E                      ^^^^^^^^^^^^^^^^^^^^^^^^^^^^^^^^^^^^^^^^^,
E             File "/Users/arogers/github/WikiOracle/basicmodel/.venv/lib/python3.12/site-packages/torch/utils/_device.py", line 122, in __torch_function__,
E               return func(*args, **kwargs),
E                      ^^^^^^^^^^^^^^^^^^^^^,
E           ,
E           },
E           stack_traces = {,
E             File "/Users/arogers/github/WikiOracle/basicmodel/bin/Models.py", line 12626, in _reconstruct_sentences,
E               (torch.zeros((), dtype=torch.long, device=dev),,
E                ^^^^^^^^^^^^^^^^^^^^^^^^^^^^^^^^^^^^^^^^^^^^^^,
E             File "/Users/arogers/github/WikiOracle/basicmodel/.venv/lib/python3.12/site-packages/torch/utils/_device.py", line 122, in __torch_function__,
E               return func(*args, **kwargs),
E                      ^^^^^^^^^^^^^^^^^^^^^,
E           ,
E           },
E           stack_traces = {,
E             File "/Users/arogers/github/WikiOracle/basicmodel/bin/Models.py", line 12627, in _reconstruct_sentences,
E               torch.full((B, cap), -1, dtype=torch.long, device=dev),,
E             File "/Users/arogers/github/WikiOracle/basicmodel/.venv/lib/python3.12/site-packages/torch/utils/_device.py", line 122, in __torch_function__,
E               return func(*args, **kwargs),
E                      ^^^^^^^^^^^^^^^^^^^^^,
E           ,
E           },
E           stack_traces = {,
E             File "/Users/arogers/github/WikiOracle/basicmodel/bin/Models.py", line 12628, in _reconstruct_sentences,
E               torch.zeros(B, dtype=torch.long, device=dev),,
E             File "/Users/arogers/github/WikiOracle/basicmodel/.venv/lib/python3.12/site-packages/torch/utils/_device.py", line 122, in __torch_function__,
E               return func(*args, **kwargs),
E                      ^^^^^^^^^^^^^^^^^^^^^,
E           ,
E           },
E           stack_traces = {,
E             File "/Users/arogers/github/WikiOracle/basicmodel/bin/Models.py", line 12623, in _reconstruct_sentences,
E               empty_positions = torch.full((B, steps), -1, dtype=torch.long, device=dev),
E                                 ^^^^^^^^^^^^^^^^^^^^^^^^^^^^^^^^^^^^^^^^^^^^^^^^^^^^^^^^,
E             File "/Users/arogers/github/WikiOracle/basicmodel/.venv/lib/python3.12/site-packages/torch/utils/_device.py", line 122, in __torch_function__,
E               return func(*args, **kwargs),
E                      ^^^^^^^^^^^^^^^^^^^^^,
E           ,
E           },
E           stack_traces = {,
E             File "/Users/arogers/github/WikiOracle/basicmodel/bin/Models.py", line 12630, in _reconstruct_sentences,
E               torch.zeros(B, dtype=torch.bool, device=dev))),
E             File "/Users/arogers/github/WikiOracle/basicmodel/.venv/lib/python3.12/site-packages/torch/utils/_device.py", line 122, in __torch_function__,
E               return func(*args, **kwargs),
E                      ^^^^^^^^^^^^^^^^^^^^^,
E           ,
E           },
E           stack_traces = {,
E             File "/Users/arogers/github/WikiOracle/basicmodel/bin/Models.py", line 12564, in _reconstruct_sentences,
E               bound = (torch.where(active, positions, -1).amax() + 1).clamp_min(0),
E                       ^^^^^^^^^^^^^^^^^^^^^^^^^^^^^^^^^^^^^^^^^^^^^^^^^^^^^^^^^^^^,
E             File "/Users/arogers/github/WikiOracle/basicmodel/.venv/lib/python3.12/site-packages/torch/utils/_device.py", line 122, in __torch_function__,
E               return func(*args, **kwargs),
E                      ^^^^^^^^^^^^^^^^^^^^^,
E           ,
E           },
E           stack_traces = {,
E             File "/Users/arogers/github/WikiOracle/basicmodel/bin/Models.py", line 12564, in _reconstruct_sentences,
E               bound = (torch.where(active, positions, -1).amax() + 1).clamp_min(0),
E                        ^^^^^^^^^^^^^^^^^^^^^^^^^^^^^^^^^^^^^^^^^^^^^^^^^^^^^^^^^^^,
E             File "/Users/arogers/github/WikiOracle/basicmodel/.venv/lib/python3.12/site-packages/torch/utils/_device.py", line 122, in __torch_function__,
E               return func(*args, **kwargs),
E                      ^^^^^^^^^^^^^^^^^^^^^,
E           ,
E           },
E           stack_traces = {,
E             File "/Users/arogers/github/WikiOracle/basicmodel/bin/Models.py", line 12510, in _reconstruct_sentences,
E               active = active & (ids == sentence_slot),
E                        ^^^^^^^^^^^^^^^^^^^^^^^^^^^^^^^,
E             File "/Users/arogers/github/WikiOracle/basicmodel/.venv/lib/python3.12/site-packages/torch/utils/_device.py", line 122, in __torch_function__,
E               return func(*args, **kwargs),
E                      ^^^^^^^^^^^^^^^^^^^^^,
E           ,
E           },
E           stack_traces = {,
E             File "/Users/arogers/github/WikiOracle/basicmodel/bin/Models.py", line 12510, in _reconstruct_sentences,
E               active = active & (ids == sentence_slot),
E                                  ^^^^^^^^^^^^^^^^^^^^^,
E             File "/Users/arogers/github/WikiOracle/basicmodel/.venv/lib/python3.12/site-packages/torch/utils/_device.py", line 122, in __torch_function__,
E               return func(*args, **kwargs),
E                      ^^^^^^^^^^^^^^^^^^^^^,
E           ,
E           },
E           stack_traces = {,
E             File "/Users/arogers/github/WikiOracle/basicmodel/bin/Models.py", line 12500, in _reconstruct_sentences,
E               ids = torch.zeros(B, W, dtype=torch.long, device=dev),
E                     ^^^^^^^^^^^^^^^^^^^^^^^^^^^^^^^^^^^^^^^^^^^^^^^,
E             File "/Users/arogers/github/WikiOracle/basicmodel/.venv/lib/python3.12/site-packages/torch/utils/_device.py", line 122, in __torch_function__,
E               return func(*args, **kwargs),
E                      ^^^^^^^^^^^^^^^^^^^^^,
E           ,
E           },
E           stack_traces = {,
E             File "/Users/arogers/github/WikiOracle/basicmodel/bin/Models.py", line 12507, in _reconstruct_sentences,
E               is_end = torch.logical_and(active, torch.logical_not(cont))       # [B, W],
E                        ^^^^^^^^^^^^^^^^^^^^^^^^^^^^^^^^^^^^^^^^^^^^^^^^^^^^^^^^^^^^^^^^^,
E             File "/Users/arogers/github/WikiOracle/basicmodel/.venv/lib/python3.12/site-packages/torch/utils/_device.py", line 122, in __torch_function__,
E               return func(*args, **kwargs),
E                      ^^^^^^^^^^^^^^^^^^^^^,
E           ,
E           },
E           stack_traces = {,
E             File "/Users/arogers/github/WikiOracle/basicmodel/bin/Models.py", line 12507, in _reconstruct_sentences,
E               is_end = torch.logical_and(active, torch.logical_not(cont))       # [B, W],
E                                                  ^^^^^^^^^^^^^^^^^^^^^^^^^^^^^^^^^^^^^^^,
E             File "/Users/arogers/github/WikiOracle/basicmodel/.venv/lib/python3.12/site-packages/torch/utils/_device.py", line 122, in __torch_function__,
E               return func(*args, **kwargs),
E                      ^^^^^^^^^^^^^^^^^^^^^,
E           ,
E           },
E           stack_traces = {,
E             File "/Users/arogers/github/WikiOracle/basicmodel/bin/Models.py", line 12511, in _reconstruct_sentences,
E               leaves = active & leaf_mask if torch.is_tensor(leaf_mask) else active,
E                        ^^^^^^^^^^^^^^^^^^^^^^^^^^^^^^^^^^^^^^^^^^^^^^^^^^^^^^^^^^^^,
E             File "/Users/arogers/github/WikiOracle/basicmodel/.venv/lib/python3.12/site-packages/torch/utils/_device.py", line 122, in __torch_function__,
E               return func(*args, **kwargs),
E                      ^^^^^^^^^^^^^^^^^^^^^,
E           ,
E           }
E         ), MultiOutput(
E           python_kernel_name=None,
E           name=buf18,
E           layout=FixedLayout('cpu', torch.int64, size=[4, 8], stride=[8, 1]),
E           inputs=[...],
E           constant_args=(),
E           kwargs={},
E           output_view=None,
E           python_kernel_name=None,
E           cpp_kernel_name=None,
E           ordered_kwargs_for_cpp_kernel=(),
E           op_overload=None,
E           arg_properties=[{}],
E           allarg_properties={},
E           kwarg_properties=None,
E           unbacked_bindings={},
E           mutation_outputs=[],
E           origin_node=None,
E           origins=OrderedSet([while_loop, while_loop_cond_graph_0, whil...,
E           stack_traces = {,
E             File "/Users/arogers/github/WikiOracle/basicmodel/bin/Models.py", line 12624, in _reconstruct_sentences,
E               _, _, _, occurrence_left, occurrence_right, malformed = _reconstruction_while_loop(,
E                                                                       ^^^^^^^^^^^^^^^^^^^^^^^^^^^,
E             File "/Users/arogers/github/WikiOracle/basicmodel/bin/Models.py", line 379, in _reconstruction_while_loop,
E               return torch.while_loop(condition, body, values),
E                      ^^^^^^^^^^^^^^^^^^^^^^^^^^^^^^^^^^^^^^^^^,
E             File "/Users/arogers/github/WikiOracle/basicmodel/.venv/lib/python3.12/site-packages/torch/utils/_device.py", line 122, in __torch_function__,
E               return func(*args, **kwargs),
E                      ^^^^^^^^^^^^^^^^^^^^^,
E           ,
E           },
E           stack_traces = {,
E             File "/Users/arogers/github/WikiOracle/basicmodel/bin/Models.py", line 12626, in _reconstruct_sentences,
E               (torch.zeros((), dtype=torch.long, device=dev),,
E                ^^^^^^^^^^^^^^^^^^^^^^^^^^^^^^^^^^^^^^^^^^^^^^,
E             File "/Users/arogers/github/WikiOracle/basicmodel/.venv/lib/python3.12/site-packages/torch/utils/_device.py", line 122, in __torch_function__,
E               return func(*args, **kwargs),
E                      ^^^^^^^^^^^^^^^^^^^^^,
E           ,
E           },
E           stack_traces = {,
E             File "/Users/arogers/github/WikiOracle/basicmodel/bin/Models.py", line 12627, in _reconstruct_sentences,
E               torch.full((B, cap), -1, dtype=torch.long, device=dev),,
E             File "/Users/arogers/github/WikiOracle/basicmodel/.venv/lib/python3.12/site-packages/torch/utils/_device.py", line 122, in __torch_function__,
E               return func(*args, **kwargs),
E                      ^^^^^^^^^^^^^^^^^^^^^,
E           ,
E           },
E           stack_traces = {,
E             File "/Users/arogers/github/WikiOracle/basicmodel/bin/Models.py", line 12628, in _reconstruct_sentences,
E               torch.zeros(B, dtype=torch.long, device=dev),,
E             File "/Users/arogers/github/WikiOracle/basicmodel/.venv/lib/python3.12/site-packages/torch/utils/_device.py", line 122, in __torch_function__,
E               return func(*args, **kwargs),
E                      ^^^^^^^^^^^^^^^^^^^^^,
E           ,
E           },
E           stack_traces = {,
E             File "/Users/arogers/github/WikiOracle/basicmodel/bin/Models.py", line 12623, in _reconstruct_sentences,
E               empty_positions = torch.full((B, steps), -1, dtype=torch.long, device=dev),
E                                 ^^^^^^^^^^^^^^^^^^^^^^^^^^^^^^^^^^^^^^^^^^^^^^^^^^^^^^^^,
E             File "/Users/arogers/github/WikiOracle/basicmodel/.venv/lib/python3.12/site-packages/torch/utils/_device.py", line 122, in __torch_function__,
E               return func(*args, **kwargs),
E                      ^^^^^^^^^^^^^^^^^^^^^,
E           ,
E           },
E           stack_traces = {,
E             File "/Users/arogers/github/WikiOracle/basicmodel/bin/Models.py", line 12630, in _reconstruct_sentences,
E               torch.zeros(B, dtype=torch.bool, device=dev))),
E             File "/Users/arogers/github/WikiOracle/basicmodel/.venv/lib/python3.12/site-packages/torch/utils/_device.py", line 122, in __torch_function__,
E               return func(*args, **kwargs),
E                      ^^^^^^^^^^^^^^^^^^^^^,
E           ,
E           },
E           stack_traces = {,
E             File "/Users/arogers/github/WikiOracle/basicmodel/bin/Models.py", line 12564, in _reconstruct_sentences,
E               bound = (torch.where(active, positions, -1).amax() + 1).clamp_min(0),
E                       ^^^^^^^^^^^^^^^^^^^^^^^^^^^^^^^^^^^^^^^^^^^^^^^^^^^^^^^^^^^^,
E             File "/Users/arogers/github/WikiOracle/basicmodel/.venv/lib/python3.12/site-packages/torch/utils/_device.py", line 122, in __torch_function__,
E               return func(*args, **kwargs),
E                      ^^^^^^^^^^^^^^^^^^^^^,
E           ,
E           },
E           stack_traces = {,
E             File "/Users/arogers/github/WikiOracle/basicmodel/bin/Models.py", line 12564, in _reconstruct_sentences,
E               bound = (torch.where(active, positions, -1).amax() + 1).clamp_min(0),
E                        ^^^^^^^^^^^^^^^^^^^^^^^^^^^^^^^^^^^^^^^^^^^^^^^^^^^^^^^^^^^,
E             File "/Users/arogers/github/WikiOracle/basicmodel/.venv/lib/python3.12/site-packages/torch/utils/_device.py", line 122, in __torch_function__,
E               return func(*args, **kwargs),
E                      ^^^^^^^^^^^^^^^^^^^^^,
E           ,
E           },
E           stack_traces = {,
E             File "/Users/arogers/github/WikiOracle/basicmodel/bin/Models.py", line 12510, in _reconstruct_sentences,
E               active = active & (ids == sentence_slot),
E                        ^^^^^^^^^^^^^^^^^^^^^^^^^^^^^^^,
E             File "/Users/arogers/github/WikiOracle/basicmodel/.venv/lib/python3.12/site-packages/torch/utils/_device.py", line 122, in __torch_function__,
E               return func(*args, **kwargs),
E                      ^^^^^^^^^^^^^^^^^^^^^,
E           ,
E           },
E           stack_traces = {,
E             File "/Users/arogers/github/WikiOracle/basicmodel/bin/Models.py", line 12510, in _reconstruct_sentences,
E               active = active & (ids == sentence_slot),
E                                  ^^^^^^^^^^^^^^^^^^^^^,
E             File "/Users/arogers/github/WikiOracle/basicmodel/.venv/lib/python3.12/site-packages/torch/utils/_device.py", line 122, in __torch_function__,
E               return func(*args, **kwargs),
E                      ^^^^^^^^^^^^^^^^^^^^^,
E           ,
E           },
E           stack_traces = {,
E             File "/Users/arogers/github/WikiOracle/basicmodel/bin/Models.py", line 12500, in _reconstruct_sentences,
E               ids = torch.zeros(B, W, dtype=torch.long, device=dev),
E                     ^^^^^^^^^^^^^^^^^^^^^^^^^^^^^^^^^^^^^^^^^^^^^^^,
E             File "/Users/arogers/github/WikiOracle/basicmodel/.venv/lib/python3.12/site-packages/torch/utils/_device.py", line 122, in __torch_function__,
E               return func(*args, **kwargs),
E                      ^^^^^^^^^^^^^^^^^^^^^,
E           ,
E           },
E           stack_traces = {,
E             File "/Users/arogers/github/WikiOracle/basicmodel/bin/Models.py", line 12507, in _reconstruct_sentences,
E               is_end = torch.logical_and(active, torch.logical_not(cont))       # [B, W],
E                        ^^^^^^^^^^^^^^^^^^^^^^^^^^^^^^^^^^^^^^^^^^^^^^^^^^^^^^^^^^^^^^^^^,
E             File "/Users/arogers/github/WikiOracle/basicmodel/.venv/lib/python3.12/site-packages/torch/utils/_device.py", line 122, in __torch_function__,
E               return func(*args, **kwargs),
E                      ^^^^^^^^^^^^^^^^^^^^^,
E           ,
E           },
E           stack_traces = {,
E             File "/Users/arogers/github/WikiOracle/basicmodel/bin/Models.py", line 12507, in _reconstruct_sentences,
E               is_end = torch.logical_and(active, torch.logical_not(cont))       # [B, W],
E                                                  ^^^^^^^^^^^^^^^^^^^^^^^^^^^^^^^^^^^^^^^,
E             File "/Users/arogers/github/WikiOracle/basicmodel/.venv/lib/python3.12/site-packages/torch/utils/_device.py", line 122, in __torch_function__,
E               return func(*args, **kwargs),
E                      ^^^^^^^^^^^^^^^^^^^^^,
E           ,
E           },
E           stack_traces = {,
E             File "/Users/arogers/github/WikiOracle/basicmodel/bin/Models.py", line 12511, in _reconstruct_sentences,
E               leaves = active & leaf_mask if torch.is_tensor(leaf_mask) else active,
E                        ^^^^^^^^^^^^^^^^^^^^^^^^^^^^^^^^^^^^^^^^^^^^^^^^^^^^^^^^^^^^,
E             File "/Users/arogers/github/WikiOracle/basicmodel/.venv/lib/python3.12/site-packages/torch/utils/_device.py", line 122, in __torch_function__,
E               return func(*args, **kwargs),
E                      ^^^^^^^^^^^^^^^^^^^^^,
E           ,
E           }
E         ), MultiOutput(
E           python_kernel_name=None,
E           name=buf19,
E           layout=FixedLayout('cpu', torch.int64, size=[4], stride=[1]),
E           inputs=[...],
E           constant_args=(),
E           kwargs={},
E           output_view=None,
E           python_kernel_name=None,
E           cpp_kernel_name=None,
E           ordered_kwargs_for_cpp_kernel=(),
E           op_overload=None,
E           arg_properties=[{}],
E           allarg_properties={},
E           kwarg_properties=None,
E           unbacked_bindings={},
E           mutation_outputs=[],
E           origin_node=None,
E           origins=OrderedSet([while_loop, while_loop_cond_graph_0, whil...,
E           stack_traces = {,
E             File "/Users/arogers/github/WikiOracle/basicmodel/bin/Models.py", line 12624, in _reconstruct_sentences,
E               _, _, _, occurrence_left, occurrence_right, malformed = _reconstruction_while_loop(,
E                                                                       ^^^^^^^^^^^^^^^^^^^^^^^^^^^,
E             File "/Users/arogers/github/WikiOracle/basicmodel/bin/Models.py", line 379, in _reconstruction_while_loop,
E               return torch.while_loop(condition, body, values),
E                      ^^^^^^^^^^^^^^^^^^^^^^^^^^^^^^^^^^^^^^^^^,
E             File "/Users/arogers/github/WikiOracle/basicmodel/.venv/lib/python3.12/site-packages/torch/utils/_device.py", line 122, in __torch_function__,
E               return func(*args, **kwargs),
E                      ^^^^^^^^^^^^^^^^^^^^^,
E           ,
E           },
E           stack_traces = {,
E             File "/Users/arogers/github/WikiOracle/basicmodel/bin/Models.py", line 12626, in _reconstruct_sentences,
E               (torch.zeros((), dtype=torch.long, device=dev),,
E                ^^^^^^^^^^^^^^^^^^^^^^^^^^^^^^^^^^^^^^^^^^^^^^,
E             File "/Users/arogers/github/WikiOracle/basicmodel/.venv/lib/python3.12/site-packages/torch/utils/_device.py", line 122, in __torch_function__,
E               return func(*args, **kwargs),
E                      ^^^^^^^^^^^^^^^^^^^^^,
E           ,
E           },
E           stack_traces = {,
E             File "/Users/arogers/github/WikiOracle/basicmodel/bin/Models.py", line 12627, in _reconstruct_sentences,
E               torch.full((B, cap), -1, dtype=torch.long, device=dev),,
E             File "/Users/arogers/github/WikiOracle/basicmodel/.venv/lib/python3.12/site-packages/torch/utils/_device.py", line 122, in __torch_function__,
E               return func(*args, **kwargs),
E                      ^^^^^^^^^^^^^^^^^^^^^,
E           ,
E           },
E           stack_traces = {,
E             File "/Users/arogers/github/WikiOracle/basicmodel/bin/Models.py", line 12628, in _reconstruct_sentences,
E               torch.zeros(B, dtype=torch.long, device=dev),,
E             File "/Users/arogers/github/WikiOracle/basicmodel/.venv/lib/python3.12/site-packages/torch/utils/_device.py", line 122, in __torch_function__,
E               return func(*args, **kwargs),
E                      ^^^^^^^^^^^^^^^^^^^^^,
E           ,
E           },
E           stack_traces = {,
E             File "/Users/arogers/github/WikiOracle/basicmodel/bin/Models.py", line 12623, in _reconstruct_sentences,
E               empty_positions = torch.full((B, steps), -1, dtype=torch.long, device=dev),
E                                 ^^^^^^^^^^^^^^^^^^^^^^^^^^^^^^^^^^^^^^^^^^^^^^^^^^^^^^^^,
E             File "/Users/arogers/github/WikiOracle/basicmodel/.venv/lib/python3.12/site-packages/torch/utils/_device.py", line 122, in __torch_function__,
E               return func(*args, **kwargs),
E                      ^^^^^^^^^^^^^^^^^^^^^,
E           ,
E           },
E           stack_traces = {,
E             File "/Users/arogers/github/WikiOracle/basicmodel/bin/Models.py", line 12630, in _reconstruct_sentences,
E               torch.zeros(B, dtype=torch.bool, device=dev))),
E             File "/Users/arogers/github/WikiOracle/basicmodel/.venv/lib/python3.12/site-packages/torch/utils/_device.py", line 122, in __torch_function__,
E               return func(*args, **kwargs),
E                      ^^^^^^^^^^^^^^^^^^^^^,
E           ,
E           },
E           stack_traces = {,
E             File "/Users/arogers/github/WikiOracle/basicmodel/bin/Models.py", line 12564, in _reconstruct_sentences,
E               bound = (torch.where(active, positions, -1).amax() + 1).clamp_min(0),
E                       ^^^^^^^^^^^^^^^^^^^^^^^^^^^^^^^^^^^^^^^^^^^^^^^^^^^^^^^^^^^^,
E             File "/Users/arogers/github/WikiOracle/basicmodel/.venv/lib/python3.12/site-packages/torch/utils/_device.py", line 122, in __torch_function__,
E               return func(*args, **kwargs),
E                      ^^^^^^^^^^^^^^^^^^^^^,
E           ,
E           },
E           stack_traces = {,
E             File "/Users/arogers/github/WikiOracle/basicmodel/bin/Models.py", line 12564, in _reconstruct_sentences,
E               bound = (torch.where(active, positions, -1).amax() + 1).clamp_min(0),
E                        ^^^^^^^^^^^^^^^^^^^^^^^^^^^^^^^^^^^^^^^^^^^^^^^^^^^^^^^^^^^,
E             File "/Users/arogers/github/WikiOracle/basicmodel/.venv/lib/python3.12/site-packages/torch/utils/_device.py", line 122, in __torch_function__,
E               return func(*args, **kwargs),
E                      ^^^^^^^^^^^^^^^^^^^^^,
E           ,
E           },
E           stack_traces = {,
E             File "/Users/arogers/github/WikiOracle/basicmodel/bin/Models.py", line 12510, in _reconstruct_sentences,
E               active = active & (ids == sentence_slot),
E                        ^^^^^^^^^^^^^^^^^^^^^^^^^^^^^^^,
E             File "/Users/arogers/github/WikiOracle/basicmodel/.venv/lib/python3.12/site-packages/torch/utils/_device.py", line 122, in __torch_function__,
E               return func(*args, **kwargs),
E                      ^^^^^^^^^^^^^^^^^^^^^,
E           ,
E           },
E           stack_traces = {,
E             File "/Users/arogers/github/WikiOracle/basicmodel/bin/Models.py", line 12510, in _reconstruct_sentences,
E               active = active & (ids == sentence_slot),
E                                  ^^^^^^^^^^^^^^^^^^^^^,
E             File "/Users/arogers/github/WikiOracle/basicmodel/.venv/lib/python3.12/site-packages/torch/utils/_device.py", line 122, in __torch_function__,
E               return func(*args, **kwargs),
E                      ^^^^^^^^^^^^^^^^^^^^^,
E           ,
E           },
E           stack_traces = {,
E             File "/Users/arogers/github/WikiOracle/basicmodel/bin/Models.py", line 12500, in _reconstruct_sentences,
E               ids = torch.zeros(B, W, dtype=torch.long, device=dev),
E                     ^^^^^^^^^^^^^^^^^^^^^^^^^^^^^^^^^^^^^^^^^^^^^^^,
E             File "/Users/arogers/github/WikiOracle/basicmodel/.venv/lib/python3.12/site-packages/torch/utils/_device.py", line 122, in __torch_function__,
E               return func(*args, **kwargs),
E                      ^^^^^^^^^^^^^^^^^^^^^,
E           ,
E           },
E           stack_traces = {,
E             File "/Users/arogers/github/WikiOracle/basicmodel/bin/Models.py", line 12507, in _reconstruct_sentences,
E               is_end = torch.logical_and(active, torch.logical_not(cont))       # [B, W],
E                        ^^^^^^^^^^^^^^^^^^^^^^^^^^^^^^^^^^^^^^^^^^^^^^^^^^^^^^^^^^^^^^^^^,
E             File "/Users/arogers/github/WikiOracle/basicmodel/.venv/lib/python3.12/site-packages/torch/utils/_device.py", line 122, in __torch_function__,
E               return func(*args, **kwargs),
E                      ^^^^^^^^^^^^^^^^^^^^^,
E           ,
E           },
E           stack_traces = {,
E             File "/Users/arogers/github/WikiOracle/basicmodel/bin/Models.py", line 12507, in _reconstruct_sentences,
E               is_end = torch.logical_and(active, torch.logical_not(cont))       # [B, W],
E                                                  ^^^^^^^^^^^^^^^^^^^^^^^^^^^^^^^^^^^^^^^,
E             File "/Users/arogers/github/WikiOracle/basicmodel/.venv/lib/python3.12/site-packages/torch/utils/_device.py", line 122, in __torch_function__,
E               return func(*args, **kwargs),
E                      ^^^^^^^^^^^^^^^^^^^^^,
E           ,
E           },
E           stack_traces = {,
E             File "/Users/arogers/github/WikiOracle/basicmodel/bin/Models.py", line 12511, in _reconstruct_sentences,
E               leaves = active & leaf_mask if torch.is_tensor(leaf_mask) else active,
E                        ^^^^^^^^^^^^^^^^^^^^^^^^^^^^^^^^^^^^^^^^^^^^^^^^^^^^^^^^^^^^,
E             File "/Users/arogers/github/WikiOracle/basicmodel/.venv/lib/python3.12/site-packages/torch/utils/_device.py", line 122, in __torch_function__,
E               return func(*args, **kwargs),
E                      ^^^^^^^^^^^^^^^^^^^^^,
E           ,
E           }
E         ), MultiOutput(
E           python_kernel_name=None,
E           name=buf20,
E           layout=FixedLayout('cpu', torch.int64, size=[4, s80], stride=[s80, 1]),
E           inputs=[...],
E           constant_args=(),
E           kwargs={},
E           output_view=None,
E           python_kernel_name=None,
E           cpp_kernel_name=None,
E           ordered_kwargs_for_cpp_kernel=(),
E           op_overload=None,
E           arg_properties=[{}],
E           allarg_properties={},
E           kwarg_properties=None,
E           unbacked_bindings={},
E           mutation_outputs=[],
E           origin_node=getitem_3,
E           origins=OrderedSet([while_loop, while_loop_cond_graph_0, whil...,
E           stack_traces = {,
E             File "/Users/arogers/github/WikiOracle/basicmodel/bin/Models.py", line 12624, in _reconstruct_sentences,
E               _, _, _, occurrence_left, occurrence_right, malformed = _reconstruction_while_loop(,
E                                                                       ^^^^^^^^^^^^^^^^^^^^^^^^^^^,
E             File "/Users/arogers/github/WikiOracle/basicmodel/bin/Models.py", line 379, in _reconstruction_while_loop,
E               return torch.while_loop(condition, body, values),
E                      ^^^^^^^^^^^^^^^^^^^^^^^^^^^^^^^^^^^^^^^^^,
E             File "/Users/arogers/github/WikiOracle/basicmodel/.venv/lib/python3.12/site-packages/torch/utils/_device.py", line 122, in __torch_function__,
E               return func(*args, **kwargs),
E                      ^^^^^^^^^^^^^^^^^^^^^,
E           ,
E           }
E         ), MultiOutput(
E           python_kernel_name=None,
E           name=buf21,
E           layout=FixedLayout('cpu', torch.int64, size=[4, s80], stride=[s80, 1]),
E           inputs=[...],
E           constant_args=(),
E           kwargs={},
E           output_view=None,
E           python_kernel_name=None,
E           cpp_kernel_name=None,
E           ordered_kwargs_for_cpp_kernel=(),
E           op_overload=None,
E           arg_properties=[{}],
E           allarg_properties={},
E           kwarg_properties=None,
E           unbacked_bindings={},
E           mutation_outputs=[],
E           origin_node=getitem_4,
E           origins=OrderedSet([while_loop, while_loop_cond_graph_0, whil...,
E           stack_traces = {,
E             File "/Users/arogers/github/WikiOracle/basicmodel/bin/Models.py", line 12624, in _reconstruct_sentences,
E               _, _, _, occurrence_left, occurrence_right, malformed = _reconstruction_while_loop(,
E                                                                       ^^^^^^^^^^^^^^^^^^^^^^^^^^^,
E             File "/Users/arogers/github/WikiOracle/basicmodel/bin/Models.py", line 379, in _reconstruction_while_loop,
E               return torch.while_loop(condition, body, values),
E                      ^^^^^^^^^^^^^^^^^^^^^^^^^^^^^^^^^^^^^^^^^,
E             File "/Users/arogers/github/WikiOracle/basicmodel/.venv/lib/python3.12/site-packages/torch/utils/_device.py", line 122, in __torch_function__,
E               return func(*args, **kwargs),
E                      ^^^^^^^^^^^^^^^^^^^^^,
E           ,
E           }
E         ), MultiOutput(
E           python_kernel_name=None,
E           name=buf22,
E           layout=FixedLayout('cpu', torch.bool, size=[4], stride=[1]),
E           inputs=[...],
E           constant_args=(),
E           kwargs={},
E           output_view=None,
E           python_kernel_name=None,
E           cpp_kernel_name=None,
E           ordered_kwargs_for_cpp_kernel=(),
E           op_overload=None,
E           arg_properties=[{}],
E           allarg_properties={},
E           kwarg_properties=None,
E           unbacked_bindings={},
E           mutation_outputs=[],
E           origin_node=getitem_5,
E           origins=OrderedSet([while_loop, while_loop_cond_graph_0, whil...,
E           stack_traces = {,
E             File "/Users/arogers/github/WikiOracle/basicmodel/bin/Models.py", line 12624, in _reconstruct_sentences,
E               _, _, _, occurrence_left, occurrence_right, malformed = _reconstruction_while_loop(,
E                                                                       ^^^^^^^^^^^^^^^^^^^^^^^^^^^,
E             File "/Users/arogers/github/WikiOracle/basicmodel/bin/Models.py", line 379, in _reconstruction_while_loop,
E               return torch.while_loop(condition, body, values),
E                      ^^^^^^^^^^^^^^^^^^^^^^^^^^^^^^^^^^^^^^^^^,
E             File "/Users/arogers/github/WikiOracle/basicmodel/.venv/lib/python3.12/site-packages/torch/utils/_device.py", line 122, in __torch_function__,
E               return func(*args, **kwargs),
E                      ^^^^^^^^^^^^^^^^^^^^^,
E           ,
E           }
E         )])],
E         constant_args=(),
E         kwargs={},
E         output_view=None,
E         python_kernel_name=None,
E         cpp_kernel_name=None,
E         ordered_kwargs_for_cpp_kernel=(),
E         op_overload=None,
E         arg_properties=[{}],
E         allarg_properties={},
E         kwarg_properties=None,
E         unbacked_bindings={},
E         mutation_outputs=[],
E         origin_node=getitem_4,
E         origins=OrderedSet([while_loop, while_loop_cond_graph_0, whil...,
E         stack_traces = {,
E           File "/Users/arogers/github/WikiOracle/basicmodel/bin/Models.py", line 12624, in _reconstruct_sentences,
E             _, _, _, occurrence_left, occurrence_right, malformed = _reconstruction_while_loop(,
E                                                                     ^^^^^^^^^^^^^^^^^^^^^^^^^^^,
E           File "/Users/arogers/github/WikiOracle/basicmodel/bin/Models.py", line 379, in _reconstruction_while_loop,
E             return torch.while_loop(condition, body, values),
E                    ^^^^^^^^^^^^^^^^^^^^^^^^^^^^^^^^^^^^^^^^^,
E           File "/Users/arogers/github/WikiOracle/basicmodel/.venv/lib/python3.12/site-packages/torch/utils/_device.py", line 122, in __torch_function__,
E             return func(*args, **kwargs),
E                    ^^^^^^^^^^^^^^^^^^^^^,
E         ,
E         }
E       )
E     )), TensorBox(
E       View(
E         StorageBox(
E           Pointwise(
E             'cpu',
E             torch.int64,
E             def inner_fn(index):
E                 i0 = index
E                 tmp0 = ops.index_expr(i0, torch.int64)
E                 return tmp0
E             ,
E             ranges=[s38],
E             origin_node=iota,
E             origins=OrderedSet([iota]),
E             stack_traces = {,
E               File "/Users/arogers/github/WikiOracle/basicmodel/bin/Models.py", line 12501, in _reconstruct_sentences,
E                 positions = torch.arange(W, device=dev).reshape(1, W),
E                             ^^^^^^^^^^^^^^^^^^^^^^^^^^^^^^^^^^^^^^^^^,
E               File "/Users/arogers/github/WikiOracle/basicmodel/.venv/lib/python3.12/site-packages/torch/utils/_device.py", line 122, in __torch_function__,
E                 return func(*args, **kwargs),
E                        ^^^^^^^^^^^^^^^^^^^^^,
E             ,
E             }
E           )
E         ),
E         size=[1, s38],
E         reindex=lambda i0, i1: [i1],
E         origins=OrderedSet([view, iota]),
E         stack_traces = {,
E           File "/Users/arogers/github/WikiOracle/basicmodel/bin/Models.py", line 12501, in _reconstruct_sentences,
E             positions = torch.arange(W, device=dev).reshape(1, W),
E                         ^^^^^^^^^^^^^^^^^^^^^^^^^^^^^^^^^^^^^^^^^,
E           File "/Users/arogers/github/WikiOracle/basicmodel/.venv/lib/python3.12/site-packages/torch/utils/_device.py", line 122, in __torch_function__,
E             return func(*args, **kwargs),
E                    ^^^^^^^^^^^^^^^^^^^^^,
E         ,
E         }
E       )
E     ), TensorBox(StorageBox(
E       Pointwise(
E         'cpu',
E         torch.bool,
E         def inner_fn(index):
E             i0 = index
E             tmp0 = ops.index_expr(i0, torch.int64)
E             tmp1 = ops.constant(1, torch.int64)
E             tmp2 = tmp0 < tmp1
E             tmp3 = ops.constant(False, torch.bool)
E             tmp4 = ops.constant(False, torch.bool)
E             tmp5 = ops.where(tmp2, tmp3, tmp4)
E             return tmp5
E         ,
E         ranges=[2],
E         origin_node=lift_fresh_copy,
E         origins=OrderedSet([lift_fresh_copy, _tensor_constant0]),
E         stack_traces = {,
E           File "/Users/arogers/github/WikiOracle/basicmodel/bin/Models.py", line 12539, in _reconstruct_sentences,
E             prefer_left = torch.tensor([,
E                           ^^^^^^^^^^^^^^,
E           File "/Users/arogers/github/WikiOracle/basicmodel/.venv/lib/python3.12/site-packages/torch/utils/_device.py", line 122, in __torch_function__,
E             return func(*args, **kwargs),
E                    ^^^^^^^^^^^^^^^^^^^^^,
E         ,
E         }
E       )
E     )), TensorBox(StorageBox(
E       InputBuffer(name='arg2_1', layout=FixedLayout('cpu', torch.float32, size=[4, s38, 10], stride=[10*s38, 10, 1]))
E     )), TensorBox(StorageBox(
E       InputBuffer(name='arg13_1', layout=FixedLayout('cpu', torch.float32, size=[4, s56, s90], stride=[s56*s90, s90, 1]))
E     )), s13, s19, s37, s38, s56, s60, s8, s80, s90, s96, s98, TensorBox(
E       View(
E         StorageBox(
E           Pointwise(
E             'cpu',
E             torch.int64,
E             def inner_fn(index):
E                 _ = index
E                 tmp0 = ops.index_expr(0, torch.int64)
E                 return tmp0
E             ,
E             ranges=[1],
E             origin_node=iota_1,
E             origins=OrderedSet([iota_1]),
E             stack_traces = {,
E               File "/Users/arogers/github/WikiOracle/basicmodel/bin/Models.py", line 12706, in _reconstruct_sentences,
E                 slot_ids = torch.arange(slots, device=dev).reshape(1, slots),
E                            ^^^^^^^^^^^^^^^^^^^^^^^^^^^^^^^^^^^^^^^^^^^^^^^^^,
E               File "/Users/arogers/github/WikiOracle/basicmodel/.venv/lib/python3.12/site-packages/torch/utils/_device.py", line 122, in __torch_function__,
E                 return func(*args, **kwargs),
E                        ^^^^^^^^^^^^^^^^^^^^^,
E             ,
E             }
E           )
E         ),
E         size=[1, 1],
E         reindex=lambda i0, i1: [0],
E         origins=OrderedSet([view_2, iota_1]),
E         stack_traces = {,
E           File "/Users/arogers/github/WikiOracle/basicmodel/bin/Models.py", line 12706, in _reconstruct_sentences,
E             slot_ids = torch.arange(slots, device=dev).reshape(1, slots),
E                        ^^^^^^^^^^^^^^^^^^^^^^^^^^^^^^^^^^^^^^^^^^^^^^^^^,
E           File "/Users/arogers/github/WikiOracle/basicmodel/.venv/lib/python3.12/site-packages/torch/utils/_device.py", line 122, in __torch_function__,
E             return func(*args, **kwargs),
E                    ^^^^^^^^^^^^^^^^^^^^^,
E         ,
E         }
E       )
E     ), 10)AttributeError: 'int' object has no attribute 'meta'
E     target: while_loop
E     args[0]: Subgraph(name='while_loop_cond_graph_1', graph_module=<lambda>(), inductor_config_patches=None, graph=None)
E     args[1]: Subgraph(name='while_loop_body_graph_1', graph_module=<lambda>(
E       (true_graph_0): <lambda>()
E       (false_graph_0): <lambda>()
E       (true_graph_1): <lambda>()
E       (false_graph_1): <lambda>()
E       (true_graph_2): <lambda>()
E       (false_graph_2): <lambda>()
E       (true_graph_3): <lambda>()
E       (false_graph_3): <lambda>()
E       (true_graph_4): <lambda>()
E       (false_graph_4): <lambda>()
E       (true_graph_5): <lambda>()
E       (false_graph_5): <lambda>()
E       (true_graph_6): <lambda>()
E       (false_graph_6): <lambda>()
E       (true_graph_7): <lambda>()
E       (false_graph_7): <lambda>()
E       (true_graph_8): <lambda>()
E       (false_graph_8): <lambda>()
E       (true_graph_9): <lambda>()
E       (false_graph_9): <lambda>()
E       (true_graph_10): <lambda>()
E       (false_graph_10): <lambda>()
E       (true_graph_11): <lambda>()
E       (false_graph_11): <lambda>()
E       (true_graph_12): <lambda>()
E       (false_graph_12): <lambda>()
E       (true_graph_13): <lambda>()
E       (false_graph_13): <lambda>()
E       (true_graph_14): <lambda>()
E       (false_graph_14): <lambda>()
E       (true_graph_15): <lambda>()
E       (false_graph_15): <lambda>()
E       (true_graph_16): <lambda>()
E       (false_graph_16): <lambda>()
E       (true_graph_17): <lambda>()
E       (false_graph_17): <lambda>()
E       (true_graph_18): <lambda>()
E       (false_graph_18): <lambda>()
E       (true_graph_19): <lambda>()
E       (false_graph_19): <lambda>()
E       (true_graph_20): <lambda>()
E       (false_graph_20): <lambda>()
E       (true_graph_21): <lambda>()
E       (false_graph_21): <lambda>()
E       (true_graph_22): <lambda>()
E       (false_graph_22): <lambda>()
E       (true_graph_23): <lambda>()
E       (false_graph_23): <lambda>()
E       (true_graph_24): <lambda>()
E       (false_graph_24): <lambda>()
E       (true_graph_25): <lambda>()
E       (false_graph_25): <lambda>()
E       (true_graph_26): <lambda>()
E       (false_graph_26): <lambda>()
E       (true_graph_27): <lambda>()
E       (false_graph_27): <lambda>()
E       (true_graph_28): <lambda>()
E       (false_graph_28): <lambda>()
E       (true_graph_29): <lambda>()
E       (false_graph_29): <lambda>()
E       (true_graph_30): <lambda>()
E       (false_graph_30): <lambda>()
E       (true_graph_31): <lambda>()
E       (false_graph_31): <lambda>()
E       (true_graph_32): <lambda>()
E       (false_graph_32): <lambda>()
E       (true_graph_33): <lambda>()
E       (false_graph_33): <lambda>()
E       (true_graph_34): <lambda>()
E       (false_graph_34): <lambda>()
E       (true_graph_35): <lambda>()
E       (false_graph_35): <lambda>()
E       (true_graph_36): <lambda>()
E       (false_graph_36): <lambda>()
E       (true_graph_37): <lambda>()
E       (false_graph_37): <lambda>()
E       (true_graph_38): <lambda>()
E       (false_graph_38): <lambda>()
E       (true_graph_39): <lambda>()
E       (false_graph_39): <lambda>()
E       (true_graph_40): <lambda>()
E       (false_graph_40): <lambda>()
E       (true_graph_41): <lambda>()
E       (false_graph_41): <lambda>()
E       (true_graph_42): <lambda>()
E       (false_graph_42): <lambda>()
E       (true_graph_43): <lambda>()
E       (false_graph_43): <lambda>()
E       (true_graph_44): <lambda>()
E       (false_graph_44): <lambda>()
E       (true_graph_45): <lambda>()
E       (false_graph_45): <lambda>()
E       (true_graph_46): <lambda>()
E       (false_graph_46): <lambda>()
E       (true_graph_47): <lambda>()
E       (false_graph_47): <lambda>()
E     ), inductor_config_patches=None, graph=None)
E     args[2]: (TensorBox(StorageBox(
E       InputBuffer(name='arg17_1', layout=FixedLayout('cpu', torch.int64, size=[], stride=[]))
E     )), TensorBox(StorageBox(
E       Pointwise(
E         'cpu',
E         torch.float32,
E         def inner_fn(index):
E             i0, _, i2, i3 = index
E             tmp0 = ops.constant(0, torch.float32)
E             return tmp0
E         ,
E         ranges=[4, 1, 8, 10],
E         origin_node=full_default_11,
E         origins=OrderedSet([full_default_11]),
E         stack_traces = {,
E           File "/Users/arogers/github/WikiOracle/basicmodel/bin/Models.py", line 12747, in _reconstruct_sentences,
E             (s0, S.new_zeros(B, slots, cap, D),,
E                  ^^^^^^^^^^^^^^^^^^^^^^^^^^^^^^,
E           File "/Users/arogers/github/WikiOracle/basicmodel/.venv/lib/python3.12/site-packages/torch/utils/_device.py", line 122, in __torch_function__,
E             return func(*args, **kwargs),
E                    ^^^^^^^^^^^^^^^^^^^^^,
E         ,
E         }
E       )
E     )), TensorBox(StorageBox(
E       Pointwise(
E         'cpu',
E         torch.int64,
E         def inner_fn(index):
E             i0, _ = index
E             tmp0 = ops.constant(0, torch.int64)
E             return tmp0
E         ,
E         ranges=[4, 1],
E         origin_node=full_default_12,
E         origins=OrderedSet([full_default_12]),
E         stack_traces = {,
E           File "/Users/arogers/github/WikiOracle/basicmodel/bin/Models.py", line 12748, in _reconstruct_sentences,
E             torch.zeros(B, slots, dtype=torch.long, device=dev),,
E           File "/Users/arogers/github/WikiOracle/basicmodel/.venv/lib/python3.12/site-packages/torch/utils/_device.py", line 122, in __torch_function__,
E             return func(*args, **kwargs),
E                    ^^^^^^^^^^^^^^^^^^^^^,
E         ,
E         }
E       )
E     )), TensorBox(StorageBox(
E       Pointwise(
E         'cpu',
E         torch.bool,
E         def inner_fn(index):
E             i0, _ = index
E             tmp0 = ops.constant(False, torch.bool)
E             return tmp0
E         ,
E         ranges=[4, 1],
E         origin_node=full_default_13,
E         origins=OrderedSet([full_default_13]),
E         stack_traces = {,
E           File "/Users/arogers/github/WikiOracle/basicmodel/bin/Models.py", line 12749, in _reconstruct_sentences,
E             torch.zeros(B, slots, dtype=torch.bool, device=dev)))),
E           File "/Users/arogers/github/WikiOracle/basicmodel/.venv/lib/python3.12/site-packages/torch/utils/_device.py", line 122, in __torch_function__,
E             return func(*args, **kwargs),
E                    ^^^^^^^^^^^^^^^^^^^^^,
E         ,
E         }
E       )
E     )))
E     args[3]: (s12, TensorBox(StorageBox(
E       Pointwise(
E         'cpu',
E         torch.int64,
E         def inner_fn(index):
E             tmp0 = ops.load(buf23, 0)
E             tmp1 = ops.constant(1, torch.int64)
E             tmp2 = tmp0 + tmp1
E             tmp3 = ops.constant(1, torch.int64)
E             tmp4 = ops.maximum(tmp2, tmp3)
E             tmp5 = ops.constant(1, torch.int64)
E             tmp6 = ops.minimum(tmp4, tmp5)
E             return tmp6
E         ,
E         ranges=[],
E         origin_node=clamp_max,
E         origins=OrderedSet([clamp_max, clamp_min_2, add_217]),
E         stack_traces = {,
E           File "/Users/arogers/github/WikiOracle/basicmodel/bin/Models.py", line 12707, in _reconstruct_sentences,
E             n_sent_t = (torch.where(active, ids, torch.full_like(ids, -1)).amax() + 1).clamp(1, slots),
E                        ^^^^^^^^^^^^^^^^^^^^^^^^^^^^^^^^^^^^^^^^^^^^^^^^^^^^^^^^^^^^^^^^^^^^^^^^^^^^^^^,
E           File "/Users/arogers/github/WikiOracle/basicmodel/.venv/lib/python3.12/site-packages/torch/utils/_device.py", line 122, in __torch_function__,
E             return func(*args, **kwargs),
E                    ^^^^^^^^^^^^^^^^^^^^^,
E         ,
E         },
E         stack_traces = {,
E           File "/Users/arogers/github/WikiOracle/basicmodel/bin/Models.py", line 12707, in _reconstruct_sentences,
E             n_sent_t = (torch.where(active, ids, torch.full_like(ids, -1)).amax() + 1).clamp(1, slots),
E                         ^^^^^^^^^^^^^^^^^^^^^^^^^^^^^^^^^^^^^^^^^^^^^^^^^^^^^^^^^^^^^^^^^^^^^^^^^^^^^^,
E           File "/Users/arogers/github/WikiOracle/basicmodel/.venv/lib/python3.12/site-packages/torch/utils/_device.py", line 122, in __torch_function__,
E             return func(*args, **kwargs),
E                    ^^^^^^^^^^^^^^^^^^^^^,
E         ,
E         }
E       )
E     )), TensorBox(StorageBox(
E       ComputedBuffer(name='buf12', layout=FixedLayout('cpu', torch.bool, size=[4, s38], stride=[s38, 1]), data=Pointwise(
E         'cpu',
E         torch.bool,
E         def inner_fn(index):
E             i0, i1 = index
E             tmp0 = ops.load(arg14_1, i1 + i0 * s38)
E             tmp1 = ops.constant(0, torch.int64)
E             tmp2 = ops.load(arg17_1, 0)
E             tmp3 = tmp1 == tmp2
E             tmp4 = ops.bitwise_and(tmp0, tmp3)
E             return tmp4
E         ,
E         ranges=[4, s38],
E         origin_node=bitwise_and,
E         origins=OrderedSet([bitwise_and, eq_25, full_default]),
E         stack_traces = {,
E           File "/Users/arogers/github/WikiOracle/basicmodel/bin/Models.py", line 12510, in _reconstruct_sentences,
E             active = active & (ids == sentence_slot),
E                      ^^^^^^^^^^^^^^^^^^^^^^^^^^^^^^^,
E           File "/Users/arogers/github/WikiOracle/basicmodel/.venv/lib/python3.12/site-packages/torch/utils/_device.py", line 122, in __torch_function__,
E             return func(*args, **kwargs),
E                    ^^^^^^^^^^^^^^^^^^^^^,
E         ,
E         },
E         stack_traces = {,
E           File "/Users/arogers/github/WikiOracle/basicmodel/bin/Models.py", line 12510, in _reconstruct_sentences,
E             active = active & (ids == sentence_slot),
E                                ^^^^^^^^^^^^^^^^^^^^^,
E           File "/Users/arogers/github/WikiOracle/basicmodel/.venv/lib/python3.12/site-packages/torch/utils/_device.py", line 122, in __torch_function__,
E             return func(*args, **kwargs),
E                    ^^^^^^^^^^^^^^^^^^^^^,
E         ,
E         },
E         stack_traces = {,
E           File "/Users/arogers/github/WikiOracle/basicmodel/bin/Models.py", line 12500, in _reconstruct_sentences,
E             ids = torch.zeros(B, W, dtype=torch.long, device=dev),
E                   ^^^^^^^^^^^^^^^^^^^^^^^^^^^^^^^^^^^^^^^^^^^^^^^,
E           File "/Users/arogers/github/WikiOracle/basicmodel/.venv/lib/python3.12/site-packages/torch/utils/_device.py", line 122, in __torch_function__,
E             return func(*args, **kwargs),
E                    ^^^^^^^^^^^^^^^^^^^^^,
E         ,
E         }
E       ), _split_size=None, _original_inner_fn=None, _original_ranges=None, _original_reduction_ranges=None)
E     )), TensorBox(StorageBox(
E       InputBuffer(name='arg28_1', layout=FixedLayout('cpu', torch.float32, size=[4, s37, 10], stride=[10*s37, 10, 1]))
E     )), TensorBox(StorageBox(
E       InputBuffer(name='arg33_1', layout=FixedLayout('cpu', torch.int64, size=[4, s37], stride=[s37, 1]))
E     )), TensorBox(StorageBox(
E       Pointwise(
E         'cpu',
E         torch.bool,
E         def inner_fn(index):
E             i0, i1 = index
E             tmp0 = ops.load(arg32_1, i1 + i0 * s37)
E             tmp1 = ops.constant(0, torch.int64)
E             tmp2 = tmp0 >= tmp1
E             return tmp2
E         ,
E         ranges=[4, s37],
E         origin_node=ge_3,
E         origins=OrderedSet([ge_3]),
E         stack_traces = {,
E           File "/Users/arogers/github/WikiOracle/basicmodel/bin/Models.py", line 12520, in _reconstruct_sentences,
E             basis, basis_valid = self._reconstruction_basis_snapshot(reference),
E                                  ^^^^^^^^^^^^^^^^^^^^^^^^^^^^^^^^^^^^^^^^^^^^^^,
E           File "/Users/arogers/github/WikiOracle/basicmodel/bin/Models.py", line 12897, in _reconstruction_basis_snapshot,
E             return bank, rows.detach().to(reference.device).ge(0).clone(),
E                          ^^^^^^^^^^^^^^^^^^^^^^^^^^^^^^^^^^^^^^^^^^^^^^^^,
E           File "/Users/arogers/github/WikiOracle/basicmodel/.venv/lib/python3.12/site-packages/torch/utils/_device.py", line 122, in __torch_function__,
E             return func(*args, **kwargs),
E                    ^^^^^^^^^^^^^^^^^^^^^,
E         ,
E         }
E       )
E     )), TensorBox(StorageBox(
E       ComputedBuffer(name='buf13', layout=FixedLayout('cpu', torch.int64, size=[4, s71], stride=[s38, 1]), data=Pointwise(
E         'cpu',
E         torch.int64,
E         def inner_fn(index):
E             i0, i1 = index
E             tmp0 = ops.constant(0, torch.int64)
E             return tmp0
E         ,
E         ranges=[4, s71],
E         origin_node=full_default,
E         origins=OrderedSet([full_default]),
E         stack_traces = {,
E           File "/Users/arogers/github/WikiOracle/basicmodel/bin/Models.py", line 12500, in _reconstruct_sentences,
E             ids = torch.zeros(B, W, dtype=torch.long, device=dev),
E                   ^^^^^^^^^^^^^^^^^^^^^^^^^^^^^^^^^^^^^^^^^^^^^^^,
E           File "/Users/arogers/github/WikiOracle/basicmodel/.venv/lib/python3.12/site-packages/torch/utils/_device.py", line 122, in __torch_function__,
E             return func(*args, **kwargs),
E                    ^^^^^^^^^^^^^^^^^^^^^,
E         ,
E         }
E       ), _split_size=None, _original_inner_fn=None, _original_ranges=None, _original_reduction_ranges=None)
E     )), TensorBox(StorageBox(
E       InputBuffer(name='arg7_1', layout=FixedLayout('cpu', torch.int64, size=[4], stride=[1]))
E     )), TensorBox(StorageBox(
E       InputBuffer(name='arg6_1', layout=FixedLayout('cpu', torch.float32, size=[4, 3, 10], stride=[30, 10, 1]))
E     )), TensorBox(StorageBox(
E       InputBuffer(name='arg8_1', layout=FixedLayout('cpu', torch.int64, size=[4, 1], stride=[1, 1]))
E     )), TensorBox(StorageBox(
E       InputBuffer(name='arg4_1', layout=FixedLayout('cpu', torch.float32, size=[4, 1, s60], stride=[s60, s60, 1]))
E     )), TensorBox(StorageBox(
E       InputBuffer(name='arg16_1', layout=FixedLayout('cpu', torch.float32, size=[4, s19], stride=[s19, 1]))
E     )), TensorBox(StorageBox(
E       InputBuffer(name='arg21_1', layout=FixedLayout('cpu', torch.int64, size=[s13], stride=[1]))
E     )), TensorBox(StorageBox(
E       InputBuffer(name='arg24_1', layout=FixedLayout('cpu', torch.int8, size=[4, s80], stride=[s80, 1]))
E     )), TensorBox(StorageBox(
E       InputBuffer(name='arg38_1', layout=FixedLayout('cpu', torch.int64, size=[4, s8], stride=[s8, 1]))
E     )), TensorBox(StorageBox(
E       InputBuffer(name='arg22_1', layout=FixedLayout('cpu', torch.bool, size=[4, s80], stride=[s80, 1]))
E     )), TensorBox(StorageBox(
E       InputBuffer(name='arg36_1', layout=FixedLayout('cpu', torch.int64, size=[4, s98], stride=[s98, 1]))
E     )), TensorBox(StorageBox(
E       InputBuffer(name='arg10_1', layout=FixedLayout('cpu', torch.int64, size=[4, s80], stride=[s80, 1]))
E     )), TensorBox(StorageBox(
E       InputBuffer(name='arg34_1', layout=FixedLayout('cpu', torch.int64, size=[1], stride=[1]))
E     )), TensorBox(StorageBox(
E       ComputedBuffer(name='buf4', layout=FixedLayout('cpu', torch.int64, size=[4], stride=[1]), data=Reduction(
E         'cpu',
E         torch.int64,
E         def inner_fn(index, rindex):
E             i0 = index
E             r0_0 = rindex
E             tmp0 = ops.load(arg14_1, r0_0 + i0 * s38)
E             tmp1 = ops.index_expr(r0_0, torch.int64)
E             tmp2 = ops.constant(-1, torch.int64)
E             tmp3 = ops.where(tmp0, tmp1, tmp2)
E             return tmp3
E         ,
E         ranges=[4],
E         reduction_ranges=[s38],
E         reduction_type=max,
E         origin_node=amax,
E         origins=OrderedSet([amax, where, view, iota, full_default_2]),
E         stack_traces = {,
E           File "/Users/arogers/github/WikiOracle/basicmodel/bin/Models.py", line 12508, in _reconstruct_sentences,
E             last_index = torch.where(active, positions, torch.full_like(positions, -1)).amax(dim=1),
E                          ^^^^^^^^^^^^^^^^^^^^^^^^^^^^^^^^^^^^^^^^^^^^^^^^^^^^^^^^^^^^^^^^^^^^^^^^^^,
E           File "/Users/arogers/github/WikiOracle/basicmodel/.venv/lib/python3.12/site-packages/torch/utils/_device.py", line 122, in __torch_function__,
E             return func(*args, **kwargs),
E                    ^^^^^^^^^^^^^^^^^^^^^,
E         ,
E         },
E         stack_traces = {,
E           File "/Users/arogers/github/WikiOracle/basicmodel/bin/Models.py", line 12501, in _reconstruct_sentences,
E             positions = torch.arange(W, device=dev).reshape(1, W),
E                         ^^^^^^^^^^^^^^^^^^^^^^^^^^^^^^^^^^^^^^^^^,
E           File "/Users/arogers/github/WikiOracle/basicmodel/.venv/lib/python3.12/site-packages/torch/utils/_device.py", line 122, in __torch_function__,
E             return func(*args, **kwargs),
E                    ^^^^^^^^^^^^^^^^^^^^^,
E         ,
E         },
E         stack_traces = {,
E           File "/Users/arogers/github/WikiOracle/basicmodel/bin/Models.py", line 12508, in _reconstruct_sentences,
E             last_index = torch.where(active, positions, torch.full_like(positions, -1)).amax(dim=1),
E                                                         ^^^^^^^^^^^^^^^^^^^^^^^^^^^^^^^^^^^^^^^^^^^,
E           File "/Users/arogers/github/WikiOracle/basicmodel/.venv/lib/python3.12/site-packages/torch/utils/_device.py", line 122, in __torch_function__,
E             return func(*args, **kwargs),
E                    ^^^^^^^^^^^^^^^^^^^^^,
E         ,
E         }
E       ), _split_size=None, _original_inner_fn=None, _original_ranges=None, _original_reduction_ranges=None)
E     )), TensorBox(StorageBox(
E       MultiOutput(
E         python_kernel_name=None,
E         name=buf20,
E         layout=FixedLayout('cpu', torch.int64, size=[4, s80], stride=[s80, 1]),
E         inputs=[WhileLoop(name='buf16', layout=MultiOutputLayout(device=device(type='cpu')), inputs=[TensorBox(StorageBox(
E           ComputedBuffer(name='buf5', layout=FlexibleLayout('cpu', torch.int64, size=[], stride=[]), data=Pointwise(
E             'cpu',
E             torch.int64,
E             def inner_fn(index):
E                 tmp0 = ops.constant(0, torch.int64)
E                 return tmp0
E             ,
E             ranges=[],
E             origin_node=full_default_6,
E             origins=OrderedSet([full_default_6]),
E             stack_traces = {,
E               File "/Users/arogers/github/WikiOracle/basicmodel/bin/Models.py", line 12626, in _reconstruct_sentences,
E                 (torch.zeros((), dtype=torch.long, device=dev),,
E                  ^^^^^^^^^^^^^^^^^^^^^^^^^^^^^^^^^^^^^^^^^^^^^^,
E               File "/Users/arogers/github/WikiOracle/basicmodel/.venv/lib/python3.12/site-packages/torch/utils/_device.py", line 122, in __torch_function__,
E                 return func(*args, **kwargs),
E                        ^^^^^^^^^^^^^^^^^^^^^,
E             ,
E             }
E           ), _split_size=None, _original_inner_fn=None, _original_ranges=None, _original_reduction_ranges=None)
E         )), TensorBox(StorageBox(
E           ComputedBuffer(name='buf6', layout=FixedLayout('cpu', torch.int64, size=[4, 8], stride=[8, 1]), data=Pointwise(
E             'cpu',
E             torch.int64,
E             def inner_fn(index):
E                 i0, i1 = index
E                 tmp0 = ops.constant(-1, torch.int64)
E                 return tmp0
E             ,
E             ranges=[4, 8],
E             origin_node=full_default_7,
E             origins=OrderedSet([full_default_7]),
E             stack_traces = {,
E               File "/Users/arogers/github/WikiOracle/basicmodel/bin/Models.py", line 12627, in _reconstruct_sentences,
E                 torch.full((B, cap), -1, dtype=torch.long, device=dev),,
E               File "/Users/arogers/github/WikiOracle/basicmodel/.venv/lib/python3.12/site-packages/torch/utils/_device.py", line 122, in __torch_function__,
E                 return func(*args, **kwargs),
E                        ^^^^^^^^^^^^^^^^^^^^^,
E             ,
E             }
E           ), _split_size=None, _original_inner_fn=None, _original_ranges=None, _original_reduction_ranges=None)
E         )), TensorBox(StorageBox(
E           ComputedBuffer(name='buf7', layout=FixedLayout('cpu', torch.int64, size=[4], stride=[1]), data=Pointwise(
E             'cpu',
E             torch.int64,
E             def inner_fn(index):
E                 i0 = index
E                 tmp0 = ops.constant(0, torch.int64)
E                 return tmp0
E             ,
E             ranges=[4],
E             origin_node=full_default_8,
E             origins=OrderedSet([full_default_8]),
E             stack_traces = {,
E               File "/Users/arogers/github/WikiOracle/basicmodel/bin/Models.py", line 12628, in _reconstruct_sentences,
E                 torch.zeros(B, dtype=torch.long, device=dev),,
E               File "/Users/arogers/github/WikiOracle/basicmodel/.venv/lib/python3.12/site-packages/torch/utils/_device.py", line 122, in __torch_function__,
E                 return func(*args, **kwargs),
E                        ^^^^^^^^^^^^^^^^^^^^^,
E             ,
E             }
E           ), _split_size=None, _original_inner_fn=None, _original_ranges=None, _original_reduction_ranges=None)
E         )), TensorBox(StorageBox(
E           ComputedBuffer(name='buf8', layout=FixedLayout('cpu', torch.int64, size=[4, s9], stride=[s80, 1]), data=Pointwise(
E             'cpu',
E             torch.int64,
E             def inner_fn(index):
E                 i0, i1 = index
E                 tmp0 = ops.constant(-1, torch.int64)
E                 return tmp0
E             ,
E             ranges=[4, s9],
E             origin_node=full_default_5,
E             origins=OrderedSet([full_default_5]),
E             stack_traces = {,
E               File "/Users/arogers/github/WikiOracle/basicmodel/bin/Models.py", line 12623, in _reconstruct_sentences,
E                 empty_positions = torch.full((B, steps), -1, dtype=torch.long, device=dev),
E                                   ^^^^^^^^^^^^^^^^^^^^^^^^^^^^^^^^^^^^^^^^^^^^^^^^^^^^^^^^,
E               File "/Users/arogers/github/WikiOracle/basicmodel/.venv/lib/python3.12/site-packages/torch/utils/_device.py", line 122, in __torch_function__,
E                 return func(*args, **kwargs),
E                        ^^^^^^^^^^^^^^^^^^^^^,
E             ,
E             }
E           ), _split_size=None, _original_inner_fn=None, _original_ranges=None, _original_reduction_ranges=None)
E         )), TensorBox(StorageBox(
E           ComputedBuffer(name='buf10', layout=FixedLayout('cpu', torch.int64, size=[4, s9], stride=[s80, 1]), data=Pointwise(
E             'cpu',
E             torch.int64,
E             def inner_fn(index):
E                 i0, i1 = index
E                 tmp0 = ops.constant(-1, torch.int64)
E                 return tmp0
E             ,
E             ranges=[4, s9],
E             origin_node=None,
E             origins=OrderedSet([while_loop, while_loop_cond_graph_0, whil...,
E             stack_traces = {,
E               File "/Users/arogers/github/WikiOracle/basicmodel/bin/Models.py", line 12624, in _reconstruct_sentences,
E                 _, _, _, occurrence_left, occurrence_right, malformed = _reconstruction_while_loop(,
E                                                                         ^^^^^^^^^^^^^^^^^^^^^^^^^^^,
E               File "/Users/arogers/github/WikiOracle/basicmodel/bin/Models.py", line 379, in _reconstruction_while_loop,
E                 return torch.while_loop(condition, body, values),
E                        ^^^^^^^^^^^^^^^^^^^^^^^^^^^^^^^^^^^^^^^^^,
E               File "/Users/arogers/github/WikiOracle/basicmodel/.venv/lib/python3.12/site-packages/torch/utils/_device.py", line 122, in __torch_function__,
E                 return func(*args, **kwargs),
E                        ^^^^^^^^^^^^^^^^^^^^^,
E             ,
E             },
E             stack_traces = {,
E               File "/Users/arogers/github/WikiOracle/basicmodel/bin/Models.py", line 12626, in _reconstruct_sentences,
E                 (torch.zeros((), dtype=torch.long, device=dev),,
E                  ^^^^^^^^^^^^^^^^^^^^^^^^^^^^^^^^^^^^^^^^^^^^^^,
E               File "/Users/arogers/github/WikiOracle/basicmodel/.venv/lib/python3.12/site-packages/torch/utils/_device.py", line 122, in __torch_function__,
E                 return func(*args, **kwargs),
E                        ^^^^^^^^^^^^^^^^^^^^^,
E             ,
E             },
E             stack_traces = {,
E               File "/Users/arogers/github/WikiOracle/basicmodel/bin/Models.py", line 12627, in _reconstruct_sentences,
E                 torch.full((B, cap), -1, dtype=torch.long, device=dev),,
E               File "/Users/arogers/github/WikiOracle/basicmodel/.venv/lib/python3.12/site-packages/torch/utils/_device.py", line 122, in __torch_function__,
E                 return func(*args, **kwargs),
E                        ^^^^^^^^^^^^^^^^^^^^^,
E             ,
E             },
E             stack_traces = {,
E               File "/Users/arogers/github/WikiOracle/basicmodel/bin/Models.py", line 12628, in _reconstruct_sentences,
E                 torch.zeros(B, dtype=torch.long, device=dev),,
E               File "/Users/arogers/github/WikiOracle/basicmodel/.venv/lib/python3.12/site-packages/torch/utils/_device.py", line 122, in __torch_function__,
E                 return func(*args, **kwargs),
E                        ^^^^^^^^^^^^^^^^^^^^^,
E             ,
E             },
E             stack_traces = {,
E               File "/Users/arogers/github/WikiOracle/basicmodel/bin/Models.py", line 12623, in _reconstruct_sentences,
E                 empty_positions = torch.full((B, steps), -1, dtype=torch.long, device=dev),
E                                   ^^^^^^^^^^^^^^^^^^^^^^^^^^^^^^^^^^^^^^^^^^^^^^^^^^^^^^^^,
E               File "/Users/arogers/github/WikiOracle/basicmodel/.venv/lib/python3.12/site-packages/torch/utils/_device.py", line 122, in __torch_function__,
E                 return func(*args, **kwargs),
E                        ^^^^^^^^^^^^^^^^^^^^^,
E             ,
E             },
E             stack_traces = {,
E               File "/Users/arogers/github/WikiOracle/basicmodel/bin/Models.py", line 12630, in _reconstruct_sentences,
E                 torch.zeros(B, dtype=torch.bool, device=dev))),
E               File "/Users/arogers/github/WikiOracle/basicmodel/.venv/lib/python3.12/site-packages/torch/utils/_device.py", line 122, in __torch_function__,
E                 return func(*args, **kwargs),
E                        ^^^^^^^^^^^^^^^^^^^^^,
E             ,
E             },
E             stack_traces = {,
E               File "/Users/arogers/github/WikiOracle/basicmodel/bin/Models.py", line 12564, in _reconstruct_sentences,
E                 bound = (torch.where(active, positions, -1).amax() + 1).clamp_min(0),
E                         ^^^^^^^^^^^^^^^^^^^^^^^^^^^^^^^^^^^^^^^^^^^^^^^^^^^^^^^^^^^^,
E               File "/Users/arogers/github/WikiOracle/basicmodel/.venv/lib/python3.12/site-packages/torch/utils/_device.py", line 122, in __torch_function__,
E                 return func(*args, **kwargs),
E                        ^^^^^^^^^^^^^^^^^^^^^,
E             ,
E             },
E             stack_traces = {,
E               File "/Users/arogers/github/WikiOracle/basicmodel/bin/Models.py", line 12564, in _reconstruct_sentences,
E                 bound = (torch.where(active, positions, -1).amax() + 1).clamp_min(0),
E                          ^^^^^^^^^^^^^^^^^^^^^^^^^^^^^^^^^^^^^^^^^^^^^^^^^^^^^^^^^^^,
E               File "/Users/arogers/github/WikiOracle/basicmodel/.venv/lib/python3.12/site-packages/torch/utils/_device.py", line 122, in __torch_function__,
E                 return func(*args, **kwargs),
E                        ^^^^^^^^^^^^^^^^^^^^^,
E             ,
E             },
E             stack_traces = {,
E               File "/Users/arogers/github/WikiOracle/basicmodel/bin/Models.py", line 12510, in _reconstruct_sentences,
E                 active = active & (ids == sentence_slot),
E                          ^^^^^^^^^^^^^^^^^^^^^^^^^^^^^^^,
E               File "/Users/arogers/github/WikiOracle/basicmodel/.venv/lib/python3.12/site-packages/torch/utils/_device.py", line 122, in __torch_function__,
E                 return func(*args, **kwargs),
E                        ^^^^^^^^^^^^^^^^^^^^^,
E             ,
E             },
E             stack_traces = {,
E               File "/Users/arogers/github/WikiOracle/basicmodel/bin/Models.py", line 12510, in _reconstruct_sentences,
E                 active = active & (ids == sentence_slot),
E                                    ^^^^^^^^^^^^^^^^^^^^^,
E               File "/Users/arogers/github/WikiOracle/basicmodel/.venv/lib/python3.12/site-packages/torch/utils/_device.py", line 122, in __torch_function__,
E                 return func(*args, **kwargs),
E                        ^^^^^^^^^^^^^^^^^^^^^,
E             ,
E             },
E             stack_traces = {,
E               File "/Users/arogers/github/WikiOracle/basicmodel/bin/Models.py", line 12500, in _reconstruct_sentences,
E                 ids = torch.zeros(B, W, dtype=torch.long, device=dev),
E                       ^^^^^^^^^^^^^^^^^^^^^^^^^^^^^^^^^^^^^^^^^^^^^^^,
E               File "/Users/arogers/github/WikiOracle/basicmodel/.venv/lib/python3.12/site-packages/torch/utils/_device.py", line 122, in __torch_function__,
E                 return func(*args, **kwargs),
E                        ^^^^^^^^^^^^^^^^^^^^^,
E             ,
E             },
E             stack_traces = {,
E               File "/Users/arogers/github/WikiOracle/basicmodel/bin/Models.py", line 12507, in _reconstruct_sentences,
E                 is_end = torch.logical_and(active, torch.logical_not(cont))       # [B, W],
E                          ^^^^^^^^^^^^^^^^^^^^^^^^^^^^^^^^^^^^^^^^^^^^^^^^^^^^^^^^^^^^^^^^^,
E               File "/Users/arogers/github/WikiOracle/basicmodel/.venv/lib/python3.12/site-packages/torch/utils/_device.py", line 122, in __torch_function__,
E                 return func(*args, **kwargs),
E                        ^^^^^^^^^^^^^^^^^^^^^,
E             ,
E             },
E             stack_traces = {,
E               File "/Users/arogers/github/WikiOracle/basicmodel/bin/Models.py", line 12507, in _reconstruct_sentences,
E                 is_end = torch.logical_and(active, torch.logical_not(cont))       # [B, W],
E                                                    ^^^^^^^^^^^^^^^^^^^^^^^^^^^^^^^^^^^^^^^,
E               File "/Users/arogers/github/WikiOracle/basicmodel/.venv/lib/python3.12/site-packages/torch/utils/_device.py", line 122, in __torch_function__,
E                 return func(*args, **kwargs),
E                        ^^^^^^^^^^^^^^^^^^^^^,
E             ,
E             },
E             stack_traces = {,
E               File "/Users/arogers/github/WikiOracle/basicmodel/bin/Models.py", line 12511, in _reconstruct_sentences,
E                 leaves = active & leaf_mask if torch.is_tensor(leaf_mask) else active,
E                          ^^^^^^^^^^^^^^^^^^^^^^^^^^^^^^^^^^^^^^^^^^^^^^^^^^^^^^^^^^^^,
E               File "/Users/arogers/github/WikiOracle/basicmodel/.venv/lib/python3.12/site-packages/torch/utils/_device.py", line 122, in __torch_function__,
E                 return func(*args, **kwargs),
E                        ^^^^^^^^^^^^^^^^^^^^^,
E             ,
E             }
E           ), _split_size=None, _original_inner_fn=None, _original_ranges=None, _original_reduction_ranges=None)
E         )), TensorBox(StorageBox(
E           ComputedBuffer(name='buf9', layout=FixedLayout('cpu', torch.bool, size=[4], stride=[1]), data=Pointwise(
E             'cpu',
E             torch.bool,
E             def inner_fn(index):
E                 i0 = index
E                 tmp0 = ops.constant(False, torch.bool)
E                 return tmp0
E             ,
E             ranges=[4],
E             origin_node=full_default_9,
E             origins=OrderedSet([full_default_9]),
E             stack_traces = {,
E               File "/Users/arogers/github/WikiOracle/basicmodel/bin/Models.py", line 12630, in _reconstruct_sentences,
E                 torch.zeros(B, dtype=torch.bool, device=dev))),
E               File "/Users/arogers/github/WikiOracle/basicmodel/.venv/lib/python3.12/site-packages/torch/utils/_device.py", line 122, in __torch_function__,
E                 return func(*args, **kwargs),
E                        ^^^^^^^^^^^^^^^^^^^^^,
E             ,
E             }
E           ), _split_size=None, _original_inner_fn=None, _original_ranges=None, _original_reduction_ranges=None)
E         )), TensorBox(StorageBox(
E           ComputedBuffer(name='buf11', layout=FlexibleLayout('cpu', torch.int64, size=[], stride=[]), data=Pointwise(
E             'cpu',
E             torch.int64,
E             def inner_fn(index):
E                 tmp0 = ops.load(buf0, 0)
E                 tmp1 = ops.constant(1, torch.int64)
E                 tmp2 = tmp0 + tmp1
E                 tmp3 = ops.constant(0, torch.int64)
E                 tmp4 = ops.maximum(tmp2, tmp3)
E                 return tmp4
E             ,
E             ranges=[],
E             origin_node=clamp_min_1,
E             origins=OrderedSet([clamp_min_1, add_192]),
E             stack_traces = {,
E               File "/Users/arogers/github/WikiOracle/basicmodel/bin/Models.py", line 12564, in _reconstruct_sentences,
E                 bound = (torch.where(active, positions, -1).amax() + 1).clamp_min(0),
E                         ^^^^^^^^^^^^^^^^^^^^^^^^^^^^^^^^^^^^^^^^^^^^^^^^^^^^^^^^^^^^,
E               File "/Users/arogers/github/WikiOracle/basicmodel/.venv/lib/python3.12/site-packages/torch/utils/_device.py", line 122, in __torch_function__,
E                 return func(*args, **kwargs),
E                        ^^^^^^^^^^^^^^^^^^^^^,
E             ,
E             },
E             stack_traces = {,
E               File "/Users/arogers/github/WikiOracle/basicmodel/bin/Models.py", line 12564, in _reconstruct_sentences,
E                 bound = (torch.where(active, positions, -1).amax() + 1).clamp_min(0),
E                          ^^^^^^^^^^^^^^^^^^^^^^^^^^^^^^^^^^^^^^^^^^^^^^^^^^^^^^^^^^^,
E               File "/Users/arogers/github/WikiOracle/basicmodel/.venv/lib/python3.12/site-packages/torch/utils/_device.py", line 122, in __torch_function__,
E                 return func(*args, **kwargs),
E                        ^^^^^^^^^^^^^^^^^^^^^,
E             ,
E             }
E           ), _split_size=None, _original_inner_fn=None, _original_ranges=None, _original_reduction_ranges=None)
E         )), TensorBox(StorageBox(
E           ComputedBuffer(name='buf12', layout=FixedLayout('cpu', torch.bool, size=[4, s38], stride=[s38, 1]), data=Pointwise(
E             'cpu',
E             torch.bool,
E             def inner_fn(index):
E                 i0, i1 = index
E                 tmp0 = ops.load(arg14_1, i1 + i0 * s38)
E                 tmp1 = ops.constant(0, torch.int64)
E                 tmp2 = ops.load(arg17_1, 0)
E                 tmp3 = tmp1 == tmp2
E                 tmp4 = ops.bitwise_and(tmp0, tmp3)
E                 return tmp4
E             ,
E             ranges=[4, s38],
E             origin_node=bitwise_and,
E             origins=OrderedSet([bitwise_and, eq_25, full_default]),
E             stack_traces = {,
E               File "/Users/arogers/github/WikiOracle/basicmodel/bin/Models.py", line 12510, in _reconstruct_sentences,
E                 active = active & (ids == sentence_slot),
E                          ^^^^^^^^^^^^^^^^^^^^^^^^^^^^^^^,
E               File "/Users/arogers/github/WikiOracle/basicmodel/.venv/lib/python3.12/site-packages/torch/utils/_device.py", line 122, in __torch_function__,
E                 return func(*args, **kwargs),
E                        ^^^^^^^^^^^^^^^^^^^^^,
E             ,
E             },
E             stack_traces = {,
E               File "/Users/arogers/github/WikiOracle/basicmodel/bin/Models.py", line 12510, in _reconstruct_sentences,
E                 active = active & (ids == sentence_slot),
E                                    ^^^^^^^^^^^^^^^^^^^^^,
E               File "/Users/arogers/github/WikiOracle/basicmodel/.venv/lib/python3.12/site-packages/torch/utils/_device.py", line 122, in __torch_function__,
E                 return func(*args, **kwargs),
E                        ^^^^^^^^^^^^^^^^^^^^^,
E             ,
E             },
E             stack_traces = {,
E               File "/Users/arogers/github/WikiOracle/basicmodel/bin/Models.py", line 12500, in _reconstruct_sentences,
E                 ids = torch.zeros(B, W, dtype=torch.long, device=dev),
E                       ^^^^^^^^^^^^^^^^^^^^^^^^^^^^^^^^^^^^^^^^^^^^^^^,
E               File "/Users/arogers/github/WikiOracle/basicmodel/.venv/lib/python3.12/site-packages/torch/utils/_device.py", line 122, in __torch_function__,
E                 return func(*args, **kwargs),
E                        ^^^^^^^^^^^^^^^^^^^^^,
E             ,
E             }
E           ), _split_size=None, _original_inner_fn=None, _original_ranges=None, _original_reduction_ranges=None)
E         )), TensorBox(StorageBox(
E           ComputedBuffer(name='buf13', layout=FixedLayout('cpu', torch.int64, size=[4, s71], stride=[s38, 1]), data=Pointwise(
E             'cpu',
E             torch.int64,
E             def inner_fn(index):
E                 i0, i1 = index
E                 tmp0 = ops.constant(0, torch.int64)
E                 return tmp0
E             ,
E             ranges=[4, s71],
E             origin_node=full_default,
E             origins=OrderedSet([full_default]),
E             stack_traces = {,
E               File "/Users/arogers/github/WikiOracle/basicmodel/bin/Models.py", line 12500, in _reconstruct_sentences,
E                 ids = torch.zeros(B, W, dtype=torch.long, device=dev),
E                       ^^^^^^^^^^^^^^^^^^^^^^^^^^^^^^^^^^^^^^^^^^^^^^^,
E               File "/Users/arogers/github/WikiOracle/basicmodel/.venv/lib/python3.12/site-packages/torch/utils/_device.py", line 122, in __torch_function__,
E                 return func(*args, **kwargs),
E                        ^^^^^^^^^^^^^^^^^^^^^,
E             ,
E             }
E           ), _split_size=None, _original_inner_fn=None, _original_ranges=None, _original_reduction_ranges=None)
E         )), TensorBox(StorageBox(
E           ComputedBuffer(name='buf14', layout=FixedLayout('cpu', torch.bool, size=[4, s38], stride=[s38, 1]), data=Pointwise(
E             'cpu',
E             torch.bool,
E             def inner_fn(index):
E                 i0, i1 = index
E                 tmp0 = ops.load(arg14_1, i1 + i0 * s38)
E                 tmp1 = ops.load(buf3, i1 + i0 * s71)
E                 tmp2 = ops.logical_not(tmp1)
E                 tmp3 = ops.logical_and(tmp0, tmp2)
E                 return tmp3
E             ,
E             ranges=[4, s38],
E             origin_node=logical_and_1,
E             origins=OrderedSet([logical_and_1, logical_not]),
E             stack_traces = {,
E               File "/Users/arogers/github/WikiOracle/basicmodel/bin/Models.py", line 12507, in _reconstruct_sentences,
E                 is_end = torch.logical_and(active, torch.logical_not(cont))       # [B, W],
E                          ^^^^^^^^^^^^^^^^^^^^^^^^^^^^^^^^^^^^^^^^^^^^^^^^^^^^^^^^^^^^^^^^^,
E               File "/Users/arogers/github/WikiOracle/basicmodel/.venv/lib/python3.12/site-packages/torch/utils/_device.py", line 122, in __torch_function__,
E                 return func(*args, **kwargs),
E                        ^^^^^^^^^^^^^^^^^^^^^,
E             ,
E             },
E             stack_traces = {,
E               File "/Users/arogers/github/WikiOracle/basicmodel/bin/Models.py", line 12507, in _reconstruct_sentences,
E                 is_end = torch.logical_and(active, torch.logical_not(cont))       # [B, W],
E                                                    ^^^^^^^^^^^^^^^^^^^^^^^^^^^^^^^^^^^^^^^,
E               File "/Users/arogers/github/WikiOracle/basicmodel/.venv/lib/python3.12/site-packages/torch/utils/_device.py", line 122, in __torch_function__,
E                 return func(*args, **kwargs),
E                        ^^^^^^^^^^^^^^^^^^^^^,
E             ,
E             }
E           ), _split_size=None, _original_inner_fn=None, _original_ranges=None, _original_reduction_ranges=None)
E         )), TensorBox(StorageBox(
E           InputBuffer(name='arg7_1', layout=FixedLayout('cpu', torch.int64, size=[4], stride=[1]))
E         )), TensorBox(StorageBox(
E           InputBuffer(name='arg8_1', layout=FixedLayout('cpu', torch.int64, size=[4, 1], stride=[1, 1]))
E         )), TensorBox(StorageBox(
E           InputBuffer(name='arg21_1', layout=FixedLayout('cpu', torch.int64, size=[s13], stride=[1]))
E         )), TensorBox(StorageBox(
E           InputBuffer(name='arg24_1', layout=FixedLayout('cpu', torch.int8, size=[4, s80], stride=[s80, 1]))
E         )), TensorBox(StorageBox(
E           InputBuffer(name='arg22_1', layout=FixedLayout('cpu', torch.bool, size=[4, s80], stride=[s80, 1]))
E         )), TensorBox(StorageBox(
E           InputBuffer(name='arg36_1', layout=FixedLayout('cpu', torch.int64, size=[4, s98], stride=[s98, 1]))
E         )), TensorBox(StorageBox(
E           InputBuffer(name='arg10_1', layout=FixedLayout('cpu', torch.int64, size=[4, s80], stride=[s80, 1]))
E         )), TensorBox(StorageBox(
E           InputBuffer(name='arg34_1', layout=FixedLayout('cpu', torch.int64, size=[1], stride=[1]))
E         )), TensorBox(StorageBox(
E           ComputedBuffer(name='buf4', layout=FixedLayout('cpu', torch.int64, size=[4], stride=[1]), data=Reduction(
E             'cpu',
E             torch.int64,
E             def inner_fn(index, rindex):
E                 i0 = index
E                 r0_0 = rindex
E                 tmp0 = ops.load(arg14_1, r0_0 + i0 * s38)
E                 tmp1 = ops.index_expr(r0_0, torch.int64)
E                 tmp2 = ops.constant(-1, torch.int64)
E                 tmp3 = ops.where(tmp0, tmp1, tmp2)
E                 return tmp3
E             ,
E             ranges=[4],
E             reduction_ranges=[s38],
E             reduction_type=max,
E             origin_node=amax,
E             origins=OrderedSet([amax, where, view, iota, full_default_2]),
E             stack_traces = {,
E               File "/Users/arogers/github/WikiOracle/basicmodel/bin/Models.py", line 12508, in _reconstruct_sentences,
E                 last_index = torch.where(active, positions, torch.full_like(positions, -1)).amax(dim=1),
E                              ^^^^^^^^^^^^^^^^^^^^^^^^^^^^^^^^^^^^^^^^^^^^^^^^^^^^^^^^^^^^^^^^^^^^^^^^^^,
E               File "/Users/arogers/github/WikiOracle/basicmodel/.venv/lib/python3.12/site-packages/torch/utils/_device.py", line 122, in __torch_function__,
E                 return func(*args, **kwargs),
E                        ^^^^^^^^^^^^^^^^^^^^^,
E             ,
E             },
E             stack_traces = {,
E               File "/Users/arogers/github/WikiOracle/basicmodel/bin/Models.py", line 12501, in _reconstruct_sentences,
E                 positions = torch.arange(W, device=dev).reshape(1, W),
E                             ^^^^^^^^^^^^^^^^^^^^^^^^^^^^^^^^^^^^^^^^^,
E               File "/Users/arogers/github/WikiOracle/basicmodel/.venv/lib/python3.12/site-packages/torch/utils/_device.py", line 122, in __torch_function__,
E                 return func(*args, **kwargs),
E                        ^^^^^^^^^^^^^^^^^^^^^,
E             ,
E             },
E             stack_traces = {,
E               File "/Users/arogers/github/WikiOracle/basicmodel/bin/Models.py", line 12508, in _reconstruct_sentences,
E                 last_index = torch.where(active, positions, torch.full_like(positions, -1)).amax(dim=1),
E                                                             ^^^^^^^^^^^^^^^^^^^^^^^^^^^^^^^^^^^^^^^^^^^,
E               File "/Users/arogers/github/WikiOracle/basicmodel/.venv/lib/python3.12/site-packages/torch/utils/_device.py", line 122, in __torch_function__,
E                 return func(*args, **kwargs),
E                        ^^^^^^^^^^^^^^^^^^^^^,
E             ,
E             }
E           ), _split_size=None, _original_inner_fn=None, _original_ranges=None, _original_reduction_ranges=None)
E         )), TensorBox(StorageBox(
E           ComputedBuffer(name='buf15', layout=FixedLayout('cpu', torch.bool, size=[4, s38], stride=[s38, 1]), data=Pointwise(
E             'cpu',
E             torch.bool,
E             def inner_fn(index):
E                 i0, i1 = index
E                 tmp0 = ops.load(arg14_1, i1 + i0 * s38)
E                 tmp1 = ops.constant(0, torch.int64)
E                 tmp2 = ops.load(arg17_1, 0)
E                 tmp3 = tmp1 == tmp2
E                 tmp4 = ops.bitwise_and(tmp0, tmp3)
E                 tmp5 = ops.load(arg19_1, i1 + i0 * s38)
E                 tmp6 = ops.bitwise_and(tmp4, tmp5)
E                 return tmp6
E             ,
E             ranges=[4, s38],
E             origin_node=bitwise_and_1,
E             origins=OrderedSet([bitwise_and_1, bitwise_and, eq_25, full_d...,
E             stack_traces = {,
E               File "/Users/arogers/github/WikiOracle/basicmodel/bin/Models.py", line 12511, in _reconstruct_sentences,
E                 leaves = active & leaf_mask if torch.is_tensor(leaf_mask) else active,
E                          ^^^^^^^^^^^^^^^^^^^^^^^^^^^^^^^^^^^^^^^^^^^^^^^^^^^^^^^^^^^^,
E               File "/Users/arogers/github/WikiOracle/basicmodel/.venv/lib/python3.12/site-packages/torch/utils/_device.py", line 122, in __torch_function__,
E                 return func(*args, **kwargs),
E                        ^^^^^^^^^^^^^^^^^^^^^,
E             ,
E             },
E             stack_traces = {,
E               File "/Users/arogers/github/WikiOracle/basicmodel/bin/Models.py", line 12510, in _reconstruct_sentences,
E                 active = active & (ids == sentence_slot),
E                          ^^^^^^^^^^^^^^^^^^^^^^^^^^^^^^^,
E               File "/Users/arogers/github/WikiOracle/basicmodel/.venv/lib/python3.12/site-packages/torch/utils/_device.py", line 122, in __torch_function__,
E                 return func(*args, **kwargs),
E                        ^^^^^^^^^^^^^^^^^^^^^,
E             ,
E             },
E             stack_traces = {,
E               File "/Users/arogers/github/WikiOracle/basicmodel/bin/Models.py", line 12510, in _reconstruct_sentences,
E                 active = active & (ids == sentence_slot),
E                                    ^^^^^^^^^^^^^^^^^^^^^,
E               File "/Users/arogers/github/WikiOracle/basicmodel/.venv/lib/python3.12/site-packages/torch/utils/_device.py", line 122, in __torch_function__,
E                 return func(*args, **kwargs),
E                        ^^^^^^^^^^^^^^^^^^^^^,
E             ,
E             },
E             stack_traces = {,
E               File "/Users/arogers/github/WikiOracle/basicmodel/bin/Models.py", line 12500, in _reconstruct_sentences,
E                 ids = torch.zeros(B, W, dtype=torch.long, device=dev),
E                       ^^^^^^^^^^^^^^^^^^^^^^^^^^^^^^^^^^^^^^^^^^^^^^^,
E               File "/Users/arogers/github/WikiOracle/basicmodel/.venv/lib/python3.12/site-packages/torch/utils/_device.py", line 122, in __torch_function__,
E                 return func(*args, **kwargs),
E                        ^^^^^^^^^^^^^^^^^^^^^,
E             ,
E             }
E           ), _split_size=None, _original_inner_fn=None, _original_ranges=None, _original_reduction_ranges=None)
E         ))], constant_args=[s80, s13, s38, s98], kwargs={}, output_view=None, python_kernel_name=None, cpp_kernel_name=None, ordered_kwargs_for_cpp_kernel=(), op_overload=None, arg_properties=[{}, {}, {}, {}, {}, {}, {}, {}, {}, {}, {}, {}, {}, {}, {}, {}, {}, {}, {}, {}], allarg_properties={}, kwarg_properties=None, unbacked_bindings={}, mutation_outputs=[], carried_inputs=[TensorBox(StorageBox(
E           ComputedBuffer(name='buf5', layout=FlexibleLayout('cpu', torch.int64, size=[], stride=[]), data=Pointwise(
E             'cpu',
E             torch.int64,
E             def inner_fn(index):
E                 tmp0 = ops.constant(0, torch.int64)
E                 return tmp0
E             ,
E             ranges=[],
E             origin_node=full_default_6,
E             origins=OrderedSet([full_default_6]),
E             stack_traces = {,
E               File "/Users/arogers/github/WikiOracle/basicmodel/bin/Models.py", line 12626, in _reconstruct_sentences,
E                 (torch.zeros((), dtype=torch.long, device=dev),,
E                  ^^^^^^^^^^^^^^^^^^^^^^^^^^^^^^^^^^^^^^^^^^^^^^,
E               File "/Users/arogers/github/WikiOracle/basicmodel/.venv/lib/python3.12/site-packages/torch/utils/_device.py", line 122, in __torch_function__,
E                 return func(*args, **kwargs),
E                        ^^^^^^^^^^^^^^^^^^^^^,
E             ,
E             }
E           ), _split_size=None, _original_inner_fn=None, _original_ranges=None, _original_reduction_ranges=None)
E         )), TensorBox(StorageBox(
E           ComputedBuffer(name='buf6', layout=FixedLayout('cpu', torch.int64, size=[4, 8], stride=[8, 1]), data=Pointwise(
E             'cpu',
E             torch.int64,
E             def inner_fn(index):
E                 i0, i1 = index
E                 tmp0 = ops.constant(-1, torch.int64)
E                 return tmp0
E             ,
E             ranges=[4, 8],
E             origin_node=full_default_7,
E             origins=OrderedSet([full_default_7]),
E             stack_traces = {,
E               File "/Users/arogers/github/WikiOracle/basicmodel/bin/Models.py", line 12627, in _reconstruct_sentences,
E                 torch.full((B, cap), -1, dtype=torch.long, device=dev),,
E               File "/Users/arogers/github/WikiOracle/basicmodel/.venv/lib/python3.12/site-packages/torch/utils/_device.py", line 122, in __torch_function__,
E                 return func(*args, **kwargs),
E                        ^^^^^^^^^^^^^^^^^^^^^,
E             ,
E             }
E           ), _split_size=None, _original_inner_fn=None, _original_ranges=None, _original_reduction_ranges=None)
E         )), TensorBox(StorageBox(
E           ComputedBuffer(name='buf7', layout=FixedLayout('cpu', torch.int64, size=[4], stride=[1]), data=Pointwise(
E             'cpu',
E             torch.int64,
E             def inner_fn(index):
E                 i0 = index
E                 tmp0 = ops.constant(0, torch.int64)
E                 return tmp0
E             ,
E             ranges=[4],
E             origin_node=full_default_8,
E             origins=OrderedSet([full_default_8]),
E             stack_traces = {,
E               File "/Users/arogers/github/WikiOracle/basicmodel/bin/Models.py", line 12628, in _reconstruct_sentences,
E                 torch.zeros(B, dtype=torch.long, device=dev),,
E               File "/Users/arogers/github/WikiOracle/basicmodel/.venv/lib/python3.12/site-packages/torch/utils/_device.py", line 122, in __torch_function__,
E                 return func(*args, **kwargs),
E                        ^^^^^^^^^^^^^^^^^^^^^,
E             ,
E             }
E           ), _split_size=None, _original_inner_fn=None, _original_ranges=None, _original_reduction_ranges=None)
E         )), TensorBox(StorageBox(
E           ComputedBuffer(name='buf8', layout=FixedLayout('cpu', torch.int64, size=[4, s9], stride=[s80, 1]), data=Pointwise(
E             'cpu',
E             torch.int64,
E             def inner_fn(index):
E                 i0, i1 = index
E                 tmp0 = ops.constant(-1, torch.int64)
E                 return tmp0
E             ,
E             ranges=[4, s9],
E             origin_node=full_default_5,
E             origins=OrderedSet([full_default_5]),
E             stack_traces = {,
E               File "/Users/arogers/github/WikiOracle/basicmodel/bin/Models.py", line 12623, in _reconstruct_sentences,
E                 empty_positions = torch.full((B, steps), -1, dtype=torch.long, device=dev),
E                                   ^^^^^^^^^^^^^^^^^^^^^^^^^^^^^^^^^^^^^^^^^^^^^^^^^^^^^^^^,
E               File "/Users/arogers/github/WikiOracle/basicmodel/.venv/lib/python3.12/site-packages/torch/utils/_device.py", line 122, in __torch_function__,
E                 return func(*args, **kwargs),
E                        ^^^^^^^^^^^^^^^^^^^^^,
E             ,
E             }
E           ), _split_size=None, _original_inner_fn=None, _original_ranges=None, _original_reduction_ranges=None)
E         )), TensorBox(StorageBox(
E           ComputedBuffer(name='buf10', layout=FixedLayout('cpu', torch.int64, size=[4, s9], stride=[s80, 1]), data=Pointwise(
E             'cpu',
E             torch.int64,
E             def inner_fn(index):
E                 i0, i1 = index
E                 tmp0 = ops.constant(-1, torch.int64)
E                 return tmp0
E             ,
E             ranges=[4, s9],
E             origin_node=None,
E             origins=OrderedSet([while_loop, while_loop_cond_graph_0, whil...,
E             stack_traces = {,
E               File "/Users/arogers/github/WikiOracle/basicmodel/bin/Models.py", line 12624, in _reconstruct_sentences,
E                 _, _, _, occurrence_left, occurrence_right, malformed = _reconstruction_while_loop(,
E                                                                         ^^^^^^^^^^^^^^^^^^^^^^^^^^^,
E               File "/Users/arogers/github/WikiOracle/basicmodel/bin/Models.py", line 379, in _reconstruction_while_loop,
E                 return torch.while_loop(condition, body, values),
E                        ^^^^^^^^^^^^^^^^^^^^^^^^^^^^^^^^^^^^^^^^^,
E               File "/Users/arogers/github/WikiOracle/basicmodel/.venv/lib/python3.12/site-packages/torch/utils/_device.py", line 122, in __torch_function__,
E                 return func(*args, **kwargs),
E                        ^^^^^^^^^^^^^^^^^^^^^,
E             ,
E             },
E             stack_traces = {,
E               File "/Users/arogers/github/WikiOracle/basicmodel/bin/Models.py", line 12626, in _reconstruct_sentences,
E                 (torch.zeros((), dtype=torch.long, device=dev),,
E                  ^^^^^^^^^^^^^^^^^^^^^^^^^^^^^^^^^^^^^^^^^^^^^^,
E               File "/Users/arogers/github/WikiOracle/basicmodel/.venv/lib/python3.12/site-packages/torch/utils/_device.py", line 122, in __torch_function__,
E                 return func(*args, **kwargs),
E                        ^^^^^^^^^^^^^^^^^^^^^,
E             ,
E             },
E             stack_traces = {,
E               File "/Users/arogers/github/WikiOracle/basicmodel/bin/Models.py", line 12627, in _reconstruct_sentences,
E                 torch.full((B, cap), -1, dtype=torch.long, device=dev),,
E               File "/Users/arogers/github/WikiOracle/basicmodel/.venv/lib/python3.12/site-packages/torch/utils/_device.py", line 122, in __torch_function__,
E                 return func(*args, **kwargs),
E                        ^^^^^^^^^^^^^^^^^^^^^,
E             ,
E             },
E             stack_traces = {,
E               File "/Users/arogers/github/WikiOracle/basicmodel/bin/Models.py", line 12628, in _reconstruct_sentences,
E                 torch.zeros(B, dtype=torch.long, device=dev),,
E               File "/Users/arogers/github/WikiOracle/basicmodel/.venv/lib/python3.12/site-packages/torch/utils/_device.py", line 122, in __torch_function__,
E                 return func(*args, **kwargs),
E                        ^^^^^^^^^^^^^^^^^^^^^,
E             ,
E             },
E             stack_traces = {,
E               File "/Users/arogers/github/WikiOracle/basicmodel/bin/Models.py", line 12623, in _reconstruct_sentences,
E                 empty_positions = torch.full((B, steps), -1, dtype=torch.long, device=dev),
E                                   ^^^^^^^^^^^^^^^^^^^^^^^^^^^^^^^^^^^^^^^^^^^^^^^^^^^^^^^^,
E               File "/Users/arogers/github/WikiOracle/basicmodel/.venv/lib/python3.12/site-packages/torch/utils/_device.py", line 122, in __torch_function__,
E                 return func(*args, **kwargs),
E                        ^^^^^^^^^^^^^^^^^^^^^,
E             ,
E             },
E             stack_traces = {,
E               File "/Users/arogers/github/WikiOracle/basicmodel/bin/Models.py", line 12630, in _reconstruct_sentences,
E                 torch.zeros(B, dtype=torch.bool, device=dev))),
E               File "/Users/arogers/github/WikiOracle/basicmodel/.venv/lib/python3.12/site-packages/torch/utils/_device.py", line 122, in __torch_function__,
E                 return func(*args, **kwargs),
E                        ^^^^^^^^^^^^^^^^^^^^^,
E             ,
E             },
E             stack_traces = {,
E               File "/Users/arogers/github/WikiOracle/basicmodel/bin/Models.py", line 12564, in _reconstruct_sentences,
E                 bound = (torch.where(active, positions, -1).amax() + 1).clamp_min(0),
E                         ^^^^^^^^^^^^^^^^^^^^^^^^^^^^^^^^^^^^^^^^^^^^^^^^^^^^^^^^^^^^,
E               File "/Users/arogers/github/WikiOracle/basicmodel/.venv/lib/python3.12/site-packages/torch/utils/_device.py", line 122, in __torch_function__,
E                 return func(*args, **kwargs),
E                        ^^^^^^^^^^^^^^^^^^^^^,
E             ,
E             },
E             stack_traces = {,
E               File "/Users/arogers/github/WikiOracle/basicmodel/bin/Models.py", line 12564, in _reconstruct_sentences,
E                 bound = (torch.where(active, positions, -1).amax() + 1).clamp_min(0),
E                          ^^^^^^^^^^^^^^^^^^^^^^^^^^^^^^^^^^^^^^^^^^^^^^^^^^^^^^^^^^^,
E               File "/Users/arogers/github/WikiOracle/basicmodel/.venv/lib/python3.12/site-packages/torch/utils/_device.py", line 122, in __torch_function__,
E                 return func(*args, **kwargs),
E                        ^^^^^^^^^^^^^^^^^^^^^,
E             ,
E             },
E             stack_traces = {,
E               File "/Users/arogers/github/WikiOracle/basicmodel/bin/Models.py", line 12510, in _reconstruct_sentences,
E                 active = active & (ids == sentence_slot),
E                          ^^^^^^^^^^^^^^^^^^^^^^^^^^^^^^^,
E               File "/Users/arogers/github/WikiOracle/basicmodel/.venv/lib/python3.12/site-packages/torch/utils/_device.py", line 122, in __torch_function__,
E                 return func(*args, **kwargs),
E                        ^^^^^^^^^^^^^^^^^^^^^,
E             ,
E             },
E             stack_traces = {,
E               File "/Users/arogers/github/WikiOracle/basicmodel/bin/Models.py", line 12510, in _reconstruct_sentences,
E                 active = active & (ids == sentence_slot),
E                                    ^^^^^^^^^^^^^^^^^^^^^,
E               File "/Users/arogers/github/WikiOracle/basicmodel/.venv/lib/python3.12/site-packages/torch/utils/_device.py", line 122, in __torch_function__,
E                 return func(*args, **kwargs),
E                        ^^^^^^^^^^^^^^^^^^^^^,
E             ,
E             },
E             stack_traces = {,
E               File "/Users/arogers/github/WikiOracle/basicmodel/bin/Models.py", line 12500, in _reconstruct_sentences,
E                 ids = torch.zeros(B, W, dtype=torch.long, device=dev),
E                       ^^^^^^^^^^^^^^^^^^^^^^^^^^^^^^^^^^^^^^^^^^^^^^^,
E               File "/Users/arogers/github/WikiOracle/basicmodel/.venv/lib/python3.12/site-packages/torch/utils/_device.py", line 122, in __torch_function__,
E                 return func(*args, **kwargs),
E                        ^^^^^^^^^^^^^^^^^^^^^,
E             ,
E             },
E             stack_traces = {,
E               File "/Users/arogers/github/WikiOracle/basicmodel/bin/Models.py", line 12507, in _reconstruct_sentences,
E                 is_end = torch.logical_and(active, torch.logical_not(cont))       # [B, W],
E                          ^^^^^^^^^^^^^^^^^^^^^^^^^^^^^^^^^^^^^^^^^^^^^^^^^^^^^^^^^^^^^^^^^,
E               File "/Users/arogers/github/WikiOracle/basicmodel/.venv/lib/python3.12/site-packages/torch/utils/_device.py", line 122, in __torch_function__,
E                 return func(*args, **kwargs),
E                        ^^^^^^^^^^^^^^^^^^^^^,
E             ,
E             },
E             stack_traces = {,
E               File "/Users/arogers/github/WikiOracle/basicmodel/bin/Models.py", line 12507, in _reconstruct_sentences,
E                 is_end = torch.logical_and(active, torch.logical_not(cont))       # [B, W],
E                                                    ^^^^^^^^^^^^^^^^^^^^^^^^^^^^^^^^^^^^^^^,
E               File "/Users/arogers/github/WikiOracle/basicmodel/.venv/lib/python3.12/site-packages/torch/utils/_device.py", line 122, in __torch_function__,
E                 return func(*args, **kwargs),
E                        ^^^^^^^^^^^^^^^^^^^^^,
E             ,
E             },
E             stack_traces = {,
E               File "/Users/arogers/github/WikiOracle/basicmodel/bin/Models.py", line 12511, in _reconstruct_sentences,
E                 leaves = active & leaf_mask if torch.is_tensor(leaf_mask) else active,
E                          ^^^^^^^^^^^^^^^^^^^^^^^^^^^^^^^^^^^^^^^^^^^^^^^^^^^^^^^^^^^^,
E               File "/Users/arogers/github/WikiOracle/basicmodel/.venv/lib/python3.12/site-packages/torch/utils/_device.py", line 122, in __torch_function__,
E                 return func(*args, **kwargs),
E                        ^^^^^^^^^^^^^^^^^^^^^,
E             ,
E             }
E           ), _split_size=None, _original_inner_fn=None, _original_ranges=None, _original_reduction_ranges=None)
E         )), TensorBox(StorageBox(
E           ComputedBuffer(name='buf9', layout=FixedLayout('cpu', torch.bool, size=[4], stride=[1]), data=Pointwise(
E             'cpu',
E             torch.bool,
E             def inner_fn(index):
E                 i0 = index
E                 tmp0 = ops.constant(False, torch.bool)
E                 return tmp0
E             ,
E             ranges=[4],
E             origin_node=full_default_9,
E             origins=OrderedSet([full_default_9]),
E             stack_traces = {,
E               File "/Users/arogers/github/WikiOracle/basicmodel/bin/Models.py", line 12630, in _reconstruct_sentences,
E                 torch.zeros(B, dtype=torch.bool, device=dev))),
E               File "/Users/arogers/github/WikiOracle/basicmodel/.venv/lib/python3.12/site-packages/torch/utils/_device.py", line 122, in __torch_function__,
E                 return func(*args, **kwargs),
E                        ^^^^^^^^^^^^^^^^^^^^^,
E             ,
E             }
E           ), _split_size=None, _original_inner_fn=None, _original_ranges=None, _original_reduction_ranges=None)
E         ))], additional_inputs=[ShapeAsConstantBuffer(expr=s80), TensorBox(StorageBox(
E           ComputedBuffer(name='buf11', layout=FlexibleLayout('cpu', torch.int64, size=[], stride=[]), data=Pointwise(
E             'cpu',
E             torch.int64,
E             def inner_fn(index):
E                 tmp0 = ops.load(buf0, 0)
E                 tmp1 = ops.constant(1, torch.int64)
E                 tmp2 = tmp0 + tmp1
E                 tmp3 = ops.constant(0, torch.int64)
E                 tmp4 = ops.maximum(tmp2, tmp3)
E                 return tmp4
E             ,
E             ranges=[],
E             origin_node=clamp_min_1,
E             origins=OrderedSet([clamp_min_1, add_192]),
E             stack_traces = {,
E               File "/Users/arogers/github/WikiOracle/basicmodel/bin/Models.py", line 12564, in _reconstruct_sentences,
E                 bound = (torch.where(active, positions, -1).amax() + 1).clamp_min(0),
E                         ^^^^^^^^^^^^^^^^^^^^^^^^^^^^^^^^^^^^^^^^^^^^^^^^^^^^^^^^^^^^,
E               File "/Users/arogers/github/WikiOracle/basicmodel/.venv/lib/python3.12/site-packages/torch/utils/_device.py", line 122, in __torch_function__,
E                 return func(*args, **kwargs),
E                        ^^^^^^^^^^^^^^^^^^^^^,
E             ,
E             },
E             stack_traces = {,
E               File "/Users/arogers/github/WikiOracle/basicmodel/bin/Models.py", line 12564, in _reconstruct_sentences,
E                 bound = (torch.where(active, positions, -1).amax() + 1).clamp_min(0),
E                          ^^^^^^^^^^^^^^^^^^^^^^^^^^^^^^^^^^^^^^^^^^^^^^^^^^^^^^^^^^^,
E               File "/Users/arogers/github/WikiOracle/basicmodel/.venv/lib/python3.12/site-packages/torch/utils/_device.py", line 122, in __torch_function__,
E                 return func(*args, **kwargs),
E                        ^^^^^^^^^^^^^^^^^^^^^,
E             ,
E             }
E           ), _split_size=None, _original_inner_fn=None, _original_ranges=None, _original_reduction_ranges=None)
E         )), TensorBox(StorageBox(
E           ComputedBuffer(name='buf12', layout=FixedLayout('cpu', torch.bool, size=[4, s38], stride=[s38, 1]), data=Pointwise(
E             'cpu',
E             torch.bool,
E             def inner_fn(index):
E                 i0, i1 = index
E                 tmp0 = ops.load(arg14_1, i1 + i0 * s38)
E                 tmp1 = ops.constant(0, torch.int64)
E                 tmp2 = ops.load(arg17_1, 0)
E                 tmp3 = tmp1 == tmp2
E                 tmp4 = ops.bitwise_and(tmp0, tmp3)
E                 return tmp4
E             ,
E             ranges=[4, s38],
E             origin_node=bitwise_and,
E             origins=OrderedSet([bitwise_and, eq_25, full_default]),
E             stack_traces = {,
E               File "/Users/arogers/github/WikiOracle/basicmodel/bin/Models.py", line 12510, in _reconstruct_sentences,
E                 active = active & (ids == sentence_slot),
E                          ^^^^^^^^^^^^^^^^^^^^^^^^^^^^^^^,
E               File "/Users/arogers/github/WikiOracle/basicmodel/.venv/lib/python3.12/site-packages/torch/utils/_device.py", line 122, in __torch_function__,
E                 return func(*args, **kwargs),
E                        ^^^^^^^^^^^^^^^^^^^^^,
E             ,
E             },
E             stack_traces = {,
E               File "/Users/arogers/github/WikiOracle/basicmodel/bin/Models.py", line 12510, in _reconstruct_sentences,
E                 active = active & (ids == sentence_slot),
E                                    ^^^^^^^^^^^^^^^^^^^^^,
E               File "/Users/arogers/github/WikiOracle/basicmodel/.venv/lib/python3.12/site-packages/torch/utils/_device.py", line 122, in __torch_function__,
E                 return func(*args, **kwargs),
E                        ^^^^^^^^^^^^^^^^^^^^^,
E             ,
E             },
E             stack_traces = {,
E               File "/Users/arogers/github/WikiOracle/basicmodel/bin/Models.py", line 12500, in _reconstruct_sentences,
E                 ids = torch.zeros(B, W, dtype=torch.long, device=dev),
E                       ^^^^^^^^^^^^^^^^^^^^^^^^^^^^^^^^^^^^^^^^^^^^^^^,
E               File "/Users/arogers/github/WikiOracle/basicmodel/.venv/lib/python3.12/site-packages/torch/utils/_device.py", line 122, in __torch_function__,
E                 return func(*args, **kwargs),
E                        ^^^^^^^^^^^^^^^^^^^^^,
E             ,
E             }
E           ), _split_size=None, _original_inner_fn=None, _original_ranges=None, _original_reduction_ranges=None)
E         )), TensorBox(StorageBox(
E           ComputedBuffer(name='buf13', layout=FixedLayout('cpu', torch.int64, size=[4, s71], stride=[s38, 1]), data=Pointwise(
E             'cpu',
E             torch.int64,
E             def inner_fn(index):
E                 i0, i1 = index
E                 tmp0 = ops.constant(0, torch.int64)
E                 return tmp0
E             ,
E             ranges=[4, s71],
E             origin_node=full_default,
E             origins=OrderedSet([full_default]),
E             stack_traces = {,
E               File "/Users/arogers/github/WikiOracle/basicmodel/bin/Models.py", line 12500, in _reconstruct_sentences,
E                 ids = torch.zeros(B, W, dtype=torch.long, device=dev),
E                       ^^^^^^^^^^^^^^^^^^^^^^^^^^^^^^^^^^^^^^^^^^^^^^^,
E               File "/Users/arogers/github/WikiOracle/basicmodel/.venv/lib/python3.12/site-packages/torch/utils/_device.py", line 122, in __torch_function__,
E                 return func(*args, **kwargs),
E                        ^^^^^^^^^^^^^^^^^^^^^,
E             ,
E             }
E           ), _split_size=None, _original_inner_fn=None, _original_ranges=None, _original_reduction_ranges=None)
E         )), TensorBox(StorageBox(
E           ComputedBuffer(name='buf14', layout=FixedLayout('cpu', torch.bool, size=[4, s38], stride=[s38, 1]), data=Pointwise(
E             'cpu',
E             torch.bool,
E             def inner_fn(index):
E                 i0, i1 = index
E                 tmp0 = ops.load(arg14_1, i1 + i0 * s38)
E                 tmp1 = ops.load(buf3, i1 + i0 * s71)
E                 tmp2 = ops.logical_not(tmp1)
E                 tmp3 = ops.logical_and(tmp0, tmp2)
E                 return tmp3
E             ,
E             ranges=[4, s38],
E             origin_node=logical_and_1,
E             origins=OrderedSet([logical_and_1, logical_not]),
E             stack_traces = {,
E               File "/Users/arogers/github/WikiOracle/basicmodel/bin/Models.py", line 12507, in _reconstruct_sentences,
E                 is_end = torch.logical_and(active, torch.logical_not(cont))       # [B, W],
E                          ^^^^^^^^^^^^^^^^^^^^^^^^^^^^^^^^^^^^^^^^^^^^^^^^^^^^^^^^^^^^^^^^^,
E               File "/Users/arogers/github/WikiOracle/basicmodel/.venv/lib/python3.12/site-packages/torch/utils/_device.py", line 122, in __torch_function__,
E                 return func(*args, **kwargs),
E                        ^^^^^^^^^^^^^^^^^^^^^,
E             ,
E             },
E             stack_traces = {,
E               File "/Users/arogers/github/WikiOracle/basicmodel/bin/Models.py", line 12507, in _reconstruct_sentences,
E                 is_end = torch.logical_and(active, torch.logical_not(cont))       # [B, W],
E                                                    ^^^^^^^^^^^^^^^^^^^^^^^^^^^^^^^^^^^^^^^,
E               File "/Users/arogers/github/WikiOracle/basicmodel/.venv/lib/python3.12/site-packages/torch/utils/_device.py", line 122, in __torch_function__,
E                 return func(*args, **kwargs),
E                        ^^^^^^^^^^^^^^^^^^^^^,
E             ,
E             }
E           ), _split_size=None, _original_inner_fn=None, _original_ranges=None, _original_reduction_ranges=None)
E         )), TensorBox(StorageBox(
E           InputBuffer(name='arg7_1', layout=FixedLayout('cpu', torch.int64, size=[4], stride=[1]))
E         )), TensorBox(StorageBox(
E           InputBuffer(name='arg8_1', layout=FixedLayout('cpu', torch.int64, size=[4, 1], stride=[1, 1]))
E         )), TensorBox(StorageBox(
E           InputBuffer(name='arg21_1', layout=FixedLayout('cpu', torch.int64, size=[s13], stride=[1]))
E         )), TensorBox(StorageBox(
E           InputBuffer(name='arg24_1', layout=FixedLayout('cpu', torch.int8, size=[4, s80], stride=[s80, 1]))
E         )), TensorBox(StorageBox(
E           InputBuffer(name='arg22_1', layout=FixedLayout('cpu', torch.bool, size=[4, s80], stride=[s80, 1]))
E         )), TensorBox(StorageBox(
E           InputBuffer(name='arg36_1', layout=FixedLayout('cpu', torch.int64, size=[4, s98], stride=[s98, 1]))
E         )), TensorBox(StorageBox(
E           InputBuffer(name='arg10_1', layout=FixedLayout('cpu', torch.int64, size=[4, s80], stride=[s80, 1]))
E         )), TensorBox(StorageBox(
E           InputBuffer(name='arg34_1', layout=FixedLayout('cpu', torch.int64, size=[1], stride=[1]))
E         )), TensorBox(StorageBox(
E           ComputedBuffer(name='buf4', layout=FixedLayout('cpu', torch.int64, size=[4], stride=[1]), data=Reduction(
E             'cpu',
E             torch.int64,
E             def inner_fn(index, rindex):
E                 i0 = index
E                 r0_0 = rindex
E                 tmp0 = ops.load(arg14_1, r0_0 + i0 * s38)
E                 tmp1 = ops.index_expr(r0_0, torch.int64)
E                 tmp2 = ops.constant(-1, torch.int64)
E                 tmp3 = ops.where(tmp0, tmp1, tmp2)
E                 return tmp3
E             ,
E             ranges=[4],
E             reduction_ranges=[s38],
E             reduction_type=max,
E             origin_node=amax,
E             origins=OrderedSet([amax, where, view, iota, full_default_2]),
E             stack_traces = {,
E               File "/Users/arogers/github/WikiOracle/basicmodel/bin/Models.py", line 12508, in _reconstruct_sentences,
E                 last_index = torch.where(active, positions, torch.full_like(positions, -1)).amax(dim=1),
E                              ^^^^^^^^^^^^^^^^^^^^^^^^^^^^^^^^^^^^^^^^^^^^^^^^^^^^^^^^^^^^^^^^^^^^^^^^^^,
E               File "/Users/arogers/github/WikiOracle/basicmodel/.venv/lib/python3.12/site-packages/torch/utils/_device.py", line 122, in __torch_function__,
E                 return func(*args, **kwargs),
E                        ^^^^^^^^^^^^^^^^^^^^^,
E             ,
E             },
E             stack_traces = {,
E               File "/Users/arogers/github/WikiOracle/basicmodel/bin/Models.py", line 12501, in _reconstruct_sentences,
E                 positions = torch.arange(W, device=dev).reshape(1, W),
E                             ^^^^^^^^^^^^^^^^^^^^^^^^^^^^^^^^^^^^^^^^^,
E               File "/Users/arogers/github/WikiOracle/basicmodel/.venv/lib/python3.12/site-packages/torch/utils/_device.py", line 122, in __torch_function__,
E                 return func(*args, **kwargs),
E                        ^^^^^^^^^^^^^^^^^^^^^,
E             ,
E             },
E             stack_traces = {,
E               File "/Users/arogers/github/WikiOracle/basicmodel/bin/Models.py", line 12508, in _reconstruct_sentences,
E                 last_index = torch.where(active, positions, torch.full_like(positions, -1)).amax(dim=1),
E                                                             ^^^^^^^^^^^^^^^^^^^^^^^^^^^^^^^^^^^^^^^^^^^,
E               File "/Users/arogers/github/WikiOracle/basicmodel/.venv/lib/python3.12/site-packages/torch/utils/_device.py", line 122, in __torch_function__,
E                 return func(*args, **kwargs),
E                        ^^^^^^^^^^^^^^^^^^^^^,
E             ,
E             }
E           ), _split_size=None, _original_inner_fn=None, _original_ranges=None, _original_reduction_ranges=None)
E         )), TensorBox(StorageBox(
E           ComputedBuffer(name='buf15', layout=FixedLayout('cpu', torch.bool, size=[4, s38], stride=[s38, 1]), data=Pointwise(
E             'cpu',
E             torch.bool,
E             def inner_fn(index):
E                 i0, i1 = index
E                 tmp0 = ops.load(arg14_1, i1 + i0 * s38)
E                 tmp1 = ops.constant(0, torch.int64)
E                 tmp2 = ops.load(arg17_1, 0)
E                 tmp3 = tmp1 == tmp2
E                 tmp4 = ops.bitwise_and(tmp0, tmp3)
E                 tmp5 = ops.load(arg19_1, i1 + i0 * s38)
E                 tmp6 = ops.bitwise_and(tmp4, tmp5)
E                 return tmp6
E             ,
E             ranges=[4, s38],
E             origin_node=bitwise_and_1,
E             origins=OrderedSet([bitwise_and_1, bitwise_and, eq_25, full_d...,
E             stack_traces = {,
E               File "/Users/arogers/github/WikiOracle/basicmodel/bin/Models.py", line 12511, in _reconstruct_sentences,
E                 leaves = active & leaf_mask if torch.is_tensor(leaf_mask) else active,
E                          ^^^^^^^^^^^^^^^^^^^^^^^^^^^^^^^^^^^^^^^^^^^^^^^^^^^^^^^^^^^^,
E               File "/Users/arogers/github/WikiOracle/basicmodel/.venv/lib/python3.12/site-packages/torch/utils/_device.py", line 122, in __torch_function__,
E                 return func(*args, **kwargs),
E                        ^^^^^^^^^^^^^^^^^^^^^,
E             ,
E             },
E             stack_traces = {,
E               File "/Users/arogers/github/WikiOracle/basicmodel/bin/Models.py", line 12510, in _reconstruct_sentences,
E                 active = active & (ids == sentence_slot),
E                          ^^^^^^^^^^^^^^^^^^^^^^^^^^^^^^^,
E               File "/Users/arogers/github/WikiOracle/basicmodel/.venv/lib/python3.12/site-packages/torch/utils/_device.py", line 122, in __torch_function__,
E                 return func(*args, **kwargs),
E                        ^^^^^^^^^^^^^^^^^^^^^,
E             ,
E             },
E             stack_traces = {,
E               File "/Users/arogers/github/WikiOracle/basicmodel/bin/Models.py", line 12510, in _reconstruct_sentences,
E                 active = active & (ids == sentence_slot),
E                                    ^^^^^^^^^^^^^^^^^^^^^,
E               File "/Users/arogers/github/WikiOracle/basicmodel/.venv/lib/python3.12/site-packages/torch/utils/_device.py", line 122, in __torch_function__,
E                 return func(*args, **kwargs),
E                        ^^^^^^^^^^^^^^^^^^^^^,
E             ,
E             },
E             stack_traces = {,
E               File "/Users/arogers/github/WikiOracle/basicmodel/bin/Models.py", line 12500, in _reconstruct_sentences,
E                 ids = torch.zeros(B, W, dtype=torch.long, device=dev),
E                       ^^^^^^^^^^^^^^^^^^^^^^^^^^^^^^^^^^^^^^^^^^^^^^^,
E               File "/Users/arogers/github/WikiOracle/basicmodel/.venv/lib/python3.12/site-packages/torch/utils/_device.py", line 122, in __torch_function__,
E                 return func(*args, **kwargs),
E                        ^^^^^^^^^^^^^^^^^^^^^,
E             ,
E             }
E           ), _split_size=None, _original_inner_fn=None, _original_ranges=None, _original_reduction_ranges=None)
E         )), ShapeAsConstantBuffer(expr=s13), ShapeAsConstantBuffer(expr=s38), ShapeAsConstantBuffer(expr=s98)], cond_subgraph=Subgraph(name='while_loop_cond_graph_0', graph_module=<lambda>(), inductor_config_patches=None, graph=<torch._inductor.graph.SubgraphLowering object at 0x16e6a9250>), body_subgraph=Subgraph(name='while_loop_body_graph_0', graph_module=<lambda>(), inductor_config_patches=None, graph=<torch._inductor.graph.SubgraphLowering object at 0x16e82e3f0>), outputs=[MultiOutput(
E           python_kernel_name=None,
E           name=buf17,
E           layout=FixedLayout('cpu', torch.int64, size=[], stride=[]),
E           inputs=[...],
E           constant_args=(),
E           kwargs={},
E           output_view=None,
E           python_kernel_name=None,
E           cpp_kernel_name=None,
E           ordered_kwargs_for_cpp_kernel=(),
E           op_overload=None,
E           arg_properties=[{}],
E           allarg_properties={},
E           kwarg_properties=None,
E           unbacked_bindings={},
E           mutation_outputs=[],
E           origin_node=None,
E           origins=OrderedSet([while_loop, while_loop_cond_graph_0, whil...,
E           stack_traces = {,
E             File "/Users/arogers/github/WikiOracle/basicmodel/bin/Models.py", line 12624, in _reconstruct_sentences,
E               _, _, _, occurrence_left, occurrence_right, malformed = _reconstruction_while_loop(,
E                                                                       ^^^^^^^^^^^^^^^^^^^^^^^^^^^,
E             File "/Users/arogers/github/WikiOracle/basicmodel/bin/Models.py", line 379, in _reconstruction_while_loop,
E               return torch.while_loop(condition, body, values),
E                      ^^^^^^^^^^^^^^^^^^^^^^^^^^^^^^^^^^^^^^^^^,
E             File "/Users/arogers/github/WikiOracle/basicmodel/.venv/lib/python3.12/site-packages/torch/utils/_device.py", line 122, in __torch_function__,
E               return func(*args, **kwargs),
E                      ^^^^^^^^^^^^^^^^^^^^^,
E           ,
E           },
E           stack_traces = {,
E             File "/Users/arogers/github/WikiOracle/basicmodel/bin/Models.py", line 12626, in _reconstruct_sentences,
E               (torch.zeros((), dtype=torch.long, device=dev),,
E                ^^^^^^^^^^^^^^^^^^^^^^^^^^^^^^^^^^^^^^^^^^^^^^,
E             File "/Users/arogers/github/WikiOracle/basicmodel/.venv/lib/python3.12/site-packages/torch/utils/_device.py", line 122, in __torch_function__,
E               return func(*args, **kwargs),
E                      ^^^^^^^^^^^^^^^^^^^^^,
E           ,
E           },
E           stack_traces = {,
E             File "/Users/arogers/github/WikiOracle/basicmodel/bin/Models.py", line 12627, in _reconstruct_sentences,
E               torch.full((B, cap), -1, dtype=torch.long, device=dev),,
E             File "/Users/arogers/github/WikiOracle/basicmodel/.venv/lib/python3.12/site-packages/torch/utils/_device.py", line 122, in __torch_function__,
E               return func(*args, **kwargs),
E                      ^^^^^^^^^^^^^^^^^^^^^,
E           ,
E           },
E           stack_traces = {,
E             File "/Users/arogers/github/WikiOracle/basicmodel/bin/Models.py", line 12628, in _reconstruct_sentences,
E               torch.zeros(B, dtype=torch.long, device=dev),,
E             File "/Users/arogers/github/WikiOracle/basicmodel/.venv/lib/python3.12/site-packages/torch/utils/_device.py", line 122, in __torch_function__,
E               return func(*args, **kwargs),
E                      ^^^^^^^^^^^^^^^^^^^^^,
E           ,
E           },
E           stack_traces = {,
E             File "/Users/arogers/github/WikiOracle/basicmodel/bin/Models.py", line 12623, in _reconstruct_sentences,
E               empty_positions = torch.full((B, steps), -1, dtype=torch.long, device=dev),
E                                 ^^^^^^^^^^^^^^^^^^^^^^^^^^^^^^^^^^^^^^^^^^^^^^^^^^^^^^^^,
E             File "/Users/arogers/github/WikiOracle/basicmodel/.venv/lib/python3.12/site-packages/torch/utils/_device.py", line 122, in __torch_function__,
E               return func(*args, **kwargs),
E                      ^^^^^^^^^^^^^^^^^^^^^,
E           ,
E           },
E           stack_traces = {,
E             File "/Users/arogers/github/WikiOracle/basicmodel/bin/Models.py", line 12630, in _reconstruct_sentences,
E               torch.zeros(B, dtype=torch.bool, device=dev))),
E             File "/Users/arogers/github/WikiOracle/basicmodel/.venv/lib/python3.12/site-packages/torch/utils/_device.py", line 122, in __torch_function__,
E               return func(*args, **kwargs),
E                      ^^^^^^^^^^^^^^^^^^^^^,
E           ,
E           },
E           stack_traces = {,
E             File "/Users/arogers/github/WikiOracle/basicmodel/bin/Models.py", line 12564, in _reconstruct_sentences,
E               bound = (torch.where(active, positions, -1).amax() + 1).clamp_min(0),
E                       ^^^^^^^^^^^^^^^^^^^^^^^^^^^^^^^^^^^^^^^^^^^^^^^^^^^^^^^^^^^^,
E             File "/Users/arogers/github/WikiOracle/basicmodel/.venv/lib/python3.12/site-packages/torch/utils/_device.py", line 122, in __torch_function__,
E               return func(*args, **kwargs),
E                      ^^^^^^^^^^^^^^^^^^^^^,
E           ,
E           },
E           stack_traces = {,
E             File "/Users/arogers/github/WikiOracle/basicmodel/bin/Models.py", line 12564, in _reconstruct_sentences,
E               bound = (torch.where(active, positions, -1).amax() + 1).clamp_min(0),
E                        ^^^^^^^^^^^^^^^^^^^^^^^^^^^^^^^^^^^^^^^^^^^^^^^^^^^^^^^^^^^,
E             File "/Users/arogers/github/WikiOracle/basicmodel/.venv/lib/python3.12/site-packages/torch/utils/_device.py", line 122, in __torch_function__,
E               return func(*args, **kwargs),
E                      ^^^^^^^^^^^^^^^^^^^^^,
E           ,
E           },
E           stack_traces = {,
E             File "/Users/arogers/github/WikiOracle/basicmodel/bin/Models.py", line 12510, in _reconstruct_sentences,
E               active = active & (ids == sentence_slot),
E                        ^^^^^^^^^^^^^^^^^^^^^^^^^^^^^^^,
E             File "/Users/arogers/github/WikiOracle/basicmodel/.venv/lib/python3.12/site-packages/torch/utils/_device.py", line 122, in __torch_function__,
E               return func(*args, **kwargs),
E                      ^^^^^^^^^^^^^^^^^^^^^,
E           ,
E           },
E           stack_traces = {,
E             File "/Users/arogers/github/WikiOracle/basicmodel/bin/Models.py", line 12510, in _reconstruct_sentences,
E               active = active & (ids == sentence_slot),
E                                  ^^^^^^^^^^^^^^^^^^^^^,
E             File "/Users/arogers/github/WikiOracle/basicmodel/.venv/lib/python3.12/site-packages/torch/utils/_device.py", line 122, in __torch_function__,
E               return func(*args, **kwargs),
E                      ^^^^^^^^^^^^^^^^^^^^^,
E           ,
E           },
E           stack_traces = {,
E             File "/Users/arogers/github/WikiOracle/basicmodel/bin/Models.py", line 12500, in _reconstruct_sentences,
E               ids = torch.zeros(B, W, dtype=torch.long, device=dev),
E                     ^^^^^^^^^^^^^^^^^^^^^^^^^^^^^^^^^^^^^^^^^^^^^^^,
E             File "/Users/arogers/github/WikiOracle/basicmodel/.venv/lib/python3.12/site-packages/torch/utils/_device.py", line 122, in __torch_function__,
E               return func(*args, **kwargs),
E                      ^^^^^^^^^^^^^^^^^^^^^,
E           ,
E           },
E           stack_traces = {,
E             File "/Users/arogers/github/WikiOracle/basicmodel/bin/Models.py", line 12507, in _reconstruct_sentences,
E               is_end = torch.logical_and(active, torch.logical_not(cont))       # [B, W],
E                        ^^^^^^^^^^^^^^^^^^^^^^^^^^^^^^^^^^^^^^^^^^^^^^^^^^^^^^^^^^^^^^^^^,
E             File "/Users/arogers/github/WikiOracle/basicmodel/.venv/lib/python3.12/site-packages/torch/utils/_device.py", line 122, in __torch_function__,
E               return func(*args, **kwargs),
E                      ^^^^^^^^^^^^^^^^^^^^^,
E           ,
E           },
E           stack_traces = {,
E             File "/Users/arogers/github/WikiOracle/basicmodel/bin/Models.py", line 12507, in _reconstruct_sentences,
E               is_end = torch.logical_and(active, torch.logical_not(cont))       # [B, W],
E                                                  ^^^^^^^^^^^^^^^^^^^^^^^^^^^^^^^^^^^^^^^,
E             File "/Users/arogers/github/WikiOracle/basicmodel/.venv/lib/python3.12/site-packages/torch/utils/_device.py", line 122, in __torch_function__,
E               return func(*args, **kwargs),
E                      ^^^^^^^^^^^^^^^^^^^^^,
E           ,
E           },
E           stack_traces = {,
E             File "/Users/arogers/github/WikiOracle/basicmodel/bin/Models.py", line 12511, in _reconstruct_sentences,
E               leaves = active & leaf_mask if torch.is_tensor(leaf_mask) else active,
E                        ^^^^^^^^^^^^^^^^^^^^^^^^^^^^^^^^^^^^^^^^^^^^^^^^^^^^^^^^^^^^,
E             File "/Users/arogers/github/WikiOracle/basicmodel/.venv/lib/python3.12/site-packages/torch/utils/_device.py", line 122, in __torch_function__,
E               return func(*args, **kwargs),
E                      ^^^^^^^^^^^^^^^^^^^^^,
E           ,
E           }
E         ), MultiOutput(
E           python_kernel_name=None,
E           name=buf18,
E           layout=FixedLayout('cpu', torch.int64, size=[4, 8], stride=[8, 1]),
E           inputs=[...],
E           constant_args=(),
E           kwargs={},
E           output_view=None,
E           python_kernel_name=None,
E           cpp_kernel_name=None,
E           ordered_kwargs_for_cpp_kernel=(),
E           op_overload=None,
E           arg_properties=[{}],
E           allarg_properties={},
E           kwarg_properties=None,
E           unbacked_bindings={},
E           mutation_outputs=[],
E           origin_node=None,
E           origins=OrderedSet([while_loop, while_loop_cond_graph_0, whil...,
E           stack_traces = {,
E             File "/Users/arogers/github/WikiOracle/basicmodel/bin/Models.py", line 12624, in _reconstruct_sentences,
E               _, _, _, occurrence_left, occurrence_right, malformed = _reconstruction_while_loop(,
E                                                                       ^^^^^^^^^^^^^^^^^^^^^^^^^^^,
E             File "/Users/arogers/github/WikiOracle/basicmodel/bin/Models.py", line 379, in _reconstruction_while_loop,
E               return torch.while_loop(condition, body, values),
E                      ^^^^^^^^^^^^^^^^^^^^^^^^^^^^^^^^^^^^^^^^^,
E             File "/Users/arogers/github/WikiOracle/basicmodel/.venv/lib/python3.12/site-packages/torch/utils/_device.py", line 122, in __torch_function__,
E               return func(*args, **kwargs),
E                      ^^^^^^^^^^^^^^^^^^^^^,
E           ,
E           },
E           stack_traces = {,
E             File "/Users/arogers/github/WikiOracle/basicmodel/bin/Models.py", line 12626, in _reconstruct_sentences,
E               (torch.zeros((), dtype=torch.long, device=dev),,
E                ^^^^^^^^^^^^^^^^^^^^^^^^^^^^^^^^^^^^^^^^^^^^^^,
E             File "/Users/arogers/github/WikiOracle/basicmodel/.venv/lib/python3.12/site-packages/torch/utils/_device.py", line 122, in __torch_function__,
E               return func(*args, **kwargs),
E                      ^^^^^^^^^^^^^^^^^^^^^,
E           ,
E           },
E           stack_traces = {,
E             File "/Users/arogers/github/WikiOracle/basicmodel/bin/Models.py", line 12627, in _reconstruct_sentences,
E               torch.full((B, cap), -1, dtype=torch.long, device=dev),,
E             File "/Users/arogers/github/WikiOracle/basicmodel/.venv/lib/python3.12/site-packages/torch/utils/_device.py", line 122, in __torch_function__,
E               return func(*args, **kwargs),
E                      ^^^^^^^^^^^^^^^^^^^^^,
E           ,
E           },
E           stack_traces = {,
E             File "/Users/arogers/github/WikiOracle/basicmodel/bin/Models.py", line 12628, in _reconstruct_sentences,
E               torch.zeros(B, dtype=torch.long, device=dev),,
E             File "/Users/arogers/github/WikiOracle/basicmodel/.venv/lib/python3.12/site-packages/torch/utils/_device.py", line 122, in __torch_function__,
E               return func(*args, **kwargs),
E                      ^^^^^^^^^^^^^^^^^^^^^,
E           ,
E           },
E           stack_traces = {,
E             File "/Users/arogers/github/WikiOracle/basicmodel/bin/Models.py", line 12623, in _reconstruct_sentences,
E               empty_positions = torch.full((B, steps), -1, dtype=torch.long, device=dev),
E                                 ^^^^^^^^^^^^^^^^^^^^^^^^^^^^^^^^^^^^^^^^^^^^^^^^^^^^^^^^,
E             File "/Users/arogers/github/WikiOracle/basicmodel/.venv/lib/python3.12/site-packages/torch/utils/_device.py", line 122, in __torch_function__,
E               return func(*args, **kwargs),
E                      ^^^^^^^^^^^^^^^^^^^^^,
E           ,
E           },
E           stack_traces = {,
E             File "/Users/arogers/github/WikiOracle/basicmodel/bin/Models.py", line 12630, in _reconstruct_sentences,
E               torch.zeros(B, dtype=torch.bool, device=dev))),
E             File "/Users/arogers/github/WikiOracle/basicmodel/.venv/lib/python3.12/site-packages/torch/utils/_device.py", line 122, in __torch_function__,
E               return func(*args, **kwargs),
E                      ^^^^^^^^^^^^^^^^^^^^^,
E           ,
E           },
E           stack_traces = {,
E             File "/Users/arogers/github/WikiOracle/basicmodel/bin/Models.py", line 12564, in _reconstruct_sentences,
E               bound = (torch.where(active, positions, -1).amax() + 1).clamp_min(0),
E                       ^^^^^^^^^^^^^^^^^^^^^^^^^^^^^^^^^^^^^^^^^^^^^^^^^^^^^^^^^^^^,
E             File "/Users/arogers/github/WikiOracle/basicmodel/.venv/lib/python3.12/site-packages/torch/utils/_device.py", line 122, in __torch_function__,
E               return func(*args, **kwargs),
E                      ^^^^^^^^^^^^^^^^^^^^^,
E           ,
E           },
E           stack_traces = {,
E             File "/Users/arogers/github/WikiOracle/basicmodel/bin/Models.py", line 12564, in _reconstruct_sentences,
E               bound = (torch.where(active, positions, -1).amax() + 1).clamp_min(0),
E                        ^^^^^^^^^^^^^^^^^^^^^^^^^^^^^^^^^^^^^^^^^^^^^^^^^^^^^^^^^^^,
E             File "/Users/arogers/github/WikiOracle/basicmodel/.venv/lib/python3.12/site-packages/torch/utils/_device.py", line 122, in __torch_function__,
E               return func(*args, **kwargs),
E                      ^^^^^^^^^^^^^^^^^^^^^,
E           ,
E           },
E           stack_traces = {,
E             File "/Users/arogers/github/WikiOracle/basicmodel/bin/Models.py", line 12510, in _reconstruct_sentences,
E               active = active & (ids == sentence_slot),
E                        ^^^^^^^^^^^^^^^^^^^^^^^^^^^^^^^,
E             File "/Users/arogers/github/WikiOracle/basicmodel/.venv/lib/python3.12/site-packages/torch/utils/_device.py", line 122, in __torch_function__,
E               return func(*args, **kwargs),
E                      ^^^^^^^^^^^^^^^^^^^^^,
E           ,
E           },
E           stack_traces = {,
E             File "/Users/arogers/github/WikiOracle/basicmodel/bin/Models.py", line 12510, in _reconstruct_sentences,
E               active = active & (ids == sentence_slot),
E                                  ^^^^^^^^^^^^^^^^^^^^^,
E             File "/Users/arogers/github/WikiOracle/basicmodel/.venv/lib/python3.12/site-packages/torch/utils/_device.py", line 122, in __torch_function__,
E               return func(*args, **kwargs),
E                      ^^^^^^^^^^^^^^^^^^^^^,
E           ,
E           },
E           stack_traces = {,
E             File "/Users/arogers/github/WikiOracle/basicmodel/bin/Models.py", line 12500, in _reconstruct_sentences,
E               ids = torch.zeros(B, W, dtype=torch.long, device=dev),
E                     ^^^^^^^^^^^^^^^^^^^^^^^^^^^^^^^^^^^^^^^^^^^^^^^,
E             File "/Users/arogers/github/WikiOracle/basicmodel/.venv/lib/python3.12/site-packages/torch/utils/_device.py", line 122, in __torch_function__,
E               return func(*args, **kwargs),
E                      ^^^^^^^^^^^^^^^^^^^^^,
E           ,
E           },
E           stack_traces = {,
E             File "/Users/arogers/github/WikiOracle/basicmodel/bin/Models.py", line 12507, in _reconstruct_sentences,
E               is_end = torch.logical_and(active, torch.logical_not(cont))       # [B, W],
E                        ^^^^^^^^^^^^^^^^^^^^^^^^^^^^^^^^^^^^^^^^^^^^^^^^^^^^^^^^^^^^^^^^^,
E             File "/Users/arogers/github/WikiOracle/basicmodel/.venv/lib/python3.12/site-packages/torch/utils/_device.py", line 122, in __torch_function__,
E               return func(*args, **kwargs),
E                      ^^^^^^^^^^^^^^^^^^^^^,
E           ,
E           },
E           stack_traces = {,
E             File "/Users/arogers/github/WikiOracle/basicmodel/bin/Models.py", line 12507, in _reconstruct_sentences,
E               is_end = torch.logical_and(active, torch.logical_not(cont))       # [B, W],
E                                                  ^^^^^^^^^^^^^^^^^^^^^^^^^^^^^^^^^^^^^^^,
E             File "/Users/arogers/github/WikiOracle/basicmodel/.venv/lib/python3.12/site-packages/torch/utils/_device.py", line 122, in __torch_function__,
E               return func(*args, **kwargs),
E                      ^^^^^^^^^^^^^^^^^^^^^,
E           ,
E           },
E           stack_traces = {,
E             File "/Users/arogers/github/WikiOracle/basicmodel/bin/Models.py", line 12511, in _reconstruct_sentences,
E               leaves = active & leaf_mask if torch.is_tensor(leaf_mask) else active,
E                        ^^^^^^^^^^^^^^^^^^^^^^^^^^^^^^^^^^^^^^^^^^^^^^^^^^^^^^^^^^^^,
E             File "/Users/arogers/github/WikiOracle/basicmodel/.venv/lib/python3.12/site-packages/torch/utils/_device.py", line 122, in __torch_function__,
E               return func(*args, **kwargs),
E                      ^^^^^^^^^^^^^^^^^^^^^,
E           ,
E           }
E         ), MultiOutput(
E           python_kernel_name=None,
E           name=buf19,
E           layout=FixedLayout('cpu', torch.int64, size=[4], stride=[1]),
E           inputs=[...],
E           constant_args=(),
E           kwargs={},
E           output_view=None,
E           python_kernel_name=None,
E           cpp_kernel_name=None,
E           ordered_kwargs_for_cpp_kernel=(),
E           op_overload=None,
E           arg_properties=[{}],
E           allarg_properties={},
E           kwarg_properties=None,
E           unbacked_bindings={},
E           mutation_outputs=[],
E           origin_node=None,
E           origins=OrderedSet([while_loop, while_loop_cond_graph_0, whil...,
E           stack_traces = {,
E             File "/Users/arogers/github/WikiOracle/basicmodel/bin/Models.py", line 12624, in _reconstruct_sentences,
E               _, _, _, occurrence_left, occurrence_right, malformed = _reconstruction_while_loop(,
E                                                                       ^^^^^^^^^^^^^^^^^^^^^^^^^^^,
E             File "/Users/arogers/github/WikiOracle/basicmodel/bin/Models.py", line 379, in _reconstruction_while_loop,
E               return torch.while_loop(condition, body, values),
E                      ^^^^^^^^^^^^^^^^^^^^^^^^^^^^^^^^^^^^^^^^^,
E             File "/Users/arogers/github/WikiOracle/basicmodel/.venv/lib/python3.12/site-packages/torch/utils/_device.py", line 122, in __torch_function__,
E               return func(*args, **kwargs),
E                      ^^^^^^^^^^^^^^^^^^^^^,
E           ,
E           },
E           stack_traces = {,
E             File "/Users/arogers/github/WikiOracle/basicmodel/bin/Models.py", line 12626, in _reconstruct_sentences,
E               (torch.zeros((), dtype=torch.long, device=dev),,
E                ^^^^^^^^^^^^^^^^^^^^^^^^^^^^^^^^^^^^^^^^^^^^^^,
E             File "/Users/arogers/github/WikiOracle/basicmodel/.venv/lib/python3.12/site-packages/torch/utils/_device.py", line 122, in __torch_function__,
E               return func(*args, **kwargs),
E                      ^^^^^^^^^^^^^^^^^^^^^,
E           ,
E           },
E           stack_traces = {,
E             File "/Users/arogers/github/WikiOracle/basicmodel/bin/Models.py", line 12627, in _reconstruct_sentences,
E               torch.full((B, cap), -1, dtype=torch.long, device=dev),,
E             File "/Users/arogers/github/WikiOracle/basicmodel/.venv/lib/python3.12/site-packages/torch/utils/_device.py", line 122, in __torch_function__,
E               return func(*args, **kwargs),
E                      ^^^^^^^^^^^^^^^^^^^^^,
E           ,
E           },
E           stack_traces = {,
E             File "/Users/arogers/github/WikiOracle/basicmodel/bin/Models.py", line 12628, in _reconstruct_sentences,
E               torch.zeros(B, dtype=torch.long, device=dev),,
E             File "/Users/arogers/github/WikiOracle/basicmodel/.venv/lib/python3.12/site-packages/torch/utils/_device.py", line 122, in __torch_function__,
E               return func(*args, **kwargs),
E                      ^^^^^^^^^^^^^^^^^^^^^,
E           ,
E           },
E           stack_traces = {,
E             File "/Users/arogers/github/WikiOracle/basicmodel/bin/Models.py", line 12623, in _reconstruct_sentences,
E               empty_positions = torch.full((B, steps), -1, dtype=torch.long, device=dev),
E                                 ^^^^^^^^^^^^^^^^^^^^^^^^^^^^^^^^^^^^^^^^^^^^^^^^^^^^^^^^,
E             File "/Users/arogers/github/WikiOracle/basicmodel/.venv/lib/python3.12/site-packages/torch/utils/_device.py", line 122, in __torch_function__,
E               return func(*args, **kwargs),
E                      ^^^^^^^^^^^^^^^^^^^^^,
E           ,
E           },
E           stack_traces = {,
E             File "/Users/arogers/github/WikiOracle/basicmodel/bin/Models.py", line 12630, in _reconstruct_sentences,
E               torch.zeros(B, dtype=torch.bool, device=dev))),
E             File "/Users/arogers/github/WikiOracle/basicmodel/.venv/lib/python3.12/site-packages/torch/utils/_device.py", line 122, in __torch_function__,
E               return func(*args, **kwargs),
E                      ^^^^^^^^^^^^^^^^^^^^^,
E           ,
E           },
E           stack_traces = {,
E             File "/Users/arogers/github/WikiOracle/basicmodel/bin/Models.py", line 12564, in _reconstruct_sentences,
E               bound = (torch.where(active, positions, -1).amax() + 1).clamp_min(0),
E                       ^^^^^^^^^^^^^^^^^^^^^^^^^^^^^^^^^^^^^^^^^^^^^^^^^^^^^^^^^^^^,
E             File "/Users/arogers/github/WikiOracle/basicmodel/.venv/lib/python3.12/site-packages/torch/utils/_device.py", line 122, in __torch_function__,
E               return func(*args, **kwargs),
E                      ^^^^^^^^^^^^^^^^^^^^^,
E           ,
E           },
E           stack_traces = {,
E             File "/Users/arogers/github/WikiOracle/basicmodel/bin/Models.py", line 12564, in _reconstruct_sentences,
E               bound = (torch.where(active, positions, -1).amax() + 1).clamp_min(0),
E                        ^^^^^^^^^^^^^^^^^^^^^^^^^^^^^^^^^^^^^^^^^^^^^^^^^^^^^^^^^^^,
E             File "/Users/arogers/github/WikiOracle/basicmodel/.venv/lib/python3.12/site-packages/torch/utils/_device.py", line 122, in __torch_function__,
E               return func(*args, **kwargs),
E                      ^^^^^^^^^^^^^^^^^^^^^,
E           ,
E           },
E           stack_traces = {,
E             File "/Users/arogers/github/WikiOracle/basicmodel/bin/Models.py", line 12510, in _reconstruct_sentences,
E               active = active & (ids == sentence_slot),
E                        ^^^^^^^^^^^^^^^^^^^^^^^^^^^^^^^,
E             File "/Users/arogers/github/WikiOracle/basicmodel/.venv/lib/python3.12/site-packages/torch/utils/_device.py", line 122, in __torch_function__,
E               return func(*args, **kwargs),
E                      ^^^^^^^^^^^^^^^^^^^^^,
E           ,
E           },
E           stack_traces = {,
E             File "/Users/arogers/github/WikiOracle/basicmodel/bin/Models.py", line 12510, in _reconstruct_sentences,
E               active = active & (ids == sentence_slot),
E                                  ^^^^^^^^^^^^^^^^^^^^^,
E             File "/Users/arogers/github/WikiOracle/basicmodel/.venv/lib/python3.12/site-packages/torch/utils/_device.py", line 122, in __torch_function__,
E               return func(*args, **kwargs),
E                      ^^^^^^^^^^^^^^^^^^^^^,
E           ,
E           },
E           stack_traces = {,
E             File "/Users/arogers/github/WikiOracle/basicmodel/bin/Models.py", line 12500, in _reconstruct_sentences,
E               ids = torch.zeros(B, W, dtype=torch.long, device=dev),
E                     ^^^^^^^^^^^^^^^^^^^^^^^^^^^^^^^^^^^^^^^^^^^^^^^,
E             File "/Users/arogers/github/WikiOracle/basicmodel/.venv/lib/python3.12/site-packages/torch/utils/_device.py", line 122, in __torch_function__,
E               return func(*args, **kwargs),
E                      ^^^^^^^^^^^^^^^^^^^^^,
E           ,
E           },
E           stack_traces = {,
E             File "/Users/arogers/github/WikiOracle/basicmodel/bin/Models.py", line 12507, in _reconstruct_sentences,
E               is_end = torch.logical_and(active, torch.logical_not(cont))       # [B, W],
E                        ^^^^^^^^^^^^^^^^^^^^^^^^^^^^^^^^^^^^^^^^^^^^^^^^^^^^^^^^^^^^^^^^^,
E             File "/Users/arogers/github/WikiOracle/basicmodel/.venv/lib/python3.12/site-packages/torch/utils/_device.py", line 122, in __torch_function__,
E               return func(*args, **kwargs),
E                      ^^^^^^^^^^^^^^^^^^^^^,
E           ,
E           },
E           stack_traces = {,
E             File "/Users/arogers/github/WikiOracle/basicmodel/bin/Models.py", line 12507, in _reconstruct_sentences,
E               is_end = torch.logical_and(active, torch.logical_not(cont))       # [B, W],
E                                                  ^^^^^^^^^^^^^^^^^^^^^^^^^^^^^^^^^^^^^^^,
E             File "/Users/arogers/github/WikiOracle/basicmodel/.venv/lib/python3.12/site-packages/torch/utils/_device.py", line 122, in __torch_function__,
E               return func(*args, **kwargs),
E                      ^^^^^^^^^^^^^^^^^^^^^,
E           ,
E           },
E           stack_traces = {,
E             File "/Users/arogers/github/WikiOracle/basicmodel/bin/Models.py", line 12511, in _reconstruct_sentences,
E               leaves = active & leaf_mask if torch.is_tensor(leaf_mask) else active,
E                        ^^^^^^^^^^^^^^^^^^^^^^^^^^^^^^^^^^^^^^^^^^^^^^^^^^^^^^^^^^^^,
E             File "/Users/arogers/github/WikiOracle/basicmodel/.venv/lib/python3.12/site-packages/torch/utils/_device.py", line 122, in __torch_function__,
E               return func(*args, **kwargs),
E                      ^^^^^^^^^^^^^^^^^^^^^,
E           ,
E           }
E         ), MultiOutput(
E           python_kernel_name=None,
E           name=buf20,
E           layout=FixedLayout('cpu', torch.int64, size=[4, s80], stride=[s80, 1]),
E           inputs=[...],
E           constant_args=(),
E           kwargs={},
E           output_view=None,
E           python_kernel_name=None,
E           cpp_kernel_name=None,
E           ordered_kwargs_for_cpp_kernel=(),
E           op_overload=None,
E           arg_properties=[{}],
E           allarg_properties={},
E           kwarg_properties=None,
E           unbacked_bindings={},
E           mutation_outputs=[],
E           origin_node=getitem_3,
E           origins=OrderedSet([while_loop, while_loop_cond_graph_0, whil...,
E           stack_traces = {,
E             File "/Users/arogers/github/WikiOracle/basicmodel/bin/Models.py", line 12624, in _reconstruct_sentences,
E               _, _, _, occurrence_left, occurrence_right, malformed = _reconstruction_while_loop(,
E                                                                       ^^^^^^^^^^^^^^^^^^^^^^^^^^^,
E             File "/Users/arogers/github/WikiOracle/basicmodel/bin/Models.py", line 379, in _reconstruction_while_loop,
E               return torch.while_loop(condition, body, values),
E                      ^^^^^^^^^^^^^^^^^^^^^^^^^^^^^^^^^^^^^^^^^,
E             File "/Users/arogers/github/WikiOracle/basicmodel/.venv/lib/python3.12/site-packages/torch/utils/_device.py", line 122, in __torch_function__,
E               return func(*args, **kwargs),
E                      ^^^^^^^^^^^^^^^^^^^^^,
E           ,
E           }
E         ), MultiOutput(
E           python_kernel_name=None,
E           name=buf21,
E           layout=FixedLayout('cpu', torch.int64, size=[4, s80], stride=[s80, 1]),
E           inputs=[...],
E           constant_args=(),
E           kwargs={},
E           output_view=None,
E           python_kernel_name=None,
E           cpp_kernel_name=None,
E           ordered_kwargs_for_cpp_kernel=(),
E           op_overload=None,
E           arg_properties=[{}],
E           allarg_properties={},
E           kwarg_properties=None,
E           unbacked_bindings={},
E           mutation_outputs=[],
E           origin_node=getitem_4,
E           origins=OrderedSet([while_loop, while_loop_cond_graph_0, whil...,
E           stack_traces = {,
E             File "/Users/arogers/github/WikiOracle/basicmodel/bin/Models.py", line 12624, in _reconstruct_sentences,
E               _, _, _, occurrence_left, occurrence_right, malformed = _reconstruction_while_loop(,
E                                                                       ^^^^^^^^^^^^^^^^^^^^^^^^^^^,
E             File "/Users/arogers/github/WikiOracle/basicmodel/bin/Models.py", line 379, in _reconstruction_while_loop,
E               return torch.while_loop(condition, body, values),
E                      ^^^^^^^^^^^^^^^^^^^^^^^^^^^^^^^^^^^^^^^^^,
E             File "/Users/arogers/github/WikiOracle/basicmodel/.venv/lib/python3.12/site-packages/torch/utils/_device.py", line 122, in __torch_function__,
E               return func(*args, **kwargs),
E                      ^^^^^^^^^^^^^^^^^^^^^,
E           ,
E           }
E         ), MultiOutput(
E           python_kernel_name=None,
E           name=buf22,
E           layout=FixedLayout('cpu', torch.bool, size=[4], stride=[1]),
E           inputs=[...],
E           constant_args=(),
E           kwargs={},
E           output_view=None,
E           python_kernel_name=None,
E           cpp_kernel_name=None,
E           ordered_kwargs_for_cpp_kernel=(),
E           op_overload=None,
E           arg_properties=[{}],
E           allarg_properties={},
E           kwarg_properties=None,
E           unbacked_bindings={},
E           mutation_outputs=[],
E           origin_node=getitem_5,
E           origins=OrderedSet([while_loop, while_loop_cond_graph_0, whil...,
E           stack_traces = {,
E             File "/Users/arogers/github/WikiOracle/basicmodel/bin/Models.py", line 12624, in _reconstruct_sentences,
E               _, _, _, occurrence_left, occurrence_right, malformed = _reconstruction_while_loop(,
E                                                                       ^^^^^^^^^^^^^^^^^^^^^^^^^^^,
E             File "/Users/arogers/github/WikiOracle/basicmodel/bin/Models.py", line 379, in _reconstruction_while_loop,
E               return torch.while_loop(condition, body, values),
E                      ^^^^^^^^^^^^^^^^^^^^^^^^^^^^^^^^^^^^^^^^^,
E             File "/Users/arogers/github/WikiOracle/basicmodel/.venv/lib/python3.12/site-packages/torch/utils/_device.py", line 122, in __torch_function__,
E               return func(*args, **kwargs),
E                      ^^^^^^^^^^^^^^^^^^^^^,
E           ,
E           }
E         )])],
E         constant_args=(),
E         kwargs={},
E         output_view=None,
E         python_kernel_name=None,
E         cpp_kernel_name=None,
E         ordered_kwargs_for_cpp_kernel=(),
E         op_overload=None,
E         arg_properties=[{}],
E         allarg_properties={},
E         kwarg_properties=None,
E         unbacked_bindings={},
E         mutation_outputs=[],
E         origin_node=getitem_3,
E         origins=OrderedSet([while_loop, while_loop_cond_graph_0, whil...,
E         stack_traces = {,
E           File "/Users/arogers/github/WikiOracle/basicmodel/bin/Models.py", line 12624, in _reconstruct_sentences,
E             _, _, _, occurrence_left, occurrence_right, malformed = _reconstruction_while_loop(,
E                                                                     ^^^^^^^^^^^^^^^^^^^^^^^^^^^,
E           File "/Users/arogers/github/WikiOracle/basicmodel/bin/Models.py", line 379, in _reconstruction_while_loop,
E             return torch.while_loop(condition, body, values),
E                    ^^^^^^^^^^^^^^^^^^^^^^^^^^^^^^^^^^^^^^^^^,
E           File "/Users/arogers/github/WikiOracle/basicmodel/.venv/lib/python3.12/site-packages/torch/utils/_device.py", line 122, in __torch_function__,
E             return func(*args, **kwargs),
E                    ^^^^^^^^^^^^^^^^^^^^^,
E         ,
E         }
E       )
E     )), TensorBox(StorageBox(
E       MultiOutput(
E         python_kernel_name=None,
E         name=buf21,
E         layout=FixedLayout('cpu', torch.int64, size=[4, s80], stride=[s80, 1]),
E         inputs=[WhileLoop(name='buf16', layout=MultiOutputLayout(device=device(type='cpu')), inputs=[TensorBox(StorageBox(
E           ComputedBuffer(name='buf5', layout=FlexibleLayout('cpu', torch.int64, size=[], stride=[]), data=Pointwise(
E             'cpu',
E             torch.int64,
E             def inner_fn(index):
E                 tmp0 = ops.constant(0, torch.int64)
E                 return tmp0
E             ,
E             ranges=[],
E             origin_node=full_default_6,
E             origins=OrderedSet([full_default_6]),
E             stack_traces = {,
E               File "/Users/arogers/github/WikiOracle/basicmodel/bin/Models.py", line 12626, in _reconstruct_sentences,
E                 (torch.zeros((), dtype=torch.long, device=dev),,
E                  ^^^^^^^^^^^^^^^^^^^^^^^^^^^^^^^^^^^^^^^^^^^^^^,
E               File "/Users/arogers/github/WikiOracle/basicmodel/.venv/lib/python3.12/site-packages/torch/utils/_device.py", line 122, in __torch_function__,
E                 return func(*args, **kwargs),
E                        ^^^^^^^^^^^^^^^^^^^^^,
E             ,
E             }
E           ), _split_size=None, _original_inner_fn=None, _original_ranges=None, _original_reduction_ranges=None)
E         )), TensorBox(StorageBox(
E           ComputedBuffer(name='buf6', layout=FixedLayout('cpu', torch.int64, size=[4, 8], stride=[8, 1]), data=Pointwise(
E             'cpu',
E             torch.int64,
E             def inner_fn(index):
E                 i0, i1 = index
E                 tmp0 = ops.constant(-1, torch.int64)
E                 return tmp0
E             ,
E             ranges=[4, 8],
E             origin_node=full_default_7,
E             origins=OrderedSet([full_default_7]),
E             stack_traces = {,
E               File "/Users/arogers/github/WikiOracle/basicmodel/bin/Models.py", line 12627, in _reconstruct_sentences,
E                 torch.full((B, cap), -1, dtype=torch.long, device=dev),,
E               File "/Users/arogers/github/WikiOracle/basicmodel/.venv/lib/python3.12/site-packages/torch/utils/_device.py", line 122, in __torch_function__,
E                 return func(*args, **kwargs),
E                        ^^^^^^^^^^^^^^^^^^^^^,
E             ,
E             }
E           ), _split_size=None, _original_inner_fn=None, _original_ranges=None, _original_reduction_ranges=None)
E         )), TensorBox(StorageBox(
E           ComputedBuffer(name='buf7', layout=FixedLayout('cpu', torch.int64, size=[4], stride=[1]), data=Pointwise(
E             'cpu',
E             torch.int64,
E             def inner_fn(index):
E                 i0 = index
E                 tmp0 = ops.constant(0, torch.int64)
E                 return tmp0
E             ,
E             ranges=[4],
E             origin_node=full_default_8,
E             origins=OrderedSet([full_default_8]),
E             stack_traces = {,
E               File "/Users/arogers/github/WikiOracle/basicmodel/bin/Models.py", line 12628, in _reconstruct_sentences,
E                 torch.zeros(B, dtype=torch.long, device=dev),,
E               File "/Users/arogers/github/WikiOracle/basicmodel/.venv/lib/python3.12/site-packages/torch/utils/_device.py", line 122, in __torch_function__,
E                 return func(*args, **kwargs),
E                        ^^^^^^^^^^^^^^^^^^^^^,
E             ,
E             }
E           ), _split_size=None, _original_inner_fn=None, _original_ranges=None, _original_reduction_ranges=None)
E         )), TensorBox(StorageBox(
E           ComputedBuffer(name='buf8', layout=FixedLayout('cpu', torch.int64, size=[4, s9], stride=[s80, 1]), data=Pointwise(
E             'cpu',
E             torch.int64,
E             def inner_fn(index):
E                 i0, i1 = index
E                 tmp0 = ops.constant(-1, torch.int64)
E                 return tmp0
E             ,
E             ranges=[4, s9],
E             origin_node=full_default_5,
E             origins=OrderedSet([full_default_5]),
E             stack_traces = {,
E               File "/Users/arogers/github/WikiOracle/basicmodel/bin/Models.py", line 12623, in _reconstruct_sentences,
E                 empty_positions = torch.full((B, steps), -1, dtype=torch.long, device=dev),
E                                   ^^^^^^^^^^^^^^^^^^^^^^^^^^^^^^^^^^^^^^^^^^^^^^^^^^^^^^^^,
E               File "/Users/arogers/github/WikiOracle/basicmodel/.venv/lib/python3.12/site-packages/torch/utils/_device.py", line 122, in __torch_function__,
E                 return func(*args, **kwargs),
E                        ^^^^^^^^^^^^^^^^^^^^^,
E             ,
E             }
E           ), _split_size=None, _original_inner_fn=None, _original_ranges=None, _original_reduction_ranges=None)
E         )), TensorBox(StorageBox(
E           ComputedBuffer(name='buf10', layout=FixedLayout('cpu', torch.int64, size=[4, s9], stride=[s80, 1]), data=Pointwise(
E             'cpu',
E             torch.int64,
E             def inner_fn(index):
E                 i0, i1 = index
E                 tmp0 = ops.constant(-1, torch.int64)
E                 return tmp0
E             ,
E             ranges=[4, s9],
E             origin_node=None,
E             origins=OrderedSet([while_loop, while_loop_cond_graph_0, whil...,
E             stack_traces = {,
E               File "/Users/arogers/github/WikiOracle/basicmodel/bin/Models.py", line 12624, in _reconstruct_sentences,
E                 _, _, _, occurrence_left, occurrence_right, malformed = _reconstruction_while_loop(,
E                                                                         ^^^^^^^^^^^^^^^^^^^^^^^^^^^,
E               File "/Users/arogers/github/WikiOracle/basicmodel/bin/Models.py", line 379, in _reconstruction_while_loop,
E                 return torch.while_loop(condition, body, values),
E                        ^^^^^^^^^^^^^^^^^^^^^^^^^^^^^^^^^^^^^^^^^,
E               File "/Users/arogers/github/WikiOracle/basicmodel/.venv/lib/python3.12/site-packages/torch/utils/_device.py", line 122, in __torch_function__,
E                 return func(*args, **kwargs),
E                        ^^^^^^^^^^^^^^^^^^^^^,
E             ,
E             },
E             stack_traces = {,
E               File "/Users/arogers/github/WikiOracle/basicmodel/bin/Models.py", line 12626, in _reconstruct_sentences,
E                 (torch.zeros((), dtype=torch.long, device=dev),,
E                  ^^^^^^^^^^^^^^^^^^^^^^^^^^^^^^^^^^^^^^^^^^^^^^,
E               File "/Users/arogers/github/WikiOracle/basicmodel/.venv/lib/python3.12/site-packages/torch/utils/_device.py", line 122, in __torch_function__,
E                 return func(*args, **kwargs),
E                        ^^^^^^^^^^^^^^^^^^^^^,
E             ,
E             },
E             stack_traces = {,
E               File "/Users/arogers/github/WikiOracle/basicmodel/bin/Models.py", line 12627, in _reconstruct_sentences,
E                 torch.full((B, cap), -1, dtype=torch.long, device=dev),,
E               File "/Users/arogers/github/WikiOracle/basicmodel/.venv/lib/python3.12/site-packages/torch/utils/_device.py", line 122, in __torch_function__,
E                 return func(*args, **kwargs),
E                        ^^^^^^^^^^^^^^^^^^^^^,
E             ,
E             },
E             stack_traces = {,
E               File "/Users/arogers/github/WikiOracle/basicmodel/bin/Models.py", line 12628, in _reconstruct_sentences,
E                 torch.zeros(B, dtype=torch.long, device=dev),,
E               File "/Users/arogers/github/WikiOracle/basicmodel/.venv/lib/python3.12/site-packages/torch/utils/_device.py", line 122, in __torch_function__,
E                 return func(*args, **kwargs),
E                        ^^^^^^^^^^^^^^^^^^^^^,
E             ,
E             },
E             stack_traces = {,
E               File "/Users/arogers/github/WikiOracle/basicmodel/bin/Models.py", line 12623, in _reconstruct_sentences,
E                 empty_positions = torch.full((B, steps), -1, dtype=torch.long, device=dev),
E                                   ^^^^^^^^^^^^^^^^^^^^^^^^^^^^^^^^^^^^^^^^^^^^^^^^^^^^^^^^,
E               File "/Users/arogers/github/WikiOracle/basicmodel/.venv/lib/python3.12/site-packages/torch/utils/_device.py", line 122, in __torch_function__,
E                 return func(*args, **kwargs),
E                        ^^^^^^^^^^^^^^^^^^^^^,
E             ,
E             },
E             stack_traces = {,
E               File "/Users/arogers/github/WikiOracle/basicmodel/bin/Models.py", line 12630, in _reconstruct_sentences,
E                 torch.zeros(B, dtype=torch.bool, device=dev))),
E               File "/Users/arogers/github/WikiOracle/basicmodel/.venv/lib/python3.12/site-packages/torch/utils/_device.py", line 122, in __torch_function__,
E                 return func(*args, **kwargs),
E                        ^^^^^^^^^^^^^^^^^^^^^,
E             ,
E             },
E             stack_traces = {,
E               File "/Users/arogers/github/WikiOracle/basicmodel/bin/Models.py", line 12564, in _reconstruct_sentences,
E                 bound = (torch.where(active, positions, -1).amax() + 1).clamp_min(0),
E                         ^^^^^^^^^^^^^^^^^^^^^^^^^^^^^^^^^^^^^^^^^^^^^^^^^^^^^^^^^^^^,
E               File "/Users/arogers/github/WikiOracle/basicmodel/.venv/lib/python3.12/site-packages/torch/utils/_device.py", line 122, in __torch_function__,
E                 return func(*args, **kwargs),
E                        ^^^^^^^^^^^^^^^^^^^^^,
E             ,
E             },
E             stack_traces = {,
E               File "/Users/arogers/github/WikiOracle/basicmodel/bin/Models.py", line 12564, in _reconstruct_sentences,
E                 bound = (torch.where(active, positions, -1).amax() + 1).clamp_min(0),
E                          ^^^^^^^^^^^^^^^^^^^^^^^^^^^^^^^^^^^^^^^^^^^^^^^^^^^^^^^^^^^,
E               File "/Users/arogers/github/WikiOracle/basicmodel/.venv/lib/python3.12/site-packages/torch/utils/_device.py", line 122, in __torch_function__,
E                 return func(*args, **kwargs),
E                        ^^^^^^^^^^^^^^^^^^^^^,
E             ,
E             },
E             stack_traces = {,
E               File "/Users/arogers/github/WikiOracle/basicmodel/bin/Models.py", line 12510, in _reconstruct_sentences,
E                 active = active & (ids == sentence_slot),
E                          ^^^^^^^^^^^^^^^^^^^^^^^^^^^^^^^,
E               File "/Users/arogers/github/WikiOracle/basicmodel/.venv/lib/python3.12/site-packages/torch/utils/_device.py", line 122, in __torch_function__,
E                 return func(*args, **kwargs),
E                        ^^^^^^^^^^^^^^^^^^^^^,
E             ,
E             },
E             stack_traces = {,
E               File "/Users/arogers/github/WikiOracle/basicmodel/bin/Models.py", line 12510, in _reconstruct_sentences,
E                 active = active & (ids == sentence_slot),
E                                    ^^^^^^^^^^^^^^^^^^^^^,
E               File "/Users/arogers/github/WikiOracle/basicmodel/.venv/lib/python3.12/site-packages/torch/utils/_device.py", line 122, in __torch_function__,
E                 return func(*args, **kwargs),
E                        ^^^^^^^^^^^^^^^^^^^^^,
E             ,
E             },
E             stack_traces = {,
E               File "/Users/arogers/github/WikiOracle/basicmodel/bin/Models.py", line 12500, in _reconstruct_sentences,
E                 ids = torch.zeros(B, W, dtype=torch.long, device=dev),
E                       ^^^^^^^^^^^^^^^^^^^^^^^^^^^^^^^^^^^^^^^^^^^^^^^,
E               File "/Users/arogers/github/WikiOracle/basicmodel/.venv/lib/python3.12/site-packages/torch/utils/_device.py", line 122, in __torch_function__,
E                 return func(*args, **kwargs),
E                        ^^^^^^^^^^^^^^^^^^^^^,
E             ,
E             },
E             stack_traces = {,
E               File "/Users/arogers/github/WikiOracle/basicmodel/bin/Models.py", line 12507, in _reconstruct_sentences,
E                 is_end = torch.logical_and(active, torch.logical_not(cont))       # [B, W],
E                          ^^^^^^^^^^^^^^^^^^^^^^^^^^^^^^^^^^^^^^^^^^^^^^^^^^^^^^^^^^^^^^^^^,
E               File "/Users/arogers/github/WikiOracle/basicmodel/.venv/lib/python3.12/site-packages/torch/utils/_device.py", line 122, in __torch_function__,
E                 return func(*args, **kwargs),
E                        ^^^^^^^^^^^^^^^^^^^^^,
E             ,
E             },
E             stack_traces = {,
E               File "/Users/arogers/github/WikiOracle/basicmodel/bin/Models.py", line 12507, in _reconstruct_sentences,
E                 is_end = torch.logical_and(active, torch.logical_not(cont))       # [B, W],
E                                                    ^^^^^^^^^^^^^^^^^^^^^^^^^^^^^^^^^^^^^^^,
E               File "/Users/arogers/github/WikiOracle/basicmodel/.venv/lib/python3.12/site-packages/torch/utils/_device.py", line 122, in __torch_function__,
E                 return func(*args, **kwargs),
E                        ^^^^^^^^^^^^^^^^^^^^^,
E             ,
E             },
E             stack_traces = {,
E               File "/Users/arogers/github/WikiOracle/basicmodel/bin/Models.py", line 12511, in _reconstruct_sentences,
E                 leaves = active & leaf_mask if torch.is_tensor(leaf_mask) else active,
E                          ^^^^^^^^^^^^^^^^^^^^^^^^^^^^^^^^^^^^^^^^^^^^^^^^^^^^^^^^^^^^,
E               File "/Users/arogers/github/WikiOracle/basicmodel/.venv/lib/python3.12/site-packages/torch/utils/_device.py", line 122, in __torch_function__,
E                 return func(*args, **kwargs),
E                        ^^^^^^^^^^^^^^^^^^^^^,
E             ,
E             }
E           ), _split_size=None, _original_inner_fn=None, _original_ranges=None, _original_reduction_ranges=None)
E         )), TensorBox(StorageBox(
E           ComputedBuffer(name='buf9', layout=FixedLayout('cpu', torch.bool, size=[4], stride=[1]), data=Pointwise(
E             'cpu',
E             torch.bool,
E             def inner_fn(index):
E                 i0 = index
E                 tmp0 = ops.constant(False, torch.bool)
E                 return tmp0
E             ,
E             ranges=[4],
E             origin_node=full_default_9,
E             origins=OrderedSet([full_default_9]),
E             stack_traces = {,
E               File "/Users/arogers/github/WikiOracle/basicmodel/bin/Models.py", line 12630, in _reconstruct_sentences,
E                 torch.zeros(B, dtype=torch.bool, device=dev))),
E               File "/Users/arogers/github/WikiOracle/basicmodel/.venv/lib/python3.12/site-packages/torch/utils/_device.py", line 122, in __torch_function__,
E                 return func(*args, **kwargs),
E                        ^^^^^^^^^^^^^^^^^^^^^,
E             ,
E             }
E           ), _split_size=None, _original_inner_fn=None, _original_ranges=None, _original_reduction_ranges=None)
E         )), TensorBox(StorageBox(
E           ComputedBuffer(name='buf11', layout=FlexibleLayout('cpu', torch.int64, size=[], stride=[]), data=Pointwise(
E             'cpu',
E             torch.int64,
E             def inner_fn(index):
E                 tmp0 = ops.load(buf0, 0)
E                 tmp1 = ops.constant(1, torch.int64)
E                 tmp2 = tmp0 + tmp1
E                 tmp3 = ops.constant(0, torch.int64)
E                 tmp4 = ops.maximum(tmp2, tmp3)
E                 return tmp4
E             ,
E             ranges=[],
E             origin_node=clamp_min_1,
E             origins=OrderedSet([clamp_min_1, add_192]),
E             stack_traces = {,
E               File "/Users/arogers/github/WikiOracle/basicmodel/bin/Models.py", line 12564, in _reconstruct_sentences,
E                 bound = (torch.where(active, positions, -1).amax() + 1).clamp_min(0),
E                         ^^^^^^^^^^^^^^^^^^^^^^^^^^^^^^^^^^^^^^^^^^^^^^^^^^^^^^^^^^^^,
E               File "/Users/arogers/github/WikiOracle/basicmodel/.venv/lib/python3.12/site-packages/torch/utils/_device.py", line 122, in __torch_function__,
E                 return func(*args, **kwargs),
E                        ^^^^^^^^^^^^^^^^^^^^^,
E             ,
E             },
E             stack_traces = {,
E               File "/Users/arogers/github/WikiOracle/basicmodel/bin/Models.py", line 12564, in _reconstruct_sentences,
E                 bound = (torch.where(active, positions, -1).amax() + 1).clamp_min(0),
E                          ^^^^^^^^^^^^^^^^^^^^^^^^^^^^^^^^^^^^^^^^^^^^^^^^^^^^^^^^^^^,
E               File "/Users/arogers/github/WikiOracle/basicmodel/.venv/lib/python3.12/site-packages/torch/utils/_device.py", line 122, in __torch_function__,
E                 return func(*args, **kwargs),
E                        ^^^^^^^^^^^^^^^^^^^^^,
E             ,
E             }
E           ), _split_size=None, _original_inner_fn=None, _original_ranges=None, _original_reduction_ranges=None)
E         )), TensorBox(StorageBox(
E           ComputedBuffer(name='buf12', layout=FixedLayout('cpu', torch.bool, size=[4, s38], stride=[s38, 1]), data=Pointwise(
E             'cpu',
E             torch.bool,
E             def inner_fn(index):
E                 i0, i1 = index
E                 tmp0 = ops.load(arg14_1, i1 + i0 * s38)
E                 tmp1 = ops.constant(0, torch.int64)
E                 tmp2 = ops.load(arg17_1, 0)
E                 tmp3 = tmp1 == tmp2
E                 tmp4 = ops.bitwise_and(tmp0, tmp3)
E                 return tmp4
E             ,
E             ranges=[4, s38],
E             origin_node=bitwise_and,
E             origins=OrderedSet([bitwise_and, eq_25, full_default]),
E             stack_traces = {,
E               File "/Users/arogers/github/WikiOracle/basicmodel/bin/Models.py", line 12510, in _reconstruct_sentences,
E                 active = active & (ids == sentence_slot),
E                          ^^^^^^^^^^^^^^^^^^^^^^^^^^^^^^^,
E               File "/Users/arogers/github/WikiOracle/basicmodel/.venv/lib/python3.12/site-packages/torch/utils/_device.py", line 122, in __torch_function__,
E                 return func(*args, **kwargs),
E                        ^^^^^^^^^^^^^^^^^^^^^,
E             ,
E             },
E             stack_traces = {,
E               File "/Users/arogers/github/WikiOracle/basicmodel/bin/Models.py", line 12510, in _reconstruct_sentences,
E                 active = active & (ids == sentence_slot),
E                                    ^^^^^^^^^^^^^^^^^^^^^,
E               File "/Users/arogers/github/WikiOracle/basicmodel/.venv/lib/python3.12/site-packages/torch/utils/_device.py", line 122, in __torch_function__,
E                 return func(*args, **kwargs),
E                        ^^^^^^^^^^^^^^^^^^^^^,
E             ,
E             },
E             stack_traces = {,
E               File "/Users/arogers/github/WikiOracle/basicmodel/bin/Models.py", line 12500, in _reconstruct_sentences,
E                 ids = torch.zeros(B, W, dtype=torch.long, device=dev),
E                       ^^^^^^^^^^^^^^^^^^^^^^^^^^^^^^^^^^^^^^^^^^^^^^^,
E               File "/Users/arogers/github/WikiOracle/basicmodel/.venv/lib/python3.12/site-packages/torch/utils/_device.py", line 122, in __torch_function__,
E                 return func(*args, **kwargs),
E                        ^^^^^^^^^^^^^^^^^^^^^,
E             ,
E             }
E           ), _split_size=None, _original_inner_fn=None, _original_ranges=None, _original_reduction_ranges=None)
E         )), TensorBox(StorageBox(
E           ComputedBuffer(name='buf13', layout=FixedLayout('cpu', torch.int64, size=[4, s71], stride=[s38, 1]), data=Pointwise(
E             'cpu',
E             torch.int64,
E             def inner_fn(index):
E                 i0, i1 = index
E                 tmp0 = ops.constant(0, torch.int64)
E                 return tmp0
E             ,
E             ranges=[4, s71],
E             origin_node=full_default,
E             origins=OrderedSet([full_default]),
E             stack_traces = {,
E               File "/Users/arogers/github/WikiOracle/basicmodel/bin/Models.py", line 12500, in _reconstruct_sentences,
E                 ids = torch.zeros(B, W, dtype=torch.long, device=dev),
E                       ^^^^^^^^^^^^^^^^^^^^^^^^^^^^^^^^^^^^^^^^^^^^^^^,
E               File "/Users/arogers/github/WikiOracle/basicmodel/.venv/lib/python3.12/site-packages/torch/utils/_device.py", line 122, in __torch_function__,
E                 return func(*args, **kwargs),
E                        ^^^^^^^^^^^^^^^^^^^^^,
E             ,
E             }
E           ), _split_size=None, _original_inner_fn=None, _original_ranges=None, _original_reduction_ranges=None)
E         )), TensorBox(StorageBox(
E           ComputedBuffer(name='buf14', layout=FixedLayout('cpu', torch.bool, size=[4, s38], stride=[s38, 1]), data=Pointwise(
E             'cpu',
E             torch.bool,
E             def inner_fn(index):
E                 i0, i1 = index
E                 tmp0 = ops.load(arg14_1, i1 + i0 * s38)
E                 tmp1 = ops.load(buf3, i1 + i0 * s71)
E                 tmp2 = ops.logical_not(tmp1)
E                 tmp3 = ops.logical_and(tmp0, tmp2)
E                 return tmp3
E             ,
E             ranges=[4, s38],
E             origin_node=logical_and_1,
E             origins=OrderedSet([logical_and_1, logical_not]),
E             stack_traces = {,
E               File "/Users/arogers/github/WikiOracle/basicmodel/bin/Models.py", line 12507, in _reconstruct_sentences,
E                 is_end = torch.logical_and(active, torch.logical_not(cont))       # [B, W],
E                          ^^^^^^^^^^^^^^^^^^^^^^^^^^^^^^^^^^^^^^^^^^^^^^^^^^^^^^^^^^^^^^^^^,
E               File "/Users/arogers/github/WikiOracle/basicmodel/.venv/lib/python3.12/site-packages/torch/utils/_device.py", line 122, in __torch_function__,
E                 return func(*args, **kwargs),
E                        ^^^^^^^^^^^^^^^^^^^^^,
E             ,
E             },
E             stack_traces = {,
E               File "/Users/arogers/github/WikiOracle/basicmodel/bin/Models.py", line 12507, in _reconstruct_sentences,
E                 is_end = torch.logical_and(active, torch.logical_not(cont))       # [B, W],
E                                                    ^^^^^^^^^^^^^^^^^^^^^^^^^^^^^^^^^^^^^^^,
E               File "/Users/arogers/github/WikiOracle/basicmodel/.venv/lib/python3.12/site-packages/torch/utils/_device.py", line 122, in __torch_function__,
E                 return func(*args, **kwargs),
E                        ^^^^^^^^^^^^^^^^^^^^^,
E             ,
E             }
E           ), _split_size=None, _original_inner_fn=None, _original_ranges=None, _original_reduction_ranges=None)
E         )), TensorBox(StorageBox(
E           InputBuffer(name='arg7_1', layout=FixedLayout('cpu', torch.int64, size=[4], stride=[1]))
E         )), TensorBox(StorageBox(
E           InputBuffer(name='arg8_1', layout=FixedLayout('cpu', torch.int64, size=[4, 1], stride=[1, 1]))
E         )), TensorBox(StorageBox(
E           InputBuffer(name='arg21_1', layout=FixedLayout('cpu', torch.int64, size=[s13], stride=[1]))
E         )), TensorBox(StorageBox(
E           InputBuffer(name='arg24_1', layout=FixedLayout('cpu', torch.int8, size=[4, s80], stride=[s80, 1]))
E         )), TensorBox(StorageBox(
E           InputBuffer(name='arg22_1', layout=FixedLayout('cpu', torch.bool, size=[4, s80], stride=[s80, 1]))
E         )), TensorBox(StorageBox(
E           InputBuffer(name='arg36_1', layout=FixedLayout('cpu', torch.int64, size=[4, s98], stride=[s98, 1]))
E         )), TensorBox(StorageBox(
E           InputBuffer(name='arg10_1', layout=FixedLayout('cpu', torch.int64, size=[4, s80], stride=[s80, 1]))
E         )), TensorBox(StorageBox(
E           InputBuffer(name='arg34_1', layout=FixedLayout('cpu', torch.int64, size=[1], stride=[1]))
E         )), TensorBox(StorageBox(
E           ComputedBuffer(name='buf4', layout=FixedLayout('cpu', torch.int64, size=[4], stride=[1]), data=Reduction(
E             'cpu',
E             torch.int64,
E             def inner_fn(index, rindex):
E                 i0 = index
E                 r0_0 = rindex
E                 tmp0 = ops.load(arg14_1, r0_0 + i0 * s38)
E                 tmp1 = ops.index_expr(r0_0, torch.int64)
E                 tmp2 = ops.constant(-1, torch.int64)
E                 tmp3 = ops.where(tmp0, tmp1, tmp2)
E                 return tmp3
E             ,
E             ranges=[4],
E             reduction_ranges=[s38],
E             reduction_type=max,
E             origin_node=amax,
E             origins=OrderedSet([amax, where, view, iota, full_default_2]),
E             stack_traces = {,
E               File "/Users/arogers/github/WikiOracle/basicmodel/bin/Models.py", line 12508, in _reconstruct_sentences,
E                 last_index = torch.where(active, positions, torch.full_like(positions, -1)).amax(dim=1),
E                              ^^^^^^^^^^^^^^^^^^^^^^^^^^^^^^^^^^^^^^^^^^^^^^^^^^^^^^^^^^^^^^^^^^^^^^^^^^,
E               File "/Users/arogers/github/WikiOracle/basicmodel/.venv/lib/python3.12/site-packages/torch/utils/_device.py", line 122, in __torch_function__,
E                 return func(*args, **kwargs),
E                        ^^^^^^^^^^^^^^^^^^^^^,
E             ,
E             },
E             stack_traces = {,
E               File "/Users/arogers/github/WikiOracle/basicmodel/bin/Models.py", line 12501, in _reconstruct_sentences,
E                 positions = torch.arange(W, device=dev).reshape(1, W),
E                             ^^^^^^^^^^^^^^^^^^^^^^^^^^^^^^^^^^^^^^^^^,
E               File "/Users/arogers/github/WikiOracle/basicmodel/.venv/lib/python3.12/site-packages/torch/utils/_device.py", line 122, in __torch_function__,
E                 return func(*args, **kwargs),
E                        ^^^^^^^^^^^^^^^^^^^^^,
E             ,
E             },
E             stack_traces = {,
E               File "/Users/arogers/github/WikiOracle/basicmodel/bin/Models.py", line 12508, in _reconstruct_sentences,
E                 last_index = torch.where(active, positions, torch.full_like(positions, -1)).amax(dim=1),
E                                                             ^^^^^^^^^^^^^^^^^^^^^^^^^^^^^^^^^^^^^^^^^^^,
E               File "/Users/arogers/github/WikiOracle/basicmodel/.venv/lib/python3.12/site-packages/torch/utils/_device.py", line 122, in __torch_function__,
E                 return func(*args, **kwargs),
E                        ^^^^^^^^^^^^^^^^^^^^^,
E             ,
E             }
E           ), _split_size=None, _original_inner_fn=None, _original_ranges=None, _original_reduction_ranges=None)
E         )), TensorBox(StorageBox(
E           ComputedBuffer(name='buf15', layout=FixedLayout('cpu', torch.bool, size=[4, s38], stride=[s38, 1]), data=Pointwise(
E             'cpu',
E             torch.bool,
E             def inner_fn(index):
E                 i0, i1 = index
E                 tmp0 = ops.load(arg14_1, i1 + i0 * s38)
E                 tmp1 = ops.constant(0, torch.int64)
E                 tmp2 = ops.load(arg17_1, 0)
E                 tmp3 = tmp1 == tmp2
E                 tmp4 = ops.bitwise_and(tmp0, tmp3)
E                 tmp5 = ops.load(arg19_1, i1 + i0 * s38)
E                 tmp6 = ops.bitwise_and(tmp4, tmp5)
E                 return tmp6
E             ,
E             ranges=[4, s38],
E             origin_node=bitwise_and_1,
E             origins=OrderedSet([bitwise_and_1, bitwise_and, eq_25, full_d...,
E             stack_traces = {,
E               File "/Users/arogers/github/WikiOracle/basicmodel/bin/Models.py", line 12511, in _reconstruct_sentences,
E                 leaves = active & leaf_mask if torch.is_tensor(leaf_mask) else active,
E                          ^^^^^^^^^^^^^^^^^^^^^^^^^^^^^^^^^^^^^^^^^^^^^^^^^^^^^^^^^^^^,
E               File "/Users/arogers/github/WikiOracle/basicmodel/.venv/lib/python3.12/site-packages/torch/utils/_device.py", line 122, in __torch_function__,
E                 return func(*args, **kwargs),
E                        ^^^^^^^^^^^^^^^^^^^^^,
E             ,
E             },
E             stack_traces = {,
E               File "/Users/arogers/github/WikiOracle/basicmodel/bin/Models.py", line 12510, in _reconstruct_sentences,
E                 active = active & (ids == sentence_slot),
E                          ^^^^^^^^^^^^^^^^^^^^^^^^^^^^^^^,
E               File "/Users/arogers/github/WikiOracle/basicmodel/.venv/lib/python3.12/site-packages/torch/utils/_device.py", line 122, in __torch_function__,
E                 return func(*args, **kwargs),
E                        ^^^^^^^^^^^^^^^^^^^^^,
E             ,
E             },
E             stack_traces = {,
E               File "/Users/arogers/github/WikiOracle/basicmodel/bin/Models.py", line 12510, in _reconstruct_sentences,
E                 active = active & (ids == sentence_slot),
E                                    ^^^^^^^^^^^^^^^^^^^^^,
E               File "/Users/arogers/github/WikiOracle/basicmodel/.venv/lib/python3.12/site-packages/torch/utils/_device.py", line 122, in __torch_function__,
E                 return func(*args, **kwargs),
E                        ^^^^^^^^^^^^^^^^^^^^^,
E             ,
E             },
E             stack_traces = {,
E               File "/Users/arogers/github/WikiOracle/basicmodel/bin/Models.py", line 12500, in _reconstruct_sentences,
E                 ids = torch.zeros(B, W, dtype=torch.long, device=dev),
E                       ^^^^^^^^^^^^^^^^^^^^^^^^^^^^^^^^^^^^^^^^^^^^^^^,
E               File "/Users/arogers/github/WikiOracle/basicmodel/.venv/lib/python3.12/site-packages/torch/utils/_device.py", line 122, in __torch_function__,
E                 return func(*args, **kwargs),
E                        ^^^^^^^^^^^^^^^^^^^^^,
E             ,
E             }
E           ), _split_size=None, _original_inner_fn=None, _original_ranges=None, _original_reduction_ranges=None)
E         ))], constant_args=[s80, s13, s38, s98], kwargs={}, output_view=None, python_kernel_name=None, cpp_kernel_name=None, ordered_kwargs_for_cpp_kernel=(), op_overload=None, arg_properties=[{}, {}, {}, {}, {}, {}, {}, {}, {}, {}, {}, {}, {}, {}, {}, {}, {}, {}, {}, {}], allarg_properties={}, kwarg_properties=None, unbacked_bindings={}, mutation_outputs=[], carried_inputs=[TensorBox(StorageBox(
E           ComputedBuffer(name='buf5', layout=FlexibleLayout('cpu', torch.int64, size=[], stride=[]), data=Pointwise(
E             'cpu',
E             torch.int64,
E             def inner_fn(index):
E                 tmp0 = ops.constant(0, torch.int64)
E                 return tmp0
E             ,
E             ranges=[],
E             origin_node=full_default_6,
E             origins=OrderedSet([full_default_6]),
E             stack_traces = {,
E               File "/Users/arogers/github/WikiOracle/basicmodel/bin/Models.py", line 12626, in _reconstruct_sentences,
E                 (torch.zeros((), dtype=torch.long, device=dev),,
E                  ^^^^^^^^^^^^^^^^^^^^^^^^^^^^^^^^^^^^^^^^^^^^^^,
E               File "/Users/arogers/github/WikiOracle/basicmodel/.venv/lib/python3.12/site-packages/torch/utils/_device.py", line 122, in __torch_function__,
E                 return func(*args, **kwargs),
E                        ^^^^^^^^^^^^^^^^^^^^^,
E             ,
E             }
E           ), _split_size=None, _original_inner_fn=None, _original_ranges=None, _original_reduction_ranges=None)
E         )), TensorBox(StorageBox(
E           ComputedBuffer(name='buf6', layout=FixedLayout('cpu', torch.int64, size=[4, 8], stride=[8, 1]), data=Pointwise(
E             'cpu',
E             torch.int64,
E             def inner_fn(index):
E                 i0, i1 = index
E                 tmp0 = ops.constant(-1, torch.int64)
E                 return tmp0
E             ,
E             ranges=[4, 8],
E             origin_node=full_default_7,
E             origins=OrderedSet([full_default_7]),
E             stack_traces = {,
E               File "/Users/arogers/github/WikiOracle/basicmodel/bin/Models.py", line 12627, in _reconstruct_sentences,
E                 torch.full((B, cap), -1, dtype=torch.long, device=dev),,
E               File "/Users/arogers/github/WikiOracle/basicmodel/.venv/lib/python3.12/site-packages/torch/utils/_device.py", line 122, in __torch_function__,
E                 return func(*args, **kwargs),
E                        ^^^^^^^^^^^^^^^^^^^^^,
E             ,
E             }
E           ), _split_size=None, _original_inner_fn=None, _original_ranges=None, _original_reduction_ranges=None)
E         )), TensorBox(StorageBox(
E           ComputedBuffer(name='buf7', layout=FixedLayout('cpu', torch.int64, size=[4], stride=[1]), data=Pointwise(
E             'cpu',
E             torch.int64,
E             def inner_fn(index):
E                 i0 = index
E                 tmp0 = ops.constant(0, torch.int64)
E                 return tmp0
E             ,
E             ranges=[4],
E             origin_node=full_default_8,
E             origins=OrderedSet([full_default_8]),
E             stack_traces = {,
E               File "/Users/arogers/github/WikiOracle/basicmodel/bin/Models.py", line 12628, in _reconstruct_sentences,
E                 torch.zeros(B, dtype=torch.long, device=dev),,
E               File "/Users/arogers/github/WikiOracle/basicmodel/.venv/lib/python3.12/site-packages/torch/utils/_device.py", line 122, in __torch_function__,
E                 return func(*args, **kwargs),
E                        ^^^^^^^^^^^^^^^^^^^^^,
E             ,
E             }
E           ), _split_size=None, _original_inner_fn=None, _original_ranges=None, _original_reduction_ranges=None)
E         )), TensorBox(StorageBox(
E           ComputedBuffer(name='buf8', layout=FixedLayout('cpu', torch.int64, size=[4, s9], stride=[s80, 1]), data=Pointwise(
E             'cpu',
E             torch.int64,
E             def inner_fn(index):
E                 i0, i1 = index
E                 tmp0 = ops.constant(-1, torch.int64)
E                 return tmp0
E             ,
E             ranges=[4, s9],
E             origin_node=full_default_5,
E             origins=OrderedSet([full_default_5]),
E             stack_traces = {,
E               File "/Users/arogers/github/WikiOracle/basicmodel/bin/Models.py", line 12623, in _reconstruct_sentences,
E                 empty_positions = torch.full((B, steps), -1, dtype=torch.long, device=dev),
E                                   ^^^^^^^^^^^^^^^^^^^^^^^^^^^^^^^^^^^^^^^^^^^^^^^^^^^^^^^^,
E               File "/Users/arogers/github/WikiOracle/basicmodel/.venv/lib/python3.12/site-packages/torch/utils/_device.py", line 122, in __torch_function__,
E                 return func(*args, **kwargs),
E                        ^^^^^^^^^^^^^^^^^^^^^,
E             ,
E             }
E           ), _split_size=None, _original_inner_fn=None, _original_ranges=None, _original_reduction_ranges=None)
E         )), TensorBox(StorageBox(
E           ComputedBuffer(name='buf10', layout=FixedLayout('cpu', torch.int64, size=[4, s9], stride=[s80, 1]), data=Pointwise(
E             'cpu',
E             torch.int64,
E             def inner_fn(index):
E                 i0, i1 = index
E                 tmp0 = ops.constant(-1, torch.int64)
E                 return tmp0
E             ,
E             ranges=[4, s9],
E             origin_node=None,
E             origins=OrderedSet([while_loop, while_loop_cond_graph_0, whil...,
E             stack_traces = {,
E               File "/Users/arogers/github/WikiOracle/basicmodel/bin/Models.py", line 12624, in _reconstruct_sentences,
E                 _, _, _, occurrence_left, occurrence_right, malformed = _reconstruction_while_loop(,
E                                                                         ^^^^^^^^^^^^^^^^^^^^^^^^^^^,
E               File "/Users/arogers/github/WikiOracle/basicmodel/bin/Models.py", line 379, in _reconstruction_while_loop,
E                 return torch.while_loop(condition, body, values),
E                        ^^^^^^^^^^^^^^^^^^^^^^^^^^^^^^^^^^^^^^^^^,
E               File "/Users/arogers/github/WikiOracle/basicmodel/.venv/lib/python3.12/site-packages/torch/utils/_device.py", line 122, in __torch_function__,
E                 return func(*args, **kwargs),
E                        ^^^^^^^^^^^^^^^^^^^^^,
E             ,
E             },
E             stack_traces = {,
E               File "/Users/arogers/github/WikiOracle/basicmodel/bin/Models.py", line 12626, in _reconstruct_sentences,
E                 (torch.zeros((), dtype=torch.long, device=dev),,
E                  ^^^^^^^^^^^^^^^^^^^^^^^^^^^^^^^^^^^^^^^^^^^^^^,
E               File "/Users/arogers/github/WikiOracle/basicmodel/.venv/lib/python3.12/site-packages/torch/utils/_device.py", line 122, in __torch_function__,
E                 return func(*args, **kwargs),
E                        ^^^^^^^^^^^^^^^^^^^^^,
E             ,
E             },
E             stack_traces = {,
E               File "/Users/arogers/github/WikiOracle/basicmodel/bin/Models.py", line 12627, in _reconstruct_sentences,
E                 torch.full((B, cap), -1, dtype=torch.long, device=dev),,
E               File "/Users/arogers/github/WikiOracle/basicmodel/.venv/lib/python3.12/site-packages/torch/utils/_device.py", line 122, in __torch_function__,
E                 return func(*args, **kwargs),
E                        ^^^^^^^^^^^^^^^^^^^^^,
E             ,
E             },
E             stack_traces = {,
E               File "/Users/arogers/github/WikiOracle/basicmodel/bin/Models.py", line 12628, in _reconstruct_sentences,
E                 torch.zeros(B, dtype=torch.long, device=dev),,
E               File "/Users/arogers/github/WikiOracle/basicmodel/.venv/lib/python3.12/site-packages/torch/utils/_device.py", line 122, in __torch_function__,
E                 return func(*args, **kwargs),
E                        ^^^^^^^^^^^^^^^^^^^^^,
E             ,
E             },
E             stack_traces = {,
E               File "/Users/arogers/github/WikiOracle/basicmodel/bin/Models.py", line 12623, in _reconstruct_sentences,
E                 empty_positions = torch.full((B, steps), -1, dtype=torch.long, device=dev),
E                                   ^^^^^^^^^^^^^^^^^^^^^^^^^^^^^^^^^^^^^^^^^^^^^^^^^^^^^^^^,
E               File "/Users/arogers/github/WikiOracle/basicmodel/.venv/lib/python3.12/site-packages/torch/utils/_device.py", line 122, in __torch_function__,
E                 return func(*args, **kwargs),
E                        ^^^^^^^^^^^^^^^^^^^^^,
E             ,
E             },
E             stack_traces = {,
E               File "/Users/arogers/github/WikiOracle/basicmodel/bin/Models.py", line 12630, in _reconstruct_sentences,
E                 torch.zeros(B, dtype=torch.bool, device=dev))),
E               File "/Users/arogers/github/WikiOracle/basicmodel/.venv/lib/python3.12/site-packages/torch/utils/_device.py", line 122, in __torch_function__,
E                 return func(*args, **kwargs),
E                        ^^^^^^^^^^^^^^^^^^^^^,
E             ,
E             },
E             stack_traces = {,
E               File "/Users/arogers/github/WikiOracle/basicmodel/bin/Models.py", line 12564, in _reconstruct_sentences,
E                 bound = (torch.where(active, positions, -1).amax() + 1).clamp_min(0),
E                         ^^^^^^^^^^^^^^^^^^^^^^^^^^^^^^^^^^^^^^^^^^^^^^^^^^^^^^^^^^^^,
E               File "/Users/arogers/github/WikiOracle/basicmodel/.venv/lib/python3.12/site-packages/torch/utils/_device.py", line 122, in __torch_function__,
E                 return func(*args, **kwargs),
E                        ^^^^^^^^^^^^^^^^^^^^^,
E             ,
E             },
E             stack_traces = {,
E               File "/Users/arogers/github/WikiOracle/basicmodel/bin/Models.py", line 12564, in _reconstruct_sentences,
E                 bound = (torch.where(active, positions, -1).amax() + 1).clamp_min(0),
E                          ^^^^^^^^^^^^^^^^^^^^^^^^^^^^^^^^^^^^^^^^^^^^^^^^^^^^^^^^^^^,
E               File "/Users/arogers/github/WikiOracle/basicmodel/.venv/lib/python3.12/site-packages/torch/utils/_device.py", line 122, in __torch_function__,
E                 return func(*args, **kwargs),
E                        ^^^^^^^^^^^^^^^^^^^^^,
E             ,
E             },
E             stack_traces = {,
E               File "/Users/arogers/github/WikiOracle/basicmodel/bin/Models.py", line 12510, in _reconstruct_sentences,
E                 active = active & (ids == sentence_slot),
E                          ^^^^^^^^^^^^^^^^^^^^^^^^^^^^^^^,
E               File "/Users/arogers/github/WikiOracle/basicmodel/.venv/lib/python3.12/site-packages/torch/utils/_device.py", line 122, in __torch_function__,
E                 return func(*args, **kwargs),
E                        ^^^^^^^^^^^^^^^^^^^^^,
E             ,
E             },
E             stack_traces = {,
E               File "/Users/arogers/github/WikiOracle/basicmodel/bin/Models.py", line 12510, in _reconstruct_sentences,
E                 active = active & (ids == sentence_slot),
E                                    ^^^^^^^^^^^^^^^^^^^^^,
E               File "/Users/arogers/github/WikiOracle/basicmodel/.venv/lib/python3.12/site-packages/torch/utils/_device.py", line 122, in __torch_function__,
E                 return func(*args, **kwargs),
E                        ^^^^^^^^^^^^^^^^^^^^^,
E             ,
E             },
E             stack_traces = {,
E               File "/Users/arogers/github/WikiOracle/basicmodel/bin/Models.py", line 12500, in _reconstruct_sentences,
E                 ids = torch.zeros(B, W, dtype=torch.long, device=dev),
E                       ^^^^^^^^^^^^^^^^^^^^^^^^^^^^^^^^^^^^^^^^^^^^^^^,
E               File "/Users/arogers/github/WikiOracle/basicmodel/.venv/lib/python3.12/site-packages/torch/utils/_device.py", line 122, in __torch_function__,
E                 return func(*args, **kwargs),
E                        ^^^^^^^^^^^^^^^^^^^^^,
E             ,
E             },
E             stack_traces = {,
E               File "/Users/arogers/github/WikiOracle/basicmodel/bin/Models.py", line 12507, in _reconstruct_sentences,
E                 is_end = torch.logical_and(active, torch.logical_not(cont))       # [B, W],
E                          ^^^^^^^^^^^^^^^^^^^^^^^^^^^^^^^^^^^^^^^^^^^^^^^^^^^^^^^^^^^^^^^^^,
E               File "/Users/arogers/github/WikiOracle/basicmodel/.venv/lib/python3.12/site-packages/torch/utils/_device.py", line 122, in __torch_function__,
E                 return func(*args, **kwargs),
E                        ^^^^^^^^^^^^^^^^^^^^^,
E             ,
E             },
E             stack_traces = {,
E               File "/Users/arogers/github/WikiOracle/basicmodel/bin/Models.py", line 12507, in _reconstruct_sentences,
E                 is_end = torch.logical_and(active, torch.logical_not(cont))       # [B, W],
E                                                    ^^^^^^^^^^^^^^^^^^^^^^^^^^^^^^^^^^^^^^^,
E               File "/Users/arogers/github/WikiOracle/basicmodel/.venv/lib/python3.12/site-packages/torch/utils/_device.py", line 122, in __torch_function__,
E                 return func(*args, **kwargs),
E                        ^^^^^^^^^^^^^^^^^^^^^,
E             ,
E             },
E             stack_traces = {,
E               File "/Users/arogers/github/WikiOracle/basicmodel/bin/Models.py", line 12511, in _reconstruct_sentences,
E                 leaves = active & leaf_mask if torch.is_tensor(leaf_mask) else active,
E                          ^^^^^^^^^^^^^^^^^^^^^^^^^^^^^^^^^^^^^^^^^^^^^^^^^^^^^^^^^^^^,
E               File "/Users/arogers/github/WikiOracle/basicmodel/.venv/lib/python3.12/site-packages/torch/utils/_device.py", line 122, in __torch_function__,
E                 return func(*args, **kwargs),
E                        ^^^^^^^^^^^^^^^^^^^^^,
E             ,
E             }
E           ), _split_size=None, _original_inner_fn=None, _original_ranges=None, _original_reduction_ranges=None)
E         )), TensorBox(StorageBox(
E           ComputedBuffer(name='buf9', layout=FixedLayout('cpu', torch.bool, size=[4], stride=[1]), data=Pointwise(
E             'cpu',
E             torch.bool,
E             def inner_fn(index):
E                 i0 = index
E                 tmp0 = ops.constant(False, torch.bool)
E                 return tmp0
E             ,
E             ranges=[4],
E             origin_node=full_default_9,
E             origins=OrderedSet([full_default_9]),
E             stack_traces = {,
E               File "/Users/arogers/github/WikiOracle/basicmodel/bin/Models.py", line 12630, in _reconstruct_sentences,
E                 torch.zeros(B, dtype=torch.bool, device=dev))),
E               File "/Users/arogers/github/WikiOracle/basicmodel/.venv/lib/python3.12/site-packages/torch/utils/_device.py", line 122, in __torch_function__,
E                 return func(*args, **kwargs),
E                        ^^^^^^^^^^^^^^^^^^^^^,
E             ,
E             }
E           ), _split_size=None, _original_inner_fn=None, _original_ranges=None, _original_reduction_ranges=None)
E         ))], additional_inputs=[ShapeAsConstantBuffer(expr=s80), TensorBox(StorageBox(
E           ComputedBuffer(name='buf11', layout=FlexibleLayout('cpu', torch.int64, size=[], stride=[]), data=Pointwise(
E             'cpu',
E             torch.int64,
E             def inner_fn(index):
E                 tmp0 = ops.load(buf0, 0)
E                 tmp1 = ops.constant(1, torch.int64)
E                 tmp2 = tmp0 + tmp1
E                 tmp3 = ops.constant(0, torch.int64)
E                 tmp4 = ops.maximum(tmp2, tmp3)
E                 return tmp4
E             ,
E             ranges=[],
E             origin_node=clamp_min_1,
E             origins=OrderedSet([clamp_min_1, add_192]),
E             stack_traces = {,
E               File "/Users/arogers/github/WikiOracle/basicmodel/bin/Models.py", line 12564, in _reconstruct_sentences,
E                 bound = (torch.where(active, positions, -1).amax() + 1).clamp_min(0),
E                         ^^^^^^^^^^^^^^^^^^^^^^^^^^^^^^^^^^^^^^^^^^^^^^^^^^^^^^^^^^^^,
E               File "/Users/arogers/github/WikiOracle/basicmodel/.venv/lib/python3.12/site-packages/torch/utils/_device.py", line 122, in __torch_function__,
E                 return func(*args, **kwargs),
E                        ^^^^^^^^^^^^^^^^^^^^^,
E             ,
E             },
E             stack_traces = {,
E               File "/Users/arogers/github/WikiOracle/basicmodel/bin/Models.py", line 12564, in _reconstruct_sentences,
E                 bound = (torch.where(active, positions, -1).amax() + 1).clamp_min(0),
E                          ^^^^^^^^^^^^^^^^^^^^^^^^^^^^^^^^^^^^^^^^^^^^^^^^^^^^^^^^^^^,
E               File "/Users/arogers/github/WikiOracle/basicmodel/.venv/lib/python3.12/site-packages/torch/utils/_device.py", line 122, in __torch_function__,
E                 return func(*args, **kwargs),
E                        ^^^^^^^^^^^^^^^^^^^^^,
E             ,
E             }
E           ), _split_size=None, _original_inner_fn=None, _original_ranges=None, _original_reduction_ranges=None)
E         )), TensorBox(StorageBox(
E           ComputedBuffer(name='buf12', layout=FixedLayout('cpu', torch.bool, size=[4, s38], stride=[s38, 1]), data=Pointwise(
E             'cpu',
E             torch.bool,
E             def inner_fn(index):
E                 i0, i1 = index
E                 tmp0 = ops.load(arg14_1, i1 + i0 * s38)
E                 tmp1 = ops.constant(0, torch.int64)
E                 tmp2 = ops.load(arg17_1, 0)
E                 tmp3 = tmp1 == tmp2
E                 tmp4 = ops.bitwise_and(tmp0, tmp3)
E                 return tmp4
E             ,
E             ranges=[4, s38],
E             origin_node=bitwise_and,
E             origins=OrderedSet([bitwise_and, eq_25, full_default]),
E             stack_traces = {,
E               File "/Users/arogers/github/WikiOracle/basicmodel/bin/Models.py", line 12510, in _reconstruct_sentences,
E                 active = active & (ids == sentence_slot),
E                          ^^^^^^^^^^^^^^^^^^^^^^^^^^^^^^^,
E               File "/Users/arogers/github/WikiOracle/basicmodel/.venv/lib/python3.12/site-packages/torch/utils/_device.py", line 122, in __torch_function__,
E                 return func(*args, **kwargs),
E                        ^^^^^^^^^^^^^^^^^^^^^,
E             ,
E             },
E             stack_traces = {,
E               File "/Users/arogers/github/WikiOracle/basicmodel/bin/Models.py", line 12510, in _reconstruct_sentences,
E                 active = active & (ids == sentence_slot),
E                                    ^^^^^^^^^^^^^^^^^^^^^,
E               File "/Users/arogers/github/WikiOracle/basicmodel/.venv/lib/python3.12/site-packages/torch/utils/_device.py", line 122, in __torch_function__,
E                 return func(*args, **kwargs),
E                        ^^^^^^^^^^^^^^^^^^^^^,
E             ,
E             },
E             stack_traces = {,
E               File "/Users/arogers/github/WikiOracle/basicmodel/bin/Models.py", line 12500, in _reconstruct_sentences,
E                 ids = torch.zeros(B, W, dtype=torch.long, device=dev),
E                       ^^^^^^^^^^^^^^^^^^^^^^^^^^^^^^^^^^^^^^^^^^^^^^^,
E               File "/Users/arogers/github/WikiOracle/basicmodel/.venv/lib/python3.12/site-packages/torch/utils/_device.py", line 122, in __torch_function__,
E                 return func(*args, **kwargs),
E                        ^^^^^^^^^^^^^^^^^^^^^,
E             ,
E             }
E           ), _split_size=None, _original_inner_fn=None, _original_ranges=None, _original_reduction_ranges=None)
E         )), TensorBox(StorageBox(
E           ComputedBuffer(name='buf13', layout=FixedLayout('cpu', torch.int64, size=[4, s71], stride=[s38, 1]), data=Pointwise(
E             'cpu',
E             torch.int64,
E             def inner_fn(index):
E                 i0, i1 = index
E                 tmp0 = ops.constant(0, torch.int64)
E                 return tmp0
E             ,
E             ranges=[4, s71],
E             origin_node=full_default,
E             origins=OrderedSet([full_default]),
E             stack_traces = {,
E               File "/Users/arogers/github/WikiOracle/basicmodel/bin/Models.py", line 12500, in _reconstruct_sentences,
E                 ids = torch.zeros(B, W, dtype=torch.long, device=dev),
E                       ^^^^^^^^^^^^^^^^^^^^^^^^^^^^^^^^^^^^^^^^^^^^^^^,
E               File "/Users/arogers/github/WikiOracle/basicmodel/.venv/lib/python3.12/site-packages/torch/utils/_device.py", line 122, in __torch_function__,
E                 return func(*args, **kwargs),
E                        ^^^^^^^^^^^^^^^^^^^^^,
E             ,
E             }
E           ), _split_size=None, _original_inner_fn=None, _original_ranges=None, _original_reduction_ranges=None)
E         )), TensorBox(StorageBox(
E           ComputedBuffer(name='buf14', layout=FixedLayout('cpu', torch.bool, size=[4, s38], stride=[s38, 1]), data=Pointwise(
E             'cpu',
E             torch.bool,
E             def inner_fn(index):
E                 i0, i1 = index
E                 tmp0 = ops.load(arg14_1, i1 + i0 * s38)
E                 tmp1 = ops.load(buf3, i1 + i0 * s71)
E                 tmp2 = ops.logical_not(tmp1)
E                 tmp3 = ops.logical_and(tmp0, tmp2)
E                 return tmp3
E             ,
E             ranges=[4, s38],
E             origin_node=logical_and_1,
E             origins=OrderedSet([logical_and_1, logical_not]),
E             stack_traces = {,
E               File "/Users/arogers/github/WikiOracle/basicmodel/bin/Models.py", line 12507, in _reconstruct_sentences,
E                 is_end = torch.logical_and(active, torch.logical_not(cont))       # [B, W],
E                          ^^^^^^^^^^^^^^^^^^^^^^^^^^^^^^^^^^^^^^^^^^^^^^^^^^^^^^^^^^^^^^^^^,
E               File "/Users/arogers/github/WikiOracle/basicmodel/.venv/lib/python3.12/site-packages/torch/utils/_device.py", line 122, in __torch_function__,
E                 return func(*args, **kwargs),
E                        ^^^^^^^^^^^^^^^^^^^^^,
E             ,
E             },
E             stack_traces = {,
E               File "/Users/arogers/github/WikiOracle/basicmodel/bin/Models.py", line 12507, in _reconstruct_sentences,
E                 is_end = torch.logical_and(active, torch.logical_not(cont))       # [B, W],
E                                                    ^^^^^^^^^^^^^^^^^^^^^^^^^^^^^^^^^^^^^^^,
E               File "/Users/arogers/github/WikiOracle/basicmodel/.venv/lib/python3.12/site-packages/torch/utils/_device.py", line 122, in __torch_function__,
E                 return func(*args, **kwargs),
E                        ^^^^^^^^^^^^^^^^^^^^^,
E             ,
E             }
E           ), _split_size=None, _original_inner_fn=None, _original_ranges=None, _original_reduction_ranges=None)
E         )), TensorBox(StorageBox(
E           InputBuffer(name='arg7_1', layout=FixedLayout('cpu', torch.int64, size=[4], stride=[1]))
E         )), TensorBox(StorageBox(
E           InputBuffer(name='arg8_1', layout=FixedLayout('cpu', torch.int64, size=[4, 1], stride=[1, 1]))
E         )), TensorBox(StorageBox(
E           InputBuffer(name='arg21_1', layout=FixedLayout('cpu', torch.int64, size=[s13], stride=[1]))
E         )), TensorBox(StorageBox(
E           InputBuffer(name='arg24_1', layout=FixedLayout('cpu', torch.int8, size=[4, s80], stride=[s80, 1]))
E         )), TensorBox(StorageBox(
E           InputBuffer(name='arg22_1', layout=FixedLayout('cpu', torch.bool, size=[4, s80], stride=[s80, 1]))
E         )), TensorBox(StorageBox(
E           InputBuffer(name='arg36_1', layout=FixedLayout('cpu', torch.int64, size=[4, s98], stride=[s98, 1]))
E         )), TensorBox(StorageBox(
E           InputBuffer(name='arg10_1', layout=FixedLayout('cpu', torch.int64, size=[4, s80], stride=[s80, 1]))
E         )), TensorBox(StorageBox(
E           InputBuffer(name='arg34_1', layout=FixedLayout('cpu', torch.int64, size=[1], stride=[1]))
E         )), TensorBox(StorageBox(
E           ComputedBuffer(name='buf4', layout=FixedLayout('cpu', torch.int64, size=[4], stride=[1]), data=Reduction(
E             'cpu',
E             torch.int64,
E             def inner_fn(index, rindex):
E                 i0 = index
E                 r0_0 = rindex
E                 tmp0 = ops.load(arg14_1, r0_0 + i0 * s38)
E                 tmp1 = ops.index_expr(r0_0, torch.int64)
E                 tmp2 = ops.constant(-1, torch.int64)
E                 tmp3 = ops.where(tmp0, tmp1, tmp2)
E                 return tmp3
E             ,
E             ranges=[4],
E             reduction_ranges=[s38],
E             reduction_type=max,
E             origin_node=amax,
E             origins=OrderedSet([amax, where, view, iota, full_default_2]),
E             stack_traces = {,
E               File "/Users/arogers/github/WikiOracle/basicmodel/bin/Models.py", line 12508, in _reconstruct_sentences,
E                 last_index = torch.where(active, positions, torch.full_like(positions, -1)).amax(dim=1),
E                              ^^^^^^^^^^^^^^^^^^^^^^^^^^^^^^^^^^^^^^^^^^^^^^^^^^^^^^^^^^^^^^^^^^^^^^^^^^,
E               File "/Users/arogers/github/WikiOracle/basicmodel/.venv/lib/python3.12/site-packages/torch/utils/_device.py", line 122, in __torch_function__,
E                 return func(*args, **kwargs),
E                        ^^^^^^^^^^^^^^^^^^^^^,
E             ,
E             },
E             stack_traces = {,
E               File "/Users/arogers/github/WikiOracle/basicmodel/bin/Models.py", line 12501, in _reconstruct_sentences,
E                 positions = torch.arange(W, device=dev).reshape(1, W),
E                             ^^^^^^^^^^^^^^^^^^^^^^^^^^^^^^^^^^^^^^^^^,
E               File "/Users/arogers/github/WikiOracle/basicmodel/.venv/lib/python3.12/site-packages/torch/utils/_device.py", line 122, in __torch_function__,
E                 return func(*args, **kwargs),
E                        ^^^^^^^^^^^^^^^^^^^^^,
E             ,
E             },
E             stack_traces = {,
E               File "/Users/arogers/github/WikiOracle/basicmodel/bin/Models.py", line 12508, in _reconstruct_sentences,
E                 last_index = torch.where(active, positions, torch.full_like(positions, -1)).amax(dim=1),
E                                                             ^^^^^^^^^^^^^^^^^^^^^^^^^^^^^^^^^^^^^^^^^^^,
E               File "/Users/arogers/github/WikiOracle/basicmodel/.venv/lib/python3.12/site-packages/torch/utils/_device.py", line 122, in __torch_function__,
E                 return func(*args, **kwargs),
E                        ^^^^^^^^^^^^^^^^^^^^^,
E             ,
E             }
E           ), _split_size=None, _original_inner_fn=None, _original_ranges=None, _original_reduction_ranges=None)
E         )), TensorBox(StorageBox(
E           ComputedBuffer(name='buf15', layout=FixedLayout('cpu', torch.bool, size=[4, s38], stride=[s38, 1]), data=Pointwise(
E             'cpu',
E             torch.bool,
E             def inner_fn(index):
E                 i0, i1 = index
E                 tmp0 = ops.load(arg14_1, i1 + i0 * s38)
E                 tmp1 = ops.constant(0, torch.int64)
E                 tmp2 = ops.load(arg17_1, 0)
E                 tmp3 = tmp1 == tmp2
E                 tmp4 = ops.bitwise_and(tmp0, tmp3)
E                 tmp5 = ops.load(arg19_1, i1 + i0 * s38)
E                 tmp6 = ops.bitwise_and(tmp4, tmp5)
E                 return tmp6
E             ,
E             ranges=[4, s38],
E             origin_node=bitwise_and_1,
E             origins=OrderedSet([bitwise_and_1, bitwise_and, eq_25, full_d...,
E             stack_traces = {,
E               File "/Users/arogers/github/WikiOracle/basicmodel/bin/Models.py", line 12511, in _reconstruct_sentences,
E                 leaves = active & leaf_mask if torch.is_tensor(leaf_mask) else active,
E                          ^^^^^^^^^^^^^^^^^^^^^^^^^^^^^^^^^^^^^^^^^^^^^^^^^^^^^^^^^^^^,
E               File "/Users/arogers/github/WikiOracle/basicmodel/.venv/lib/python3.12/site-packages/torch/utils/_device.py", line 122, in __torch_function__,
E                 return func(*args, **kwargs),
E                        ^^^^^^^^^^^^^^^^^^^^^,
E             ,
E             },
E             stack_traces = {,
E               File "/Users/arogers/github/WikiOracle/basicmodel/bin/Models.py", line 12510, in _reconstruct_sentences,
E                 active = active & (ids == sentence_slot),
E                          ^^^^^^^^^^^^^^^^^^^^^^^^^^^^^^^,
E               File "/Users/arogers/github/WikiOracle/basicmodel/.venv/lib/python3.12/site-packages/torch/utils/_device.py", line 122, in __torch_function__,
E                 return func(*args, **kwargs),
E                        ^^^^^^^^^^^^^^^^^^^^^,
E             ,
E             },
E             stack_traces = {,
E               File "/Users/arogers/github/WikiOracle/basicmodel/bin/Models.py", line 12510, in _reconstruct_sentences,
E                 active = active & (ids == sentence_slot),
E                                    ^^^^^^^^^^^^^^^^^^^^^,
E               File "/Users/arogers/github/WikiOracle/basicmodel/.venv/lib/python3.12/site-packages/torch/utils/_device.py", line 122, in __torch_function__,
E                 return func(*args, **kwargs),
E                        ^^^^^^^^^^^^^^^^^^^^^,
E             ,
E             },
E             stack_traces = {,
E               File "/Users/arogers/github/WikiOracle/basicmodel/bin/Models.py", line 12500, in _reconstruct_sentences,
E                 ids = torch.zeros(B, W, dtype=torch.long, device=dev),
E                       ^^^^^^^^^^^^^^^^^^^^^^^^^^^^^^^^^^^^^^^^^^^^^^^,
E               File "/Users/arogers/github/WikiOracle/basicmodel/.venv/lib/python3.12/site-packages/torch/utils/_device.py", line 122, in __torch_function__,
E                 return func(*args, **kwargs),
E                        ^^^^^^^^^^^^^^^^^^^^^,
E             ,
E             }
E           ), _split_size=None, _original_inner_fn=None, _original_ranges=None, _original_reduction_ranges=None)
E         )), ShapeAsConstantBuffer(expr=s13), ShapeAsConstantBuffer(expr=s38), ShapeAsConstantBuffer(expr=s98)], cond_subgraph=Subgraph(name='while_loop_cond_graph_0', graph_module=<lambda>(), inductor_config_patches=None, graph=<torch._inductor.graph.SubgraphLowering object at 0x16e6a9250>), body_subgraph=Subgraph(name='while_loop_body_graph_0', graph_module=<lambda>(), inductor_config_patches=None, graph=<torch._inductor.graph.SubgraphLowering object at 0x16e82e3f0>), outputs=[MultiOutput(
E           python_kernel_name=None,
E           name=buf17,
E           layout=FixedLayout('cpu', torch.int64, size=[], stride=[]),
E           inputs=[...],
E           constant_args=(),
E           kwargs={},
E           output_view=None,
E           python_kernel_name=None,
E           cpp_kernel_name=None,
E           ordered_kwargs_for_cpp_kernel=(),
E           op_overload=None,
E           arg_properties=[{}],
E           allarg_properties={},
E           kwarg_properties=None,
E           unbacked_bindings={},
E           mutation_outputs=[],
E           origin_node=None,
E           origins=OrderedSet([while_loop, while_loop_cond_graph_0, whil...,
E           stack_traces = {,
E             File "/Users/arogers/github/WikiOracle/basicmodel/bin/Models.py", line 12624, in _reconstruct_sentences,
E               _, _, _, occurrence_left, occurrence_right, malformed = _reconstruction_while_loop(,
E                                                                       ^^^^^^^^^^^^^^^^^^^^^^^^^^^,
E             File "/Users/arogers/github/WikiOracle/basicmodel/bin/Models.py", line 379, in _reconstruction_while_loop,
E               return torch.while_loop(condition, body, values),
E                      ^^^^^^^^^^^^^^^^^^^^^^^^^^^^^^^^^^^^^^^^^,
E             File "/Users/arogers/github/WikiOracle/basicmodel/.venv/lib/python3.12/site-packages/torch/utils/_device.py", line 122, in __torch_function__,
E               return func(*args, **kwargs),
E                      ^^^^^^^^^^^^^^^^^^^^^,
E           ,
E           },
E           stack_traces = {,
E             File "/Users/arogers/github/WikiOracle/basicmodel/bin/Models.py", line 12626, in _reconstruct_sentences,
E               (torch.zeros((), dtype=torch.long, device=dev),,
E                ^^^^^^^^^^^^^^^^^^^^^^^^^^^^^^^^^^^^^^^^^^^^^^,
E             File "/Users/arogers/github/WikiOracle/basicmodel/.venv/lib/python3.12/site-packages/torch/utils/_device.py", line 122, in __torch_function__,
E               return func(*args, **kwargs),
E                      ^^^^^^^^^^^^^^^^^^^^^,
E           ,
E           },
E           stack_traces = {,
E             File "/Users/arogers/github/WikiOracle/basicmodel/bin/Models.py", line 12627, in _reconstruct_sentences,
E               torch.full((B, cap), -1, dtype=torch.long, device=dev),,
E             File "/Users/arogers/github/WikiOracle/basicmodel/.venv/lib/python3.12/site-packages/torch/utils/_device.py", line 122, in __torch_function__,
E               return func(*args, **kwargs),
E                      ^^^^^^^^^^^^^^^^^^^^^,
E           ,
E           },
E           stack_traces = {,
E             File "/Users/arogers/github/WikiOracle/basicmodel/bin/Models.py", line 12628, in _reconstruct_sentences,
E               torch.zeros(B, dtype=torch.long, device=dev),,
E             File "/Users/arogers/github/WikiOracle/basicmodel/.venv/lib/python3.12/site-packages/torch/utils/_device.py", line 122, in __torch_function__,
E               return func(*args, **kwargs),
E                      ^^^^^^^^^^^^^^^^^^^^^,
E           ,
E           },
E           stack_traces = {,
E             File "/Users/arogers/github/WikiOracle/basicmodel/bin/Models.py", line 12623, in _reconstruct_sentences,
E               empty_positions = torch.full((B, steps), -1, dtype=torch.long, device=dev),
E                                 ^^^^^^^^^^^^^^^^^^^^^^^^^^^^^^^^^^^^^^^^^^^^^^^^^^^^^^^^,
E             File "/Users/arogers/github/WikiOracle/basicmodel/.venv/lib/python3.12/site-packages/torch/utils/_device.py", line 122, in __torch_function__,
E               return func(*args, **kwargs),
E                      ^^^^^^^^^^^^^^^^^^^^^,
E           ,
E           },
E           stack_traces = {,
E             File "/Users/arogers/github/WikiOracle/basicmodel/bin/Models.py", line 12630, in _reconstruct_sentences,
E               torch.zeros(B, dtype=torch.bool, device=dev))),
E             File "/Users/arogers/github/WikiOracle/basicmodel/.venv/lib/python3.12/site-packages/torch/utils/_device.py", line 122, in __torch_function__,
E               return func(*args, **kwargs),
E                      ^^^^^^^^^^^^^^^^^^^^^,
E           ,
E           },
E           stack_traces = {,
E             File "/Users/arogers/github/WikiOracle/basicmodel/bin/Models.py", line 12564, in _reconstruct_sentences,
E               bound = (torch.where(active, positions, -1).amax() + 1).clamp_min(0),
E                       ^^^^^^^^^^^^^^^^^^^^^^^^^^^^^^^^^^^^^^^^^^^^^^^^^^^^^^^^^^^^,
E             File "/Users/arogers/github/WikiOracle/basicmodel/.venv/lib/python3.12/site-packages/torch/utils/_device.py", line 122, in __torch_function__,
E               return func(*args, **kwargs),
E                      ^^^^^^^^^^^^^^^^^^^^^,
E           ,
E           },
E           stack_traces = {,
E             File "/Users/arogers/github/WikiOracle/basicmodel/bin/Models.py", line 12564, in _reconstruct_sentences,
E               bound = (torch.where(active, positions, -1).amax() + 1).clamp_min(0),
E                        ^^^^^^^^^^^^^^^^^^^^^^^^^^^^^^^^^^^^^^^^^^^^^^^^^^^^^^^^^^^,
E             File "/Users/arogers/github/WikiOracle/basicmodel/.venv/lib/python3.12/site-packages/torch/utils/_device.py", line 122, in __torch_function__,
E               return func(*args, **kwargs),
E                      ^^^^^^^^^^^^^^^^^^^^^,
E           ,
E           },
E           stack_traces = {,
E             File "/Users/arogers/github/WikiOracle/basicmodel/bin/Models.py", line 12510, in _reconstruct_sentences,
E               active = active & (ids == sentence_slot),
E                        ^^^^^^^^^^^^^^^^^^^^^^^^^^^^^^^,
E             File "/Users/arogers/github/WikiOracle/basicmodel/.venv/lib/python3.12/site-packages/torch/utils/_device.py", line 122, in __torch_function__,
E               return func(*args, **kwargs),
E                      ^^^^^^^^^^^^^^^^^^^^^,
E           ,
E           },
E           stack_traces = {,
E             File "/Users/arogers/github/WikiOracle/basicmodel/bin/Models.py", line 12510, in _reconstruct_sentences,
E               active = active & (ids == sentence_slot),
E                                  ^^^^^^^^^^^^^^^^^^^^^,
E             File "/Users/arogers/github/WikiOracle/basicmodel/.venv/lib/python3.12/site-packages/torch/utils/_device.py", line 122, in __torch_function__,
E               return func(*args, **kwargs),
E                      ^^^^^^^^^^^^^^^^^^^^^,
E           ,
E           },
E           stack_traces = {,
E             File "/Users/arogers/github/WikiOracle/basicmodel/bin/Models.py", line 12500, in _reconstruct_sentences,
E               ids = torch.zeros(B, W, dtype=torch.long, device=dev),
E                     ^^^^^^^^^^^^^^^^^^^^^^^^^^^^^^^^^^^^^^^^^^^^^^^,
E             File "/Users/arogers/github/WikiOracle/basicmodel/.venv/lib/python3.12/site-packages/torch/utils/_device.py", line 122, in __torch_function__,
E               return func(*args, **kwargs),
E                      ^^^^^^^^^^^^^^^^^^^^^,
E           ,
E           },
E           stack_traces = {,
E             File "/Users/arogers/github/WikiOracle/basicmodel/bin/Models.py", line 12507, in _reconstruct_sentences,
E               is_end = torch.logical_and(active, torch.logical_not(cont))       # [B, W],
E                        ^^^^^^^^^^^^^^^^^^^^^^^^^^^^^^^^^^^^^^^^^^^^^^^^^^^^^^^^^^^^^^^^^,
E             File "/Users/arogers/github/WikiOracle/basicmodel/.venv/lib/python3.12/site-packages/torch/utils/_device.py", line 122, in __torch_function__,
E               return func(*args, **kwargs),
E                      ^^^^^^^^^^^^^^^^^^^^^,
E           ,
E           },
E           stack_traces = {,
E             File "/Users/arogers/github/WikiOracle/basicmodel/bin/Models.py", line 12507, in _reconstruct_sentences,
E               is_end = torch.logical_and(active, torch.logical_not(cont))       # [B, W],
E                                                  ^^^^^^^^^^^^^^^^^^^^^^^^^^^^^^^^^^^^^^^,
E             File "/Users/arogers/github/WikiOracle/basicmodel/.venv/lib/python3.12/site-packages/torch/utils/_device.py", line 122, in __torch_function__,
E               return func(*args, **kwargs),
E                      ^^^^^^^^^^^^^^^^^^^^^,
E           ,
E           },
E           stack_traces = {,
E             File "/Users/arogers/github/WikiOracle/basicmodel/bin/Models.py", line 12511, in _reconstruct_sentences,
E               leaves = active & leaf_mask if torch.is_tensor(leaf_mask) else active,
E                        ^^^^^^^^^^^^^^^^^^^^^^^^^^^^^^^^^^^^^^^^^^^^^^^^^^^^^^^^^^^^,
E             File "/Users/arogers/github/WikiOracle/basicmodel/.venv/lib/python3.12/site-packages/torch/utils/_device.py", line 122, in __torch_function__,
E               return func(*args, **kwargs),
E                      ^^^^^^^^^^^^^^^^^^^^^,
E           ,
E           }
E         ), MultiOutput(
E           python_kernel_name=None,
E           name=buf18,
E           layout=FixedLayout('cpu', torch.int64, size=[4, 8], stride=[8, 1]),
E           inputs=[...],
E           constant_args=(),
E           kwargs={},
E           output_view=None,
E           python_kernel_name=None,
E           cpp_kernel_name=None,
E           ordered_kwargs_for_cpp_kernel=(),
E           op_overload=None,
E           arg_properties=[{}],
E           allarg_properties={},
E           kwarg_properties=None,
E           unbacked_bindings={},
E           mutation_outputs=[],
E           origin_node=None,
E           origins=OrderedSet([while_loop, while_loop_cond_graph_0, whil...,
E           stack_traces = {,
E             File "/Users/arogers/github/WikiOracle/basicmodel/bin/Models.py", line 12624, in _reconstruct_sentences,
E               _, _, _, occurrence_left, occurrence_right, malformed = _reconstruction_while_loop(,
E                                                                       ^^^^^^^^^^^^^^^^^^^^^^^^^^^,
E             File "/Users/arogers/github/WikiOracle/basicmodel/bin/Models.py", line 379, in _reconstruction_while_loop,
E               return torch.while_loop(condition, body, values),
E                      ^^^^^^^^^^^^^^^^^^^^^^^^^^^^^^^^^^^^^^^^^,
E             File "/Users/arogers/github/WikiOracle/basicmodel/.venv/lib/python3.12/site-packages/torch/utils/_device.py", line 122, in __torch_function__,
E               return func(*args, **kwargs),
E                      ^^^^^^^^^^^^^^^^^^^^^,
E           ,
E           },
E           stack_traces = {,
E             File "/Users/arogers/github/WikiOracle/basicmodel/bin/Models.py", line 12626, in _reconstruct_sentences,
E               (torch.zeros((), dtype=torch.long, device=dev),,
E                ^^^^^^^^^^^^^^^^^^^^^^^^^^^^^^^^^^^^^^^^^^^^^^,
E             File "/Users/arogers/github/WikiOracle/basicmodel/.venv/lib/python3.12/site-packages/torch/utils/_device.py", line 122, in __torch_function__,
E               return func(*args, **kwargs),
E                      ^^^^^^^^^^^^^^^^^^^^^,
E           ,
E           },
E           stack_traces = {,
E             File "/Users/arogers/github/WikiOracle/basicmodel/bin/Models.py", line 12627, in _reconstruct_sentences,
E               torch.full((B, cap), -1, dtype=torch.long, device=dev),,
E             File "/Users/arogers/github/WikiOracle/basicmodel/.venv/lib/python3.12/site-packages/torch/utils/_device.py", line 122, in __torch_function__,
E               return func(*args, **kwargs),
E                      ^^^^^^^^^^^^^^^^^^^^^,
E           ,
E           },
E           stack_traces = {,
E             File "/Users/arogers/github/WikiOracle/basicmodel/bin/Models.py", line 12628, in _reconstruct_sentences,
E               torch.zeros(B, dtype=torch.long, device=dev),,
E             File "/Users/arogers/github/WikiOracle/basicmodel/.venv/lib/python3.12/site-packages/torch/utils/_device.py", line 122, in __torch_function__,
E               return func(*args, **kwargs),
E                      ^^^^^^^^^^^^^^^^^^^^^,
E           ,
E           },
E           stack_traces = {,
E             File "/Users/arogers/github/WikiOracle/basicmodel/bin/Models.py", line 12623, in _reconstruct_sentences,
E               empty_positions = torch.full((B, steps), -1, dtype=torch.long, device=dev),
E                                 ^^^^^^^^^^^^^^^^^^^^^^^^^^^^^^^^^^^^^^^^^^^^^^^^^^^^^^^^,
E             File "/Users/arogers/github/WikiOracle/basicmodel/.venv/lib/python3.12/site-packages/torch/utils/_device.py", line 122, in __torch_function__,
E               return func(*args, **kwargs),
E                      ^^^^^^^^^^^^^^^^^^^^^,
E           ,
E           },
E           stack_traces = {,
E             File "/Users/arogers/github/WikiOracle/basicmodel/bin/Models.py", line 12630, in _reconstruct_sentences,
E               torch.zeros(B, dtype=torch.bool, device=dev))),
E             File "/Users/arogers/github/WikiOracle/basicmodel/.venv/lib/python3.12/site-packages/torch/utils/_device.py", line 122, in __torch_function__,
E               return func(*args, **kwargs),
E                      ^^^^^^^^^^^^^^^^^^^^^,
E           ,
E           },
E           stack_traces = {,
E             File "/Users/arogers/github/WikiOracle/basicmodel/bin/Models.py", line 12564, in _reconstruct_sentences,
E               bound = (torch.where(active, positions, -1).amax() + 1).clamp_min(0),
E                       ^^^^^^^^^^^^^^^^^^^^^^^^^^^^^^^^^^^^^^^^^^^^^^^^^^^^^^^^^^^^,
E             File "/Users/arogers/github/WikiOracle/basicmodel/.venv/lib/python3.12/site-packages/torch/utils/_device.py", line 122, in __torch_function__,
E               return func(*args, **kwargs),
E                      ^^^^^^^^^^^^^^^^^^^^^,
E           ,
E           },
E           stack_traces = {,
E             File "/Users/arogers/github/WikiOracle/basicmodel/bin/Models.py", line 12564, in _reconstruct_sentences,
E               bound = (torch.where(active, positions, -1).amax() + 1).clamp_min(0),
E                        ^^^^^^^^^^^^^^^^^^^^^^^^^^^^^^^^^^^^^^^^^^^^^^^^^^^^^^^^^^^,
E             File "/Users/arogers/github/WikiOracle/basicmodel/.venv/lib/python3.12/site-packages/torch/utils/_device.py", line 122, in __torch_function__,
E               return func(*args, **kwargs),
E                      ^^^^^^^^^^^^^^^^^^^^^,
E           ,
E           },
E           stack_traces = {,
E             File "/Users/arogers/github/WikiOracle/basicmodel/bin/Models.py", line 12510, in _reconstruct_sentences,
E               active = active & (ids == sentence_slot),
E                        ^^^^^^^^^^^^^^^^^^^^^^^^^^^^^^^,
E             File "/Users/arogers/github/WikiOracle/basicmodel/.venv/lib/python3.12/site-packages/torch/utils/_device.py", line 122, in __torch_function__,
E               return func(*args, **kwargs),
E                      ^^^^^^^^^^^^^^^^^^^^^,
E           ,
E           },
E           stack_traces = {,
E             File "/Users/arogers/github/WikiOracle/basicmodel/bin/Models.py", line 12510, in _reconstruct_sentences,
E               active = active & (ids == sentence_slot),
E                                  ^^^^^^^^^^^^^^^^^^^^^,
E             File "/Users/arogers/github/WikiOracle/basicmodel/.venv/lib/python3.12/site-packages/torch/utils/_device.py", line 122, in __torch_function__,
E               return func(*args, **kwargs),
E                      ^^^^^^^^^^^^^^^^^^^^^,
E           ,
E           },
E           stack_traces = {,
E             File "/Users/arogers/github/WikiOracle/basicmodel/bin/Models.py", line 12500, in _reconstruct_sentences,
E               ids = torch.zeros(B, W, dtype=torch.long, device=dev),
E                     ^^^^^^^^^^^^^^^^^^^^^^^^^^^^^^^^^^^^^^^^^^^^^^^,
E             File "/Users/arogers/github/WikiOracle/basicmodel/.venv/lib/python3.12/site-packages/torch/utils/_device.py", line 122, in __torch_function__,
E               return func(*args, **kwargs),
E                      ^^^^^^^^^^^^^^^^^^^^^,
E           ,
E           },
E           stack_traces = {,
E             File "/Users/arogers/github/WikiOracle/basicmodel/bin/Models.py", line 12507, in _reconstruct_sentences,
E               is_end = torch.logical_and(active, torch.logical_not(cont))       # [B, W],
E                        ^^^^^^^^^^^^^^^^^^^^^^^^^^^^^^^^^^^^^^^^^^^^^^^^^^^^^^^^^^^^^^^^^,
E             File "/Users/arogers/github/WikiOracle/basicmodel/.venv/lib/python3.12/site-packages/torch/utils/_device.py", line 122, in __torch_function__,
E               return func(*args, **kwargs),
E                      ^^^^^^^^^^^^^^^^^^^^^,
E           ,
E           },
E           stack_traces = {,
E             File "/Users/arogers/github/WikiOracle/basicmodel/bin/Models.py", line 12507, in _reconstruct_sentences,
E               is_end = torch.logical_and(active, torch.logical_not(cont))       # [B, W],
E                                                  ^^^^^^^^^^^^^^^^^^^^^^^^^^^^^^^^^^^^^^^,
E             File "/Users/arogers/github/WikiOracle/basicmodel/.venv/lib/python3.12/site-packages/torch/utils/_device.py", line 122, in __torch_function__,
E               return func(*args, **kwargs),
E                      ^^^^^^^^^^^^^^^^^^^^^,
E           ,
E           },
E           stack_traces = {,
E             File "/Users/arogers/github/WikiOracle/basicmodel/bin/Models.py", line 12511, in _reconstruct_sentences,
E               leaves = active & leaf_mask if torch.is_tensor(leaf_mask) else active,
E                        ^^^^^^^^^^^^^^^^^^^^^^^^^^^^^^^^^^^^^^^^^^^^^^^^^^^^^^^^^^^^,
E             File "/Users/arogers/github/WikiOracle/basicmodel/.venv/lib/python3.12/site-packages/torch/utils/_device.py", line 122, in __torch_function__,
E               return func(*args, **kwargs),
E                      ^^^^^^^^^^^^^^^^^^^^^,
E           ,
E           }
E         ), MultiOutput(
E           python_kernel_name=None,
E           name=buf19,
E           layout=FixedLayout('cpu', torch.int64, size=[4], stride=[1]),
E           inputs=[...],
E           constant_args=(),
E           kwargs={},
E           output_view=None,
E           python_kernel_name=None,
E           cpp_kernel_name=None,
E           ordered_kwargs_for_cpp_kernel=(),
E           op_overload=None,
E           arg_properties=[{}],
E           allarg_properties={},
E           kwarg_properties=None,
E           unbacked_bindings={},
E           mutation_outputs=[],
E           origin_node=None,
E           origins=OrderedSet([while_loop, while_loop_cond_graph_0, whil...,
E           stack_traces = {,
E             File "/Users/arogers/github/WikiOracle/basicmodel/bin/Models.py", line 12624, in _reconstruct_sentences,
E               _, _, _, occurrence_left, occurrence_right, malformed = _reconstruction_while_loop(,
E                                                                       ^^^^^^^^^^^^^^^^^^^^^^^^^^^,
E             File "/Users/arogers/github/WikiOracle/basicmodel/bin/Models.py", line 379, in _reconstruction_while_loop,
E               return torch.while_loop(condition, body, values),
E                      ^^^^^^^^^^^^^^^^^^^^^^^^^^^^^^^^^^^^^^^^^,
E             File "/Users/arogers/github/WikiOracle/basicmodel/.venv/lib/python3.12/site-packages/torch/utils/_device.py", line 122, in __torch_function__,
E               return func(*args, **kwargs),
E                      ^^^^^^^^^^^^^^^^^^^^^,
E           ,
E           },
E           stack_traces = {,
E             File "/Users/arogers/github/WikiOracle/basicmodel/bin/Models.py", line 12626, in _reconstruct_sentences,
E               (torch.zeros((), dtype=torch.long, device=dev),,
E                ^^^^^^^^^^^^^^^^^^^^^^^^^^^^^^^^^^^^^^^^^^^^^^,
E             File "/Users/arogers/github/WikiOracle/basicmodel/.venv/lib/python3.12/site-packages/torch/utils/_device.py", line 122, in __torch_function__,
E               return func(*args, **kwargs),
E                      ^^^^^^^^^^^^^^^^^^^^^,
E           ,
E           },
E           stack_traces = {,
E             File "/Users/arogers/github/WikiOracle/basicmodel/bin/Models.py", line 12627, in _reconstruct_sentences,
E               torch.full((B, cap), -1, dtype=torch.long, device=dev),,
E             File "/Users/arogers/github/WikiOracle/basicmodel/.venv/lib/python3.12/site-packages/torch/utils/_device.py", line 122, in __torch_function__,
E               return func(*args, **kwargs),
E                      ^^^^^^^^^^^^^^^^^^^^^,
E           ,
E           },
E           stack_traces = {,
E             File "/Users/arogers/github/WikiOracle/basicmodel/bin/Models.py", line 12628, in _reconstruct_sentences,
E               torch.zeros(B, dtype=torch.long, device=dev),,
E             File "/Users/arogers/github/WikiOracle/basicmodel/.venv/lib/python3.12/site-packages/torch/utils/_device.py", line 122, in __torch_function__,
E               return func(*args, **kwargs),
E                      ^^^^^^^^^^^^^^^^^^^^^,
E           ,
E           },
E           stack_traces = {,
E             File "/Users/arogers/github/WikiOracle/basicmodel/bin/Models.py", line 12623, in _reconstruct_sentences,
E               empty_positions = torch.full((B, steps), -1, dtype=torch.long, device=dev),
E                                 ^^^^^^^^^^^^^^^^^^^^^^^^^^^^^^^^^^^^^^^^^^^^^^^^^^^^^^^^,
E             File "/Users/arogers/github/WikiOracle/basicmodel/.venv/lib/python3.12/site-packages/torch/utils/_device.py", line 122, in __torch_function__,
E               return func(*args, **kwargs),
E                      ^^^^^^^^^^^^^^^^^^^^^,
E           ,
E           },
E           stack_traces = {,
E             File "/Users/arogers/github/WikiOracle/basicmodel/bin/Models.py", line 12630, in _reconstruct_sentences,
E               torch.zeros(B, dtype=torch.bool, device=dev))),
E             File "/Users/arogers/github/WikiOracle/basicmodel/.venv/lib/python3.12/site-packages/torch/utils/_device.py", line 122, in __torch_function__,
E               return func(*args, **kwargs),
E                      ^^^^^^^^^^^^^^^^^^^^^,
E           ,
E           },
E           stack_traces = {,
E             File "/Users/arogers/github/WikiOracle/basicmodel/bin/Models.py", line 12564, in _reconstruct_sentences,
E               bound = (torch.where(active, positions, -1).amax() + 1).clamp_min(0),
E                       ^^^^^^^^^^^^^^^^^^^^^^^^^^^^^^^^^^^^^^^^^^^^^^^^^^^^^^^^^^^^,
E             File "/Users/arogers/github/WikiOracle/basicmodel/.venv/lib/python3.12/site-packages/torch/utils/_device.py", line 122, in __torch_function__,
E               return func(*args, **kwargs),
E                      ^^^^^^^^^^^^^^^^^^^^^,
E           ,
E           },
E           stack_traces = {,
E             File "/Users/arogers/github/WikiOracle/basicmodel/bin/Models.py", line 12564, in _reconstruct_sentences,
E               bound = (torch.where(active, positions, -1).amax() + 1).clamp_min(0),
E                        ^^^^^^^^^^^^^^^^^^^^^^^^^^^^^^^^^^^^^^^^^^^^^^^^^^^^^^^^^^^,
E             File "/Users/arogers/github/WikiOracle/basicmodel/.venv/lib/python3.12/site-packages/torch/utils/_device.py", line 122, in __torch_function__,
E               return func(*args, **kwargs),
E                      ^^^^^^^^^^^^^^^^^^^^^,
E           ,
E           },
E           stack_traces = {,
E             File "/Users/arogers/github/WikiOracle/basicmodel/bin/Models.py", line 12510, in _reconstruct_sentences,
E               active = active & (ids == sentence_slot),
E                        ^^^^^^^^^^^^^^^^^^^^^^^^^^^^^^^,
E             File "/Users/arogers/github/WikiOracle/basicmodel/.venv/lib/python3.12/site-packages/torch/utils/_device.py", line 122, in __torch_function__,
E               return func(*args, **kwargs),
E                      ^^^^^^^^^^^^^^^^^^^^^,
E           ,
E           },
E           stack_traces = {,
E             File "/Users/arogers/github/WikiOracle/basicmodel/bin/Models.py", line 12510, in _reconstruct_sentences,
E               active = active & (ids == sentence_slot),
E                                  ^^^^^^^^^^^^^^^^^^^^^,
E             File "/Users/arogers/github/WikiOracle/basicmodel/.venv/lib/python3.12/site-packages/torch/utils/_device.py", line 122, in __torch_function__,
E               return func(*args, **kwargs),
E                      ^^^^^^^^^^^^^^^^^^^^^,
E           ,
E           },
E           stack_traces = {,
E             File "/Users/arogers/github/WikiOracle/basicmodel/bin/Models.py", line 12500, in _reconstruct_sentences,
E               ids = torch.zeros(B, W, dtype=torch.long, device=dev),
E                     ^^^^^^^^^^^^^^^^^^^^^^^^^^^^^^^^^^^^^^^^^^^^^^^,
E             File "/Users/arogers/github/WikiOracle/basicmodel/.venv/lib/python3.12/site-packages/torch/utils/_device.py", line 122, in __torch_function__,
E               return func(*args, **kwargs),
E                      ^^^^^^^^^^^^^^^^^^^^^,
E           ,
E           },
E           stack_traces = {,
E             File "/Users/arogers/github/WikiOracle/basicmodel/bin/Models.py", line 12507, in _reconstruct_sentences,
E               is_end = torch.logical_and(active, torch.logical_not(cont))       # [B, W],
E                        ^^^^^^^^^^^^^^^^^^^^^^^^^^^^^^^^^^^^^^^^^^^^^^^^^^^^^^^^^^^^^^^^^,
E             File "/Users/arogers/github/WikiOracle/basicmodel/.venv/lib/python3.12/site-packages/torch/utils/_device.py", line 122, in __torch_function__,
E               return func(*args, **kwargs),
E                      ^^^^^^^^^^^^^^^^^^^^^,
E           ,
E           },
E           stack_traces = {,
E             File "/Users/arogers/github/WikiOracle/basicmodel/bin/Models.py", line 12507, in _reconstruct_sentences,
E               is_end = torch.logical_and(active, torch.logical_not(cont))       # [B, W],
E                                                  ^^^^^^^^^^^^^^^^^^^^^^^^^^^^^^^^^^^^^^^,
E             File "/Users/arogers/github/WikiOracle/basicmodel/.venv/lib/python3.12/site-packages/torch/utils/_device.py", line 122, in __torch_function__,
E               return func(*args, **kwargs),
E                      ^^^^^^^^^^^^^^^^^^^^^,
E           ,
E           },
E           stack_traces = {,
E             File "/Users/arogers/github/WikiOracle/basicmodel/bin/Models.py", line 12511, in _reconstruct_sentences,
E               leaves = active & leaf_mask if torch.is_tensor(leaf_mask) else active,
E                        ^^^^^^^^^^^^^^^^^^^^^^^^^^^^^^^^^^^^^^^^^^^^^^^^^^^^^^^^^^^^,
E             File "/Users/arogers/github/WikiOracle/basicmodel/.venv/lib/python3.12/site-packages/torch/utils/_device.py", line 122, in __torch_function__,
E               return func(*args, **kwargs),
E                      ^^^^^^^^^^^^^^^^^^^^^,
E           ,
E           }
E         ), MultiOutput(
E           python_kernel_name=None,
E           name=buf20,
E           layout=FixedLayout('cpu', torch.int64, size=[4, s80], stride=[s80, 1]),
E           inputs=[...],
E           constant_args=(),
E           kwargs={},
E           output_view=None,
E           python_kernel_name=None,
E           cpp_kernel_name=None,
E           ordered_kwargs_for_cpp_kernel=(),
E           op_overload=None,
E           arg_properties=[{}],
E           allarg_properties={},
E           kwarg_properties=None,
E           unbacked_bindings={},
E           mutation_outputs=[],
E           origin_node=getitem_3,
E           origins=OrderedSet([while_loop, while_loop_cond_graph_0, whil...,
E           stack_traces = {,
E             File "/Users/arogers/github/WikiOracle/basicmodel/bin/Models.py", line 12624, in _reconstruct_sentences,
E               _, _, _, occurrence_left, occurrence_right, malformed = _reconstruction_while_loop(,
E                                                                       ^^^^^^^^^^^^^^^^^^^^^^^^^^^,
E             File "/Users/arogers/github/WikiOracle/basicmodel/bin/Models.py", line 379, in _reconstruction_while_loop,
E               return torch.while_loop(condition, body, values),
E                      ^^^^^^^^^^^^^^^^^^^^^^^^^^^^^^^^^^^^^^^^^,
E             File "/Users/arogers/github/WikiOracle/basicmodel/.venv/lib/python3.12/site-packages/torch/utils/_device.py", line 122, in __torch_function__,
E               return func(*args, **kwargs),
E                      ^^^^^^^^^^^^^^^^^^^^^,
E           ,
E           }
E         ), MultiOutput(
E           python_kernel_name=None,
E           name=buf21,
E           layout=FixedLayout('cpu', torch.int64, size=[4, s80], stride=[s80, 1]),
E           inputs=[...],
E           constant_args=(),
E           kwargs={},
E           output_view=None,
E           python_kernel_name=None,
E           cpp_kernel_name=None,
E           ordered_kwargs_for_cpp_kernel=(),
E           op_overload=None,
E           arg_properties=[{}],
E           allarg_properties={},
E           kwarg_properties=None,
E           unbacked_bindings={},
E           mutation_outputs=[],
E           origin_node=getitem_4,
E           origins=OrderedSet([while_loop, while_loop_cond_graph_0, whil...,
E           stack_traces = {,
E             File "/Users/arogers/github/WikiOracle/basicmodel/bin/Models.py", line 12624, in _reconstruct_sentences,
E               _, _, _, occurrence_left, occurrence_right, malformed = _reconstruction_while_loop(,
E                                                                       ^^^^^^^^^^^^^^^^^^^^^^^^^^^,
E             File "/Users/arogers/github/WikiOracle/basicmodel/bin/Models.py", line 379, in _reconstruction_while_loop,
E               return torch.while_loop(condition, body, values),
E                      ^^^^^^^^^^^^^^^^^^^^^^^^^^^^^^^^^^^^^^^^^,
E             File "/Users/arogers/github/WikiOracle/basicmodel/.venv/lib/python3.12/site-packages/torch/utils/_device.py", line 122, in __torch_function__,
E               return func(*args, **kwargs),
E                      ^^^^^^^^^^^^^^^^^^^^^,
E           ,
E           }
E         ), MultiOutput(
E           python_kernel_name=None,
E           name=buf22,
E           layout=FixedLayout('cpu', torch.bool, size=[4], stride=[1]),
E           inputs=[...],
E           constant_args=(),
E           kwargs={},
E           output_view=None,
E           python_kernel_name=None,
E           cpp_kernel_name=None,
E           ordered_kwargs_for_cpp_kernel=(),
E           op_overload=None,
E           arg_properties=[{}],
E           allarg_properties={},
E           kwarg_properties=None,
E           unbacked_bindings={},
E           mutation_outputs=[],
E           origin_node=getitem_5,
E           origins=OrderedSet([while_loop, while_loop_cond_graph_0, whil...,
E           stack_traces = {,
E             File "/Users/arogers/github/WikiOracle/basicmodel/bin/Models.py", line 12624, in _reconstruct_sentences,
E               _, _, _, occurrence_left, occurrence_right, malformed = _reconstruction_while_loop(,
E                                                                       ^^^^^^^^^^^^^^^^^^^^^^^^^^^,
E             File "/Users/arogers/github/WikiOracle/basicmodel/bin/Models.py", line 379, in _reconstruction_while_loop,
E               return torch.while_loop(condition, body, values),
E                      ^^^^^^^^^^^^^^^^^^^^^^^^^^^^^^^^^^^^^^^^^,
E             File "/Users/arogers/github/WikiOracle/basicmodel/.venv/lib/python3.12/site-packages/torch/utils/_device.py", line 122, in __torch_function__,
E               return func(*args, **kwargs),
E                      ^^^^^^^^^^^^^^^^^^^^^,
E           ,
E           }
E         )])],
E         constant_args=(),
E         kwargs={},
E         output_view=None,
E         python_kernel_name=None,
E         cpp_kernel_name=None,
E         ordered_kwargs_for_cpp_kernel=(),
E         op_overload=None,
E         arg_properties=[{}],
E         allarg_properties={},
E         kwarg_properties=None,
E         unbacked_bindings={},
E         mutation_outputs=[],
E         origin_node=getitem_4,
E         origins=OrderedSet([while_loop, while_loop_cond_graph_0, whil...,
E         stack_traces = {,
E           File "/Users/arogers/github/WikiOracle/basicmodel/bin/Models.py", line 12624, in _reconstruct_sentences,
E             _, _, _, occurrence_left, occurrence_right, malformed = _reconstruction_while_loop(,
E                                                                     ^^^^^^^^^^^^^^^^^^^^^^^^^^^,
E           File "/Users/arogers/github/WikiOracle/basicmodel/bin/Models.py", line 379, in _reconstruction_while_loop,
E             return torch.while_loop(condition, body, values),
E                    ^^^^^^^^^^^^^^^^^^^^^^^^^^^^^^^^^^^^^^^^^,
E           File "/Users/arogers/github/WikiOracle/basicmodel/.venv/lib/python3.12/site-packages/torch/utils/_device.py", line 122, in __torch_function__,
E             return func(*args, **kwargs),
E                    ^^^^^^^^^^^^^^^^^^^^^,
E         ,
E         }
E       )
E     )), TensorBox(
E       View(
E         StorageBox(
E           Pointwise(
E             'cpu',
E             torch.int64,
E             def inner_fn(index):
E                 i0 = index
E                 tmp0 = ops.index_expr(i0, torch.int64)
E                 return tmp0
E             ,
E             ranges=[s38],
E             origin_node=iota,
E             origins=OrderedSet([iota]),
E             stack_traces = {,
E               File "/Users/arogers/github/WikiOracle/basicmodel/bin/Models.py", line 12501, in _reconstruct_sentences,
E                 positions = torch.arange(W, device=dev).reshape(1, W),
E                             ^^^^^^^^^^^^^^^^^^^^^^^^^^^^^^^^^^^^^^^^^,
E               File "/Users/arogers/github/WikiOracle/basicmodel/.venv/lib/python3.12/site-packages/torch/utils/_device.py", line 122, in __torch_function__,
E                 return func(*args, **kwargs),
E                        ^^^^^^^^^^^^^^^^^^^^^,
E             ,
E             }
E           )
E         ),
E         size=[1, s38],
E         reindex=lambda i0, i1: [i1],
E         origins=OrderedSet([view, iota]),
E         stack_traces = {,
E           File "/Users/arogers/github/WikiOracle/basicmodel/bin/Models.py", line 12501, in _reconstruct_sentences,
E             positions = torch.arange(W, device=dev).reshape(1, W),
E                         ^^^^^^^^^^^^^^^^^^^^^^^^^^^^^^^^^^^^^^^^^,
E           File "/Users/arogers/github/WikiOracle/basicmodel/.venv/lib/python3.12/site-packages/torch/utils/_device.py", line 122, in __torch_function__,
E             return func(*args, **kwargs),
E                    ^^^^^^^^^^^^^^^^^^^^^,
E         ,
E         }
E       )
E     ), TensorBox(StorageBox(
E       Pointwise(
E         'cpu',
E         torch.bool,
E         def inner_fn(index):
E             i0 = index
E             tmp0 = ops.index_expr(i0, torch.int64)
E             tmp1 = ops.constant(1, torch.int64)
E             tmp2 = tmp0 < tmp1
E             tmp3 = ops.constant(False, torch.bool)
E             tmp4 = ops.constant(False, torch.bool)
E             tmp5 = ops.where(tmp2, tmp3, tmp4)
E             return tmp5
E         ,
E         ranges=[2],
E         origin_node=lift_fresh_copy,
E         origins=OrderedSet([lift_fresh_copy, _tensor_constant0]),
E         stack_traces = {,
E           File "/Users/arogers/github/WikiOracle/basicmodel/bin/Models.py", line 12539, in _reconstruct_sentences,
E             prefer_left = torch.tensor([,
E                           ^^^^^^^^^^^^^^,
E           File "/Users/arogers/github/WikiOracle/basicmodel/.venv/lib/python3.12/site-packages/torch/utils/_device.py", line 122, in __torch_function__,
E             return func(*args, **kwargs),
E                    ^^^^^^^^^^^^^^^^^^^^^,
E         ,
E         }
E       )
E     )), TensorBox(StorageBox(
E       InputBuffer(name='arg2_1', layout=FixedLayout('cpu', torch.float32, size=[4, s38, 10], stride=[10*s38, 10, 1]))
E     )), TensorBox(StorageBox(
E       InputBuffer(name='arg13_1', layout=FixedLayout('cpu', torch.float32, size=[4, s56, s90], stride=[s56*s90, s90, 1]))
E     )), s13, s19, s37, s38, s56, s60, s8, s80, s90, s96, s98, TensorBox(
E       View(
E         StorageBox(
E           Pointwise(
E             'cpu',
E             torch.int64,
E             def inner_fn(index):
E                 _ = index
E                 tmp0 = ops.index_expr(0, torch.int64)
E                 return tmp0
E             ,
E             ranges=[1],
E             origin_node=iota_1,
E             origins=OrderedSet([iota_1]),
E             stack_traces = {,
E               File "/Users/arogers/github/WikiOracle/basicmodel/bin/Models.py", line 12706, in _reconstruct_sentences,
E                 slot_ids = torch.arange(slots, device=dev).reshape(1, slots),
E                            ^^^^^^^^^^^^^^^^^^^^^^^^^^^^^^^^^^^^^^^^^^^^^^^^^,
E               File "/Users/arogers/github/WikiOracle/basicmodel/.venv/lib/python3.12/site-packages/torch/utils/_device.py", line 122, in __torch_function__,
E                 return func(*args, **kwargs),
E                        ^^^^^^^^^^^^^^^^^^^^^,
E             ,
E             }
E           )
E         ),
E         size=[1, 1],
E         reindex=lambda i0, i1: [0],
E         origins=OrderedSet([view_2, iota_1]),
E         stack_traces = {,
E           File "/Users/arogers/github/WikiOracle/basicmodel/bin/Models.py", line 12706, in _reconstruct_sentences,
E             slot_ids = torch.arange(slots, device=dev).reshape(1, slots),
E                        ^^^^^^^^^^^^^^^^^^^^^^^^^^^^^^^^^^^^^^^^^^^^^^^^^,
E           File "/Users/arogers/github/WikiOracle/basicmodel/.venv/lib/python3.12/site-packages/torch/utils/_device.py", line 122, in __torch_function__,
E             return func(*args, **kwargs),
E                    ^^^^^^^^^^^^^^^^^^^^^,
E         ,
E         }
E       )
E     ), 10)
E   Found from : 
E      File "/Users/arogers/github/WikiOracle/basicmodel/bin/Models.py", line 12745, in _reconstruct_sentences
E       _s, pre_stack, pre_depth, pre_bad = _reconstruction_while_loop(
E                                           ^^^^^^^^^^^^^^^^^^^^^^^^^^^
E     File "/Users/arogers/github/WikiOracle/basicmodel/bin/Models.py", line 379, in _reconstruction_while_loop
E       return torch.while_loop(condition, body, values)
E              ^^^^^^^^^^^^^^^^^^^^^^^^^^^^^^^^^^^^^^^^^
E     File "/Users/arogers/github/WikiOracle/basicmodel/.venv/lib/python3.12/site-packages/torch/utils/_device.py", line 122, in __torch_function__
E       return func(*args, **kwargs)
E              ^^^^^^^^^^^^^^^^^^^^^
E   
E   
E   Set TORCHDYNAMO_VERBOSE=1 for the internal stack trace (please do this especially if you're reporting a bug to PyTorch). For even more developer context, set TORCH_LOGS="+dynamo"
------------------------------ Captured log call -------------------------------
DEBUG    torch.__trace:utils.py:2363 
DEBUG    torch.__trace:utils.py:2363 
DEBUG    torch.__trace:guards.py:5625 
DEBUG    torch.__trace:convert_frame.py:304 
DEBUG    torch.__trace:utils.py:2363 
DEBUG    torch.__trace:utils.py:2363 
DEBUG    torch.__trace:utils.py:2402 
DEBUG    torch.__trace:utils.py:2402 
DEBUG    torch.__trace:meta_utils.py:298 
DEBUG    torch.__trace:meta_utils.py:537 
DEBUG    torch.__trace:meta_utils.py:2385 
DEBUG    torch.__trace:structured.py:28 
DEBUG    torch.__trace:structured.py:28 
DEBUG    torch.__trace:structured.py:28 
DEBUG    torch.__trace:symbolic_shapes.py:5971 
DEBUG    torch.__trace:symbolic_shapes.py:5971 
DEBUG    torch.__trace:utils.py:2402 
DEBUG    torch.__trace:meta_utils.py:298 
DEBUG    torch.__trace:meta_utils.py:537 
DEBUG    torch.__trace:meta_utils.py:2385 
DEBUG    torch.__trace:symbolic_shapes.py:5971 
DEBUG    torch.__trace:utils.py:2402 
DEBUG    torch.__trace:meta_utils.py:298 
DEBUG    torch.__trace:meta_utils.py:537 
DEBUG    torch.__trace:meta_utils.py:2385 
DEBUG    torch.__trace:symbolic_shapes.py:5971 
DEBUG    torch.__trace:meta_utils.py:298 
DEBUG    torch.__trace:meta_utils.py:537 
DEBUG    torch.__trace:meta_utils.py:2385 
DEBUG    torch.__trace:meta_utils.py:298 
DEBUG    torch.__trace:meta_utils.py:537 
DEBUG    torch.__trace:meta_utils.py:2385 
DEBUG    torch.__trace:structured.py:28 
DEBUG    torch.__trace:structured.py:28 
DEBUG    torch.__trace:symbolic_shapes.py:8465 
DEBUG    torch.__trace:utils.py:2402 
DEBUG    torch.__trace:meta_utils.py:298 
DEBUG    torch.__trace:meta_utils.py:537 
DEBUG    torch.__trace:meta_utils.py:2385 
DEBUG    torch.__trace:symbolic_shapes.py:5971 
DEBUG    torch.__trace:utils.py:2402 
DEBUG    torch.__trace:utils.py:2402 
DEBUG    torch.__trace:meta_utils.py:298 
DEBUG    torch.__trace:meta_utils.py:537 
DEBUG    torch.__trace:meta_utils.py:2385 
DEBUG    torch.__trace:symbolic_shapes.py:5971 
DEBUG    torch.__trace:symbolic_shapes.py:5971 
DEBUG    torch.__trace:utils.py:2402 
DEBUG    torch.__trace:meta_utils.py:298 
DEBUG    torch.__trace:meta_utils.py:537 
DEBUG    torch.__trace:meta_utils.py:2385 
DEBUG    torch.__trace:symbolic_shapes.py:5971 
DEBUG    torch.__trace:utils.py:2402 
DEBUG    torch.__trace:meta_utils.py:298 
DEBUG    torch.__trace:meta_utils.py:537 
DEBUG    torch.__trace:meta_utils.py:2385 
DEBUG    torch.__trace:symbolic_shapes.py:5971 
DEBUG    torch.__trace:structured.py:28 
DEBUG    torch.__trace:structured.py:28 
DEBUG    torch.__trace:structured.py:28 
DEBUG    torch.__trace:structured.py:28 
DEBUG    torch.__trace:structured.py:28 
DEBUG    torch.__trace:structured.py:28 
DEBUG    torch.__trace:structured.py:28 
DEBUG    torch.__trace:structured.py:28 
DEBUG    torch.__trace:symbolic_shapes.py:8465 
DEBUG    torch.__trace:symbolic_shapes.py:8465 
DEBUG    torch.__trace:structured.py:28 
DEBUG    torch.__trace:structured.py:28 
DEBUG    torch.__trace:symbolic_shapes.py:8465 
DEBUG    torch.__trace:symbolic_shapes.py:8465 
DEBUG    torch.__trace:symbolic_shapes.py:8465 
DEBUG    torch.__trace:symbolic_shapes.py:8465 
DEBUG    torch.__trace:symbolic_shapes.py:8465 
DEBUG    torch.__trace:meta_utils.py:298 
DEBUG    torch.__trace:meta_utils.py:537 
DEBUG    torch.__trace:meta_utils.py:2385 
DEBUG    torch.__trace:symbolic_shapes.py:5971 
DEBUG    torch.__trace:utils.py:2402 
DEBUG    torch.__trace:meta_utils.py:298 
DEBUG    torch.__trace:meta_utils.py:537 
DEBUG    torch.__trace:meta_utils.py:2385 
DEBUG    torch.__trace:symbolic_shapes.py:5971 
DEBUG    torch.__trace:symbolic_shapes.py:8465 
DEBUG    torch.__trace:utils.py:2402 
DEBUG    torch.__trace:meta_utils.py:298 
DEBUG    torch.__trace:meta_utils.py:537 
DEBUG    torch.__trace:meta_utils.py:2385 
DEBUG    torch.__trace:symbolic_shapes.py:5971 
DEBUG    torch.__trace:utils.py:2402 
DEBUG    torch.__trace:meta_utils.py:298 
DEBUG    torch.__trace:meta_utils.py:537 
DEBUG    torch.__trace:meta_utils.py:2385 
DEBUG    torch.__trace:symbolic_shapes.py:5971 
DEBUG    torch.__trace:utils.py:2402 
DEBUG    torch.__trace:meta_utils.py:298 
DEBUG    torch.__trace:meta_utils.py:537 
DEBUG    torch.__trace:meta_utils.py:2385 
DEBUG    torch.__trace:symbolic_shapes.py:5971 
DEBUG    torch.__trace:symbolic_shapes.py:8465 
DEBUG    torch.__trace:symbolic_shapes.py:8465 
DEBUG    torch.__trace:utils.py:2402 
DEBUG    torch.__trace:meta_utils.py:298 
DEBUG    torch.__trace:meta_utils.py:537 
DEBUG    torch.__trace:meta_utils.py:2385 
DEBUG    torch.__trace:symbolic_shapes.py:5971 
DEBUG    torch.__trace:symbolic_shapes.py:8465 
DEBUG    torch.__trace:utils.py:2402 
DEBUG    torch.__trace:meta_utils.py:298 
DEBUG    torch.__trace:meta_utils.py:537 
DEBUG    torch.__trace:meta_utils.py:2385 
DEBUG    torch.__trace:symbolic_shapes.py:5971 
DEBUG    torch.__trace:symbolic_shapes.py:8465 
DEBUG    torch.__trace:utils.py:2402 
DEBUG    torch.__trace:utils.py:2402 
DEBUG    torch.__trace:meta_utils.py:298 
DEBUG    torch.__trace:meta_utils.py:537 
DEBUG    torch.__trace:meta_utils.py:2385 
DEBUG    torch.__trace:symbolic_shapes.py:5971 
DEBUG    torch.__trace:symbolic_shapes.py:5971 
DEBUG    torch.__trace:utils.py:2402 
DEBUG    torch.__trace:meta_utils.py:298 
DEBUG    torch.__trace:meta_utils.py:537 
DEBUG    torch.__trace:meta_utils.py:2385 
DEBUG    torch.__trace:symbolic_shapes.py:5971 
DEBUG    torch.__trace:utils.py:2402 
DEBUG    torch.__trace:meta_utils.py:298 
DEBUG    torch.__trace:meta_utils.py:537 
DEBUG    torch.__trace:meta_utils.py:2385 
DEBUG    torch.__trace:symbolic_shapes.py:5971 
DEBUG    torch.__trace:symbolic_shapes.py:8465 
DEBUG    torch.__trace:symbolic_shapes.py:8465 
DEBUG    torch.__trace:utils.py:2402 
DEBUG    torch.__trace:meta_utils.py:298 
DEBUG    torch.__trace:meta_utils.py:537 
DEBUG    torch.__trace:meta_utils.py:2385 
DEBUG    torch.__trace:symbolic_shapes.py:5971 
DEBUG    torch.__trace:symbolic_shapes.py:8465 
DEBUG    torch.__trace:symbolic_shapes.py:8465 
DEBUG    torch.__trace:utils.py:2402 
DEBUG    torch.__trace:meta_utils.py:298 
DEBUG    torch.__trace:meta_utils.py:537 
DEBUG    torch.__trace:meta_utils.py:2385 
DEBUG    torch.__trace:symbolic_shapes.py:5971 
DEBUG    torch.__trace:symbolic_shapes.py:8465 
DEBUG    torch.__trace:meta_utils.py:298 
DEBUG    torch.__trace:meta_utils.py:537 
DEBUG    torch.__trace:meta_utils.py:2385 
DEBUG    torch.__trace:utils.py:2402 
DEBUG    torch.__trace:meta_utils.py:298 
DEBUG    torch.__trace:meta_utils.py:537 
DEBUG    torch.__trace:meta_utils.py:2385 
DEBUG    torch.__trace:structured.py:28 
DEBUG    torch.__trace:structured.py:28 
DEBUG    torch.__trace:symbolic_shapes.py:5971 
DEBUG    torch.__trace:structured.py:28 
DEBUG    torch.__trace:structured.py:28 
DEBUG    torch.__trace:structured.py:28 
DEBUG    torch.__trace:symbolic_shapes.py:8465 
DEBUG    torch.__trace:symbolic_shapes.py:8465 
DEBUG    torch.__trace:utils.py:2402 
DEBUG    torch.__trace:meta_utils.py:298 
DEBUG    torch.__trace:meta_utils.py:537 
DEBUG    torch.__trace:meta_utils.py:2385 
DEBUG    torch.__trace:symbolic_shapes.py:5971 
DEBUG    torch.__trace:symbolic_shapes.py:8465 
DEBUG    torch.__trace:structured.py:28 
DEBUG    torch.__trace:structured.py:28 
DEBUG    torch.__trace:structured.py:28 
DEBUG    torch.__trace:symbolic_shapes.py:8465 
DEBUG    torch.__trace:symbolic_shapes.py:8056 
DEBUG    torch.__trace:structured.py:28 
DEBUG    torch.__trace:symbolic_shapes.py:8056 
DEBUG    torch.__trace:structured.py:28 
DEBUG    torch.__trace:symbolic_shapes.py:8465 
DEBUG    torch.__trace:structured.py:28 
DEBUG    torch.__trace:structured.py:28 
DEBUG    torch.__trace:symbolic_shapes.py:8465 
DEBUG    torch.__trace:symbolic_shapes.py:8465 
DEBUG    torch.__trace:symbolic_shapes.py:8465 
DEBUG    torch.__trace:symbolic_shapes.py:8465 
DEBUG    torch.__trace:symbolic_shapes.py:8465 
DEBUG    torch.__trace:symbolic_shapes.py:8465 
DEBUG    torch.__trace:symbolic_shapes.py:8465 
DEBUG    torch.__trace:symbolic_shapes.py:8465 
DEBUG    torch.__trace:symbolic_shapes.py:8465 
DEBUG    torch.__trace:symbolic_shapes.py:8465 
DEBUG    torch.__trace:symbolic_shapes.py:8465 
DEBUG    torch.__trace:symbolic_shapes.py:8465 
DEBUG    torch.__trace:symbolic_shapes.py:8465 
DEBUG    torch.__trace:symbolic_shapes.py:8465 
DEBUG    torch.__trace:symbolic_shapes.py:8465 
DEBUG    torch.__trace:symbolic_shapes.py:8465 
DEBUG    torch.__trace:symbolic_shapes.py:8465 
DEBUG    torch.__trace:structured.py:28 
DEBUG    torch.__trace:structured.py:28 
DEBUG    torch.__trace:symbolic_shapes.py:8465 
DEBUG    torch.__trace:symbolic_shapes.py:8465 
DEBUG    torch.__trace:structured.py:28 
DEBUG    torch.__trace:symbolic_shapes.py:8465 
DEBUG    torch.__trace:structured.py:28 
DEBUG    torch.__trace:symbolic_shapes.py:8056 
DEBUG    torch.__trace:utils.py:2402 
DEBUG    torch.__trace:meta_utils.py:298 
DEBUG    torch.__trace:meta_utils.py:537 
DEBUG    torch.__trace:meta_utils.py:2385 
DEBUG    torch.__trace:symbolic_shapes.py:5971 
DEBUG    torch.__trace:utils.py:2363 
DEBUG    torch.__trace:utils.py:2363 
DEBUG    torch.__trace:utils.py:2363 
DEBUG    torch.__trace:output_graph.py:2942 
DEBUG    torch.__trace:utils.py:2363 
DEBUG    torch.__trace:utils.py:2363 
DEBUG    torch.__trace:utils.py:2363 
DEBUG    torch.__trace:utils.py:2402 
DEBUG    torch.__trace:autograd_cache.py:1200 
DEBUG    torch.__trace:compile_fx.py:2841 
DEBUG    torch.__trace:utils.py:2363 
DEBUG    torch.__trace:utils.py:2363 
DEBUG    torch.__trace:utils.py:2363 
DEBUG    torch.__trace:utils.py:2363 
DEBUG    torch.__trace:utils.py:2363 
DEBUG    torch.__trace:utils.py:2363 
DEBUG    torch.__trace:utils.py:2363 
DEBUG    torch.__trace:utils.py:2363 
DEBUG    torch.__trace:utils.py:2363 
DEBUG    torch.__trace:utils.py:2363 
DEBUG    torch.__trace:utils.py:2363 
DEBUG    torch.__trace:utils.py:2363 
DEBUG    torch.__trace:utils.py:2363 
DEBUG    torch.__trace:utils.py:2363 
DEBUG    torch.__trace:utils.py:2363 
DEBUG    torch.__trace:utils.py:2363 
DEBUG    torch.__trace:utils.py:2363 
DEBUG    torch.__trace:utils.py:2363 
DEBUG    torch.__trace:utils.py:2363 
DEBUG    torch.__trace:utils.py:2363 
DEBUG    torch.__trace:utils.py:2363 
DEBUG    torch.__trace:utils.py:2363 
DEBUG    torch.__trace:utils.py:2363 
DEBUG    torch.__trace:utils.py:2363 
DEBUG    torch.__trace:utils.py:2363 
DEBUG    torch.__trace:utils.py:2363 
DEBUG    torch.__trace:utils.py:2363 
DEBUG    torch.__trace:utils.py:2363 
DEBUG    torch.__trace:utils.py:2363 
DEBUG    torch.__trace:utils.py:2363 
DEBUG    torch.__trace:utils.py:2363 
DEBUG    torch.__trace:utils.py:2363 
DEBUG    torch.__trace:utils.py:2363 
DEBUG    torch.__trace:utils.py:2363 
DEBUG    torch.__trace:utils.py:2363 
DEBUG    torch.__trace:utils.py:2363 
DEBUG    torch.__trace:utils.py:2363 
DEBUG    torch.__trace:utils.py:2363 
DEBUG    torch.__trace:utils.py:2363 
DEBUG    torch.__trace:utils.py:2363 
DEBUG    torch.__trace:utils.py:2363 
DEBUG    torch.__trace:utils.py:2363 
DEBUG    torch.__trace:utils.py:2363 
DEBUG    torch.__trace:utils.py:2363 
DEBUG    torch.__trace:utils.py:2363 
DEBUG    torch.__trace:utils.py:2363 
DEBUG    torch.__trace:utils.py:2363 
DEBUG    torch.__trace:utils.py:2363 
DEBUG    torch.__trace:utils.py:2363 
DEBUG    torch.__trace:utils.py:2363 
DEBUG    torch.__trace:utils.py:2363 
DEBUG    torch.__trace:utils.py:2363 
DEBUG    torch.__trace:utils.py:2363 
DEBUG    torch.__trace:utils.py:2363 
DEBUG    torch.__trace:utils.py:2363 
DEBUG    torch.__trace:utils.py:2363 
DEBUG    torch.__trace:utils.py:2363 
DEBUG    torch.__trace:utils.py:2363 
DEBUG    torch.__trace:utils.py:2363 
DEBUG    torch.__trace:utils.py:2363 
DEBUG    torch.__trace:utils.py:2363 
DEBUG    torch.__trace:utils.py:2363 
DEBUG    torch.__trace:utils.py:2363 
DEBUG    torch.__trace:utils.py:2363 
DEBUG    torch.__trace:utils.py:2363 
DEBUG    torch.__trace:utils.py:2363 
DEBUG    torch.__trace:utils.py:2363 
DEBUG    torch.__trace:utils.py:2363 
DEBUG    torch.__trace:utils.py:2363 
DEBUG    torch.__trace:utils.py:2363 
DEBUG    torch.__trace:utils.py:2363 
DEBUG    torch.__trace:utils.py:2363 
DEBUG    torch.__trace:utils.py:2363 
DEBUG    torch.__trace:utils.py:2363 
DEBUG    torch.__trace:utils.py:2363 
DEBUG    torch.__trace:utils.py:2363 
DEBUG    torch.__trace:utils.py:2363 
DEBUG    torch.__trace:utils.py:2363 
DEBUG    torch.__trace:utils.py:2363 
DEBUG    torch.__trace:utils.py:2363 
DEBUG    torch.__trace:utils.py:2363 
DEBUG    torch.__trace:utils.py:2363 
DEBUG    torch.__trace:utils.py:2363 
DEBUG    torch.__trace:utils.py:2363 
DEBUG    torch.__trace:utils.py:2363 
DEBUG    torch.__trace:utils.py:2363 
DEBUG    torch.__trace:utils.py:2363 
DEBUG    torch.__trace:utils.py:2363 
DEBUG    torch.__trace:utils.py:2363 
DEBUG    torch.__trace:utils.py:2363 
DEBUG    torch.__trace:utils.py:2363 
DEBUG    torch.__trace:utils.py:2363 
DEBUG    torch.__trace:utils.py:2363 
DEBUG    torch.__trace:utils.py:2363 
DEBUG    torch.__trace:utils.py:2363 
DEBUG    torch.__trace:utils.py:2363 
DEBUG    torch.__trace:utils.py:2363 
DEBUG    torch.__trace:utils.py:2363 
DEBUG    torch.__trace:utils.py:2363 
DEBUG    torch.__trace:utils.py:2363 
DEBUG    torch.__trace:utils.py:2363 
DEBUG    torch.__trace:utils.py:2363 
DEBUG    torch.__trace:utils.py:2363 
DEBUG    torch.__trace:utils.py:2363 
DEBUG    torch.__trace:utils.py:2363 
DEBUG    torch.__trace:utils.py:2363 
DEBUG    torch.__trace:utils.py:2363 
DEBUG    torch.__trace:utils.py:2363 
DEBUG    torch.__trace:utils.py:2363 
DEBUG    torch.__trace:utils.py:2363 
DEBUG    torch.__trace:utils.py:2363 
DEBUG    torch.__trace:utils.py:2363 
DEBUG    torch.__trace:utils.py:2363 
DEBUG    torch.__trace:utils.py:2363 
DEBUG    torch.__trace:utils.py:2363 
DEBUG    torch.__trace:utils.py:2363 
DEBUG    torch.__trace:utils.py:2363 
DEBUG    torch.__trace:utils.py:2363 
DEBUG    torch.__trace:utils.py:2363 
DEBUG    torch.__trace:utils.py:2363 
DEBUG    torch.__trace:utils.py:2363 
DEBUG    torch.__trace:utils.py:2363 
DEBUG    torch.__trace:utils.py:2363 
DEBUG    torch.__trace:utils.py:2363 
DEBUG    torch.__trace:utils.py:2363 
DEBUG    torch.__trace:utils.py:2363 
DEBUG    torch.__trace:utils.py:2363 
DEBUG    torch.__trace:utils.py:2363 
DEBUG    torch.__trace:utils.py:2363 
DEBUG    torch.__trace:utils.py:2363 
DEBUG    torch.__trace:utils.py:2363 
DEBUG    torch.__trace:utils.py:2363 
DEBUG    torch.__trace:utils.py:2363 
DEBUG    torch.__trace:utils.py:2363 
DEBUG    torch.__trace:utils.py:2363 
DEBUG    torch.__trace:utils.py:2363 
DEBUG    torch.__trace:utils.py:2363 
DEBUG    torch.__trace:utils.py:2363 
DEBUG    torch.__trace:utils.py:2363 
DEBUG    torch.__trace:utils.py:2363 
DEBUG    torch.__trace:utils.py:2363 
DEBUG    torch.__trace:utils.py:2363 
DEBUG    torch.__trace:utils.py:2363 
DEBUG    torch.__trace:utils.py:2363 
DEBUG    torch.__trace:utils.py:2363 
DEBUG    torch.__trace:utils.py:2363 
DEBUG    torch.__trace:utils.py:2363 
DEBUG    torch.__trace:utils.py:2363 
DEBUG    torch.__trace:utils.py:2363 
DEBUG    torch.__trace:utils.py:2363 
DEBUG    torch.__trace:utils.py:2363 
DEBUG    torch.__trace:utils.py:2363 
DEBUG    torch.__trace:utils.py:2363 
DEBUG    torch.__trace:utils.py:2363 
DEBUG    torch.__trace:utils.py:2363 
DEBUG    torch.__trace:utils.py:2363 
DEBUG    torch.__trace:utils.py:2363 
DEBUG    torch.__trace:utils.py:2363 
DEBUG    torch.__trace:utils.py:2363 
DEBUG    torch.__trace:utils.py:2363 
DEBUG    torch.__trace:utils.py:2363 
DEBUG    torch.__trace:utils.py:2363 
DEBUG    torch.__trace:utils.py:2363 
DEBUG    torch.__trace:utils.py:2363 
DEBUG    torch.__trace:utils.py:2363 
DEBUG    torch.__trace:utils.py:2363 
DEBUG    torch.__trace:utils.py:2363 
DEBUG    torch.__trace:utils.py:2363 
DEBUG    torch.__trace:utils.py:2363 
DEBUG    torch.__trace:utils.py:2363 
DEBUG    torch.__trace:utils.py:2363 
DEBUG    torch.__trace:utils.py:2363 
DEBUG    torch.__trace:utils.py:2363 
DEBUG    torch.__trace:utils.py:2363 
DEBUG    torch.__trace:utils.py:2363 
DEBUG    torch.__trace:utils.py:2363 
DEBUG    torch.__trace:utils.py:2363 
DEBUG    torch.__trace:utils.py:2363 
DEBUG    torch.__trace:utils.py:2363 
DEBUG    torch.__trace:utils.py:2363 
DEBUG    torch.__trace:utils.py:2363 
DEBUG    torch.__trace:utils.py:2363 
DEBUG    torch.__trace:utils.py:2363 
DEBUG    torch.__trace:utils.py:2363 
DEBUG    torch.__trace:utils.py:2363 
DEBUG    torch.__trace:utils.py:2363 
DEBUG    torch.__trace:utils.py:2363 
DEBUG    torch.__trace:utils.py:2363 
DEBUG    torch.__trace:utils.py:2363 
DEBUG    torch.__trace:utils.py:2363 
DEBUG    torch.__trace:utils.py:2363 
DEBUG    torch.__trace:utils.py:2363 
DEBUG    torch.__trace:utils.py:2363 
DEBUG    torch.__trace:utils.py:2363 
DEBUG    torch.__trace:utils.py:2363 
DEBUG    torch.__trace:utils.py:2363 
DEBUG    torch.__trace:utils.py:2363 
DEBUG    torch.__trace:utils.py:2363 
DEBUG    torch.__trace:utils.py:2363 
DEBUG    torch.__trace:utils.py:2363 
DEBUG    torch.__trace:utils.py:2363 
DEBUG    torch.__trace:utils.py:2363 
DEBUG    torch.__trace:utils.py:2363 
DEBUG    torch.__trace:utils.py:2363 
DEBUG    torch.__trace:utils.py:2363 
DEBUG    torch.__trace:utils.py:2363 
DEBUG    torch.__trace:utils.py:2363 
DEBUG    torch.__trace:utils.py:2363 
DEBUG    torch.__trace:utils.py:2363 
DEBUG    torch.__trace:utils.py:2363 
DEBUG    torch.__trace:utils.py:2363 
DEBUG    torch.__trace:utils.py:2363 
DEBUG    torch.__trace:utils.py:2363 
DEBUG    torch.__trace:utils.py:2363 
DEBUG    torch.__trace:utils.py:2363 
DEBUG    torch.__trace:utils.py:2363 
DEBUG    torch.__trace:utils.py:2363 
DEBUG    torch.__trace:utils.py:2363 
DEBUG    torch.__trace:utils.py:2363 
DEBUG    torch.__trace:utils.py:2363 
DEBUG    torch.__trace:utils.py:2363 
DEBUG    torch.__trace:utils.py:2363 
DEBUG    torch.__trace:utils.py:2363 
DEBUG    torch.__trace:utils.py:2363 
DEBUG    torch.__trace:utils.py:2363 
DEBUG    torch.__trace:utils.py:2363 
DEBUG    torch.__trace:utils.py:2363 
DEBUG    torch.__trace:utils.py:2363 
DEBUG    torch.__trace:utils.py:2363 
DEBUG    torch.__trace:utils.py:2363 
DEBUG    torch.__trace:utils.py:2363 
DEBUG    torch.__trace:utils.py:2363 
DEBUG    torch.__trace:utils.py:2363 
DEBUG    torch.__trace:utils.py:2363 
DEBUG    torch.__trace:utils.py:2363 
DEBUG    torch.__trace:utils.py:2363 
DEBUG    torch.__trace:utils.py:2363 
DEBUG    torch.__trace:utils.py:2363 
DEBUG    torch.__trace:utils.py:2363 
DEBUG    torch.__trace:utils.py:2363 
DEBUG    torch.__trace:utils.py:2363 
DEBUG    torch.__trace:utils.py:2363 
DEBUG    torch.__trace:utils.py:2363 
DEBUG    torch.__trace:utils.py:2363 
DEBUG    torch.__trace:utils.py:2363 
DEBUG    torch.__trace:utils.py:2363 
DEBUG    torch.__trace:utils.py:2363 
DEBUG    torch.__trace:utils.py:2363 
DEBUG    torch.__trace:utils.py:2363 
DEBUG    torch.__trace:utils.py:2363 
DEBUG    torch.__trace:utils.py:2363 
DEBUG    torch.__trace:utils.py:2363 
DEBUG    torch.__trace:utils.py:2363 
DEBUG    torch.__trace:utils.py:2363 
DEBUG    torch.__trace:utils.py:2363 
DEBUG    torch.__trace:utils.py:2363 
DEBUG    torch.__trace:utils.py:2363 
DEBUG    torch.__trace:utils.py:2363 
DEBUG    torch.__trace:utils.py:2363 
DEBUG    torch.__trace:utils.py:2363 
DEBUG    torch.__trace:utils.py:2363 
DEBUG    torch.__trace:utils.py:2363 
DEBUG    torch.__trace:utils.py:2363 
DEBUG    torch.__trace:utils.py:2363 
DEBUG    torch.__trace:utils.py:2363 
DEBUG    torch.__trace:utils.py:2363 
DEBUG    torch.__trace:utils.py:2363 
DEBUG    torch.__trace:utils.py:2363 
DEBUG    torch.__trace:utils.py:2363 
DEBUG    torch.__trace:utils.py:2363 
DEBUG    torch.__trace:utils.py:2363 
DEBUG    torch.__trace:utils.py:2363 
DEBUG    torch.__trace:utils.py:2363 
DEBUG    torch.__trace:utils.py:2363 
DEBUG    torch.__trace:utils.py:2363 
DEBUG    torch.__trace:utils.py:2363 
DEBUG    torch.__trace:utils.py:2363 
DEBUG    torch.__trace:utils.py:2363 
DEBUG    torch.__trace:utils.py:2363 
DEBUG    torch.__trace:utils.py:2363 
DEBUG    torch.__trace:utils.py:2363 
DEBUG    torch.__trace:utils.py:2363 
DEBUG    torch.__trace:utils.py:2363 
DEBUG    torch.__trace:utils.py:2363 
DEBUG    torch.__trace:utils.py:2363 
DEBUG    torch.__trace:utils.py:2363 
DEBUG    torch.__trace:utils.py:2363 
DEBUG    torch.__trace:utils.py:2363 
DEBUG    torch.__trace:utils.py:2363 
DEBUG    torch.__trace:utils.py:2363 
DEBUG    torch.__trace:utils.py:2363 
DEBUG    torch.__trace:utils.py:2363 
DEBUG    torch.__trace:utils.py:2363 
DEBUG    torch.__trace:utils.py:2363 
DEBUG    torch.__trace:utils.py:2363 
DEBUG    torch.__trace:utils.py:2363 
DEBUG    torch.__trace:utils.py:2363 
DEBUG    torch.__trace:utils.py:2363 
DEBUG    torch.__trace:utils.py:2363 
DEBUG    torch.__trace:utils.py:2363 
DEBUG    torch.__trace:utils.py:2363 
DEBUG    torch.__trace:utils.py:2363 
DEBUG    torch.__trace:utils.py:2363 
DEBUG    torch.__trace:utils.py:2363 
DEBUG    torch.__trace:utils.py:2363 
DEBUG    torch.__trace:utils.py:2363 
DEBUG    torch.__trace:utils.py:2363 
DEBUG    torch.__trace:utils.py:2363 
DEBUG    torch.__trace:utils.py:2363 
DEBUG    torch.__trace:utils.py:2363 
DEBUG    torch.__trace:utils.py:2363 
DEBUG    torch.__trace:utils.py:2363 
DEBUG    torch.__trace:utils.py:2363 
DEBUG    torch.__trace:utils.py:2363 
DEBUG    torch.__trace:utils.py:2363 
DEBUG    torch.__trace:utils.py:2363 
DEBUG    torch.__trace:utils.py:2363 
DEBUG    torch.__trace:utils.py:2363 
DEBUG    torch.__trace:utils.py:2363 
DEBUG    torch.__trace:utils.py:2363 
DEBUG    torch.__trace:utils.py:2363 
DEBUG    torch.__trace:utils.py:2363 
DEBUG    torch.__trace:utils.py:2363 
DEBUG    torch.__trace:utils.py:2363 
DEBUG    torch.__trace:utils.py:2363 
DEBUG    torch.__trace:utils.py:2363 
DEBUG    torch.__trace:utils.py:2363 
DEBUG    torch.__trace:utils.py:2363 
DEBUG    torch.__trace:utils.py:2363 
DEBUG    torch.__trace:utils.py:2363 
DEBUG    torch.__trace:utils.py:2363 
DEBUG    torch.__trace:utils.py:2363 
DEBUG    torch.__trace:utils.py:2363 
DEBUG    torch.__trace:utils.py:2363 
DEBUG    torch.__trace:utils.py:2363 
DEBUG    torch.__trace:utils.py:2363 
DEBUG    torch.__trace:utils.py:2363 
DEBUG    torch.__trace:utils.py:2363 
DEBUG    torch.__trace:utils.py:2363 
DEBUG    torch.__trace:utils.py:2363 
DEBUG    torch.__trace:utils.py:2363 
DEBUG    torch.__trace:utils.py:2363 
DEBUG    torch.__trace:utils.py:2363 
DEBUG    torch.__trace:utils.py:2363 
DEBUG    torch.__trace:utils.py:2363 
DEBUG    torch.__trace:utils.py:2363 
DEBUG    torch.__trace:utils.py:2363 
DEBUG    torch.__trace:utils.py:2363 
DEBUG    torch.__trace:utils.py:2363 
DEBUG    torch.__trace:utils.py:2363 
DEBUG    torch.__trace:utils.py:2363 
DEBUG    torch.__trace:utils.py:2363 
DEBUG    torch.__trace:utils.py:2363 
DEBUG    torch.__trace:utils.py:2363 
DEBUG    torch.__trace:utils.py:2363 
DEBUG    torch.__trace:utils.py:2363 
DEBUG    torch.__trace:utils.py:2363 
DEBUG    torch.__trace:utils.py:2363 
DEBUG    torch.__trace:utils.py:2363 
DEBUG    torch.__trace:utils.py:2363 
DEBUG    torch.__trace:utils.py:2363 
DEBUG    torch.__trace:utils.py:2363 
DEBUG    torch.__trace:utils.py:2363 
DEBUG    torch.__trace:utils.py:2363 
DEBUG    torch.__trace:utils.py:2363 
DEBUG    torch.__trace:utils.py:2363 
DEBUG    torch.__trace:utils.py:2363 
DEBUG    torch.__trace:utils.py:2363 
DEBUG    torch.__trace:utils.py:2363 
DEBUG    torch.__trace:utils.py:2363 
DEBUG    torch.__trace:utils.py:2363 
DEBUG    torch.__trace:utils.py:2363 
DEBUG    torch.__trace:utils.py:2363 
DEBUG    torch.__trace:utils.py:2363 
DEBUG    torch.__trace:utils.py:2363 
DEBUG    torch.__trace:utils.py:2363 
DEBUG    torch.__trace:utils.py:2363 
DEBUG    torch.__trace:utils.py:2363 
DEBUG    torch.__trace:utils.py:2363 
DEBUG    torch.__trace:utils.py:2363 
DEBUG    torch.__trace:utils.py:2363 
DEBUG    torch.__trace:utils.py:2363 
DEBUG    torch.__trace:utils.py:2363 
DEBUG    torch.__trace:utils.py:2363 
DEBUG    torch.__trace:utils.py:2363 
DEBUG    torch.__trace:utils.py:2363 
DEBUG    torch.__trace:utils.py:2363 
DEBUG    torch.__trace:utils.py:2363 
DEBUG    torch.__trace:utils.py:2363 
DEBUG    torch.__trace:utils.py:2363 
DEBUG    torch.__trace:utils.py:2363 
DEBUG    torch.__trace:utils.py:2363 
DEBUG    torch.__trace:utils.py:2363 
DEBUG    torch.__trace:utils.py:2363 
DEBUG    torch.__trace:utils.py:2363 
DEBUG    torch.__trace:utils.py:2363 
DEBUG    torch.__trace:utils.py:2363 
DEBUG    torch.__trace:utils.py:2363 
DEBUG    torch.__trace:utils.py:2363 
DEBUG    torch.__trace:utils.py:2363 
DEBUG    torch.__trace:utils.py:2363 
DEBUG    torch.__trace:utils.py:2363 
DEBUG    torch.__trace:utils.py:2363 
DEBUG    torch.__trace:utils.py:2363 
DEBUG    torch.__trace:utils.py:2363 
DEBUG    torch.__trace:utils.py:2363 
DEBUG    torch.__trace:utils.py:2363 
DEBUG    torch.__trace:utils.py:2363 
DEBUG    torch.__trace:utils.py:2363 
DEBUG    torch.__trace:utils.py:2363 
DEBUG    torch.__trace:utils.py:2363 
DEBUG    torch.__trace:utils.py:2363 
DEBUG    torch.__trace:utils.py:2363 
DEBUG    torch.__trace:utils.py:2363 
DEBUG    torch.__trace:utils.py:2363 
DEBUG    torch.__trace:utils.py:2363 
DEBUG    torch.__trace:utils.py:2363 
DEBUG    torch.__trace:utils.py:2363 
DEBUG    torch.__trace:utils.py:2363 
DEBUG    torch.__trace:utils.py:2363 
DEBUG    torch.__trace:utils.py:2363 
DEBUG    torch.__trace:utils.py:2363 
DEBUG    torch.__trace:utils.py:2363 
DEBUG    torch.__trace:utils.py:2363 
DEBUG    torch.__trace:utils.py:2363 
DEBUG    torch.__trace:utils.py:2363 
DEBUG    torch.__trace:utils.py:2363 
DEBUG    torch.__trace:utils.py:2363 
DEBUG    torch.__trace:utils.py:2363 
DEBUG    torch.__trace:utils.py:2363 
DEBUG    torch.__trace:utils.py:2363 
DEBUG    torch.__trace:utils.py:2363 
DEBUG    torch.__trace:utils.py:2363 
DEBUG    torch.__trace:utils.py:2363 
DEBUG    torch.__trace:utils.py:2363 
DEBUG    torch.__trace:utils.py:2363 
DEBUG    torch.__trace:utils.py:2363 
DEBUG    torch.__trace:utils.py:2363 
DEBUG    torch.__trace:utils.py:2363 
DEBUG    torch.__trace:utils.py:2363 
DEBUG    torch.__trace:utils.py:2363 
DEBUG    torch.__trace:utils.py:2363 
DEBUG    torch.__trace:utils.py:2363 
DEBUG    torch.__trace:utils.py:2363 
DEBUG    torch.__trace:utils.py:2363 
DEBUG    torch.__trace:utils.py:2363 
DEBUG    torch.__trace:utils.py:2363 
DEBUG    torch.__trace:utils.py:2363 
DEBUG    torch.__trace:utils.py:2363 
DEBUG    torch.__trace:utils.py:2363 
DEBUG    torch.__trace:utils.py:2363 
DEBUG    torch.__trace:utils.py:2363 
DEBUG    torch.__trace:utils.py:2363 
DEBUG    torch.__trace:utils.py:2363 
DEBUG    torch.__trace:utils.py:2363 
DEBUG    torch.__trace:utils.py:2363 
DEBUG    torch.__trace:utils.py:2363 
DEBUG    torch.__trace:utils.py:2363 
DEBUG    torch.__trace:utils.py:2363 
DEBUG    torch.__trace:utils.py:2363 
DEBUG    torch.__trace:utils.py:2363 
DEBUG    torch.__trace:utils.py:2363 
DEBUG    torch.__trace:utils.py:2363 
DEBUG    torch.__trace:utils.py:2363 
DEBUG    torch.__trace:utils.py:2363 
DEBUG    torch.__trace:utils.py:2363 
DEBUG    torch.__trace:utils.py:2363 
DEBUG    torch.__trace:utils.py:2363 
DEBUG    torch.__trace:utils.py:2363 
DEBUG    torch.__trace:utils.py:2363 
DEBUG    torch.__trace:utils.py:2363 
DEBUG    torch.__trace:utils.py:2363 
DEBUG    torch.__trace:utils.py:2363 
DEBUG    torch.__trace:utils.py:2363 
DEBUG    torch.__trace:utils.py:2363 
DEBUG    torch.__trace:utils.py:2363 
DEBUG    torch.__trace:utils.py:2363 
DEBUG    torch.__trace:utils.py:2363 
DEBUG    torch.__trace:utils.py:2363 
DEBUG    torch.__trace:utils.py:2363 
DEBUG    torch.__trace:utils.py:2363 
DEBUG    torch.__trace:utils.py:2363 
DEBUG    torch.__trace:utils.py:2363 
DEBUG    torch.__trace:utils.py:2363 
DEBUG    torch.__trace:utils.py:2363 
DEBUG    torch.__trace:utils.py:2363 
DEBUG    torch.__trace:utils.py:2363 
DEBUG    torch.__trace:utils.py:2363 
DEBUG    torch.__trace:utils.py:2363 
DEBUG    torch.__trace:utils.py:2363 
DEBUG    torch.__trace:utils.py:2363 
DEBUG    torch.__trace:utils.py:2363 
DEBUG    torch.__trace:utils.py:2363 
DEBUG    torch.__trace:utils.py:2363 
DEBUG    torch.__trace:utils.py:2363 
DEBUG    torch.__trace:utils.py:2363 
DEBUG    torch.__trace:utils.py:2363 
DEBUG    torch.__trace:utils.py:2363 
DEBUG    torch.__trace:utils.py:2363 
DEBUG    torch.__trace:utils.py:2363 
DEBUG    torch.__trace:utils.py:2363 
DEBUG    torch.__trace:utils.py:2363 
DEBUG    torch.__trace:utils.py:2363 
DEBUG    torch.__trace:utils.py:2363 
DEBUG    torch.__trace:utils.py:2363 
DEBUG    torch.__trace:utils.py:2363 
DEBUG    torch.__trace:utils.py:2363 
DEBUG    torch.__trace:utils.py:2363 
DEBUG    torch.__trace:utils.py:2363 
DEBUG    torch.__trace:utils.py:2363 
DEBUG    torch.__trace:utils.py:2363 
DEBUG    torch.__trace:utils.py:2363 
DEBUG    torch.__trace:utils.py:2363 
DEBUG    torch.__trace:utils.py:2363 
DEBUG    torch.__trace:utils.py:2363 
DEBUG    torch.__trace:utils.py:2363 
DEBUG    torch.__trace:utils.py:2363 
DEBUG    torch.__trace:utils.py:2363 
DEBUG    torch.__trace:utils.py:2363 
DEBUG    torch.__trace:utils.py:2363 
DEBUG    torch.__trace:utils.py:2363 
DEBUG    torch.__trace:utils.py:2363 
DEBUG    torch.__trace:utils.py:2363 
DEBUG    torch.__trace:utils.py:2363 
DEBUG    torch.__trace:utils.py:2363 
DEBUG    torch.__trace:utils.py:2363 
DEBUG    torch.__trace:utils.py:2363 
DEBUG    torch.__trace:utils.py:2363 
DEBUG    torch.__trace:utils.py:2363 
DEBUG    torch.__trace:utils.py:2363 
DEBUG    torch.__trace:utils.py:2363 
DEBUG    torch.__trace:utils.py:2363 
DEBUG    torch.__trace:utils.py:2363 
DEBUG    torch.__trace:utils.py:2363 
DEBUG    torch.__trace:utils.py:2363 
DEBUG    torch.__trace:utils.py:2363 
DEBUG    torch.__trace:utils.py:2363 
DEBUG    torch.__trace:utils.py:2363 
DEBUG    torch.__trace:utils.py:2363 
DEBUG    torch.__trace:utils.py:2363 
DEBUG    torch.__trace:utils.py:2363 
DEBUG    torch.__trace:utils.py:2363 
DEBUG    torch.__trace:utils.py:2363 
DEBUG    torch.__trace:utils.py:2363 
DEBUG    torch.__trace:utils.py:2363 
DEBUG    torch.__trace:utils.py:2363 
DEBUG    torch.__trace:utils.py:2363 
DEBUG    torch.__trace:utils.py:2363 
DEBUG    torch.__trace:utils.py:2363 
DEBUG    torch.__trace:utils.py:2363 
DEBUG    torch.__trace:utils.py:2363 
DEBUG    torch.__trace:utils.py:2363 
DEBUG    torch.__trace:utils.py:2363 
DEBUG    torch.__trace:utils.py:2363 
DEBUG    torch.__trace:utils.py:2363 
DEBUG    torch.__trace:utils.py:2363 
DEBUG    torch.__trace:utils.py:2363 
DEBUG    torch.__trace:utils.py:2363 
DEBUG    torch.__trace:utils.py:2363 
DEBUG    torch.__trace:utils.py:2363 
DEBUG    torch.__trace:utils.py:2363 
DEBUG    torch.__trace:utils.py:2363 
DEBUG    torch.__trace:utils.py:2363 
DEBUG    torch.__trace:utils.py:2363 
DEBUG    torch.__trace:utils.py:2363 
DEBUG    torch.__trace:utils.py:2363 
DEBUG    torch.__trace:utils.py:2363 
DEBUG    torch.__trace:utils.py:2363 
DEBUG    torch.__trace:utils.py:2363 
DEBUG    torch.__trace:utils.py:2363 
DEBUG    torch.__trace:utils.py:2363 
DEBUG    torch.__trace:utils.py:2363 
DEBUG    torch.__trace:utils.py:2363 
DEBUG    torch.__trace:utils.py:2363 
DEBUG    torch.__trace:utils.py:2363 
DEBUG    torch.__trace:utils.py:2363 
DEBUG    torch.__trace:utils.py:2363 
DEBUG    torch.__trace:utils.py:2363 
DEBUG    torch.__trace:utils.py:2363 
DEBUG    torch.__trace:utils.py:2363 
DEBUG    torch.__trace:utils.py:2363 
DEBUG    torch.__trace:utils.py:2363 
DEBUG    torch.__trace:utils.py:2363 
DEBUG    torch.__trace:utils.py:2363 
DEBUG    torch.__trace:utils.py:2363 
DEBUG    torch.__trace:utils.py:2363 
DEBUG    torch.__trace:utils.py:2363 
DEBUG    torch.__trace:utils.py:2363 
DEBUG    torch.__trace:utils.py:2363 
DEBUG    torch.__trace:utils.py:2363 
DEBUG    torch.__trace:utils.py:2363 
DEBUG    torch.__trace:utils.py:2363 
DEBUG    torch.__trace:utils.py:2363 
DEBUG    torch.__trace:utils.py:2363 
DEBUG    torch.__trace:utils.py:2363 
DEBUG    torch.__trace:utils.py:2363 
DEBUG    torch.__trace:utils.py:2363 
DEBUG    torch.__trace:utils.py:2363 
DEBUG    torch.__trace:utils.py:2363 
DEBUG    torch.__trace:utils.py:2363 
DEBUG    torch.__trace:utils.py:2363 
DEBUG    torch.__trace:utils.py:2363 
DEBUG    torch.__trace:utils.py:2363 
DEBUG    torch.__trace:utils.py:2363 
DEBUG    torch.__trace:utils.py:2363 
DEBUG    torch.__trace:utils.py:2363 
DEBUG    torch.__trace:utils.py:2363 
DEBUG    torch.__trace:utils.py:2363 
DEBUG    torch.__trace:utils.py:2363 
DEBUG    torch.__trace:utils.py:2363 
DEBUG    torch.__trace:utils.py:2363 
DEBUG    torch.__trace:utils.py:2363 
DEBUG    torch.__trace:utils.py:2363 
DEBUG    torch.__trace:utils.py:2363 
DEBUG    torch.__trace:utils.py:2363 
DEBUG    torch.__trace:utils.py:2363 
DEBUG    torch.__trace:utils.py:2363 
DEBUG    torch.__trace:utils.py:2363 
DEBUG    torch.__trace:utils.py:2363 
DEBUG    torch.__trace:utils.py:2363 
DEBUG    torch.__trace:utils.py:2363 
DEBUG    torch.__trace:utils.py:2363 
DEBUG    torch.__trace:utils.py:2363 
DEBUG    torch.__trace:utils.py:2363 
DEBUG    torch.__trace:utils.py:2363 
DEBUG    torch.__trace:utils.py:2363 
DEBUG    torch.__trace:utils.py:2363 
DEBUG    torch.__trace:utils.py:2363 
DEBUG    torch.__trace:utils.py:2363 
DEBUG    torch.__trace:utils.py:2363 
DEBUG    torch.__trace:utils.py:2363 
DEBUG    torch.__trace:utils.py:2363 
DEBUG    torch.__trace:utils.py:2363 
DEBUG    torch.__trace:utils.py:2363 
DEBUG    torch.__trace:utils.py:2363 
DEBUG    torch.__trace:utils.py:2363 
DEBUG    torch.__trace:utils.py:2363 
DEBUG    torch.__trace:utils.py:2363 
DEBUG    torch.__trace:utils.py:2363 
DEBUG    torch.__trace:utils.py:2363 
DEBUG    torch.__trace:utils.py:2363 
DEBUG    torch.__trace:utils.py:2363 
DEBUG    torch.__trace:utils.py:2363 
DEBUG    torch.__trace:utils.py:2363 
DEBUG    torch.__trace:utils.py:2363 
DEBUG    torch.__trace:utils.py:2363 
DEBUG    torch.__trace:utils.py:2363 
DEBUG    torch.__trace:utils.py:2363 
DEBUG    torch.__trace:utils.py:2363 
DEBUG    torch.__trace:utils.py:2363 
DEBUG    torch.__trace:utils.py:2363 
DEBUG    torch.__trace:utils.py:2363 
DEBUG    torch.__trace:utils.py:2363 
DEBUG    torch.__trace:utils.py:2363 
DEBUG    torch.__trace:utils.py:2363 
DEBUG    torch.__trace:utils.py:2363 
DEBUG    torch.__trace:utils.py:2363 
DEBUG    torch.__trace:utils.py:2363 
DEBUG    torch.__trace:utils.py:2363 
DEBUG    torch.__trace:utils.py:2363 
DEBUG    torch.__trace:utils.py:2363 
DEBUG    torch.__trace:utils.py:2363 
DEBUG    torch.__trace:utils.py:2363 
DEBUG    torch.__trace:utils.py:2363 
DEBUG    torch.__trace:utils.py:2363 
DEBUG    torch.__trace:utils.py:2363 
DEBUG    torch.__trace:utils.py:2363 
DEBUG    torch.__trace:utils.py:2363 
DEBUG    torch.__trace:utils.py:2363 
DEBUG    torch.__trace:utils.py:2363 
DEBUG    torch.__trace:utils.py:2363 
DEBUG    torch.__trace:utils.py:2363 
DEBUG    torch.__trace:utils.py:2363 
DEBUG    torch.__trace:utils.py:2363 
DEBUG    torch.__trace:utils.py:2363 
DEBUG    torch.__trace:utils.py:2363 
DEBUG    torch.__trace:utils.py:2363 
DEBUG    torch.__trace:utils.py:2363 
DEBUG    torch.__trace:utils.py:2363 
DEBUG    torch.__trace:utils.py:2363 
DEBUG    torch.__trace:utils.py:2363 
DEBUG    torch.__trace:utils.py:2363 
DEBUG    torch.__trace:utils.py:2363 
DEBUG    torch.__trace:utils.py:2363 
DEBUG    torch.__trace:utils.py:2363 
DEBUG    torch.__trace:utils.py:2363 
DEBUG    torch.__trace:utils.py:2363 
DEBUG    torch.__trace:utils.py:2363 
DEBUG    torch.__trace:utils.py:2363 
DEBUG    torch.__trace:utils.py:2363 
DEBUG    torch.__trace:utils.py:2363 
DEBUG    torch.__trace:utils.py:2363 
DEBUG    torch.__trace:utils.py:2363 
DEBUG    torch.__trace:utils.py:2363 
DEBUG    torch.__trace:utils.py:2363 
DEBUG    torch.__trace:utils.py:2363 
DEBUG    torch.__trace:utils.py:2363 
DEBUG    torch.__trace:utils.py:2363 
DEBUG    torch.__trace:utils.py:2363 
DEBUG    torch.__trace:utils.py:2363 
DEBUG    torch.__trace:utils.py:2363 
DEBUG    torch.__trace:utils.py:2363 
DEBUG    torch.__trace:utils.py:2363 
DEBUG    torch.__trace:utils.py:2363 
DEBUG    torch.__trace:utils.py:2363 
DEBUG    torch.__trace:utils.py:2363 
DEBUG    torch.__trace:utils.py:2363 
DEBUG    torch.__trace:utils.py:2363 
DEBUG    torch.__trace:utils.py:2363 
DEBUG    torch.__trace:utils.py:2363 
DEBUG    torch.__trace:utils.py:2363 
DEBUG    torch.__trace:utils.py:2363 
DEBUG    torch.__trace:utils.py:2363 
DEBUG    torch.__trace:utils.py:2363 
DEBUG    torch.__trace:utils.py:2363 
DEBUG    torch.__trace:utils.py:2363 
DEBUG    torch.__trace:utils.py:2363 
DEBUG    torch.__trace:utils.py:2363 
DEBUG    torch.__trace:utils.py:2363 
DEBUG    torch.__trace:utils.py:2363 
DEBUG    torch.__trace:utils.py:2363 
DEBUG    torch.__trace:utils.py:2363 
DEBUG    torch.__trace:utils.py:2363 
DEBUG    torch.__trace:utils.py:2363 
DEBUG    torch.__trace:utils.py:2363 
DEBUG    torch.__trace:utils.py:2363 
DEBUG    torch.__trace:utils.py:2363 
DEBUG    torch.__trace:utils.py:2363 
DEBUG    torch.__trace:utils.py:2363 
DEBUG    torch.__trace:utils.py:2363 
DEBUG    torch.__trace:utils.py:2363 
DEBUG    torch.__trace:utils.py:2363 
DEBUG    torch.__trace:utils.py:2363 
DEBUG    torch.__trace:utils.py:2363 
DEBUG    torch.__trace:utils.py:2363 
DEBUG    torch.__trace:utils.py:2363 
DEBUG    torch.__trace:utils.py:2363 
DEBUG    torch.__trace:utils.py:2363 
DEBUG    torch.__trace:utils.py:2363 
DEBUG    torch.__trace:utils.py:2363 
DEBUG    torch.__trace:utils.py:2363 
DEBUG    torch.__trace:utils.py:2363 
DEBUG    torch.__trace:utils.py:2363 
DEBUG    torch.__trace:utils.py:2363 
DEBUG    torch.__trace:utils.py:2363 
DEBUG    torch.__trace:utils.py:2363 
DEBUG    torch.__trace:utils.py:2363 
DEBUG    torch.__trace:utils.py:2363 
DEBUG    torch.__trace:utils.py:2363 
DEBUG    torch.__trace:utils.py:2363 
DEBUG    torch.__trace:utils.py:2363 
DEBUG    torch.__trace:utils.py:2363 
DEBUG    torch.__trace:utils.py:2363 
DEBUG    torch.__trace:utils.py:2363 
DEBUG    torch.__trace:utils.py:2363 
DEBUG    torch.__trace:utils.py:2363 
DEBUG    torch.__trace:utils.py:2363 
DEBUG    torch.__trace:utils.py:2363 
DEBUG    torch.__trace:utils.py:2363 
DEBUG    torch.__trace:utils.py:2363 
DEBUG    torch.__trace:utils.py:2363 
DEBUG    torch.__trace:utils.py:2363 
DEBUG    torch.__trace:utils.py:2363 
DEBUG    torch.__trace:utils.py:2363 
DEBUG    torch.__trace:utils.py:2363 
DEBUG    torch.__trace:utils.py:2363 
DEBUG    torch.__trace:utils.py:2363 
DEBUG    torch.__trace:utils.py:2363 
DEBUG    torch.__trace:utils.py:2363 
DEBUG    torch.__trace:utils.py:2363 
DEBUG    torch.__trace:utils.py:2363 
DEBUG    torch.__trace:utils.py:2363 
DEBUG    torch.__trace:utils.py:2363 
DEBUG    torch.__trace:utils.py:2363 
DEBUG    torch.__trace:utils.py:2363 
DEBUG    torch.__trace:utils.py:2363 
DEBUG    torch.__trace:utils.py:2363 
DEBUG    torch.__trace:utils.py:2363 
DEBUG    torch.__trace:utils.py:2363 
DEBUG    torch.__trace:utils.py:2363 
DEBUG    torch.__trace:utils.py:2363 
DEBUG    torch.__trace:utils.py:2363 
DEBUG    torch.__trace:utils.py:2363 
DEBUG    torch.__trace:utils.py:2363 
DEBUG    torch.__trace:utils.py:2363 
DEBUG    torch.__trace:utils.py:2363 
DEBUG    torch.__trace:utils.py:2363 
DEBUG    torch.__trace:utils.py:2363 
DEBUG    torch.__trace:utils.py:2363 
DEBUG    torch.__trace:utils.py:2363 
DEBUG    torch.__trace:utils.py:2363 
DEBUG    torch.__trace:utils.py:2363 
DEBUG    torch.__trace:utils.py:2363 
DEBUG    torch.__trace:utils.py:2363 
DEBUG    torch.__trace:utils.py:2363 
DEBUG    torch.__trace:utils.py:2363 
DEBUG    torch.__trace:utils.py:2363 
DEBUG    torch.__trace:utils.py:2363 
DEBUG    torch.__trace:utils.py:2363 
DEBUG    torch.__trace:utils.py:2363 
DEBUG    torch.__trace:utils.py:2363 
DEBUG    torch.__trace:utils.py:2363 
DEBUG    torch.__trace:utils.py:2363 
DEBUG    torch.__trace:utils.py:2363 
DEBUG    torch.__trace:utils.py:2363 
DEBUG    torch.__trace:utils.py:2363 
DEBUG    torch.__trace:utils.py:2363 
DEBUG    torch.__trace:utils.py:2363 
DEBUG    torch.__trace:utils.py:2363 
DEBUG    torch.__trace:utils.py:2363 
DEBUG    torch.__trace:utils.py:2363 
DEBUG    torch.__trace:utils.py:2363 
DEBUG    torch.__trace:utils.py:2363 
DEBUG    torch.__trace:utils.py:2363 
DEBUG    torch.__trace:utils.py:2363 
DEBUG    torch.__trace:utils.py:2363 
DEBUG    torch.__trace:utils.py:2363 
DEBUG    torch.__trace:utils.py:2363 
DEBUG    torch.__trace:utils.py:2363 
DEBUG    torch.__trace:utils.py:2363 
DEBUG    torch.__trace:utils.py:2363 
DEBUG    torch.__trace:utils.py:2363 
DEBUG    torch.__trace:utils.py:2363 
DEBUG    torch.__trace:utils.py:2363 
DEBUG    torch.__trace:utils.py:2363 
DEBUG    torch.__trace:utils.py:2363 
DEBUG    torch.__trace:utils.py:2363 
DEBUG    torch.__trace:utils.py:2363 
DEBUG    torch.__trace:utils.py:2363 
DEBUG    torch.__trace:utils.py:2363 
DEBUG    torch.__trace:utils.py:2363 
DEBUG    torch.__trace:utils.py:2363 
DEBUG    torch.__trace:utils.py:2363 
DEBUG    torch.__trace:utils.py:2363 
DEBUG    torch.__trace:utils.py:2363 
DEBUG    torch.__trace:utils.py:2363 
DEBUG    torch.__trace:utils.py:2363 
DEBUG    torch.__trace:utils.py:2363 
DEBUG    torch.__trace:utils.py:2363 
DEBUG    torch.__trace:utils.py:2363 
DEBUG    torch.__trace:utils.py:2363 
DEBUG    torch.__trace:utils.py:2363 
DEBUG    torch.__trace:utils.py:2363 
DEBUG    torch.__trace:utils.py:2363 
DEBUG    torch.__trace:utils.py:2363 
DEBUG    torch.__trace:utils.py:2363 
DEBUG    torch.__trace:utils.py:2363 
DEBUG    torch.__trace:utils.py:2363 
DEBUG    torch.__trace:utils.py:2363 
DEBUG    torch.__trace:utils.py:2363 
DEBUG    torch.__trace:utils.py:2363 
DEBUG    torch.__trace:utils.py:2363 
DEBUG    torch.__trace:utils.py:2363 
DEBUG    torch.__trace:utils.py:2363 
DEBUG    torch.__trace:utils.py:2363 
DEBUG    torch.__trace:utils.py:2363 
DEBUG    torch.__trace:utils.py:2363 
DEBUG    torch.__trace:utils.py:2363 
DEBUG    torch.__trace:utils.py:2363 
DEBUG    torch.__trace:utils.py:2363 
DEBUG    torch.__trace:utils.py:2363 
DEBUG    torch.__trace:utils.py:2363 
DEBUG    torch.__trace:utils.py:2363 
DEBUG    torch.__trace:utils.py:2363 
DEBUG    torch.__trace:utils.py:2363 
DEBUG    torch.__trace:utils.py:2363 
DEBUG    torch.__trace:utils.py:2363 
DEBUG    torch.__trace:utils.py:2363 
DEBUG    torch.__trace:utils.py:2363 
DEBUG    torch.__trace:utils.py:2363 
DEBUG    torch.__trace:utils.py:2363 
DEBUG    torch.__trace:utils.py:2363 
DEBUG    torch.__trace:utils.py:2363 
DEBUG    torch.__trace:utils.py:2363 
DEBUG    torch.__trace:utils.py:2363 
DEBUG    torch.__trace:utils.py:2363 
DEBUG    torch.__trace:utils.py:2363 
DEBUG    torch.__trace:utils.py:2363 
DEBUG    torch.__trace:utils.py:2363 
DEBUG    torch.__trace:utils.py:2363 
DEBUG    torch.__trace:utils.py:2363 
DEBUG    torch.__trace:utils.py:2363 
DEBUG    torch.__trace:utils.py:2363 
DEBUG    torch.__trace:utils.py:2363 
DEBUG    torch.__trace:utils.py:2363 
DEBUG    torch.__trace:utils.py:2363 
DEBUG    torch.__trace:utils.py:2363 
DEBUG    torch.__trace:utils.py:2363 
DEBUG    torch.__trace:utils.py:2363 
DEBUG    torch.__trace:utils.py:2363 
DEBUG    torch.__trace:utils.py:2363 
DEBUG    torch.__trace:utils.py:2363 
DEBUG    torch.__trace:utils.py:2363 
DEBUG    torch.__trace:utils.py:2363 
DEBUG    torch.__trace:utils.py:2363 
DEBUG    torch.__trace:utils.py:2363 
DEBUG    torch.__trace:utils.py:2363 
DEBUG    torch.__trace:utils.py:2363 
DEBUG    torch.__trace:utils.py:2363 
DEBUG    torch.__trace:utils.py:2363 
DEBUG    torch.__trace:utils.py:2363 
DEBUG    torch.__trace:utils.py:2363 
DEBUG    torch.__trace:utils.py:2363 
DEBUG    torch.__trace:utils.py:2363 
DEBUG    torch.__trace:utils.py:2363 
DEBUG    torch.__trace:utils.py:2363 
DEBUG    torch.__trace:utils.py:2363 
DEBUG    torch.__trace:utils.py:2363 
DEBUG    torch.__trace:utils.py:2363 
DEBUG    torch.__trace:utils.py:2363 
DEBUG    torch.__trace:utils.py:2363 
DEBUG    torch.__trace:utils.py:2363 
DEBUG    torch.__trace:utils.py:2363 
DEBUG    torch.__trace:utils.py:2363 
DEBUG    torch.__trace:utils.py:2363 
DEBUG    torch.__trace:utils.py:2363 
DEBUG    torch.__trace:utils.py:2363 
DEBUG    torch.__trace:utils.py:2363 
DEBUG    torch.__trace:utils.py:2363 
DEBUG    torch.__trace:utils.py:2363 
DEBUG    torch.__trace:utils.py:2363 
DEBUG    torch.__trace:utils.py:2363 
DEBUG    torch.__trace:utils.py:2363 
DEBUG    torch.__trace:utils.py:2363 
DEBUG    torch.__trace:utils.py:2363 
DEBUG    torch.__trace:utils.py:2363 
DEBUG    torch.__trace:utils.py:2363 
DEBUG    torch.__trace:utils.py:2363 
DEBUG    torch.__trace:utils.py:2363 
DEBUG    torch.__trace:utils.py:2363 
DEBUG    torch.__trace:utils.py:2363 
DEBUG    torch.__trace:utils.py:2363 
DEBUG    torch.__trace:utils.py:2363 
DEBUG    torch.__trace:utils.py:2363 
DEBUG    torch.__trace:utils.py:2363 
DEBUG    torch.__trace:utils.py:2363 
DEBUG    torch.__trace:utils.py:2363 
DEBUG    torch.__trace:utils.py:2363 
DEBUG    torch.__trace:utils.py:2363 
DEBUG    torch.__trace:utils.py:2363 
DEBUG    torch.__trace:utils.py:2363 
DEBUG    torch.__trace:utils.py:2363 
DEBUG    torch.__trace:utils.py:2363 
DEBUG    torch.__trace:utils.py:2363 
DEBUG    torch.__trace:utils.py:2363 
DEBUG    torch.__trace:utils.py:2363 
DEBUG    torch.__trace:utils.py:2363 
DEBUG    torch.__trace:utils.py:2363 
DEBUG    torch.__trace:utils.py:2363 
DEBUG    torch.__trace:utils.py:2363 
DEBUG    torch.__trace:utils.py:2363 
DEBUG    torch.__trace:utils.py:2363 
DEBUG    torch.__trace:utils.py:2363 
DEBUG    torch.__trace:utils.py:2363 
DEBUG    torch.__trace:utils.py:2363 
DEBUG    torch.__trace:utils.py:2363 
DEBUG    torch.__trace:utils.py:2363 
DEBUG    torch.__trace:utils.py:2363 
DEBUG    torch.__trace:utils.py:2363 
DEBUG    torch.__trace:utils.py:2363 
DEBUG    torch.__trace:utils.py:2363 
DEBUG    torch.__trace:utils.py:2363 
DEBUG    torch.__trace:utils.py:2363 
DEBUG    torch.__trace:utils.py:2363 
DEBUG    torch.__trace:utils.py:2363 
DEBUG    torch.__trace:utils.py:2363 
DEBUG    torch.__trace:utils.py:2363 
DEBUG    torch.__trace:utils.py:2363 
DEBUG    torch.__trace:compile_fx.py:2872 
DEBUG    torch.__trace:utils.py:2363 
DEBUG    torch.__trace:utils.py:2363 
DEBUG    torch.__trace:structured.py:28 
DEBUG    torch.__trace:structured.py:28 
DEBUG    torch.__trace:structured.py:28 
DEBUG    torch.__trace:structured.py:28 
DEBUG    torch.__trace:structured.py:28 
DEBUG    torch.__trace:structured.py:28 
DEBUG    torch.__trace:structured.py:28 
DEBUG    torch.__trace:structured.py:28 
DEBUG    torch.__trace:structured.py:28 
DEBUG    torch.__trace:symbolic_shapes.py:8465 
DEBUG    torch.__trace:symbolic_shapes.py:8465 
DEBUG    torch.__trace:symbolic_shapes.py:8465 
DEBUG    torch.__trace:structured.py:28 
DEBUG    torch.__trace:structured.py:28 
DEBUG    torch.__trace:symbolic_shapes.py:8465 
DEBUG    torch.__trace:utils.py:2363 
DEBUG    torch.__trace:graph_capture.py:428 
DEBUG    torch.__trace:graph_capture.py:446 
DEBUG    torch.__trace:graph_compile.py:382 
DEBUG    torch.__trace:utils.py:2363 
DEBUG    torch.__trace:compile_fx.py:2645 
DEBUG    torch.__trace:utils.py:2363 
DEBUG    torch.__trace:utils.py:2363 
DEBUG    torch.__trace:utils.py:2363 
DEBUG    torch.__trace:utils.py:2363 
DEBUG    torch.__trace:utils.py:2363 
DEBUG    torch.__trace:utils.py:2363 
DEBUG    torch.__trace:utils.py:2363 
DEBUG    torch.__trace:utils.py:2363 
DEBUG    torch.__trace:utils.py:2363 
DEBUG    torch.__trace:utils.py:2363 
DEBUG    torch.__trace:utils.py:2363 
DEBUG    torch.__trace:utils.py:2363 
DEBUG    torch.__trace:utils.py:2363 
DEBUG    torch.__trace:utils.py:2363 
DEBUG    torch.__trace:utils.py:2363 
DEBUG    torch.__trace:utils.py:2363 
DEBUG    torch.__trace:utils.py:2363 
DEBUG    torch.__trace:utils.py:2363 
DEBUG    torch.__trace:utils.py:2363 
DEBUG    torch.__trace:utils.py:2363 
DEBUG    torch.__trace:utils.py:2363 
DEBUG    torch.__trace:utils.py:2363 
DEBUG    torch.__trace:utils.py:2363 
DEBUG    torch.__trace:utils.py:2363 
DEBUG    torch.__trace:utils.py:2363 
DEBUG    torch.__trace:utils.py:2363 
DEBUG    torch.__trace:utils.py:2363 
DEBUG    torch.__trace:utils.py:2363 
DEBUG    torch.__trace:utils.py:2363 
DEBUG    torch.__trace:utils.py:2363 
DEBUG    torch.__trace:utils.py:2363 
DEBUG    torch.__trace:utils.py:2363 
DEBUG    torch.__trace:utils.py:2363 
DEBUG    torch.__trace:utils.py:2363 
DEBUG    torch.__trace:utils.py:2363 
DEBUG    torch.__trace:utils.py:2363 
DEBUG    torch.__trace:utils.py:2363 
DEBUG    torch.__trace:utils.py:2363 
DEBUG    torch.__trace:utils.py:2363 
DEBUG    torch.__trace:utils.py:2363 
DEBUG    torch.__trace:utils.py:2363 
DEBUG    torch.__trace:utils.py:2363 
DEBUG    torch.__trace:utils.py:2363 
DEBUG    torch.__trace:utils.py:2363 
DEBUG    torch.__trace:utils.py:2363 
DEBUG    torch.__trace:utils.py:2363 
DEBUG    torch.__trace:utils.py:2363 
DEBUG    torch.__trace:utils.py:2363 
DEBUG    torch.__trace:utils.py:2363 
DEBUG    torch.__trace:utils.py:2363 
DEBUG    torch.__trace:utils.py:2363 
DEBUG    torch.__trace:utils.py:2363 
DEBUG    torch.__trace:utils.py:2363 
DEBUG    torch.__trace:utils.py:2363 
DEBUG    torch.__trace:utils.py:2363 
DEBUG    torch.__trace:utils.py:2363 
DEBUG    torch.__trace:utils.py:2363 
DEBUG    torch.__trace:utils.py:2363 
DEBUG    torch.__trace:utils.py:2363 
DEBUG    torch.__trace:utils.py:2363 
DEBUG    torch.__trace:utils.py:2363 
DEBUG    torch.__trace:utils.py:2363 
DEBUG    torch.__trace:utils.py:2363 
DEBUG    torch.__trace:utils.py:2363 
DEBUG    torch.__trace:utils.py:2363 
DEBUG    torch.__trace:utils.py:2363 
DEBUG    torch.__trace:utils.py:2363 
DEBUG    torch.__trace:utils.py:2363 
DEBUG    torch.__trace:utils.py:2363 
DEBUG    torch.__trace:utils.py:2363 
DEBUG    torch.__trace:utils.py:2363 
DEBUG    torch.__trace:utils.py:2363 
DEBUG    torch.__trace:utils.py:2363 
DEBUG    torch.__trace:utils.py:2363 
DEBUG    torch.__trace:utils.py:2363 
DEBUG    torch.__trace:utils.py:2363 
DEBUG    torch.__trace:utils.py:2363 
DEBUG    torch.__trace:utils.py:2363 
DEBUG    torch.__trace:utils.py:2363 
DEBUG    torch.__trace:utils.py:2363 
DEBUG    torch.__trace:utils.py:2363 
DEBUG    torch.__trace:utils.py:2363 
DEBUG    torch.__trace:utils.py:2363 
DEBUG    torch.__trace:utils.py:2363 
DEBUG    torch.__trace:utils.py:2363 
DEBUG    torch.__trace:utils.py:2363 
DEBUG    torch.__trace:utils.py:2363 
DEBUG    torch.__trace:utils.py:2363 
DEBUG    torch.__trace:utils.py:2363 
DEBUG    torch.__trace:utils.py:2363 
DEBUG    torch.__trace:utils.py:2363 
DEBUG    torch.__trace:utils.py:2363 
DEBUG    torch.__trace:utils.py:2363 
DEBUG    torch.__trace:utils.py:2363 
DEBUG    torch.__trace:utils.py:2363 
DEBUG    torch.__trace:utils.py:2363 
DEBUG    torch.__trace:utils.py:2363 
DEBUG    torch.__trace:utils.py:2363 
DEBUG    torch.__trace:utils.py:2363 
DEBUG    torch.__trace:utils.py:2363 
DEBUG    torch.__trace:utils.py:2363 
DEBUG    torch.__trace:utils.py:2363 
DEBUG    torch.__trace:utils.py:2363 
DEBUG    torch.__trace:utils.py:2363 
DEBUG    torch.__trace:utils.py:2363 
DEBUG    torch.__trace:utils.py:2363 
DEBUG    torch.__trace:utils.py:2363 
DEBUG    torch.__trace:utils.py:2363 
DEBUG    torch.__trace:utils.py:2363 
DEBUG    torch.__trace:utils.py:2363 
DEBUG    torch.__trace:utils.py:2363 
DEBUG    torch.__trace:utils.py:2363 
DEBUG    torch.__trace:utils.py:2363 
DEBUG    torch.__trace:utils.py:2363 
DEBUG    torch.__trace:utils.py:2363 
DEBUG    torch.__trace:utils.py:2363 
DEBUG    torch.__trace:utils.py:2363 
DEBUG    torch.__trace:utils.py:2363 
DEBUG    torch.__trace:utils.py:2363 
DEBUG    torch.__trace:utils.py:2363 
DEBUG    torch.__trace:utils.py:2363 
DEBUG    torch.__trace:utils.py:2363 
DEBUG    torch.__trace:utils.py:2363 
DEBUG    torch.__trace:utils.py:2363 
DEBUG    torch.__trace:utils.py:2363 
DEBUG    torch.__trace:utils.py:2363 
DEBUG    torch.__trace:utils.py:2363 
DEBUG    torch.__trace:utils.py:2363 
DEBUG    torch.__trace:utils.py:2363 
DEBUG    torch.__trace:utils.py:2363 
DEBUG    torch.__trace:utils.py:2363 
DEBUG    torch.__trace:utils.py:2363 
DEBUG    torch.__trace:utils.py:2363 
DEBUG    torch.__trace:utils.py:2363 
DEBUG    torch.__trace:utils.py:2363 
DEBUG    torch.__trace:utils.py:2363 
DEBUG    torch.__trace:utils.py:2363 
DEBUG    torch.__trace:utils.py:2363 
DEBUG    torch.__trace:utils.py:2363 
DEBUG    torch.__trace:utils.py:2363 
DEBUG    torch.__trace:utils.py:2363 
DEBUG    torch.__trace:utils.py:2363 
DEBUG    torch.__trace:utils.py:2363 
DEBUG    torch.__trace:utils.py:2363 
DEBUG    torch.__trace:utils.py:2363 
DEBUG    torch.__trace:utils.py:2363 
DEBUG    torch.__trace:utils.py:2363 
DEBUG    torch.__trace:utils.py:2363 
DEBUG    torch.__trace:utils.py:2363 
DEBUG    torch.__trace:utils.py:2363 
DEBUG    torch.__trace:utils.py:2363 
DEBUG    torch.__trace:utils.py:2363 
DEBUG    torch.__trace:utils.py:2363 
DEBUG    torch.__trace:utils.py:2363 
DEBUG    torch.__trace:utils.py:2363 
DEBUG    torch.__trace:utils.py:2363 
DEBUG    torch.__trace:utils.py:2363 
DEBUG    torch.__trace:utils.py:2363 
DEBUG    torch.__trace:utils.py:2363 
DEBUG    torch.__trace:utils.py:2363 
DEBUG    torch.__trace:utils.py:2363 
DEBUG    torch.__trace:utils.py:2363 
DEBUG    torch.__trace:utils.py:2363 
DEBUG    torch.__trace:utils.py:2363 
DEBUG    torch.__trace:utils.py:2363 
DEBUG    torch.__trace:utils.py:2363 
DEBUG    torch.__trace:utils.py:2363 
DEBUG    torch.__trace:utils.py:2363 
DEBUG    torch.__trace:utils.py:2363 
DEBUG    torch.__trace:utils.py:2363 
DEBUG    torch.__trace:utils.py:2363 
DEBUG    torch.__trace:utils.py:2363 
DEBUG    torch.__trace:utils.py:2363 
DEBUG    torch.__trace:utils.py:2363 
DEBUG    torch.__trace:utils.py:2363 
DEBUG    torch.__trace:utils.py:2363 
DEBUG    torch.__trace:utils.py:2363 
DEBUG    torch.__trace:utils.py:2363 
DEBUG    torch.__trace:utils.py:2363 
DEBUG    torch.__trace:utils.py:2363 
DEBUG    torch.__trace:utils.py:2363 
DEBUG    torch.__trace:utils.py:2363 
DEBUG    torch.__trace:utils.py:2363 
DEBUG    torch.__trace:utils.py:2363 
DEBUG    torch.__trace:utils.py:2363 
DEBUG    torch.__trace:utils.py:2363 
DEBUG    torch.__trace:utils.py:2363 
DEBUG    torch.__trace:utils.py:2363 
DEBUG    torch.__trace:utils.py:2363 
DEBUG    torch.__trace:utils.py:2363 
DEBUG    torch.__trace:utils.py:2363 
DEBUG    torch.__trace:utils.py:2363 
DEBUG    torch.__trace:utils.py:2363 
DEBUG    torch.__trace:utils.py:2363 
DEBUG    torch.__trace:utils.py:2363 
DEBUG    torch.__trace:utils.py:2363 
DEBUG    torch.__trace:utils.py:2363 
DEBUG    torch.__trace:utils.py:2363 
DEBUG    torch.__trace:utils.py:2363 
DEBUG    torch.__trace:utils.py:2363 
DEBUG    torch.__trace:utils.py:2363 
DEBUG    torch.__trace:utils.py:2363 
DEBUG    torch.__trace:utils.py:2363 
DEBUG    torch.__trace:utils.py:2363 
DEBUG    torch.__trace:utils.py:2363 
DEBUG    torch.__trace:utils.py:2363 
DEBUG    torch.__trace:utils.py:2363 
DEBUG    torch.__trace:utils.py:2363 
DEBUG    torch.__trace:utils.py:2363 
DEBUG    torch.__trace:utils.py:2363 
DEBUG    torch.__trace:utils.py:2363 
DEBUG    torch.__trace:utils.py:2363 
DEBUG    torch.__trace:utils.py:2363 
DEBUG    torch.__trace:utils.py:2363 
DEBUG    torch.__trace:utils.py:2363 
DEBUG    torch.__trace:utils.py:2363 
DEBUG    torch.__trace:utils.py:2363 
DEBUG    torch.__trace:utils.py:2363 
DEBUG    torch.__trace:utils.py:2363 
DEBUG    torch.__trace:utils.py:2363 
DEBUG    torch.__trace:utils.py:2363 
DEBUG    torch.__trace:utils.py:2363 
DEBUG    torch.__trace:utils.py:2363 
DEBUG    torch.__trace:utils.py:2363 
DEBUG    torch.__trace:utils.py:2363 
DEBUG    torch.__trace:utils.py:2363 
DEBUG    torch.__trace:utils.py:2363 
DEBUG    torch.__trace:utils.py:2363 
DEBUG    torch.__trace:utils.py:2363 
DEBUG    torch.__trace:utils.py:2363 
DEBUG    torch.__trace:utils.py:2363 
DEBUG    torch.__trace:utils.py:2363 
DEBUG    torch.__trace:utils.py:2363 
DEBUG    torch.__trace:utils.py:2363 
DEBUG    torch.__trace:utils.py:2363 
DEBUG    torch.__trace:utils.py:2363 
DEBUG    torch.__trace:utils.py:2363 
DEBUG    torch.__trace:utils.py:2363 
DEBUG    torch.__trace:utils.py:2363 
DEBUG    torch.__trace:utils.py:2363 
DEBUG    torch.__trace:utils.py:2363 
DEBUG    torch.__trace:utils.py:2363 
DEBUG    torch.__trace:utils.py:2363 
DEBUG    torch.__trace:utils.py:2363 
DEBUG    torch.__trace:utils.py:2363 
DEBUG    torch.__trace:utils.py:2363 
DEBUG    torch.__trace:utils.py:2363 
DEBUG    torch.__trace:utils.py:2363 
DEBUG    torch.__trace:utils.py:2363 
DEBUG    torch.__trace:utils.py:2363 
DEBUG    torch.__trace:utils.py:2363 
DEBUG    torch.__trace:utils.py:2363 
DEBUG    torch.__trace:utils.py:2363 
DEBUG    torch.__trace:utils.py:2363 
DEBUG    torch.__trace:utils.py:2363 
DEBUG    torch.__trace:utils.py:2363 
DEBUG    torch.__trace:utils.py:2363 
DEBUG    torch.__trace:utils.py:2363 
DEBUG    torch.__trace:utils.py:2363 
DEBUG    torch.__trace:utils.py:2363 
DEBUG    torch.__trace:utils.py:2363 
DEBUG    torch.__trace:utils.py:2363 
DEBUG    torch.__trace:utils.py:2363 
DEBUG    torch.__trace:utils.py:2363 
DEBUG    torch.__trace:utils.py:2363 
DEBUG    torch.__trace:utils.py:2363 
DEBUG    torch.__trace:utils.py:2363 
DEBUG    torch.__trace:utils.py:2363 
DEBUG    torch.__trace:utils.py:2363 
DEBUG    torch.__trace:utils.py:2363 
DEBUG    torch.__trace:utils.py:2363 
DEBUG    torch.__trace:utils.py:2363 
DEBUG    torch.__trace:utils.py:2363 
DEBUG    torch.__trace:utils.py:2363 
DEBUG    torch.__trace:utils.py:2363 
DEBUG    torch.__trace:utils.py:2363 
DEBUG    torch.__trace:utils.py:2363 
DEBUG    torch.__trace:utils.py:2363 
DEBUG    torch.__trace:utils.py:2363 
DEBUG    torch.__trace:utils.py:2363 
DEBUG    torch.__trace:utils.py:2363 
DEBUG    torch.__trace:utils.py:2363 
DEBUG    torch.__trace:utils.py:2363 
DEBUG    torch.__trace:utils.py:2363 
DEBUG    torch.__trace:utils.py:2363 
DEBUG    torch.__trace:utils.py:2363 
DEBUG    torch.__trace:utils.py:2363 
DEBUG    torch.__trace:utils.py:2363 
DEBUG    torch.__trace:utils.py:2363 
DEBUG    torch.__trace:utils.py:2363 
DEBUG    torch.__trace:utils.py:2363 
DEBUG    torch.__trace:utils.py:2363 
DEBUG    torch.__trace:utils.py:2363 
DEBUG    torch.__trace:utils.py:2363 
DEBUG    torch.__trace:utils.py:2363 
DEBUG    torch.__trace:utils.py:2363 
DEBUG    torch.__trace:utils.py:2363 
DEBUG    torch.__trace:utils.py:2363 
DEBUG    torch.__trace:utils.py:2363 
DEBUG    torch.__trace:utils.py:2363 
DEBUG    torch.__trace:utils.py:2363 
DEBUG    torch.__trace:utils.py:2363 
DEBUG    torch.__trace:utils.py:2363 
DEBUG    torch.__trace:utils.py:2363 
DEBUG    torch.__trace:utils.py:2363 
DEBUG    torch.__trace:utils.py:2363 
DEBUG    torch.__trace:utils.py:2363 
DEBUG    torch.__trace:utils.py:2363 
DEBUG    torch.__trace:utils.py:2363 
DEBUG    torch.__trace:utils.py:2363 
DEBUG    torch.__trace:utils.py:2363 
DEBUG    torch.__trace:utils.py:2363 
DEBUG    torch.__trace:utils.py:2363 
DEBUG    torch.__trace:utils.py:2363 
DEBUG    torch.__trace:utils.py:2363 
DEBUG    torch.__trace:utils.py:2363 
DEBUG    torch.__trace:utils.py:2363 
DEBUG    torch.__trace:utils.py:2363 
DEBUG    torch.__trace:utils.py:2363 
DEBUG    torch.__trace:utils.py:2363 
DEBUG    torch.__trace:utils.py:2363 
DEBUG    torch.__trace:utils.py:2363 
DEBUG    torch.__trace:utils.py:2363 
DEBUG    torch.__trace:utils.py:2363 
DEBUG    torch.__trace:utils.py:2363 
DEBUG    torch.__trace:utils.py:2363 
DEBUG    torch.__trace:utils.py:2363 
DEBUG    torch.__trace:utils.py:2363 
DEBUG    torch.__trace:utils.py:2363 
DEBUG    torch.__trace:utils.py:2363 
DEBUG    torch.__trace:utils.py:2363 
DEBUG    torch.__trace:utils.py:2363 
DEBUG    torch.__trace:utils.py:2363 
DEBUG    torch.__trace:utils.py:2363 
DEBUG    torch.__trace:utils.py:2363 
DEBUG    torch.__trace:utils.py:2363 
DEBUG    torch.__trace:utils.py:2363 
DEBUG    torch.__trace:utils.py:2363 
DEBUG    torch.__trace:utils.py:2363 
DEBUG    torch.__trace:utils.py:2363 
DEBUG    torch.__trace:utils.py:2363 
DEBUG    torch.__trace:utils.py:2363 
DEBUG    torch.__trace:utils.py:2363 
DEBUG    torch.__trace:utils.py:2363 
DEBUG    torch.__trace:utils.py:2363 
DEBUG    torch.__trace:utils.py:2363 
DEBUG    torch.__trace:utils.py:2363 
DEBUG    torch.__trace:utils.py:2363 
DEBUG    torch.__trace:utils.py:2363 
DEBUG    torch.__trace:utils.py:2363 
DEBUG    torch.__trace:utils.py:2363 
DEBUG    torch.__trace:utils.py:2363 
DEBUG    torch.__trace:utils.py:2363 
DEBUG    torch.__trace:utils.py:2363 
DEBUG    torch.__trace:utils.py:2363 
DEBUG    torch.__trace:utils.py:2363 
DEBUG    torch.__trace:utils.py:2363 
DEBUG    torch.__trace:utils.py:2363 
DEBUG    torch.__trace:utils.py:2363 
DEBUG    torch.__trace:utils.py:2363 
DEBUG    torch.__trace:utils.py:2363 
DEBUG    torch.__trace:utils.py:2363 
DEBUG    torch.__trace:utils.py:2363 
DEBUG    torch.__trace:utils.py:2363 
DEBUG    torch.__trace:utils.py:2363 
DEBUG    torch.__trace:utils.py:2363 
DEBUG    torch.__trace:utils.py:2363 
DEBUG    torch.__trace:utils.py:2363 
DEBUG    torch.__trace:utils.py:2363 
DEBUG    torch.__trace:utils.py:2363 
DEBUG    torch.__trace:utils.py:2363 
DEBUG    torch.__trace:utils.py:2363 
DEBUG    torch.__trace:utils.py:2363 
DEBUG    torch.__trace:utils.py:2363 
DEBUG    torch.__trace:utils.py:2363 
DEBUG    torch.__trace:utils.py:2363 
DEBUG    torch.__trace:utils.py:2363 
DEBUG    torch.__trace:utils.py:2363 
DEBUG    torch.__trace:utils.py:2363 
DEBUG    torch.__trace:utils.py:2363 
DEBUG    torch.__trace:utils.py:2363 
DEBUG    torch.__trace:utils.py:2363 
DEBUG    torch.__trace:utils.py:2363 
DEBUG    torch.__trace:utils.py:2363 
DEBUG    torch.__trace:utils.py:2363 
DEBUG    torch.__trace:utils.py:2363 
DEBUG    torch.__trace:utils.py:2363 
DEBUG    torch.__trace:utils.py:2363 
DEBUG    torch.__trace:utils.py:2363 
DEBUG    torch.__trace:utils.py:2363 
DEBUG    torch.__trace:utils.py:2363 
DEBUG    torch.__trace:utils.py:2363 
DEBUG    torch.__trace:utils.py:2363 
DEBUG    torch.__trace:utils.py:2363 
DEBUG    torch.__trace:utils.py:2363 
DEBUG    torch.__trace:utils.py:2363 
DEBUG    torch.__trace:utils.py:2363 
DEBUG    torch.__trace:utils.py:2363 
DEBUG    torch.__trace:utils.py:2363 
DEBUG    torch.__trace:utils.py:2363 
DEBUG    torch.__trace:utils.py:2363 
DEBUG    torch.__trace:utils.py:2363 
DEBUG    torch.__trace:utils.py:2363 
DEBUG    torch.__trace:utils.py:2363 
DEBUG    torch.__trace:utils.py:2363 
DEBUG    torch.__trace:utils.py:2363 
DEBUG    torch.__trace:utils.py:2363 
DEBUG    torch.__trace:utils.py:2363 
DEBUG    torch.__trace:utils.py:2363 
DEBUG    torch.__trace:utils.py:2363 
DEBUG    torch.__trace:utils.py:2363 
DEBUG    torch.__trace:utils.py:2363 
DEBUG    torch.__trace:utils.py:2363 
DEBUG    torch.__trace:utils.py:2363 
DEBUG    torch.__trace:utils.py:2363 
DEBUG    torch.__trace:utils.py:2363 
DEBUG    torch.__trace:utils.py:2363 
DEBUG    torch.__trace:utils.py:2363 
DEBUG    torch.__trace:utils.py:2363 
DEBUG    torch.__trace:utils.py:2363 
DEBUG    torch.__trace:utils.py:2363 
DEBUG    torch.__trace:utils.py:2363 
DEBUG    torch.__trace:utils.py:2363 
DEBUG    torch.__trace:utils.py:2363 
DEBUG    torch.__trace:utils.py:2363 
DEBUG    torch.__trace:utils.py:2363 
DEBUG    torch.__trace:utils.py:2363 
DEBUG    torch.__trace:utils.py:2363 
DEBUG    torch.__trace:utils.py:2363 
DEBUG    torch.__trace:utils.py:2363 
DEBUG    torch.__trace:utils.py:2363 
DEBUG    torch.__trace:utils.py:2363 
DEBUG    torch.__trace:utils.py:2363 
DEBUG    torch.__trace:utils.py:2363 
DEBUG    torch.__trace:utils.py:2363 
DEBUG    torch.__trace:utils.py:2363 
DEBUG    torch.__trace:utils.py:2363 
DEBUG    torch.__trace:utils.py:2363 
DEBUG    torch.__trace:utils.py:2363 
DEBUG    torch.__trace:utils.py:2363 
DEBUG    torch.__trace:utils.py:2363 
DEBUG    torch.__trace:utils.py:2363 
DEBUG    torch.__trace:utils.py:2363 
DEBUG    torch.__trace:utils.py:2363 
DEBUG    torch.__trace:utils.py:2363 
DEBUG    torch.__trace:utils.py:2363 
DEBUG    torch.__trace:utils.py:2363 
DEBUG    torch.__trace:utils.py:2363 
DEBUG    torch.__trace:utils.py:2363 
DEBUG    torch.__trace:utils.py:2363 
DEBUG    torch.__trace:utils.py:2363 
DEBUG    torch.__trace:utils.py:2363 
DEBUG    torch.__trace:utils.py:2363 
DEBUG    torch.__trace:utils.py:2363 
DEBUG    torch.__trace:utils.py:2363 
DEBUG    torch.__trace:utils.py:2363 
DEBUG    torch.__trace:utils.py:2363 
DEBUG    torch.__trace:utils.py:2363 
DEBUG    torch.__trace:utils.py:2363 
DEBUG    torch.__trace:utils.py:2363 
DEBUG    torch.__trace:utils.py:2363 
DEBUG    torch.__trace:utils.py:2363 
DEBUG    torch.__trace:utils.py:2363 
DEBUG    torch.__trace:utils.py:2363 
DEBUG    torch.__trace:utils.py:2363 
DEBUG    torch.__trace:utils.py:2363 
DEBUG    torch.__trace:utils.py:2363 
DEBUG    torch.__trace:utils.py:2363 
DEBUG    torch.__trace:utils.py:2363 
DEBUG    torch.__trace:utils.py:2363 
DEBUG    torch.__trace:utils.py:2363 
DEBUG    torch.__trace:utils.py:2363 
DEBUG    torch.__trace:utils.py:2363 
DEBUG    torch.__trace:utils.py:2363 
DEBUG    torch.__trace:utils.py:2363 
DEBUG    torch.__trace:utils.py:2363 
DEBUG    torch.__trace:utils.py:2363 
DEBUG    torch.__trace:utils.py:2363 
DEBUG    torch.__trace:utils.py:2363 
DEBUG    torch.__trace:utils.py:2363 
DEBUG    torch.__trace:utils.py:2363 
DEBUG    torch.__trace:utils.py:2363 
DEBUG    torch.__trace:utils.py:2363 
DEBUG    torch.__trace:utils.py:2363 
DEBUG    torch.__trace:utils.py:2363 
DEBUG    torch.__trace:utils.py:2363 
DEBUG    torch.__trace:utils.py:2363 
DEBUG    torch.__trace:utils.py:2363 
DEBUG    torch.__trace:utils.py:2363 
DEBUG    torch.__trace:utils.py:2363 
DEBUG    torch.__trace:utils.py:2363 
DEBUG    torch.__trace:utils.py:2363 
DEBUG    torch.__trace:utils.py:2363 
DEBUG    torch.__trace:utils.py:2363 
DEBUG    torch.__trace:utils.py:2363 
DEBUG    torch.__trace:utils.py:2363 
DEBUG    torch.__trace:utils.py:2363 
DEBUG    torch.__trace:utils.py:2363 
DEBUG    torch.__trace:utils.py:2363 
DEBUG    torch.__trace:utils.py:2363 
DEBUG    torch.__trace:utils.py:2363 
DEBUG    torch.__trace:utils.py:2363 
DEBUG    torch.__trace:utils.py:2363 
DEBUG    torch.__trace:utils.py:2363 
DEBUG    torch.__trace:utils.py:2363 
DEBUG    torch.__trace:utils.py:2363 
DEBUG    torch.__trace:utils.py:2363 
DEBUG    torch.__trace:utils.py:2363 
DEBUG    torch.__trace:utils.py:2363 
DEBUG    torch.__trace:utils.py:2363 
DEBUG    torch.__trace:utils.py:2363 
DEBUG    torch.__trace:utils.py:2363 
DEBUG    torch.__trace:utils.py:2363 
DEBUG    torch.__trace:utils.py:2363 
DEBUG    torch.__trace:utils.py:2363 
DEBUG    torch.__trace:utils.py:2363 
DEBUG    torch.__trace:utils.py:2363 
DEBUG    torch.__trace:utils.py:2363 
DEBUG    torch.__trace:utils.py:2363 
DEBUG    torch.__trace:utils.py:2363 
DEBUG    torch.__trace:utils.py:2363 
DEBUG    torch.__trace:utils.py:2363 
DEBUG    torch.__trace:utils.py:2363 
DEBUG    torch.__trace:utils.py:2363 
DEBUG    torch.__trace:utils.py:2363 
DEBUG    torch.__trace:utils.py:2363 
DEBUG    torch.__trace:utils.py:2363 
DEBUG    torch.__trace:utils.py:2363 
DEBUG    torch.__trace:utils.py:2363 
DEBUG    torch.__trace:utils.py:2363 
DEBUG    torch.__trace:utils.py:2363 
DEBUG    torch.__trace:utils.py:2363 
DEBUG    torch.__trace:utils.py:2363 
DEBUG    torch.__trace:utils.py:2363 
DEBUG    torch.__trace:utils.py:2363 
DEBUG    torch.__trace:utils.py:2363 
DEBUG    torch.__trace:utils.py:2363 
DEBUG    torch.__trace:utils.py:2363 
DEBUG    torch.__trace:utils.py:2363 
DEBUG    torch.__trace:utils.py:2363 
DEBUG    torch.__trace:utils.py:2363 
DEBUG    torch.__trace:utils.py:2363 
DEBUG    torch.__trace:utils.py:2363 
DEBUG    torch.__trace:utils.py:2363 
DEBUG    torch.__trace:utils.py:2363 
DEBUG    torch.__trace:utils.py:2363 
DEBUG    torch.__trace:utils.py:2363 
DEBUG    torch.__trace:utils.py:2363 
DEBUG    torch.__trace:utils.py:2363 
DEBUG    torch.__trace:utils.py:2363 
DEBUG    torch.__trace:utils.py:2363 
DEBUG    torch.__trace:utils.py:2363 
DEBUG    torch.__trace:utils.py:2363 
DEBUG    torch.__trace:utils.py:2363 
DEBUG    torch.__trace:utils.py:2363 
DEBUG    torch.__trace:utils.py:2363 
DEBUG    torch.__trace:utils.py:2363 
DEBUG    torch.__trace:utils.py:2363 
DEBUG    torch.__trace:utils.py:2363 
DEBUG    torch.__trace:utils.py:2363 
DEBUG    torch.__trace:utils.py:2363 
DEBUG    torch.__trace:utils.py:2363 
DEBUG    torch.__trace:utils.py:2363 
DEBUG    torch.__trace:utils.py:2363 
DEBUG    torch.__trace:utils.py:2363 
DEBUG    torch.__trace:utils.py:2363 
DEBUG    torch.__trace:utils.py:2363 
DEBUG    torch.__trace:utils.py:2363 
DEBUG    torch.__trace:utils.py:2363 
DEBUG    torch.__trace:utils.py:2363 
DEBUG    torch.__trace:utils.py:2363 
DEBUG    torch.__trace:utils.py:2363 
DEBUG    torch.__trace:utils.py:2363 
DEBUG    torch.__trace:utils.py:2363 
DEBUG    torch.__trace:utils.py:2363 
DEBUG    torch.__trace:utils.py:2363 
DEBUG    torch.__trace:utils.py:2363 
DEBUG    torch.__trace:utils.py:2363 
DEBUG    torch.__trace:utils.py:2363 
DEBUG    torch.__trace:utils.py:2363 
DEBUG    torch.__trace:utils.py:2363 
DEBUG    torch.__trace:utils.py:2363 
DEBUG    torch.__trace:utils.py:2363 
DEBUG    torch.__trace:utils.py:2363 
DEBUG    torch.__trace:utils.py:2363 
DEBUG    torch.__trace:utils.py:2363 
DEBUG    torch.__trace:utils.py:2363 
DEBUG    torch.__trace:utils.py:2363 
DEBUG    torch.__trace:utils.py:2363 
DEBUG    torch.__trace:utils.py:2363 
DEBUG    torch.__trace:utils.py:2363 
DEBUG    torch.__trace:utils.py:2363 
DEBUG    torch.__trace:utils.py:2363 
DEBUG    torch.__trace:utils.py:2363 
DEBUG    torch.__trace:utils.py:2363 
DEBUG    torch.__trace:utils.py:2363 
DEBUG    torch.__trace:utils.py:2363 
DEBUG    torch.__trace:utils.py:2363 
DEBUG    torch.__trace:utils.py:2363 
DEBUG    torch.__trace:utils.py:2363 
DEBUG    torch.__trace:utils.py:2363 
DEBUG    torch.__trace:utils.py:2363 
DEBUG    torch.__trace:utils.py:2363 
DEBUG    torch.__trace:utils.py:2363 
DEBUG    torch.__trace:utils.py:2363 
DEBUG    torch.__trace:utils.py:2363 
DEBUG    torch.__trace:utils.py:2363 
DEBUG    torch.__trace:utils.py:2363 
DEBUG    torch.__trace:utils.py:2363 
DEBUG    torch.__trace:utils.py:2363 
DEBUG    torch.__trace:utils.py:2363 
DEBUG    torch.__trace:utils.py:2363 
DEBUG    torch.__trace:utils.py:2363 
DEBUG    torch.__trace:utils.py:2363 
DEBUG    torch.__trace:utils.py:2363 
DEBUG    torch.__trace:utils.py:2363 
DEBUG    torch.__trace:utils.py:2363 
DEBUG    torch.__trace:utils.py:2363 
DEBUG    torch.__trace:utils.py:2363 
DEBUG    torch.__trace:utils.py:2363 
DEBUG    torch.__trace:utils.py:2363 
DEBUG    torch.__trace:utils.py:2363 
DEBUG    torch.__trace:utils.py:2363 
DEBUG    torch.__trace:utils.py:2363 
DEBUG    torch.__trace:utils.py:2363 
DEBUG    torch.__trace:utils.py:2363 
DEBUG    torch.__trace:utils.py:2363 
DEBUG    torch.__trace:utils.py:2363 
DEBUG    torch.__trace:utils.py:2363 
DEBUG    torch.__trace:utils.py:2363 
DEBUG    torch.__trace:utils.py:2363 
DEBUG    torch.__trace:utils.py:2363 
DEBUG    torch.__trace:utils.py:2363 
DEBUG    torch.__trace:utils.py:2363 
DEBUG    torch.__trace:utils.py:2363 
DEBUG    torch.__trace:utils.py:2363 
DEBUG    torch.__trace:utils.py:2363 
DEBUG    torch.__trace:utils.py:2363 
DEBUG    torch.__trace:utils.py:2363 
DEBUG    torch.__trace:utils.py:2363 
DEBUG    torch.__trace:utils.py:2363 
DEBUG    torch.__trace:utils.py:2363 
DEBUG    torch.__trace:utils.py:2363 
DEBUG    torch.__trace:utils.py:2363 
DEBUG    torch.__trace:utils.py:2363 
DEBUG    torch.__trace:utils.py:2363 
DEBUG    torch.__trace:utils.py:2363 
DEBUG    torch.__trace:utils.py:2363 
DEBUG    torch.__trace:utils.py:2363 
DEBUG    torch.__trace:utils.py:2363 
DEBUG    torch.__trace:utils.py:2363 
DEBUG    torch.__trace:utils.py:2363 
DEBUG    torch.__trace:utils.py:2363 
DEBUG    torch.__trace:utils.py:2363 
DEBUG    torch.__trace:utils.py:2363 
DEBUG    torch.__trace:utils.py:2363 
DEBUG    torch.__trace:utils.py:2363 
DEBUG    torch.__trace:utils.py:2363 
DEBUG    torch.__trace:utils.py:2363 
DEBUG    torch.__trace:utils.py:2363 
DEBUG    torch.__trace:utils.py:2363 
DEBUG    torch.__trace:utils.py:2363 
DEBUG    torch.__trace:utils.py:2363 
DEBUG    torch.__trace:utils.py:2363 
DEBUG    torch.__trace:utils.py:2363 
DEBUG    torch.__trace:utils.py:2363 
DEBUG    torch.__trace:utils.py:2363 
DEBUG    torch.__trace:utils.py:2363 
DEBUG    torch.__trace:utils.py:2363 
DEBUG    torch.__trace:utils.py:2363 
DEBUG    torch.__trace:utils.py:2363 
DEBUG    torch.__trace:utils.py:2363 
DEBUG    torch.__trace:utils.py:2363 
DEBUG    torch.__trace:utils.py:2363 
DEBUG    torch.__trace:utils.py:2363 
DEBUG    torch.__trace:utils.py:2363 
DEBUG    torch.__trace:utils.py:2363 
DEBUG    torch.__trace:utils.py:2363 
DEBUG    torch.__trace:utils.py:2363 
DEBUG    torch.__trace:utils.py:2363 
DEBUG    torch.__trace:utils.py:2363 
DEBUG    torch.__trace:utils.py:2363 
DEBUG    torch.__trace:utils.py:2363 
DEBUG    torch.__trace:utils.py:2363 
DEBUG    torch.__trace:utils.py:2363 
DEBUG    torch.__trace:utils.py:2363 
DEBUG    torch.__trace:utils.py:2363 
DEBUG    torch.__trace:utils.py:2363 
DEBUG    torch.__trace:utils.py:2363 
DEBUG    torch.__trace:utils.py:2363 
DEBUG    torch.__trace:utils.py:2363 
DEBUG    torch.__trace:utils.py:2363 
DEBUG    torch.__trace:utils.py:2363 
DEBUG    torch.__trace:utils.py:2363 
DEBUG    torch.__trace:utils.py:2363 
DEBUG    torch.__trace:utils.py:2363 
DEBUG    torch.__trace:utils.py:2363 
DEBUG    torch.__trace:utils.py:2363 
DEBUG    torch.__trace:utils.py:2363 
DEBUG    torch.__trace:utils.py:2363 
DEBUG    torch.__trace:utils.py:2363 
DEBUG    torch.__trace:utils.py:2363 
DEBUG    torch.__trace:utils.py:2363 
DEBUG    torch.__trace:utils.py:2363 
DEBUG    torch.__trace:utils.py:2363 
DEBUG    torch.__trace:utils.py:2363 
DEBUG    torch.__trace:utils.py:2363 
DEBUG    torch.__trace:utils.py:2363 
DEBUG    torch.__trace:utils.py:2363 
DEBUG    torch.__trace:utils.py:2363 
DEBUG    torch.__trace:utils.py:2363 
DEBUG    torch.__trace:utils.py:2363 
DEBUG    torch.__trace:utils.py:2363 
DEBUG    torch.__trace:utils.py:2363 
DEBUG    torch.__trace:utils.py:2363 
DEBUG    torch.__trace:utils.py:2363 
DEBUG    torch.__trace:utils.py:2363 
DEBUG    torch.__trace:utils.py:2363 
DEBUG    torch.__trace:utils.py:2363 
DEBUG    torch.__trace:utils.py:2363 
DEBUG    torch.__trace:utils.py:2363 
DEBUG    torch.__trace:utils.py:2363 
DEBUG    torch.__trace:utils.py:2363 
DEBUG    torch.__trace:utils.py:2363 
DEBUG    torch.__trace:utils.py:2363 
DEBUG    torch.__trace:utils.py:2363 
DEBUG    torch.__trace:utils.py:2363 
DEBUG    torch.__trace:utils.py:2363 
DEBUG    torch.__trace:utils.py:2363 
DEBUG    torch.__trace:utils.py:2363 
DEBUG    torch.__trace:utils.py:2363 
DEBUG    torch.__trace:utils.py:2363 
DEBUG    torch.__trace:utils.py:2363 
DEBUG    torch.__trace:utils.py:2363 
DEBUG    torch.__trace:utils.py:2363 
DEBUG    torch.__trace:utils.py:2363 
DEBUG    torch.__trace:utils.py:2363 
DEBUG    torch.__trace:utils.py:2363 
DEBUG    torch.__trace:utils.py:2363 
DEBUG    torch.__trace:utils.py:2363 
DEBUG    torch.__trace:utils.py:2363 
DEBUG    torch.__trace:utils.py:2363 
DEBUG    torch.__trace:utils.py:2363 
DEBUG    torch.__trace:utils.py:2363 
DEBUG    torch.__trace:utils.py:2363 
DEBUG    torch.__trace:utils.py:2363 
DEBUG    torch.__trace:utils.py:2363 
DEBUG    torch.__trace:utils.py:2363 
DEBUG    torch.__trace:utils.py:2363 
DEBUG    torch.__trace:utils.py:2363 
DEBUG    torch.__trace:utils.py:2363 
DEBUG    torch.__trace:utils.py:2363 
DEBUG    torch.__trace:utils.py:2363 
DEBUG    torch.__trace:utils.py:2363 
DEBUG    torch.__trace:utils.py:2363 
DEBUG    torch.__trace:utils.py:2363 
DEBUG    torch.__trace:utils.py:2363 
DEBUG    torch.__trace:utils.py:2363 
DEBUG    torch.__trace:utils.py:2363 
DEBUG    torch.__trace:utils.py:2363 
DEBUG    torch.__trace:utils.py:2363 
DEBUG    torch.__trace:utils.py:2363 
DEBUG    torch.__trace:utils.py:2363 
DEBUG    torch.__trace:utils.py:2363 
DEBUG    torch.__trace:utils.py:2363 
DEBUG    torch.__trace:utils.py:2363 
DEBUG    torch.__trace:utils.py:2363 
DEBUG    torch.__trace:utils.py:2363 
DEBUG    torch.__trace:utils.py:2363 
DEBUG    torch.__trace:utils.py:2363 
DEBUG    torch.__trace:utils.py:2363 
DEBUG    torch.__trace:utils.py:2363 
DEBUG    torch.__trace:utils.py:2363 
DEBUG    torch.__trace:utils.py:2363 
DEBUG    torch.__trace:utils.py:2363 
DEBUG    torch.__trace:utils.py:2363 
DEBUG    torch.__trace:utils.py:2363 
DEBUG    torch.__trace:utils.py:2363 
DEBUG    torch.__trace:utils.py:2363 
DEBUG    torch.__trace:utils.py:2363 
DEBUG    torch.__trace:utils.py:2363 
DEBUG    torch.__trace:utils.py:2363 
DEBUG    torch.__trace:utils.py:2363 
DEBUG    torch.__trace:utils.py:2363 
DEBUG    torch.__trace:utils.py:2363 
DEBUG    torch.__trace:utils.py:2363 
DEBUG    torch.__trace:utils.py:2363 
DEBUG    torch.__trace:utils.py:2363 
DEBUG    torch.__trace:utils.py:2363 
DEBUG    torch.__trace:utils.py:2363 
DEBUG    torch.__trace:utils.py:2363 
DEBUG    torch.__trace:utils.py:2363 
DEBUG    torch.__trace:utils.py:2363 
DEBUG    torch.__trace:utils.py:2363 
DEBUG    torch.__trace:utils.py:2363 
DEBUG    torch.__trace:utils.py:2363 
DEBUG    torch.__trace:utils.py:2363 
DEBUG    torch.__trace:utils.py:2363 
DEBUG    torch.__trace:utils.py:2363 
DEBUG    torch.__trace:utils.py:2363 
DEBUG    torch.__trace:utils.py:2363 
DEBUG    torch.__trace:utils.py:2363 
DEBUG    torch.__trace:utils.py:2363 
DEBUG    torch.__trace:utils.py:2363 
DEBUG    torch.__trace:utils.py:2363 
DEBUG    torch.__trace:utils.py:2363 
DEBUG    torch.__trace:utils.py:2363 
DEBUG    torch.__trace:utils.py:2363 
DEBUG    torch.__trace:utils.py:2363 
DEBUG    torch.__trace:utils.py:2363 
DEBUG    torch.__trace:utils.py:2363 
DEBUG    torch.__trace:utils.py:2363 
DEBUG    torch.__trace:utils.py:2363 
DEBUG    torch.__trace:utils.py:2363 
DEBUG    torch.__trace:utils.py:2363 
DEBUG    torch.__trace:utils.py:2363 
DEBUG    torch.__trace:utils.py:2363 
DEBUG    torch.__trace:utils.py:2363 
DEBUG    torch.__trace:utils.py:2363 
DEBUG    torch.__trace:utils.py:2363 
DEBUG    torch.__trace:utils.py:2363 
DEBUG    torch.__trace:utils.py:2363 
DEBUG    torch.__trace:utils.py:2363 
DEBUG    torch.__trace:utils.py:2363 
DEBUG    torch.__trace:utils.py:2363 
DEBUG    torch.__trace:utils.py:2363 
DEBUG    torch.__trace:utils.py:2363 
DEBUG    torch.__trace:utils.py:2363 
DEBUG    torch.__trace:utils.py:2363 
DEBUG    torch.__trace:utils.py:2363 
DEBUG    torch.__trace:utils.py:2363 
DEBUG    torch.__trace:utils.py:2363 
DEBUG    torch.__trace:utils.py:2363 
DEBUG    torch.__trace:utils.py:2363 
DEBUG    torch.__trace:utils.py:2363 
DEBUG    torch.__trace:utils.py:2363 
DEBUG    torch.__trace:utils.py:2363 
DEBUG    torch.__trace:utils.py:2363 
DEBUG    torch.__trace:utils.py:2363 
DEBUG    torch.__trace:utils.py:2363 
DEBUG    torch.__trace:utils.py:2363 
DEBUG    torch.__trace:utils.py:2363 
DEBUG    torch.__trace:utils.py:2363 
DEBUG    torch.__trace:utils.py:2363 
DEBUG    torch.__trace:utils.py:2363 
DEBUG    torch.__trace:utils.py:2363 
DEBUG    torch.__trace:utils.py:2363 
DEBUG    torch.__trace:utils.py:2363 
DEBUG    torch.__trace:utils.py:2363 
DEBUG    torch.__trace:utils.py:2363 
DEBUG    torch.__trace:utils.py:2363 
DEBUG    torch.__trace:utils.py:2363 
DEBUG    torch.__trace:utils.py:2363 
DEBUG    torch.__trace:utils.py:2363 
DEBUG    torch.__trace:utils.py:2363 
DEBUG    torch.__trace:utils.py:2363 
DEBUG    torch.__trace:utils.py:2363 
DEBUG    torch.__trace:utils.py:2363 
DEBUG    torch.__trace:utils.py:2363 
DEBUG    torch.__trace:utils.py:2363 
DEBUG    torch.__trace:utils.py:2363 
DEBUG    torch.__trace:utils.py:2363 
DEBUG    torch.__trace:utils.py:2363 
DEBUG    torch.__trace:utils.py:2363 
DEBUG    torch.__trace:utils.py:2363 
DEBUG    torch.__trace:utils.py:2363 
DEBUG    torch.__trace:utils.py:2363 
DEBUG    torch.__trace:utils.py:2363 
DEBUG    torch.__trace:utils.py:2363 
DEBUG    torch.__trace:utils.py:2363 
DEBUG    torch.__trace:utils.py:2363 
DEBUG    torch.__trace:utils.py:2363 
DEBUG    torch.__trace:utils.py:2363 
DEBUG    torch.__trace:utils.py:2363 
DEBUG    torch.__trace:utils.py:2363 
DEBUG    torch.__trace:utils.py:2363 
DEBUG    torch.__trace:utils.py:2363 
DEBUG    torch.__trace:utils.py:2363 
DEBUG    torch.__trace:utils.py:2363 
DEBUG    torch.__trace:utils.py:2363 
DEBUG    torch.__trace:utils.py:2363 
DEBUG    torch.__trace:utils.py:2363 
DEBUG    torch.__trace:utils.py:2363 
DEBUG    torch.__trace:utils.py:2363 
DEBUG    torch.__trace:utils.py:2363 
DEBUG    torch.__trace:utils.py:2363 
DEBUG    torch.__trace:utils.py:2363 
DEBUG    torch.__trace:utils.py:2363 
DEBUG    torch.__trace:utils.py:2363 
DEBUG    torch.__trace:utils.py:2363 
DEBUG    torch.__trace:utils.py:2363 
DEBUG    torch.__trace:utils.py:2363 
DEBUG    torch.__trace:utils.py:2363 
DEBUG    torch.__trace:utils.py:2363 
DEBUG    torch.__trace:utils.py:2363 
DEBUG    torch.__trace:utils.py:2363 
DEBUG    torch.__trace:utils.py:2363 
DEBUG    torch.__trace:utils.py:2363 
DEBUG    torch.__trace:utils.py:2363 
DEBUG    torch.__trace:utils.py:2363 
DEBUG    torch.__trace:utils.py:2363 
DEBUG    torch.__trace:utils.py:2363 
DEBUG    torch.__trace:utils.py:2363 
DEBUG    torch.__trace:utils.py:2363 
DEBUG    torch.__trace:utils.py:2363 
DEBUG    torch.__trace:utils.py:2363 
DEBUG    torch.__trace:utils.py:2363 
DEBUG    torch.__trace:utils.py:2363 
DEBUG    torch.__trace:utils.py:2363 
DEBUG    torch.__trace:utils.py:2363 
DEBUG    torch.__trace:utils.py:2363 
DEBUG    torch.__trace:utils.py:2363 
DEBUG    torch.__trace:utils.py:2363 
DEBUG    torch.__trace:utils.py:2363 
DEBUG    torch.__trace:utils.py:2363 
DEBUG    torch.__trace:utils.py:2363 
DEBUG    torch.__trace:utils.py:2363 
DEBUG    torch.__trace:utils.py:2363 
DEBUG    torch.__trace:utils.py:2363 
DEBUG    torch.__trace:utils.py:2363 
DEBUG    torch.__trace:utils.py:2363 
DEBUG    torch.__trace:utils.py:2363 
DEBUG    torch.__trace:utils.py:2363 
DEBUG    torch.__trace:utils.py:2363 
DEBUG    torch.__trace:utils.py:2363 
DEBUG    torch.__trace:utils.py:2363 
DEBUG    torch.__trace:utils.py:2363 
DEBUG    torch.__trace:utils.py:2363 
DEBUG    torch.__trace:utils.py:2363 
DEBUG    torch.__trace:utils.py:2363 
DEBUG    torch.__trace:utils.py:2363 
DEBUG    torch.__trace:utils.py:2363 
DEBUG    torch.__trace:utils.py:2363 
DEBUG    torch.__trace:utils.py:2363 
DEBUG    torch.__trace:utils.py:2363 
DEBUG    torch.__trace:utils.py:2363 
DEBUG    torch.__trace:utils.py:2363 
DEBUG    torch.__trace:utils.py:2363 
DEBUG    torch.__trace:utils.py:2363 
DEBUG    torch.__trace:utils.py:2363 
DEBUG    torch.__trace:utils.py:2363 
DEBUG    torch.__trace:utils.py:2363 
DEBUG    torch.__trace:utils.py:2363 
DEBUG    torch.__trace:utils.py:2363 
DEBUG    torch.__trace:utils.py:2363 
DEBUG    torch.__trace:utils.py:2363 
DEBUG    torch.__trace:utils.py:2363 
DEBUG    torch.__trace:utils.py:2363 
DEBUG    torch.__trace:utils.py:2363 
DEBUG    torch.__trace:utils.py:2363 
DEBUG    torch.__trace:utils.py:2363 
DEBUG    torch.__trace:utils.py:2363 
DEBUG    torch.__trace:utils.py:2363 
DEBUG    torch.__trace:utils.py:2363 
DEBUG    torch.__trace:utils.py:2363 
DEBUG    torch.__trace:utils.py:2363 
DEBUG    torch.__trace:utils.py:2363 
DEBUG    torch.__trace:utils.py:2363 
DEBUG    torch.__trace:utils.py:2363 
DEBUG    torch.__trace:utils.py:2363 
DEBUG    torch.__trace:utils.py:2363 
DEBUG    torch.__trace:utils.py:2363 
DEBUG    torch.__trace:utils.py:2363 
DEBUG    torch.__trace:utils.py:2363 
DEBUG    torch.__trace:utils.py:2363 
DEBUG    torch.__trace:utils.py:2363 
DEBUG    torch.__trace:utils.py:2363 
DEBUG    torch.__trace:utils.py:2363 
DEBUG    torch.__trace:utils.py:2363 
DEBUG    torch.__trace:utils.py:2363 
DEBUG    torch.__trace:utils.py:2363 
DEBUG    torch.__trace:utils.py:2363 
DEBUG    torch.__trace:utils.py:2363 
DEBUG    torch.__trace:utils.py:2363 
DEBUG    torch.__trace:utils.py:2363 
DEBUG    torch.__trace:utils.py:2363 
DEBUG    torch.__trace:utils.py:2363 
DEBUG    torch.__trace:utils.py:2363 
DEBUG    torch.__trace:utils.py:2363 
DEBUG    torch.__trace:utils.py:2363 
DEBUG    torch.__trace:utils.py:2363 
DEBUG    torch.__trace:utils.py:2363 
DEBUG    torch.__trace:utils.py:2363 
DEBUG    torch.__trace:utils.py:2363 
DEBUG    torch.__trace:utils.py:2363 
DEBUG    torch.__trace:utils.py:2363 
DEBUG    torch.__trace:utils.py:2363 
DEBUG    torch.__trace:utils.py:2363 
DEBUG    torch.__trace:utils.py:2363 
DEBUG    torch.__trace:utils.py:2363 
DEBUG    torch.__trace:utils.py:2363 
DEBUG    torch.__trace:utils.py:2363 
DEBUG    torch.__trace:utils.py:2363 
DEBUG    torch.__trace:utils.py:2363 
DEBUG    torch.__trace:utils.py:2363 
DEBUG    torch.__trace:utils.py:2363 
DEBUG    torch.__trace:utils.py:2363 
DEBUG    torch.__trace:utils.py:2363 
DEBUG    torch.__trace:utils.py:2363 
DEBUG    torch.__trace:utils.py:2363 
DEBUG    torch.__trace:utils.py:2363 
DEBUG    torch.__trace:utils.py:2363 
DEBUG    torch.__trace:utils.py:2363 
DEBUG    torch.__trace:utils.py:2363 
DEBUG    torch.__trace:utils.py:2363 
DEBUG    torch.__trace:utils.py:2363 
DEBUG    torch.__trace:utils.py:2363 
DEBUG    torch.__trace:utils.py:2363 
DEBUG    torch.__trace:utils.py:2363 
DEBUG    torch.__trace:utils.py:2363 
DEBUG    torch.__trace:utils.py:2363 
DEBUG    torch.__trace:utils.py:2363 
DEBUG    torch.__trace:utils.py:2363 
DEBUG    torch.__trace:utils.py:2363 
DEBUG    torch.__trace:utils.py:2363 
DEBUG    torch.__trace:utils.py:2363 
DEBUG    torch.__trace:utils.py:2363 
DEBUG    torch.__trace:utils.py:2363 
DEBUG    torch.__trace:utils.py:2363 
DEBUG    torch.__trace:utils.py:2363 
DEBUG    torch.__trace:utils.py:2363 
DEBUG    torch.__trace:utils.py:2363 
DEBUG    torch.__trace:utils.py:2363 
DEBUG    torch.__trace:utils.py:2363 
DEBUG    torch.__trace:utils.py:2363 
DEBUG    torch.__trace:utils.py:2363 
DEBUG    torch.__trace:utils.py:2363 
DEBUG    torch.__trace:utils.py:2363 
DEBUG    torch.__trace:utils.py:2363 
DEBUG    torch.__trace:utils.py:2363 
DEBUG    torch.__trace:utils.py:2363 
DEBUG    torch.__trace:utils.py:2363 
DEBUG    torch.__trace:utils.py:2363 
DEBUG    torch.__trace:utils.py:2363 
DEBUG    torch.__trace:utils.py:2363 
DEBUG    torch.__trace:utils.py:2363 
DEBUG    torch.__trace:utils.py:2363 
DEBUG    torch.__trace:utils.py:2363 
DEBUG    torch.__trace:utils.py:2363 
DEBUG    torch.__trace:utils.py:2363 
DEBUG    torch.__trace:utils.py:2363 
DEBUG    torch.__trace:utils.py:2363 
DEBUG    torch.__trace:utils.py:2363 
DEBUG    torch.__trace:utils.py:2363 
DEBUG    torch.__trace:utils.py:2363 
DEBUG    torch.__trace:utils.py:2363 
DEBUG    torch.__trace:utils.py:2363 
DEBUG    torch.__trace:utils.py:2363 
DEBUG    torch.__trace:utils.py:2363 
DEBUG    torch.__trace:utils.py:2363 
DEBUG    torch.__trace:utils.py:2363 
DEBUG    torch.__trace:utils.py:2363 
DEBUG    torch.__trace:utils.py:2363 
DEBUG    torch.__trace:utils.py:2363 
DEBUG    torch.__trace:utils.py:2363 
DEBUG    torch.__trace:utils.py:2363 
DEBUG    torch.__trace:utils.py:2363 
DEBUG    torch.__trace:utils.py:2363 
DEBUG    torch.__trace:utils.py:2363 
DEBUG    torch.__trace:utils.py:2363 
DEBUG    torch.__trace:utils.py:2363 
DEBUG    torch.__trace:utils.py:2363 
DEBUG    torch.__trace:utils.py:2363 
DEBUG    torch.__trace:utils.py:2363 
DEBUG    torch.__trace:utils.py:2363 
DEBUG    torch.__trace:utils.py:2363 
DEBUG    torch.__trace:utils.py:2363 
DEBUG    torch.__trace:utils.py:2363 
DEBUG    torch.__trace:utils.py:2363 
DEBUG    torch.__trace:utils.py:2363 
DEBUG    torch.__trace:utils.py:2363 
DEBUG    torch.__trace:utils.py:2363 
DEBUG    torch.__trace:utils.py:2363 
DEBUG    torch.__trace:utils.py:2363 
DEBUG    torch.__trace:utils.py:2363 
DEBUG    torch.__trace:utils.py:2363 
DEBUG    torch.__trace:utils.py:2363 
DEBUG    torch.__trace:utils.py:2363 
DEBUG    torch.__trace:utils.py:2363 
DEBUG    torch.__trace:utils.py:2363 
DEBUG    torch.__trace:utils.py:2363 
DEBUG    torch.__trace:utils.py:2363 
DEBUG    torch.__trace:utils.py:2363 
DEBUG    torch.__trace:utils.py:2363 
DEBUG    torch.__trace:utils.py:2363 
DEBUG    torch.__trace:utils.py:2363 
DEBUG    torch.__trace:utils.py:2363 
DEBUG    torch.__trace:utils.py:2363 
DEBUG    torch.__trace:utils.py:2363 
DEBUG    torch.__trace:utils.py:2363 
DEBUG    torch.__trace:utils.py:2363 
DEBUG    torch.__trace:utils.py:2363 
DEBUG    torch.__trace:utils.py:2363 
DEBUG    torch.__trace:utils.py:2363 
DEBUG    torch.__trace:utils.py:2363 
DEBUG    torch.__trace:utils.py:2363 
DEBUG    torch.__trace:utils.py:2363 
DEBUG    torch.__trace:utils.py:2363 
DEBUG    torch.__trace:utils.py:2363 
DEBUG    torch.__trace:utils.py:2363 
DEBUG    torch.__trace:utils.py:2363 
DEBUG    torch.__trace:utils.py:2363 
DEBUG    torch.__trace:utils.py:2363 
DEBUG    torch.__trace:utils.py:2363 
DEBUG    torch.__trace:utils.py:2363 
DEBUG    torch.__trace:utils.py:2363 
DEBUG    torch.__trace:utils.py:2363 
DEBUG    torch.__trace:utils.py:2363 
DEBUG    torch.__trace:utils.py:2363 
DEBUG    torch.__trace:utils.py:2363 
DEBUG    torch.__trace:utils.py:2363 
DEBUG    torch.__trace:utils.py:2363 
DEBUG    torch.__trace:utils.py:2363 
DEBUG    torch.__trace:utils.py:2363 
DEBUG    torch.__trace:utils.py:2363 
DEBUG    torch.__trace:utils.py:2363 
DEBUG    torch.__trace:utils.py:2363 
DEBUG    torch.__trace:utils.py:2363 
DEBUG    torch.__trace:utils.py:2363 
DEBUG    torch.__trace:utils.py:2363 
DEBUG    torch.__trace:utils.py:2363 
DEBUG    torch.__trace:utils.py:2363 
DEBUG    torch.__trace:utils.py:2363 
DEBUG    torch.__trace:utils.py:2363 
DEBUG    torch.__trace:utils.py:2363 
DEBUG    torch.__trace:utils.py:2363 
DEBUG    torch.__trace:utils.py:2363 
DEBUG    torch.__trace:utils.py:2363 
DEBUG    torch.__trace:utils.py:2363 
DEBUG    torch.__trace:utils.py:2363 
DEBUG    torch.__trace:utils.py:2363 
DEBUG    torch.__trace:utils.py:2363 
DEBUG    torch.__trace:utils.py:2363 
DEBUG    torch.__trace:utils.py:2363 
DEBUG    torch.__trace:utils.py:2363 
DEBUG    torch.__trace:utils.py:2363 
DEBUG    torch.__trace:utils.py:2363 
DEBUG    torch.__trace:utils.py:2363 
DEBUG    torch.__trace:utils.py:2363 
DEBUG    torch.__trace:utils.py:2363 
DEBUG    torch.__trace:utils.py:2363 
DEBUG    torch.__trace:utils.py:2363 
DEBUG    torch.__trace:utils.py:2363 
DEBUG    torch.__trace:utils.py:2363 
DEBUG    torch.__trace:utils.py:2363 
DEBUG    torch.__trace:utils.py:2363 
DEBUG    torch.__trace:utils.py:2363 
DEBUG    torch.__trace:utils.py:2363 
DEBUG    torch.__trace:utils.py:2363 
DEBUG    torch.__trace:utils.py:2363 
DEBUG    torch.__trace:utils.py:2363 
DEBUG    torch.__trace:utils.py:2363 
DEBUG    torch.__trace:utils.py:2363 
DEBUG    torch.__trace:utils.py:2363 
DEBUG    torch.__trace:utils.py:2363 
DEBUG    torch.__trace:utils.py:2363 
DEBUG    torch.__trace:utils.py:2363 
DEBUG    torch.__trace:utils.py:2363 
DEBUG    torch.__trace:utils.py:2363 
DEBUG    torch.__trace:utils.py:2363 
DEBUG    torch.__trace:utils.py:2363 
DEBUG    torch.__trace:utils.py:2363 
DEBUG    torch.__trace:utils.py:2363 
DEBUG    torch.__trace:utils.py:2363 
DEBUG    torch.__trace:utils.py:2363 
DEBUG    torch.__trace:utils.py:2363 
DEBUG    torch.__trace:utils.py:2363 
DEBUG    torch.__trace:utils.py:2363 
DEBUG    torch.__trace:utils.py:2363 
DEBUG    torch.__trace:utils.py:2363 
DEBUG    torch.__trace:utils.py:2363 
DEBUG    torch.__trace:utils.py:2363 
DEBUG    torch.__trace:utils.py:2363 
DEBUG    torch.__trace:utils.py:2363 
DEBUG    torch.__trace:utils.py:2363 
DEBUG    torch.__trace:utils.py:2363 
DEBUG    torch.__trace:utils.py:2363 
DEBUG    torch.__trace:utils.py:2363 
DEBUG    torch.__trace:utils.py:2363 
DEBUG    torch.__trace:utils.py:2363 
DEBUG    torch.__trace:utils.py:2363 
DEBUG    torch.__trace:utils.py:2363 
DEBUG    torch.__trace:utils.py:2363 
DEBUG    torch.__trace:utils.py:2363 
DEBUG    torch.__trace:utils.py:2363 
DEBUG    torch.__trace:utils.py:2363 
DEBUG    torch.__trace:utils.py:2363 
DEBUG    torch.__trace:utils.py:2363 
DEBUG    torch.__trace:utils.py:2363 
DEBUG    torch.__trace:utils.py:2363 
DEBUG    torch.__trace:utils.py:2363 
DEBUG    torch.__trace:utils.py:2363 
DEBUG    torch.__trace:utils.py:2363 
DEBUG    torch.__trace:utils.py:2363 
DEBUG    torch.__trace:utils.py:2363 
DEBUG    torch.__trace:utils.py:2363 
DEBUG    torch.__trace:utils.py:2363 
DEBUG    torch.__trace:utils.py:2363 
DEBUG    torch.__trace:utils.py:2363 
DEBUG    torch.__trace:utils.py:2363 
DEBUG    torch.__trace:utils.py:2363 
DEBUG    torch.__trace:utils.py:2363 
DEBUG    torch.__trace:utils.py:2363 
DEBUG    torch.__trace:utils.py:2363 
DEBUG    torch.__trace:utils.py:2363 
DEBUG    torch.__trace:utils.py:2363 
DEBUG    torch.__trace:utils.py:2363 
DEBUG    torch.__trace:utils.py:2363 
DEBUG    torch.__trace:utils.py:2363 
DEBUG    torch.__trace:utils.py:2363 
DEBUG    torch.__trace:compile_fx.py:2676 
DEBUG    torch.__trace:utils.py:2363 
DEBUG    torch.__trace:utils.py:2363 
DEBUG    torch.__trace:compile_fx.py:1450 
DEBUG    torch.__trace:utils.py:2363 
DEBUG    torch.__trace:utils.py:2363 
DEBUG    torch.__trace:compile_fx.py:1502 
DEBUG    torch.__trace:utils.py:2363 
DEBUG    torch.__trace:utils.py:2363 
DEBUG    torch.__trace:utils.py:2363 
DEBUG    torch.__trace:utils.py:2363 
DEBUG    torch.__trace:utils.py:2363 
DEBUG    torch.__trace:utils.py:2363 
DEBUG    torch.__trace:utils.py:2363 
DEBUG    torch.__trace:utils.py:2363 
DEBUG    torch.__trace:utils.py:2363 
DEBUG    torch.__trace:utils.py:2363 
DEBUG    torch.__trace:utils.py:2363 
DEBUG    torch.__trace:utils.py:2363 
DEBUG    torch.__trace:utils.py:2363 
DEBUG    torch.__trace:utils.py:2363 
DEBUG    torch.__trace:utils.py:2363 
DEBUG    torch.__trace:utils.py:2363 
DEBUG    torch.__trace:utils.py:2363 
DEBUG    torch.__trace:utils.py:2363 
DEBUG    torch.__trace:utils.py:2363 
DEBUG    torch.__trace:utils.py:2363 
DEBUG    torch.__trace:utils.py:2363 
DEBUG    torch.__trace:utils.py:2363 
DEBUG    torch.__trace:utils.py:2363 
DEBUG    torch.__trace:utils.py:2363 
DEBUG    torch.__trace:utils.py:2363 
DEBUG    torch.__trace:utils.py:2363 
DEBUG    torch.__trace:utils.py:2363 
DEBUG    torch.__trace:utils.py:2363 
DEBUG    torch.__trace:utils.py:2363 
DEBUG    torch.__trace:utils.py:2363 
DEBUG    torch.__trace:utils.py:2363 
DEBUG    torch.__trace:utils.py:2363 
DEBUG    torch.__trace:utils.py:2363 
DEBUG    torch.__trace:utils.py:2363 
DEBUG    torch.__trace:utils.py:2363 
DEBUG    torch.__trace:utils.py:2363 
DEBUG    torch.__trace:utils.py:2363 
DEBUG    torch.__trace:utils.py:2363 
DEBUG    torch.__trace:utils.py:2363 
DEBUG    torch.__trace:utils.py:2363 
DEBUG    torch.__trace:utils.py:2363 
DEBUG    torch.__trace:utils.py:2363 
DEBUG    torch.__trace:utils.py:2363 
DEBUG    torch.__trace:utils.py:2363 
DEBUG    torch.__trace:utils.py:2363 
DEBUG    torch.__trace:utils.py:2363 
DEBUG    torch.__trace:utils.py:2363 
DEBUG    torch.__trace:utils.py:2363 
DEBUG    torch.__trace:utils.py:2363 
DEBUG    torch.__trace:utils.py:2363 
DEBUG    torch.__trace:utils.py:2363 
DEBUG    torch.__trace:utils.py:2363 
DEBUG    torch.__trace:utils.py:2363 
DEBUG    torch.__trace:utils.py:2363 
DEBUG    torch.__trace:utils.py:2363 
DEBUG    torch.__trace:utils.py:2363 
DEBUG    torch.__trace:utils.py:2363 
DEBUG    torch.__trace:utils.py:2363 
DEBUG    torch.__trace:utils.py:2363 
DEBUG    torch.__trace:utils.py:2363 
DEBUG    torch.__trace:utils.py:2363 
DEBUG    torch.__trace:utils.py:2363 
DEBUG    torch.__trace:utils.py:2363 
DEBUG    torch.__trace:utils.py:2363 
DEBUG    torch.__trace:utils.py:2363 
DEBUG    torch.__trace:utils.py:2363 
DEBUG    torch.__trace:utils.py:2363 
DEBUG    torch.__trace:utils.py:2363 
DEBUG    torch.__trace:utils.py:2363 
DEBUG    torch.__trace:utils.py:2363 
DEBUG    torch.__trace:utils.py:2363 
DEBUG    torch.__trace:utils.py:2363 
DEBUG    torch.__trace:utils.py:2363 
DEBUG    torch.__trace:utils.py:2363 
DEBUG    torch.__trace:utils.py:2363 
DEBUG    torch.__trace:utils.py:2363 
DEBUG    torch.__trace:utils.py:2363 
DEBUG    torch.__trace:utils.py:2363 
DEBUG    torch.__trace:utils.py:2363 
DEBUG    torch.__trace:utils.py:2363 
DEBUG    torch.__trace:utils.py:2363 
DEBUG    torch.__trace:utils.py:2363 
DEBUG    torch.__trace:utils.py:2363 
DEBUG    torch.__trace:utils.py:2363 
DEBUG    torch.__trace:utils.py:2363 
DEBUG    torch.__trace:utils.py:2363 
DEBUG    torch.__trace:utils.py:2363 
DEBUG    torch.__trace:utils.py:2363 
DEBUG    torch.__trace:utils.py:2363 
DEBUG    torch.__trace:utils.py:2363 
DEBUG    torch.__trace:utils.py:2363 
DEBUG    torch.__trace:utils.py:2363 
DEBUG    torch.__trace:utils.py:2363 
DEBUG    torch.__trace:utils.py:2363 
DEBUG    torch.__trace:utils.py:2363 
DEBUG    torch.__trace:utils.py:2363 
DEBUG    torch.__trace:utils.py:2363 
DEBUG    torch.__trace:utils.py:2363 
DEBUG    torch.__trace:utils.py:2363 
DEBUG    torch.__trace:utils.py:2363 
DEBUG    torch.__trace:utils.py:2363 
DEBUG    torch.__trace:utils.py:2363 
DEBUG    torch.__trace:utils.py:2363 
DEBUG    torch.__trace:utils.py:2363 
DEBUG    torch.__trace:utils.py:2363 
DEBUG    torch.__trace:utils.py:2363 
DEBUG    torch.__trace:utils.py:2363 
DEBUG    torch.__trace:utils.py:2363 
DEBUG    torch.__trace:utils.py:2363 
DEBUG    torch.__trace:utils.py:2363 
DEBUG    torch.__trace:utils.py:2363 
DEBUG    torch.__trace:utils.py:2363 
DEBUG    torch.__trace:utils.py:2363 
DEBUG    torch.__trace:utils.py:2363 
DEBUG    torch.__trace:utils.py:2363 
DEBUG    torch.__trace:utils.py:2363 
DEBUG    torch.__trace:utils.py:2363 
DEBUG    torch.__trace:utils.py:2363 
DEBUG    torch.__trace:utils.py:2363 
DEBUG    torch.__trace:utils.py:2363 
DEBUG    torch.__trace:utils.py:2363 
DEBUG    torch.__trace:utils.py:2363 
DEBUG    torch.__trace:utils.py:2363 
DEBUG    torch.__trace:utils.py:2363 
DEBUG    torch.__trace:utils.py:2363 
DEBUG    torch.__trace:utils.py:2363 
DEBUG    torch.__trace:utils.py:2363 
DEBUG    torch.__trace:utils.py:2363 
DEBUG    torch.__trace:utils.py:2363 
DEBUG    torch.__trace:utils.py:2363 
DEBUG    torch.__trace:utils.py:2363 
DEBUG    torch.__trace:utils.py:2363 
DEBUG    torch.__trace:utils.py:2363 
DEBUG    torch.__trace:utils.py:2363 
DEBUG    torch.__trace:utils.py:2363 
DEBUG    torch.__trace:utils.py:2363 
DEBUG    torch.__trace:utils.py:2363 
DEBUG    torch.__trace:utils.py:2363 
DEBUG    torch.__trace:utils.py:2363 
DEBUG    torch.__trace:utils.py:2363 
DEBUG    torch.__trace:utils.py:2363 
DEBUG    torch.__trace:utils.py:2363 
DEBUG    torch.__trace:utils.py:2363 
DEBUG    torch.__trace:utils.py:2363 
DEBUG    torch.__trace:utils.py:2363 
DEBUG    torch.__trace:utils.py:2363 
DEBUG    torch.__trace:utils.py:2363 
DEBUG    torch.__trace:utils.py:2363 
DEBUG    torch.__trace:utils.py:2363 
DEBUG    torch.__trace:utils.py:2363 
DEBUG    torch.__trace:utils.py:2363 
DEBUG    torch.__trace:utils.py:2363 
DEBUG    torch.__trace:utils.py:2363 
DEBUG    torch.__trace:utils.py:2363 
DEBUG    torch.__trace:utils.py:2363 
DEBUG    torch.__trace:utils.py:2363 
DEBUG    torch.__trace:utils.py:2363 
DEBUG    torch.__trace:utils.py:2363 
DEBUG    torch.__trace:utils.py:2363 
DEBUG    torch.__trace:utils.py:2363 
DEBUG    torch.__trace:utils.py:2363 
DEBUG    torch.__trace:utils.py:2363 
DEBUG    torch.__trace:utils.py:2363 
DEBUG    torch.__trace:utils.py:2363 
DEBUG    torch.__trace:utils.py:2363 
DEBUG    torch.__trace:utils.py:2363 
DEBUG    torch.__trace:utils.py:2363 
DEBUG    torch.__trace:utils.py:2363 
DEBUG    torch.__trace:utils.py:2363 
DEBUG    torch.__trace:utils.py:2363 
DEBUG    torch.__trace:utils.py:2363 
DEBUG    torch.__trace:utils.py:2363 
DEBUG    torch.__trace:utils.py:2363 
DEBUG    torch.__trace:utils.py:2363 
DEBUG    torch.__trace:utils.py:2363 
DEBUG    torch.__trace:utils.py:2363 
DEBUG    torch.__trace:utils.py:2363 
DEBUG    torch.__trace:utils.py:2363 
DEBUG    torch.__trace:utils.py:2363 
DEBUG    torch.__trace:utils.py:2363 
DEBUG    torch.__trace:utils.py:2363 
DEBUG    torch.__trace:utils.py:2363 
DEBUG    torch.__trace:utils.py:2363 
DEBUG    torch.__trace:utils.py:2363 
DEBUG    torch.__trace:utils.py:2363 
DEBUG    torch.__trace:utils.py:2363 
DEBUG    torch.__trace:utils.py:2363 
DEBUG    torch.__trace:utils.py:2363 
DEBUG    torch.__trace:utils.py:2363 
DEBUG    torch.__trace:utils.py:2363 
DEBUG    torch.__trace:utils.py:2363 
DEBUG    torch.__trace:utils.py:2363 
DEBUG    torch.__trace:utils.py:2363 
DEBUG    torch.__trace:utils.py:2363 
DEBUG    torch.__trace:utils.py:2363 
DEBUG    torch.__trace:utils.py:2363 
DEBUG    torch.__trace:utils.py:2363 
DEBUG    torch.__trace:utils.py:2363 
DEBUG    torch.__trace:utils.py:2363 
DEBUG    torch.__trace:utils.py:2363 
DEBUG    torch.__trace:utils.py:2363 
DEBUG    torch.__trace:utils.py:2363 
DEBUG    torch.__trace:utils.py:2363 
DEBUG    torch.__trace:utils.py:2363 
DEBUG    torch.__trace:utils.py:2363 
DEBUG    torch.__trace:utils.py:2363 
DEBUG    torch.__trace:utils.py:2363 
DEBUG    torch.__trace:utils.py:2363 
DEBUG    torch.__trace:utils.py:2363 
DEBUG    torch.__trace:utils.py:2363 
DEBUG    torch.__trace:utils.py:2363 
DEBUG    torch.__trace:utils.py:2363 
DEBUG    torch.__trace:utils.py:2363 
DEBUG    torch.__trace:utils.py:2363 
DEBUG    torch.__trace:utils.py:2363 
DEBUG    torch.__trace:utils.py:2363 
DEBUG    torch.__trace:utils.py:2363 
DEBUG    torch.__trace:utils.py:2363 
DEBUG    torch.__trace:utils.py:2363 
DEBUG    torch.__trace:utils.py:2363 
DEBUG    torch.__trace:utils.py:2363 
DEBUG    torch.__trace:utils.py:2363 
DEBUG    torch.__trace:utils.py:2363 
DEBUG    torch.__trace:utils.py:2363 
DEBUG    torch.__trace:utils.py:2363 
DEBUG    torch.__trace:utils.py:2363 
DEBUG    torch.__trace:utils.py:2363 
DEBUG    torch.__trace:utils.py:2363 
DEBUG    torch.__trace:utils.py:2363 
DEBUG    torch.__trace:utils.py:2363 
DEBUG    torch.__trace:utils.py:2363 
DEBUG    torch.__trace:utils.py:2363 
DEBUG    torch.__trace:utils.py:2363 
DEBUG    torch.__trace:utils.py:2363 
DEBUG    torch.__trace:utils.py:2363 
DEBUG    torch.__trace:utils.py:2363 
DEBUG    torch.__trace:utils.py:2363 
DEBUG    torch.__trace:utils.py:2363 
DEBUG    torch.__trace:utils.py:2363 
DEBUG    torch.__trace:utils.py:2363 
DEBUG    torch.__trace:utils.py:2363 
DEBUG    torch.__trace:utils.py:2363 
DEBUG    torch.__trace:utils.py:2363 
DEBUG    torch.__trace:utils.py:2363 
DEBUG    torch.__trace:utils.py:2363 
DEBUG    torch.__trace:utils.py:2363 
DEBUG    torch.__trace:utils.py:2363 
DEBUG    torch.__trace:utils.py:2363 
DEBUG    torch.__trace:utils.py:2363 
DEBUG    torch.__trace:utils.py:2363 
DEBUG    torch.__trace:utils.py:2363 
DEBUG    torch.__trace:utils.py:2363 
DEBUG    torch.__trace:utils.py:2363 
DEBUG    torch.__trace:utils.py:2363 
DEBUG    torch.__trace:utils.py:2363 
DEBUG    torch.__trace:utils.py:2363 
DEBUG    torch.__trace:utils.py:2363 
DEBUG    torch.__trace:utils.py:2363 
DEBUG    torch.__trace:utils.py:2363 
DEBUG    torch.__trace:utils.py:2363 
DEBUG    torch.__trace:utils.py:2363 
DEBUG    torch.__trace:utils.py:2363 
DEBUG    torch.__trace:utils.py:2363 
DEBUG    torch.__trace:utils.py:2363 
DEBUG    torch.__trace:utils.py:2363 
DEBUG    torch.__trace:utils.py:2363 
DEBUG    torch.__trace:utils.py:2363 
DEBUG    torch.__trace:utils.py:2363 
DEBUG    torch.__trace:utils.py:2363 
DEBUG    torch.__trace:utils.py:2363 
DEBUG    torch.__trace:utils.py:2363 
DEBUG    torch.__trace:utils.py:2363 
DEBUG    torch.__trace:utils.py:2363 
DEBUG    torch.__trace:utils.py:2363 
DEBUG    torch.__trace:utils.py:2363 
DEBUG    torch.__trace:utils.py:2363 
DEBUG    torch.__trace:utils.py:2363 
DEBUG    torch.__trace:utils.py:2363 
DEBUG    torch.__trace:utils.py:2363 
DEBUG    torch.__trace:utils.py:2363 
DEBUG    torch.__trace:utils.py:2363 
DEBUG    torch.__trace:utils.py:2363 
DEBUG    torch.__trace:utils.py:2363 
DEBUG    torch.__trace:utils.py:2363 
DEBUG    torch.__trace:utils.py:2363 
DEBUG    torch.__trace:utils.py:2363 
DEBUG    torch.__trace:utils.py:2363 
DEBUG    torch.__trace:utils.py:2363 
DEBUG    torch.__trace:utils.py:2363 
DEBUG    torch.__trace:utils.py:2363 
DEBUG    torch.__trace:utils.py:2363 
DEBUG    torch.__trace:utils.py:2363 
DEBUG    torch.__trace:utils.py:2363 
DEBUG    torch.__trace:utils.py:2363 
DEBUG    torch.__trace:utils.py:2363 
DEBUG    torch.__trace:utils.py:2363 
DEBUG    torch.__trace:utils.py:2363 
DEBUG    torch.__trace:utils.py:2363 
DEBUG    torch.__trace:utils.py:2363 
DEBUG    torch.__trace:utils.py:2363 
DEBUG    torch.__trace:utils.py:2363 
DEBUG    torch.__trace:utils.py:2363 
DEBUG    torch.__trace:utils.py:2363 
DEBUG    torch.__trace:utils.py:2363 
DEBUG    torch.__trace:utils.py:2363 
DEBUG    torch.__trace:utils.py:2363 
DEBUG    torch.__trace:utils.py:2363 
DEBUG    torch.__trace:utils.py:2363 
DEBUG    torch.__trace:utils.py:2363 
DEBUG    torch.__trace:utils.py:2363 
DEBUG    torch.__trace:utils.py:2363 
DEBUG    torch.__trace:utils.py:2363 
DEBUG    torch.__trace:utils.py:2363 
DEBUG    torch.__trace:utils.py:2363 
DEBUG    torch.__trace:utils.py:2363 
DEBUG    torch.__trace:utils.py:2363 
DEBUG    torch.__trace:utils.py:2363 
DEBUG    torch.__trace:utils.py:2363 
DEBUG    torch.__trace:utils.py:2363 
DEBUG    torch.__trace:utils.py:2363 
DEBUG    torch.__trace:utils.py:2363 
DEBUG    torch.__trace:utils.py:2363 
DEBUG    torch.__trace:utils.py:2363 
DEBUG    torch.__trace:utils.py:2363 
DEBUG    torch.__trace:utils.py:2363 
DEBUG    torch.__trace:utils.py:2363 
DEBUG    torch.__trace:utils.py:2363 
DEBUG    torch.__trace:utils.py:2363 
DEBUG    torch.__trace:utils.py:2363 
DEBUG    torch.__trace:utils.py:2363 
DEBUG    torch.__trace:utils.py:2363 
DEBUG    torch.__trace:utils.py:2363 
DEBUG    torch.__trace:utils.py:2363 
DEBUG    torch.__trace:utils.py:2363 
DEBUG    torch.__trace:utils.py:2363 
DEBUG    torch.__trace:utils.py:2363 
DEBUG    torch.__trace:utils.py:2363 
DEBUG    torch.__trace:utils.py:2363 
DEBUG    torch.__trace:utils.py:2363 
DEBUG    torch.__trace:utils.py:2363 
DEBUG    torch.__trace:utils.py:2363 
DEBUG    torch.__trace:utils.py:2363 
DEBUG    torch.__trace:utils.py:2363 
DEBUG    torch.__trace:utils.py:2363 
DEBUG    torch.__trace:utils.py:2363 
DEBUG    torch.__trace:utils.py:2363 
DEBUG    torch.__trace:utils.py:2363 
DEBUG    torch.__trace:utils.py:2363 
DEBUG    torch.__trace:utils.py:2363 
DEBUG    torch.__trace:utils.py:2363 
DEBUG    torch.__trace:utils.py:2363 
DEBUG    torch.__trace:utils.py:2363 
DEBUG    torch.__trace:utils.py:2363 
DEBUG    torch.__trace:utils.py:2363 
DEBUG    torch.__trace:utils.py:2363 
DEBUG    torch.__trace:utils.py:2363 
DEBUG    torch.__trace:utils.py:2363 
DEBUG    torch.__trace:utils.py:2363 
DEBUG    torch.__trace:utils.py:2363 
DEBUG    torch.__trace:utils.py:2363 
DEBUG    torch.__trace:utils.py:2363 
DEBUG    torch.__trace:utils.py:2363 
DEBUG    torch.__trace:utils.py:2363 
DEBUG    torch.__trace:utils.py:2363 
DEBUG    torch.__trace:utils.py:2363 
DEBUG    torch.__trace:utils.py:2363 
DEBUG    torch.__trace:utils.py:2363 
DEBUG    torch.__trace:utils.py:2363 
DEBUG    torch.__trace:utils.py:2363 
DEBUG    torch.__trace:utils.py:2363 
DEBUG    torch.__trace:utils.py:2363 
DEBUG    torch.__trace:utils.py:2363 
DEBUG    torch.__trace:utils.py:2363 
DEBUG    torch.__trace:utils.py:2363 
DEBUG    torch.__trace:utils.py:2363 
DEBUG    torch.__trace:utils.py:2363 
DEBUG    torch.__trace:utils.py:2363 
DEBUG    torch.__trace:utils.py:2363 
DEBUG    torch.__trace:utils.py:2363 
DEBUG    torch.__trace:utils.py:2363 
DEBUG    torch.__trace:utils.py:2363 
DEBUG    torch.__trace:utils.py:2363 
DEBUG    torch.__trace:utils.py:2363 
DEBUG    torch.__trace:utils.py:2363 
DEBUG    torch.__trace:utils.py:2363 
DEBUG    torch.__trace:utils.py:2363 
DEBUG    torch.__trace:utils.py:2363 
DEBUG    torch.__trace:utils.py:2363 
DEBUG    torch.__trace:utils.py:2363 
DEBUG    torch.__trace:utils.py:2363 
DEBUG    torch.__trace:utils.py:2363 
DEBUG    torch.__trace:utils.py:2363 
DEBUG    torch.__trace:utils.py:2363 
DEBUG    torch.__trace:utils.py:2363 
DEBUG    torch.__trace:utils.py:2363 
DEBUG    torch.__trace:utils.py:2363 
DEBUG    torch.__trace:utils.py:2363 
DEBUG    torch.__trace:utils.py:2363 
DEBUG    torch.__trace:utils.py:2363 
DEBUG    torch.__trace:utils.py:2363 
DEBUG    torch.__trace:utils.py:2363 
DEBUG    torch.__trace:utils.py:2363 
DEBUG    torch.__trace:utils.py:2363 
DEBUG    torch.__trace:utils.py:2363 
DEBUG    torch.__trace:utils.py:2363 
DEBUG    torch.__trace:utils.py:2363 
DEBUG    torch.__trace:utils.py:2363 
DEBUG    torch.__trace:utils.py:2363 
DEBUG    torch.__trace:utils.py:2363 
DEBUG    torch.__trace:utils.py:2363 
DEBUG    torch.__trace:utils.py:2363 
DEBUG    torch.__trace:utils.py:2363 
DEBUG    torch.__trace:utils.py:2363 
DEBUG    torch.__trace:utils.py:2363 
DEBUG    torch.__trace:utils.py:2363 
DEBUG    torch.__trace:utils.py:2363 
DEBUG    torch.__trace:utils.py:2363 
DEBUG    torch.__trace:utils.py:2363 
DEBUG    torch.__trace:utils.py:2363 
DEBUG    torch.__trace:utils.py:2363 
DEBUG    torch.__trace:utils.py:2363 
DEBUG    torch.__trace:utils.py:2363 
DEBUG    torch.__trace:utils.py:2363 
DEBUG    torch.__trace:utils.py:2363 
DEBUG    torch.__trace:utils.py:2363 
DEBUG    torch.__trace:utils.py:2363 
DEBUG    torch.__trace:utils.py:2363 
DEBUG    torch.__trace:utils.py:2363 
DEBUG    torch.__trace:utils.py:2363 
DEBUG    torch.__trace:utils.py:2363 
DEBUG    torch.__trace:utils.py:2363 
DEBUG    torch.__trace:utils.py:2363 
DEBUG    torch.__trace:utils.py:2363 
DEBUG    torch.__trace:utils.py:2363 
DEBUG    torch.__trace:utils.py:2363 
DEBUG    torch.__trace:utils.py:2363 
DEBUG    torch.__trace:utils.py:2363 
DEBUG    torch.__trace:utils.py:2363 
DEBUG    torch.__trace:utils.py:2363 
DEBUG    torch.__trace:utils.py:2363 
DEBUG    torch.__trace:utils.py:2363 
DEBUG    torch.__trace:utils.py:2363 
DEBUG    torch.__trace:utils.py:2363 
DEBUG    torch.__trace:utils.py:2363 
DEBUG    torch.__trace:utils.py:2363 
DEBUG    torch.__trace:utils.py:2363 
DEBUG    torch.__trace:utils.py:2363 
DEBUG    torch.__trace:utils.py:2363 
DEBUG    torch.__trace:utils.py:2363 
DEBUG    torch.__trace:utils.py:2363 
DEBUG    torch.__trace:utils.py:2363 
DEBUG    torch.__trace:utils.py:2363 
DEBUG    torch.__trace:utils.py:2363 
DEBUG    torch.__trace:utils.py:2363 
DEBUG    torch.__trace:utils.py:2363 
DEBUG    torch.__trace:utils.py:2363 
DEBUG    torch.__trace:utils.py:2363 
DEBUG    torch.__trace:utils.py:2363 
DEBUG    torch.__trace:utils.py:2363 
DEBUG    torch.__trace:utils.py:2363 
DEBUG    torch.__trace:utils.py:2363 
DEBUG    torch.__trace:utils.py:2363 
DEBUG    torch.__trace:utils.py:2363 
DEBUG    torch.__trace:utils.py:2363 
DEBUG    torch.__trace:utils.py:2363 
DEBUG    torch.__trace:utils.py:2363 
DEBUG    torch.__trace:utils.py:2363 
DEBUG    torch.__trace:utils.py:2363 
DEBUG    torch.__trace:utils.py:2363 
DEBUG    torch.__trace:utils.py:2363 
DEBUG    torch.__trace:utils.py:2363 
DEBUG    torch.__trace:utils.py:2363 
DEBUG    torch.__trace:utils.py:2363 
DEBUG    torch.__trace:utils.py:2363 
DEBUG    torch.__trace:utils.py:2363 
DEBUG    torch.__trace:utils.py:2363 
DEBUG    torch.__trace:utils.py:2363 
DEBUG    torch.__trace:utils.py:2363 
DEBUG    torch.__trace:utils.py:2363 
DEBUG    torch.__trace:utils.py:2363 
DEBUG    torch.__trace:utils.py:2363 
DEBUG    torch.__trace:utils.py:2363 
DEBUG    torch.__trace:utils.py:2363 
DEBUG    torch.__trace:utils.py:2363 
DEBUG    torch.__trace:utils.py:2363 
DEBUG    torch.__trace:utils.py:2363 
DEBUG    torch.__trace:utils.py:2363 
DEBUG    torch.__trace:utils.py:2363 
DEBUG    torch.__trace:utils.py:2363 
DEBUG    torch.__trace:utils.py:2363 
DEBUG    torch.__trace:utils.py:2363 
DEBUG    torch.__trace:utils.py:2363 
DEBUG    torch.__trace:utils.py:2363 
DEBUG    torch.__trace:utils.py:2363 
DEBUG    torch.__trace:utils.py:2363 
DEBUG    torch.__trace:utils.py:2363 
DEBUG    torch.__trace:utils.py:2363 
DEBUG    torch.__trace:utils.py:2363 
DEBUG    torch.__trace:utils.py:2363 
DEBUG    torch.__trace:utils.py:2363 
DEBUG    torch.__trace:utils.py:2363 
DEBUG    torch.__trace:utils.py:2363 
DEBUG    torch.__trace:utils.py:2363 
DEBUG    torch.__trace:utils.py:2363 
DEBUG    torch.__trace:utils.py:2363 
DEBUG    torch.__trace:utils.py:2363 
DEBUG    torch.__trace:utils.py:2363 
DEBUG    torch.__trace:utils.py:2363 
DEBUG    torch.__trace:utils.py:2363 
DEBUG    torch.__trace:utils.py:2363 
DEBUG    torch.__trace:utils.py:2363 
DEBUG    torch.__trace:utils.py:2363 
DEBUG    torch.__trace:utils.py:2363 
DEBUG    torch.__trace:utils.py:2363 
DEBUG    torch.__trace:utils.py:2363 
DEBUG    torch.__trace:utils.py:2363 
DEBUG    torch.__trace:utils.py:2363 
DEBUG    torch.__trace:utils.py:2363 
DEBUG    torch.__trace:utils.py:2363 
DEBUG    torch.__trace:utils.py:2363 
DEBUG    torch.__trace:utils.py:2363 
DEBUG    torch.__trace:utils.py:2363 
DEBUG    torch.__trace:utils.py:2363 
DEBUG    torch.__trace:utils.py:2363 
DEBUG    torch.__trace:utils.py:2363 
DEBUG    torch.__trace:utils.py:2363 
DEBUG    torch.__trace:utils.py:2363 
DEBUG    torch.__trace:utils.py:2363 
DEBUG    torch.__trace:utils.py:2363 
DEBUG    torch.__trace:utils.py:2363 
DEBUG    torch.__trace:utils.py:2363 
DEBUG    torch.__trace:utils.py:2363 
DEBUG    torch.__trace:utils.py:2363 
DEBUG    torch.__trace:utils.py:2363 
DEBUG    torch.__trace:utils.py:2363 
DEBUG    torch.__trace:utils.py:2363 
DEBUG    torch.__trace:utils.py:2363 
DEBUG    torch.__trace:utils.py:2363 
DEBUG    torch.__trace:utils.py:2363 
DEBUG    torch.__trace:utils.py:2363 
DEBUG    torch.__trace:utils.py:2363 
DEBUG    torch.__trace:utils.py:2363 
DEBUG    torch.__trace:utils.py:2363 
DEBUG    torch.__trace:utils.py:2363 
DEBUG    torch.__trace:utils.py:2363 
DEBUG    torch.__trace:utils.py:2363 
DEBUG    torch.__trace:utils.py:2363 
DEBUG    torch.__trace:utils.py:2363 
DEBUG    torch.__trace:utils.py:2363 
DEBUG    torch.__trace:utils.py:2363 
DEBUG    torch.__trace:utils.py:2363 
DEBUG    torch.__trace:utils.py:2363 
DEBUG    torch.__trace:utils.py:2363 
DEBUG    torch.__trace:utils.py:2363 
DEBUG    torch.__trace:utils.py:2363 
DEBUG    torch.__trace:utils.py:2363 
DEBUG    torch.__trace:utils.py:2363 
DEBUG    torch.__trace:utils.py:2363 
DEBUG    torch.__trace:utils.py:2363 
DEBUG    torch.__trace:utils.py:2363 
DEBUG    torch.__trace:utils.py:2363 
DEBUG    torch.__trace:utils.py:2363 
DEBUG    torch.__trace:utils.py:2363 
DEBUG    torch.__trace:utils.py:2363 
DEBUG    torch.__trace:utils.py:2363 
DEBUG    torch.__trace:utils.py:2363 
DEBUG    torch.__trace:utils.py:2363 
DEBUG    torch.__trace:utils.py:2363 
DEBUG    torch.__trace:utils.py:2363 
DEBUG    torch.__trace:utils.py:2363 
DEBUG    torch.__trace:utils.py:2363 
DEBUG    torch.__trace:utils.py:2363 
DEBUG    torch.__trace:utils.py:2363 
DEBUG    torch.__trace:utils.py:2363 
DEBUG    torch.__trace:utils.py:2363 
DEBUG    torch.__trace:utils.py:2363 
DEBUG    torch.__trace:utils.py:2363 
DEBUG    torch.__trace:utils.py:2363 
DEBUG    torch.__trace:utils.py:2363 
DEBUG    torch.__trace:utils.py:2363 
DEBUG    torch.__trace:utils.py:2363 
DEBUG    torch.__trace:utils.py:2363 
DEBUG    torch.__trace:utils.py:2363 
DEBUG    torch.__trace:utils.py:2363 
DEBUG    torch.__trace:utils.py:2363 
DEBUG    torch.__trace:utils.py:2363 
DEBUG    torch.__trace:utils.py:2363 
DEBUG    torch.__trace:utils.py:2363 
DEBUG    torch.__trace:utils.py:2363 
DEBUG    torch.__trace:utils.py:2363 
DEBUG    torch.__trace:utils.py:2363 
DEBUG    torch.__trace:utils.py:2363 
DEBUG    torch.__trace:utils.py:2363 
DEBUG    torch.__trace:utils.py:2363 
DEBUG    torch.__trace:utils.py:2363 
DEBUG    torch.__trace:utils.py:2363 
DEBUG    torch.__trace:utils.py:2363 
DEBUG    torch.__trace:utils.py:2363 
DEBUG    torch.__trace:utils.py:2363 
DEBUG    torch.__trace:utils.py:2363 
DEBUG    torch.__trace:utils.py:2363 
DEBUG    torch.__trace:utils.py:2363 
DEBUG    torch.__trace:utils.py:2363 
DEBUG    torch.__trace:utils.py:2363 
DEBUG    torch.__trace:utils.py:2363 
DEBUG    torch.__trace:utils.py:2363 
DEBUG    torch.__trace:utils.py:2363 
DEBUG    torch.__trace:utils.py:2363 
DEBUG    torch.__trace:utils.py:2363 
DEBUG    torch.__trace:utils.py:2363 
DEBUG    torch.__trace:utils.py:2363 
DEBUG    torch.__trace:utils.py:2363 
DEBUG    torch.__trace:utils.py:2363 
DEBUG    torch.__trace:utils.py:2363 
DEBUG    torch.__trace:utils.py:2363 
DEBUG    torch.__trace:utils.py:2363 
DEBUG    torch.__trace:utils.py:2363 
DEBUG    torch.__trace:utils.py:2363 
DEBUG    torch.__trace:utils.py:2363 
DEBUG    torch.__trace:utils.py:2363 
DEBUG    torch.__trace:utils.py:2363 
DEBUG    torch.__trace:utils.py:2363 
DEBUG    torch.__trace:utils.py:2363 
DEBUG    torch.__trace:utils.py:2363 
DEBUG    torch.__trace:utils.py:2363 
DEBUG    torch.__trace:utils.py:2363 
DEBUG    torch.__trace:utils.py:2363 
DEBUG    torch.__trace:utils.py:2363 
DEBUG    torch.__trace:utils.py:2363 
DEBUG    torch.__trace:utils.py:2363 
DEBUG    torch.__trace:utils.py:2363 
DEBUG    torch.__trace:utils.py:2363 
DEBUG    torch.__trace:utils.py:2363 
DEBUG    torch.__trace:utils.py:2363 
DEBUG    torch.__trace:utils.py:2363 
DEBUG    torch.__trace:utils.py:2363 
DEBUG    torch.__trace:utils.py:2363 
DEBUG    torch.__trace:utils.py:2363 
DEBUG    torch.__trace:utils.py:2363 
DEBUG    torch.__trace:utils.py:2363 
DEBUG    torch.__trace:utils.py:2363 
DEBUG    torch.__trace:utils.py:2363 
DEBUG    torch.__trace:utils.py:2363 
DEBUG    torch.__trace:utils.py:2363 
DEBUG    torch.__trace:utils.py:2363 
DEBUG    torch.__trace:utils.py:2363 
DEBUG    torch.__trace:utils.py:2363 
DEBUG    torch.__trace:utils.py:2363 
DEBUG    torch.__trace:utils.py:2363 
DEBUG    torch.__trace:utils.py:2363 
DEBUG    torch.__trace:utils.py:2363 
DEBUG    torch.__trace:utils.py:2363 
DEBUG    torch.__trace:utils.py:2363 
DEBUG    torch.__trace:utils.py:2363 
DEBUG    torch.__trace:utils.py:2363 
DEBUG    torch.__trace:utils.py:2363 
DEBUG    torch.__trace:utils.py:2363 
DEBUG    torch.__trace:utils.py:2363 
DEBUG    torch.__trace:utils.py:2363 
DEBUG    torch.__trace:utils.py:2363 
DEBUG    torch.__trace:utils.py:2363 
DEBUG    torch.__trace:utils.py:2363 
DEBUG    torch.__trace:utils.py:2363 
DEBUG    torch.__trace:utils.py:2363 
DEBUG    torch.__trace:utils.py:2363 
DEBUG    torch.__trace:utils.py:2363 
DEBUG    torch.__trace:utils.py:2363 
DEBUG    torch.__trace:utils.py:2363 
DEBUG    torch.__trace:utils.py:2363 
DEBUG    torch.__trace:utils.py:2363 
DEBUG    torch.__trace:utils.py:2363 
DEBUG    torch.__trace:utils.py:2363 
DEBUG    torch.__trace:utils.py:2363 
DEBUG    torch.__trace:utils.py:2363 
DEBUG    torch.__trace:utils.py:2363 
DEBUG    torch.__trace:utils.py:2363 
DEBUG    torch.__trace:utils.py:2363 
DEBUG    torch.__trace:utils.py:2363 
DEBUG    torch.__trace:utils.py:2363 
DEBUG    torch.__trace:utils.py:2363 
DEBUG    torch.__trace:utils.py:2363 
DEBUG    torch.__trace:utils.py:2363 
DEBUG    torch.__trace:utils.py:2363 
DEBUG    torch.__trace:utils.py:2363 
DEBUG    torch.__trace:utils.py:2363 
DEBUG    torch.__trace:utils.py:2363 
DEBUG    torch.__trace:utils.py:2363 
DEBUG    torch.__trace:utils.py:2363 
DEBUG    torch.__trace:utils.py:2363 
DEBUG    torch.__trace:utils.py:2363 
DEBUG    torch.__trace:utils.py:2363 
DEBUG    torch.__trace:utils.py:2363 
DEBUG    torch.__trace:utils.py:2363 
DEBUG    torch.__trace:utils.py:2363 
DEBUG    torch.__trace:utils.py:2363 
DEBUG    torch.__trace:utils.py:2363 
DEBUG    torch.__trace:utils.py:2363 
DEBUG    torch.__trace:utils.py:2363 
DEBUG    torch.__trace:utils.py:2363 
DEBUG    torch.__trace:utils.py:2363 
DEBUG    torch.__trace:utils.py:2363 
DEBUG    torch.__trace:utils.py:2363 
DEBUG    torch.__trace:utils.py:2363 
DEBUG    torch.__trace:utils.py:2363 
DEBUG    torch.__trace:utils.py:2363 
DEBUG    torch.__trace:utils.py:2363 
DEBUG    torch.__trace:utils.py:2363 
DEBUG    torch.__trace:utils.py:2363 
DEBUG    torch.__trace:utils.py:2363 
DEBUG    torch.__trace:utils.py:2363 
DEBUG    torch.__trace:utils.py:2363 
DEBUG    torch.__trace:utils.py:2363 
DEBUG    torch.__trace:utils.py:2363 
DEBUG    torch.__trace:utils.py:2363 
DEBUG    torch.__trace:utils.py:2363 
DEBUG    torch.__trace:utils.py:2363 
DEBUG    torch.__trace:utils.py:2363 
DEBUG    torch.__trace:utils.py:2363 
DEBUG    torch.__trace:utils.py:2363 
DEBUG    torch.__trace:utils.py:2363 
DEBUG    torch.__trace:utils.py:2363 
DEBUG    torch.__trace:utils.py:2363 
DEBUG    torch.__trace:utils.py:2363 
DEBUG    torch.__trace:utils.py:2363 
DEBUG    torch.__trace:utils.py:2363 
DEBUG    torch.__trace:utils.py:2363 
DEBUG    torch.__trace:utils.py:2363 
DEBUG    torch.__trace:utils.py:2363 
DEBUG    torch.__trace:utils.py:2363 
DEBUG    torch.__trace:utils.py:2363 
DEBUG    torch.__trace:utils.py:2363 
DEBUG    torch.__trace:utils.py:2363 
DEBUG    torch.__trace:utils.py:2363 
DEBUG    torch.__trace:utils.py:2363 
DEBUG    torch.__trace:utils.py:2363 
DEBUG    torch.__trace:utils.py:2363 
DEBUG    torch.__trace:utils.py:2363 
DEBUG    torch.__trace:utils.py:2363 
DEBUG    torch.__trace:utils.py:2363 
DEBUG    torch.__trace:utils.py:2363 
DEBUG    torch.__trace:utils.py:2363 
DEBUG    torch.__trace:utils.py:2363 
DEBUG    torch.__trace:utils.py:2363 
DEBUG    torch.__trace:utils.py:2363 
DEBUG    torch.__trace:utils.py:2363 
DEBUG    torch.__trace:utils.py:2363 
DEBUG    torch.__trace:utils.py:2363 
DEBUG    torch.__trace:utils.py:2363 
DEBUG    torch.__trace:utils.py:2363 
DEBUG    torch.__trace:utils.py:2363 
DEBUG    torch.__trace:utils.py:2363 
DEBUG    torch.__trace:utils.py:2363 
DEBUG    torch.__trace:utils.py:2363 
DEBUG    torch.__trace:utils.py:2363 
DEBUG    torch.__trace:utils.py:2363 
DEBUG    torch.__trace:utils.py:2363 
DEBUG    torch.__trace:utils.py:2363 
DEBUG    torch.__trace:utils.py:2363 
DEBUG    torch.__trace:utils.py:2363 
DEBUG    torch.__trace:utils.py:2363 
DEBUG    torch.__trace:utils.py:2363 
DEBUG    torch.__trace:utils.py:2363 
DEBUG    torch.__trace:utils.py:2363 
DEBUG    torch.__trace:utils.py:2363 
DEBUG    torch.__trace:utils.py:2363 
DEBUG    torch.__trace:utils.py:2363 
DEBUG    torch.__trace:utils.py:2363 
DEBUG    torch.__trace:utils.py:2363 
DEBUG    torch.__trace:utils.py:2363 
DEBUG    torch.__trace:utils.py:2363 
DEBUG    torch.__trace:utils.py:2363 
DEBUG    torch.__trace:utils.py:2363 
DEBUG    torch.__trace:utils.py:2363 
DEBUG    torch.__trace:utils.py:2363 
DEBUG    torch.__trace:utils.py:2363 
DEBUG    torch.__trace:utils.py:2363 
DEBUG    torch.__trace:utils.py:2363 
DEBUG    torch.__trace:utils.py:2363 
DEBUG    torch.__trace:utils.py:2363 
DEBUG    torch.__trace:utils.py:2363 
DEBUG    torch.__trace:utils.py:2363 
DEBUG    torch.__trace:utils.py:2363 
DEBUG    torch.__trace:utils.py:2363 
DEBUG    torch.__trace:utils.py:2363 
DEBUG    torch.__trace:utils.py:2363 
DEBUG    torch.__trace:utils.py:2363 
DEBUG    torch.__trace:utils.py:2363 
DEBUG    torch.__trace:utils.py:2363 
DEBUG    torch.__trace:utils.py:2363 
DEBUG    torch.__trace:utils.py:2363 
DEBUG    torch.__trace:utils.py:2363 
DEBUG    torch.__trace:utils.py:2363 
DEBUG    torch.__trace:utils.py:2363 
DEBUG    torch.__trace:utils.py:2363 
DEBUG    torch.__trace:utils.py:2363 
DEBUG    torch.__trace:utils.py:2363 
DEBUG    torch.__trace:utils.py:2363 
DEBUG    torch.__trace:utils.py:2363 
DEBUG    torch.__trace:utils.py:2363 
DEBUG    torch.__trace:utils.py:2363 
DEBUG    torch.__trace:utils.py:2363 
DEBUG    torch.__trace:utils.py:2363 
DEBUG    torch.__trace:utils.py:2363 
DEBUG    torch.__trace:utils.py:2363 
DEBUG    torch.__trace:utils.py:2363 
DEBUG    torch.__trace:utils.py:2363 
DEBUG    torch.__trace:utils.py:2363 
DEBUG    torch.__trace:utils.py:2363 
DEBUG    torch.__trace:utils.py:2363 
DEBUG    torch.__trace:utils.py:2363 
DEBUG    torch.__trace:utils.py:2363 
DEBUG    torch.__trace:utils.py:2363 
DEBUG    torch.__trace:utils.py:2363 
DEBUG    torch.__trace:utils.py:2363 
DEBUG    torch.__trace:utils.py:2363 
DEBUG    torch.__trace:utils.py:2363 
DEBUG    torch.__trace:utils.py:2363 
DEBUG    torch.__trace:utils.py:2363 
DEBUG    torch.__trace:utils.py:2363 
DEBUG    torch.__trace:utils.py:2363 
DEBUG    torch.__trace:utils.py:2363 
DEBUG    torch.__trace:utils.py:2363 
DEBUG    torch.__trace:utils.py:2363 
DEBUG    torch.__trace:utils.py:2363 
DEBUG    torch.__trace:utils.py:2363 
DEBUG    torch.__trace:utils.py:2363 
DEBUG    torch.__trace:utils.py:2363 
DEBUG    torch.__trace:utils.py:2363 
DEBUG    torch.__trace:utils.py:2363 
DEBUG    torch.__trace:utils.py:2363 
DEBUG    torch.__trace:utils.py:2363 
DEBUG    torch.__trace:utils.py:2363 
DEBUG    torch.__trace:utils.py:2363 
DEBUG    torch.__trace:utils.py:2363 
DEBUG    torch.__trace:utils.py:2363 
DEBUG    torch.__trace:utils.py:2363 
DEBUG    torch.__trace:utils.py:2363 
DEBUG    torch.__trace:utils.py:2363 
DEBUG    torch.__trace:utils.py:2363 
DEBUG    torch.__trace:utils.py:2363 
DEBUG    torch.__trace:utils.py:2363 
DEBUG    torch.__trace:utils.py:2363 
DEBUG    torch.__trace:utils.py:2363 
DEBUG    torch.__trace:utils.py:2363 
DEBUG    torch.__trace:utils.py:2363 
DEBUG    torch.__trace:utils.py:2363 
DEBUG    torch.__trace:utils.py:2363 
DEBUG    torch.__trace:utils.py:2363 
DEBUG    torch.__trace:utils.py:2363 
DEBUG    torch.__trace:utils.py:2363 
DEBUG    torch.__trace:utils.py:2363 
DEBUG    torch.__trace:utils.py:2363 
DEBUG    torch.__trace:utils.py:2363 
DEBUG    torch.__trace:utils.py:2363 
DEBUG    torch.__trace:utils.py:2363 
DEBUG    torch.__trace:utils.py:2363 
DEBUG    torch.__trace:utils.py:2363 
DEBUG    torch.__trace:utils.py:2363 
DEBUG    torch.__trace:utils.py:2363 
DEBUG    torch.__trace:utils.py:2363 
DEBUG    torch.__trace:utils.py:2363 
DEBUG    torch.__trace:utils.py:2363 
DEBUG    torch.__trace:utils.py:2363 
DEBUG    torch.__trace:utils.py:2363 
DEBUG    torch.__trace:utils.py:2363 
DEBUG    torch.__trace:utils.py:2363 
DEBUG    torch.__trace:utils.py:2363 
DEBUG    torch.__trace:utils.py:2363 
DEBUG    torch.__trace:utils.py:2363 
DEBUG    torch.__trace:utils.py:2363 
DEBUG    torch.__trace:utils.py:2363 
DEBUG    torch.__trace:utils.py:2363 
DEBUG    torch.__trace:utils.py:2363 
DEBUG    torch.__trace:utils.py:2363 
DEBUG    torch.__trace:utils.py:2363 
DEBUG    torch.__trace:utils.py:2363 
DEBUG    torch.__trace:utils.py:2363 
DEBUG    torch.__trace:utils.py:2363 
DEBUG    torch.__trace:utils.py:2363 
DEBUG    torch.__trace:utils.py:2363 
DEBUG    torch.__trace:utils.py:2363 
DEBUG    torch.__trace:utils.py:2363 
DEBUG    torch.__trace:utils.py:2363 
DEBUG    torch.__trace:utils.py:2363 
DEBUG    torch.__trace:utils.py:2363 
DEBUG    torch.__trace:utils.py:2363 
DEBUG    torch.__trace:utils.py:2363 
DEBUG    torch.__trace:utils.py:2363 
DEBUG    torch.__trace:utils.py:2363 
DEBUG    torch.__trace:utils.py:2363 
DEBUG    torch.__trace:utils.py:2363 
DEBUG    torch.__trace:utils.py:2363 
DEBUG    torch.__trace:utils.py:2363 
DEBUG    torch.__trace:utils.py:2363 
DEBUG    torch.__trace:utils.py:2363 
DEBUG    torch.__trace:utils.py:2363 
DEBUG    torch.__trace:utils.py:2363 
DEBUG    torch.__trace:utils.py:2363 
DEBUG    torch.__trace:utils.py:2363 
DEBUG    torch.__trace:utils.py:2363 
DEBUG    torch.__trace:utils.py:2363 
DEBUG    torch.__trace:utils.py:2363 
DEBUG    torch.__trace:utils.py:2363 
DEBUG    torch.__trace:utils.py:2363 
DEBUG    torch.__trace:utils.py:2363 
DEBUG    torch.__trace:utils.py:2363 
DEBUG    torch.__trace:utils.py:2363 
DEBUG    torch.__trace:utils.py:2363 
DEBUG    torch.__trace:utils.py:2363 
DEBUG    torch.__trace:utils.py:2363 
DEBUG    torch.__trace:utils.py:2363 
DEBUG    torch.__trace:utils.py:2363 
DEBUG    torch.__trace:utils.py:2363 
DEBUG    torch.__trace:utils.py:2363 
DEBUG    torch.__trace:utils.py:2363 
DEBUG    torch.__trace:utils.py:2363 
DEBUG    torch.__trace:utils.py:2363 
DEBUG    torch.__trace:utils.py:2363 
DEBUG    torch.__trace:utils.py:2363 
DEBUG    torch.__trace:utils.py:2363 
DEBUG    torch.__trace:utils.py:2363 
DEBUG    torch.__trace:utils.py:2363 
DEBUG    torch.__trace:utils.py:2363 
DEBUG    torch.__trace:utils.py:2363 
DEBUG    torch.__trace:utils.py:2363 
DEBUG    torch.__trace:utils.py:2363 
DEBUG    torch.__trace:utils.py:2363 
DEBUG    torch.__trace:utils.py:2363 
DEBUG    torch.__trace:utils.py:2363 
DEBUG    torch.__trace:utils.py:2363 
DEBUG    torch.__trace:utils.py:2363 
DEBUG    torch.__trace:utils.py:2363 
DEBUG    torch.__trace:utils.py:2363 
DEBUG    torch.__trace:utils.py:2363 
DEBUG    torch.__trace:utils.py:2363 
DEBUG    torch.__trace:utils.py:2363 
DEBUG    torch.__trace:utils.py:2363 
DEBUG    torch.__trace:utils.py:2363 
DEBUG    torch.__trace:utils.py:2363 
DEBUG    torch.__trace:utils.py:2363 
DEBUG    torch.__trace:utils.py:2363 
DEBUG    torch.__trace:utils.py:2363 
DEBUG    torch.__trace:utils.py:2363 
DEBUG    torch.__trace:utils.py:2363 
DEBUG    torch.__trace:utils.py:2363 
DEBUG    torch.__trace:utils.py:2363 
DEBUG    torch.__trace:utils.py:2363 
DEBUG    torch.__trace:utils.py:2363 
DEBUG    torch.__trace:utils.py:2363 
DEBUG    torch.__trace:utils.py:2363 
DEBUG    torch.__trace:utils.py:2363 
DEBUG    torch.__trace:utils.py:2363 
DEBUG    torch.__trace:utils.py:2363 
DEBUG    torch.__trace:utils.py:2363 
DEBUG    torch.__trace:utils.py:2363 
DEBUG    torch.__trace:utils.py:2363 
DEBUG    torch.__trace:utils.py:2363 
DEBUG    torch.__trace:utils.py:2363 
DEBUG    torch.__trace:utils.py:2363 
DEBUG    torch.__trace:utils.py:2363 
DEBUG    torch.__trace:utils.py:2363 
DEBUG    torch.__trace:utils.py:2363 
DEBUG    torch.__trace:utils.py:2363 
DEBUG    torch.__trace:utils.py:2363 
DEBUG    torch.__trace:utils.py:2363 
DEBUG    torch.__trace:utils.py:2363 
DEBUG    torch.__trace:utils.py:2363 
DEBUG    torch.__trace:utils.py:2363 
DEBUG    torch.__trace:utils.py:2363 
DEBUG    torch.__trace:utils.py:2363 
DEBUG    torch.__trace:utils.py:2363 
DEBUG    torch.__trace:utils.py:2363 
DEBUG    torch.__trace:utils.py:2363 
DEBUG    torch.__trace:utils.py:2363 
DEBUG    torch.__trace:utils.py:2363 
DEBUG    torch.__trace:utils.py:2363 
DEBUG    torch.__trace:utils.py:2363 
DEBUG    torch.__trace:utils.py:2363 
DEBUG    torch.__trace:utils.py:2363 
DEBUG    torch.__trace:utils.py:2363 
DEBUG    torch.__trace:utils.py:2363 
DEBUG    torch.__trace:utils.py:2363 
DEBUG    torch.__trace:utils.py:2363 
DEBUG    torch.__trace:utils.py:2363 
DEBUG    torch.__trace:utils.py:2363 
DEBUG    torch.__trace:utils.py:2363 
DEBUG    torch.__trace:utils.py:2363 
DEBUG    torch.__trace:utils.py:2363 
DEBUG    torch.__trace:utils.py:2363 
DEBUG    torch.__trace:utils.py:2363 
DEBUG    torch.__trace:utils.py:2363 
DEBUG    torch.__trace:utils.py:2363 
DEBUG    torch.__trace:utils.py:2363 
DEBUG    torch.__trace:utils.py:2363 
DEBUG    torch.__trace:utils.py:2363 
DEBUG    torch.__trace:utils.py:2363 
DEBUG    torch.__trace:utils.py:2363 
DEBUG    torch.__trace:utils.py:2363 
DEBUG    torch.__trace:utils.py:2363 
DEBUG    torch.__trace:utils.py:2363 
DEBUG    torch.__trace:utils.py:2363 
DEBUG    torch.__trace:utils.py:2363 
DEBUG    torch.__trace:utils.py:2363 
DEBUG    torch.__trace:utils.py:2363 
DEBUG    torch.__trace:utils.py:2363 
DEBUG    torch.__trace:utils.py:2363 
DEBUG    torch.__trace:utils.py:2363 
DEBUG    torch.__trace:utils.py:2363 
DEBUG    torch.__trace:utils.py:2363 
DEBUG    torch.__trace:utils.py:2363 
DEBUG    torch.__trace:utils.py:2363 
DEBUG    torch.__trace:utils.py:2363 
DEBUG    torch.__trace:utils.py:2363 
DEBUG    torch.__trace:utils.py:2363 
DEBUG    torch.__trace:utils.py:2363 
DEBUG    torch.__trace:utils.py:2363 
DEBUG    torch.__trace:utils.py:2363 
DEBUG    torch.__trace:utils.py:2363 
DEBUG    torch.__trace:utils.py:2363 
DEBUG    torch.__trace:utils.py:2363 
DEBUG    torch.__trace:utils.py:2363 
DEBUG    torch.__trace:utils.py:2363 
DEBUG    torch.__trace:utils.py:2363 
DEBUG    torch.__trace:utils.py:2363 
DEBUG    torch.__trace:utils.py:2363 
DEBUG    torch.__trace:utils.py:2363 
DEBUG    torch.__trace:utils.py:2363 
DEBUG    torch.__trace:utils.py:2363 
DEBUG    torch.__trace:utils.py:2363 
DEBUG    torch.__trace:utils.py:2363 
DEBUG    torch.__trace:utils.py:2363 
DEBUG    torch.__trace:utils.py:2363 
DEBUG    torch.__trace:utils.py:2363 
DEBUG    torch.__trace:utils.py:2363 
DEBUG    torch.__trace:utils.py:2363 
DEBUG    torch.__trace:utils.py:2363 
DEBUG    torch.__trace:utils.py:2363 
DEBUG    torch.__trace:utils.py:2363 
DEBUG    torch.__trace:utils.py:2363 
DEBUG    torch.__trace:utils.py:2363 
DEBUG    torch.__trace:utils.py:2363 
DEBUG    torch.__trace:utils.py:2363 
DEBUG    torch.__trace:utils.py:2363 
DEBUG    torch.__trace:utils.py:2363 
DEBUG    torch.__trace:utils.py:2363 
DEBUG    torch.__trace:utils.py:2363 
DEBUG    torch.__trace:utils.py:2363 
DEBUG    torch.__trace:utils.py:2363 
DEBUG    torch.__trace:utils.py:2363 
DEBUG    torch.__trace:utils.py:2363 
DEBUG    torch.__trace:utils.py:2363 
DEBUG    torch.__trace:utils.py:2363 
DEBUG    torch.__trace:utils.py:2363 
DEBUG    torch.__trace:utils.py:2363 
DEBUG    torch.__trace:utils.py:2363 
DEBUG    torch.__trace:utils.py:2363 
DEBUG    torch.__trace:utils.py:2363 
DEBUG    torch.__trace:utils.py:2363 
DEBUG    torch.__trace:utils.py:2363 
DEBUG    torch.__trace:utils.py:2363 
DEBUG    torch.__trace:utils.py:2363 
DEBUG    torch.__trace:utils.py:2363 
DEBUG    torch.__trace:utils.py:2363 
DEBUG    torch.__trace:utils.py:2363 
DEBUG    torch.__trace:utils.py:2363 
DEBUG    torch.__trace:utils.py:2363 
DEBUG    torch.__trace:utils.py:2363 
DEBUG    torch.__trace:utils.py:2363 
DEBUG    torch.__trace:utils.py:2363 
DEBUG    torch.__trace:utils.py:2363 
DEBUG    torch.__trace:utils.py:2363 
DEBUG    torch.__trace:utils.py:2363 
DEBUG    torch.__trace:utils.py:2363 
DEBUG    torch.__trace:utils.py:2363 
DEBUG    torch.__trace:utils.py:2363 
DEBUG    torch.__trace:utils.py:2363 
DEBUG    torch.__trace:utils.py:2363 
DEBUG    torch.__trace:utils.py:2363 
DEBUG    torch.__trace:utils.py:2363 
DEBUG    torch.__trace:utils.py:2363 
DEBUG    torch.__trace:utils.py:2363 
DEBUG    torch.__trace:utils.py:2363 
DEBUG    torch.__trace:utils.py:2363 
DEBUG    torch.__trace:utils.py:2363 
DEBUG    torch.__trace:utils.py:2363 
DEBUG    torch.__trace:utils.py:2363 
DEBUG    torch.__trace:utils.py:2363 
DEBUG    torch.__trace:utils.py:2363 
DEBUG    torch.__trace:utils.py:2363 
DEBUG    torch.__trace:utils.py:2363 
DEBUG    torch.__trace:utils.py:2363 
DEBUG    torch.__trace:utils.py:2363 
DEBUG    torch.__trace:utils.py:2363 
DEBUG    torch.__trace:utils.py:2363 
DEBUG    torch.__trace:utils.py:2363 
DEBUG    torch.__trace:utils.py:2363 
DEBUG    torch.__trace:utils.py:2363 
DEBUG    torch.__trace:utils.py:2363 
DEBUG    torch.__trace:utils.py:2363 
DEBUG    torch.__trace:utils.py:2363 
DEBUG    torch.__trace:utils.py:2363 
DEBUG    torch.__trace:utils.py:2363 
DEBUG    torch.__trace:utils.py:2363 
DEBUG    torch.__trace:utils.py:2363 
DEBUG    torch.__trace:utils.py:2363 
DEBUG    torch.__trace:utils.py:2363 
DEBUG    torch.__trace:utils.py:2363 
DEBUG    torch.__trace:utils.py:2363 
DEBUG    torch.__trace:utils.py:2363 
DEBUG    torch.__trace:utils.py:2363 
DEBUG    torch.__trace:utils.py:2363 
DEBUG    torch.__trace:utils.py:2363 
DEBUG    torch.__trace:utils.py:2363 
DEBUG    torch.__trace:utils.py:2363 
DEBUG    torch.__trace:utils.py:2363 
DEBUG    torch.__trace:utils.py:2363 
DEBUG    torch.__trace:utils.py:2363 
DEBUG    torch.__trace:utils.py:2363 
DEBUG    torch.__trace:utils.py:2363 
DEBUG    torch.__trace:utils.py:2363 
DEBUG    torch.__trace:utils.py:2363 
DEBUG    torch.__trace:utils.py:2363 
DEBUG    torch.__trace:utils.py:2363 
DEBUG    torch.__trace:utils.py:2363 
DEBUG    torch.__trace:utils.py:2363 
DEBUG    torch.__trace:utils.py:2363 
DEBUG    torch.__trace:utils.py:2363 
DEBUG    torch.__trace:utils.py:2363 
DEBUG    torch.__trace:utils.py:2363 
DEBUG    torch.__trace:utils.py:2363 
DEBUG    torch.__trace:utils.py:2363 
DEBUG    torch.__trace:utils.py:2363 
DEBUG    torch.__trace:utils.py:2363 
DEBUG    torch.__trace:utils.py:2363 
DEBUG    torch.__trace:utils.py:2363 
DEBUG    torch.__trace:utils.py:2363 
DEBUG    torch.__trace:utils.py:2363 
DEBUG    torch.__trace:utils.py:2363 
DEBUG    torch.__trace:utils.py:2363 
DEBUG    torch.__trace:utils.py:2363 
DEBUG    torch.__trace:utils.py:2363 
DEBUG    torch.__trace:utils.py:2363 
DEBUG    torch.__trace:utils.py:2363 
DEBUG    torch.__trace:utils.py:2363 
DEBUG    torch.__trace:utils.py:2363 
DEBUG    torch.__trace:utils.py:2363 
DEBUG    torch.__trace:utils.py:2363 
DEBUG    torch.__trace:utils.py:2363 
DEBUG    torch.__trace:utils.py:2363 
DEBUG    torch.__trace:utils.py:2363 
DEBUG    torch.__trace:utils.py:2363 
DEBUG    torch.__trace:utils.py:2363 
DEBUG    torch.__trace:utils.py:2363 
DEBUG    torch.__trace:utils.py:2363 
DEBUG    torch.__trace:utils.py:2363 
DEBUG    torch.__trace:utils.py:2363 
DEBUG    torch.__trace:utils.py:2363 
DEBUG    torch.__trace:utils.py:2363 
DEBUG    torch.__trace:utils.py:2363 
DEBUG    torch.__trace:utils.py:2363 
DEBUG    torch.__trace:utils.py:2363 
DEBUG    torch.__trace:utils.py:2363 
DEBUG    torch.__trace:utils.py:2363 
DEBUG    torch.__trace:utils.py:2363 
DEBUG    torch.__trace:utils.py:2363 
DEBUG    torch.__trace:utils.py:2363 
DEBUG    torch.__trace:utils.py:2363 
DEBUG    torch.__trace:utils.py:2363 
DEBUG    torch.__trace:utils.py:2363 
DEBUG    torch.__trace:utils.py:2363 
DEBUG    torch.__trace:utils.py:2363 
DEBUG    torch.__trace:utils.py:2363 
DEBUG    torch.__trace:utils.py:2363 
DEBUG    torch.__trace:utils.py:2363 
DEBUG    torch.__trace:utils.py:2363 
DEBUG    torch.__trace:utils.py:2363 
DEBUG    torch.__trace:utils.py:2363 
DEBUG    torch.__trace:utils.py:2363 
DEBUG    torch.__trace:utils.py:2363 
DEBUG    torch.__trace:utils.py:2363 
DEBUG    torch.__trace:utils.py:2363 
DEBUG    torch.__trace:utils.py:2363 
DEBUG    torch.__trace:utils.py:2363 
DEBUG    torch.__trace:utils.py:2363 
DEBUG    torch.__trace:utils.py:2363 
DEBUG    torch.__trace:utils.py:2363 
DEBUG    torch.__trace:utils.py:2363 
DEBUG    torch.__trace:utils.py:2363 
DEBUG    torch.__trace:utils.py:2363 
DEBUG    torch.__trace:utils.py:2363 
DEBUG    torch.__trace:utils.py:2363 
DEBUG    torch.__trace:utils.py:2363 
DEBUG    torch.__trace:utils.py:2363 
DEBUG    torch.__trace:utils.py:2363 
DEBUG    torch.__trace:utils.py:2363 
DEBUG    torch.__trace:utils.py:2363 
DEBUG    torch.__trace:utils.py:2363 
DEBUG    torch.__trace:utils.py:2363 
DEBUG    torch.__trace:utils.py:2363 
DEBUG    torch.__trace:utils.py:2363 
DEBUG    torch.__trace:utils.py:2363 
DEBUG    torch.__trace:utils.py:2363 
DEBUG    torch.__trace:utils.py:2363 
DEBUG    torch.__trace:utils.py:2363 
DEBUG    torch.__trace:utils.py:2363 
DEBUG    torch.__trace:utils.py:2363 
DEBUG    torch.__trace:utils.py:2363 
DEBUG    torch.__trace:utils.py:2363 
DEBUG    torch.__trace:utils.py:2363 
DEBUG    torch.__trace:utils.py:2363 
DEBUG    torch.__trace:utils.py:2363 
DEBUG    torch.__trace:utils.py:2363 
DEBUG    torch.__trace:utils.py:2363 
DEBUG    torch.__trace:utils.py:2363 
DEBUG    torch.__trace:utils.py:2363 
DEBUG    torch.__trace:utils.py:2363 
DEBUG    torch.__trace:utils.py:2363 
DEBUG    torch.__trace:utils.py:2363 
DEBUG    torch.__trace:utils.py:2363 
DEBUG    torch.__trace:utils.py:2363 
DEBUG    torch.__trace:utils.py:2363 
DEBUG    torch.__trace:utils.py:2363 
DEBUG    torch.__trace:utils.py:2363 
DEBUG    torch.__trace:utils.py:2363 
DEBUG    torch.__trace:utils.py:2363 
DEBUG    torch.__trace:utils.py:2363 
DEBUG    torch.__trace:utils.py:2363 
DEBUG    torch.__trace:utils.py:2363 
DEBUG    torch.__trace:utils.py:2363 
DEBUG    torch.__trace:utils.py:2363 
DEBUG    torch.__trace:utils.py:2363 
DEBUG    torch.__trace:utils.py:2363 
DEBUG    torch.__trace:utils.py:2363 
DEBUG    torch.__trace:utils.py:2363 
DEBUG    torch.__trace:utils.py:2363 
DEBUG    torch.__trace:utils.py:2363 
DEBUG    torch.__trace:utils.py:2363 
DEBUG    torch.__trace:utils.py:2363 
DEBUG    torch.__trace:utils.py:2363 
DEBUG    torch.__trace:utils.py:2363 
DEBUG    torch.__trace:utils.py:2363 
DEBUG    torch.__trace:utils.py:2363 
DEBUG    torch.__trace:utils.py:2363 
DEBUG    torch.__trace:utils.py:2363 
DEBUG    torch.__trace:utils.py:2363 
DEBUG    torch.__trace:utils.py:2363 
DEBUG    torch.__trace:utils.py:2363 
DEBUG    torch.__trace:utils.py:2363 
DEBUG    torch.__trace:utils.py:2363 
DEBUG    torch.__trace:utils.py:2363 
DEBUG    torch.__trace:utils.py:2363 
DEBUG    torch.__trace:utils.py:2363 
DEBUG    torch.__trace:utils.py:2363 
DEBUG    torch.__trace:utils.py:2363 
DEBUG    torch.__trace:utils.py:2363 
DEBUG    torch.__trace:utils.py:2363 
DEBUG    torch.__trace:utils.py:2363 
DEBUG    torch.__trace:utils.py:2363 
DEBUG    torch.__trace:utils.py:2363 
DEBUG    torch.__trace:utils.py:2363 
DEBUG    torch.__trace:utils.py:2363 
DEBUG    torch.__trace:utils.py:2363 
DEBUG    torch.__trace:utils.py:2363 
DEBUG    torch.__trace:utils.py:2363 
DEBUG    torch.__trace:utils.py:2363 
DEBUG    torch.__trace:utils.py:2363 
DEBUG    torch.__trace:utils.py:2363 
DEBUG    torch.__trace:utils.py:2363 
DEBUG    torch.__trace:utils.py:2363 
DEBUG    torch.__trace:utils.py:2363 
DEBUG    torch.__trace:utils.py:2363 
DEBUG    torch.__trace:utils.py:2363 
DEBUG    torch.__trace:utils.py:2363 
DEBUG    torch.__trace:utils.py:2363 
DEBUG    torch.__trace:utils.py:2363 
DEBUG    torch.__trace:utils.py:2363 
DEBUG    torch.__trace:utils.py:2363 
DEBUG    torch.__trace:utils.py:2363 
DEBUG    torch.__trace:utils.py:2363 
DEBUG    torch.__trace:utils.py:2363 
DEBUG    torch.__trace:utils.py:2363 
DEBUG    torch.__trace:utils.py:2363 
DEBUG    torch.__trace:utils.py:2363 
DEBUG    torch.__trace:utils.py:2363 
DEBUG    torch.__trace:utils.py:2363 
DEBUG    torch.__trace:utils.py:2363 
DEBUG    torch.__trace:utils.py:2363 
DEBUG    torch.__trace:utils.py:2363 
DEBUG    torch.__trace:utils.py:2363 
DEBUG    torch.__trace:utils.py:2363 
DEBUG    torch.__trace:utils.py:2363 
DEBUG    torch.__trace:utils.py:2363 
DEBUG    torch.__trace:utils.py:2363 
DEBUG    torch.__trace:utils.py:2363 
DEBUG    torch.__trace:utils.py:2363 
DEBUG    torch.__trace:utils.py:2363 
DEBUG    torch.__trace:utils.py:2363 
DEBUG    torch.__trace:utils.py:2363 
DEBUG    torch.__trace:utils.py:2363 
DEBUG    torch.__trace:utils.py:2363 
DEBUG    torch.__trace:utils.py:2363 
DEBUG    torch.__trace:utils.py:2363 
DEBUG    torch.__trace:utils.py:2363 
DEBUG    torch.__trace:utils.py:2363 
DEBUG    torch.__trace:utils.py:2363 
DEBUG    torch.__trace:utils.py:2363 
DEBUG    torch.__trace:utils.py:2363 
DEBUG    torch.__trace:utils.py:2363 
DEBUG    torch.__trace:utils.py:2363 
DEBUG    torch.__trace:utils.py:2363 
DEBUG    torch.__trace:utils.py:2363 
DEBUG    torch.__trace:utils.py:2363 
DEBUG    torch.__trace:utils.py:2363 
DEBUG    torch.__trace:utils.py:2363 
DEBUG    torch.__trace:utils.py:2363 
DEBUG    torch.__trace:utils.py:2363 
DEBUG    torch.__trace:utils.py:2363 
DEBUG    torch.__trace:utils.py:2363 
DEBUG    torch.__trace:utils.py:2363 
DEBUG    torch.__trace:utils.py:2363 
DEBUG    torch.__trace:utils.py:2363 
DEBUG    torch.__trace:utils.py:2363 
DEBUG    torch.__trace:utils.py:2363 
DEBUG    torch.__trace:utils.py:2363 
DEBUG    torch.__trace:utils.py:2363 
DEBUG    torch.__trace:utils.py:2363 
DEBUG    torch.__trace:utils.py:2363 
DEBUG    torch.__trace:utils.py:2363 
DEBUG    torch.__trace:utils.py:2363 
DEBUG    torch.__trace:utils.py:2363 
DEBUG    torch.__trace:utils.py:2363 
DEBUG    torch.__trace:utils.py:2363 
DEBUG    torch.__trace:utils.py:2363 
DEBUG    torch.__trace:utils.py:2363 
DEBUG    torch.__trace:utils.py:2363 
DEBUG    torch.__trace:utils.py:2363 
DEBUG    torch.__trace:utils.py:2363 
DEBUG    torch.__trace:utils.py:2363 
DEBUG    torch.__trace:utils.py:2363 
DEBUG    torch.__trace:utils.py:2363 
DEBUG    torch.__trace:utils.py:2363 
DEBUG    torch.__trace:utils.py:2363 
DEBUG    torch.__trace:utils.py:2363 
DEBUG    torch.__trace:utils.py:2363 
DEBUG    torch.__trace:utils.py:2363 
DEBUG    torch.__trace:utils.py:2363 
DEBUG    torch.__trace:utils.py:2363 
DEBUG    torch.__trace:utils.py:2363 
DEBUG    torch.__trace:utils.py:2363 
DEBUG    torch.__trace:utils.py:2363 
DEBUG    torch.__trace:utils.py:2363 
DEBUG    torch.__trace:utils.py:2363 
DEBUG    torch.__trace:utils.py:2363 
DEBUG    torch.__trace:utils.py:2363 
DEBUG    torch.__trace:utils.py:2363 
DEBUG    torch.__trace:utils.py:2363 
DEBUG    torch.__trace:utils.py:2363 
DEBUG    torch.__trace:utils.py:2363 
DEBUG    torch.__trace:utils.py:2363 
DEBUG    torch.__trace:utils.py:2363 
DEBUG    torch.__trace:utils.py:2363 
DEBUG    torch.__trace:utils.py:2363 
DEBUG    torch.__trace:utils.py:2363 
DEBUG    torch.__trace:utils.py:2363 
DEBUG    torch.__trace:utils.py:2363 
DEBUG    torch.__trace:utils.py:2363 
DEBUG    torch.__trace:utils.py:2363 
DEBUG    torch.__trace:utils.py:2363 
DEBUG    torch.__trace:utils.py:2363 
DEBUG    torch.__trace:utils.py:2363 
DEBUG    torch.__trace:utils.py:2363 
DEBUG    torch.__trace:utils.py:2363 
DEBUG    torch.__trace:utils.py:2363 
DEBUG    torch.__trace:utils.py:2363 
DEBUG    torch.__trace:utils.py:2363 
DEBUG    torch.__trace:utils.py:2363 
DEBUG    torch.__trace:utils.py:2363 
DEBUG    torch.__trace:utils.py:2363 
DEBUG    torch.__trace:utils.py:2363 
DEBUG    torch.__trace:utils.py:2363 
DEBUG    torch.__trace:utils.py:2363 
DEBUG    torch.__trace:utils.py:2363 
DEBUG    torch.__trace:utils.py:2363 
DEBUG    torch.__trace:utils.py:2363 
DEBUG    torch.__trace:utils.py:2363 
DEBUG    torch.__trace:utils.py:2363 
DEBUG    torch.__trace:utils.py:2363 
DEBUG    torch.__trace:utils.py:2363 
DEBUG    torch.__trace:utils.py:2363 
DEBUG    torch.__trace:utils.py:2363 
DEBUG    torch.__trace:utils.py:2363 
DEBUG    torch.__trace:utils.py:2363 
DEBUG    torch.__trace:utils.py:2363 
DEBUG    torch.__trace:utils.py:2363 
DEBUG    torch.__trace:utils.py:2363 
DEBUG    torch.__trace:utils.py:2363 
DEBUG    torch.__trace:utils.py:2363 
DEBUG    torch.__trace:utils.py:2363 
DEBUG    torch.__trace:utils.py:2363 
DEBUG    torch.__trace:utils.py:2363 
DEBUG    torch.__trace:utils.py:2363 
DEBUG    torch.__trace:utils.py:2363 
DEBUG    torch.__trace:utils.py:2363 
DEBUG    torch.__trace:utils.py:2363 
DEBUG    torch.__trace:utils.py:2363 
DEBUG    torch.__trace:utils.py:2363 
DEBUG    torch.__trace:utils.py:2363 
DEBUG    torch.__trace:utils.py:2363 
DEBUG    torch.__trace:utils.py:2363 
DEBUG    torch.__trace:utils.py:2363 
DEBUG    torch.__trace:utils.py:2363 
DEBUG    torch.__trace:utils.py:2363 
DEBUG    torch.__trace:utils.py:2363 
DEBUG    torch.__trace:utils.py:2363 
DEBUG    torch.__trace:utils.py:2363 
DEBUG    torch.__trace:utils.py:2363 
DEBUG    torch.__trace:utils.py:2363 
DEBUG    torch.__trace:utils.py:2363 
DEBUG    torch.__trace:utils.py:2363 
DEBUG    torch.__trace:utils.py:2363 
DEBUG    torch.__trace:utils.py:2363 
DEBUG    torch.__trace:utils.py:2363 
DEBUG    torch.__trace:utils.py:2363 
DEBUG    torch.__trace:utils.py:2363 
DEBUG    torch.__trace:utils.py:2363 
DEBUG    torch.__trace:utils.py:2363 
DEBUG    torch.__trace:utils.py:2363 
DEBUG    torch.__trace:utils.py:2363 
DEBUG    torch.__trace:utils.py:2363 
DEBUG    torch.__trace:utils.py:2363 
DEBUG    torch.__trace:utils.py:2363 
DEBUG    torch.__trace:utils.py:2363 
DEBUG    torch.__trace:utils.py:2363 
DEBUG    torch.__trace:utils.py:2363 
DEBUG    torch.__trace:utils.py:2363 
DEBUG    torch.__trace:utils.py:2363 
DEBUG    torch.__trace:utils.py:2363 
DEBUG    torch.__trace:utils.py:2363 
DEBUG    torch.__trace:utils.py:2363 
DEBUG    torch.__trace:utils.py:2363 
DEBUG    torch.__trace:utils.py:2363 
DEBUG    torch.__trace:utils.py:2363 
DEBUG    torch.__trace:utils.py:2363 
DEBUG    torch.__trace:utils.py:2363 
DEBUG    torch.__trace:utils.py:2363 
DEBUG    torch.__trace:utils.py:2363 
DEBUG    torch.__trace:utils.py:2363 
DEBUG    torch.__trace:utils.py:2363 
DEBUG    torch.__trace:utils.py:2363 
DEBUG    torch.__trace:utils.py:2363 
DEBUG    torch.__trace:utils.py:2363 
DEBUG    torch.__trace:utils.py:2363 
DEBUG    torch.__trace:utils.py:2363 
DEBUG    torch.__trace:utils.py:2363 
DEBUG    torch.__trace:utils.py:2363 
DEBUG    torch.__trace:utils.py:2363 
DEBUG    torch.__trace:utils.py:2363 
DEBUG    torch.__trace:utils.py:2363 
DEBUG    torch.__trace:utils.py:2363 
DEBUG    torch.__trace:utils.py:2363 
DEBUG    torch.__trace:utils.py:2363 
DEBUG    torch.__trace:utils.py:2363 
DEBUG    torch.__trace:utils.py:2363 
DEBUG    torch.__trace:utils.py:2363 
DEBUG    torch.__trace:utils.py:2363 
DEBUG    torch.__trace:utils.py:2363 
DEBUG    torch.__trace:utils.py:2363 
DEBUG    torch.__trace:utils.py:2363 
DEBUG    torch.__trace:utils.py:2363 
DEBUG    torch.__trace:utils.py:2363 
DEBUG    torch.__trace:utils.py:2363 
DEBUG    torch.__trace:utils.py:2363 
DEBUG    torch.__trace:utils.py:2363 
DEBUG    torch.__trace:utils.py:2363 
DEBUG    torch.__trace:utils.py:2363 
DEBUG    torch.__trace:utils.py:2363 
DEBUG    torch.__trace:utils.py:2363 
DEBUG    torch.__trace:utils.py:2363 
DEBUG    torch.__trace:utils.py:2363 
DEBUG    torch.__trace:utils.py:2363 
DEBUG    torch.__trace:utils.py:2363 
DEBUG    torch.__trace:utils.py:2363 
DEBUG    torch.__trace:utils.py:2363 
DEBUG    torch.__trace:utils.py:2363 
DEBUG    torch.__trace:utils.py:2363 
DEBUG    torch.__trace:utils.py:2363 
DEBUG    torch.__trace:utils.py:2363 
DEBUG    torch.__trace:utils.py:2363 
DEBUG    torch.__trace:utils.py:2363 
DEBUG    torch.__trace:utils.py:2363 
DEBUG    torch.__trace:utils.py:2363 
DEBUG    torch.__trace:utils.py:2363 
DEBUG    torch.__trace:utils.py:2363 
DEBUG    torch.__trace:utils.py:2363 
DEBUG    torch.__trace:utils.py:2363 
DEBUG    torch.__trace:utils.py:2363 
DEBUG    torch.__trace:utils.py:2363 
DEBUG    torch.__trace:utils.py:2363 
DEBUG    torch.__trace:utils.py:2363 
DEBUG    torch.__trace:utils.py:2363 
DEBUG    torch.__trace:utils.py:2363 
DEBUG    torch.__trace:utils.py:2363 
DEBUG    torch.__trace:utils.py:2363 
DEBUG    torch.__trace:utils.py:2363 
DEBUG    torch.__trace:utils.py:2363 
DEBUG    torch.__trace:utils.py:2363 
DEBUG    torch.__trace:utils.py:2363 
DEBUG    torch.__trace:utils.py:2363 
DEBUG    torch.__trace:utils.py:2363 
DEBUG    torch.__trace:utils.py:2363 
DEBUG    torch.__trace:utils.py:2363 
DEBUG    torch.__trace:utils.py:2363 
DEBUG    torch.__trace:utils.py:2363 
DEBUG    torch.__trace:utils.py:2363 
DEBUG    torch.__trace:utils.py:2363 
DEBUG    torch.__trace:utils.py:2363 
DEBUG    torch.__trace:utils.py:2363 
DEBUG    torch.__trace:utils.py:2363 
DEBUG    torch.__trace:utils.py:2363 
DEBUG    torch.__trace:utils.py:2363 
DEBUG    torch.__trace:utils.py:2363 
DEBUG    torch.__trace:utils.py:2363 
DEBUG    torch.__trace:utils.py:2363 
DEBUG    torch.__trace:utils.py:2363 
DEBUG    torch.__trace:utils.py:2363 
DEBUG    torch.__trace:utils.py:2363 
DEBUG    torch.__trace:utils.py:2363 
DEBUG    torch.__trace:utils.py:2363 
DEBUG    torch.__trace:utils.py:2363 
DEBUG    torch.__trace:utils.py:2363 
DEBUG    torch.__trace:utils.py:2363 
DEBUG    torch.__trace:utils.py:2363 
DEBUG    torch.__trace:utils.py:2363 
DEBUG    torch.__trace:utils.py:2363 
DEBUG    torch.__trace:utils.py:2363 
DEBUG    torch.__trace:utils.py:2363 
DEBUG    torch.__trace:utils.py:2363 
DEBUG    torch.__trace:utils.py:2363 
DEBUG    torch.__trace:utils.py:2363 
DEBUG    torch.__trace:utils.py:2363 
DEBUG    torch.__trace:utils.py:2363 
DEBUG    torch.__trace:utils.py:2363 
DEBUG    torch.__trace:utils.py:2363 
DEBUG    torch.__trace:utils.py:2363 
DEBUG    torch.__trace:utils.py:2363 
DEBUG    torch.__trace:utils.py:2363 
DEBUG    torch.__trace:utils.py:2363 
DEBUG    torch.__trace:utils.py:2363 
DEBUG    torch.__trace:utils.py:2363 
DEBUG    torch.__trace:utils.py:2363 
DEBUG    torch.__trace:utils.py:2363 
DEBUG    torch.__trace:utils.py:2363 
DEBUG    torch.__trace:utils.py:2363 
DEBUG    torch.__trace:utils.py:2363 
DEBUG    torch.__trace:utils.py:2363 
DEBUG    torch.__trace:utils.py:2363 
DEBUG    torch.__trace:utils.py:2363 
DEBUG    torch.__trace:utils.py:2363 
DEBUG    torch.__trace:utils.py:2363 
DEBUG    torch.__trace:utils.py:2363 
DEBUG    torch.__trace:utils.py:2363 
DEBUG    torch.__trace:utils.py:2363 
DEBUG    torch.__trace:utils.py:2363 
DEBUG    torch.__trace:utils.py:2363 
DEBUG    torch.__trace:utils.py:2363 
DEBUG    torch.__trace:utils.py:2363 
DEBUG    torch.__trace:utils.py:2363 
DEBUG    torch.__trace:utils.py:2363 
DEBUG    torch.__trace:utils.py:2363 
DEBUG    torch.__trace:utils.py:2363 
DEBUG    torch.__trace:utils.py:2363 
DEBUG    torch.__trace:utils.py:2363 
DEBUG    torch.__trace:utils.py:2363 
DEBUG    torch.__trace:utils.py:2363 
DEBUG    torch.__trace:utils.py:2363 
DEBUG    torch.__trace:utils.py:2363 
DEBUG    torch.__trace:utils.py:2363 
DEBUG    torch.__trace:utils.py:2363 
DEBUG    torch.__trace:utils.py:2363 
DEBUG    torch.__trace:utils.py:2363 
DEBUG    torch.__trace:utils.py:2363 
DEBUG    torch.__trace:utils.py:2363 
DEBUG    torch.__trace:utils.py:2363 
DEBUG    torch.__trace:utils.py:2363 
DEBUG    torch.__trace:utils.py:2363 
DEBUG    torch.__trace:utils.py:2363 
DEBUG    torch.__trace:utils.py:2363 
DEBUG    torch.__trace:utils.py:2363 
DEBUG    torch.__trace:utils.py:2363 
DEBUG    torch.__trace:utils.py:2363 
DEBUG    torch.__trace:utils.py:2363 
DEBUG    torch.__trace:utils.py:2363 
DEBUG    torch.__trace:utils.py:2363 
DEBUG    torch.__trace:utils.py:2363 
DEBUG    torch.__trace:utils.py:2363 
DEBUG    torch.__trace:utils.py:2363 
DEBUG    torch.__trace:utils.py:2363 
DEBUG    torch.__trace:utils.py:2363 
DEBUG    torch.__trace:utils.py:2363 
DEBUG    torch.__trace:utils.py:2363 
DEBUG    torch.__trace:utils.py:2363 
DEBUG    torch.__trace:utils.py:2363 
DEBUG    torch.__trace:utils.py:2363 
DEBUG    torch.__trace:utils.py:2363 
DEBUG    torch.__trace:utils.py:2363 
DEBUG    torch.__trace:utils.py:2363 
DEBUG    torch.__trace:utils.py:2363 
DEBUG    torch.__trace:utils.py:2363 
DEBUG    torch.__trace:utils.py:2363 
DEBUG    torch.__trace:utils.py:2363 
DEBUG    torch.__trace:utils.py:2363 
DEBUG    torch.__trace:utils.py:2363 
DEBUG    torch.__trace:utils.py:2363 
DEBUG    torch.__trace:utils.py:2363 
DEBUG    torch.__trace:utils.py:2363 
DEBUG    torch.__trace:utils.py:2363 
DEBUG    torch.__trace:utils.py:2363 
DEBUG    torch.__trace:utils.py:2363 
DEBUG    torch.__trace:utils.py:2363 
DEBUG    torch.__trace:utils.py:2363 
DEBUG    torch.__trace:utils.py:2363 
DEBUG    torch.__trace:utils.py:2363 
DEBUG    torch.__trace:utils.py:2363 
DEBUG    torch.__trace:utils.py:2363 
DEBUG    torch.__trace:utils.py:2363 
DEBUG    torch.__trace:utils.py:2363 
DEBUG    torch.__trace:utils.py:2363 
DEBUG    torch.__trace:utils.py:2363 
DEBUG    torch.__trace:utils.py:2363 
DEBUG    torch.__trace:utils.py:2363 
DEBUG    torch.__trace:utils.py:2363 
DEBUG    torch.__trace:utils.py:2363 
DEBUG    torch.__trace:utils.py:2363 
DEBUG    torch.__trace:utils.py:2363 
DEBUG    torch.__trace:utils.py:2363 
DEBUG    torch.__trace:utils.py:2363 
DEBUG    torch.__trace:utils.py:2363 
DEBUG    torch.__trace:utils.py:2363 
DEBUG    torch.__trace:utils.py:2363 
DEBUG    torch.__trace:utils.py:2363 
DEBUG    torch.__trace:utils.py:2363 
DEBUG    torch.__trace:utils.py:2363 
DEBUG    torch.__trace:utils.py:2363 
DEBUG    torch.__trace:utils.py:2363 
DEBUG    torch.__trace:utils.py:2363 
DEBUG    torch.__trace:utils.py:2363 
DEBUG    torch.__trace:utils.py:2363 
DEBUG    torch.__trace:utils.py:2363 
DEBUG    torch.__trace:utils.py:2363 
DEBUG    torch.__trace:utils.py:2363 
DEBUG    torch.__trace:utils.py:2363 
DEBUG    torch.__trace:utils.py:2363 
DEBUG    torch.__trace:utils.py:2363 
DEBUG    torch.__trace:utils.py:2363 
DEBUG    torch.__trace:utils.py:2363 
DEBUG    torch.__trace:utils.py:2363 
DEBUG    torch.__trace:utils.py:2363 
DEBUG    torch.__trace:utils.py:2363 
DEBUG    torch.__trace:utils.py:2363 
DEBUG    torch.__trace:utils.py:2363 
DEBUG    torch.__trace:utils.py:2363 
DEBUG    torch.__trace:utils.py:2363 
DEBUG    torch.__trace:utils.py:2363 
DEBUG    torch.__trace:utils.py:2363 
DEBUG    torch.__trace:utils.py:2363 
DEBUG    torch.__trace:utils.py:2363 
DEBUG    torch.__trace:utils.py:2363 
DEBUG    torch.__trace:utils.py:2363 
DEBUG    torch.__trace:utils.py:2363 
DEBUG    torch.__trace:utils.py:2363 
DEBUG    torch.__trace:utils.py:2363 
DEBUG    torch.__trace:utils.py:2363 
DEBUG    torch.__trace:utils.py:2363 
DEBUG    torch.__trace:utils.py:2363 
DEBUG    torch.__trace:utils.py:2363 
DEBUG    torch.__trace:utils.py:2363 
DEBUG    torch.__trace:utils.py:2363 
DEBUG    torch.__trace:utils.py:2363 
DEBUG    torch.__trace:utils.py:2363 
DEBUG    torch.__trace:utils.py:2363 
DEBUG    torch.__trace:utils.py:2363 
DEBUG    torch.__trace:utils.py:2363 
DEBUG    torch.__trace:utils.py:2363 
DEBUG    torch.__trace:utils.py:2363 
DEBUG    torch.__trace:utils.py:2363 
DEBUG    torch.__trace:utils.py:2363 
DEBUG    torch.__trace:utils.py:2363 
DEBUG    torch.__trace:utils.py:2363 
DEBUG    torch.__trace:utils.py:2363 
DEBUG    torch.__trace:utils.py:2363 
DEBUG    torch.__trace:utils.py:2363 
DEBUG    torch.__trace:utils.py:2363 
DEBUG    torch.__trace:utils.py:2363 
DEBUG    torch.__trace:utils.py:2363 
DEBUG    torch.__trace:utils.py:2363 
DEBUG    torch.__trace:utils.py:2363 
DEBUG    torch.__trace:utils.py:2363 
DEBUG    torch.__trace:utils.py:2363 
DEBUG    torch.__trace:utils.py:2363 
DEBUG    torch.__trace:utils.py:2363 
DEBUG    torch.__trace:utils.py:2363 
DEBUG    torch.__trace:utils.py:2363 
DEBUG    torch.__trace:utils.py:2363 
DEBUG    torch.__trace:utils.py:2363 
DEBUG    torch.__trace:utils.py:2363 
DEBUG    torch.__trace:utils.py:2363 
DEBUG    torch.__trace:utils.py:2363 
DEBUG    torch.__trace:utils.py:2363 
DEBUG    torch.__trace:utils.py:2363 
DEBUG    torch.__trace:utils.py:2363 
DEBUG    torch.__trace:utils.py:2363 
DEBUG    torch.__trace:utils.py:2363 
DEBUG    torch.__trace:utils.py:2363 
DEBUG    torch.__trace:utils.py:2363 
DEBUG    torch.__trace:utils.py:2363 
DEBUG    torch.__trace:utils.py:2363 
DEBUG    torch.__trace:utils.py:2363 
DEBUG    torch.__trace:utils.py:2363 
DEBUG    torch.__trace:utils.py:2363 
DEBUG    torch.__trace:utils.py:2363 
DEBUG    torch.__trace:utils.py:2363 
DEBUG    torch.__trace:utils.py:2363 
DEBUG    torch.__trace:utils.py:2363 
DEBUG    torch.__trace:utils.py:2363 
DEBUG    torch.__trace:utils.py:2363 
DEBUG    torch.__trace:utils.py:2363 
DEBUG    torch.__trace:utils.py:2363 
DEBUG    torch.__trace:utils.py:2363 
DEBUG    torch.__trace:utils.py:2363 
DEBUG    torch.__trace:utils.py:2363 
DEBUG    torch.__trace:utils.py:2363 
DEBUG    torch.__trace:utils.py:2363 
DEBUG    torch.__trace:utils.py:2363 
DEBUG    torch.__trace:utils.py:2363 
DEBUG    torch.__trace:utils.py:2363 
DEBUG    torch.__trace:utils.py:2363 
DEBUG    torch.__trace:utils.py:2363 
DEBUG    torch.__trace:utils.py:2363 
DEBUG    torch.__trace:utils.py:2363 
DEBUG    torch.__trace:utils.py:2363 
DEBUG    torch.__trace:utils.py:2363 
DEBUG    torch.__trace:utils.py:2363 
DEBUG    torch.__trace:utils.py:2363 
DEBUG    torch.__trace:utils.py:2363 
DEBUG    torch.__trace:utils.py:2363 
DEBUG    torch.__trace:utils.py:2363 
DEBUG    torch.__trace:utils.py:2363 
DEBUG    torch.__trace:utils.py:2363 
DEBUG    torch.__trace:utils.py:2363 
DEBUG    torch.__trace:utils.py:2363 
DEBUG    torch.__trace:utils.py:2363 
DEBUG    torch.__trace:utils.py:2363 
DEBUG    torch.__trace:utils.py:2363 
DEBUG    torch.__trace:utils.py:2363 
DEBUG    torch.__trace:utils.py:2363 
DEBUG    torch.__trace:utils.py:2363 
DEBUG    torch.__trace:utils.py:2363 
DEBUG    torch.__trace:utils.py:2363 
DEBUG    torch.__trace:utils.py:2363 
DEBUG    torch.__trace:utils.py:2363 
DEBUG    torch.__trace:utils.py:2363 
DEBUG    torch.__trace:utils.py:2363 
DEBUG    torch.__trace:utils.py:2363 
DEBUG    torch.__trace:utils.py:2363 
DEBUG    torch.__trace:utils.py:2363 
DEBUG    torch.__trace:utils.py:2363 
DEBUG    torch.__trace:utils.py:2363 
DEBUG    torch.__trace:utils.py:2363 
DEBUG    torch.__trace:utils.py:2363 
DEBUG    torch.__trace:utils.py:2363 
DEBUG    torch.__trace:utils.py:2363 
DEBUG    torch.__trace:utils.py:2363 
DEBUG    torch.__trace:utils.py:2363 
DEBUG    torch.__trace:utils.py:2363 
DEBUG    torch.__trace:utils.py:2363 
DEBUG    torch.__trace:utils.py:2363 
DEBUG    torch.__trace:utils.py:2363 
DEBUG    torch.__trace:utils.py:2363 
DEBUG    torch.__trace:utils.py:2363 
DEBUG    torch.__trace:utils.py:2363 
DEBUG    torch.__trace:utils.py:2363 
DEBUG    torch.__trace:utils.py:2363 
DEBUG    torch.__trace:utils.py:2363 
DEBUG    torch.__trace:utils.py:2363 
DEBUG    torch.__trace:utils.py:2363 
DEBUG    torch.__trace:utils.py:2363 
DEBUG    torch.__trace:utils.py:2363 
DEBUG    torch.__trace:utils.py:2363 
DEBUG    torch.__trace:utils.py:2363 
DEBUG    torch.__trace:utils.py:2363 
DEBUG    torch.__trace:utils.py:2363 
DEBUG    torch.__trace:utils.py:2363 
DEBUG    torch.__trace:utils.py:2363 
DEBUG    torch.__trace:utils.py:2363 
DEBUG    torch.__trace:utils.py:2363 
DEBUG    torch.__trace:utils.py:2363 
DEBUG    torch.__trace:utils.py:2363 
DEBUG    torch.__trace:utils.py:2363 
DEBUG    torch.__trace:utils.py:2363 
DEBUG    torch.__trace:utils.py:2363 
DEBUG    torch.__trace:utils.py:2363 
DEBUG    torch.__trace:utils.py:2363 
DEBUG    torch.__trace:utils.py:2363 
DEBUG    torch.__trace:utils.py:2363 
DEBUG    torch.__trace:utils.py:2363 
DEBUG    torch.__trace:utils.py:2363 
DEBUG    torch.__trace:utils.py:2363 
DEBUG    torch.__trace:utils.py:2363 
DEBUG    torch.__trace:utils.py:2363 
DEBUG    torch.__trace:utils.py:2363 
DEBUG    torch.__trace:utils.py:2363 
DEBUG    torch.__trace:utils.py:2363 
DEBUG    torch.__trace:utils.py:2363 
DEBUG    torch.__trace:utils.py:2363 
DEBUG    torch.__trace:utils.py:2363 
DEBUG    torch.__trace:utils.py:2363 
DEBUG    torch.__trace:utils.py:2363 
DEBUG    torch.__trace:utils.py:2363 
DEBUG    torch.__trace:utils.py:2363 
DEBUG    torch.__trace:utils.py:2363 
DEBUG    torch.__trace:utils.py:2363 
DEBUG    torch.__trace:utils.py:2363 
DEBUG    torch.__trace:utils.py:2363 
DEBUG    torch.__trace:utils.py:2363 
DEBUG    torch.__trace:utils.py:2363 
DEBUG    torch.__trace:utils.py:2363 
DEBUG    torch.__trace:utils.py:2363 
DEBUG    torch.__trace:utils.py:2363 
DEBUG    torch.__trace:utils.py:2363 
DEBUG    torch.__trace:utils.py:2363 
DEBUG    torch.__trace:utils.py:2363 
DEBUG    torch.__trace:utils.py:2363 
DEBUG    torch.__trace:utils.py:2363 
DEBUG    torch.__trace:utils.py:2363 
DEBUG    torch.__trace:utils.py:2363 
DEBUG    torch.__trace:utils.py:2363 
DEBUG    torch.__trace:utils.py:2363 
DEBUG    torch.__trace:utils.py:2363 
DEBUG    torch.__trace:utils.py:2363 
DEBUG    torch.__trace:utils.py:2363 
DEBUG    torch.__trace:utils.py:2363 
DEBUG    torch.__trace:utils.py:2363 
DEBUG    torch.__trace:utils.py:2363 
DEBUG    torch.__trace:utils.py:2363 
DEBUG    torch.__trace:utils.py:2363 
DEBUG    torch.__trace:utils.py:2363 
DEBUG    torch.__trace:utils.py:2363 
DEBUG    torch.__trace:utils.py:2363 
DEBUG    torch.__trace:utils.py:2363 
DEBUG    torch.__trace:utils.py:2363 
DEBUG    torch.__trace:utils.py:2363 
DEBUG    torch.__trace:utils.py:2363 
DEBUG    torch.__trace:utils.py:2363 
DEBUG    torch.__trace:utils.py:2363 
DEBUG    torch.__trace:utils.py:2363 
DEBUG    torch.__trace:utils.py:2363 
DEBUG    torch.__trace:utils.py:2363 
DEBUG    torch.__trace:utils.py:2363 
DEBUG    torch.__trace:utils.py:2363 
DEBUG    torch.__trace:utils.py:2363 
DEBUG    torch.__trace:utils.py:2363 
DEBUG    torch.__trace:utils.py:2363 
DEBUG    torch.__trace:utils.py:2363 
DEBUG    torch.__trace:utils.py:2363 
DEBUG    torch.__trace:utils.py:2363 
DEBUG    torch.__trace:utils.py:2363 
DEBUG    torch.__trace:utils.py:2363 
DEBUG    torch.__trace:utils.py:2363 
DEBUG    torch.__trace:utils.py:2363 
DEBUG    torch.__trace:utils.py:2363 
DEBUG    torch.__trace:utils.py:2363 
DEBUG    torch.__trace:utils.py:2363 
DEBUG    torch.__trace:utils.py:2363 
DEBUG    torch.__trace:utils.py:2363 
DEBUG    torch.__trace:utils.py:2363 
DEBUG    torch.__trace:utils.py:2363 
DEBUG    torch.__trace:utils.py:2363 
DEBUG    torch.__trace:utils.py:2363 
DEBUG    torch.__trace:utils.py:2363 
DEBUG    torch.__trace:utils.py:2363 
DEBUG    torch.__trace:utils.py:2363 
DEBUG    torch.__trace:utils.py:2363 
DEBUG    torch.__trace:utils.py:2363 
DEBUG    torch.__trace:utils.py:2363 
DEBUG    torch.__trace:utils.py:2363 
DEBUG    torch.__trace:utils.py:2363 
DEBUG    torch.__trace:utils.py:2363 
DEBUG    torch.__trace:utils.py:2363 
DEBUG    torch.__trace:utils.py:2363 
DEBUG    torch.__trace:utils.py:2363 
DEBUG    torch.__trace:utils.py:2363 
DEBUG    torch.__trace:utils.py:2363 
DEBUG    torch.__trace:utils.py:2363 
DEBUG    torch.__trace:utils.py:2363 
DEBUG    torch.__trace:utils.py:2363 
DEBUG    torch.__trace:utils.py:2363 
DEBUG    torch.__trace:utils.py:2363 
DEBUG    torch.__trace:utils.py:2363 
DEBUG    torch.__trace:utils.py:2363 
DEBUG    torch.__trace:utils.py:2363 
DEBUG    torch.__trace:utils.py:2363 
DEBUG    torch.__trace:utils.py:2363 
DEBUG    torch.__trace:utils.py:2363 
DEBUG    torch.__trace:utils.py:2363 
DEBUG    torch.__trace:utils.py:2363 
DEBUG    torch.__trace:utils.py:2363 
DEBUG    torch.__trace:utils.py:2363 
DEBUG    torch.__trace:utils.py:2363 
DEBUG    torch.__trace:utils.py:2363 
DEBUG    torch.__trace:utils.py:2363 
DEBUG    torch.__trace:utils.py:2363 
DEBUG    torch.__trace:utils.py:2363 
DEBUG    torch.__trace:utils.py:2363 
DEBUG    torch.__trace:utils.py:2363 
DEBUG    torch.__trace:utils.py:2363 
DEBUG    torch.__trace:utils.py:2363 
DEBUG    torch.__trace:utils.py:2363 
DEBUG    torch.__trace:utils.py:2363 
DEBUG    torch.__trace:utils.py:2363 
DEBUG    torch.__trace:utils.py:2363 
DEBUG    torch.__trace:utils.py:2363 
DEBUG    torch.__trace:utils.py:2363 
DEBUG    torch.__trace:utils.py:2363 
DEBUG    torch.__trace:utils.py:2363 
DEBUG    torch.__trace:utils.py:2363 
DEBUG    torch.__trace:utils.py:2363 
DEBUG    torch.__trace:utils.py:2363 
DEBUG    torch.__trace:utils.py:2363 
DEBUG    torch.__trace:utils.py:2363 
DEBUG    torch.__trace:utils.py:2363 
DEBUG    torch.__trace:utils.py:2363 
DEBUG    torch.__trace:utils.py:2363 
DEBUG    torch.__trace:utils.py:2363 
DEBUG    torch.__trace:utils.py:2363 
DEBUG    torch.__trace:utils.py:2363 
DEBUG    torch.__trace:utils.py:2363 
DEBUG    torch.__trace:utils.py:2363 
DEBUG    torch.__trace:utils.py:2363 
DEBUG    torch.__trace:utils.py:2363 
DEBUG    torch.__trace:utils.py:2363 
DEBUG    torch.__trace:utils.py:2363 
DEBUG    torch.__trace:utils.py:2363 
DEBUG    torch.__trace:utils.py:2363 
DEBUG    torch.__trace:utils.py:2363 
DEBUG    torch.__trace:utils.py:2363 
DEBUG    torch.__trace:utils.py:2363 
DEBUG    torch.__trace:utils.py:2363 
DEBUG    torch.__trace:utils.py:2363 
DEBUG    torch.__trace:utils.py:2363 
DEBUG    torch.__trace:utils.py:2363 
DEBUG    torch.__trace:utils.py:2363 
DEBUG    torch.__trace:utils.py:2363 
DEBUG    torch.__trace:utils.py:2363 
DEBUG    torch.__trace:utils.py:2363 
DEBUG    torch.__trace:utils.py:2363 
DEBUG    torch.__trace:utils.py:2363 
DEBUG    torch.__trace:utils.py:2363 
DEBUG    torch.__trace:utils.py:2363 
DEBUG    torch.__trace:utils.py:2363 
DEBUG    torch.__trace:utils.py:2363 
DEBUG    torch.__trace:utils.py:2363 
DEBUG    torch.__trace:utils.py:2363 
DEBUG    torch.__trace:utils.py:2363 
DEBUG    torch.__trace:utils.py:2363 
DEBUG    torch.__trace:utils.py:2363 
DEBUG    torch.__trace:utils.py:2363 
DEBUG    torch.__trace:utils.py:2363 
DEBUG    torch.__trace:utils.py:2363 
DEBUG    torch.__trace:utils.py:2363 
DEBUG    torch.__trace:utils.py:2363 
DEBUG    torch.__trace:utils.py:2363 
DEBUG    torch.__trace:utils.py:2363 
DEBUG    torch.__trace:utils.py:2363 
DEBUG    torch.__trace:utils.py:2363 
DEBUG    torch.__trace:utils.py:2363 
DEBUG    torch.__trace:utils.py:2363 
DEBUG    torch.__trace:utils.py:2363 
DEBUG    torch.__trace:utils.py:2363 
DEBUG    torch.__trace:utils.py:2363 
DEBUG    torch.__trace:utils.py:2363 
DEBUG    torch.__trace:utils.py:2363 
DEBUG    torch.__trace:utils.py:2363 
DEBUG    torch.__trace:utils.py:2363 
DEBUG    torch.__trace:utils.py:2363 
DEBUG    torch.__trace:utils.py:2363 
DEBUG    torch.__trace:utils.py:2363 
DEBUG    torch.__trace:utils.py:2363 
DEBUG    torch.__trace:utils.py:2363 
DEBUG    torch.__trace:utils.py:2363 
DEBUG    torch.__trace:utils.py:2363 
DEBUG    torch.__trace:utils.py:2363 
DEBUG    torch.__trace:utils.py:2363 
DEBUG    torch.__trace:utils.py:2363 
DEBUG    torch.__trace:utils.py:2363 
DEBUG    torch.__trace:utils.py:2363 
DEBUG    torch.__trace:utils.py:2363 
DEBUG    torch.__trace:utils.py:2363 
DEBUG    torch.__trace:utils.py:2363 
DEBUG    torch.__trace:utils.py:2363 
DEBUG    torch.__trace:utils.py:2363 
DEBUG    torch.__trace:utils.py:2363 
DEBUG    torch.__trace:utils.py:2363 
DEBUG    torch.__trace:utils.py:2363 
DEBUG    torch.__trace:utils.py:2363 
DEBUG    torch.__trace:utils.py:2363 
DEBUG    torch.__trace:utils.py:2363 
DEBUG    torch.__trace:utils.py:2363 
DEBUG    torch.__trace:utils.py:2363 
DEBUG    torch.__trace:utils.py:2363 
DEBUG    torch.__trace:utils.py:2363 
DEBUG    torch.__trace:utils.py:2363 
DEBUG    torch.__trace:utils.py:2363 
DEBUG    torch.__trace:utils.py:2363 
DEBUG    torch.__trace:utils.py:2363 
DEBUG    torch.__trace:utils.py:2363 
DEBUG    torch.__trace:utils.py:2363 
DEBUG    torch.__trace:utils.py:2363 
DEBUG    torch.__trace:utils.py:2363 
DEBUG    torch.__trace:utils.py:2363 
DEBUG    torch.__trace:utils.py:2363 
DEBUG    torch.__trace:utils.py:2363 
DEBUG    torch.__trace:utils.py:2363 
DEBUG    torch.__trace:utils.py:2363 
DEBUG    torch.__trace:utils.py:2363 
DEBUG    torch.__trace:utils.py:2363 
DEBUG    torch.__trace:utils.py:2363 
DEBUG    torch.__trace:utils.py:2363 
DEBUG    torch.__trace:utils.py:2363 
DEBUG    torch.__trace:utils.py:2363 
DEBUG    torch.__trace:utils.py:2363 
DEBUG    torch.__trace:utils.py:2363 
DEBUG    torch.__trace:utils.py:2363 
DEBUG    torch.__trace:utils.py:2363 
DEBUG    torch.__trace:utils.py:2363 
DEBUG    torch.__trace:utils.py:2363 
DEBUG    torch.__trace:utils.py:2363 
DEBUG    torch.__trace:utils.py:2363 
DEBUG    torch.__trace:utils.py:2363 
DEBUG    torch.__trace:utils.py:2363 
DEBUG    torch.__trace:utils.py:2363 
DEBUG    torch.__trace:utils.py:2363 
DEBUG    torch.__trace:utils.py:2363 
DEBUG    torch.__trace:utils.py:2363 
DEBUG    torch.__trace:utils.py:2363 
DEBUG    torch.__trace:utils.py:2363 
DEBUG    torch.__trace:utils.py:2363 
DEBUG    torch.__trace:utils.py:2363 
DEBUG    torch.__trace:utils.py:2363 
DEBUG    torch.__trace:utils.py:2363 
DEBUG    torch.__trace:utils.py:2363 
DEBUG    torch.__trace:utils.py:2363 
DEBUG    torch.__trace:utils.py:2363 
DEBUG    torch.__trace:utils.py:2363 
DEBUG    torch.__trace:utils.py:2363 
DEBUG    torch.__trace:utils.py:2363 
DEBUG    torch.__trace:utils.py:2363 
DEBUG    torch.__trace:utils.py:2363 
DEBUG    torch.__trace:utils.py:2363 
DEBUG    torch.__trace:utils.py:2363 
DEBUG    torch.__trace:utils.py:2363 
DEBUG    torch.__trace:utils.py:2363 
DEBUG    torch.__trace:utils.py:2363 
DEBUG    torch.__trace:utils.py:2363 
DEBUG    torch.__trace:utils.py:2363 
DEBUG    torch.__trace:utils.py:2363 
DEBUG    torch.__trace:utils.py:2363 
DEBUG    torch.__trace:utils.py:2363 
DEBUG    torch.__trace:utils.py:2363 
DEBUG    torch.__trace:utils.py:2363 
DEBUG    torch.__trace:utils.py:2363 
DEBUG    torch.__trace:utils.py:2363 
DEBUG    torch.__trace:utils.py:2363 
DEBUG    torch.__trace:utils.py:2363 
DEBUG    torch.__trace:utils.py:2363 
DEBUG    torch.__trace:utils.py:2363 
DEBUG    torch.__trace:utils.py:2363 
DEBUG    torch.__trace:utils.py:2363 
DEBUG    torch.__trace:utils.py:2363 
DEBUG    torch.__trace:utils.py:2363 
DEBUG    torch.__trace:utils.py:2363 
DEBUG    torch.__trace:utils.py:2363 
DEBUG    torch.__trace:utils.py:2363 
DEBUG    torch.__trace:utils.py:2363 
DEBUG    torch.__trace:utils.py:2363 
DEBUG    torch.__trace:utils.py:2363 
DEBUG    torch.__trace:utils.py:2363 
DEBUG    torch.__trace:utils.py:2363 
DEBUG    torch.__trace:utils.py:2363 
DEBUG    torch.__trace:utils.py:2363 
DEBUG    torch.__trace:utils.py:2363 
DEBUG    torch.__trace:utils.py:2363 
DEBUG    torch.__trace:utils.py:2363 
DEBUG    torch.__trace:utils.py:2363 
DEBUG    torch.__trace:utils.py:2363 
DEBUG    torch.__trace:utils.py:2363 
DEBUG    torch.__trace:utils.py:2363 
DEBUG    torch.__trace:utils.py:2363 
DEBUG    torch.__trace:utils.py:2363 
DEBUG    torch.__trace:utils.py:2363 
DEBUG    torch.__trace:utils.py:2363 
DEBUG    torch.__trace:utils.py:2363 
DEBUG    torch.__trace:utils.py:2363 
DEBUG    torch.__trace:utils.py:2363 
DEBUG    torch.__trace:utils.py:2363 
DEBUG    torch.__trace:utils.py:2363 
DEBUG    torch.__trace:utils.py:2363 
DEBUG    torch.__trace:utils.py:2363 
DEBUG    torch.__trace:utils.py:2363 
DEBUG    torch.__trace:utils.py:2363 
DEBUG    torch.__trace:utils.py:2363 
DEBUG    torch.__trace:utils.py:2363 
DEBUG    torch.__trace:utils.py:2363 
DEBUG    torch.__trace:utils.py:2363 
DEBUG    torch.__trace:utils.py:2363 
DEBUG    torch.__trace:utils.py:2363 
DEBUG    torch.__trace:utils.py:2363 
DEBUG    torch.__trace:utils.py:2363 
DEBUG    torch.__trace:utils.py:2363 
DEBUG    torch.__trace:utils.py:2363 
DEBUG    torch.__trace:utils.py:2363 
DEBUG    torch.__trace:utils.py:2363 
DEBUG    torch.__trace:utils.py:2363 
DEBUG    torch.__trace:utils.py:2363 
DEBUG    torch.__trace:utils.py:2363 
DEBUG    torch.__trace:utils.py:2363 
DEBUG    torch.__trace:utils.py:2363 
DEBUG    torch.__trace:utils.py:2363 
DEBUG    torch.__trace:utils.py:2363 
DEBUG    torch.__trace:utils.py:2363 
DEBUG    torch.__trace:utils.py:2363 
DEBUG    torch.__trace:utils.py:2363 
DEBUG    torch.__trace:utils.py:2363 
DEBUG    torch.__trace:utils.py:2363 
DEBUG    torch.__trace:utils.py:2363 
DEBUG    torch.__trace:utils.py:2363 
DEBUG    torch.__trace:utils.py:2363 
DEBUG    torch.__trace:utils.py:2363 
DEBUG    torch.__trace:utils.py:2363 
DEBUG    torch.__trace:utils.py:2363 
DEBUG    torch.__trace:utils.py:2363 
DEBUG    torch.__trace:utils.py:2363 
DEBUG    torch.__trace:utils.py:2363 
DEBUG    torch.__trace:utils.py:2363 
DEBUG    torch.__trace:utils.py:2363 
DEBUG    torch.__trace:utils.py:2363 
DEBUG    torch.__trace:utils.py:2363 
DEBUG    torch.__trace:utils.py:2363 
DEBUG    torch.__trace:utils.py:2363 
DEBUG    torch.__trace:utils.py:2363 
DEBUG    torch.__trace:utils.py:2363 
DEBUG    torch.__trace:utils.py:2363 
DEBUG    torch.__trace:utils.py:2363 
DEBUG    torch.__trace:utils.py:2363 
DEBUG    torch.__trace:utils.py:2363 
DEBUG    torch.__trace:utils.py:2363 
DEBUG    torch.__trace:utils.py:2363 
DEBUG    torch.__trace:utils.py:2363 
DEBUG    torch.__trace:utils.py:2363 
DEBUG    torch.__trace:utils.py:2363 
DEBUG    torch.__trace:utils.py:2363 
DEBUG    torch.__trace:utils.py:2363 
DEBUG    torch.__trace:utils.py:2363 
DEBUG    torch.__trace:utils.py:2363 
DEBUG    torch.__trace:utils.py:2363 
DEBUG    torch.__trace:utils.py:2363 
DEBUG    torch.__trace:utils.py:2363 
DEBUG    torch.__trace:utils.py:2363 
DEBUG    torch.__trace:utils.py:2363 
DEBUG    torch.__trace:utils.py:2363 
DEBUG    torch.__trace:utils.py:2363 
DEBUG    torch.__trace:utils.py:2363 
DEBUG    torch.__trace:utils.py:2363 
DEBUG    torch.__trace:utils.py:2363 
DEBUG    torch.__trace:utils.py:2363 
DEBUG    torch.__trace:utils.py:2363 
DEBUG    torch.__trace:utils.py:2363 
DEBUG    torch.__trace:utils.py:2363 
DEBUG    torch.__trace:utils.py:2363 
DEBUG    torch.__trace:utils.py:2363 
DEBUG    torch.__trace:utils.py:2363 
DEBUG    torch.__trace:utils.py:2363 
DEBUG    torch.__trace:utils.py:2363 
DEBUG    torch.__trace:utils.py:2363 
DEBUG    torch.__trace:utils.py:2363 
DEBUG    torch.__trace:utils.py:2363 
DEBUG    torch.__trace:utils.py:2363 
DEBUG    torch.__trace:utils.py:2363 
DEBUG    torch.__trace:utils.py:2363 
DEBUG    torch.__trace:utils.py:2363 
DEBUG    torch.__trace:utils.py:2363 
DEBUG    torch.__trace:utils.py:2363 
DEBUG    torch.__trace:utils.py:2363 
DEBUG    torch.__trace:utils.py:2363 
DEBUG    torch.__trace:utils.py:2363 
DEBUG    torch.__trace:utils.py:2363 
DEBUG    torch.__trace:utils.py:2363 
DEBUG    torch.__trace:utils.py:2363 
DEBUG    torch.__trace:utils.py:2363 
DEBUG    torch.__trace:utils.py:2363 
DEBUG    torch.__trace:utils.py:2363 
DEBUG    torch.__trace:utils.py:2363 
DEBUG    torch.__trace:utils.py:2363 
DEBUG    torch.__trace:utils.py:2363 
DEBUG    torch.__trace:utils.py:2363 
DEBUG    torch.__trace:utils.py:2363 
DEBUG    torch.__trace:utils.py:2363 
DEBUG    torch.__trace:utils.py:2363 
DEBUG    torch.__trace:utils.py:2363 
DEBUG    torch.__trace:utils.py:2363 
DEBUG    torch.__trace:utils.py:2363 
DEBUG    torch.__trace:utils.py:2363 
DEBUG    torch.__trace:utils.py:2363 
DEBUG    torch.__trace:utils.py:2363 
DEBUG    torch.__trace:utils.py:2363 
DEBUG    torch.__trace:utils.py:2363 
DEBUG    torch.__trace:utils.py:2363 
DEBUG    torch.__trace:utils.py:2363 
DEBUG    torch.__trace:utils.py:2363 
DEBUG    torch.__trace:utils.py:2363 
DEBUG    torch.__trace:utils.py:2363 
DEBUG    torch.__trace:utils.py:2363 
DEBUG    torch.__trace:utils.py:2363 
DEBUG    torch.__trace:utils.py:2363 
DEBUG    torch.__trace:utils.py:2363 
DEBUG    torch.__trace:utils.py:2363 
DEBUG    torch.__trace:utils.py:2363 
DEBUG    torch.__trace:utils.py:2363 
DEBUG    torch.__trace:utils.py:2363 
DEBUG    torch.__trace:utils.py:2363 
DEBUG    torch.__trace:utils.py:2363 
DEBUG    torch.__trace:utils.py:2363 
DEBUG    torch.__trace:utils.py:2363 
DEBUG    torch.__trace:utils.py:2363 
DEBUG    torch.__trace:utils.py:2363 
DEBUG    torch.__trace:utils.py:2363 
DEBUG    torch.__trace:utils.py:2363 
DEBUG    torch.__trace:utils.py:2363 
DEBUG    torch.__trace:utils.py:2363 
DEBUG    torch.__trace:utils.py:2363 
DEBUG    torch.__trace:utils.py:2363 
DEBUG    torch.__trace:utils.py:2363 
DEBUG    torch.__trace:utils.py:2363 
DEBUG    torch.__trace:utils.py:2363 
DEBUG    torch.__trace:utils.py:2363 
DEBUG    torch.__trace:utils.py:2363 
DEBUG    torch.__trace:utils.py:2363 
DEBUG    torch.__trace:utils.py:2363 
DEBUG    torch.__trace:utils.py:2363 
DEBUG    torch.__trace:utils.py:2363 
DEBUG    torch.__trace:utils.py:2363 
DEBUG    torch.__trace:utils.py:2363 
DEBUG    torch.__trace:utils.py:2363 
DEBUG    torch.__trace:utils.py:2363 
DEBUG    torch.__trace:utils.py:2363 
DEBUG    torch.__trace:utils.py:2363 
DEBUG    torch.__trace:utils.py:2363 
DEBUG    torch.__trace:utils.py:2363 
DEBUG    torch.__trace:utils.py:2363 
DEBUG    torch.__trace:utils.py:2363 
DEBUG    torch.__trace:utils.py:2363 
DEBUG    torch.__trace:utils.py:2363 
DEBUG    torch.__trace:utils.py:2363 
DEBUG    torch.__trace:utils.py:2363 
DEBUG    torch.__trace:utils.py:2363 
DEBUG    torch.__trace:utils.py:2363 
DEBUG    torch.__trace:utils.py:2363 
DEBUG    torch.__trace:utils.py:2363 
DEBUG    torch.__trace:utils.py:2363 
DEBUG    torch.__trace:utils.py:2363 
DEBUG    torch.__trace:utils.py:2363 
DEBUG    torch.__trace:utils.py:2363 
DEBUG    torch.__trace:utils.py:2363 
DEBUG    torch.__trace:utils.py:2363 
DEBUG    torch.__trace:utils.py:2363 
DEBUG    torch.__trace:utils.py:2363 
DEBUG    torch.__trace:utils.py:2363 
DEBUG    torch.__trace:utils.py:2363 
DEBUG    torch.__trace:utils.py:2363 
DEBUG    torch.__trace:utils.py:2363 
DEBUG    torch.__trace:utils.py:2363 
DEBUG    torch.__trace:utils.py:2363 
DEBUG    torch.__trace:utils.py:2363 
DEBUG    torch.__trace:utils.py:2363 
DEBUG    torch.__trace:utils.py:2363 
DEBUG    torch.__trace:utils.py:2363 
DEBUG    torch.__trace:utils.py:2363 
DEBUG    torch.__trace:utils.py:2363 
DEBUG    torch.__trace:utils.py:2363 
DEBUG    torch.__trace:utils.py:2363 
DEBUG    torch.__trace:utils.py:2363 
DEBUG    torch.__trace:utils.py:2363 
DEBUG    torch.__trace:utils.py:2363 
DEBUG    torch.__trace:utils.py:2363 
DEBUG    torch.__trace:utils.py:2363 
DEBUG    torch.__trace:utils.py:2363 
DEBUG    torch.__trace:utils.py:2363 
DEBUG    torch.__trace:utils.py:2363 
DEBUG    torch.__trace:utils.py:2363 
DEBUG    torch.__trace:utils.py:2363 
DEBUG    torch.__trace:utils.py:2363 
DEBUG    torch.__trace:utils.py:2363 
DEBUG    torch.__trace:utils.py:2363 
DEBUG    torch.__trace:utils.py:2363 
DEBUG    torch.__trace:utils.py:2363 
DEBUG    torch.__trace:utils.py:2363 
DEBUG    torch.__trace:utils.py:2363 
DEBUG    torch.__trace:utils.py:2363 
DEBUG    torch.__trace:utils.py:2363 
DEBUG    torch.__trace:utils.py:2363 
DEBUG    torch.__trace:utils.py:2363 
DEBUG    torch.__trace:utils.py:2363 
DEBUG    torch.__trace:utils.py:2363 
DEBUG    torch.__trace:utils.py:2363 
DEBUG    torch.__trace:utils.py:2363 
DEBUG    torch.__trace:utils.py:2363 
DEBUG    torch.__trace:utils.py:2363 
DEBUG    torch.__trace:utils.py:2363 
DEBUG    torch.__trace:utils.py:2363 
DEBUG    torch.__trace:utils.py:2363 
DEBUG    torch.__trace:utils.py:2363 
DEBUG    torch.__trace:utils.py:2363 
DEBUG    torch.__trace:utils.py:2363 
DEBUG    torch.__trace:utils.py:2363 
DEBUG    torch.__trace:utils.py:2363 
DEBUG    torch.__trace:utils.py:2363 
DEBUG    torch.__trace:utils.py:2363 
DEBUG    torch.__trace:utils.py:2363 
DEBUG    torch.__trace:utils.py:2363 
DEBUG    torch.__trace:utils.py:2363 
DEBUG    torch.__trace:utils.py:2363 
DEBUG    torch.__trace:utils.py:2363 
DEBUG    torch.__trace:utils.py:2363 
DEBUG    torch.__trace:utils.py:2363 
DEBUG    torch.__trace:utils.py:2363 
DEBUG    torch.__trace:utils.py:2363 
DEBUG    torch.__trace:utils.py:2363 
DEBUG    torch.__trace:utils.py:2363 
DEBUG    torch.__trace:utils.py:2363 
DEBUG    torch.__trace:utils.py:2363 
DEBUG    torch.__trace:utils.py:2363 
DEBUG    torch.__trace:utils.py:2363 
DEBUG    torch.__trace:utils.py:2363 
DEBUG    torch.__trace:utils.py:2363 
DEBUG    torch.__trace:utils.py:2363 
DEBUG    torch.__trace:utils.py:2363 
DEBUG    torch.__trace:utils.py:2363 
DEBUG    torch.__trace:utils.py:2363 
DEBUG    torch.__trace:utils.py:2363 
DEBUG    torch.__trace:utils.py:2363 
DEBUG    torch.__trace:utils.py:2363 
DEBUG    torch.__trace:utils.py:2363 
DEBUG    torch.__trace:utils.py:2363 
DEBUG    torch.__trace:utils.py:2363 
DEBUG    torch.__trace:utils.py:2363 
DEBUG    torch.__trace:utils.py:2363 
DEBUG    torch.__trace:utils.py:2363 
DEBUG    torch.__trace:utils.py:2363 
DEBUG    torch.__trace:utils.py:2363 
DEBUG    torch.__trace:utils.py:2363 
DEBUG    torch.__trace:utils.py:2363 
DEBUG    torch.__trace:utils.py:2363 
DEBUG    torch.__trace:utils.py:2363 
DEBUG    torch.__trace:utils.py:2363 
DEBUG    torch.__trace:utils.py:2363 
DEBUG    torch.__trace:utils.py:2363 
DEBUG    torch.__trace:utils.py:2363 
DEBUG    torch.__trace:utils.py:2363 
DEBUG    torch.__trace:utils.py:2363 
DEBUG    torch.__trace:utils.py:2363 
DEBUG    torch.__trace:utils.py:2363 
DEBUG    torch.__trace:utils.py:2363 
DEBUG    torch.__trace:utils.py:2363 
DEBUG    torch.__trace:utils.py:2363 
DEBUG    torch.__trace:utils.py:2363 
DEBUG    torch.__trace:utils.py:2363 
DEBUG    torch.__trace:utils.py:2363 
DEBUG    torch.__trace:utils.py:2363 
DEBUG    torch.__trace:utils.py:2363 
DEBUG    torch.__trace:utils.py:2363 
DEBUG    torch.__trace:utils.py:2363 
DEBUG    torch.__trace:utils.py:2363 
DEBUG    torch.__trace:utils.py:2363 
DEBUG    torch.__trace:utils.py:2363 
DEBUG    torch.__trace:utils.py:2363 
DEBUG    torch.__trace:utils.py:2363 
DEBUG    torch.__trace:utils.py:2363 
DEBUG    torch.__trace:utils.py:2363 
DEBUG    torch.__trace:utils.py:2363 
DEBUG    torch.__trace:utils.py:2363 
DEBUG    torch.__trace:utils.py:2363 
DEBUG    torch.__trace:utils.py:2363 
DEBUG    torch.__trace:utils.py:2363 
DEBUG    torch.__trace:utils.py:2363 
DEBUG    torch.__trace:utils.py:2363 
DEBUG    torch.__trace:utils.py:2363 
DEBUG    torch.__trace:utils.py:2363 
DEBUG    torch.__trace:utils.py:2363 
DEBUG    torch.__trace:utils.py:2363 
DEBUG    torch.__trace:utils.py:2363 
DEBUG    torch.__trace:utils.py:2363 
DEBUG    torch.__trace:utils.py:2363 
DEBUG    torch.__trace:utils.py:2363 
DEBUG    torch.__trace:utils.py:2363 
DEBUG    torch.__trace:utils.py:2363 
DEBUG    torch.__trace:utils.py:2363 
DEBUG    torch.__trace:utils.py:2363 
DEBUG    torch.__trace:utils.py:2363 
DEBUG    torch.__trace:utils.py:2363 
DEBUG    torch.__trace:utils.py:2363 
DEBUG    torch.__trace:utils.py:2363 
DEBUG    torch.__trace:utils.py:2363 
DEBUG    torch.__trace:utils.py:2363 
DEBUG    torch.__trace:utils.py:2363 
DEBUG    torch.__trace:utils.py:2363 
DEBUG    torch.__trace:utils.py:2363 
DEBUG    torch.__trace:utils.py:2363 
DEBUG    torch.__trace:utils.py:2363 
DEBUG    torch.__trace:utils.py:2363 
DEBUG    torch.__trace:utils.py:2363 
DEBUG    torch.__trace:utils.py:2363 
DEBUG    torch.__trace:utils.py:2363 
DEBUG    torch.__trace:utils.py:2363 
DEBUG    torch.__trace:utils.py:2363 
DEBUG    torch.__trace:utils.py:2363 
DEBUG    torch.__trace:utils.py:2363 
DEBUG    torch.__trace:utils.py:2363 
DEBUG    torch.__trace:utils.py:2363 
DEBUG    torch.__trace:utils.py:2363 
DEBUG    torch.__trace:utils.py:2363 
DEBUG    torch.__trace:utils.py:2363 
DEBUG    torch.__trace:utils.py:2363 
DEBUG    torch.__trace:utils.py:2363 
DEBUG    torch.__trace:utils.py:2363 
DEBUG    torch.__trace:utils.py:2363 
DEBUG    torch.__trace:utils.py:2363 
DEBUG    torch.__trace:utils.py:2363 
DEBUG    torch.__trace:utils.py:2363 
DEBUG    torch.__trace:utils.py:2363 
DEBUG    torch.__trace:utils.py:2363 
DEBUG    torch.__trace:utils.py:2363 
DEBUG    torch.__trace:utils.py:2363 
DEBUG    torch.__trace:utils.py:2363 
DEBUG    torch.__trace:utils.py:2363 
DEBUG    torch.__trace:utils.py:2363 
DEBUG    torch.__trace:utils.py:2363 
DEBUG    torch.__trace:utils.py:2363 
DEBUG    torch.__trace:utils.py:2363 
DEBUG    torch.__trace:utils.py:2363 
DEBUG    torch.__trace:utils.py:2363 
DEBUG    torch.__trace:utils.py:2363 
DEBUG    torch.__trace:utils.py:2363 
DEBUG    torch.__trace:utils.py:2363 
DEBUG    torch.__trace:utils.py:2363 
DEBUG    torch.__trace:utils.py:2363 
DEBUG    torch.__trace:utils.py:2363 
DEBUG    torch.__trace:utils.py:2363 
DEBUG    torch.__trace:utils.py:2363 
DEBUG    torch.__trace:utils.py:2363 
DEBUG    torch.__trace:utils.py:2363 
DEBUG    torch.__trace:utils.py:2363 
DEBUG    torch.__trace:utils.py:2363 
DEBUG    torch.__trace:utils.py:2363 
DEBUG    torch.__trace:utils.py:2363 
DEBUG    torch.__trace:utils.py:2363 
DEBUG    torch.__trace:utils.py:2363 
DEBUG    torch.__trace:utils.py:2363 
DEBUG    torch.__trace:utils.py:2363 
DEBUG    torch.__trace:utils.py:2363 
DEBUG    torch.__trace:utils.py:2363 
DEBUG    torch.__trace:utils.py:2363 
DEBUG    torch.__trace:utils.py:2363 
DEBUG    torch.__trace:utils.py:2363 
DEBUG    torch.__trace:utils.py:2363 
DEBUG    torch.__trace:utils.py:2363 
DEBUG    torch.__trace:utils.py:2363 
DEBUG    torch.__trace:utils.py:2363 
DEBUG    torch.__trace:utils.py:2363 
DEBUG    torch.__trace:utils.py:2363 
DEBUG    torch.__trace:utils.py:2363 
DEBUG    torch.__trace:utils.py:2363 
DEBUG    torch.__trace:utils.py:2363 
DEBUG    torch.__trace:utils.py:2363 
DEBUG    torch.__trace:utils.py:2363 
DEBUG    torch.__trace:utils.py:2363 
DEBUG    torch.__trace:utils.py:2363 
DEBUG    torch.__trace:utils.py:2363 
DEBUG    torch.__trace:utils.py:2363 
DEBUG    torch.__trace:utils.py:2363 
DEBUG    torch.__trace:utils.py:2363 
DEBUG    torch.__trace:utils.py:2363 
DEBUG    torch.__trace:utils.py:2363 
DEBUG    torch.__trace:utils.py:2363 
DEBUG    torch.__trace:utils.py:2363 
DEBUG    torch.__trace:utils.py:2363 
DEBUG    torch.__trace:utils.py:2363 
DEBUG    torch.__trace:utils.py:2363 
DEBUG    torch.__trace:utils.py:2363 
DEBUG    torch.__trace:utils.py:2363 
DEBUG    torch.__trace:utils.py:2363 
DEBUG    torch.__trace:utils.py:2363 
DEBUG    torch.__trace:utils.py:2363 
DEBUG    torch.__trace:utils.py:2363 
DEBUG    torch.__trace:utils.py:2363 
DEBUG    torch.__trace:utils.py:2363 
DEBUG    torch.__trace:utils.py:2363 
DEBUG    torch.__trace:utils.py:2363 
DEBUG    torch.__trace:utils.py:2363 
DEBUG    torch.__trace:utils.py:2363 
DEBUG    torch.__trace:utils.py:2363 
DEBUG    torch.__trace:utils.py:2363 
DEBUG    torch.__trace:utils.py:2363 
DEBUG    torch.__trace:utils.py:2363 
DEBUG    torch.__trace:utils.py:2363 
DEBUG    torch.__trace:utils.py:2363 
DEBUG    torch.__trace:utils.py:2363 
DEBUG    torch.__trace:utils.py:2363 
DEBUG    torch.__trace:utils.py:2363 
DEBUG    torch.__trace:utils.py:2363 
DEBUG    torch.__trace:utils.py:2363 
DEBUG    torch.__trace:utils.py:2363 
DEBUG    torch.__trace:utils.py:2363 
DEBUG    torch.__trace:utils.py:2363 
DEBUG    torch.__trace:utils.py:2363 
DEBUG    torch.__trace:utils.py:2363 
DEBUG    torch.__trace:utils.py:2363 
DEBUG    torch.__trace:utils.py:2363 
DEBUG    torch.__trace:utils.py:2363 
DEBUG    torch.__trace:utils.py:2363 
DEBUG    torch.__trace:utils.py:2363 
DEBUG    torch.__trace:utils.py:2363 
DEBUG    torch.__trace:utils.py:2363 
DEBUG    torch.__trace:utils.py:2363 
DEBUG    torch.__trace:utils.py:2363 
DEBUG    torch.__trace:utils.py:2363 
DEBUG    torch.__trace:utils.py:2363 
DEBUG    torch.__trace:utils.py:2363 
DEBUG    torch.__trace:utils.py:2363 
DEBUG    torch.__trace:utils.py:2363 
DEBUG    torch.__trace:utils.py:2363 
DEBUG    torch.__trace:utils.py:2363 
DEBUG    torch.__trace:utils.py:2363 
DEBUG    torch.__trace:utils.py:2363 
DEBUG    torch.__trace:utils.py:2363 
DEBUG    torch.__trace:utils.py:2363 
DEBUG    torch.__trace:utils.py:2363 
DEBUG    torch.__trace:utils.py:2363 
DEBUG    torch.__trace:utils.py:2363 
DEBUG    torch.__trace:utils.py:2363 
DEBUG    torch.__trace:utils.py:2363 
DEBUG    torch.__trace:utils.py:2363 
DEBUG    torch.__trace:utils.py:2363 
DEBUG    torch.__trace:utils.py:2363 
DEBUG    torch.__trace:utils.py:2363 
DEBUG    torch.__trace:utils.py:2363 
DEBUG    torch.__trace:utils.py:2363 
DEBUG    torch.__trace:utils.py:2363 
DEBUG    torch.__trace:utils.py:2363 
DEBUG    torch.__trace:utils.py:2363 
DEBUG    torch.__trace:utils.py:2363 
DEBUG    torch.__trace:utils.py:2363 
DEBUG    torch.__trace:utils.py:2363 
DEBUG    torch.__trace:utils.py:2363 
DEBUG    torch.__trace:utils.py:2363 
DEBUG    torch.__trace:utils.py:2363 
DEBUG    torch.__trace:utils.py:2363 
DEBUG    torch.__trace:utils.py:2363 
DEBUG    torch.__trace:utils.py:2363 
DEBUG    torch.__trace:utils.py:2363 
DEBUG    torch.__trace:utils.py:2363 
DEBUG    torch.__trace:utils.py:2363 
DEBUG    torch.__trace:utils.py:2363 
DEBUG    torch.__trace:utils.py:2363 
DEBUG    torch.__trace:utils.py:2363 
DEBUG    torch.__trace:utils.py:2363 
DEBUG    torch.__trace:utils.py:2363 
DEBUG    torch.__trace:utils.py:2363 
DEBUG    torch.__trace:utils.py:2363 
DEBUG    torch.__trace:utils.py:2363 
DEBUG    torch.__trace:utils.py:2363 
DEBUG    torch.__trace:utils.py:2363 
DEBUG    torch.__trace:utils.py:2363 
DEBUG    torch.__trace:utils.py:2363 
DEBUG    torch.__trace:utils.py:2363 
DEBUG    torch.__trace:utils.py:2363 
DEBUG    torch.__trace:utils.py:2363 
DEBUG    torch.__trace:utils.py:2363 
DEBUG    torch.__trace:utils.py:2363 
DEBUG    torch.__trace:utils.py:2363 
DEBUG    torch.__trace:utils.py:2363 
DEBUG    torch.__trace:utils.py:2363 
DEBUG    torch.__trace:utils.py:2363 
DEBUG    torch.__trace:utils.py:2363 
DEBUG    torch.__trace:utils.py:2363 
DEBUG    torch.__trace:utils.py:2363 
DEBUG    torch.__trace:utils.py:2363 
DEBUG    torch.__trace:utils.py:2363 
DEBUG    torch.__trace:utils.py:2363 
DEBUG    torch.__trace:utils.py:2363 
DEBUG    torch.__trace:utils.py:2363 
DEBUG    torch.__trace:utils.py:2363 
DEBUG    torch.__trace:utils.py:2363 
DEBUG    torch.__trace:utils.py:2363 
DEBUG    torch.__trace:utils.py:2363 
DEBUG    torch.__trace:utils.py:2363 
DEBUG    torch.__trace:utils.py:2363 
DEBUG    torch.__trace:utils.py:2363 
DEBUG    torch.__trace:utils.py:2363 
DEBUG    torch.__trace:utils.py:2363 
DEBUG    torch.__trace:utils.py:2363 
DEBUG    torch.__trace:utils.py:2363 
DEBUG    torch.__trace:utils.py:2363 
DEBUG    torch.__trace:utils.py:2363 
DEBUG    torch.__trace:utils.py:2363 
DEBUG    torch.__trace:utils.py:2363 
DEBUG    torch.__trace:utils.py:2363 
DEBUG    torch.__trace:utils.py:2363 
DEBUG    torch.__trace:utils.py:2363 
DEBUG    torch.__trace:utils.py:2363 
DEBUG    torch.__trace:utils.py:2363 
DEBUG    torch.__trace:utils.py:2363 
DEBUG    torch.__trace:utils.py:2363 
DEBUG    torch.__trace:utils.py:2363 
DEBUG    torch.__trace:utils.py:2363 
DEBUG    torch.__trace:utils.py:2363 
DEBUG    torch.__trace:utils.py:2363 
DEBUG    torch.__trace:utils.py:2363 
DEBUG    torch.__trace:utils.py:2363 
DEBUG    torch.__trace:utils.py:2363 
DEBUG    torch.__trace:utils.py:2363 
DEBUG    torch.__trace:utils.py:2363 
DEBUG    torch.__trace:utils.py:2363 
DEBUG    torch.__trace:utils.py:2363 
DEBUG    torch.__trace:utils.py:2363 
DEBUG    torch.__trace:utils.py:2363 
DEBUG    torch.__trace:utils.py:2363 
DEBUG    torch.__trace:utils.py:2363 
DEBUG    torch.__trace:utils.py:2363 
DEBUG    torch.__trace:utils.py:2363 
DEBUG    torch.__trace:utils.py:2363 
DEBUG    torch.__trace:utils.py:2363 
DEBUG    torch.__trace:utils.py:2363 
DEBUG    torch.__trace:utils.py:2363 
DEBUG    torch.__trace:utils.py:2363 
DEBUG    torch.__trace:utils.py:2363 
DEBUG    torch.__trace:utils.py:2363 
DEBUG    torch.__trace:utils.py:2363 
DEBUG    torch.__trace:utils.py:2363 
DEBUG    torch.__trace:utils.py:2363 
DEBUG    torch.__trace:utils.py:2363 
DEBUG    torch.__trace:utils.py:2363 
DEBUG    torch.__trace:utils.py:2363 
DEBUG    torch.__trace:utils.py:2363 
DEBUG    torch.__trace:utils.py:2363 
DEBUG    torch.__trace:utils.py:2363 
DEBUG    torch.__trace:utils.py:2363 
DEBUG    torch.__trace:utils.py:2363 
DEBUG    torch.__trace:utils.py:2363 
DEBUG    torch.__trace:utils.py:2363 
DEBUG    torch.__trace:utils.py:2363 
DEBUG    torch.__trace:utils.py:2363 
DEBUG    torch.__trace:utils.py:2363 
DEBUG    torch.__trace:utils.py:2363 
DEBUG    torch.__trace:utils.py:2363 
DEBUG    torch.__trace:utils.py:2363 
DEBUG    torch.__trace:utils.py:2363 
DEBUG    torch.__trace:utils.py:2363 
DEBUG    torch.__trace:utils.py:2363 
DEBUG    torch.__trace:utils.py:2363 
DEBUG    torch.__trace:utils.py:2363 
DEBUG    torch.__trace:utils.py:2363 
DEBUG    torch.__trace:utils.py:2363 
DEBUG    torch.__trace:utils.py:2363 
DEBUG    torch.__trace:utils.py:2363 
DEBUG    torch.__trace:utils.py:2363 
DEBUG    torch.__trace:utils.py:2363 
DEBUG    torch.__trace:utils.py:2363 
DEBUG    torch.__trace:utils.py:2363 
DEBUG    torch.__trace:utils.py:2363 
DEBUG    torch.__trace:utils.py:2363 
DEBUG    torch.__trace:utils.py:2363 
DEBUG    torch.__trace:utils.py:2363 
DEBUG    torch.__trace:utils.py:2363 
DEBUG    torch.__trace:utils.py:2363 
DEBUG    torch.__trace:utils.py:2363 
DEBUG    torch.__trace:utils.py:2363 
DEBUG    torch.__trace:utils.py:2363 
DEBUG    torch.__trace:utils.py:2363 
DEBUG    torch.__trace:utils.py:2363 
DEBUG    torch.__trace:utils.py:2363 
DEBUG    torch.__trace:utils.py:2363 
DEBUG    torch.__trace:utils.py:2363 
DEBUG    torch.__trace:utils.py:2363 
DEBUG    torch.__trace:utils.py:2363 
DEBUG    torch.__trace:utils.py:2363 
DEBUG    torch.__trace:utils.py:2363 
DEBUG    torch.__trace:utils.py:2363 
DEBUG    torch.__trace:utils.py:2363 
DEBUG    torch.__trace:utils.py:2363 
DEBUG    torch.__trace:utils.py:2363 
DEBUG    torch.__trace:utils.py:2363 
DEBUG    torch.__trace:utils.py:2363 
DEBUG    torch.__trace:utils.py:2363 
DEBUG    torch.__trace:utils.py:2363 
DEBUG    torch.__trace:utils.py:2363 
DEBUG    torch.__trace:utils.py:2363 
DEBUG    torch.__trace:utils.py:2363 
DEBUG    torch.__trace:utils.py:2363 
DEBUG    torch.__trace:utils.py:2363 
DEBUG    torch.__trace:utils.py:2363 
DEBUG    torch.__trace:utils.py:2363 
DEBUG    torch.__trace:utils.py:2363 
DEBUG    torch.__trace:utils.py:2363 
DEBUG    torch.__trace:utils.py:2363 
DEBUG    torch.__trace:utils.py:2363 
DEBUG    torch.__trace:utils.py:2363 
DEBUG    torch.__trace:utils.py:2363 
DEBUG    torch.__trace:utils.py:2363 
DEBUG    torch.__trace:utils.py:2363 
DEBUG    torch.__trace:utils.py:2363 
DEBUG    torch.__trace:utils.py:2363 
DEBUG    torch.__trace:utils.py:2363 
DEBUG    torch.__trace:utils.py:2363 
DEBUG    torch.__trace:utils.py:2363 
DEBUG    torch.__trace:utils.py:2363 
DEBUG    torch.__trace:utils.py:2363 
DEBUG    torch.__trace:utils.py:2363 
DEBUG    torch.__trace:utils.py:2363 
DEBUG    torch.__trace:utils.py:2363 
DEBUG    torch.__trace:utils.py:2363 
DEBUG    torch.__trace:utils.py:2363 
DEBUG    torch.__trace:utils.py:2363 
DEBUG    torch.__trace:utils.py:2363 
DEBUG    torch.__trace:utils.py:2363 
DEBUG    torch.__trace:utils.py:2363 
DEBUG    torch.__trace:utils.py:2363 
DEBUG    torch.__trace:utils.py:2363 
DEBUG    torch.__trace:utils.py:2363 
DEBUG    torch.__trace:utils.py:2363 
DEBUG    torch.__trace:utils.py:2363 
DEBUG    torch.__trace:utils.py:2363 
DEBUG    torch.__trace:utils.py:2363 
DEBUG    torch.__trace:utils.py:2363 
DEBUG    torch.__trace:utils.py:2363 
DEBUG    torch.__trace:utils.py:2363 
DEBUG    torch.__trace:utils.py:2363 
DEBUG    torch.__trace:utils.py:2363 
DEBUG    torch.__trace:utils.py:2363 
DEBUG    torch.__trace:utils.py:2363 
DEBUG    torch.__trace:utils.py:2363 
DEBUG    torch.__trace:utils.py:2363 
DEBUG    torch.__trace:utils.py:2363 
DEBUG    torch.__trace:utils.py:2363 
DEBUG    torch.__trace:utils.py:2363 
DEBUG    torch.__trace:utils.py:2363 
DEBUG    torch.__trace:utils.py:2363 
DEBUG    torch.__trace:utils.py:2363 
DEBUG    torch.__trace:utils.py:2363 
DEBUG    torch.__trace:utils.py:2363 
DEBUG    torch.__trace:utils.py:2363 
DEBUG    torch.__trace:utils.py:2363 
DEBUG    torch.__trace:utils.py:2363 
DEBUG    torch.__trace:utils.py:2363 
DEBUG    torch.__trace:utils.py:2363 
DEBUG    torch.__trace:utils.py:2363 
DEBUG    torch.__trace:utils.py:2363 
DEBUG    torch.__trace:utils.py:2363 
DEBUG    torch.__trace:utils.py:2363 
DEBUG    torch.__trace:utils.py:2363 
DEBUG    torch.__trace:utils.py:2363 
DEBUG    torch.__trace:utils.py:2363 
DEBUG    torch.__trace:utils.py:2363 
DEBUG    torch.__trace:utils.py:2363 
DEBUG    torch.__trace:utils.py:2363 
DEBUG    torch.__trace:utils.py:2363 
DEBUG    torch.__trace:utils.py:2363 
DEBUG    torch.__trace:utils.py:2363 
DEBUG    torch.__trace:utils.py:2363 
DEBUG    torch.__trace:utils.py:2363 
DEBUG    torch.__trace:utils.py:2363 
DEBUG    torch.__trace:utils.py:2363 
DEBUG    torch.__trace:utils.py:2363 
DEBUG    torch.__trace:utils.py:2363 
DEBUG    torch.__trace:utils.py:2363 
DEBUG    torch.__trace:utils.py:2363 
DEBUG    torch.__trace:utils.py:2363 
DEBUG    torch.__trace:utils.py:2363 
DEBUG    torch.__trace:utils.py:2363 
DEBUG    torch.__trace:utils.py:2363 
DEBUG    torch.__trace:utils.py:2363 
DEBUG    torch.__trace:utils.py:2363 
DEBUG    torch.__trace:utils.py:2363 
DEBUG    torch.__trace:utils.py:2363 
DEBUG    torch.__trace:utils.py:2363 
DEBUG    torch.__trace:utils.py:2363 
DEBUG    torch.__trace:utils.py:2363 
DEBUG    torch.__trace:utils.py:2363 
DEBUG    torch.__trace:utils.py:2363 
DEBUG    torch.__trace:utils.py:2363 
DEBUG    torch.__trace:utils.py:2363 
DEBUG    torch.__trace:utils.py:2363 
DEBUG    torch.__trace:utils.py:2363 
DEBUG    torch.__trace:utils.py:2363 
DEBUG    torch.__trace:utils.py:2363 
DEBUG    torch.__trace:utils.py:2363 
DEBUG    torch.__trace:utils.py:2363 
DEBUG    torch.__trace:utils.py:2363 
DEBUG    torch.__trace:utils.py:2363 
DEBUG    torch.__trace:utils.py:2363 
DEBUG    torch.__trace:utils.py:2363 
DEBUG    torch.__trace:utils.py:2363 
DEBUG    torch.__trace:utils.py:2363 
DEBUG    torch.__trace:utils.py:2363 
DEBUG    torch.__trace:utils.py:2363 
DEBUG    torch.__trace:utils.py:2363 
DEBUG    torch.__trace:utils.py:2363 
DEBUG    torch.__trace:utils.py:2363 
DEBUG    torch.__trace:utils.py:2363 
DEBUG    torch.__trace:utils.py:2363 
DEBUG    torch.__trace:utils.py:2363 
DEBUG    torch.__trace:utils.py:2363 
DEBUG    torch.__trace:utils.py:2363 
DEBUG    torch.__trace:utils.py:2363 
DEBUG    torch.__trace:utils.py:2363 
DEBUG    torch.__trace:utils.py:2363 
DEBUG    torch.__trace:utils.py:2363 
DEBUG    torch.__trace:utils.py:2363 
DEBUG    torch.__trace:utils.py:2363 
DEBUG    torch.__trace:utils.py:2363 
DEBUG    torch.__trace:utils.py:2363 
DEBUG    torch.__trace:utils.py:2363 
DEBUG    torch.__trace:utils.py:2363 
DEBUG    torch.__trace:utils.py:2363 
DEBUG    torch.__trace:utils.py:2363 
DEBUG    torch.__trace:utils.py:2363 
DEBUG    torch.__trace:utils.py:2363 
DEBUG    torch.__trace:utils.py:2363 
DEBUG    torch.__trace:utils.py:2363 
DEBUG    torch.__trace:utils.py:2363 
DEBUG    torch.__trace:utils.py:2363 
DEBUG    torch.__trace:utils.py:2363 
DEBUG    torch.__trace:utils.py:2363 
DEBUG    torch.__trace:utils.py:2363 
DEBUG    torch.__trace:utils.py:2363 
DEBUG    torch.__trace:utils.py:2363 
DEBUG    torch.__trace:utils.py:2363 
DEBUG    torch.__trace:utils.py:2363 
DEBUG    torch.__trace:utils.py:2363 
DEBUG    torch.__trace:utils.py:2363 
DEBUG    torch.__trace:utils.py:2363 
DEBUG    torch.__trace:utils.py:2363 
DEBUG    torch.__trace:utils.py:2363 
DEBUG    torch.__trace:utils.py:2363 
DEBUG    torch.__trace:utils.py:2363 
DEBUG    torch.__trace:utils.py:2363 
DEBUG    torch.__trace:utils.py:2363 
DEBUG    torch.__trace:utils.py:2363 
DEBUG    torch.__trace:utils.py:2363 
DEBUG    torch.__trace:utils.py:2363 
DEBUG    torch.__trace:utils.py:2363 
DEBUG    torch.__trace:utils.py:2363 
DEBUG    torch.__trace:utils.py:2363 
DEBUG    torch.__trace:utils.py:2363 
DEBUG    torch.__trace:utils.py:2363 
DEBUG    torch.__trace:utils.py:2363 
DEBUG    torch.__trace:utils.py:2363 
DEBUG    torch.__trace:utils.py:2363 
DEBUG    torch.__trace:utils.py:2363 
DEBUG    torch.__trace:utils.py:2363 
DEBUG    torch.__trace:utils.py:2363 
DEBUG    torch.__trace:utils.py:2363 
DEBUG    torch.__trace:utils.py:2363 
DEBUG    torch.__trace:utils.py:2363 
DEBUG    torch.__trace:utils.py:2363 
DEBUG    torch.__trace:utils.py:2363 
DEBUG    torch.__trace:utils.py:2363 
DEBUG    torch.__trace:utils.py:2363 
DEBUG    torch.__trace:utils.py:2363 
DEBUG    torch.__trace:utils.py:2363 
DEBUG    torch.__trace:utils.py:2363 
DEBUG    torch.__trace:utils.py:2363 
DEBUG    torch.__trace:utils.py:2363 
DEBUG    torch.__trace:utils.py:2363 
DEBUG    torch.__trace:utils.py:2363 
DEBUG    torch.__trace:utils.py:2363 
DEBUG    torch.__trace:utils.py:2363 
DEBUG    torch.__trace:utils.py:2363 
DEBUG    torch.__trace:utils.py:2363 
DEBUG    torch.__trace:utils.py:2363 
DEBUG    torch.__trace:utils.py:2363 
DEBUG    torch.__trace:utils.py:2363 
DEBUG    torch.__trace:utils.py:2363 
DEBUG    torch.__trace:utils.py:2363 
DEBUG    torch.__trace:utils.py:2363 
DEBUG    torch.__trace:utils.py:2363 
DEBUG    torch.__trace:utils.py:2363 
DEBUG    torch.__trace:utils.py:2363 
DEBUG    torch.__trace:utils.py:2363 
DEBUG    torch.__trace:utils.py:2363 
DEBUG    torch.__trace:utils.py:2363 
DEBUG    torch.__trace:utils.py:2363 
DEBUG    torch.__trace:utils.py:2363 
DEBUG    torch.__trace:utils.py:2363 
DEBUG    torch.__trace:utils.py:2363 
DEBUG    torch.__trace:utils.py:2363 
DEBUG    torch.__trace:utils.py:2363 
DEBUG    torch.__trace:utils.py:2363 
DEBUG    torch.__trace:utils.py:2363 
DEBUG    torch.__trace:utils.py:2363 
DEBUG    torch.__trace:utils.py:2363 
DEBUG    torch.__trace:utils.py:2363 
DEBUG    torch.__trace:utils.py:2363 
DEBUG    torch.__trace:utils.py:2363 
DEBUG    torch.__trace:utils.py:2363 
DEBUG    torch.__trace:utils.py:2363 
DEBUG    torch.__trace:utils.py:2363 
DEBUG    torch.__trace:utils.py:2363 
DEBUG    torch.__trace:utils.py:2363 
DEBUG    torch.__trace:utils.py:2363 
DEBUG    torch.__trace:utils.py:2363 
DEBUG    torch.__trace:utils.py:2363 
DEBUG    torch.__trace:utils.py:2363 
DEBUG    torch.__trace:utils.py:2363 
DEBUG    torch.__trace:utils.py:2363 
DEBUG    torch.__trace:utils.py:2363 
DEBUG    torch.__trace:utils.py:2363 
DEBUG    torch.__trace:utils.py:2363 
DEBUG    torch.__trace:utils.py:2363 
DEBUG    torch.__trace:utils.py:2363 
DEBUG    torch.__trace:utils.py:2363 
DEBUG    torch.__trace:utils.py:2363 
DEBUG    torch.__trace:utils.py:2363 
DEBUG    torch.__trace:utils.py:2363 
DEBUG    torch.__trace:utils.py:2363 
DEBUG    torch.__trace:utils.py:2363 
DEBUG    torch.__trace:utils.py:2363 
DEBUG    torch.__trace:utils.py:2363 
DEBUG    torch.__trace:utils.py:2363 
DEBUG    torch.__trace:utils.py:2363 
DEBUG    torch.__trace:utils.py:2363 
DEBUG    torch.__trace:utils.py:2363 
DEBUG    torch.__trace:utils.py:2363 
DEBUG    torch.__trace:utils.py:2363 
DEBUG    torch.__trace:utils.py:2363 
DEBUG    torch.__trace:utils.py:2363 
DEBUG    torch.__trace:utils.py:2363 
DEBUG    torch.__trace:utils.py:2363 
DEBUG    torch.__trace:utils.py:2363 
DEBUG    torch.__trace:utils.py:2363 
DEBUG    torch.__trace:utils.py:2363 
DEBUG    torch.__trace:utils.py:2363 
DEBUG    torch.__trace:utils.py:2363 
DEBUG    torch.__trace:utils.py:2363 
DEBUG    torch.__trace:utils.py:2363 
DEBUG    torch.__trace:utils.py:2363 
DEBUG    torch.__trace:utils.py:2363 
DEBUG    torch.__trace:utils.py:2363 
DEBUG    torch.__trace:utils.py:2363 
DEBUG    torch.__trace:utils.py:2363 
DEBUG    torch.__trace:utils.py:2363 
DEBUG    torch.__trace:utils.py:2363 
DEBUG    torch.__trace:utils.py:2363 
DEBUG    torch.__trace:utils.py:2363 
DEBUG    torch.__trace:utils.py:2363 
DEBUG    torch.__trace:utils.py:2363 
DEBUG    torch.__trace:utils.py:2363 
DEBUG    torch.__trace:utils.py:2363 
DEBUG    torch.__trace:utils.py:2363 
DEBUG    torch.__trace:utils.py:2363 
DEBUG    torch.__trace:utils.py:2363 
DEBUG    torch.__trace:utils.py:2363 
DEBUG    torch.__trace:utils.py:2363 
DEBUG    torch.__trace:utils.py:2363 
DEBUG    torch.__trace:utils.py:2363 
DEBUG    torch.__trace:utils.py:2363 
DEBUG    torch.__trace:utils.py:2363 
DEBUG    torch.__trace:utils.py:2363 
DEBUG    torch.__trace:utils.py:2363 
DEBUG    torch.__trace:utils.py:2363 
DEBUG    torch.__trace:utils.py:2363 
DEBUG    torch.__trace:utils.py:2363 
DEBUG    torch.__trace:utils.py:2363 
DEBUG    torch.__trace:utils.py:2363 
DEBUG    torch.__trace:utils.py:2363 
DEBUG    torch.__trace:utils.py:2363 
DEBUG    torch.__trace:utils.py:2363 
DEBUG    torch.__trace:utils.py:2363 
DEBUG    torch.__trace:utils.py:2363 
DEBUG    torch.__trace:utils.py:2363 
DEBUG    torch.__trace:utils.py:2363 
DEBUG    torch.__trace:utils.py:2363 
DEBUG    torch.__trace:utils.py:2363 
DEBUG    torch.__trace:utils.py:2363 
DEBUG    torch.__trace:utils.py:2363 
DEBUG    torch.__trace:utils.py:2363 
DEBUG    torch.__trace:utils.py:2363 
DEBUG    torch.__trace:utils.py:2363 
DEBUG    torch.__trace:utils.py:2363 
DEBUG    torch.__trace:utils.py:2363 
DEBUG    torch.__trace:utils.py:2363 
DEBUG    torch.__trace:utils.py:2363 
DEBUG    torch.__trace:utils.py:2363 
DEBUG    torch.__trace:utils.py:2363 
DEBUG    torch.__trace:utils.py:2363 
DEBUG    torch.__trace:utils.py:2363 
DEBUG    torch.__trace:utils.py:2363 
DEBUG    torch.__trace:utils.py:2363 
DEBUG    torch.__trace:utils.py:2363 
DEBUG    torch.__trace:utils.py:2363 
DEBUG    torch.__trace:utils.py:2363 
DEBUG    torch.__trace:utils.py:2363 
DEBUG    torch.__trace:utils.py:2363 
DEBUG    torch.__trace:utils.py:2363 
DEBUG    torch.__trace:utils.py:2363 
DEBUG    torch.__trace:utils.py:2363 
DEBUG    torch.__trace:utils.py:2363 
DEBUG    torch.__trace:utils.py:2363 
DEBUG    torch.__trace:utils.py:2363 
DEBUG    torch.__trace:utils.py:2363 
DEBUG    torch.__trace:utils.py:2363 
DEBUG    torch.__trace:utils.py:2363 
DEBUG    torch.__trace:utils.py:2363 
DEBUG    torch.__trace:utils.py:2363 
DEBUG    torch.__trace:utils.py:2363 
DEBUG    torch.__trace:utils.py:2363 
DEBUG    torch.__trace:utils.py:2363 
DEBUG    torch.__trace:utils.py:2363 
DEBUG    torch.__trace:utils.py:2363 
DEBUG    torch.__trace:utils.py:2363 
DEBUG    torch.__trace:utils.py:2363 
DEBUG    torch.__trace:utils.py:2363 
DEBUG    torch.__trace:utils.py:2363 
DEBUG    torch.__trace:utils.py:2363 
DEBUG    torch.__trace:utils.py:2363 
DEBUG    torch.__trace:utils.py:2363 
DEBUG    torch.__trace:utils.py:2363 
DEBUG    torch.__trace:utils.py:2363 
DEBUG    torch.__trace:utils.py:2363 
DEBUG    torch.__trace:utils.py:2363 
DEBUG    torch.__trace:utils.py:2363 
DEBUG    torch.__trace:utils.py:2363 
DEBUG    torch.__trace:utils.py:2363 
DEBUG    torch.__trace:utils.py:2363 
DEBUG    torch.__trace:utils.py:2363 
DEBUG    torch.__trace:utils.py:2363 
DEBUG    torch.__trace:utils.py:2363 
DEBUG    torch.__trace:utils.py:2363 
DEBUG    torch.__trace:utils.py:2363 
DEBUG    torch.__trace:utils.py:2363 
DEBUG    torch.__trace:utils.py:2363 
DEBUG    torch.__trace:utils.py:2363 
DEBUG    torch.__trace:utils.py:2363 
DEBUG    torch.__trace:utils.py:2363 
DEBUG    torch.__trace:utils.py:2363 
DEBUG    torch.__trace:utils.py:2363 
DEBUG    torch.__trace:utils.py:2363 
DEBUG    torch.__trace:utils.py:2363 
DEBUG    torch.__trace:utils.py:2363 
DEBUG    torch.__trace:utils.py:2363 
DEBUG    torch.__trace:utils.py:2363 
DEBUG    torch.__trace:utils.py:2363 
DEBUG    torch.__trace:utils.py:2363 
DEBUG    torch.__trace:utils.py:2363 
DEBUG    torch.__trace:utils.py:2363 
DEBUG    torch.__trace:utils.py:2363 
DEBUG    torch.__trace:utils.py:2363 
DEBUG    torch.__trace:utils.py:2363 
DEBUG    torch.__trace:utils.py:2363 
DEBUG    torch.__trace:utils.py:2363 
DEBUG    torch.__trace:utils.py:2363 
DEBUG    torch.__trace:utils.py:2363 
DEBUG    torch.__trace:utils.py:2363 
DEBUG    torch.__trace:utils.py:2363 
DEBUG    torch.__trace:utils.py:2363 
DEBUG    torch.__trace:utils.py:2363 
DEBUG    torch.__trace:utils.py:2363 
DEBUG    torch.__trace:utils.py:2363 
DEBUG    torch.__trace:utils.py:2363 
DEBUG    torch.__trace:utils.py:2363 
DEBUG    torch.__trace:utils.py:2363 
DEBUG    torch.__trace:utils.py:2363 
DEBUG    torch.__trace:utils.py:2363 
DEBUG    torch.__trace:utils.py:2363 
DEBUG    torch.__trace:utils.py:2363 
DEBUG    torch.__trace:utils.py:2363 
DEBUG    torch.__trace:utils.py:2363 
DEBUG    torch.__trace:utils.py:2363 
DEBUG    torch.__trace:utils.py:2363 
DEBUG    torch.__trace:utils.py:2363 
DEBUG    torch.__trace:utils.py:2363 
DEBUG    torch.__trace:utils.py:2363 
DEBUG    torch.__trace:utils.py:2363 
DEBUG    torch.__trace:utils.py:2363 
DEBUG    torch.__trace:utils.py:2363 
DEBUG    torch.__trace:utils.py:2363 
DEBUG    torch.__trace:utils.py:2363 
DEBUG    torch.__trace:utils.py:2363 
DEBUG    torch.__trace:utils.py:2363 
DEBUG    torch.__trace:utils.py:2363 
DEBUG    torch.__trace:utils.py:2363 
DEBUG    torch.__trace:utils.py:2363 
DEBUG    torch.__trace:utils.py:2363 
DEBUG    torch.__trace:utils.py:2363 
DEBUG    torch.__trace:utils.py:2363 
DEBUG    torch.__trace:utils.py:2363 
DEBUG    torch.__trace:utils.py:2363 
DEBUG    torch.__trace:utils.py:2363 
DEBUG    torch.__trace:utils.py:2363 
DEBUG    torch.__trace:utils.py:2363 
DEBUG    torch.__trace:utils.py:2363 
DEBUG    torch.__trace:utils.py:2363 
DEBUG    torch.__trace:utils.py:2363 
DEBUG    torch.__trace:utils.py:2363 
DEBUG    torch.__trace:utils.py:2363 
DEBUG    torch.__trace:utils.py:2363 
DEBUG    torch.__trace:utils.py:2363 
DEBUG    torch.__trace:utils.py:2363 
DEBUG    torch.__trace:utils.py:2363 
DEBUG    torch.__trace:utils.py:2363 
DEBUG    torch.__trace:utils.py:2363 
DEBUG    torch.__trace:utils.py:2363 
DEBUG    torch.__trace:utils.py:2363 
DEBUG    torch.__trace:utils.py:2363 
DEBUG    torch.__trace:utils.py:2363 
DEBUG    torch.__trace:utils.py:2363 
DEBUG    torch.__trace:utils.py:2363 
DEBUG    torch.__trace:utils.py:2363 
DEBUG    torch.__trace:utils.py:2363 
DEBUG    torch.__trace:utils.py:2363 
DEBUG    torch.__trace:utils.py:2363 
DEBUG    torch.__trace:utils.py:2363 
DEBUG    torch.__trace:utils.py:2363 
DEBUG    torch.__trace:utils.py:2363 
DEBUG    torch.__trace:utils.py:2363 
DEBUG    torch.__trace:utils.py:2363 
DEBUG    torch.__trace:utils.py:2363 
DEBUG    torch.__trace:utils.py:2363 
DEBUG    torch.__trace:utils.py:2363 
DEBUG    torch.__trace:utils.py:2363 
DEBUG    torch.__trace:utils.py:2363 
DEBUG    torch.__trace:utils.py:2363 
DEBUG    torch.__trace:utils.py:2363 
DEBUG    torch.__trace:utils.py:2363 
DEBUG    torch.__trace:utils.py:2363 
DEBUG    torch.__trace:utils.py:2363 
DEBUG    torch.__trace:utils.py:2363 
DEBUG    torch.__trace:utils.py:2363 
DEBUG    torch.__trace:utils.py:2363 
DEBUG    torch.__trace:utils.py:2363 
DEBUG    torch.__trace:utils.py:2363 
DEBUG    torch.__trace:utils.py:2363 
DEBUG    torch.__trace:utils.py:2363 
DEBUG    torch.__trace:utils.py:2363 
DEBUG    torch.__trace:utils.py:2363 
DEBUG    torch.__trace:utils.py:2363 
DEBUG    torch.__trace:utils.py:2363 
DEBUG    torch.__trace:utils.py:2363 
DEBUG    torch.__trace:utils.py:2363 
DEBUG    torch.__trace:utils.py:2363 
DEBUG    torch.__trace:utils.py:2363 
DEBUG    torch.__trace:utils.py:2363 
DEBUG    torch.__trace:utils.py:2363 
DEBUG    torch.__trace:utils.py:2363 
DEBUG    torch.__trace:utils.py:2363 
DEBUG    torch.__trace:utils.py:2363 
DEBUG    torch.__trace:utils.py:2363 
DEBUG    torch.__trace:utils.py:2363 
DEBUG    torch.__trace:utils.py:2363 
DEBUG    torch.__trace:utils.py:2363 
DEBUG    torch.__trace:utils.py:2363 
DEBUG    torch.__trace:utils.py:2363 
DEBUG    torch.__trace:utils.py:2363 
DEBUG    torch.__trace:utils.py:2363 
DEBUG    torch.__trace:utils.py:2363 
DEBUG    torch.__trace:utils.py:2363 
DEBUG    torch.__trace:utils.py:2363 
DEBUG    torch.__trace:utils.py:2363 
DEBUG    torch.__trace:utils.py:2363 
DEBUG    torch.__trace:utils.py:2363 
DEBUG    torch.__trace:utils.py:2363 
DEBUG    torch.__trace:utils.py:2363 
DEBUG    torch.__trace:utils.py:2363 
DEBUG    torch.__trace:utils.py:2363 
DEBUG    torch.__trace:utils.py:2363 
DEBUG    torch.__trace:utils.py:2363 
DEBUG    torch.__trace:utils.py:2363 
DEBUG    torch.__trace:utils.py:2363 
DEBUG    torch.__trace:utils.py:2363 
DEBUG    torch.__trace:utils.py:2363 
DEBUG    torch.__trace:utils.py:2363 
DEBUG    torch.__trace:utils.py:2363 
DEBUG    torch.__trace:utils.py:2363 
DEBUG    torch.__trace:utils.py:2363 
DEBUG    torch.__trace:utils.py:2363 
DEBUG    torch.__trace:utils.py:2363 
DEBUG    torch.__trace:utils.py:2363 
DEBUG    torch.__trace:utils.py:2363 
DEBUG    torch.__trace:utils.py:2363 
DEBUG    torch.__trace:utils.py:2363 
DEBUG    torch.__trace:utils.py:2363 
DEBUG    torch.__trace:utils.py:2363 
DEBUG    torch.__trace:utils.py:2363 
DEBUG    torch.__trace:utils.py:2363 
DEBUG    torch.__trace:utils.py:2363 
DEBUG    torch.__trace:utils.py:2363 
DEBUG    torch.__trace:utils.py:2363 
DEBUG    torch.__trace:utils.py:2363 
DEBUG    torch.__trace:utils.py:2363 
DEBUG    torch.__trace:utils.py:2363 
DEBUG    torch.__trace:utils.py:2363 
DEBUG    torch.__trace:utils.py:2363 
DEBUG    torch.__trace:utils.py:2363 
DEBUG    torch.__trace:utils.py:2363 
DEBUG    torch.__trace:utils.py:2363 
DEBUG    torch.__trace:utils.py:2363 
DEBUG    torch.__trace:utils.py:2363 
DEBUG    torch.__trace:utils.py:2363 
DEBUG    torch.__trace:utils.py:2363 
DEBUG    torch.__trace:utils.py:2363 
DEBUG    torch.__trace:utils.py:2363 
DEBUG    torch.__trace:utils.py:2363 
DEBUG    torch.__trace:utils.py:2363 
DEBUG    torch.__trace:utils.py:2363 
DEBUG    torch.__trace:utils.py:2363 
DEBUG    torch.__trace:utils.py:2363 
DEBUG    torch.__trace:utils.py:2363 
DEBUG    torch.__trace:utils.py:2363 
DEBUG    torch.__trace:utils.py:2363 
DEBUG    torch.__trace:utils.py:2363 
DEBUG    torch.__trace:utils.py:2363 
DEBUG    torch.__trace:utils.py:2363 
DEBUG    torch.__trace:utils.py:2363 
DEBUG    torch.__trace:utils.py:2363 
DEBUG    torch.__trace:utils.py:2363 
DEBUG    torch.__trace:utils.py:2363 
DEBUG    torch.__trace:utils.py:2363 
DEBUG    torch.__trace:utils.py:2363 
DEBUG    torch.__trace:utils.py:2363 
DEBUG    torch.__trace:utils.py:2363 
DEBUG    torch.__trace:utils.py:2363 
DEBUG    torch.__trace:utils.py:2363 
DEBUG    torch.__trace:utils.py:2363 
DEBUG    torch.__trace:utils.py:2363 
DEBUG    torch.__trace:utils.py:2363 
DEBUG    torch.__trace:utils.py:2363 
DEBUG    torch.__trace:utils.py:2363 
DEBUG    torch.__trace:utils.py:2363 
DEBUG    torch.__trace:utils.py:2363 
DEBUG    torch.__trace:utils.py:2363 
DEBUG    torch.__trace:utils.py:2363 
DEBUG    torch.__trace:utils.py:2363 
DEBUG    torch.__trace:utils.py:2363 
DEBUG    torch.__trace:utils.py:2363 
DEBUG    torch.__trace:utils.py:2363 
DEBUG    torch.__trace:utils.py:2363 
DEBUG    torch.__trace:utils.py:2363 
DEBUG    torch.__trace:utils.py:2363 
DEBUG    torch.__trace:utils.py:2363 
DEBUG    torch.__trace:utils.py:2363 
DEBUG    torch.__trace:utils.py:2363 
DEBUG    torch.__trace:utils.py:2363 
DEBUG    torch.__trace:utils.py:2363 
DEBUG    torch.__trace:utils.py:2363 
DEBUG    torch.__trace:utils.py:2363 
DEBUG    torch.__trace:utils.py:2363 
DEBUG    torch.__trace:utils.py:2363 
DEBUG    torch.__trace:utils.py:2363 
DEBUG    torch.__trace:utils.py:2363 
DEBUG    torch.__trace:utils.py:2363 
DEBUG    torch.__trace:utils.py:2363 
DEBUG    torch.__trace:utils.py:2363 
DEBUG    torch.__trace:utils.py:2363 
DEBUG    torch.__trace:utils.py:2363 
DEBUG    torch.__trace:utils.py:2363 
DEBUG    torch.__trace:utils.py:2363 
DEBUG    torch.__trace:utils.py:2363 
DEBUG    torch.__trace:utils.py:2363 
DEBUG    torch.__trace:utils.py:2363 
DEBUG    torch.__trace:utils.py:2363 
DEBUG    torch.__trace:utils.py:2363 
DEBUG    torch.__trace:utils.py:2363 
DEBUG    torch.__trace:utils.py:2363 
DEBUG    torch.__trace:utils.py:2363 
DEBUG    torch.__trace:utils.py:2363 
DEBUG    torch.__trace:utils.py:2363 
DEBUG    torch.__trace:utils.py:2363 
DEBUG    torch.__trace:utils.py:2363 
DEBUG    torch.__trace:utils.py:2363 
DEBUG    torch.__trace:utils.py:2363 
DEBUG    torch.__trace:utils.py:2363 
DEBUG    torch.__trace:utils.py:2363 
DEBUG    torch.__trace:utils.py:2363 
DEBUG    torch.__trace:utils.py:2363 
DEBUG    torch.__trace:utils.py:2363 
DEBUG    torch.__trace:utils.py:2363 
DEBUG    torch.__trace:utils.py:2363 
DEBUG    torch.__trace:utils.py:2363 
DEBUG    torch.__trace:utils.py:2363 
DEBUG    torch.__trace:utils.py:2363 
DEBUG    torch.__trace:utils.py:2363 
DEBUG    torch.__trace:utils.py:2363 
DEBUG    torch.__trace:utils.py:2363 
DEBUG    torch.__trace:utils.py:2363 
DEBUG    torch.__trace:utils.py:2363 
DEBUG    torch.__trace:utils.py:2363 
DEBUG    torch.__trace:utils.py:2363 
DEBUG    torch.__trace:utils.py:2363 
DEBUG    torch.__trace:utils.py:2363 
DEBUG    torch.__trace:utils.py:2363 
DEBUG    torch.__trace:utils.py:2363 
DEBUG    torch.__trace:utils.py:2363 
DEBUG    torch.__trace:utils.py:2363 
DEBUG    torch.__trace:utils.py:2363 
DEBUG    torch.__trace:utils.py:2363 
DEBUG    torch.__trace:utils.py:2363 
DEBUG    torch.__trace:utils.py:2363 
DEBUG    torch.__trace:utils.py:2363 
DEBUG    torch.__trace:utils.py:2363 
DEBUG    torch.__trace:utils.py:2363 
DEBUG    torch.__trace:utils.py:2363 
DEBUG    torch.__trace:utils.py:2363 
DEBUG    torch.__trace:utils.py:2363 
DEBUG    torch.__trace:utils.py:2363 
DEBUG    torch.__trace:utils.py:2363 
DEBUG    torch.__trace:utils.py:2363 
DEBUG    torch.__trace:utils.py:2363 
DEBUG    torch.__trace:utils.py:2363 
DEBUG    torch.__trace:utils.py:2363 
DEBUG    torch.__trace:utils.py:2363 
DEBUG    torch.__trace:utils.py:2363 
DEBUG    torch.__trace:utils.py:2363 
DEBUG    torch.__trace:utils.py:2363 
DEBUG    torch.__trace:utils.py:2363 
DEBUG    torch.__trace:utils.py:2363 
DEBUG    torch.__trace:utils.py:2363 
DEBUG    torch.__trace:utils.py:2363 
DEBUG    torch.__trace:utils.py:2363 
DEBUG    torch.__trace:utils.py:2363 
DEBUG    torch.__trace:utils.py:2363 
DEBUG    torch.__trace:utils.py:2363 
DEBUG    torch.__trace:utils.py:2363 
DEBUG    torch.__trace:utils.py:2363 
DEBUG    torch.__trace:utils.py:2363 
DEBUG    torch.__trace:utils.py:2363 
DEBUG    torch.__trace:utils.py:2363 
DEBUG    torch.__trace:utils.py:2363 
DEBUG    torch.__trace:utils.py:2363 
DEBUG    torch.__trace:utils.py:2363 
DEBUG    torch.__trace:utils.py:2363 
DEBUG    torch.__trace:utils.py:2363 
DEBUG    torch.__trace:utils.py:2363 
DEBUG    torch.__trace:utils.py:2363 
DEBUG    torch.__trace:utils.py:2363 
DEBUG    torch.__trace:utils.py:2363 
DEBUG    torch.__trace:utils.py:2363 
DEBUG    torch.__trace:utils.py:2363 
DEBUG    torch.__trace:utils.py:2363 
DEBUG    torch.__trace:utils.py:2363 
DEBUG    torch.__trace:utils.py:2363 
DEBUG    torch.__trace:utils.py:2363 
DEBUG    torch.__trace:utils.py:2363 
DEBUG    torch.__trace:utils.py:2363 
DEBUG    torch.__trace:utils.py:2363 
DEBUG    torch.__trace:utils.py:2363 
DEBUG    torch.__trace:utils.py:2363 
DEBUG    torch.__trace:utils.py:2363 
DEBUG    torch.__trace:utils.py:2363 
DEBUG    torch.__trace:utils.py:2363 
DEBUG    torch.__trace:utils.py:2363 
DEBUG    torch.__trace:utils.py:2363 
DEBUG    torch.__trace:utils.py:2363 
DEBUG    torch.__trace:utils.py:2363 
DEBUG    torch.__trace:utils.py:2363 
DEBUG    torch.__trace:utils.py:2363 
DEBUG    torch.__trace:utils.py:2363 
DEBUG    torch.__trace:utils.py:2363 
DEBUG    torch.__trace:utils.py:2363 
DEBUG    torch.__trace:utils.py:2363 
DEBUG    torch.__trace:utils.py:2363 
DEBUG    torch.__trace:utils.py:2363 
DEBUG    torch.__trace:utils.py:2363 
DEBUG    torch.__trace:utils.py:2363 
DEBUG    torch.__trace:utils.py:2363 
DEBUG    torch.__trace:utils.py:2363 
DEBUG    torch.__trace:utils.py:2363 
DEBUG    torch.__trace:utils.py:2363 
DEBUG    torch.__trace:utils.py:2363 
DEBUG    torch.__trace:utils.py:2363 
DEBUG    torch.__trace:utils.py:2363 
DEBUG    torch.__trace:utils.py:2363 
DEBUG    torch.__trace:utils.py:2363 
DEBUG    torch.__trace:utils.py:2363 
DEBUG    torch.__trace:utils.py:2363 
DEBUG    torch.__trace:utils.py:2363 
DEBUG    torch.__trace:utils.py:2363 
DEBUG    torch.__trace:utils.py:2363 
DEBUG    torch.__trace:utils.py:2363 
DEBUG    torch.__trace:utils.py:2363 
DEBUG    torch.__trace:utils.py:2363 
DEBUG    torch.__trace:utils.py:2363 
DEBUG    torch.__trace:utils.py:2363 
DEBUG    torch.__trace:utils.py:2363 
DEBUG    torch.__trace:utils.py:2363 
DEBUG    torch.__trace:utils.py:2363 
DEBUG    torch.__trace:utils.py:2363 
DEBUG    torch.__trace:utils.py:2363 
DEBUG    torch.__trace:utils.py:2363 
DEBUG    torch.__trace:utils.py:2363 
DEBUG    torch.__trace:utils.py:2363 
DEBUG    torch.__trace:utils.py:2363 
DEBUG    torch.__trace:utils.py:2363 
DEBUG    torch.__trace:utils.py:2363 
DEBUG    torch.__trace:utils.py:2363 
DEBUG    torch.__trace:utils.py:2363 
DEBUG    torch.__trace:utils.py:2363 
DEBUG    torch.__trace:utils.py:2363 
DEBUG    torch.__trace:utils.py:2363 
DEBUG    torch.__trace:utils.py:2363 
DEBUG    torch.__trace:utils.py:2363 
DEBUG    torch.__trace:utils.py:2363 
DEBUG    torch.__trace:utils.py:2363 
DEBUG    torch.__trace:utils.py:2363 
DEBUG    torch.__trace:utils.py:2363 
DEBUG    torch.__trace:utils.py:2363 
DEBUG    torch.__trace:utils.py:2363 
DEBUG    torch.__trace:utils.py:2363 
DEBUG    torch.__trace:utils.py:2363 
DEBUG    torch.__trace:utils.py:2363 
DEBUG    torch.__trace:utils.py:2363 
DEBUG    torch.__trace:utils.py:2363 
DEBUG    torch.__trace:utils.py:2363 
DEBUG    torch.__trace:utils.py:2363 
DEBUG    torch.__trace:utils.py:2363 
DEBUG    torch.__trace:utils.py:2363 
DEBUG    torch.__trace:utils.py:2363 
DEBUG    torch.__trace:utils.py:2363 
DEBUG    torch.__trace:utils.py:2363 
DEBUG    torch.__trace:utils.py:2363 
DEBUG    torch.__trace:utils.py:2363 
DEBUG    torch.__trace:utils.py:2363 
DEBUG    torch.__trace:utils.py:2363 
DEBUG    torch.__trace:utils.py:2363 
DEBUG    torch.__trace:utils.py:2363 
DEBUG    torch.__trace:utils.py:2363 
DEBUG    torch.__trace:utils.py:2363 
DEBUG    torch.__trace:utils.py:2363 
DEBUG    torch.__trace:utils.py:2363 
DEBUG    torch.__trace:utils.py:2363 
DEBUG    torch.__trace:utils.py:2363 
DEBUG    torch.__trace:utils.py:2363 
DEBUG    torch.__trace:utils.py:2363 
DEBUG    torch.__trace:utils.py:2363 
DEBUG    torch.__trace:utils.py:2363 
DEBUG    torch.__trace:utils.py:2363 
DEBUG    torch.__trace:utils.py:2363 
DEBUG    torch.__trace:utils.py:2363 
DEBUG    torch.__trace:utils.py:2363 
DEBUG    torch.__trace:utils.py:2363 
DEBUG    torch.__trace:utils.py:2363 
DEBUG    torch.__trace:utils.py:2363 
DEBUG    torch.__trace:utils.py:2363 
DEBUG    torch.__trace:utils.py:2363 
DEBUG    torch.__trace:utils.py:2363 
DEBUG    torch.__trace:utils.py:2363 
DEBUG    torch.__trace:utils.py:2363 
DEBUG    torch.__trace:utils.py:2363 
DEBUG    torch.__trace:utils.py:2363 
DEBUG    torch.__trace:utils.py:2363 
DEBUG    torch.__trace:utils.py:2363 
DEBUG    torch.__trace:utils.py:2363 
DEBUG    torch.__trace:utils.py:2363 
DEBUG    torch.__trace:utils.py:2363 
DEBUG    torch.__trace:utils.py:2363 
DEBUG    torch.__trace:utils.py:2363 
DEBUG    torch.__trace:utils.py:2363 
DEBUG    torch.__trace:utils.py:2363 
DEBUG    torch.__trace:utils.py:2363 
DEBUG    torch.__trace:utils.py:2363 
DEBUG    torch.__trace:utils.py:2363 
DEBUG    torch.__trace:utils.py:2363 
DEBUG    torch.__trace:utils.py:2363 
DEBUG    torch.__trace:utils.py:2363 
DEBUG    torch.__trace:utils.py:2363 
DEBUG    torch.__trace:utils.py:2363 
DEBUG    torch.__trace:utils.py:2363 
DEBUG    torch.__trace:utils.py:2363 
DEBUG    torch.__trace:utils.py:2363 
DEBUG    torch.__trace:utils.py:2363 
DEBUG    torch.__trace:utils.py:2363 
DEBUG    torch.__trace:utils.py:2363 
DEBUG    torch.__trace:utils.py:2363 
DEBUG    torch.__trace:utils.py:2363 
DEBUG    torch.__trace:utils.py:2363 
DEBUG    torch.__trace:utils.py:2363 
DEBUG    torch.__trace:utils.py:2363 
DEBUG    torch.__trace:utils.py:2363 
DEBUG    torch.__trace:utils.py:2363 
DEBUG    torch.__trace:utils.py:2363 
DEBUG    torch.__trace:utils.py:2363 
DEBUG    torch.__trace:utils.py:2363 
DEBUG    torch.__trace:utils.py:2363 
DEBUG    torch.__trace:utils.py:2363 
DEBUG    torch.__trace:utils.py:2363 
DEBUG    torch.__trace:utils.py:2363 
DEBUG    torch.__trace:utils.py:2363 
DEBUG    torch.__trace:utils.py:2363 
DEBUG    torch.__trace:utils.py:2363 
DEBUG    torch.__trace:utils.py:2363 
DEBUG    torch.__trace:utils.py:2363 
DEBUG    torch.__trace:utils.py:2363 
DEBUG    torch.__trace:utils.py:2363 
DEBUG    torch.__trace:utils.py:2363 
DEBUG    torch.__trace:utils.py:2363 
DEBUG    torch.__trace:utils.py:2363 
DEBUG    torch.__trace:utils.py:2363 
DEBUG    torch.__trace:utils.py:2363 
DEBUG    torch.__trace:utils.py:2363 
DEBUG    torch.__trace:utils.py:2363 
DEBUG    torch.__trace:utils.py:2363 
DEBUG    torch.__trace:utils.py:2363 
DEBUG    torch.__trace:utils.py:2363 
DEBUG    torch.__trace:utils.py:2363 
DEBUG    torch.__trace:utils.py:2363 
DEBUG    torch.__trace:utils.py:2363 
DEBUG    torch.__trace:utils.py:2363 
DEBUG    torch.__trace:utils.py:2363 
DEBUG    torch.__trace:utils.py:2363 
DEBUG    torch.__trace:utils.py:2363 
DEBUG    torch.__trace:utils.py:2363 
DEBUG    torch.__trace:utils.py:2363 
DEBUG    torch.__trace:utils.py:2363 
DEBUG    torch.__trace:utils.py:2363 
DEBUG    torch.__trace:utils.py:2363 
DEBUG    torch.__trace:utils.py:2363 
DEBUG    torch.__trace:utils.py:2363 
DEBUG    torch.__trace:utils.py:2363 
DEBUG    torch.__trace:utils.py:2363 
DEBUG    torch.__trace:utils.py:2363 
DEBUG    torch.__trace:utils.py:2363 
DEBUG    torch.__trace:utils.py:2363 
DEBUG    torch.__trace:utils.py:2363 
DEBUG    torch.__trace:utils.py:2363 
DEBUG    torch.__trace:utils.py:2363 
DEBUG    torch.__trace:utils.py:2363 
DEBUG    torch.__trace:utils.py:2363 
DEBUG    torch.__trace:utils.py:2363 
DEBUG    torch.__trace:utils.py:2363 
DEBUG    torch.__trace:utils.py:2363 
DEBUG    torch.__trace:utils.py:2363 
DEBUG    torch.__trace:utils.py:2363 
DEBUG    torch.__trace:utils.py:2363 
DEBUG    torch.__trace:utils.py:2363 
DEBUG    torch.__trace:utils.py:2363 
DEBUG    torch.__trace:utils.py:2363 
DEBUG    torch.__trace:utils.py:2363 
DEBUG    torch.__trace:utils.py:2363 
DEBUG    torch.__trace:utils.py:2363 
DEBUG    torch.__trace:utils.py:2363 
DEBUG    torch.__trace:utils.py:2363 
DEBUG    torch.__trace:utils.py:2363 
DEBUG    torch.__trace:utils.py:2363 
DEBUG    torch.__trace:utils.py:2363 
DEBUG    torch.__trace:utils.py:2363 
DEBUG    torch.__trace:utils.py:2363 
DEBUG    torch.__trace:utils.py:2363 
DEBUG    torch.__trace:utils.py:2363 
DEBUG    torch.__trace:utils.py:2363 
DEBUG    torch.__trace:utils.py:2363 
DEBUG    torch.__trace:utils.py:2363 
DEBUG    torch.__trace:utils.py:2363 
DEBUG    torch.__trace:utils.py:2363 
DEBUG    torch.__trace:utils.py:2363 
DEBUG    torch.__trace:utils.py:2363 
DEBUG    torch.__trace:utils.py:2363 
DEBUG    torch.__trace:utils.py:2363 
DEBUG    torch.__trace:utils.py:2363 
DEBUG    torch.__trace:utils.py:2363 
DEBUG    torch.__trace:utils.py:2363 
DEBUG    torch.__trace:utils.py:2363 
DEBUG    torch.__trace:utils.py:2363 
DEBUG    torch.__trace:utils.py:2363 
DEBUG    torch.__trace:utils.py:2363 
DEBUG    torch.__trace:utils.py:2363 
DEBUG    torch.__trace:utils.py:2363 
DEBUG    torch.__trace:utils.py:2363 
DEBUG    torch.__trace:utils.py:2363 
DEBUG    torch.__trace:utils.py:2363 
DEBUG    torch.__trace:utils.py:2363 
DEBUG    torch.__trace:utils.py:2363 
DEBUG    torch.__trace:utils.py:2363 
DEBUG    torch.__trace:utils.py:2363 
DEBUG    torch.__trace:utils.py:2363 
DEBUG    torch.__trace:utils.py:2363 
DEBUG    torch.__trace:utils.py:2363 
DEBUG    torch.__trace:utils.py:2363 
DEBUG    torch.__trace:utils.py:2363 
DEBUG    torch.__trace:utils.py:2363 
DEBUG    torch.__trace:utils.py:2363 
DEBUG    torch.__trace:utils.py:2363 
DEBUG    torch.__trace:utils.py:2363 
DEBUG    torch.__trace:utils.py:2363 
DEBUG    torch.__trace:utils.py:2363 
DEBUG    torch.__trace:utils.py:2363 
DEBUG    torch.__trace:utils.py:2363 
DEBUG    torch.__trace:utils.py:2363 
DEBUG    torch.__trace:utils.py:2363 
DEBUG    torch.__trace:utils.py:2363 
DEBUG    torch.__trace:utils.py:2363 
DEBUG    torch.__trace:utils.py:2363 
DEBUG    torch.__trace:utils.py:2363 
DEBUG    torch.__trace:utils.py:2363 
DEBUG    torch.__trace:utils.py:2363 
DEBUG    torch.__trace:utils.py:2363 
DEBUG    torch.__trace:utils.py:2363 
DEBUG    torch.__trace:utils.py:2363 
DEBUG    torch.__trace:utils.py:2363 
DEBUG    torch.__trace:utils.py:2363 
DEBUG    torch.__trace:utils.py:2363 
DEBUG    torch.__trace:utils.py:2363 
DEBUG    torch.__trace:utils.py:2363 
DEBUG    torch.__trace:utils.py:2363 
DEBUG    torch.__trace:utils.py:2363 
DEBUG    torch.__trace:utils.py:2363 
DEBUG    torch.__trace:utils.py:2363 
DEBUG    torch.__trace:utils.py:2363 
DEBUG    torch.__trace:utils.py:2363 
DEBUG    torch.__trace:utils.py:2363 
DEBUG    torch.__trace:utils.py:2363 
DEBUG    torch.__trace:utils.py:2363 
DEBUG    torch.__trace:utils.py:2363 
DEBUG    torch.__trace:utils.py:2363 
DEBUG    torch.__trace:utils.py:2363 
DEBUG    torch.__trace:utils.py:2363 
DEBUG    torch.__trace:utils.py:2363 
DEBUG    torch.__trace:utils.py:2363 
DEBUG    torch.__trace:utils.py:2363 
DEBUG    torch.__trace:utils.py:2363 
DEBUG    torch.__trace:utils.py:2363 
DEBUG    torch.__trace:utils.py:2363 
DEBUG    torch.__trace:utils.py:2363 
DEBUG    torch.__trace:utils.py:2363 
DEBUG    torch.__trace:utils.py:2363 
DEBUG    torch.__trace:utils.py:2363 
DEBUG    torch.__trace:utils.py:2363 
DEBUG    torch.__trace:utils.py:2363 
DEBUG    torch.__trace:utils.py:2363 
DEBUG    torch.__trace:utils.py:2363 
DEBUG    torch.__trace:utils.py:2363 
DEBUG    torch.__trace:utils.py:2363 
DEBUG    torch.__trace:utils.py:2363 
DEBUG    torch.__trace:utils.py:2363 
DEBUG    torch.__trace:utils.py:2363 
DEBUG    torch.__trace:utils.py:2363 
DEBUG    torch.__trace:utils.py:2363 
DEBUG    torch.__trace:utils.py:2363 
DEBUG    torch.__trace:utils.py:2363 
DEBUG    torch.__trace:utils.py:2363 
DEBUG    torch.__trace:utils.py:2363 
DEBUG    torch.__trace:utils.py:2363 
DEBUG    torch.__trace:utils.py:2363 
DEBUG    torch.__trace:utils.py:2363 
DEBUG    torch.__trace:utils.py:2363 
DEBUG    torch.__trace:utils.py:2363 
DEBUG    torch.__trace:utils.py:2363 
DEBUG    torch.__trace:utils.py:2363 
DEBUG    torch.__trace:utils.py:2363 
DEBUG    torch.__trace:utils.py:2363 
DEBUG    torch.__trace:utils.py:2363 
DEBUG    torch.__trace:utils.py:2363 
DEBUG    torch.__trace:utils.py:2363 
DEBUG    torch.__trace:utils.py:2363 
DEBUG    torch.__trace:utils.py:2363 
DEBUG    torch.__trace:utils.py:2363 
DEBUG    torch.__trace:utils.py:2363 
DEBUG    torch.__trace:utils.py:2363 
DEBUG    torch.__trace:utils.py:2363 
DEBUG    torch.__trace:utils.py:2363 
DEBUG    torch.__trace:utils.py:2363 
DEBUG    torch.__trace:utils.py:2363 
DEBUG    torch.__trace:utils.py:2363 
DEBUG    torch.__trace:utils.py:2363 
DEBUG    torch.__trace:utils.py:2363 
DEBUG    torch.__trace:utils.py:2363 
DEBUG    torch.__trace:utils.py:2363 
DEBUG    torch.__trace:utils.py:2363 
DEBUG    torch.__trace:utils.py:2363 
DEBUG    torch.__trace:utils.py:2363 
DEBUG    torch.__trace:utils.py:2363 
DEBUG    torch.__trace:utils.py:2363 
DEBUG    torch.__trace:utils.py:2363 
DEBUG    torch.__trace:utils.py:2363 
DEBUG    torch.__trace:utils.py:2363 
DEBUG    torch.__trace:utils.py:2363 
DEBUG    torch.__trace:utils.py:2363 
DEBUG    torch.__trace:utils.py:2363 
DEBUG    torch.__trace:utils.py:2363 
DEBUG    torch.__trace:utils.py:2363 
DEBUG    torch.__trace:utils.py:2363 
DEBUG    torch.__trace:utils.py:2363 
DEBUG    torch.__trace:utils.py:2363 
DEBUG    torch.__trace:utils.py:2363 
DEBUG    torch.__trace:utils.py:2363 
DEBUG    torch.__trace:utils.py:2363 
DEBUG    torch.__trace:utils.py:2363 
DEBUG    torch.__trace:utils.py:2363 
DEBUG    torch.__trace:utils.py:2363 
DEBUG    torch.__trace:utils.py:2363 
DEBUG    torch.__trace:utils.py:2363 
DEBUG    torch.__trace:utils.py:2363 
DEBUG    torch.__trace:utils.py:2363 
DEBUG    torch.__trace:utils.py:2363 
DEBUG    torch.__trace:utils.py:2363 
DEBUG    torch.__trace:utils.py:2363 
DEBUG    torch.__trace:utils.py:2363 
DEBUG    torch.__trace:utils.py:2363 
DEBUG    torch.__trace:utils.py:2363 
DEBUG    torch.__trace:utils.py:2363 
DEBUG    torch.__trace:utils.py:2363 
DEBUG    torch.__trace:utils.py:2363 
DEBUG    torch.__trace:utils.py:2363 
DEBUG    torch.__trace:utils.py:2363 
DEBUG    torch.__trace:utils.py:2363 
DEBUG    torch.__trace:utils.py:2363 
DEBUG    torch.__trace:utils.py:2363 
DEBUG    torch.__trace:utils.py:2363 
DEBUG    torch.__trace:utils.py:2363 
DEBUG    torch.__trace:utils.py:2363 
DEBUG    torch.__trace:utils.py:2363 
DEBUG    torch.__trace:utils.py:2363 
DEBUG    torch.__trace:utils.py:2363 
DEBUG    torch.__trace:utils.py:2363 
DEBUG    torch.__trace:utils.py:2363 
DEBUG    torch.__trace:utils.py:2363 
DEBUG    torch.__trace:utils.py:2363 
DEBUG    torch.__trace:utils.py:2363 
DEBUG    torch.__trace:utils.py:2363 
DEBUG    torch.__trace:utils.py:2363 
DEBUG    torch.__trace:utils.py:2363 
DEBUG    torch.__trace:utils.py:2363 
DEBUG    torch.__trace:utils.py:2363 
DEBUG    torch.__trace:utils.py:2363 
DEBUG    torch.__trace:utils.py:2363 
DEBUG    torch.__trace:utils.py:2363 
DEBUG    torch.__trace:utils.py:2363 
DEBUG    torch.__trace:utils.py:2363 
DEBUG    torch.__trace:utils.py:2363 
DEBUG    torch.__trace:utils.py:2363 
DEBUG    torch.__trace:utils.py:2363 
DEBUG    torch.__trace:utils.py:2363 
DEBUG    torch.__trace:utils.py:2363 
DEBUG    torch.__trace:utils.py:2363 
DEBUG    torch.__trace:utils.py:2363 
DEBUG    torch.__trace:utils.py:2363 
DEBUG    torch.__trace:utils.py:2363 
DEBUG    torch.__trace:utils.py:2363 
DEBUG    torch.__trace:utils.py:2363 
DEBUG    torch.__trace:utils.py:2363 
DEBUG    torch.__trace:utils.py:2363 
DEBUG    torch.__trace:utils.py:2363 
DEBUG    torch.__trace:utils.py:2363 
DEBUG    torch.__trace:utils.py:2363 
DEBUG    torch.__trace:utils.py:2363 
DEBUG    torch.__trace:utils.py:2363 
DEBUG    torch.__trace:utils.py:2363 
DEBUG    torch.__trace:utils.py:2363 
DEBUG    torch.__trace:utils.py:2363 
DEBUG    torch.__trace:utils.py:2363 
DEBUG    torch.__trace:utils.py:2363 
DEBUG    torch.__trace:utils.py:2363 
DEBUG    torch.__trace:utils.py:2363 
DEBUG    torch.__trace:utils.py:2363 
DEBUG    torch.__trace:utils.py:2363 
DEBUG    torch.__trace:utils.py:2363 
DEBUG    torch.__trace:utils.py:2363 
DEBUG    torch.__trace:utils.py:2363 
DEBUG    torch.__trace:utils.py:2363 
DEBUG    torch.__trace:utils.py:2363 
DEBUG    torch.__trace:utils.py:2363 
DEBUG    torch.__trace:utils.py:2363 
DEBUG    torch.__trace:utils.py:2363 
DEBUG    torch.__trace:utils.py:2363 
DEBUG    torch.__trace:utils.py:2363 
DEBUG    torch.__trace:utils.py:2363 
DEBUG    torch.__trace:utils.py:2363 
DEBUG    torch.__trace:utils.py:2363 
DEBUG    torch.__trace:utils.py:2363 
DEBUG    torch.__trace:utils.py:2363 
DEBUG    torch.__trace:utils.py:2363 
DEBUG    torch.__trace:utils.py:2363 
DEBUG    torch.__trace:utils.py:2363 
DEBUG    torch.__trace:utils.py:2363 
DEBUG    torch.__trace:utils.py:2363 
DEBUG    torch.__trace:utils.py:2363 
DEBUG    torch.__trace:utils.py:2363 
DEBUG    torch.__trace:utils.py:2363 
DEBUG    torch.__trace:utils.py:2363 
DEBUG    torch.__trace:utils.py:2363 
DEBUG    torch.__trace:utils.py:2363 
DEBUG    torch.__trace:utils.py:2363 
DEBUG    torch.__trace:utils.py:2363 
DEBUG    torch.__trace:utils.py:2363 
DEBUG    torch.__trace:utils.py:2363 
DEBUG    torch.__trace:utils.py:2363 
DEBUG    torch.__trace:utils.py:2363 
DEBUG    torch.__trace:utils.py:2363 
DEBUG    torch.__trace:utils.py:2363 
DEBUG    torch.__trace:utils.py:2363 
DEBUG    torch.__trace:utils.py:2363 
DEBUG    torch.__trace:utils.py:2363 
DEBUG    torch.__trace:utils.py:2363 
DEBUG    torch.__trace:utils.py:2363 
DEBUG    torch.__trace:utils.py:2363 
DEBUG    torch.__trace:utils.py:2363 
DEBUG    torch.__trace:utils.py:2363 
DEBUG    torch.__trace:utils.py:2363 
DEBUG    torch.__trace:utils.py:2363 
DEBUG    torch.__trace:utils.py:2363 
DEBUG    torch.__trace:utils.py:2363 
DEBUG    torch.__trace:utils.py:2363 
DEBUG    torch.__trace:utils.py:2363 
DEBUG    torch.__trace:utils.py:2363 
DEBUG    torch.__trace:utils.py:2363 
DEBUG    torch.__trace:utils.py:2363 
DEBUG    torch.__trace:utils.py:2363 
DEBUG    torch.__trace:utils.py:2363 
DEBUG    torch.__trace:utils.py:2363 
DEBUG    torch.__trace:utils.py:2363 
DEBUG    torch.__trace:utils.py:2363 
DEBUG    torch.__trace:utils.py:2363 
DEBUG    torch.__trace:utils.py:2363 
DEBUG    torch.__trace:utils.py:2363 
DEBUG    torch.__trace:utils.py:2363 
DEBUG    torch.__trace:utils.py:2363 
DEBUG    torch.__trace:utils.py:2363 
DEBUG    torch.__trace:utils.py:2363 
DEBUG    torch.__trace:utils.py:2363 
DEBUG    torch.__trace:utils.py:2363 
DEBUG    torch.__trace:utils.py:2363 
DEBUG    torch.__trace:utils.py:2363 
DEBUG    torch.__trace:utils.py:2363 
DEBUG    torch.__trace:utils.py:2363 
DEBUG    torch.__trace:utils.py:2363 
DEBUG    torch.__trace:utils.py:2363 
DEBUG    torch.__trace:utils.py:2363 
DEBUG    torch.__trace:utils.py:2363 
DEBUG    torch.__trace:utils.py:2363 
DEBUG    torch.__trace:utils.py:2363 
DEBUG    torch.__trace:utils.py:2363 
DEBUG    torch.__trace:utils.py:2363 
DEBUG    torch.__trace:utils.py:2363 
DEBUG    torch.__trace:utils.py:2363 
DEBUG    torch.__trace:utils.py:2363 
DEBUG    torch.__trace:utils.py:2363 
DEBUG    torch.__trace:utils.py:2363 
DEBUG    torch.__trace:utils.py:2363 
DEBUG    torch.__trace:utils.py:2363 
DEBUG    torch.__trace:utils.py:2363 
DEBUG    torch.__trace:utils.py:2363 
DEBUG    torch.__trace:utils.py:2363 
DEBUG    torch.__trace:utils.py:2363 
DEBUG    torch.__trace:utils.py:2363 
DEBUG    torch.__trace:utils.py:2363 
DEBUG    torch.__trace:utils.py:2363 
DEBUG    torch.__trace:utils.py:2363 
DEBUG    torch.__trace:utils.py:2363 
DEBUG    torch.__trace:utils.py:2363 
DEBUG    torch.__trace:utils.py:2363 
DEBUG    torch.__trace:utils.py:2363 
DEBUG    torch.__trace:utils.py:2363 
DEBUG    torch.__trace:utils.py:2363 
DEBUG    torch.__trace:utils.py:2363 
DEBUG    torch.__trace:utils.py:2363 
DEBUG    torch.__trace:utils.py:2363 
DEBUG    torch.__trace:utils.py:2363 
DEBUG    torch.__trace:utils.py:2363 
DEBUG    torch.__trace:utils.py:2363 
DEBUG    torch.__trace:utils.py:2363 
DEBUG    torch.__trace:utils.py:2363 
DEBUG    torch.__trace:utils.py:2363 
DEBUG    torch.__trace:utils.py:2363 
DEBUG    torch.__trace:utils.py:2363 
DEBUG    torch.__trace:utils.py:2363 
DEBUG    torch.__trace:utils.py:2363 
DEBUG    torch.__trace:utils.py:2363 
DEBUG    torch.__trace:utils.py:2363 
DEBUG    torch.__trace:utils.py:2363 
DEBUG    torch.__trace:utils.py:2363 
DEBUG    torch.__trace:utils.py:2363 
DEBUG    torch.__trace:utils.py:2363 
DEBUG    torch.__trace:utils.py:2363 
DEBUG    torch.__trace:utils.py:2363 
DEBUG    torch.__trace:utils.py:2363 
DEBUG    torch.__trace:utils.py:2363 
DEBUG    torch.__trace:utils.py:2363 
DEBUG    torch.__trace:utils.py:2363 
DEBUG    torch.__trace:utils.py:2363 
DEBUG    torch.__trace:utils.py:2363 
DEBUG    torch.__trace:utils.py:2363 
DEBUG    torch.__trace:utils.py:2363 
DEBUG    torch.__trace:utils.py:2363 
DEBUG    torch.__trace:utils.py:2363 
DEBUG    torch.__trace:utils.py:2363 
DEBUG    torch.__trace:utils.py:2363 
DEBUG    torch.__trace:utils.py:2363 
DEBUG    torch.__trace:utils.py:2363 
DEBUG    torch.__trace:utils.py:2363 
DEBUG    torch.__trace:utils.py:2363 
DEBUG    torch.__trace:utils.py:2363 
DEBUG    torch.__trace:utils.py:2363 
DEBUG    torch.__trace:utils.py:2363 
DEBUG    torch.__trace:utils.py:2363 
DEBUG    torch.__trace:utils.py:2363 
DEBUG    torch.__trace:utils.py:2363 
DEBUG    torch.__trace:utils.py:2363 
DEBUG    torch.__trace:utils.py:2363 
DEBUG    torch.__trace:utils.py:2363 
DEBUG    torch.__trace:utils.py:2363 
DEBUG    torch.__trace:utils.py:2363 
DEBUG    torch.__trace:utils.py:2363 
DEBUG    torch.__trace:utils.py:2363 
DEBUG    torch.__trace:utils.py:2363 
DEBUG    torch.__trace:utils.py:2363 
DEBUG    torch.__trace:utils.py:2363 
DEBUG    torch.__trace:utils.py:2363 
DEBUG    torch.__trace:utils.py:2363 
DEBUG    torch.__trace:utils.py:2363 
DEBUG    torch.__trace:utils.py:2363 
DEBUG    torch.__trace:utils.py:2363 
DEBUG    torch.__trace:utils.py:2363 
DEBUG    torch.__trace:utils.py:2363 
DEBUG    torch.__trace:utils.py:2363 
DEBUG    torch.__trace:utils.py:2363 
DEBUG    torch.__trace:utils.py:2363 
DEBUG    torch.__trace:utils.py:2363 
DEBUG    torch.__trace:utils.py:2363 
DEBUG    torch.__trace:utils.py:2363 
DEBUG    torch.__trace:utils.py:2363 
DEBUG    torch.__trace:utils.py:2363 
DEBUG    torch.__trace:utils.py:2363 
DEBUG    torch.__trace:utils.py:2363 
DEBUG    torch.__trace:utils.py:2363 
DEBUG    torch.__trace:utils.py:2363 
DEBUG    torch.__trace:utils.py:2363 
DEBUG    torch.__trace:utils.py:2363 
DEBUG    torch.__trace:utils.py:2363 
DEBUG    torch.__trace:utils.py:2363 
DEBUG    torch.__trace:utils.py:2363 
DEBUG    torch.__trace:utils.py:2363 
DEBUG    torch.__trace:utils.py:2363 
DEBUG    torch.__trace:utils.py:2363 
DEBUG    torch.__trace:utils.py:2363 
DEBUG    torch.__trace:utils.py:2363 
DEBUG    torch.__trace:utils.py:2363 
DEBUG    torch.__trace:utils.py:2363 
DEBUG    torch.__trace:utils.py:2363 
DEBUG    torch.__trace:utils.py:2363 
DEBUG    torch.__trace:utils.py:2363 
DEBUG    torch.__trace:utils.py:2363 
DEBUG    torch.__trace:utils.py:2363 
DEBUG    torch.__trace:utils.py:2363 
DEBUG    torch.__trace:utils.py:2363 
DEBUG    torch.__trace:utils.py:2363 
DEBUG    torch.__trace:utils.py:2363 
DEBUG    torch.__trace:utils.py:2363 
DEBUG    torch.__trace:utils.py:2363 
DEBUG    torch.__trace:utils.py:2363 
DEBUG    torch.__trace:utils.py:2363 
DEBUG    torch.__trace:utils.py:2363 
DEBUG    torch.__trace:utils.py:2363 
DEBUG    torch.__trace:utils.py:2363 
DEBUG    torch.__trace:utils.py:2363 
DEBUG    torch.__trace:utils.py:2363 
DEBUG    torch.__trace:utils.py:2363 
DEBUG    torch.__trace:utils.py:2363 
DEBUG    torch.__trace:utils.py:2363 
DEBUG    torch.__trace:utils.py:2363 
DEBUG    torch.__trace:utils.py:2363 
DEBUG    torch.__trace:utils.py:2363 
DEBUG    torch.__trace:utils.py:2363 
DEBUG    torch.__trace:utils.py:2363 
DEBUG    torch.__trace:utils.py:2363 
DEBUG    torch.__trace:utils.py:2363 
DEBUG    torch.__trace:utils.py:2363 
DEBUG    torch.__trace:utils.py:2363 
DEBUG    torch.__trace:utils.py:2363 
DEBUG    torch.__trace:utils.py:2363 
DEBUG    torch.__trace:utils.py:2363 
DEBUG    torch.__trace:utils.py:2363 
DEBUG    torch.__trace:utils.py:2363 
DEBUG    torch.__trace:utils.py:2363 
DEBUG    torch.__trace:utils.py:2363 
DEBUG    torch.__trace:utils.py:2363 
DEBUG    torch.__trace:utils.py:2363 
DEBUG    torch.__trace:utils.py:2363 
DEBUG    torch.__trace:utils.py:2363 
DEBUG    torch.__trace:utils.py:2363 
DEBUG    torch.__trace:utils.py:2363 
DEBUG    torch.__trace:utils.py:2363 
DEBUG    torch.__trace:utils.py:2363 
DEBUG    torch.__trace:utils.py:2363 
DEBUG    torch.__trace:utils.py:2363 
DEBUG    torch.__trace:utils.py:2363 
DEBUG    torch.__trace:utils.py:2363 
DEBUG    torch.__trace:utils.py:2363 
DEBUG    torch.__trace:utils.py:2363 
DEBUG    torch.__trace:utils.py:2363 
DEBUG    torch.__trace:utils.py:2363 
DEBUG    torch.__trace:utils.py:2363 
DEBUG    torch.__trace:utils.py:2363 
DEBUG    torch.__trace:utils.py:2363 
DEBUG    torch.__trace:utils.py:2363 
DEBUG    torch.__trace:utils.py:2363 
DEBUG    torch.__trace:utils.py:2363 
DEBUG    torch.__trace:utils.py:2363 
DEBUG    torch.__trace:utils.py:2363 
DEBUG    torch.__trace:utils.py:2363 
DEBUG    torch.__trace:utils.py:2363 
DEBUG    torch.__trace:utils.py:2363 
DEBUG    torch.__trace:utils.py:2363 
DEBUG    torch.__trace:utils.py:2363 
DEBUG    torch.__trace:utils.py:2363 
DEBUG    torch.__trace:utils.py:2363 
DEBUG    torch.__trace:utils.py:2363 
DEBUG    torch.__trace:utils.py:2363 
DEBUG    torch.__trace:utils.py:2363 
DEBUG    torch.__trace:utils.py:2363 
DEBUG    torch.__trace:utils.py:2363 
DEBUG    torch.__trace:utils.py:2363 
DEBUG    torch.__trace:utils.py:2363 
DEBUG    torch.__trace:utils.py:2363 
DEBUG    torch.__trace:utils.py:2363 
DEBUG    torch.__trace:utils.py:2363 
DEBUG    torch.__trace:utils.py:2363 
DEBUG    torch.__trace:utils.py:2363 
DEBUG    torch.__trace:utils.py:2363 
DEBUG    torch.__trace:utils.py:2363 
DEBUG    torch.__trace:utils.py:2363 
DEBUG    torch.__trace:utils.py:2363 
DEBUG    torch.__trace:utils.py:2363 
DEBUG    torch.__trace:utils.py:2363 
DEBUG    torch.__trace:utils.py:2363 
DEBUG    torch.__trace:utils.py:2363 
DEBUG    torch.__trace:utils.py:2363 
DEBUG    torch.__trace:utils.py:2363 
DEBUG    torch.__trace:utils.py:2363 
DEBUG    torch.__trace:utils.py:2363 
DEBUG    torch.__trace:utils.py:2363 
DEBUG    torch.__trace:utils.py:2363 
DEBUG    torch.__trace:utils.py:2363 
DEBUG    torch.__trace:utils.py:2363 
DEBUG    torch.__trace:utils.py:2363 
DEBUG    torch.__trace:utils.py:2363 
DEBUG    torch.__trace:utils.py:2363 
DEBUG    torch.__trace:utils.py:2363 
DEBUG    torch.__trace:utils.py:2363 
DEBUG    torch.__trace:utils.py:2363 
DEBUG    torch.__trace:utils.py:2363 
DEBUG    torch.__trace:utils.py:2363 
DEBUG    torch.__trace:utils.py:2363 
DEBUG    torch.__trace:utils.py:2363 
DEBUG    torch.__trace:utils.py:2363 
DEBUG    torch.__trace:utils.py:2363 
DEBUG    torch.__trace:utils.py:2363 
DEBUG    torch.__trace:utils.py:2363 
DEBUG    torch.__trace:utils.py:2363 
DEBUG    torch.__trace:utils.py:2363 
DEBUG    torch.__trace:utils.py:2363 
DEBUG    torch.__trace:utils.py:2363 
DEBUG    torch.__trace:utils.py:2363 
DEBUG    torch.__trace:utils.py:2363 
DEBUG    torch.__trace:utils.py:2363 
DEBUG    torch.__trace:utils.py:2363 
DEBUG    torch.__trace:utils.py:2363 
DEBUG    torch.__trace:utils.py:2363 
DEBUG    torch.__trace:utils.py:2363 
DEBUG    torch.__trace:utils.py:2363 
DEBUG    torch.__trace:utils.py:2363 
DEBUG    torch.__trace:utils.py:2363 
DEBUG    torch.__trace:utils.py:2363 
DEBUG    torch.__trace:utils.py:2363 
DEBUG    torch.__trace:utils.py:2363 
DEBUG    torch.__trace:utils.py:2363 
DEBUG    torch.__trace:utils.py:2363 
DEBUG    torch.__trace:utils.py:2363 
DEBUG    torch.__trace:utils.py:2363 
DEBUG    torch.__trace:utils.py:2363 
DEBUG    torch.__trace:utils.py:2363 
DEBUG    torch.__trace:utils.py:2363 
DEBUG    torch.__trace:utils.py:2363 
DEBUG    torch.__trace:utils.py:2363 
DEBUG    torch.__trace:utils.py:2363 
DEBUG    torch.__trace:utils.py:2363 
DEBUG    torch.__trace:utils.py:2363 
DEBUG    torch.__trace:utils.py:2363 
DEBUG    torch.__trace:utils.py:2363 
DEBUG    torch.__trace:utils.py:2363 
DEBUG    torch.__trace:utils.py:2363 
DEBUG    torch.__trace:utils.py:2363 
DEBUG    torch.__trace:utils.py:2363 
DEBUG    torch.__trace:utils.py:2363 
DEBUG    torch.__trace:utils.py:2363 
DEBUG    torch.__trace:utils.py:2363 
DEBUG    torch.__trace:utils.py:2363 
DEBUG    torch.__trace:utils.py:2363 
DEBUG    torch.__trace:utils.py:2363 
DEBUG    torch.__trace:utils.py:2363 
DEBUG    torch.__trace:utils.py:2363 
DEBUG    torch.__trace:utils.py:2363 
DEBUG    torch.__trace:utils.py:2363 
DEBUG    torch.__trace:utils.py:2363 
DEBUG    torch.__trace:utils.py:2363 
DEBUG    torch.__trace:utils.py:2363 
DEBUG    torch.__trace:utils.py:2363 
DEBUG    torch.__trace:utils.py:2363 
DEBUG    torch.__trace:utils.py:2363 
DEBUG    torch.__trace:utils.py:2363 
DEBUG    torch.__trace:utils.py:2363 
DEBUG    torch.__trace:utils.py:2363 
DEBUG    torch.__trace:utils.py:2363 
DEBUG    torch.__trace:utils.py:2363 
DEBUG    torch.__trace:utils.py:2363 
DEBUG    torch.__trace:utils.py:2363 
DEBUG    torch.__trace:utils.py:2363 
DEBUG    torch.__trace:utils.py:2363 
DEBUG    torch.__trace:utils.py:2363 
DEBUG    torch.__trace:utils.py:2363 
DEBUG    torch.__trace:utils.py:2363 
DEBUG    torch.__trace:utils.py:2363 
DEBUG    torch.__trace:utils.py:2363 
DEBUG    torch.__trace:utils.py:2363 
DEBUG    torch.__trace:utils.py:2363 
DEBUG    torch.__trace:utils.py:2363 
DEBUG    torch.__trace:utils.py:2363 
DEBUG    torch.__trace:utils.py:2363 
DEBUG    torch.__trace:utils.py:2363 
DEBUG    torch.__trace:utils.py:2363 
DEBUG    torch.__trace:utils.py:2363 
DEBUG    torch.__trace:utils.py:2363 
DEBUG    torch.__trace:utils.py:2363 
DEBUG    torch.__trace:utils.py:2363 
DEBUG    torch.__trace:utils.py:2363 
DEBUG    torch.__trace:utils.py:2363 
DEBUG    torch.__trace:utils.py:2363 
DEBUG    torch.__trace:utils.py:2363 
DEBUG    torch.__trace:utils.py:2363 
DEBUG    torch.__trace:utils.py:2363 
DEBUG    torch.__trace:utils.py:2363 
DEBUG    torch.__trace:utils.py:2363 
DEBUG    torch.__trace:utils.py:2363 
DEBUG    torch.__trace:utils.py:2363 
DEBUG    torch.__trace:utils.py:2363 
DEBUG    torch.__trace:utils.py:2363 
DEBUG    torch.__trace:utils.py:2363 
DEBUG    torch.__trace:utils.py:2363 
DEBUG    torch.__trace:utils.py:2363 
DEBUG    torch.__trace:utils.py:2363 
DEBUG    torch.__trace:utils.py:2363 
DEBUG    torch.__trace:utils.py:2363 
DEBUG    torch.__trace:utils.py:2363 
DEBUG    torch.__trace:utils.py:2363 
DEBUG    torch.__trace:utils.py:2363 
DEBUG    torch.__trace:utils.py:2363 
DEBUG    torch.__trace:utils.py:2363 
DEBUG    torch.__trace:utils.py:2363 
DEBUG    torch.__trace:utils.py:2363 
DEBUG    torch.__trace:utils.py:2363 
DEBUG    torch.__trace:utils.py:2363 
DEBUG    torch.__trace:utils.py:2363 
DEBUG    torch.__trace:utils.py:2363 
DEBUG    torch.__trace:utils.py:2363 
DEBUG    torch.__trace:utils.py:2363 
DEBUG    torch.__trace:utils.py:2363 
DEBUG    torch.__trace:utils.py:2363 
DEBUG    torch.__trace:utils.py:2363 
DEBUG    torch.__trace:utils.py:2363 
DEBUG    torch.__trace:utils.py:2363 
DEBUG    torch.__trace:utils.py:2363 
DEBUG    torch.__trace:utils.py:2363 
DEBUG    torch.__trace:utils.py:2363 
DEBUG    torch.__trace:utils.py:2363 
DEBUG    torch.__trace:utils.py:2363 
DEBUG    torch.__trace:utils.py:2363 
DEBUG    torch.__trace:utils.py:2363 
DEBUG    torch.__trace:utils.py:2363 
DEBUG    torch.__trace:utils.py:2363 
DEBUG    torch.__trace:utils.py:2363 
DEBUG    torch.__trace:utils.py:2363 
DEBUG    torch.__trace:utils.py:2363 
DEBUG    torch.__trace:utils.py:2363 
DEBUG    torch.__trace:utils.py:2363 
DEBUG    torch.__trace:utils.py:2363 
DEBUG    torch.__trace:utils.py:2363 
DEBUG    torch.__trace:utils.py:2363 
DEBUG    torch.__trace:utils.py:2363 
DEBUG    torch.__trace:utils.py:2363 
DEBUG    torch.__trace:utils.py:2363 
DEBUG    torch.__trace:utils.py:2363 
DEBUG    torch.__trace:utils.py:2363 
DEBUG    torch.__trace:utils.py:2363 
DEBUG    torch.__trace:utils.py:2363 
DEBUG    torch.__trace:utils.py:2363 
DEBUG    torch.__trace:utils.py:2363 
DEBUG    torch.__trace:utils.py:2363 
DEBUG    torch.__trace:utils.py:2363 
DEBUG    torch.__trace:utils.py:2363 
DEBUG    torch.__trace:utils.py:2363 
DEBUG    torch.__trace:utils.py:2363 
DEBUG    torch.__trace:utils.py:2363 
DEBUG    torch.__trace:utils.py:2363 
DEBUG    torch.__trace:utils.py:2363 
DEBUG    torch.__trace:utils.py:2363 
DEBUG    torch.__trace:utils.py:2363 
DEBUG    torch.__trace:utils.py:2363 
DEBUG    torch.__trace:utils.py:2363 
DEBUG    torch.__trace:utils.py:2363 
DEBUG    torch.__trace:utils.py:2363 
DEBUG    torch.__trace:utils.py:2363 
DEBUG    torch.__trace:utils.py:2363 
DEBUG    torch.__trace:utils.py:2363 
DEBUG    torch.__trace:utils.py:2363 
DEBUG    torch.__trace:utils.py:2363 
DEBUG    torch.__trace:utils.py:2363 
DEBUG    torch.__trace:utils.py:2363 
DEBUG    torch.__trace:utils.py:2363 
DEBUG    torch.__trace:utils.py:2363 
DEBUG    torch.__trace:utils.py:2363 
DEBUG    torch.__trace:utils.py:2363 
DEBUG    torch.__trace:utils.py:2363 
DEBUG    torch.__trace:utils.py:2363 
DEBUG    torch.__trace:utils.py:2363 
DEBUG    torch.__trace:utils.py:2363 
DEBUG    torch.__trace:utils.py:2363 
DEBUG    torch.__trace:utils.py:2363 
DEBUG    torch.__trace:utils.py:2363 
DEBUG    torch.__trace:utils.py:2363 
DEBUG    torch.__trace:utils.py:2363 
DEBUG    torch.__trace:utils.py:2363 
DEBUG    torch.__trace:utils.py:2363 
DEBUG    torch.__trace:utils.py:2363 
DEBUG    torch.__trace:utils.py:2363 
DEBUG    torch.__trace:utils.py:2363 
DEBUG    torch.__trace:utils.py:2363 
DEBUG    torch.__trace:utils.py:2363 
DEBUG    torch.__trace:utils.py:2363 
DEBUG    torch.__trace:utils.py:2363 
DEBUG    torch.__trace:utils.py:2363 
DEBUG    torch.__trace:utils.py:2363 
DEBUG    torch.__trace:utils.py:2363 
DEBUG    torch.__trace:utils.py:2363 
DEBUG    torch.__trace:utils.py:2363 
DEBUG    torch.__trace:utils.py:2363 
DEBUG    torch.__trace:utils.py:2363 
DEBUG    torch.__trace:utils.py:2363 
DEBUG    torch.__trace:utils.py:2363 
DEBUG    torch.__trace:utils.py:2363 
DEBUG    torch.__trace:utils.py:2363 
DEBUG    torch.__trace:utils.py:2363 
DEBUG    torch.__trace:utils.py:2363 
DEBUG    torch.__trace:utils.py:2363 
DEBUG    torch.__trace:utils.py:2363 
DEBUG    torch.__trace:utils.py:2363 
DEBUG    torch.__trace:utils.py:2363 
DEBUG    torch.__trace:utils.py:2363 
DEBUG    torch.__trace:utils.py:2363 
DEBUG    torch.__trace:utils.py:2363 
DEBUG    torch.__trace:utils.py:2363 
DEBUG    torch.__trace:utils.py:2363 
DEBUG    torch.__trace:utils.py:2363 
DEBUG    torch.__trace:utils.py:2363 
DEBUG    torch.__trace:utils.py:2363 
DEBUG    torch.__trace:utils.py:2363 
DEBUG    torch.__trace:utils.py:2363 
DEBUG    torch.__trace:utils.py:2363 
DEBUG    torch.__trace:utils.py:2363 
DEBUG    torch.__trace:utils.py:2363 
DEBUG    torch.__trace:utils.py:2363 
DEBUG    torch.__trace:utils.py:2363 
DEBUG    torch.__trace:utils.py:2363 
DEBUG    torch.__trace:utils.py:2363 
DEBUG    torch.__trace:utils.py:2363 
DEBUG    torch.__trace:utils.py:2363 
DEBUG    torch.__trace:utils.py:2363 
DEBUG    torch.__trace:utils.py:2363 
DEBUG    torch.__trace:utils.py:2363 
DEBUG    torch.__trace:utils.py:2363 
DEBUG    torch.__trace:utils.py:2363 
DEBUG    torch.__trace:utils.py:2363 
DEBUG    torch.__trace:utils.py:2363 
DEBUG    torch.__trace:utils.py:2363 
DEBUG    torch.__trace:utils.py:2363 
DEBUG    torch.__trace:utils.py:2363 
DEBUG    torch.__trace:utils.py:2363 
DEBUG    torch.__trace:utils.py:2363 
DEBUG    torch.__trace:utils.py:2363 
DEBUG    torch.__trace:utils.py:2363 
DEBUG    torch.__trace:utils.py:2363 
DEBUG    torch.__trace:utils.py:2363 
DEBUG    torch.__trace:utils.py:2363 
DEBUG    torch.__trace:utils.py:2363 
DEBUG    torch.__trace:utils.py:2363 
DEBUG    torch.__trace:utils.py:2363 
DEBUG    torch.__trace:utils.py:2363 
DEBUG    torch.__trace:utils.py:2363 
DEBUG    torch.__trace:utils.py:2363 
DEBUG    torch.__trace:utils.py:2363 
DEBUG    torch.__trace:utils.py:2363 
DEBUG    torch.__trace:utils.py:2363 
DEBUG    torch.__trace:utils.py:2363 
DEBUG    torch.__trace:utils.py:2363 
DEBUG    torch.__trace:utils.py:2363 
DEBUG    torch.__trace:utils.py:2363 
DEBUG    torch.__trace:utils.py:2363 
DEBUG    torch.__trace:utils.py:2363 
DEBUG    torch.__trace:utils.py:2363 
DEBUG    torch.__trace:utils.py:2363 
DEBUG    torch.__trace:utils.py:2363 
DEBUG    torch.__trace:utils.py:2363 
DEBUG    torch.__trace:utils.py:2363 
DEBUG    torch.__trace:utils.py:2363 
DEBUG    torch.__trace:utils.py:2363 
DEBUG    torch.__trace:utils.py:2363 
DEBUG    torch.__trace:utils.py:2363 
DEBUG    torch.__trace:utils.py:2363 
DEBUG    torch.__trace:utils.py:2363 
DEBUG    torch.__trace:utils.py:2363 
DEBUG    torch.__trace:utils.py:2363 
DEBUG    torch.__trace:utils.py:2363 
DEBUG    torch.__trace:utils.py:2363 
DEBUG    torch.__trace:utils.py:2363 
DEBUG    torch.__trace:utils.py:2363 
DEBUG    torch.__trace:utils.py:2363 
DEBUG    torch.__trace:utils.py:2363 
DEBUG    torch.__trace:utils.py:2363 
DEBUG    torch.__trace:utils.py:2363 
DEBUG    torch.__trace:utils.py:2363 
DEBUG    torch.__trace:utils.py:2363 
DEBUG    torch.__trace:utils.py:2363 
DEBUG    torch.__trace:utils.py:2363 
DEBUG    torch.__trace:utils.py:2363 
DEBUG    torch.__trace:utils.py:2363 
DEBUG    torch.__trace:utils.py:2363 
DEBUG    torch.__trace:utils.py:2363 
DEBUG    torch.__trace:utils.py:2363 
DEBUG    torch.__trace:utils.py:2363 
DEBUG    torch.__trace:utils.py:2363 
DEBUG    torch.__trace:utils.py:2363 
DEBUG    torch.__trace:utils.py:2363 
DEBUG    torch.__trace:utils.py:2363 
DEBUG    torch.__trace:utils.py:2363 
DEBUG    torch.__trace:utils.py:2363 
DEBUG    torch.__trace:utils.py:2363 
DEBUG    torch.__trace:utils.py:2363 
DEBUG    torch.__trace:utils.py:2363 
DEBUG    torch.__trace:utils.py:2363 
DEBUG    torch.__trace:utils.py:2363 
DEBUG    torch.__trace:utils.py:2363 
DEBUG    torch.__trace:utils.py:2363 
DEBUG    torch.__trace:compile_fx.py:1540 
DEBUG    torch.__trace:utils.py:2363 
DEBUG    torch.__trace:structured.py:28 
DEBUG    torch.__trace:structured.py:28 
DEBUG    torch.__trace:structured.py:28 
DEBUG    torch.__trace:structured.py:28 
DEBUG    torch.__trace:structured.py:28 
DEBUG    torch.__trace:structured.py:28 
DEBUG    torch.__trace:symbolic_shapes.py:8465 
DEBUG    torch.__trace:utils.py:2363 
DEBUG    torch.__trace:utils.py:2363 
DEBUG    torch.__trace:utils.py:2363 
DEBUG    torch.__trace:utils.py:2363 
DEBUG    torch.__trace:utils.py:2363 
DEBUG    torch.__trace:utils.py:2363 
DEBUG    torch.__trace:utils.py:2363 
DEBUG    torch.__trace:utils.py:2363 
DEBUG    torch.__trace:utils.py:2363 
DEBUG    torch.__trace:utils.py:2363 
DEBUG    torch.__trace:utils.py:2363 
DEBUG    torch.__trace:convert_frame.py:2148 
DEBUG    torch.__trace:utils.py:2363 
DEBUG    torch.__trace:utils.py:2363 
DEBUG    torch.__trace:utils.py:2363 
DEBUG    torch.__trace:utils.py:2022 
DEBUG    torch.__trace:utils.py:2363
=============================== warnings summary ===============================
test/test_word_admission.py::test_23_fuse_parts_before_word_admission
  /Users/arogers/github/WikiOracle/basicmodel/.venv/lib/python3.12/site-packages/torch/utils/_device.py:122: UserWarning: Sparse invariant checks are implicitly disabled. Memory errors (e.g. SEGFAULT) will occur when operating on a sparse tensor which violates the invariants, but checks incur performance overhead. To silence this warning, explicitly opt in or out. See `torch.sparse.check_sparse_tensor_invariants.__doc__` for guidance.  (Triggered internally at /Users/runner/work/pytorch/pytorch/aten/src/ATen/Context.cpp:855.)
    return func(*args, **kwargs)

test/test_word_admission.py::test_29_each_reading_publishes_only_its_words[MM_grammar.xml]
  /Users/arogers/github/WikiOracle/basicmodel/bin/Models.py:7565: RuntimeWarning: output_state_boundary [config /Users/arogers/github/WikiOracle/basicmodel/data/MM_grammar.xml]: supervised outputs with reconstruction and answerSynthesis=false use the direct head: output gradients train the whole input state; enable answerSynthesis for the concluded-idea state boundary
    warnings.warn(f"{site} [config {cfg}]: {detail}", RuntimeWarning)

test/test_word_admission.py::test_29_each_reading_publishes_only_its_words[XOR_grammar.xml]
  /Users/arogers/github/WikiOracle/basicmodel/bin/Models.py:7565: RuntimeWarning: output_state_boundary [config /Users/arogers/github/WikiOracle/basicmodel/data/XOR_grammar.xml]: supervised outputs with reconstruction and answerSynthesis=false use the direct head: output gradients train the whole input state; enable answerSynthesis for the concluded-idea state boundary
    warnings.warn(f"{site} [config {cfg}]: {detail}", RuntimeWarning)

-- Docs: https://docs.pytest.org/en/stable/how-to/capture-warnings.html
=========================== short test summary info ============================
FAILED test/test_word_admission.py::test_29_each_reading_publishes_only_its_words[XOR_grammar.xml]
1 failed, 7 passed, 3 warnings in 230.59s (0:03:50)
