F                                                                        [100%]
=================================== FAILURES ===================================
_____ TestXorGrammarReconstruction.test_piecewise_overall_at_least_50_pct ______
test/test_explicit_dimensions.py:265: in test_piecewise_overall_at_least_50_pct
    self.assertEqual(perfect, 4,
E   AssertionError: 2 != 4 : XOR_grammar reconstruction: 2/4 word multisets recovered; [('hello world', 'there world'), ('hello there', 'there there'), ('loving world', 'loving world'), ('loving there', 'loving there')]
----------------------------- Captured stdout call -----------------------------
Device: cpu
Peer pipeline: static PS/WS stage bodies compiled separately; legacy compatibility scheduler remains outside fullgraph capture


==== BasicModel ====

Trial [1/1]
Baseline test pass skipped (--test not specified). Re-invoke train.py with --test to include baseline + post-epoch evaluation.
Epoch [1/400]
[AMP] off (fp32, MODEL_AMP unset or =off)
batch = 0 (warm-up, 100.00%)
Training throughput: 1 batches in 52.759s; word units 100.0% of 8 words (letters-only 100.0% of 8).
Train Loss: output=0.1713, reconstruction=0.6992
Epoch [2/400]
batch = 0 (Δ=0.259s, 100.00%)
Training throughput: 1 batches in 0.259s; word units 100.0% of 8 words (letters-only 100.0% of 8).
Train Loss: output=0.1594, reconstruction=1.1924
Epoch [3/400]
batch = 0 (Δ=1.022s, 100.00%)
Training throughput: 1 batches in 1.022s; word units 100.0% of 8 words (letters-only 100.0% of 8).
Train Loss: output=0.1579, reconstruction=1.1459
Epoch [4/400]
batch = 0 (Δ=0.256s, 100.00%)
Training throughput: 1 batches in 0.256s; word units 100.0% of 8 words (letters-only 100.0% of 8).
Train Loss: output=0.1474, reconstruction=1.0860
Epoch [5/400]
batch = 0 (Δ=0.260s, 100.00%)
Training throughput: 1 batches in 0.259s; word units 100.0% of 8 words (letters-only 100.0% of 8).
Train Loss: output=0.1409, reconstruction=1.0339
Epoch [6/400]
batch = 0 (Δ=0.259s, 100.00%)
Training throughput: 1 batches in 0.259s; word units 100.0% of 8 words (letters-only 100.0% of 8).
Train Loss: output=0.1377, reconstruction=0.9948
Epoch [7/400]
batch = 0 (Δ=0.255s, 100.00%)
Training throughput: 1 batches in 0.254s; word units 100.0% of 8 words (letters-only 100.0% of 8).
Train Loss: output=0.1307, reconstruction=0.9645
Epoch [8/400]
batch = 0 (Δ=0.259s, 100.00%)
Training throughput: 1 batches in 0.258s; word units 100.0% of 8 words (letters-only 100.0% of 8).
Train Loss: output=0.1218, reconstruction=0.9336
Epoch [9/400]
batch = 0 (Δ=0.256s, 100.00%)
Training throughput: 1 batches in 0.255s; word units 100.0% of 8 words (letters-only 100.0% of 8).
Train Loss: output=0.1221, reconstruction=0.8994
Epoch [10/400]
batch = 0 (Δ=0.256s, 100.00%)
Training throughput: 1 batches in 0.255s; word units 100.0% of 8 words (letters-only 100.0% of 8).
Train Loss: output=0.1185, reconstruction=0.8702
Epoch [11/400]
batch = 0 (Δ=0.256s, 100.00%)
Training throughput: 1 batches in 0.256s; word units 100.0% of 8 words (letters-only 100.0% of 8).
Train Loss: output=0.1076, reconstruction=0.8487
Epoch [12/400]
batch = 0 (Δ=0.260s, 100.00%)
Training throughput: 1 batches in 0.259s; word units 100.0% of 8 words (letters-only 100.0% of 8).
Train Loss: output=0.0985, reconstruction=0.8283
Epoch [13/400]
batch = 0 (Δ=0.255s, 100.00%)
Training throughput: 1 batches in 0.254s; word units 100.0% of 8 words (letters-only 100.0% of 8).
Train Loss: output=0.0990, reconstruction=0.8079
Epoch [14/400]
batch = 0 (Δ=0.266s, 100.00%)
Training throughput: 1 batches in 0.266s; word units 100.0% of 8 words (letters-only 100.0% of 8).
Train Loss: output=0.1039, reconstruction=0.7908
Epoch [15/400]
batch = 0 (Δ=0.256s, 100.00%)
Training throughput: 1 batches in 0.255s; word units 100.0% of 8 words (letters-only 100.0% of 8).
Train Loss: output=0.0953, reconstruction=0.7744
Epoch [16/400]
batch = 0 (Δ=0.256s, 100.00%)
Training throughput: 1 batches in 0.255s; word units 100.0% of 8 words (letters-only 100.0% of 8).
Train Loss: output=0.0855, reconstruction=0.7582
Epoch [17/400]
batch = 0 (Δ=0.256s, 100.00%)
Training throughput: 1 batches in 0.255s; word units 100.0% of 8 words (letters-only 100.0% of 8).
Train Loss: output=0.0871, reconstruction=0.7433
Epoch [18/400]
batch = 0 (Δ=0.259s, 100.00%)
Training throughput: 1 batches in 0.259s; word units 100.0% of 8 words (letters-only 100.0% of 8).
Train Loss: output=0.0751, reconstruction=0.7298
Epoch [19/400]
batch = 0 (Δ=0.257s, 100.00%)
Training throughput: 1 batches in 0.256s; word units 100.0% of 8 words (letters-only 100.0% of 8).
Train Loss: output=0.0705, reconstruction=0.7157
Epoch [20/400]
batch = 0 (Δ=0.258s, 100.00%)
Training throughput: 1 batches in 0.257s; word units 100.0% of 8 words (letters-only 100.0% of 8).
Train Loss: output=0.0702, reconstruction=0.6988
Epoch [21/400]
batch = 0 (Δ=0.255s, 100.00%)
Training throughput: 1 batches in 0.254s; word units 100.0% of 8 words (letters-only 100.0% of 8).
Train Loss: output=0.0650, reconstruction=0.6796
Epoch [22/400]
batch = 0 (Δ=0.256s, 100.00%)
Training throughput: 1 batches in 0.255s; word units 100.0% of 8 words (letters-only 100.0% of 8).
Train Loss: output=0.0623, reconstruction=0.6590
Epoch [23/400]
batch = 0 (Δ=0.258s, 100.00%)
Training throughput: 1 batches in 0.257s; word units 100.0% of 8 words (letters-only 100.0% of 8).
Train Loss: output=0.0548, reconstruction=0.6378
Epoch [24/400]
batch = 0 (Δ=0.254s, 100.00%)
Training throughput: 1 batches in 0.254s; word units 100.0% of 8 words (letters-only 100.0% of 8).
Train Loss: output=0.0865, reconstruction=0.3389
Epoch [25/400]
batch = 0 (Δ=0.253s, 100.00%)
Training throughput: 1 batches in 0.252s; word units 100.0% of 8 words (letters-only 100.0% of 8).
Train Loss: output=0.0548, reconstruction=0.3326
Epoch [26/400]
batch = 0 (Δ=0.257s, 100.00%)
Training throughput: 1 batches in 0.256s; word units 100.0% of 8 words (letters-only 100.0% of 8).
Train Loss: output=0.0551, reconstruction=0.3277
Epoch [27/400]
batch = 0 (Δ=0.259s, 100.00%)
Training throughput: 1 batches in 0.258s; word units 100.0% of 8 words (letters-only 100.0% of 8).
Train Loss: output=0.0580, reconstruction=0.3237
Epoch [28/400]
batch = 0 (Δ=0.262s, 100.00%)
Training throughput: 1 batches in 0.261s; word units 100.0% of 8 words (letters-only 100.0% of 8).
Train Loss: output=0.0344, reconstruction=0.3201
Epoch [29/400]
batch = 0 (Δ=0.254s, 100.00%)
Training throughput: 1 batches in 0.253s; word units 100.0% of 8 words (letters-only 100.0% of 8).
Train Loss: output=0.0435, reconstruction=0.3167
Epoch [30/400]
batch = 0 (Δ=0.256s, 100.00%)
Training throughput: 1 batches in 0.255s; word units 100.0% of 8 words (letters-only 100.0% of 8).
Train Loss: output=0.0618, reconstruction=0.3139
Epoch [31/400]
batch = 0 (Δ=0.265s, 100.00%)
Training throughput: 1 batches in 0.264s; word units 100.0% of 8 words (letters-only 100.0% of 8).
Train Loss: output=0.0221, reconstruction=0.3109
Epoch [32/400]
batch = 0 (Δ=0.259s, 100.00%)
Training throughput: 1 batches in 0.258s; word units 100.0% of 8 words (letters-only 100.0% of 8).
Train Loss: output=0.0217, reconstruction=0.3079
Epoch [33/400]
batch = 0 (Δ=0.254s, 100.00%)
Training throughput: 1 batches in 0.253s; word units 100.0% of 8 words (letters-only 100.0% of 8).
Train Loss: output=0.0249, reconstruction=0.3056
Epoch [34/400]
batch = 0 (Δ=0.257s, 100.00%)
Training throughput: 1 batches in 0.256s; word units 100.0% of 8 words (letters-only 100.0% of 8).
Train Loss: output=0.0471, reconstruction=0.3036
Epoch [35/400]
batch = 0 (Δ=0.258s, 100.00%)
Training throughput: 1 batches in 0.257s; word units 100.0% of 8 words (letters-only 100.0% of 8).
Train Loss: output=0.0245, reconstruction=0.3019
Epoch [36/400]
batch = 0 (Δ=0.255s, 100.00%)
Training throughput: 1 batches in 0.255s; word units 100.0% of 8 words (letters-only 100.0% of 8).
Train Loss: output=0.0144, reconstruction=0.2999
Epoch [37/400]
batch = 0 (Δ=0.256s, 100.00%)
Training throughput: 1 batches in 0.256s; word units 100.0% of 8 words (letters-only 100.0% of 8).
Train Loss: output=0.0408, reconstruction=0.2978
Epoch [38/400]
batch = 0 (Δ=0.261s, 100.00%)
Training throughput: 1 batches in 0.260s; word units 100.0% of 8 words (letters-only 100.0% of 8).
Train Loss: output=0.0504, reconstruction=0.2960
Epoch [39/400]
batch = 0 (Δ=0.256s, 100.00%)
Training throughput: 1 batches in 0.256s; word units 100.0% of 8 words (letters-only 100.0% of 8).
Train Loss: output=0.0824, reconstruction=0.2948
Epoch [40/400]
batch = 0 (Δ=0.257s, 100.00%)
Training throughput: 1 batches in 0.257s; word units 100.0% of 8 words (letters-only 100.0% of 8).
Train Loss: output=0.0562, reconstruction=0.2928
Epoch [41/400]
batch = 0 (Δ=0.254s, 100.00%)
Training throughput: 1 batches in 0.254s; word units 100.0% of 8 words (letters-only 100.0% of 8).
Train Loss: output=0.0571, reconstruction=1.3410
Epoch [42/400]
batch = 0 (Δ=0.256s, 100.00%)
Training throughput: 1 batches in 0.255s; word units 100.0% of 8 words (letters-only 100.0% of 8).
Train Loss: output=0.1154, reconstruction=0.2926
Epoch [43/400]
batch = 0 (Δ=0.253s, 100.00%)
Training throughput: 1 batches in 0.253s; word units 100.0% of 8 words (letters-only 100.0% of 8).
Train Loss: output=0.0899, reconstruction=0.2964
Epoch [44/400]
batch = 0 (Δ=0.262s, 100.00%)
Training throughput: 1 batches in 0.261s; word units 100.0% of 8 words (letters-only 100.0% of 8).
Train Loss: output=0.0852, reconstruction=0.3007
Epoch [45/400]
batch = 0 (Δ=0.254s, 100.00%)
Training throughput: 1 batches in 0.253s; word units 100.0% of 8 words (letters-only 100.0% of 8).
Train Loss: output=0.0995, reconstruction=0.3049
Epoch [46/400]
batch = 0 (Δ=0.257s, 100.00%)
Training throughput: 1 batches in 0.257s; word units 100.0% of 8 words (letters-only 100.0% of 8).
Train Loss: output=0.0573, reconstruction=0.3088
Epoch [47/400]
batch = 0 (Δ=0.255s, 100.00%)
Training throughput: 1 batches in 0.255s; word units 100.0% of 8 words (letters-only 100.0% of 8).
Train Loss: output=0.0518, reconstruction=0.3124
Epoch [48/400]
batch = 0 (Δ=0.252s, 100.00%)
Training throughput: 1 batches in 0.251s; word units 100.0% of 8 words (letters-only 100.0% of 8).
Train Loss: output=0.0383, reconstruction=0.3153
Epoch [49/400]
batch = 0 (Δ=0.259s, 100.00%)
Training throughput: 1 batches in 0.258s; word units 100.0% of 8 words (letters-only 100.0% of 8).
Train Loss: output=0.0267, reconstruction=0.3178
Epoch [50/400]
batch = 0 (Δ=0.256s, 100.00%)
Training throughput: 1 batches in 0.256s; word units 100.0% of 8 words (letters-only 100.0% of 8).
Train Loss: output=0.0453, reconstruction=0.3199
Epoch [51/400]
batch = 0 (Δ=0.254s, 100.00%)
Training throughput: 1 batches in 0.253s; word units 100.0% of 8 words (letters-only 100.0% of 8).
Train Loss: output=0.0227, reconstruction=0.3216
Epoch [52/400]
batch = 0 (Δ=0.258s, 100.00%)
Training throughput: 1 batches in 0.258s; word units 100.0% of 8 words (letters-only 100.0% of 8).
Train Loss: output=0.0619, reconstruction=0.3228
Epoch [53/400]
batch = 0 (Δ=0.255s, 100.00%)
Training throughput: 1 batches in 0.254s; word units 100.0% of 8 words (letters-only 100.0% of 8).
Train Loss: output=0.0349, reconstruction=0.3235
Epoch [54/400]
batch = 0 (Δ=0.259s, 100.00%)
Training throughput: 1 batches in 0.259s; word units 100.0% of 8 words (letters-only 100.0% of 8).
Train Loss: output=0.0244, reconstruction=0.3239
Epoch [55/400]
batch = 0 (Δ=0.253s, 100.00%)
Training throughput: 1 batches in 0.253s; word units 100.0% of 8 words (letters-only 100.0% of 8).
Train Loss: output=0.0416, reconstruction=0.3242
Epoch [56/400]
batch = 0 (Δ=0.257s, 100.00%)
Training throughput: 1 batches in 0.256s; word units 100.0% of 8 words (letters-only 100.0% of 8).
Train Loss: output=0.0360, reconstruction=0.3243
Epoch [57/400]
batch = 0 (Δ=0.262s, 100.00%)
Training throughput: 1 batches in 0.262s; word units 100.0% of 8 words (letters-only 100.0% of 8).
Train Loss: output=0.0407, reconstruction=0.3242
Epoch [58/400]
batch = 0 (Δ=0.265s, 100.00%)
Training throughput: 1 batches in 0.264s; word units 100.0% of 8 words (letters-only 100.0% of 8).
Train Loss: output=0.0699, reconstruction=0.3240
Epoch [59/400]
batch = 0 (Δ=0.253s, 100.00%)
Training throughput: 1 batches in 0.252s; word units 100.0% of 8 words (letters-only 100.0% of 8).
Train Loss: output=0.0389, reconstruction=0.3238
Epoch [60/400]
batch = 0 (Δ=0.257s, 100.00%)
Training throughput: 1 batches in 0.256s; word units 100.0% of 8 words (letters-only 100.0% of 8).
Train Loss: output=0.0310, reconstruction=0.3236
Epoch [61/400]
batch = 0 (Δ=0.257s, 100.00%)
Training throughput: 1 batches in 0.257s; word units 100.0% of 8 words (letters-only 100.0% of 8).
Train Loss: output=0.0519, reconstruction=0.3233
Epoch [62/400]
batch = 0 (Δ=0.255s, 100.00%)
Training throughput: 1 batches in 0.254s; word units 100.0% of 8 words (letters-only 100.0% of 8).
Train Loss: output=0.0556, reconstruction=0.3231
Epoch [63/400]
batch = 0 (Δ=0.258s, 100.00%)
Training throughput: 1 batches in 0.258s; word units 100.0% of 8 words (letters-only 100.0% of 8).
Train Loss: output=0.0329, reconstruction=0.3205
Epoch [64/400]
batch = 0 (Δ=0.256s, 100.00%)
Training throughput: 1 batches in 0.256s; word units 100.0% of 8 words (letters-only 100.0% of 8).
Train Loss: output=0.0507, reconstruction=0.3163
Epoch [65/400]
batch = 0 (Δ=0.253s, 100.00%)
Training throughput: 1 batches in 0.253s; word units 100.0% of 8 words (letters-only 100.0% of 8).
Train Loss: output=0.0634, reconstruction=0.3129
Epoch [66/400]
batch = 0 (Δ=0.256s, 100.00%)
Training throughput: 1 batches in 0.256s; word units 100.0% of 8 words (letters-only 100.0% of 8).
Train Loss: output=0.0565, reconstruction=0.3103
Epoch [67/400]
batch = 0 (Δ=0.257s, 100.00%)
Training throughput: 1 batches in 0.257s; word units 100.0% of 8 words (letters-only 100.0% of 8).
Train Loss: output=0.0494, reconstruction=0.3083
Epoch [68/400]
batch = 0 (Δ=0.259s, 100.00%)
Training throughput: 1 batches in 0.258s; word units 100.0% of 8 words (letters-only 100.0% of 8).
Train Loss: output=0.0384, reconstruction=0.3066
Epoch [69/400]
batch = 0 (Δ=0.258s, 100.00%)
Training throughput: 1 batches in 0.258s; word units 100.0% of 8 words (letters-only 100.0% of 8).
Train Loss: output=0.0400, reconstruction=0.3033
Epoch [70/400]
batch = 0 (Δ=0.256s, 100.00%)
Training throughput: 1 batches in 0.256s; word units 100.0% of 8 words (letters-only 100.0% of 8).
Train Loss: output=0.0389, reconstruction=0.2989
Epoch [71/400]
batch = 0 (Δ=0.260s, 100.00%)
Training throughput: 1 batches in 0.259s; word units 100.0% of 8 words (letters-only 100.0% of 8).
Train Loss: output=0.0326, reconstruction=0.2954
Epoch [72/400]
batch = 0 (Δ=0.254s, 100.00%)
Training throughput: 1 batches in 0.254s; word units 100.0% of 8 words (letters-only 100.0% of 8).
Train Loss: output=0.0506, reconstruction=0.2926
Epoch [73/400]
batch = 0 (Δ=0.258s, 100.00%)
Training throughput: 1 batches in 0.257s; word units 100.0% of 8 words (letters-only 100.0% of 8).
Train Loss: output=0.0290, reconstruction=0.2904
Epoch [74/400]
batch = 0 (Δ=0.255s, 100.00%)
Training throughput: 1 batches in 0.254s; word units 100.0% of 8 words (letters-only 100.0% of 8).
Train Loss: output=0.0502, reconstruction=0.2888
Epoch [75/400]
batch = 0 (Δ=0.257s, 100.00%)
Training throughput: 1 batches in 0.256s; word units 100.0% of 8 words (letters-only 100.0% of 8).
Train Loss: output=0.0457, reconstruction=0.2863
Epoch [76/400]
batch = 0 (Δ=0.257s, 100.00%)
Training throughput: 1 batches in 0.256s; word units 100.0% of 8 words (letters-only 100.0% of 8).
Train Loss: output=0.0354, reconstruction=0.2822
Epoch [77/400]
batch = 0 (Δ=0.255s, 100.00%)
Training throughput: 1 batches in 0.255s; word units 100.0% of 8 words (letters-only 100.0% of 8).
Train Loss: output=0.0356, reconstruction=0.2781
Epoch [78/400]
batch = 0 (Δ=0.256s, 100.00%)
Training throughput: 1 batches in 0.255s; word units 100.0% of 8 words (letters-only 100.0% of 8).
Train Loss: output=0.0234, reconstruction=0.2749
Epoch [79/400]
batch = 0 (Δ=0.259s, 100.00%)
Training throughput: 1 batches in 0.259s; word units 100.0% of 8 words (letters-only 100.0% of 8).
Train Loss: output=0.0513, reconstruction=0.2716
Epoch [80/400]
batch = 0 (Δ=0.257s, 100.00%)
Training throughput: 1 batches in 0.256s; word units 100.0% of 8 words (letters-only 100.0% of 8).
Train Loss: output=0.0224, reconstruction=0.2684
Epoch [81/400]
batch = 0 (Δ=0.259s, 100.00%)
Training throughput: 1 batches in 0.258s; word units 100.0% of 8 words (letters-only 100.0% of 8).
Train Loss: output=0.0222, reconstruction=0.2653
Epoch [82/400]
batch = 0 (Δ=0.257s, 100.00%)
Training throughput: 1 batches in 0.256s; word units 100.0% of 8 words (letters-only 100.0% of 8).
Train Loss: output=0.0154, reconstruction=0.2617
Epoch [83/400]
batch = 0 (Δ=0.255s, 100.00%)
Training throughput: 1 batches in 0.254s; word units 100.0% of 8 words (letters-only 100.0% of 8).
Train Loss: output=0.0783, reconstruction=0.2585
Epoch [84/400]
batch = 0 (Δ=0.254s, 100.00%)
Training throughput: 1 batches in 0.253s; word units 100.0% of 8 words (letters-only 100.0% of 8).
Train Loss: output=0.0457, reconstruction=0.2555
Epoch [85/400]
batch = 0 (Δ=0.252s, 100.00%)
Training throughput: 1 batches in 0.252s; word units 100.0% of 8 words (letters-only 100.0% of 8).
Train Loss: output=0.0553, reconstruction=0.2529
Epoch [86/400]
batch = 0 (Δ=0.702s, 100.00%)
Training throughput: 1 batches in 0.701s; word units 100.0% of 8 words (letters-only 100.0% of 8).
Train Loss: output=0.0352, reconstruction=0.2508
Epoch [87/400]
batch = 0 (Δ=0.258s, 100.00%)
Training throughput: 1 batches in 0.257s; word units 100.0% of 8 words (letters-only 100.0% of 8).
Train Loss: output=0.0578, reconstruction=0.2494
Epoch [88/400]
batch = 0 (Δ=0.259s, 100.00%)
Training throughput: 1 batches in 0.259s; word units 100.0% of 8 words (letters-only 100.0% of 8).
Train Loss: output=0.0205, reconstruction=0.2483
Epoch [89/400]
batch = 0 (Δ=0.254s, 100.00%)
Training throughput: 1 batches in 0.253s; word units 100.0% of 8 words (letters-only 100.0% of 8).
Train Loss: output=0.0187, reconstruction=0.2474
Epoch [90/400]
batch = 0 (Δ=0.262s, 100.00%)
Training throughput: 1 batches in 0.262s; word units 100.0% of 8 words (letters-only 100.0% of 8).
Train Loss: output=0.0367, reconstruction=0.2467
Epoch [91/400]
batch = 0 (Δ=0.263s, 100.00%)
Training throughput: 1 batches in 0.262s; word units 100.0% of 8 words (letters-only 100.0% of 8).
Train Loss: output=0.0388, reconstruction=0.2459
Epoch [92/400]
batch = 0 (Δ=0.261s, 100.00%)
Training throughput: 1 batches in 0.260s; word units 100.0% of 8 words (letters-only 100.0% of 8).
Train Loss: output=0.0347, reconstruction=0.2449
Epoch [93/400]
batch = 0 (Δ=0.256s, 100.00%)
Training throughput: 1 batches in 0.255s; word units 100.0% of 8 words (letters-only 100.0% of 8).
Train Loss: output=0.0322, reconstruction=0.2440
Epoch [94/400]
batch = 0 (Δ=0.254s, 100.00%)
Training throughput: 1 batches in 0.253s; word units 100.0% of 8 words (letters-only 100.0% of 8).
Train Loss: output=0.0539, reconstruction=0.2432
Epoch [95/400]
batch = 0 (Δ=0.255s, 100.00%)
Training throughput: 1 batches in 0.255s; word units 100.0% of 8 words (letters-only 100.0% of 8).
Train Loss: output=0.0358, reconstruction=0.2427
Epoch [96/400]
batch = 0 (Δ=0.257s, 100.00%)
Training throughput: 1 batches in 0.257s; word units 100.0% of 8 words (letters-only 100.0% of 8).
Train Loss: output=0.0271, reconstruction=0.2423
Epoch [97/400]
batch = 0 (Δ=0.254s, 100.00%)
Training throughput: 1 batches in 0.254s; word units 100.0% of 8 words (letters-only 100.0% of 8).
Train Loss: output=0.0312, reconstruction=0.2418
Epoch [98/400]
batch = 0 (Δ=0.255s, 100.00%)
Training throughput: 1 batches in 0.255s; word units 100.0% of 8 words (letters-only 100.0% of 8).
Train Loss: output=0.0072, reconstruction=0.2413
Epoch [99/400]
batch = 0 (Δ=0.254s, 100.00%)
Training throughput: 1 batches in 0.253s; word units 100.0% of 8 words (letters-only 100.0% of 8).
Train Loss: output=0.0631, reconstruction=0.2407
Epoch [100/400]
batch = 0 (Δ=0.256s, 100.00%)
Training throughput: 1 batches in 0.256s; word units 100.0% of 8 words (letters-only 100.0% of 8).
Train Loss: output=0.0362, reconstruction=0.2402
Epoch [101/400]
batch = 0 (Δ=0.257s, 100.00%)
Training throughput: 1 batches in 0.256s; word units 100.0% of 8 words (letters-only 100.0% of 8).
Train Loss: output=0.0259, reconstruction=0.2399
Epoch [102/400]
batch = 0 (Δ=0.255s, 100.00%)
Training throughput: 1 batches in 0.254s; word units 100.0% of 8 words (letters-only 100.0% of 8).
Train Loss: output=0.0324, reconstruction=0.2396
Epoch [103/400]
batch = 0 (Δ=0.253s, 100.00%)
Training throughput: 1 batches in 0.253s; word units 100.0% of 8 words (letters-only 100.0% of 8).
Train Loss: output=0.0277, reconstruction=0.2395
Epoch [104/400]
batch = 0 (Δ=0.256s, 100.00%)
Training throughput: 1 batches in 0.255s; word units 100.0% of 8 words (letters-only 100.0% of 8).
Train Loss: output=0.0413, reconstruction=0.2394
Epoch [105/400]
batch = 0 (Δ=0.257s, 100.00%)
Training throughput: 1 batches in 0.257s; word units 100.0% of 8 words (letters-only 100.0% of 8).
Train Loss: output=0.0452, reconstruction=0.2394
Epoch [106/400]
batch = 0 (Δ=0.257s, 100.00%)
Training throughput: 1 batches in 0.257s; word units 100.0% of 8 words (letters-only 100.0% of 8).
Train Loss: output=0.0382, reconstruction=0.2394
Epoch [107/400]
batch = 0 (Δ=0.253s, 100.00%)
Training throughput: 1 batches in 0.253s; word units 100.0% of 8 words (letters-only 100.0% of 8).
Train Loss: output=0.0448, reconstruction=0.2393
Epoch [108/400]
batch = 0 (Δ=0.255s, 100.00%)
Training throughput: 1 batches in 0.255s; word units 100.0% of 8 words (letters-only 100.0% of 8).
Train Loss: output=0.0156, reconstruction=0.2391
Epoch [109/400]
batch = 0 (Δ=0.260s, 100.00%)
Training throughput: 1 batches in 0.259s; word units 100.0% of 8 words (letters-only 100.0% of 8).
Train Loss: output=0.0382, reconstruction=0.2389
Epoch [110/400]
batch = 0 (Δ=0.258s, 100.00%)
Training throughput: 1 batches in 0.257s; word units 100.0% of 8 words (letters-only 100.0% of 8).
Train Loss: output=0.0799, reconstruction=0.2386
Epoch [111/400]
batch = 0 (Δ=0.256s, 100.00%)
Training throughput: 1 batches in 0.256s; word units 100.0% of 8 words (letters-only 100.0% of 8).
Train Loss: output=0.0399, reconstruction=0.2384
Epoch [112/400]
batch = 0 (Δ=0.254s, 100.00%)
Training throughput: 1 batches in 0.253s; word units 100.0% of 8 words (letters-only 100.0% of 8).
Train Loss: output=0.0550, reconstruction=0.2383
Epoch [113/400]
batch = 0 (Δ=0.259s, 100.00%)
Training throughput: 1 batches in 0.258s; word units 100.0% of 8 words (letters-only 100.0% of 8).
Train Loss: output=0.0450, reconstruction=0.2382
Epoch [114/400]
batch = 0 (Δ=0.254s, 100.00%)
Training throughput: 1 batches in 0.253s; word units 100.0% of 8 words (letters-only 100.0% of 8).
Train Loss: output=0.0269, reconstruction=0.2381
Epoch [115/400]
batch = 0 (Δ=0.254s, 100.00%)
Training throughput: 1 batches in 0.253s; word units 100.0% of 8 words (letters-only 100.0% of 8).
Train Loss: output=0.0516, reconstruction=0.2379
Epoch [116/400]
batch = 0 (Δ=0.253s, 100.00%)
Training throughput: 1 batches in 0.252s; word units 100.0% of 8 words (letters-only 100.0% of 8).
Train Loss: output=0.0362, reconstruction=0.2378
Epoch [117/400]
batch = 0 (Δ=0.257s, 100.00%)
Training throughput: 1 batches in 0.257s; word units 100.0% of 8 words (letters-only 100.0% of 8).
Train Loss: output=0.0238, reconstruction=0.2378
Epoch [118/400]
batch = 0 (Δ=0.257s, 100.00%)
Training throughput: 1 batches in 0.257s; word units 100.0% of 8 words (letters-only 100.0% of 8).
Train Loss: output=0.0287, reconstruction=0.2379
Epoch [119/400]
batch = 0 (Δ=0.255s, 100.00%)
Training throughput: 1 batches in 0.254s; word units 100.0% of 8 words (letters-only 100.0% of 8).
Train Loss: output=0.0294, reconstruction=0.2380
Epoch [120/400]
batch = 0 (Δ=0.257s, 100.00%)
Training throughput: 1 batches in 0.256s; word units 100.0% of 8 words (letters-only 100.0% of 8).
Train Loss: output=0.0314, reconstruction=0.2382
Epoch [121/400]
batch = 0 (Δ=0.257s, 100.00%)
Training throughput: 1 batches in 0.256s; word units 100.0% of 8 words (letters-only 100.0% of 8).
Train Loss: output=0.0248, reconstruction=0.2384
Epoch [122/400]
batch = 0 (Δ=0.259s, 100.00%)
Training throughput: 1 batches in 0.258s; word units 100.0% of 8 words (letters-only 100.0% of 8).
Train Loss: output=0.0307, reconstruction=0.2386
Epoch [123/400]
batch = 0 (Δ=0.257s, 100.00%)
Training throughput: 1 batches in 0.256s; word units 100.0% of 8 words (letters-only 100.0% of 8).
Train Loss: output=0.0113, reconstruction=0.2387
Epoch [124/400]
batch = 0 (Δ=0.258s, 100.00%)
Training throughput: 1 batches in 0.257s; word units 100.0% of 8 words (letters-only 100.0% of 8).
Train Loss: output=0.0183, reconstruction=0.2387
Epoch [125/400]
batch = 0 (Δ=0.256s, 100.00%)
Training throughput: 1 batches in 0.256s; word units 100.0% of 8 words (letters-only 100.0% of 8).
Train Loss: output=0.0405, reconstruction=0.2385
Epoch [126/400]
batch = 0 (Δ=0.258s, 100.00%)
Training throughput: 1 batches in 0.257s; word units 100.0% of 8 words (letters-only 100.0% of 8).
Train Loss: output=0.0320, reconstruction=0.2381
Epoch [127/400]
batch = 0 (Δ=0.261s, 100.00%)
Training throughput: 1 batches in 0.260s; word units 100.0% of 8 words (letters-only 100.0% of 8).
Train Loss: output=0.0343, reconstruction=0.2377
Epoch [128/400]
batch = 0 (Δ=0.265s, 100.00%)
Training throughput: 1 batches in 0.264s; word units 100.0% of 8 words (letters-only 100.0% of 8).
Train Loss: output=0.0268, reconstruction=0.2374
Epoch [129/400]
batch = 0 (Δ=0.260s, 100.00%)
Training throughput: 1 batches in 0.259s; word units 100.0% of 8 words (letters-only 100.0% of 8).
Train Loss: output=0.0548, reconstruction=0.2372
Epoch [130/400]
batch = 0 (Δ=0.260s, 100.00%)
Training throughput: 1 batches in 0.259s; word units 100.0% of 8 words (letters-only 100.0% of 8).
Train Loss: output=0.0259, reconstruction=0.2372
Epoch [131/400]
batch = 0 (Δ=0.255s, 100.00%)
Training throughput: 1 batches in 0.255s; word units 100.0% of 8 words (letters-only 100.0% of 8).
Train Loss: output=0.0257, reconstruction=0.2372
Epoch [132/400]
batch = 0 (Δ=0.260s, 100.00%)
Training throughput: 1 batches in 0.260s; word units 100.0% of 8 words (letters-only 100.0% of 8).
Train Loss: output=0.0395, reconstruction=0.2372
Epoch [133/400]
batch = 0 (Δ=0.260s, 100.00%)
Training throughput: 1 batches in 0.260s; word units 100.0% of 8 words (letters-only 100.0% of 8).
Train Loss: output=0.0101, reconstruction=0.2373
Epoch [134/400]
batch = 0 (Δ=0.260s, 100.00%)
Training throughput: 1 batches in 0.260s; word units 100.0% of 8 words (letters-only 100.0% of 8).
Train Loss: output=0.0536, reconstruction=0.2372
Epoch [135/400]
batch = 0 (Δ=0.255s, 100.00%)
Training throughput: 1 batches in 0.254s; word units 100.0% of 8 words (letters-only 100.0% of 8).
Train Loss: output=0.0421, reconstruction=0.2371
Epoch [136/400]
batch = 0 (Δ=0.259s, 100.00%)
Training throughput: 1 batches in 0.259s; word units 100.0% of 8 words (letters-only 100.0% of 8).
Train Loss: output=0.0247, reconstruction=0.2371
Epoch [137/400]
batch = 0 (Δ=0.256s, 100.00%)
Training throughput: 1 batches in 0.256s; word units 100.0% of 8 words (letters-only 100.0% of 8).
Train Loss: output=0.0455, reconstruction=0.2371
Epoch [138/400]
batch = 0 (Δ=0.257s, 100.00%)
Training throughput: 1 batches in 0.257s; word units 100.0% of 8 words (letters-only 100.0% of 8).
Train Loss: output=0.0284, reconstruction=0.2371
Epoch [139/400]
batch = 0 (Δ=0.259s, 100.00%)
Training throughput: 1 batches in 0.258s; word units 100.0% of 8 words (letters-only 100.0% of 8).
Train Loss: output=0.0561, reconstruction=0.2371
Epoch [140/400]
batch = 0 (Δ=0.255s, 100.00%)
Training throughput: 1 batches in 0.255s; word units 100.0% of 8 words (letters-only 100.0% of 8).
Train Loss: output=0.0389, reconstruction=0.2370
Epoch [141/400]
batch = 0 (Δ=0.260s, 100.00%)
Training throughput: 1 batches in 0.259s; word units 100.0% of 8 words (letters-only 100.0% of 8).
Train Loss: output=0.0218, reconstruction=0.2368
Epoch [142/400]
batch = 0 (Δ=0.263s, 100.00%)
Training throughput: 1 batches in 0.262s; word units 100.0% of 8 words (letters-only 100.0% of 8).
Train Loss: output=0.0356, reconstruction=0.2366
Epoch [143/400]
batch = 0 (Δ=0.261s, 100.00%)
Training throughput: 1 batches in 0.261s; word units 100.0% of 8 words (letters-only 100.0% of 8).
Train Loss: output=0.0324, reconstruction=0.2365
Epoch [144/400]
batch = 0 (Δ=0.261s, 100.00%)
Training throughput: 1 batches in 0.261s; word units 100.0% of 8 words (letters-only 100.0% of 8).
Train Loss: output=0.0328, reconstruction=0.2365
Epoch [145/400]
batch = 0 (Δ=0.258s, 100.00%)
Training throughput: 1 batches in 0.257s; word units 100.0% of 8 words (letters-only 100.0% of 8).
Train Loss: output=0.0235, reconstruction=0.2366
Epoch [146/400]
batch = 0 (Δ=0.265s, 100.00%)
Training throughput: 1 batches in 0.264s; word units 100.0% of 8 words (letters-only 100.0% of 8).
Train Loss: output=0.0336, reconstruction=0.2366
Epoch [147/400]
batch = 0 (Δ=0.266s, 100.00%)
Training throughput: 1 batches in 0.265s; word units 100.0% of 8 words (letters-only 100.0% of 8).
Train Loss: output=0.0254, reconstruction=0.2366
Epoch [148/400]
batch = 0 (Δ=0.260s, 100.00%)
Training throughput: 1 batches in 0.260s; word units 100.0% of 8 words (letters-only 100.0% of 8).
Train Loss: output=0.0252, reconstruction=0.2367
Epoch [149/400]
batch = 0 (Δ=0.258s, 100.00%)
Training throughput: 1 batches in 0.258s; word units 100.0% of 8 words (letters-only 100.0% of 8).
Train Loss: output=0.0231, reconstruction=0.2369
Epoch [150/400]
batch = 0 (Δ=0.260s, 100.00%)
Training throughput: 1 batches in 0.259s; word units 100.0% of 8 words (letters-only 100.0% of 8).
Train Loss: output=0.0726, reconstruction=0.2372
Epoch [151/400]
batch = 0 (Δ=0.240s, 100.00%)
Training throughput: 1 batches in 0.239s; word units 100.0% of 8 words (letters-only 100.0% of 8).
Train Loss: output=0.0421, reconstruction=0.2376
Epoch [152/400]
batch = 0 (Δ=0.236s, 100.00%)
Training throughput: 1 batches in 0.235s; word units 100.0% of 8 words (letters-only 100.0% of 8).
Train Loss: output=0.0215, reconstruction=0.2380
Epoch [153/400]
batch = 0 (Δ=0.238s, 100.00%)
Training throughput: 1 batches in 0.238s; word units 100.0% of 8 words (letters-only 100.0% of 8).
Train Loss: output=0.0243, reconstruction=0.2382
Epoch [154/400]
batch = 0 (Δ=0.236s, 100.00%)
Training throughput: 1 batches in 0.235s; word units 100.0% of 8 words (letters-only 100.0% of 8).
Train Loss: output=0.0337, reconstruction=0.2385
Epoch [155/400]
batch = 0 (Δ=0.238s, 100.00%)
Training throughput: 1 batches in 0.238s; word units 100.0% of 8 words (letters-only 100.0% of 8).
Train Loss: output=0.0253, reconstruction=0.2387
Epoch [156/400]
batch = 0 (Δ=0.241s, 100.00%)
Training throughput: 1 batches in 0.240s; word units 100.0% of 8 words (letters-only 100.0% of 8).
Train Loss: output=0.0364, reconstruction=0.2389
Epoch [157/400]
batch = 0 (Δ=0.238s, 100.00%)
Training throughput: 1 batches in 0.238s; word units 100.0% of 8 words (letters-only 100.0% of 8).
Train Loss: output=0.0474, reconstruction=0.2391
Epoch [158/400]
batch = 0 (Δ=0.233s, 100.00%)
Training throughput: 1 batches in 0.233s; word units 100.0% of 8 words (letters-only 100.0% of 8).
Train Loss: output=0.0305, reconstruction=0.2393
Epoch [159/400]
batch = 0 (Δ=0.231s, 100.00%)
Training throughput: 1 batches in 0.230s; word units 100.0% of 8 words (letters-only 100.0% of 8).
Train Loss: output=0.0343, reconstruction=0.2394
Epoch [160/400]
batch = 0 (Δ=0.243s, 100.00%)
Training throughput: 1 batches in 0.243s; word units 100.0% of 8 words (letters-only 100.0% of 8).
Train Loss: output=0.0389, reconstruction=0.2395
Epoch [161/400]
batch = 0 (Δ=0.254s, 100.00%)
Training throughput: 1 batches in 0.253s; word units 100.0% of 8 words (letters-only 100.0% of 8).
Train Loss: output=0.0470, reconstruction=0.2396
Epoch [162/400]
batch = 0 (Δ=0.260s, 100.00%)
Training throughput: 1 batches in 0.259s; word units 100.0% of 8 words (letters-only 100.0% of 8).
Train Loss: output=0.0169, reconstruction=0.2398
Epoch [163/400]
batch = 0 (Δ=0.256s, 100.00%)
Training throughput: 1 batches in 0.256s; word units 100.0% of 8 words (letters-only 100.0% of 8).
Train Loss: output=0.0340, reconstruction=0.2399
Epoch [164/400]
batch = 0 (Δ=0.258s, 100.00%)
Training throughput: 1 batches in 0.257s; word units 100.0% of 8 words (letters-only 100.0% of 8).
Train Loss: output=0.0312, reconstruction=0.2400
Epoch [165/400]
batch = 0 (Δ=0.621s, 100.00%)
Training throughput: 1 batches in 0.619s; word units 100.0% of 8 words (letters-only 100.0% of 8).
Train Loss: output=0.0313, reconstruction=0.2402
Epoch [166/400]
batch = 0 (Δ=0.233s, 100.00%)
Training throughput: 1 batches in 0.233s; word units 100.0% of 8 words (letters-only 100.0% of 8).
Train Loss: output=0.0151, reconstruction=0.2405
Epoch [167/400]
batch = 0 (Δ=0.241s, 100.00%)
Training throughput: 1 batches in 0.240s; word units 100.0% of 8 words (letters-only 100.0% of 8).
Train Loss: output=0.0160, reconstruction=0.2408
Epoch [168/400]
batch = 0 (Δ=0.247s, 100.00%)
Training throughput: 1 batches in 0.247s; word units 100.0% of 8 words (letters-only 100.0% of 8).
Train Loss: output=0.0572, reconstruction=0.2410
Epoch [169/400]
batch = 0 (Δ=0.258s, 100.00%)
Training throughput: 1 batches in 0.258s; word units 100.0% of 8 words (letters-only 100.0% of 8).
Train Loss: output=0.0108, reconstruction=0.2412
Epoch [170/400]
batch = 0 (Δ=0.256s, 100.00%)
Training throughput: 1 batches in 0.255s; word units 100.0% of 8 words (letters-only 100.0% of 8).
Train Loss: output=0.0268, reconstruction=0.2414
Epoch [171/400]
batch = 0 (Δ=0.259s, 100.00%)
Training throughput: 1 batches in 0.258s; word units 100.0% of 8 words (letters-only 100.0% of 8).
Train Loss: output=0.0270, reconstruction=0.2416
Epoch [172/400]
batch = 0 (Δ=0.260s, 100.00%)
Training throughput: 1 batches in 0.260s; word units 100.0% of 8 words (letters-only 100.0% of 8).
Train Loss: output=0.0265, reconstruction=0.2416
Epoch [173/400]
batch = 0 (Δ=0.253s, 100.00%)
Training throughput: 1 batches in 0.253s; word units 100.0% of 8 words (letters-only 100.0% of 8).
Train Loss: output=0.0343, reconstruction=0.2417
Epoch [174/400]
batch = 0 (Δ=0.255s, 100.00%)
Training throughput: 1 batches in 0.254s; word units 100.0% of 8 words (letters-only 100.0% of 8).
Train Loss: output=0.0375, reconstruction=0.2417
Epoch [175/400]
batch = 0 (Δ=0.256s, 100.00%)
Training throughput: 1 batches in 0.255s; word units 100.0% of 8 words (letters-only 100.0% of 8).
Train Loss: output=0.0223, reconstruction=0.2418
Epoch [176/400]
batch = 0 (Δ=0.257s, 100.00%)
Training throughput: 1 batches in 0.257s; word units 100.0% of 8 words (letters-only 100.0% of 8).
Train Loss: output=0.0207, reconstruction=0.2418
Epoch [177/400]
batch = 0 (Δ=0.256s, 100.00%)
Training throughput: 1 batches in 0.256s; word units 100.0% of 8 words (letters-only 100.0% of 8).
Train Loss: output=0.0189, reconstruction=0.2419
Epoch [178/400]
batch = 0 (Δ=0.257s, 100.00%)
Training throughput: 1 batches in 0.257s; word units 100.0% of 8 words (letters-only 100.0% of 8).
Train Loss: output=0.0331, reconstruction=0.2418
Epoch [179/400]
batch = 0 (Δ=0.257s, 100.00%)
Training throughput: 1 batches in 0.257s; word units 100.0% of 8 words (letters-only 100.0% of 8).
Train Loss: output=0.0254, reconstruction=0.2418
Epoch [180/400]
batch = 0 (Δ=0.260s, 100.00%)
Training throughput: 1 batches in 0.259s; word units 100.0% of 8 words (letters-only 100.0% of 8).
Train Loss: output=0.0149, reconstruction=0.2417
Epoch [181/400]
batch = 0 (Δ=0.260s, 100.00%)
Training throughput: 1 batches in 0.259s; word units 100.0% of 8 words (letters-only 100.0% of 8).
Train Loss: output=0.0243, reconstruction=0.2416
Epoch [182/400]
batch = 0 (Δ=0.256s, 100.00%)
Training throughput: 1 batches in 0.256s; word units 100.0% of 8 words (letters-only 100.0% of 8).
Train Loss: output=0.0143, reconstruction=0.2415
Epoch [183/400]
batch = 0 (Δ=0.258s, 100.00%)
Training throughput: 1 batches in 0.258s; word units 100.0% of 8 words (letters-only 100.0% of 8).
Train Loss: output=0.0146, reconstruction=0.2414
Epoch [184/400]
batch = 0 (Δ=0.256s, 100.00%)
Training throughput: 1 batches in 0.256s; word units 100.0% of 8 words (letters-only 100.0% of 8).
Train Loss: output=0.0362, reconstruction=0.2413
Epoch [185/400]
batch = 0 (Δ=0.252s, 100.00%)
Training throughput: 1 batches in 0.251s; word units 100.0% of 8 words (letters-only 100.0% of 8).
Train Loss: output=0.0160, reconstruction=0.2412
Epoch [186/400]
batch = 0 (Δ=0.257s, 100.00%)
Training throughput: 1 batches in 0.256s; word units 100.0% of 8 words (letters-only 100.0% of 8).
Train Loss: output=0.0136, reconstruction=0.2411
Epoch [187/400]
batch = 0 (Δ=0.253s, 100.00%)
Training throughput: 1 batches in 0.252s; word units 100.0% of 8 words (letters-only 100.0% of 8).
Train Loss: output=0.0124, reconstruction=0.2412
Epoch [188/400]
batch = 0 (Δ=0.256s, 100.00%)
Training throughput: 1 batches in 0.256s; word units 100.0% of 8 words (letters-only 100.0% of 8).
Train Loss: output=0.0136, reconstruction=0.2413
Epoch [189/400]
batch = 0 (Δ=0.256s, 100.00%)
Training throughput: 1 batches in 0.256s; word units 100.0% of 8 words (letters-only 100.0% of 8).
Train Loss: output=0.0096, reconstruction=0.2414
Epoch [190/400]
batch = 0 (Δ=0.256s, 100.00%)
Training throughput: 1 batches in 0.255s; word units 100.0% of 8 words (letters-only 100.0% of 8).
Train Loss: output=0.0283, reconstruction=0.2415
Epoch [191/400]
batch = 0 (Δ=0.253s, 100.00%)
Training throughput: 1 batches in 0.252s; word units 100.0% of 8 words (letters-only 100.0% of 8).
Train Loss: output=0.0142, reconstruction=0.2416
Epoch [192/400]
batch = 0 (Δ=0.256s, 100.00%)
Training throughput: 1 batches in 0.256s; word units 100.0% of 8 words (letters-only 100.0% of 8).
Train Loss: output=0.0225, reconstruction=0.2417
Epoch [193/400]
batch = 0 (Δ=0.255s, 100.00%)
Training throughput: 1 batches in 0.254s; word units 100.0% of 8 words (letters-only 100.0% of 8).
Train Loss: output=0.0204, reconstruction=0.2419
Epoch [194/400]
batch = 0 (Δ=0.254s, 100.00%)
Training throughput: 1 batches in 0.253s; word units 100.0% of 8 words (letters-only 100.0% of 8).
Train Loss: output=0.0213, reconstruction=0.2421
Epoch [195/400]
batch = 0 (Δ=0.258s, 100.00%)
Training throughput: 1 batches in 0.257s; word units 100.0% of 8 words (letters-only 100.0% of 8).
Train Loss: output=0.0258, reconstruction=0.2425
Epoch [196/400]
batch = 0 (Δ=0.257s, 100.00%)
Training throughput: 1 batches in 0.257s; word units 100.0% of 8 words (letters-only 100.0% of 8).
Train Loss: output=0.0119, reconstruction=0.2428
Epoch [197/400]
batch = 0 (Δ=0.262s, 100.00%)
Training throughput: 1 batches in 0.261s; word units 100.0% of 8 words (letters-only 100.0% of 8).
Train Loss: output=0.0230, reconstruction=0.2430
Epoch [198/400]
batch = 0 (Δ=0.255s, 100.00%)
Training throughput: 1 batches in 0.254s; word units 100.0% of 8 words (letters-only 100.0% of 8).
Train Loss: output=0.0128, reconstruction=0.2431
Epoch [199/400]
batch = 0 (Δ=0.255s, 100.00%)
Training throughput: 1 batches in 0.255s; word units 100.0% of 8 words (letters-only 100.0% of 8).
Train Loss: output=0.0077, reconstruction=0.2433
Epoch [200/400]
batch = 0 (Δ=0.255s, 100.00%)
Training throughput: 1 batches in 0.255s; word units 100.0% of 8 words (letters-only 100.0% of 8).
Train Loss: output=0.0079, reconstruction=0.2432
Epoch [201/400]
batch = 0 (Δ=0.255s, 100.00%)
Training throughput: 1 batches in 0.254s; word units 100.0% of 8 words (letters-only 100.0% of 8).
Train Loss: output=0.0478, reconstruction=0.2432
Epoch [202/400]
batch = 0 (Δ=0.254s, 100.00%)
Training throughput: 1 batches in 0.254s; word units 100.0% of 8 words (letters-only 100.0% of 8).
Train Loss: output=0.0254, reconstruction=0.2431
Epoch [203/400]
batch = 0 (Δ=0.255s, 100.00%)
Training throughput: 1 batches in 0.254s; word units 100.0% of 8 words (letters-only 100.0% of 8).
Train Loss: output=0.0269, reconstruction=0.2430
Epoch [204/400]
batch = 0 (Δ=0.257s, 100.00%)
Training throughput: 1 batches in 0.257s; word units 100.0% of 8 words (letters-only 100.0% of 8).
Train Loss: output=0.0282, reconstruction=0.2431
Epoch [205/400]
batch = 0 (Δ=0.255s, 100.00%)
Training throughput: 1 batches in 0.255s; word units 100.0% of 8 words (letters-only 100.0% of 8).
Train Loss: output=0.0226, reconstruction=0.2432
Epoch [206/400]
batch = 0 (Δ=0.257s, 100.00%)
Training throughput: 1 batches in 0.257s; word units 100.0% of 8 words (letters-only 100.0% of 8).
Train Loss: output=0.0402, reconstruction=0.2430
Epoch [207/400]
batch = 0 (Δ=0.257s, 100.00%)
Training throughput: 1 batches in 0.256s; word units 100.0% of 8 words (letters-only 100.0% of 8).
Train Loss: output=0.0249, reconstruction=0.2429
Epoch [208/400]
batch = 0 (Δ=0.253s, 100.00%)
Training throughput: 1 batches in 0.253s; word units 100.0% of 8 words (letters-only 100.0% of 8).
Train Loss: output=0.0206, reconstruction=0.2427
Epoch [209/400]
batch = 0 (Δ=0.262s, 100.00%)
Training throughput: 1 batches in 0.262s; word units 100.0% of 8 words (letters-only 100.0% of 8).
Train Loss: output=0.0231, reconstruction=0.2426
Epoch [210/400]
batch = 0 (Δ=0.257s, 100.00%)
Training throughput: 1 batches in 0.257s; word units 100.0% of 8 words (letters-only 100.0% of 8).
Train Loss: output=0.0234, reconstruction=0.2425
Epoch [211/400]
batch = 0 (Δ=0.253s, 100.00%)
Training throughput: 1 batches in 0.253s; word units 100.0% of 8 words (letters-only 100.0% of 8).
Train Loss: output=0.0211, reconstruction=0.2424
Epoch [212/400]
batch = 0 (Δ=0.259s, 100.00%)
Training throughput: 1 batches in 0.258s; word units 100.0% of 8 words (letters-only 100.0% of 8).
Train Loss: output=0.0149, reconstruction=0.2423
Epoch [213/400]
batch = 0 (Δ=0.254s, 100.00%)
Training throughput: 1 batches in 0.253s; word units 100.0% of 8 words (letters-only 100.0% of 8).
Train Loss: output=0.0170, reconstruction=0.2421
Epoch [214/400]
batch = 0 (Δ=0.254s, 100.00%)
Training throughput: 1 batches in 0.253s; word units 100.0% of 8 words (letters-only 100.0% of 8).
Train Loss: output=0.0170, reconstruction=0.2421
Epoch [215/400]
batch = 0 (Δ=0.256s, 100.00%)
Training throughput: 1 batches in 0.255s; word units 100.0% of 8 words (letters-only 100.0% of 8).
Train Loss: output=0.0103, reconstruction=0.2421
Epoch [216/400]
batch = 0 (Δ=0.256s, 100.00%)
Training throughput: 1 batches in 0.256s; word units 100.0% of 8 words (letters-only 100.0% of 8).
Train Loss: output=0.0188, reconstruction=0.2422
Epoch [217/400]
batch = 0 (Δ=0.257s, 100.00%)
Training throughput: 1 batches in 0.256s; word units 100.0% of 8 words (letters-only 100.0% of 8).
Train Loss: output=0.0357, reconstruction=0.2423
Epoch [218/400]
batch = 0 (Δ=0.258s, 100.00%)
Training throughput: 1 batches in 0.258s; word units 100.0% of 8 words (letters-only 100.0% of 8).
Train Loss: output=0.0175, reconstruction=0.2424
Epoch [219/400]
batch = 0 (Δ=0.256s, 100.00%)
Training throughput: 1 batches in 0.256s; word units 100.0% of 8 words (letters-only 100.0% of 8).
Train Loss: output=0.0032, reconstruction=0.2424
Epoch [220/400]
batch = 0 (Δ=0.255s, 100.00%)
Training throughput: 1 batches in 0.254s; word units 100.0% of 8 words (letters-only 100.0% of 8).
Train Loss: output=0.0276, reconstruction=0.2424
Epoch [221/400]
batch = 0 (Δ=0.257s, 100.00%)
Training throughput: 1 batches in 0.256s; word units 100.0% of 8 words (letters-only 100.0% of 8).
Train Loss: output=0.0053, reconstruction=0.2424
Epoch [222/400]
batch = 0 (Δ=0.255s, 100.00%)
Training throughput: 1 batches in 0.254s; word units 100.0% of 8 words (letters-only 100.0% of 8).
Train Loss: output=0.0026, reconstruction=0.2424
Epoch [223/400]
batch = 0 (Δ=0.259s, 100.00%)
Training throughput: 1 batches in 0.259s; word units 100.0% of 8 words (letters-only 100.0% of 8).
Train Loss: output=0.0205, reconstruction=0.2424
Epoch [224/400]
batch = 0 (Δ=0.254s, 100.00%)
Training throughput: 1 batches in 0.253s; word units 100.0% of 8 words (letters-only 100.0% of 8).
Train Loss: output=0.0263, reconstruction=0.2423
Epoch [225/400]
batch = 0 (Δ=0.256s, 100.00%)
Training throughput: 1 batches in 0.255s; word units 100.0% of 8 words (letters-only 100.0% of 8).
Train Loss: output=0.0257, reconstruction=0.2423
Epoch [226/400]
batch = 0 (Δ=0.256s, 100.00%)
Training throughput: 1 batches in 0.256s; word units 100.0% of 8 words (letters-only 100.0% of 8).
Train Loss: output=0.0136, reconstruction=0.2424
Epoch [227/400]
batch = 0 (Δ=0.257s, 100.00%)
Training throughput: 1 batches in 0.256s; word units 100.0% of 8 words (letters-only 100.0% of 8).
Train Loss: output=0.0514, reconstruction=0.2424
Epoch [228/400]
batch = 0 (Δ=0.262s, 100.00%)
Training throughput: 1 batches in 0.262s; word units 100.0% of 8 words (letters-only 100.0% of 8).
Train Loss: output=0.0287, reconstruction=0.2492
Epoch [229/400]
batch = 0 (Δ=0.258s, 100.00%)
Training throughput: 1 batches in 0.257s; word units 100.0% of 8 words (letters-only 100.0% of 8).
Train Loss: output=0.0301, reconstruction=0.2622
Epoch [230/400]
batch = 0 (Δ=0.258s, 100.00%)
Training throughput: 1 batches in 0.257s; word units 100.0% of 8 words (letters-only 100.0% of 8).
Train Loss: output=0.0328, reconstruction=0.2740
Epoch [231/400]
batch = 0 (Δ=0.254s, 100.00%)
Training throughput: 1 batches in 0.254s; word units 100.0% of 8 words (letters-only 100.0% of 8).
Train Loss: output=0.0416, reconstruction=0.2843
Epoch [232/400]
batch = 0 (Δ=0.259s, 100.00%)
Training throughput: 1 batches in 0.258s; word units 100.0% of 8 words (letters-only 100.0% of 8).
Train Loss: output=0.0562, reconstruction=0.2932
Epoch [233/400]
batch = 0 (Δ=0.259s, 100.00%)
Training throughput: 1 batches in 0.258s; word units 100.0% of 8 words (letters-only 100.0% of 8).
Train Loss: output=0.0456, reconstruction=0.3007
Epoch [234/400]
batch = 0 (Δ=0.259s, 100.00%)
Training throughput: 1 batches in 0.259s; word units 100.0% of 8 words (letters-only 100.0% of 8).
Train Loss: output=0.0317, reconstruction=0.3071
Epoch [235/400]
batch = 0 (Δ=0.257s, 100.00%)
Training throughput: 1 batches in 0.257s; word units 100.0% of 8 words (letters-only 100.0% of 8).
Train Loss: output=0.0153, reconstruction=0.3123
Epoch [236/400]
batch = 0 (Δ=0.253s, 100.00%)
Training throughput: 1 batches in 0.252s; word units 100.0% of 8 words (letters-only 100.0% of 8).
Train Loss: output=0.0241, reconstruction=0.3164
Epoch [237/400]
batch = 0 (Δ=0.253s, 100.00%)
Training throughput: 1 batches in 0.253s; word units 100.0% of 8 words (letters-only 100.0% of 8).
Train Loss: output=0.0530, reconstruction=0.3198
Epoch [238/400]
batch = 0 (Δ=0.260s, 100.00%)
Training throughput: 1 batches in 0.259s; word units 100.0% of 8 words (letters-only 100.0% of 8).
Train Loss: output=0.0335, reconstruction=0.3225
Epoch [239/400]
batch = 0 (Δ=0.255s, 100.00%)
Training throughput: 1 batches in 0.255s; word units 100.0% of 8 words (letters-only 100.0% of 8).
Train Loss: output=0.0684, reconstruction=0.3246
Epoch [240/400]
batch = 0 (Δ=0.252s, 100.00%)
Training throughput: 1 batches in 0.251s; word units 100.0% of 8 words (letters-only 100.0% of 8).
Train Loss: output=0.0468, reconstruction=0.3261
Epoch [241/400]
batch = 0 (Δ=0.256s, 100.00%)
Training throughput: 1 batches in 0.256s; word units 100.0% of 8 words (letters-only 100.0% of 8).
Train Loss: output=0.0246, reconstruction=0.3274
Epoch [242/400]
batch = 0 (Δ=0.667s, 100.00%)
Training throughput: 1 batches in 0.666s; word units 100.0% of 8 words (letters-only 100.0% of 8).
Train Loss: output=0.0830, reconstruction=0.3284
Epoch [243/400]
batch = 0 (Δ=0.253s, 100.00%)
Training throughput: 1 batches in 0.252s; word units 100.0% of 8 words (letters-only 100.0% of 8).
Train Loss: output=0.0512, reconstruction=0.3292
Epoch [244/400]
batch = 0 (Δ=0.256s, 100.00%)
Training throughput: 1 batches in 0.255s; word units 100.0% of 8 words (letters-only 100.0% of 8).
Train Loss: output=0.0446, reconstruction=0.3297
Epoch [245/400]
batch = 0 (Δ=0.256s, 100.00%)
Training throughput: 1 batches in 0.256s; word units 100.0% of 8 words (letters-only 100.0% of 8).
Train Loss: output=0.0497, reconstruction=0.3299
Epoch [246/400]
batch = 0 (Δ=0.256s, 100.00%)
Training throughput: 1 batches in 0.256s; word units 100.0% of 8 words (letters-only 100.0% of 8).
Train Loss: output=0.0421, reconstruction=0.3301
Epoch [247/400]
batch = 0 (Δ=0.257s, 100.00%)
Training throughput: 1 batches in 0.256s; word units 100.0% of 8 words (letters-only 100.0% of 8).
Train Loss: output=0.0476, reconstruction=0.3303
Epoch [248/400]
batch = 0 (Δ=0.254s, 100.00%)
Training throughput: 1 batches in 0.253s; word units 100.0% of 8 words (letters-only 100.0% of 8).
Train Loss: output=0.0406, reconstruction=0.3305
Epoch [249/400]
batch = 0 (Δ=0.257s, 100.00%)
Training throughput: 1 batches in 0.256s; word units 100.0% of 8 words (letters-only 100.0% of 8).
Train Loss: output=0.0325, reconstruction=0.3307
Epoch [250/400]
batch = 0 (Δ=0.254s, 100.00%)
Training throughput: 1 batches in 0.254s; word units 100.0% of 8 words (letters-only 100.0% of 8).
Train Loss: output=0.0520, reconstruction=0.3308
Epoch [251/400]
batch = 0 (Δ=0.257s, 100.00%)
Training throughput: 1 batches in 0.256s; word units 100.0% of 8 words (letters-only 100.0% of 8).
Train Loss: output=0.0238, reconstruction=0.3310
Epoch [252/400]
batch = 0 (Δ=0.257s, 100.00%)
Training throughput: 1 batches in 0.257s; word units 100.0% of 8 words (letters-only 100.0% of 8).
Train Loss: output=0.0233, reconstruction=0.3312
Epoch [253/400]
batch = 0 (Δ=0.255s, 100.00%)
Training throughput: 1 batches in 0.255s; word units 100.0% of 8 words (letters-only 100.0% of 8).
Train Loss: output=0.0576, reconstruction=0.3313
Epoch [254/400]
batch = 0 (Δ=0.261s, 100.00%)
Training throughput: 1 batches in 0.260s; word units 100.0% of 8 words (letters-only 100.0% of 8).
Train Loss: output=0.0480, reconstruction=0.3314
Epoch [255/400]
batch = 0 (Δ=0.257s, 100.00%)
Training throughput: 1 batches in 0.257s; word units 100.0% of 8 words (letters-only 100.0% of 8).
Train Loss: output=0.0421, reconstruction=0.3315
Epoch [256/400]
batch = 0 (Δ=0.253s, 100.00%)
Training throughput: 1 batches in 0.253s; word units 100.0% of 8 words (letters-only 100.0% of 8).
Train Loss: output=0.0447, reconstruction=0.3315
Epoch [257/400]
batch = 0 (Δ=0.254s, 100.00%)
Training throughput: 1 batches in 0.253s; word units 100.0% of 8 words (letters-only 100.0% of 8).
Train Loss: output=0.0463, reconstruction=0.3312
Epoch [258/400]
batch = 0 (Δ=0.255s, 100.00%)
Training throughput: 1 batches in 0.254s; word units 100.0% of 8 words (letters-only 100.0% of 8).
Train Loss: output=0.0428, reconstruction=0.3310
Epoch [259/400]
batch = 0 (Δ=0.259s, 100.00%)
Training throughput: 1 batches in 0.259s; word units 100.0% of 8 words (letters-only 100.0% of 8).
Train Loss: output=0.0334, reconstruction=0.3308
Epoch [260/400]
batch = 0 (Δ=0.255s, 100.00%)
Training throughput: 1 batches in 0.254s; word units 100.0% of 8 words (letters-only 100.0% of 8).
Train Loss: output=0.0224, reconstruction=0.3307
Epoch [261/400]
batch = 0 (Δ=0.255s, 100.00%)
Training throughput: 1 batches in 0.255s; word units 100.0% of 8 words (letters-only 100.0% of 8).
Train Loss: output=0.0521, reconstruction=0.3305
Epoch [262/400]
batch = 0 (Δ=0.258s, 100.00%)
Training throughput: 1 batches in 0.257s; word units 100.0% of 8 words (letters-only 100.0% of 8).
Train Loss: output=0.0394, reconstruction=0.3304
Epoch [263/400]
batch = 0 (Δ=0.252s, 100.00%)
Training throughput: 1 batches in 0.252s; word units 100.0% of 8 words (letters-only 100.0% of 8).
Train Loss: output=0.0425, reconstruction=0.3304
Epoch [264/400]
batch = 0 (Δ=0.253s, 100.00%)
Training throughput: 1 batches in 0.253s; word units 100.0% of 8 words (letters-only 100.0% of 8).
Train Loss: output=0.0495, reconstruction=0.3304
Epoch [265/400]
batch = 0 (Δ=0.256s, 100.00%)
Training throughput: 1 batches in 0.255s; word units 100.0% of 8 words (letters-only 100.0% of 8).
Train Loss: output=0.0469, reconstruction=0.3306
Epoch [266/400]
batch = 0 (Δ=0.255s, 100.00%)
Training throughput: 1 batches in 0.254s; word units 100.0% of 8 words (letters-only 100.0% of 8).
Train Loss: output=0.0207, reconstruction=0.3306
Epoch [267/400]
batch = 0 (Δ=0.253s, 100.00%)
Training throughput: 1 batches in 0.252s; word units 100.0% of 8 words (letters-only 100.0% of 8).
Train Loss: output=0.0580, reconstruction=0.3304
Epoch [268/400]
batch = 0 (Δ=0.253s, 100.00%)
Training throughput: 1 batches in 0.252s; word units 100.0% of 8 words (letters-only 100.0% of 8).
Train Loss: output=0.0180, reconstruction=0.3302
Epoch [269/400]
batch = 0 (Δ=0.253s, 100.00%)
Training throughput: 1 batches in 0.252s; word units 100.0% of 8 words (letters-only 100.0% of 8).
Train Loss: output=0.0200, reconstruction=0.3301
Epoch [270/400]
batch = 0 (Δ=0.250s, 100.00%)
Training throughput: 1 batches in 0.250s; word units 100.0% of 8 words (letters-only 100.0% of 8).
Train Loss: output=0.0219, reconstruction=0.3299
Epoch [271/400]
batch = 0 (Δ=0.257s, 100.00%)
Training throughput: 1 batches in 0.256s; word units 100.0% of 8 words (letters-only 100.0% of 8).
Train Loss: output=0.0250, reconstruction=0.3297
Epoch [272/400]
batch = 0 (Δ=0.251s, 100.00%)
Training throughput: 1 batches in 0.250s; word units 100.0% of 8 words (letters-only 100.0% of 8).
Train Loss: output=0.0482, reconstruction=0.3295
Epoch [273/400]
batch = 0 (Δ=0.255s, 100.00%)
Training throughput: 1 batches in 0.255s; word units 100.0% of 8 words (letters-only 100.0% of 8).
Train Loss: output=0.0379, reconstruction=0.3293
Epoch [274/400]
batch = 0 (Δ=0.255s, 100.00%)
Training throughput: 1 batches in 0.254s; word units 100.0% of 8 words (letters-only 100.0% of 8).
Train Loss: output=0.0418, reconstruction=0.3292
Epoch [275/400]
batch = 0 (Δ=0.256s, 100.00%)
Training throughput: 1 batches in 0.255s; word units 100.0% of 8 words (letters-only 100.0% of 8).
Train Loss: output=0.0292, reconstruction=0.3290
Epoch [276/400]
batch = 0 (Δ=0.251s, 100.00%)
Training throughput: 1 batches in 0.250s; word units 100.0% of 8 words (letters-only 100.0% of 8).
Train Loss: output=0.0210, reconstruction=0.3289
Epoch [277/400]
batch = 0 (Δ=0.258s, 100.00%)
Training throughput: 1 batches in 0.257s; word units 100.0% of 8 words (letters-only 100.0% of 8).
Train Loss: output=0.0603, reconstruction=0.3287
Epoch [278/400]
batch = 0 (Δ=0.255s, 100.00%)
Training throughput: 1 batches in 0.254s; word units 100.0% of 8 words (letters-only 100.0% of 8).
Train Loss: output=0.0294, reconstruction=0.3285
Epoch [279/400]
batch = 0 (Δ=0.254s, 100.00%)
Training throughput: 1 batches in 0.253s; word units 100.0% of 8 words (letters-only 100.0% of 8).
Train Loss: output=0.0504, reconstruction=0.3285
Epoch [280/400]
batch = 0 (Δ=0.255s, 100.00%)
Training throughput: 1 batches in 0.255s; word units 100.0% of 8 words (letters-only 100.0% of 8).
Train Loss: output=0.0240, reconstruction=0.3284
Epoch [281/400]
batch = 0 (Δ=0.253s, 100.00%)
Training throughput: 1 batches in 0.252s; word units 100.0% of 8 words (letters-only 100.0% of 8).
Train Loss: output=0.0466, reconstruction=0.3285
Epoch [282/400]
batch = 0 (Δ=0.254s, 100.00%)
Training throughput: 1 batches in 0.253s; word units 100.0% of 8 words (letters-only 100.0% of 8).
Train Loss: output=0.0278, reconstruction=0.3286
Epoch [283/400]
batch = 0 (Δ=0.255s, 100.00%)
Training throughput: 1 batches in 0.254s; word units 100.0% of 8 words (letters-only 100.0% of 8).
Train Loss: output=0.0326, reconstruction=0.3287
Epoch [284/400]
batch = 0 (Δ=0.254s, 100.00%)
Training throughput: 1 batches in 0.254s; word units 100.0% of 8 words (letters-only 100.0% of 8).
Train Loss: output=0.0329, reconstruction=0.3286
Epoch [285/400]
batch = 0 (Δ=0.258s, 100.00%)
Training throughput: 1 batches in 0.257s; word units 100.0% of 8 words (letters-only 100.0% of 8).
Train Loss: output=0.0307, reconstruction=0.3283
Epoch [286/400]
batch = 0 (Δ=0.254s, 100.00%)
Training throughput: 1 batches in 0.253s; word units 100.0% of 8 words (letters-only 100.0% of 8).
Train Loss: output=0.0170, reconstruction=0.3282
Epoch [287/400]
batch = 0 (Δ=0.251s, 100.00%)
Training throughput: 1 batches in 0.251s; word units 100.0% of 8 words (letters-only 100.0% of 8).
Train Loss: output=0.0316, reconstruction=0.3280
Epoch [288/400]
batch = 0 (Δ=0.258s, 100.00%)
Training throughput: 1 batches in 0.258s; word units 100.0% of 8 words (letters-only 100.0% of 8).
Train Loss: output=0.0612, reconstruction=0.3278
Epoch [289/400]
batch = 0 (Δ=0.252s, 100.00%)
Training throughput: 1 batches in 0.251s; word units 100.0% of 8 words (letters-only 100.0% of 8).
Train Loss: output=0.0262, reconstruction=0.3277
Epoch [290/400]
batch = 0 (Δ=0.254s, 100.00%)
Training throughput: 1 batches in 0.254s; word units 100.0% of 8 words (letters-only 100.0% of 8).
Train Loss: output=0.0398, reconstruction=0.3276
Epoch [291/400]
batch = 0 (Δ=0.255s, 100.00%)
Training throughput: 1 batches in 0.255s; word units 100.0% of 8 words (letters-only 100.0% of 8).
Train Loss: output=0.0297, reconstruction=0.3276
Epoch [292/400]
batch = 0 (Δ=0.254s, 100.00%)
Training throughput: 1 batches in 0.253s; word units 100.0% of 8 words (letters-only 100.0% of 8).
Train Loss: output=0.0375, reconstruction=0.3274
Epoch [293/400]
batch = 0 (Δ=0.253s, 100.00%)
Training throughput: 1 batches in 0.252s; word units 100.0% of 8 words (letters-only 100.0% of 8).
Train Loss: output=0.0497, reconstruction=0.3269
Epoch [294/400]
batch = 0 (Δ=0.253s, 100.00%)
Training throughput: 1 batches in 0.252s; word units 100.0% of 8 words (letters-only 100.0% of 8).
Train Loss: output=0.0212, reconstruction=0.3261
Epoch [295/400]
batch = 0 (Δ=0.257s, 100.00%)
Training throughput: 1 batches in 0.257s; word units 100.0% of 8 words (letters-only 100.0% of 8).
Train Loss: output=0.0400, reconstruction=0.3254
Epoch [296/400]
batch = 0 (Δ=0.262s, 100.00%)
Training throughput: 1 batches in 0.262s; word units 100.0% of 8 words (letters-only 100.0% of 8).
Train Loss: output=0.0624, reconstruction=0.3250
Epoch [297/400]
batch = 0 (Δ=0.258s, 100.00%)
Training throughput: 1 batches in 0.257s; word units 100.0% of 8 words (letters-only 100.0% of 8).
Train Loss: output=0.0413, reconstruction=0.3248
Epoch [298/400]
batch = 0 (Δ=0.253s, 100.00%)
Training throughput: 1 batches in 0.253s; word units 100.0% of 8 words (letters-only 100.0% of 8).
Train Loss: output=0.0246, reconstruction=0.3246
Epoch [299/400]
batch = 0 (Δ=0.258s, 100.00%)
Training throughput: 1 batches in 0.258s; word units 100.0% of 8 words (letters-only 100.0% of 8).
Train Loss: output=0.0340, reconstruction=0.3243
Epoch [300/400]
batch = 0 (Δ=0.256s, 100.00%)
Training throughput: 1 batches in 0.255s; word units 100.0% of 8 words (letters-only 100.0% of 8).
Train Loss: output=0.0660, reconstruction=0.3237
Epoch [301/400]
batch = 0 (Δ=0.256s, 100.00%)
Training throughput: 1 batches in 0.255s; word units 100.0% of 8 words (letters-only 100.0% of 8).
Train Loss: output=0.0184, reconstruction=0.3230
Epoch [302/400]
batch = 0 (Δ=0.253s, 100.00%)
Training throughput: 1 batches in 0.252s; word units 100.0% of 8 words (letters-only 100.0% of 8).
Train Loss: output=0.0213, reconstruction=0.3224
Epoch [303/400]
batch = 0 (Δ=0.254s, 100.00%)
Training throughput: 1 batches in 0.253s; word units 100.0% of 8 words (letters-only 100.0% of 8).
Train Loss: output=0.0482, reconstruction=0.3219
Epoch [304/400]
batch = 0 (Δ=0.255s, 100.00%)
Training throughput: 1 batches in 0.255s; word units 100.0% of 8 words (letters-only 100.0% of 8).
Train Loss: output=0.0321, reconstruction=0.3214
Epoch [305/400]
batch = 0 (Δ=0.256s, 100.00%)
Training throughput: 1 batches in 0.255s; word units 100.0% of 8 words (letters-only 100.0% of 8).
Train Loss: output=0.0075, reconstruction=0.3206
Epoch [306/400]
batch = 0 (Δ=0.254s, 100.00%)
Training throughput: 1 batches in 0.254s; word units 100.0% of 8 words (letters-only 100.0% of 8).
Train Loss: output=0.0377, reconstruction=0.3198
Epoch [307/400]
batch = 0 (Δ=0.253s, 100.00%)
Training throughput: 1 batches in 0.252s; word units 100.0% of 8 words (letters-only 100.0% of 8).
Train Loss: output=0.0266, reconstruction=0.3189
Epoch [308/400]
batch = 0 (Δ=0.255s, 100.00%)
Training throughput: 1 batches in 0.255s; word units 100.0% of 8 words (letters-only 100.0% of 8).
Train Loss: output=0.0251, reconstruction=0.3181
Epoch [309/400]
batch = 0 (Δ=0.257s, 100.00%)
Training throughput: 1 batches in 0.256s; word units 100.0% of 8 words (letters-only 100.0% of 8).
Train Loss: output=0.0207, reconstruction=0.3175
Epoch [310/400]
batch = 0 (Δ=0.253s, 100.00%)
Training throughput: 1 batches in 0.251s; word units 100.0% of 8 words (letters-only 100.0% of 8).
Train Loss: output=0.0221, reconstruction=0.3169
Epoch [311/400]
batch = 0 (Δ=0.257s, 100.00%)
Training throughput: 1 batches in 0.257s; word units 100.0% of 8 words (letters-only 100.0% of 8).
Train Loss: output=0.0094, reconstruction=0.3163
Epoch [312/400]
batch = 0 (Δ=0.258s, 100.00%)
Training throughput: 1 batches in 0.257s; word units 100.0% of 8 words (letters-only 100.0% of 8).
Train Loss: output=0.0093, reconstruction=0.3158
Epoch [313/400]
batch = 0 (Δ=0.260s, 100.00%)
Training throughput: 1 batches in 0.259s; word units 100.0% of 8 words (letters-only 100.0% of 8).
Train Loss: output=0.0347, reconstruction=0.3152
Epoch [314/400]
batch = 0 (Δ=0.260s, 100.00%)
Training throughput: 1 batches in 0.260s; word units 100.0% of 8 words (letters-only 100.0% of 8).
Train Loss: output=0.0254, reconstruction=0.3147
Epoch [315/400]
batch = 0 (Δ=0.256s, 100.00%)
Training throughput: 1 batches in 0.255s; word units 100.0% of 8 words (letters-only 100.0% of 8).
Train Loss: output=0.0182, reconstruction=0.3144
Epoch [316/400]
batch = 0 (Δ=0.250s, 100.00%)
Training throughput: 1 batches in 0.249s; word units 100.0% of 8 words (letters-only 100.0% of 8).
Train Loss: output=0.0350, reconstruction=0.3141
Epoch [317/400]
batch = 0 (Δ=0.255s, 100.00%)
Training throughput: 1 batches in 0.254s; word units 100.0% of 8 words (letters-only 100.0% of 8).
Train Loss: output=0.0426, reconstruction=0.3138
Epoch [318/400]
batch = 0 (Δ=0.253s, 100.00%)
Training throughput: 1 batches in 0.253s; word units 100.0% of 8 words (letters-only 100.0% of 8).
Train Loss: output=0.0286, reconstruction=0.3136
Epoch [319/400]
batch = 0 (Δ=0.255s, 100.00%)
Training throughput: 1 batches in 0.254s; word units 100.0% of 8 words (letters-only 100.0% of 8).
Train Loss: output=0.0390, reconstruction=0.3136
Epoch [320/400]
batch = 0 (Δ=0.259s, 100.00%)
Training throughput: 1 batches in 0.258s; word units 100.0% of 8 words (letters-only 100.0% of 8).
Train Loss: output=0.0318, reconstruction=0.3138
Epoch [321/400]
batch = 0 (Δ=0.256s, 100.00%)
Training throughput: 1 batches in 0.256s; word units 100.0% of 8 words (letters-only 100.0% of 8).
Train Loss: output=0.0293, reconstruction=0.3138
Epoch [322/400]
batch = 0 (Δ=0.650s, 100.00%)
Training throughput: 1 batches in 0.649s; word units 100.0% of 8 words (letters-only 100.0% of 8).
Train Loss: output=0.0766, reconstruction=0.3136
Epoch [323/400]
batch = 0 (Δ=0.255s, 100.00%)
Training throughput: 1 batches in 0.254s; word units 100.0% of 8 words (letters-only 100.0% of 8).
Train Loss: output=0.0181, reconstruction=0.3134
Epoch [324/400]
batch = 0 (Δ=0.255s, 100.00%)
Training throughput: 1 batches in 0.254s; word units 100.0% of 8 words (letters-only 100.0% of 8).
Train Loss: output=0.0156, reconstruction=0.3133
Epoch [325/400]
batch = 0 (Δ=0.254s, 100.00%)
Training throughput: 1 batches in 0.253s; word units 100.0% of 8 words (letters-only 100.0% of 8).
Train Loss: output=0.0284, reconstruction=0.3130
Epoch [326/400]
batch = 0 (Δ=0.252s, 100.00%)
Training throughput: 1 batches in 0.251s; word units 100.0% of 8 words (letters-only 100.0% of 8).
Train Loss: output=0.0200, reconstruction=0.3125
Epoch [327/400]
batch = 0 (Δ=0.254s, 100.00%)
Training throughput: 1 batches in 0.253s; word units 100.0% of 8 words (letters-only 100.0% of 8).
Train Loss: output=0.0288, reconstruction=0.3120
Epoch [328/400]
batch = 0 (Δ=0.252s, 100.00%)
Training throughput: 1 batches in 0.251s; word units 100.0% of 8 words (letters-only 100.0% of 8).
Train Loss: output=0.0397, reconstruction=0.3116
Epoch [329/400]
batch = 0 (Δ=0.253s, 100.00%)
Training throughput: 1 batches in 0.252s; word units 100.0% of 8 words (letters-only 100.0% of 8).
Train Loss: output=0.0277, reconstruction=0.3113
Epoch [330/400]
batch = 0 (Δ=0.260s, 100.00%)
Training throughput: 1 batches in 0.260s; word units 100.0% of 8 words (letters-only 100.0% of 8).
Train Loss: output=0.0367, reconstruction=0.3112
Epoch [331/400]
batch = 0 (Δ=0.257s, 100.00%)
Training throughput: 1 batches in 0.257s; word units 100.0% of 8 words (letters-only 100.0% of 8).
Train Loss: output=0.0262, reconstruction=0.3109
Epoch [332/400]
batch = 0 (Δ=0.254s, 100.00%)
Training throughput: 1 batches in 0.254s; word units 100.0% of 8 words (letters-only 100.0% of 8).
Train Loss: output=0.0096, reconstruction=0.3104
Epoch [333/400]
batch = 0 (Δ=0.256s, 100.00%)
Training throughput: 1 batches in 0.255s; word units 100.0% of 8 words (letters-only 100.0% of 8).
Train Loss: output=0.0512, reconstruction=0.3100
Epoch [334/400]
batch = 0 (Δ=0.254s, 100.00%)
Training throughput: 1 batches in 0.253s; word units 100.0% of 8 words (letters-only 100.0% of 8).
Train Loss: output=0.0184, reconstruction=0.3094
Epoch [335/400]
batch = 0 (Δ=0.255s, 100.00%)
Training throughput: 1 batches in 0.254s; word units 100.0% of 8 words (letters-only 100.0% of 8).
Train Loss: output=0.0191, reconstruction=0.3086
Epoch [336/400]
batch = 0 (Δ=0.252s, 100.00%)
Training throughput: 1 batches in 0.251s; word units 100.0% of 8 words (letters-only 100.0% of 8).
Train Loss: output=0.0257, reconstruction=0.3079
Epoch [337/400]
batch = 0 (Δ=0.256s, 100.00%)
Training throughput: 1 batches in 0.256s; word units 100.0% of 8 words (letters-only 100.0% of 8).
Train Loss: output=0.0231, reconstruction=0.3071
Epoch [338/400]
batch = 0 (Δ=0.257s, 100.00%)
Training throughput: 1 batches in 0.256s; word units 100.0% of 8 words (letters-only 100.0% of 8).
Train Loss: output=0.0213, reconstruction=0.3064
Epoch [339/400]
batch = 0 (Δ=0.255s, 100.00%)
Training throughput: 1 batches in 0.255s; word units 100.0% of 8 words (letters-only 100.0% of 8).
Train Loss: output=0.0286, reconstruction=0.3060
Epoch [340/400]
batch = 0 (Δ=0.252s, 100.00%)
Training throughput: 1 batches in 0.252s; word units 100.0% of 8 words (letters-only 100.0% of 8).
Train Loss: output=0.0352, reconstruction=0.3059
Epoch [341/400]
batch = 0 (Δ=0.252s, 100.00%)
Training throughput: 1 batches in 0.252s; word units 100.0% of 8 words (letters-only 100.0% of 8).
Train Loss: output=0.0331, reconstruction=0.3060
Epoch [342/400]
batch = 0 (Δ=0.258s, 100.00%)
Training throughput: 1 batches in 0.257s; word units 100.0% of 8 words (letters-only 100.0% of 8).
Train Loss: output=0.0239, reconstruction=0.3061
Epoch [343/400]
batch = 0 (Δ=0.253s, 100.00%)
Training throughput: 1 batches in 0.253s; word units 100.0% of 8 words (letters-only 100.0% of 8).
Train Loss: output=0.0339, reconstruction=0.3058
Epoch [344/400]
batch = 0 (Δ=0.252s, 100.00%)
Training throughput: 1 batches in 0.252s; word units 100.0% of 8 words (letters-only 100.0% of 8).
Train Loss: output=0.0885, reconstruction=0.3053
Epoch [345/400]
batch = 0 (Δ=0.253s, 100.00%)
Training throughput: 1 batches in 0.253s; word units 100.0% of 8 words (letters-only 100.0% of 8).
Train Loss: output=0.0469, reconstruction=0.3045
Epoch [346/400]
batch = 0 (Δ=0.254s, 100.00%)
Training throughput: 1 batches in 0.253s; word units 100.0% of 8 words (letters-only 100.0% of 8).
Train Loss: output=0.0382, reconstruction=0.3036
Epoch [347/400]
batch = 0 (Δ=0.253s, 100.00%)
Training throughput: 1 batches in 0.252s; word units 100.0% of 8 words (letters-only 100.0% of 8).
Train Loss: output=0.0789, reconstruction=0.3024
Epoch [348/400]
batch = 0 (Δ=0.257s, 100.00%)
Training throughput: 1 batches in 0.256s; word units 100.0% of 8 words (letters-only 100.0% of 8).
Train Loss: output=0.0152, reconstruction=0.3010
Epoch [349/400]
batch = 0 (Δ=0.256s, 100.00%)
Training throughput: 1 batches in 0.256s; word units 100.0% of 8 words (letters-only 100.0% of 8).
Train Loss: output=0.0632, reconstruction=0.2996
Epoch [350/400]
batch = 0 (Δ=0.256s, 100.00%)
Training throughput: 1 batches in 0.255s; word units 100.0% of 8 words (letters-only 100.0% of 8).
Train Loss: output=0.0596, reconstruction=0.2982
Epoch [351/400]
batch = 0 (Δ=0.255s, 100.00%)
Training throughput: 1 batches in 0.254s; word units 100.0% of 8 words (letters-only 100.0% of 8).
Train Loss: output=0.0629, reconstruction=0.2969
Epoch [352/400]
batch = 0 (Δ=0.255s, 100.00%)
Training throughput: 1 batches in 0.255s; word units 100.0% of 8 words (letters-only 100.0% of 8).
Train Loss: output=0.0339, reconstruction=0.2954
Epoch [353/400]
batch = 0 (Δ=0.256s, 100.00%)
Training throughput: 1 batches in 0.255s; word units 100.0% of 8 words (letters-only 100.0% of 8).
Train Loss: output=0.0336, reconstruction=0.2940
Epoch [354/400]
batch = 0 (Δ=0.252s, 100.00%)
Training throughput: 1 batches in 0.252s; word units 100.0% of 8 words (letters-only 100.0% of 8).
Train Loss: output=0.0591, reconstruction=0.2927
Epoch [355/400]
batch = 0 (Δ=0.255s, 100.00%)
Training throughput: 1 batches in 0.254s; word units 100.0% of 8 words (letters-only 100.0% of 8).
Train Loss: output=0.0469, reconstruction=0.2916
Epoch [356/400]
batch = 0 (Δ=0.263s, 100.00%)
Training throughput: 1 batches in 0.263s; word units 100.0% of 8 words (letters-only 100.0% of 8).
Train Loss: output=0.0693, reconstruction=0.2905
Epoch [357/400]
batch = 0 (Δ=0.263s, 100.00%)
Training throughput: 1 batches in 0.262s; word units 100.0% of 8 words (letters-only 100.0% of 8).
Train Loss: output=0.0738, reconstruction=0.2894
Epoch [358/400]
batch = 0 (Δ=0.259s, 100.00%)
Training throughput: 1 batches in 0.259s; word units 100.0% of 8 words (letters-only 100.0% of 8).
Train Loss: output=0.0358, reconstruction=0.2883
Epoch [359/400]
batch = 0 (Δ=0.255s, 100.00%)
Training throughput: 1 batches in 0.254s; word units 100.0% of 8 words (letters-only 100.0% of 8).
Train Loss: output=0.1008, reconstruction=0.2872
Epoch [360/400]
batch = 0 (Δ=0.257s, 100.00%)
Training throughput: 1 batches in 0.256s; word units 100.0% of 8 words (letters-only 100.0% of 8).
Train Loss: output=0.0190, reconstruction=0.2862
Epoch [361/400]
batch = 0 (Δ=0.257s, 100.00%)
Training throughput: 1 batches in 0.257s; word units 100.0% of 8 words (letters-only 100.0% of 8).
Train Loss: output=0.0339, reconstruction=0.2852
Epoch [362/400]
batch = 0 (Δ=0.256s, 100.00%)
Training throughput: 1 batches in 0.256s; word units 100.0% of 8 words (letters-only 100.0% of 8).
Train Loss: output=0.1022, reconstruction=0.2842
Epoch [363/400]
batch = 0 (Δ=0.255s, 100.00%)
Training throughput: 1 batches in 0.254s; word units 100.0% of 8 words (letters-only 100.0% of 8).
Train Loss: output=0.1003, reconstruction=0.2829
Epoch [364/400]
batch = 0 (Δ=0.256s, 100.00%)
Training throughput: 1 batches in 0.255s; word units 100.0% of 8 words (letters-only 100.0% of 8).
Train Loss: output=0.0502, reconstruction=0.2816
Epoch [365/400]
batch = 0 (Δ=0.255s, 100.00%)
Training throughput: 1 batches in 0.254s; word units 100.0% of 8 words (letters-only 100.0% of 8).
Train Loss: output=0.0196, reconstruction=0.2805
Epoch [366/400]
batch = 0 (Δ=0.257s, 100.00%)
Training throughput: 1 batches in 0.257s; word units 100.0% of 8 words (letters-only 100.0% of 8).
Train Loss: output=0.1145, reconstruction=0.2795
Epoch [367/400]
batch = 0 (Δ=0.255s, 100.00%)
Training throughput: 1 batches in 0.254s; word units 100.0% of 8 words (letters-only 100.0% of 8).
Train Loss: output=0.1217, reconstruction=0.2787
Epoch [368/400]
batch = 0 (Δ=0.255s, 100.00%)
Training throughput: 1 batches in 0.255s; word units 100.0% of 8 words (letters-only 100.0% of 8).
Train Loss: output=0.0487, reconstruction=0.2777
Epoch [369/400]
batch = 0 (Δ=0.257s, 100.00%)
Training throughput: 1 batches in 0.256s; word units 100.0% of 8 words (letters-only 100.0% of 8).
Train Loss: output=0.0765, reconstruction=0.2768
Epoch [370/400]
batch = 0 (Δ=0.255s, 100.00%)
Training throughput: 1 batches in 0.255s; word units 100.0% of 8 words (letters-only 100.0% of 8).
Train Loss: output=0.0528, reconstruction=0.2760
Epoch [371/400]
batch = 0 (Δ=0.255s, 100.00%)
Training throughput: 1 batches in 0.254s; word units 100.0% of 8 words (letters-only 100.0% of 8).
Train Loss: output=0.0777, reconstruction=0.2753
Epoch [372/400]
batch = 0 (Δ=0.254s, 100.00%)
Training throughput: 1 batches in 0.253s; word units 100.0% of 8 words (letters-only 100.0% of 8).
Train Loss: output=0.0836, reconstruction=0.2745
Epoch [373/400]
batch = 0 (Δ=0.255s, 100.00%)
Training throughput: 1 batches in 0.254s; word units 100.0% of 8 words (letters-only 100.0% of 8).
Train Loss: output=0.0942, reconstruction=0.2735
Epoch [374/400]
batch = 0 (Δ=0.255s, 100.00%)
Training throughput: 1 batches in 0.255s; word units 100.0% of 8 words (letters-only 100.0% of 8).
Train Loss: output=0.0685, reconstruction=0.2726
Epoch [375/400]
batch = 0 (Δ=0.258s, 100.00%)
Training throughput: 1 batches in 0.258s; word units 100.0% of 8 words (letters-only 100.0% of 8).
Train Loss: output=0.0497, reconstruction=0.2719
Epoch [376/400]
batch = 0 (Δ=0.253s, 100.00%)
Training throughput: 1 batches in 0.253s; word units 100.0% of 8 words (letters-only 100.0% of 8).
Train Loss: output=0.0956, reconstruction=0.2712
Epoch [377/400]
batch = 0 (Δ=0.252s, 100.00%)
Training throughput: 1 batches in 0.252s; word units 100.0% of 8 words (letters-only 100.0% of 8).
Train Loss: output=0.0773, reconstruction=0.2704
Epoch [378/400]
batch = 0 (Δ=0.254s, 100.00%)
Training throughput: 1 batches in 0.254s; word units 100.0% of 8 words (letters-only 100.0% of 8).
Train Loss: output=0.0637, reconstruction=0.2697
Epoch [379/400]
batch = 0 (Δ=0.255s, 100.00%)
Training throughput: 1 batches in 0.255s; word units 100.0% of 8 words (letters-only 100.0% of 8).
Train Loss: output=0.0439, reconstruction=0.2691
Epoch [380/400]
batch = 0 (Δ=0.255s, 100.00%)
Training throughput: 1 batches in 0.254s; word units 100.0% of 8 words (letters-only 100.0% of 8).
Train Loss: output=0.0212, reconstruction=0.2685
Epoch [381/400]
batch = 0 (Δ=0.253s, 100.00%)
Training throughput: 1 batches in 0.252s; word units 100.0% of 8 words (letters-only 100.0% of 8).
Train Loss: output=0.0542, reconstruction=0.2678
Epoch [382/400]
batch = 0 (Δ=0.255s, 100.00%)
Training throughput: 1 batches in 0.254s; word units 100.0% of 8 words (letters-only 100.0% of 8).
Train Loss: output=0.0291, reconstruction=0.2670
Epoch [383/400]
batch = 0 (Δ=0.256s, 100.00%)
Training throughput: 1 batches in 0.255s; word units 100.0% of 8 words (letters-only 100.0% of 8).
Train Loss: output=0.0670, reconstruction=0.2662
Epoch [384/400]
batch = 0 (Δ=0.256s, 100.00%)
Training throughput: 1 batches in 0.256s; word units 100.0% of 8 words (letters-only 100.0% of 8).
Train Loss: output=0.0508, reconstruction=0.2653
Epoch [385/400]
batch = 0 (Δ=0.257s, 100.00%)
Training throughput: 1 batches in 0.256s; word units 100.0% of 8 words (letters-only 100.0% of 8).
Train Loss: output=0.0497, reconstruction=0.2645
Epoch [386/400]
batch = 0 (Δ=0.258s, 100.00%)
Training throughput: 1 batches in 0.258s; word units 100.0% of 8 words (letters-only 100.0% of 8).
Train Loss: output=0.0230, reconstruction=0.2640
Epoch [387/400]
batch = 0 (Δ=0.262s, 100.00%)
Training throughput: 1 batches in 0.261s; word units 100.0% of 8 words (letters-only 100.0% of 8).
Train Loss: output=0.0907, reconstruction=0.2634
Epoch [388/400]
batch = 0 (Δ=0.264s, 100.00%)
Training throughput: 1 batches in 0.263s; word units 100.0% of 8 words (letters-only 100.0% of 8).
Train Loss: output=0.0708, reconstruction=0.2626
Epoch [389/400]
batch = 0 (Δ=0.259s, 100.00%)
Training throughput: 1 batches in 0.258s; word units 100.0% of 8 words (letters-only 100.0% of 8).
Train Loss: output=0.0391, reconstruction=0.2619
Epoch [390/400]
batch = 0 (Δ=0.256s, 100.00%)
Training throughput: 1 batches in 0.255s; word units 100.0% of 8 words (letters-only 100.0% of 8).
Train Loss: output=0.0415, reconstruction=0.2612
Epoch [391/400]
batch = 0 (Δ=0.256s, 100.00%)
Training throughput: 1 batches in 0.256s; word units 100.0% of 8 words (letters-only 100.0% of 8).
Train Loss: output=0.0360, reconstruction=0.2606
Epoch [392/400]
batch = 0 (Δ=0.258s, 100.00%)
Training throughput: 1 batches in 0.257s; word units 100.0% of 8 words (letters-only 100.0% of 8).
Train Loss: output=0.0375, reconstruction=0.2601
Epoch [393/400]
batch = 0 (Δ=0.257s, 100.00%)
Training throughput: 1 batches in 0.256s; word units 100.0% of 8 words (letters-only 100.0% of 8).
Train Loss: output=0.0434, reconstruction=0.2596
Epoch [394/400]
batch = 0 (Δ=0.257s, 100.00%)
Training throughput: 1 batches in 0.257s; word units 100.0% of 8 words (letters-only 100.0% of 8).
Train Loss: output=0.0407, reconstruction=0.2592
Epoch [395/400]
batch = 0 (Δ=0.257s, 100.00%)
Training throughput: 1 batches in 0.256s; word units 100.0% of 8 words (letters-only 100.0% of 8).
Train Loss: output=0.0364, reconstruction=0.2587
Epoch [396/400]
batch = 0 (Δ=0.254s, 100.00%)
Training throughput: 1 batches in 0.253s; word units 100.0% of 8 words (letters-only 100.0% of 8).
Train Loss: output=0.0378, reconstruction=0.2582
Epoch [397/400]
batch = 0 (Δ=0.257s, 100.00%)
Training throughput: 1 batches in 0.256s; word units 100.0% of 8 words (letters-only 100.0% of 8).
Train Loss: output=0.0409, reconstruction=0.2576
Epoch [398/400]
batch = 0 (Δ=0.256s, 100.00%)
Training throughput: 1 batches in 0.256s; word units 100.0% of 8 words (letters-only 100.0% of 8).
Train Loss: output=0.0292, reconstruction=0.2569
Epoch [399/400]
batch = 0 (Δ=0.256s, 100.00%)
Training throughput: 1 batches in 0.256s; word units 100.0% of 8 words (letters-only 100.0% of 8).
Train Loss: output=0.0332, reconstruction=0.2563
Epoch [400/400]
batch = 0 (Δ=0.255s, 100.00%)
Training throughput: 1 batches in 0.254s; word units 100.0% of 8 words (letters-only 100.0% of 8).
Train Loss: output=0.0383, reconstruction=0.2557
Final Stats:
=== Selected operation grammar ===
batch = 0 (Δ=29.066s, 100.00%)
Training throughput: 1 batches in 29.010s; word units 100.0% of 8 words (letters-only 100.0% of 8).
=== Input Reconstruction (test) ===
  row[0] input='hello world' -> reconstructed='there ' label=0.0000 predicted=0.1721 MISMATCH
  row[1] input='hello there' -> reconstructed='hello ' label=1.0000 predicted=0.6075 MISMATCH
  row[2] input='loving world' -> reconstructed='loving ' label=1.0000 predicted=0.8306 MISMATCH
  row[3] input='loving there' -> reconstructed='loving ' label=0.0000 predicted=0.3452 MISMATCH
------------------------------ Captured log call -------------------------------
DEBUG    torch.__trace:utils.py:2363 
DEBUG    torch.__trace:utils.py:2363 
DEBUG    torch.__trace:structured.py:28 
DEBUG    torch.__trace:structured.py:28 
DEBUG    torch.__trace:structured.py:28 
DEBUG    torch.__trace:structured.py:28 
DEBUG    torch.__trace:structured.py:28 
DEBUG    torch.__trace:structured.py:28 
DEBUG    torch.__trace:structured.py:28 
DEBUG    torch.__trace:structured.py:28 
DEBUG    torch.__trace:structured.py:28 
DEBUG    torch.__trace:structured.py:28 
DEBUG    torch.__trace:structured.py:28 
DEBUG    torch.__trace:structured.py:28 
DEBUG    torch.__trace:structured.py:28 
DEBUG    torch.__trace:structured.py:28 
DEBUG    torch.__trace:structured.py:28 
DEBUG    torch.__trace:convert_frame.py:304 
DEBUG    torch.__trace:utils.py:2363 
DEBUG    torch.__trace:utils.py:2363 
DEBUG    torch.__trace:meta_utils.py:298 
DEBUG    torch.__trace:meta_utils.py:537 
DEBUG    torch.__trace:meta_utils.py:2385 
DEBUG    torch.__trace:meta_utils.py:298 
DEBUG    torch.__trace:meta_utils.py:537 
DEBUG    torch.__trace:meta_utils.py:2385 
DEBUG    torch.__trace:meta_utils.py:298 
DEBUG    torch.__trace:meta_utils.py:537 
DEBUG    torch.__trace:meta_utils.py:2385 
DEBUG    torch.__trace:meta_utils.py:298 
DEBUG    torch.__trace:meta_utils.py:537 
DEBUG    torch.__trace:meta_utils.py:2385 
DEBUG    torch.__trace:meta_utils.py:298 
DEBUG    torch.__trace:meta_utils.py:537 
DEBUG    torch.__trace:meta_utils.py:2385 
DEBUG    torch.__trace:meta_utils.py:298 
DEBUG    torch.__trace:meta_utils.py:537 
DEBUG    torch.__trace:meta_utils.py:2385 
DEBUG    torch.__trace:meta_utils.py:298 
DEBUG    torch.__trace:meta_utils.py:537 
DEBUG    torch.__trace:meta_utils.py:2385 
DEBUG    torch.__trace:meta_utils.py:298 
DEBUG    torch.__trace:meta_utils.py:537 
DEBUG    torch.__trace:meta_utils.py:2385 
DEBUG    torch.__trace:meta_utils.py:298 
DEBUG    torch.__trace:meta_utils.py:537 
DEBUG    torch.__trace:meta_utils.py:2385 
DEBUG    torch.__trace:structured.py:28 
DEBUG    torch.__trace:structured.py:28 
DEBUG    torch.__trace:structured.py:28 
DEBUG    torch.__trace:structured.py:28 
DEBUG    torch.__trace:structured.py:28 
DEBUG    torch.__trace:structured.py:28 
DEBUG    torch.__trace:structured.py:28 
DEBUG    torch.__trace:structured.py:28 
DEBUG    torch.__trace:structured.py:28 
DEBUG    torch.__trace:structured.py:28 
DEBUG    torch.__trace:structured.py:28 
DEBUG    torch.__trace:structured.py:28 
DEBUG    torch.__trace:symbolic_shapes.py:5971 
DEBUG    torch.__trace:meta_utils.py:298 
DEBUG    torch.__trace:meta_utils.py:537 
DEBUG    torch.__trace:meta_utils.py:2385 
DEBUG    torch.__trace:meta_utils.py:298 
DEBUG    torch.__trace:meta_utils.py:537 
DEBUG    torch.__trace:meta_utils.py:2385 
DEBUG    torch.__trace:meta_utils.py:298 
DEBUG    torch.__trace:meta_utils.py:537 
DEBUG    torch.__trace:meta_utils.py:2385 
DEBUG    torch.__trace:meta_utils.py:298 
DEBUG    torch.__trace:meta_utils.py:537 
DEBUG    torch.__trace:meta_utils.py:2385 
DEBUG    torch.__trace:meta_utils.py:298 
DEBUG    torch.__trace:meta_utils.py:537 
DEBUG    torch.__trace:meta_utils.py:2385 
DEBUG    torch.__trace:meta_utils.py:298 
DEBUG    torch.__trace:meta_utils.py:537 
DEBUG    torch.__trace:meta_utils.py:2385 
DEBUG    torch.__trace:structured.py:28 
DEBUG    torch.__trace:structured.py:28 
DEBUG    torch.__trace:structured.py:28 
DEBUG    torch.__trace:symbolic_shapes.py:5971 
DEBUG    torch.__trace:meta_utils.py:298 
DEBUG    torch.__trace:meta_utils.py:537 
DEBUG    torch.__trace:meta_utils.py:2385 
DEBUG    torch.__trace:symbolic_shapes.py:5971 
DEBUG    torch.__trace:structured.py:28 
DEBUG    torch.__trace:structured.py:28 
DEBUG    torch.__trace:symbolic_shapes.py:8465 
DEBUG    torch.__trace:meta_utils.py:298 
DEBUG    torch.__trace:meta_utils.py:537 
DEBUG    torch.__trace:meta_utils.py:2385 
DEBUG    torch.__trace:meta_utils.py:298 
DEBUG    torch.__trace:meta_utils.py:537 
DEBUG    torch.__trace:meta_utils.py:2385 
DEBUG    torch.__trace:meta_utils.py:298 
DEBUG    torch.__trace:meta_utils.py:537 
DEBUG    torch.__trace:meta_utils.py:2385 
DEBUG    torch.__trace:meta_utils.py:298 
DEBUG    torch.__trace:meta_utils.py:537 
DEBUG    torch.__trace:meta_utils.py:2385 
DEBUG    torch.__trace:meta_utils.py:298 
DEBUG    torch.__trace:meta_utils.py:537 
DEBUG    torch.__trace:meta_utils.py:2385 
DEBUG    torch.__trace:meta_utils.py:298 
DEBUG    torch.__trace:meta_utils.py:537 
DEBUG    torch.__trace:meta_utils.py:2385 
DEBUG    torch.__trace:structured.py:28 
DEBUG    torch.__trace:structured.py:28 
DEBUG    torch.__trace:structured.py:28 
DEBUG    torch.__trace:structured.py:28 
DEBUG    torch.__trace:symbolic_shapes.py:5521 
DEBUG    torch.__trace:structured.py:28 
DEBUG    torch.__trace:structured.py:28 
DEBUG    torch.__trace:structured.py:28 
DEBUG    torch.__trace:structured.py:28 
DEBUG    torch.__trace:structured.py:28 
DEBUG    torch.__trace:symbolic_shapes.py:8465 
DEBUG    torch.__trace:symbolic_shapes.py:8465 
DEBUG    torch.__trace:meta_utils.py:298 
DEBUG    torch.__trace:meta_utils.py:537 
DEBUG    torch.__trace:meta_utils.py:2385 
DEBUG    torch.__trace:meta_utils.py:298 
DEBUG    torch.__trace:meta_utils.py:537 
DEBUG    torch.__trace:meta_utils.py:2385 
DEBUG    torch.__trace:symbolic_shapes.py:5521 
DEBUG    torch.__trace:symbolic_shapes.py:8465 
DEBUG    torch.__trace:symbolic_shapes.py:8465 
DEBUG    torch.__trace:meta_utils.py:298 
DEBUG    torch.__trace:meta_utils.py:537 
DEBUG    torch.__trace:meta_utils.py:2385 
DEBUG    torch.__trace:utils.py:2363 
DEBUG    torch.__trace:utils.py:2363 
DEBUG    torch.__trace:utils.py:2363 
DEBUG    torch.__trace:output_graph.py:2942 
DEBUG    torch.__trace:utils.py:2363 
DEBUG    torch.__trace:utils.py:2363 
DEBUG    torch.__trace:utils.py:2363 
DEBUG    torch.__trace:structured.py:28 
DEBUG    torch.__trace:structured.py:28 
DEBUG    torch.__trace:structured.py:28 
DEBUG    torch.__trace:structured.py:28 
DEBUG    torch.__trace:structured.py:28 
DEBUG    torch.__trace:structured.py:28 
DEBUG    torch.__trace:structured.py:28 
DEBUG    torch.__trace:symbolic_shapes.py:5521 
DEBUG    torch.__trace:structured.py:28 
DEBUG    torch.__trace:symbolic_shapes.py:8465 
DEBUG    torch.__trace:symbolic_shapes.py:8465 
DEBUG    torch.__trace:symbolic_shapes.py:5521 
DEBUG    torch.__trace:symbolic_shapes.py:8465 
DEBUG    torch.__trace:symbolic_shapes.py:8465 
DEBUG    torch.__trace:utils.py:2363 
DEBUG    torch.__trace:utils.py:2363 
DEBUG    torch.__trace:structured.py:28 
DEBUG    torch.__trace:structured.py:28 
DEBUG    torch.__trace:structured.py:28 
DEBUG    torch.__trace:structured.py:28 
DEBUG    torch.__trace:symbolic_shapes.py:5521 
DEBUG    torch.__trace:structured.py:28 
DEBUG    torch.__trace:structured.py:28 
DEBUG    torch.__trace:symbolic_shapes.py:8465 
DEBUG    torch.__trace:symbolic_shapes.py:8465 
DEBUG    torch.__trace:symbolic_shapes.py:5521 
DEBUG    torch.__trace:symbolic_shapes.py:8465 
DEBUG    torch.__trace:symbolic_shapes.py:8465 
DEBUG    torch.__trace:structured.py:28 
DEBUG    torch.__trace:structured.py:28 
DEBUG    torch.__trace:structured.py:28 
DEBUG    torch.__trace:structured.py:28 
DEBUG    torch.__trace:structured.py:28 
DEBUG    torch.__trace:symbolic_shapes.py:5521 
DEBUG    torch.__trace:symbolic_shapes.py:5521 
DEBUG    torch.__trace:symbolic_shapes.py:5521 
DEBUG    torch.__trace:symbolic_shapes.py:5521 
DEBUG    torch.__trace:symbolic_shapes.py:5521 
DEBUG    torch.__trace:symbolic_shapes.py:5521 
DEBUG    torch.__trace:symbolic_shapes.py:5521 
DEBUG    torch.__trace:symbolic_shapes.py:5521 
DEBUG    torch.__trace:symbolic_shapes.py:5521 
DEBUG    torch.__trace:structured.py:28 
DEBUG    torch.__trace:structured.py:28 
DEBUG    torch.__trace:structured.py:28 
DEBUG    torch.__trace:symbolic_shapes.py:5521 
DEBUG    torch.__trace:symbolic_shapes.py:5521 
DEBUG    torch.__trace:symbolic_shapes.py:5521 
DEBUG    torch.__trace:symbolic_shapes.py:5521 
DEBUG    torch.__trace:symbolic_shapes.py:5521 
DEBUG    torch.__trace:symbolic_shapes.py:5521 
DEBUG    torch.__trace:symbolic_shapes.py:5521 
DEBUG    torch.__trace:symbolic_shapes.py:5521 
DEBUG    torch.__trace:symbolic_shapes.py:5521 
DEBUG    torch.__trace:structured.py:28 
DEBUG    torch.__trace:symbolic_shapes.py:5521 
DEBUG    torch.__trace:symbolic_shapes.py:5521 
DEBUG    torch.__trace:symbolic_shapes.py:5521 
DEBUG    torch.__trace:symbolic_shapes.py:5521 
DEBUG    torch.__trace:symbolic_shapes.py:5521 
DEBUG    torch.__trace:symbolic_shapes.py:5521 
DEBUG    torch.__trace:symbolic_shapes.py:5521 
DEBUG    torch.__trace:symbolic_shapes.py:5521 
DEBUG    torch.__trace:symbolic_shapes.py:5521 
DEBUG    torch.__trace:symbolic_shapes.py:5521 
DEBUG    torch.__trace:symbolic_shapes.py:5521 
DEBUG    torch.__trace:symbolic_shapes.py:5521 
DEBUG    torch.__trace:symbolic_shapes.py:5521 
DEBUG    torch.__trace:symbolic_shapes.py:5521 
DEBUG    torch.__trace:symbolic_shapes.py:5521 
DEBUG    torch.__trace:symbolic_shapes.py:5521 
DEBUG    torch.__trace:symbolic_shapes.py:5521 
DEBUG    torch.__trace:symbolic_shapes.py:5521 
DEBUG    torch.__trace:symbolic_shapes.py:5521 
DEBUG    torch.__trace:symbolic_shapes.py:5521 
DEBUG    torch.__trace:symbolic_shapes.py:5521 
DEBUG    torch.__trace:symbolic_shapes.py:5521 
DEBUG    torch.__trace:symbolic_shapes.py:5521 
DEBUG    torch.__trace:symbolic_shapes.py:5521 
DEBUG    torch.__trace:symbolic_shapes.py:5521 
DEBUG    torch.__trace:symbolic_shapes.py:5521 
DEBUG    torch.__trace:symbolic_shapes.py:5521 
DEBUG    torch.__trace:symbolic_shapes.py:5521 
DEBUG    torch.__trace:symbolic_shapes.py:5521 
DEBUG    torch.__trace:symbolic_shapes.py:5521 
DEBUG    torch.__trace:symbolic_shapes.py:5521 
DEBUG    torch.__trace:symbolic_shapes.py:5521 
DEBUG    torch.__trace:symbolic_shapes.py:5521 
DEBUG    torch.__trace:symbolic_shapes.py:5521 
DEBUG    torch.__trace:symbolic_shapes.py:5521 
DEBUG    torch.__trace:symbolic_shapes.py:5521 
DEBUG    torch.__trace:symbolic_shapes.py:5521 
DEBUG    torch.__trace:symbolic_shapes.py:5521 
DEBUG    torch.__trace:utils.py:2363 
DEBUG    torch.__trace:graph_compile.py:1820 
DEBUG    torch.__trace:graph_compile.py:1841 
DEBUG    torch.__trace:graph_compile.py:1891 
DEBUG    torch.__trace:graph_compile.py:1909 
DEBUG    torch.__trace:graph_compile.py:1913 
DEBUG    torch.__trace:codegen.py:200 
DEBUG    torch.__trace:codegen.py:200 
DEBUG    torch.__trace:codegen.py:200 
DEBUG    torch.__trace:codegen.py:200 
DEBUG    torch.__trace:codegen.py:200 
DEBUG    torch.__trace:codegen.py:200 
DEBUG    torch.__trace:utils.py:2363 
DEBUG    torch.__trace:utils.py:2363 
DEBUG    torch.__trace:utils.py:2363 
DEBUG    torch.__trace:utils.py:2363 
DEBUG    torch.__trace:guards.py:4769 
DEBUG    torch.__trace:utils.py:2363 
DEBUG    torch.__trace:utils.py:2363 
DEBUG    torch.__trace:utils.py:2363 
DEBUG    torch.__trace:utils.py:2363 
DEBUG    torch.__trace:utils.py:2363 
DEBUG    torch.__trace:utils.py:2363 
DEBUG    torch.__trace:utils.py:2022 
DEBUG    torch.__trace:utils.py:2363 
DEBUG    torch.__trace:utils.py:2363 
DEBUG    torch.__trace:utils.py:2363 
DEBUG    torch.__trace:guards.py:5625 
DEBUG    torch.__trace:convert_frame.py:304 
DEBUG    torch.__trace:utils.py:2363 
DEBUG    torch.__trace:utils.py:2363 
DEBUG    torch.__trace:meta_utils.py:298 
DEBUG    torch.__trace:meta_utils.py:537 
DEBUG    torch.__trace:meta_utils.py:2385 
DEBUG    torch.__trace:meta_utils.py:298 
DEBUG    torch.__trace:meta_utils.py:537 
DEBUG    torch.__trace:meta_utils.py:2385 
DEBUG    torch.__trace:meta_utils.py:298 
DEBUG    torch.__trace:meta_utils.py:537 
DEBUG    torch.__trace:meta_utils.py:2385 
DEBUG    torch.__trace:meta_utils.py:298 
DEBUG    torch.__trace:meta_utils.py:537 
DEBUG    torch.__trace:meta_utils.py:2385 
DEBUG    torch.__trace:meta_utils.py:298 
DEBUG    torch.__trace:meta_utils.py:537 
DEBUG    torch.__trace:meta_utils.py:2385 
DEBUG    torch.__trace:meta_utils.py:298 
DEBUG    torch.__trace:meta_utils.py:537 
DEBUG    torch.__trace:meta_utils.py:2385 
DEBUG    torch.__trace:meta_utils.py:298 
DEBUG    torch.__trace:meta_utils.py:537 
DEBUG    torch.__trace:meta_utils.py:2385 
DEBUG    torch.__trace:meta_utils.py:298 
DEBUG    torch.__trace:meta_utils.py:537 
DEBUG    torch.__trace:meta_utils.py:2385 
DEBUG    torch.__trace:meta_utils.py:298 
DEBUG    torch.__trace:meta_utils.py:537 
DEBUG    torch.__trace:meta_utils.py:2385 
DEBUG    torch.__trace:symbolic_shapes.py:5971 
DEBUG    torch.__trace:meta_utils.py:298 
DEBUG    torch.__trace:meta_utils.py:537 
DEBUG    torch.__trace:meta_utils.py:2385 
DEBUG    torch.__trace:meta_utils.py:298 
DEBUG    torch.__trace:meta_utils.py:537 
DEBUG    torch.__trace:meta_utils.py:2385 
DEBUG    torch.__trace:meta_utils.py:298 
DEBUG    torch.__trace:meta_utils.py:537 
DEBUG    torch.__trace:meta_utils.py:2385 
DEBUG    torch.__trace:meta_utils.py:298 
DEBUG    torch.__trace:meta_utils.py:537 
DEBUG    torch.__trace:meta_utils.py:2385 
DEBUG    torch.__trace:meta_utils.py:298 
DEBUG    torch.__trace:meta_utils.py:537 
DEBUG    torch.__trace:meta_utils.py:2385 
DEBUG    torch.__trace:meta_utils.py:298 
DEBUG    torch.__trace:meta_utils.py:537 
DEBUG    torch.__trace:meta_utils.py:2385 
DEBUG    torch.__trace:symbolic_shapes.py:5971 
DEBUG    torch.__trace:meta_utils.py:298 
DEBUG    torch.__trace:meta_utils.py:537 
DEBUG    torch.__trace:meta_utils.py:2385 
DEBUG    torch.__trace:symbolic_shapes.py:5971 
DEBUG    torch.__trace:symbolic_shapes.py:8465 
DEBUG    torch.__trace:meta_utils.py:298 
DEBUG    torch.__trace:meta_utils.py:537 
DEBUG    torch.__trace:meta_utils.py:2385 
DEBUG    torch.__trace:meta_utils.py:298 
DEBUG    torch.__trace:meta_utils.py:537 
DEBUG    torch.__trace:meta_utils.py:2385 
DEBUG    torch.__trace:meta_utils.py:298 
DEBUG    torch.__trace:meta_utils.py:537 
DEBUG    torch.__trace:meta_utils.py:2385 
DEBUG    torch.__trace:meta_utils.py:298 
DEBUG    torch.__trace:meta_utils.py:537 
DEBUG    torch.__trace:meta_utils.py:2385 
DEBUG    torch.__trace:meta_utils.py:298 
DEBUG    torch.__trace:meta_utils.py:537 
DEBUG    torch.__trace:meta_utils.py:2385 
DEBUG    torch.__trace:meta_utils.py:298 
DEBUG    torch.__trace:meta_utils.py:537 
DEBUG    torch.__trace:meta_utils.py:2385 
DEBUG    torch.__trace:meta_utils.py:298 
DEBUG    torch.__trace:meta_utils.py:537 
DEBUG    torch.__trace:meta_utils.py:2385 
DEBUG    torch.__trace:meta_utils.py:298 
DEBUG    torch.__trace:meta_utils.py:537 
DEBUG    torch.__trace:meta_utils.py:2385 
DEBUG    torch.__trace:utils.py:2363 
DEBUG    torch.__trace:utils.py:2363 
DEBUG    torch.__trace:utils.py:2363 
DEBUG    torch.__trace:output_graph.py:2942 
DEBUG    torch.__trace:utils.py:2363 
DEBUG    torch.__trace:utils.py:2363 
DEBUG    torch.__trace:utils.py:2363 
DEBUG    torch.__trace:utils.py:2363 
DEBUG    torch.__trace:graph_capture.py:428 
DEBUG    torch.__trace:graph_capture.py:446 
DEBUG    torch.__trace:graph_compile.py:382 
DEBUG    torch.__trace:codegen.py:200 
DEBUG    torch.__trace:utils.py:2363 
DEBUG    torch.__trace:utils.py:2363 
DEBUG    torch.__trace:utils.py:2363 
DEBUG    torch.__trace:utils.py:2363 
DEBUG    torch.__trace:guards.py:4769 
DEBUG    torch.__trace:utils.py:2363 
DEBUG    torch.__trace:utils.py:2363 
DEBUG    torch.__trace:utils.py:2363 
DEBUG    torch.__trace:utils.py:2363 
DEBUG    torch.__trace:utils.py:2363 
DEBUG    torch.__trace:utils.py:2363 
DEBUG    torch.__trace:utils.py:2022 
DEBUG    torch.__trace:utils.py:2363 
DEBUG    torch.__trace:utils.py:2363 
DEBUG    torch.__trace:utils.py:2363 
DEBUG    torch.__trace:convert_frame.py:304 
DEBUG    torch.__trace:utils.py:2363 
DEBUG    torch.__trace:utils.py:2363 
DEBUG    torch.__trace:meta_utils.py:298 
DEBUG    torch.__trace:meta_utils.py:537 
DEBUG    torch.__trace:meta_utils.py:2385 
DEBUG    torch.__trace:structured.py:28 
DEBUG    torch.__trace:symbolic_shapes.py:5971 
DEBUG    torch.__trace:meta_utils.py:298 
DEBUG    torch.__trace:meta_utils.py:537 
DEBUG    torch.__trace:meta_utils.py:2385 
DEBUG    torch.__trace:meta_utils.py:298 
DEBUG    torch.__trace:meta_utils.py:537 
DEBUG    torch.__trace:meta_utils.py:2385 
DEBUG    torch.__trace:meta_utils.py:298 
DEBUG    torch.__trace:meta_utils.py:537 
DEBUG    torch.__trace:meta_utils.py:2385 
DEBUG    torch.__trace:meta_utils.py:298 
DEBUG    torch.__trace:meta_utils.py:537 
DEBUG    torch.__trace:meta_utils.py:2385 
DEBUG    torch.__trace:meta_utils.py:298 
DEBUG    torch.__trace:meta_utils.py:537 
DEBUG    torch.__trace:meta_utils.py:2385 
DEBUG    torch.__trace:meta_utils.py:298 
DEBUG    torch.__trace:meta_utils.py:537 
DEBUG    torch.__trace:meta_utils.py:2385 
DEBUG    torch.__trace:symbolic_shapes.py:5971 
DEBUG    torch.__trace:meta_utils.py:298 
DEBUG    torch.__trace:meta_utils.py:537 
DEBUG    torch.__trace:meta_utils.py:2385 
DEBUG    torch.__trace:meta_utils.py:298 
DEBUG    torch.__trace:meta_utils.py:537 
DEBUG    torch.__trace:meta_utils.py:2385 
DEBUG    torch.__trace:meta_utils.py:298 
DEBUG    torch.__trace:meta_utils.py:537 
DEBUG    torch.__trace:meta_utils.py:2385 
DEBUG    torch.__trace:meta_utils.py:298 
DEBUG    torch.__trace:meta_utils.py:537 
DEBUG    torch.__trace:meta_utils.py:2385 
DEBUG    torch.__trace:meta_utils.py:298 
DEBUG    torch.__trace:meta_utils.py:537 
DEBUG    torch.__trace:meta_utils.py:2385 
DEBUG    torch.__trace:meta_utils.py:298 
DEBUG    torch.__trace:meta_utils.py:537 
DEBUG    torch.__trace:meta_utils.py:2385 
DEBUG    torch.__trace:meta_utils.py:298 
DEBUG    torch.__trace:meta_utils.py:537 
DEBUG    torch.__trace:meta_utils.py:2385 
DEBUG    torch.__trace:meta_utils.py:298 
DEBUG    torch.__trace:meta_utils.py:537 
DEBUG    torch.__trace:meta_utils.py:2385 
DEBUG    torch.__trace:meta_utils.py:298 
DEBUG    torch.__trace:meta_utils.py:537 
DEBUG    torch.__trace:meta_utils.py:2385 
DEBUG    torch.__trace:meta_utils.py:298 
DEBUG    torch.__trace:meta_utils.py:537 
DEBUG    torch.__trace:meta_utils.py:2385 
DEBUG    torch.__trace:meta_utils.py:298 
DEBUG    torch.__trace:meta_utils.py:537 
DEBUG    torch.__trace:meta_utils.py:2385 
DEBUG    torch.__trace:meta_utils.py:298 
DEBUG    torch.__trace:meta_utils.py:537 
DEBUG    torch.__trace:meta_utils.py:2385 
DEBUG    torch.__trace:meta_utils.py:298 
DEBUG    torch.__trace:meta_utils.py:537 
DEBUG    torch.__trace:meta_utils.py:2385 
DEBUG    torch.__trace:utils.py:2363 
DEBUG    torch.__trace:utils.py:2363 
DEBUG    torch.__trace:utils.py:2363 
DEBUG    torch.__trace:output_graph.py:2942 
DEBUG    torch.__trace:utils.py:2363 
DEBUG    torch.__trace:utils.py:2363 
DEBUG    torch.__trace:utils.py:2363 
DEBUG    torch.__trace:utils.py:2363 
DEBUG    torch.__trace:guards.py:4769 
DEBUG    torch.__trace:utils.py:2363 
DEBUG    torch.__trace:utils.py:2363 
DEBUG    torch.__trace:utils.py:2363 
DEBUG    torch.__trace:utils.py:2363 
DEBUG    torch.__trace:utils.py:2022 
DEBUG    torch.__trace:utils.py:2363 
DEBUG    torch.__trace:utils.py:2363 
DEBUG    torch.__trace:utils.py:2363 
DEBUG    torch.__trace:guards.py:5625 
DEBUG    torch.__trace:convert_frame.py:304 
DEBUG    torch.__trace:utils.py:2363 
DEBUG    torch.__trace:utils.py:2363 
DEBUG    torch.__trace:meta_utils.py:298 
DEBUG    torch.__trace:meta_utils.py:537 
DEBUG    torch.__trace:meta_utils.py:2385 
DEBUG    torch.__trace:symbolic_shapes.py:5971 
DEBUG    torch.__trace:utils.py:2402 
DEBUG    torch.__trace:utils.py:2402 
DEBUG    torch.__trace:meta_utils.py:298 
DEBUG    torch.__trace:meta_utils.py:537 
DEBUG    torch.__trace:meta_utils.py:2385 
DEBUG    torch.__trace:symbolic_shapes.py:5971 
DEBUG    torch.__trace:symbolic_shapes.py:5971 
DEBUG    torch.__trace:symbolic_shapes.py:5971 
DEBUG    torch.__trace:utils.py:2402 
DEBUG    torch.__trace:utils.py:2402 
DEBUG    torch.__trace:meta_utils.py:298 
DEBUG    torch.__trace:meta_utils.py:537 
DEBUG    torch.__trace:meta_utils.py:2385 
DEBUG    torch.__trace:symbolic_shapes.py:5971 
DEBUG    torch.__trace:utils.py:2402 
DEBUG    torch.__trace:meta_utils.py:298 
DEBUG    torch.__trace:meta_utils.py:537 
DEBUG    torch.__trace:meta_utils.py:2385 
DEBUG    torch.__trace:utils.py:2402 
DEBUG    torch.__trace:structured.py:28 
DEBUG    torch.__trace:symbolic_shapes.py:5971 
DEBUG    torch.__trace:symbolic_shapes.py:8465 
DEBUG    torch.__trace:symbolic_shapes.py:8056 
DEBUG    torch.__trace:utils.py:2402 
DEBUG    torch.__trace:symbolic_shapes.py:5971 
DEBUG    torch.__trace:symbolic_shapes.py:8465 
DEBUG    torch.__trace:utils.py:2402 
DEBUG    torch.__trace:structured.py:28 
DEBUG    torch.__trace:structured.py:28 
DEBUG    torch.__trace:structured.py:28 
DEBUG    torch.__trace:symbolic_shapes.py:5971 
DEBUG    torch.__trace:symbolic_shapes.py:8465 
DEBUG    torch.__trace:symbolic_shapes.py:8056 
DEBUG    torch.__trace:utils.py:2402 
DEBUG    torch.__trace:symbolic_shapes.py:5971 
DEBUG    torch.__trace:symbolic_shapes.py:8465 
DEBUG    torch.__trace:meta_utils.py:298 
DEBUG    torch.__trace:meta_utils.py:537 
DEBUG    torch.__trace:meta_utils.py:2385 
DEBUG    torch.__trace:symbolic_shapes.py:5971 
DEBUG    torch.__trace:utils.py:2402 
DEBUG    torch.__trace:symbolic_shapes.py:5971 
DEBUG    torch.__trace:symbolic_shapes.py:8465 
DEBUG    torch.__trace:symbolic_shapes.py:8056 
DEBUG    torch.__trace:utils.py:2402 
DEBUG    torch.__trace:symbolic_shapes.py:5971 
DEBUG    torch.__trace:symbolic_shapes.py:8465 
DEBUG    torch.__trace:utils.py:2402 
DEBUG    torch.__trace:symbolic_shapes.py:5971 
DEBUG    torch.__trace:symbolic_shapes.py:8465 
DEBUG    torch.__trace:symbolic_shapes.py:8056 
DEBUG    torch.__trace:utils.py:2402 
DEBUG    torch.__trace:symbolic_shapes.py:5971 
DEBUG    torch.__trace:symbolic_shapes.py:8465 
DEBUG    torch.__trace:utils.py:2402 
DEBUG    torch.__trace:utils.py:2402 
DEBUG    torch.__trace:meta_utils.py:298 
DEBUG    torch.__trace:meta_utils.py:537 
DEBUG    torch.__trace:meta_utils.py:2385 
DEBUG    torch.__trace:symbolic_shapes.py:5971 
DEBUG    torch.__trace:symbolic_shapes.py:5971 
DEBUG    torch.__trace:utils.py:2402 
DEBUG    torch.__trace:meta_utils.py:298 
DEBUG    torch.__trace:meta_utils.py:537 
DEBUG    torch.__trace:meta_utils.py:2385 
DEBUG    torch.__trace:symbolic_shapes.py:5971 
DEBUG    torch.__trace:symbolic_shapes.py:5971 
DEBUG    torch.__trace:structured.py:28 
DEBUG    torch.__trace:structured.py:28 
DEBUG    torch.__trace:symbolic_shapes.py:8465 
DEBUG    torch.__trace:symbolic_shapes.py:8465 
DEBUG    torch.__trace:utils.py:2402 
DEBUG    torch.__trace:meta_utils.py:298 
DEBUG    torch.__trace:meta_utils.py:537 
DEBUG    torch.__trace:meta_utils.py:537 
DEBUG    torch.__trace:meta_utils.py:2385 
DEBUG    torch.__trace:symbolic_shapes.py:5971 
DEBUG    torch.__trace:symbolic_shapes.py:8465 
DEBUG    torch.__trace:symbolic_shapes.py:8465 
DEBUG    torch.__trace:utils.py:2402 
DEBUG    torch.__trace:utils.py:2402 
DEBUG    torch.__trace:meta_utils.py:298 
DEBUG    torch.__trace:meta_utils.py:537 
DEBUG    torch.__trace:meta_utils.py:2385 
DEBUG    torch.__trace:symbolic_shapes.py:5971 
DEBUG    torch.__trace:symbolic_shapes.py:8465 
DEBUG    torch.__trace:utils.py:2402 
DEBUG    torch.__trace:meta_utils.py:298 
DEBUG    torch.__trace:meta_utils.py:537 
DEBUG    torch.__trace:meta_utils.py:2385 
DEBUG    torch.__trace:symbolic_shapes.py:5971 
DEBUG    torch.__trace:symbolic_shapes.py:5971 
DEBUG    torch.__trace:utils.py:2402 
DEBUG    torch.__trace:structured.py:28 
DEBUG    torch.__trace:symbolic_shapes.py:5971 
DEBUG    torch.__trace:symbolic_shapes.py:8465 
DEBUG    torch.__trace:symbolic_shapes.py:8465 
DEBUG    torch.__trace:structured.py:28 
DEBUG    torch.__trace:symbolic_shapes.py:8465 
DEBUG    torch.__trace:symbolic_shapes.py:8465 
DEBUG    torch.__trace:symbolic_shapes.py:8465 
DEBUG    torch.__trace:symbolic_shapes.py:8465 
DEBUG    torch.__trace:symbolic_shapes.py:8465 
DEBUG    torch.__trace:symbolic_shapes.py:8465 
DEBUG    torch.__trace:symbolic_shapes.py:8465 
DEBUG    torch.__trace:symbolic_shapes.py:8465 
DEBUG    torch.__trace:symbolic_shapes.py:8465 
DEBUG    torch.__trace:symbolic_shapes.py:8465 
DEBUG    torch.__trace:structured.py:28 
DEBUG    torch.__trace:symbolic_shapes.py:8465 
DEBUG    torch.__trace:symbolic_shapes.py:8465 
DEBUG    torch.__trace:symbolic_shapes.py:8465 
DEBUG    torch.__trace:symbolic_shapes.py:8465 
DEBUG    torch.__trace:meta_utils.py:298 
DEBUG    torch.__trace:meta_utils.py:537 
DEBUG    torch.__trace:meta_utils.py:2385 
DEBUG    torch.__trace:symbolic_shapes.py:8465 
DEBUG    torch.__trace:symbolic_shapes.py:8056 
DEBUG    torch.__trace:symbolic_shapes.py:8056 
DEBUG    torch.__trace:utils.py:2402 
DEBUG    torch.__trace:utils.py:2402 
DEBUG    torch.__trace:meta_utils.py:298 
DEBUG    torch.__trace:meta_utils.py:537 
DEBUG    torch.__trace:meta_utils.py:2385 
DEBUG    torch.__trace:symbolic_shapes.py:5971 
DEBUG    torch.__trace:symbolic_shapes.py:5971 
DEBUG    torch.__trace:symbolic_shapes.py:5971 
DEBUG    torch.__trace:symbolic_shapes.py:8465 
DEBUG    torch.__trace:symbolic_shapes.py:8056 
DEBUG    torch.__trace:symbolic_shapes.py:8465 
DEBUG    torch.__trace:symbolic_shapes.py:8465 
DEBUG    torch.__trace:symbolic_shapes.py:8056 
DEBUG    torch.__trace:utils.py:2402 
DEBUG    torch.__trace:utils.py:2402 
DEBUG    torch.__trace:meta_utils.py:298 
DEBUG    torch.__trace:meta_utils.py:537 
DEBUG    torch.__trace:meta_utils.py:2385 
DEBUG    torch.__trace:symbolic_shapes.py:5971 
DEBUG    torch.__trace:symbolic_shapes.py:8465 
DEBUG    torch.__trace:symbolic_shapes.py:8056 
DEBUG    torch.__trace:utils.py:2402 
DEBUG    torch.__trace:utils.py:2402 
DEBUG    torch.__trace:symbolic_shapes.py:5971 
DEBUG    torch.__trace:utils.py:2402 
DEBUG    torch.__trace:utils.py:2402 
DEBUG    torch.__trace:symbolic_shapes.py:5971 
DEBUG    torch.__trace:meta_utils.py:298 
DEBUG    torch.__trace:meta_utils.py:537 
DEBUG    torch.__trace:meta_utils.py:2385 
DEBUG    torch.__trace:utils.py:2402 
DEBUG    torch.__trace:symbolic_shapes.py:5971 
DEBUG    torch.__trace:symbolic_shapes.py:8465 
DEBUG    torch.__trace:symbolic_shapes.py:8465 
DEBUG    torch.__trace:symbolic_shapes.py:8465 
DEBUG    torch.__trace:symbolic_shapes.py:8465 
DEBUG    torch.__trace:symbolic_shapes.py:8465 
DEBUG    torch.__trace:symbolic_shapes.py:8465 
DEBUG    torch.__trace:symbolic_shapes.py:8465 
DEBUG    torch.__trace:symbolic_shapes.py:8465 
DEBUG    torch.__trace:symbolic_shapes.py:8465 
DEBUG    torch.__trace:symbolic_shapes.py:8056 
DEBUG    torch.__trace:meta_utils.py:298 
DEBUG    torch.__trace:meta_utils.py:537 
DEBUG    torch.__trace:meta_utils.py:2385 
DEBUG    torch.__trace:meta_utils.py:298 
DEBUG    torch.__trace:meta_utils.py:537 
DEBUG    torch.__trace:meta_utils.py:2385 
DEBUG    torch.__trace:meta_utils.py:298 
DEBUG    torch.__trace:meta_utils.py:537 
DEBUG    torch.__trace:meta_utils.py:2385 
DEBUG    torch.__trace:meta_utils.py:298 
DEBUG    torch.__trace:meta_utils.py:537 
DEBUG    torch.__trace:meta_utils.py:2385 
DEBUG    torch.__trace:meta_utils.py:298 
DEBUG    torch.__trace:meta_utils.py:537 
DEBUG    torch.__trace:meta_utils.py:2385 
DEBUG    torch.__trace:meta_utils.py:298 
DEBUG    torch.__trace:meta_utils.py:537 
DEBUG    torch.__trace:meta_utils.py:2385 
DEBUG    torch.__trace:symbolic_shapes.py:8465 
DEBUG    torch.__trace:meta_utils.py:298 
DEBUG    torch.__trace:meta_utils.py:537 
DEBUG    torch.__trace:meta_utils.py:2385 
DEBUG    torch.__trace:meta_utils.py:298 
DEBUG    torch.__trace:meta_utils.py:537 
DEBUG    torch.__trace:meta_utils.py:2385 
DEBUG    torch.__trace:symbolic_shapes.py:8465 
DEBUG    torch.__trace:meta_utils.py:298 
DEBUG    torch.__trace:meta_utils.py:537 
DEBUG    torch.__trace:meta_utils.py:2385 
DEBUG    torch.__trace:meta_utils.py:298 
DEBUG    torch.__trace:meta_utils.py:537 
DEBUG    torch.__trace:meta_utils.py:2385 
DEBUG    torch.__trace:meta_utils.py:298 
DEBUG    torch.__trace:meta_utils.py:537 
DEBUG    torch.__trace:meta_utils.py:2385 
DEBUG    torch.__trace:meta_utils.py:298 
DEBUG    torch.__trace:meta_utils.py:537 
DEBUG    torch.__trace:meta_utils.py:2385 
DEBUG    torch.__trace:structured.py:28 
DEBUG    torch.__trace:structured.py:28 
DEBUG    torch.__trace:structured.py:28 
DEBUG    torch.__trace:symbolic_shapes.py:8465 
DEBUG    torch.__trace:symbolic_shapes.py:8056 
DEBUG    torch.__trace:meta_utils.py:298 
DEBUG    torch.__trace:meta_utils.py:537 
DEBUG    torch.__trace:meta_utils.py:2385 
DEBUG    torch.__trace:symbolic_shapes.py:8465 
DEBUG    torch.__trace:symbolic_shapes.py:8465 
DEBUG    torch.__trace:symbolic_shapes.py:8465 
DEBUG    torch.__trace:symbolic_shapes.py:8465 
DEBUG    torch.__trace:symbolic_shapes.py:8465 
DEBUG    torch.__trace:symbolic_shapes.py:8465 
DEBUG    torch.__trace:symbolic_shapes.py:8465 
DEBUG    torch.__trace:symbolic_shapes.py:8465 
DEBUG    torch.__trace:symbolic_shapes.py:8465 
DEBUG    torch.__trace:symbolic_shapes.py:8465 
DEBUG    torch.__trace:symbolic_shapes.py:8465 
DEBUG    torch.__trace:meta_utils.py:298 
DEBUG    torch.__trace:meta_utils.py:537 
DEBUG    torch.__trace:meta_utils.py:2385 
DEBUG    torch.__trace:meta_utils.py:298 
DEBUG    torch.__trace:meta_utils.py:537 
DEBUG    torch.__trace:meta_utils.py:2385 
DEBUG    torch.__trace:symbolic_shapes.py:8465 
DEBUG    torch.__trace:meta_utils.py:298 
DEBUG    torch.__trace:meta_utils.py:537 
DEBUG    torch.__trace:meta_utils.py:537 
DEBUG    torch.__trace:meta_utils.py:2385 
DEBUG    torch.__trace:symbolic_shapes.py:8465 
DEBUG    torch.__trace:symbolic_shapes.py:8056 
DEBUG    torch.__trace:symbolic_shapes.py:8465 
DEBUG    torch.__trace:symbolic_shapes.py:8465 
DEBUG    torch.__trace:symbolic_shapes.py:8056 
DEBUG    torch.__trace:symbolic_shapes.py:8465 
DEBUG    torch.__trace:symbolic_shapes.py:8056 
DEBUG    torch.__trace:structured.py:28 
DEBUG    torch.__trace:structured.py:28 
DEBUG    torch.__trace:symbolic_shapes.py:8056 
DEBUG    torch.__trace:symbolic_shapes.py:8465 
DEBUG    torch.__trace:symbolic_shapes.py:8056 
DEBUG    torch.__trace:symbolic_shapes.py:8465 
DEBUG    torch.__trace:symbolic_shapes.py:8465 
DEBUG    torch.__trace:utils.py:2363 
DEBUG    torch.__trace:utils.py:2363 
DEBUG    torch.__trace:utils.py:2363 
DEBUG    torch.__trace:output_graph.py:2942 
DEBUG    torch.__trace:utils.py:2363 
DEBUG    torch.__trace:utils.py:2363 
DEBUG    torch.__trace:utils.py:2363 
DEBUG    torch.__trace:utils.py:2363 
DEBUG    torch.__trace:guards.py:4769 
DEBUG    torch.__trace:utils.py:2363 
DEBUG    torch.__trace:utils.py:2363 
DEBUG    torch.__trace:utils.py:2363 
DEBUG    torch.__trace:utils.py:2363 
DEBUG    torch.__trace:utils.py:2363 
DEBUG    torch.__trace:utils.py:2363 
DEBUG    torch.__trace:utils.py:2022 
DEBUG    torch.__trace:utils.py:2363 
DEBUG    torch.__trace:utils.py:2363 
DEBUG    torch.__trace:utils.py:2363 
DEBUG    torch.__trace:guards.py:5625 
DEBUG    torch.__trace:convert_frame.py:304 
DEBUG    torch.__trace:utils.py:2363 
DEBUG    torch.__trace:utils.py:2363 
DEBUG    torch.__trace:meta_utils.py:298 
DEBUG    torch.__trace:meta_utils.py:537 
DEBUG    torch.__trace:meta_utils.py:2385 
DEBUG    torch.__trace:symbolic_shapes.py:5971 
DEBUG    torch.__trace:meta_utils.py:298 
DEBUG    torch.__trace:meta_utils.py:537 
DEBUG    torch.__trace:meta_utils.py:2385 
DEBUG    torch.__trace:symbolic_shapes.py:5971 
DEBUG    torch.__trace:symbolic_shapes.py:5971 
DEBUG    torch.__trace:symbolic_shapes.py:5971 
DEBUG    torch.__trace:meta_utils.py:298 
DEBUG    torch.__trace:meta_utils.py:537 
DEBUG    torch.__trace:meta_utils.py:2385 
DEBUG    torch.__trace:symbolic_shapes.py:5971 
DEBUG    torch.__trace:meta_utils.py:298 
DEBUG    torch.__trace:meta_utils.py:537 
DEBUG    torch.__trace:meta_utils.py:2385 
DEBUG    torch.__trace:utils.py:2402 
DEBUG    torch.__trace:meta_utils.py:298 
DEBUG    torch.__trace:meta_utils.py:537 
DEBUG    torch.__trace:meta_utils.py:2385 
DEBUG    torch.__trace:utils.py:2402 
DEBUG    torch.__trace:utils.py:2402 
DEBUG    torch.__trace:meta_utils.py:298 
DEBUG    torch.__trace:meta_utils.py:537 
DEBUG    torch.__trace:meta_utils.py:2385 
DEBUG    torch.__trace:symbolic_shapes.py:5971 
DEBUG    torch.__trace:meta_utils.py:298 
DEBUG    torch.__trace:meta_utils.py:537 
DEBUG    torch.__trace:meta_utils.py:2385 
DEBUG    torch.__trace:meta_utils.py:298 
DEBUG    torch.__trace:meta_utils.py:537 
DEBUG    torch.__trace:meta_utils.py:2385 
DEBUG    torch.__trace:symbolic_shapes.py:5971 
DEBUG    torch.__trace:symbolic_shapes.py:8465 
DEBUG    torch.__trace:symbolic_shapes.py:8056 
DEBUG    torch.__trace:symbolic_shapes.py:5971 
DEBUG    torch.__trace:symbolic_shapes.py:8465 
DEBUG    torch.__trace:symbolic_shapes.py:5971 
DEBUG    torch.__trace:symbolic_shapes.py:8465 
DEBUG    torch.__trace:symbolic_shapes.py:8056 
DEBUG    torch.__trace:symbolic_shapes.py:5971 
DEBUG    torch.__trace:symbolic_shapes.py:8465 
DEBUG    torch.__trace:meta_utils.py:298 
DEBUG    torch.__trace:meta_utils.py:537 
DEBUG    torch.__trace:meta_utils.py:2385 
DEBUG    torch.__trace:symbolic_shapes.py:5971 
DEBUG    torch.__trace:symbolic_shapes.py:5971 
DEBUG    torch.__trace:symbolic_shapes.py:8465 
DEBUG    torch.__trace:symbolic_shapes.py:8056 
DEBUG    torch.__trace:symbolic_shapes.py:5971 
DEBUG    torch.__trace:symbolic_shapes.py:8465 
DEBUG    torch.__trace:symbolic_shapes.py:5971 
DEBUG    torch.__trace:symbolic_shapes.py:8465 
DEBUG    torch.__trace:symbolic_shapes.py:8056 
DEBUG    torch.__trace:symbolic_shapes.py:5971 
DEBUG    torch.__trace:symbolic_shapes.py:8465 
DEBUG    torch.__trace:meta_utils.py:298 
DEBUG    torch.__trace:meta_utils.py:537 
DEBUG    torch.__trace:meta_utils.py:2385 
DEBUG    torch.__trace:utils.py:2402 
DEBUG    torch.__trace:meta_utils.py:298 
DEBUG    torch.__trace:meta_utils.py:537 
DEBUG    torch.__trace:meta_utils.py:2385 
DEBUG    torch.__trace:symbolic_shapes.py:5971 
DEBUG    torch.__trace:symbolic_shapes.py:5971 
DEBUG    torch.__trace:symbolic_shapes.py:8465 
DEBUG    torch.__trace:meta_utils.py:298 
DEBUG    torch.__trace:meta_utils.py:537 
DEBUG    torch.__trace:meta_utils.py:2385 
DEBUG    torch.__trace:symbolic_shapes.py:5971 
DEBUG    torch.__trace:symbolic_shapes.py:5971 
DEBUG    torch.__trace:symbolic_shapes.py:8465 
DEBUG    torch.__trace:utils.py:2402 
DEBUG    torch.__trace:utils.py:2402 
DEBUG    torch.__trace:meta_utils.py:298 
DEBUG    torch.__trace:meta_utils.py:537 
DEBUG    torch.__trace:meta_utils.py:2385 
DEBUG    torch.__trace:symbolic_shapes.py:5971 
DEBUG    torch.__trace:symbolic_shapes.py:5971 
DEBUG    torch.__trace:symbolic_shapes.py:8465 
DEBUG    torch.__trace:meta_utils.py:298 
DEBUG    torch.__trace:meta_utils.py:537 
DEBUG    torch.__trace:meta_utils.py:2385 
DEBUG    torch.__trace:utils.py:2402 
DEBUG    torch.__trace:utils.py:2402 
DEBUG    torch.__trace:symbolic_shapes.py:5971 
DEBUG    torch.__trace:symbolic_shapes.py:5971 
DEBUG    torch.__trace:symbolic_shapes.py:8465 
DEBUG    torch.__trace:symbolic_shapes.py:8465 
DEBUG    torch.__trace:symbolic_shapes.py:8465 
DEBUG    torch.__trace:symbolic_shapes.py:8465 
DEBUG    torch.__trace:symbolic_shapes.py:8465 
DEBUG    torch.__trace:symbolic_shapes.py:8465 
DEBUG    torch.__trace:symbolic_shapes.py:8465 
DEBUG    torch.__trace:symbolic_shapes.py:8465 
DEBUG    torch.__trace:symbolic_shapes.py:8465 
DEBUG    torch.__trace:symbolic_shapes.py:8465 
DEBUG    torch.__trace:symbolic_shapes.py:8465 
DEBUG    torch.__trace:symbolic_shapes.py:8465 
DEBUG    torch.__trace:symbolic_shapes.py:8465 
DEBUG    torch.__trace:symbolic_shapes.py:8465 
DEBUG    torch.__trace:symbolic_shapes.py:8465 
DEBUG    torch.__trace:symbolic_shapes.py:8465 
DEBUG    torch.__trace:symbolic_shapes.py:8465 
DEBUG    torch.__trace:symbolic_shapes.py:8465 
DEBUG    torch.__trace:symbolic_shapes.py:8465 
DEBUG    torch.__trace:symbolic_shapes.py:8465 
DEBUG    torch.__trace:symbolic_shapes.py:8465 
DEBUG    torch.__trace:symbolic_shapes.py:8465 
DEBUG    torch.__trace:symbolic_shapes.py:8465 
DEBUG    torch.__trace:meta_utils.py:298 
DEBUG    torch.__trace:meta_utils.py:537 
DEBUG    torch.__trace:meta_utils.py:2385 
DEBUG    torch.__trace:symbolic_shapes.py:8465 
DEBUG    torch.__trace:symbolic_shapes.py:8465 
DEBUG    torch.__trace:symbolic_shapes.py:8465 
DEBUG    torch.__trace:symbolic_shapes.py:8056 
DEBUG    torch.__trace:symbolic_shapes.py:8465 
DEBUG    torch.__trace:symbolic_shapes.py:8056 
DEBUG    torch.__trace:meta_utils.py:298 
DEBUG    torch.__trace:meta_utils.py:537 
DEBUG    torch.__trace:meta_utils.py:2385 
DEBUG    torch.__trace:meta_utils.py:298 
DEBUG    torch.__trace:meta_utils.py:537 
DEBUG    torch.__trace:meta_utils.py:2385 
DEBUG    torch.__trace:meta_utils.py:298 
DEBUG    torch.__trace:meta_utils.py:537 
DEBUG    torch.__trace:meta_utils.py:2385 
DEBUG    torch.__trace:meta_utils.py:298 
DEBUG    torch.__trace:meta_utils.py:537 
DEBUG    torch.__trace:meta_utils.py:2385 
DEBUG    torch.__trace:meta_utils.py:298 
DEBUG    torch.__trace:meta_utils.py:537 
DEBUG    torch.__trace:meta_utils.py:2385 
DEBUG    torch.__trace:meta_utils.py:298 
DEBUG    torch.__trace:meta_utils.py:537 
DEBUG    torch.__trace:meta_utils.py:2385 
DEBUG    torch.__trace:meta_utils.py:298 
DEBUG    torch.__trace:meta_utils.py:537 
DEBUG    torch.__trace:meta_utils.py:2385 
DEBUG    torch.__trace:meta_utils.py:298 
DEBUG    torch.__trace:meta_utils.py:537 
DEBUG    torch.__trace:meta_utils.py:2385 
DEBUG    torch.__trace:meta_utils.py:298 
DEBUG    torch.__trace:meta_utils.py:537 
DEBUG    torch.__trace:meta_utils.py:2385 
DEBUG    torch.__trace:meta_utils.py:298 
DEBUG    torch.__trace:meta_utils.py:537 
DEBUG    torch.__trace:meta_utils.py:2385 
DEBUG    torch.__trace:meta_utils.py:298 
DEBUG    torch.__trace:meta_utils.py:537 
DEBUG    torch.__trace:meta_utils.py:2385 
DEBUG    torch.__trace:symbolic_shapes.py:5971 
DEBUG    torch.__trace:symbolic_shapes.py:5971 
DEBUG    torch.__trace:symbolic_shapes.py:8465 
DEBUG    torch.__trace:symbolic_shapes.py:8056 
DEBUG    torch.__trace:meta_utils.py:298 
DEBUG    torch.__trace:meta_utils.py:537 
DEBUG    torch.__trace:meta_utils.py:2385 
DEBUG    torch.__trace:symbolic_shapes.py:8465 
DEBUG    torch.__trace:symbolic_shapes.py:8056 
DEBUG    torch.__trace:symbolic_shapes.py:8465 
DEBUG    torch.__trace:symbolic_shapes.py:8056 
DEBUG    torch.__trace:meta_utils.py:298 
DEBUG    torch.__trace:meta_utils.py:537 
DEBUG    torch.__trace:meta_utils.py:2385 
DEBUG    torch.__trace:symbolic_shapes.py:8465 
DEBUG    torch.__trace:symbolic_shapes.py:8465 
DEBUG    torch.__trace:symbolic_shapes.py:8465 
DEBUG    torch.__trace:symbolic_shapes.py:8465 
DEBUG    torch.__trace:symbolic_shapes.py:8465 
DEBUG    torch.__trace:symbolic_shapes.py:8465 
DEBUG    torch.__trace:symbolic_shapes.py:8465 
DEBUG    torch.__trace:meta_utils.py:298 
DEBUG    torch.__trace:meta_utils.py:537 
DEBUG    torch.__trace:meta_utils.py:2385 
DEBUG    torch.__trace:meta_utils.py:298 
DEBUG    torch.__trace:meta_utils.py:537 
DEBUG    torch.__trace:meta_utils.py:2385 
DEBUG    torch.__trace:meta_utils.py:298 
DEBUG    torch.__trace:meta_utils.py:537 
DEBUG    torch.__trace:meta_utils.py:2385 
DEBUG    torch.__trace:meta_utils.py:298 
DEBUG    torch.__trace:meta_utils.py:537 
DEBUG    torch.__trace:meta_utils.py:2385 
DEBUG    torch.__trace:symbolic_shapes.py:5971 
DEBUG    torch.__trace:symbolic_shapes.py:5971 
DEBUG    torch.__trace:symbolic_shapes.py:8465 
DEBUG    torch.__trace:symbolic_shapes.py:8056 
DEBUG    torch.__trace:symbolic_shapes.py:8465 
DEBUG    torch.__trace:symbolic_shapes.py:8056 
DEBUG    torch.__trace:meta_utils.py:298 
DEBUG    torch.__trace:meta_utils.py:537 
DEBUG    torch.__trace:meta_utils.py:2385 
DEBUG    torch.__trace:symbolic_shapes.py:5971 
DEBUG    torch.__trace:symbolic_shapes.py:5971 
DEBUG    torch.__trace:meta_utils.py:298 
DEBUG    torch.__trace:meta_utils.py:537 
DEBUG    torch.__trace:meta_utils.py:2385 
DEBUG    torch.__trace:symbolic_shapes.py:5971 
DEBUG    torch.__trace:symbolic_shapes.py:5971 
DEBUG    torch.__trace:symbolic_shapes.py:8465 
DEBUG    torch.__trace:symbolic_shapes.py:8056 
DEBUG    torch.__trace:symbolic_shapes.py:8465 
DEBUG    torch.__trace:symbolic_shapes.py:8465 
DEBUG    torch.__trace:symbolic_shapes.py:8465 
DEBUG    torch.__trace:symbolic_shapes.py:8056 
DEBUG    torch.__trace:utils.py:2363 
DEBUG    torch.__trace:utils.py:2363 
DEBUG    torch.__trace:utils.py:2363 
DEBUG    torch.__trace:output_graph.py:2942 
DEBUG    torch.__trace:utils.py:2363 
DEBUG    torch.__trace:utils.py:2363 
DEBUG    torch.__trace:utils.py:2363 
DEBUG    torch.__trace:utils.py:2363 
DEBUG    torch.__trace:guards.py:4769 
DEBUG    torch.__trace:utils.py:2363 
DEBUG    torch.__trace:utils.py:2363 
DEBUG    torch.__trace:utils.py:2363 
DEBUG    torch.__trace:utils.py:2363 
DEBUG    torch.__trace:utils.py:2363 
DEBUG    torch.__trace:utils.py:2363 
DEBUG    torch.__trace:utils.py:2022 
DEBUG    torch.__trace:utils.py:2363
=============================== warnings summary ===============================
test/test_explicit_dimensions.py::TestXorGrammarReconstruction::test_piecewise_overall_at_least_50_pct
  /Users/arogers/github/WikiOracle/basicmodel/.venv/lib/python3.12/site-packages/torch/utils/_device.py:122: UserWarning: Sparse invariant checks are implicitly disabled. Memory errors (e.g. SEGFAULT) will occur when operating on a sparse tensor which violates the invariants, but checks incur performance overhead. To silence this warning, explicitly opt in or out. See `torch.sparse.check_sparse_tensor_invariants.__doc__` for guidance.  (Triggered internally at /Users/runner/work/pytorch/pytorch/aten/src/ATen/Context.cpp:855.)
    return func(*args, **kwargs)

-- Docs: https://docs.pytest.org/en/stable/how-to/capture-warnings.html
=========================== short test summary info ============================
FAILED test/test_explicit_dimensions.py::TestXorGrammarReconstruction::test_piecewise_overall_at_least_50_pct
1 failed, 1 warning in 189.66s (0:03:09)
