F                                                                        [100%]
=================================== FAILURES ===================================
_______________ TestXorGrammarLearnsXor.test_xor_class_accuracy ________________
test/test_explicit_dimensions.py:236: in test_xor_class_accuracy
    self.assertTrue(
E   AssertionError: False is not true : XOR_grammar requires all four answers correct: [0.3689926564693451, 0.5465712547302246, 0.4599554240703583, 0.5534137487411499]
----------------------------- Captured stdout call -----------------------------
Device: cpu
Peer pipeline: static PS/WS stage bodies compiled separately; legacy compatibility scheduler remains outside fullgraph capture


==== BasicModel ====

Trial [1/1]
Baseline test pass skipped (--test not specified). Re-invoke train.py with --test to include baseline + post-epoch evaluation.
Epoch [1/400]
[AMP] off (fp32, MODEL_AMP unset or =off)
batch = 0 (warm-up, 100.00%)
Training throughput: 1 batches in 105.630s; word units 100.0% of 8 words (letters-only 100.0% of 8).
Train Loss: output=0.1757, reconstruction=4.0399
Epoch [2/400]
batch = 0 (Δ=0.349s, 100.00%)
Training throughput: 1 batches in 0.349s; word units 100.0% of 8 words (letters-only 100.0% of 8).
Train Loss: output=0.1690, reconstruction=5.7513
Epoch [3/400]
batch = 0 (Δ=0.351s, 100.00%)
Training throughput: 1 batches in 0.351s; word units 100.0% of 8 words (letters-only 100.0% of 8).
Train Loss: output=0.1549, reconstruction=5.6627
Epoch [4/400]
batch = 0 (Δ=0.382s, 100.00%)
Training throughput: 1 batches in 0.381s; word units 100.0% of 8 words (letters-only 100.0% of 8).
Train Loss: output=0.1514, reconstruction=5.5729
Epoch [5/400]
batch = 0 (Δ=0.346s, 100.00%)
Training throughput: 1 batches in 0.345s; word units 100.0% of 8 words (letters-only 100.0% of 8).
Train Loss: output=0.1438, reconstruction=4.9504
Epoch [6/400]
batch = 0 (Δ=0.349s, 100.00%)
Training throughput: 1 batches in 0.348s; word units 100.0% of 8 words (letters-only 100.0% of 8).
Train Loss: output=0.1435, reconstruction=5.4090
Epoch [7/400]
batch = 0 (Δ=0.351s, 100.00%)
Training throughput: 1 batches in 0.351s; word units 100.0% of 8 words (letters-only 100.0% of 8).
Train Loss: output=0.1113, reconstruction=1.8873
Epoch [8/400]
batch = 0 (Δ=0.344s, 100.00%)
Training throughput: 1 batches in 0.344s; word units 100.0% of 8 words (letters-only 100.0% of 8).
Train Loss: output=0.1772, reconstruction=1.8236
Epoch [9/400]
batch = 0 (Δ=0.346s, 100.00%)
Training throughput: 1 batches in 0.346s; word units 100.0% of 8 words (letters-only 100.0% of 8).
Train Loss: output=0.1081, reconstruction=1.7680
Epoch [10/400]
batch = 0 (Δ=0.351s, 100.00%)
Training throughput: 1 batches in 0.350s; word units 100.0% of 8 words (letters-only 100.0% of 8).
Train Loss: output=0.1306, reconstruction=1.7215
Epoch [11/400]
batch = 0 (Δ=0.351s, 100.00%)
Training throughput: 1 batches in 0.350s; word units 100.0% of 8 words (letters-only 100.0% of 8).
Train Loss: output=0.1392, reconstruction=1.6834
Epoch [12/400]
batch = 0 (Δ=0.348s, 100.00%)
Training throughput: 1 batches in 0.347s; word units 100.0% of 8 words (letters-only 100.0% of 8).
Train Loss: output=0.0946, reconstruction=1.6545
Epoch [13/400]
batch = 0 (Δ=0.350s, 100.00%)
Training throughput: 1 batches in 0.349s; word units 100.0% of 8 words (letters-only 100.0% of 8).
Train Loss: output=0.1356, reconstruction=1.2137
Epoch [14/400]
batch = 0 (Δ=0.346s, 100.00%)
Training throughput: 1 batches in 0.346s; word units 100.0% of 8 words (letters-only 100.0% of 8).
Train Loss: output=0.1306, reconstruction=0.3460
Epoch [15/400]
batch = 0 (Δ=0.348s, 100.00%)
Training throughput: 1 batches in 0.347s; word units 100.0% of 8 words (letters-only 100.0% of 8).
Train Loss: output=0.1070, reconstruction=1.2633
Epoch [16/400]
batch = 0 (Δ=0.354s, 100.00%)
Training throughput: 1 batches in 0.354s; word units 100.0% of 8 words (letters-only 100.0% of 8).
Train Loss: output=0.1157, reconstruction=1.4955
Epoch [17/400]
batch = 0 (Δ=0.352s, 100.00%)
Training throughput: 1 batches in 0.352s; word units 100.0% of 8 words (letters-only 100.0% of 8).
Train Loss: output=0.1614, reconstruction=0.9624
Epoch [18/400]
batch = 0 (Δ=0.351s, 100.00%)
Training throughput: 1 batches in 0.351s; word units 100.0% of 8 words (letters-only 100.0% of 8).
Train Loss: output=0.1269, reconstruction=4.8150
Epoch [19/400]
batch = 0 (Δ=0.351s, 100.00%)
Training throughput: 1 batches in 0.350s; word units 100.0% of 8 words (letters-only 100.0% of 8).
Train Loss: output=0.1302, reconstruction=3.0726
Epoch [20/400]
batch = 0 (Δ=0.346s, 100.00%)
Training throughput: 1 batches in 0.346s; word units 100.0% of 8 words (letters-only 100.0% of 8).
Train Loss: output=0.1091, reconstruction=5.2755
Epoch [21/400]
batch = 0 (Δ=0.349s, 100.00%)
Training throughput: 1 batches in 0.348s; word units 100.0% of 8 words (letters-only 100.0% of 8).
Train Loss: output=0.1133, reconstruction=4.8196
Epoch [22/400]
batch = 0 (Δ=0.368s, 100.00%)
Training throughput: 1 batches in 0.367s; word units 100.0% of 8 words (letters-only 100.0% of 8).
Train Loss: output=0.1020, reconstruction=5.0651
Epoch [23/400]
batch = 0 (Δ=0.348s, 100.00%)
Training throughput: 1 batches in 0.347s; word units 100.0% of 8 words (letters-only 100.0% of 8).
Train Loss: output=0.1141, reconstruction=5.3663
Epoch [24/400]
batch = 0 (Δ=0.349s, 100.00%)
Training throughput: 1 batches in 0.348s; word units 100.0% of 8 words (letters-only 100.0% of 8).
Train Loss: output=0.0998, reconstruction=5.1997
Epoch [25/400]
batch = 0 (Δ=0.353s, 100.00%)
Training throughput: 1 batches in 0.353s; word units 100.0% of 8 words (letters-only 100.0% of 8).
Train Loss: output=0.0848, reconstruction=4.6664
Epoch [26/400]
batch = 0 (Δ=0.348s, 100.00%)
Training throughput: 1 batches in 0.348s; word units 100.0% of 8 words (letters-only 100.0% of 8).
Train Loss: output=0.0919, reconstruction=5.1266
Epoch [27/400]
batch = 0 (Δ=0.347s, 100.00%)
Training throughput: 1 batches in 0.347s; word units 100.0% of 8 words (letters-only 100.0% of 8).
Train Loss: output=0.0843, reconstruction=4.4498
Epoch [28/400]
batch = 0 (Δ=0.349s, 100.00%)
Training throughput: 1 batches in 0.348s; word units 100.0% of 8 words (letters-only 100.0% of 8).
Train Loss: output=0.0910, reconstruction=5.1327
Epoch [29/400]
batch = 0 (Δ=0.351s, 100.00%)
Training throughput: 1 batches in 0.350s; word units 100.0% of 8 words (letters-only 100.0% of 8).
Train Loss: output=0.0517, reconstruction=4.6234
Epoch [30/400]
batch = 0 (Δ=0.353s, 100.00%)
Training throughput: 1 batches in 0.353s; word units 100.0% of 8 words (letters-only 100.0% of 8).
Train Loss: output=0.1049, reconstruction=4.7133
Epoch [31/400]
batch = 0 (Δ=0.350s, 100.00%)
Training throughput: 1 batches in 0.350s; word units 100.0% of 8 words (letters-only 100.0% of 8).
Train Loss: output=0.0692, reconstruction=6.1129
Epoch [32/400]
batch = 0 (Δ=0.353s, 100.00%)
Training throughput: 1 batches in 0.352s; word units 100.0% of 8 words (letters-only 100.0% of 8).
Train Loss: output=0.0916, reconstruction=6.0343
Epoch [33/400]
batch = 0 (Δ=0.350s, 100.00%)
Training throughput: 1 batches in 0.349s; word units 100.0% of 8 words (letters-only 100.0% of 8).
Train Loss: output=0.0688, reconstruction=5.6400
Epoch [34/400]
batch = 0 (Δ=0.348s, 100.00%)
Training throughput: 1 batches in 0.347s; word units 100.0% of 8 words (letters-only 100.0% of 8).
Train Loss: output=0.0567, reconstruction=4.6370
Epoch [35/400]
batch = 0 (Δ=0.352s, 100.00%)
Training throughput: 1 batches in 0.352s; word units 100.0% of 8 words (letters-only 100.0% of 8).
Train Loss: output=0.0541, reconstruction=4.9312
Epoch [36/400]
batch = 0 (Δ=0.352s, 100.00%)
Training throughput: 1 batches in 0.351s; word units 100.0% of 8 words (letters-only 100.0% of 8).
Train Loss: output=0.0649, reconstruction=6.0332
Epoch [37/400]
batch = 0 (Δ=0.354s, 100.00%)
Training throughput: 1 batches in 0.354s; word units 100.0% of 8 words (letters-only 100.0% of 8).
Train Loss: output=0.0782, reconstruction=5.7147
Epoch [38/400]
batch = 0 (Δ=0.350s, 100.00%)
Training throughput: 1 batches in 0.350s; word units 100.0% of 8 words (letters-only 100.0% of 8).
Train Loss: output=0.0475, reconstruction=4.4616
Epoch [39/400]
batch = 0 (Δ=0.351s, 100.00%)
Training throughput: 1 batches in 0.350s; word units 100.0% of 8 words (letters-only 100.0% of 8).
Train Loss: output=0.0564, reconstruction=4.7728
Epoch [40/400]
batch = 0 (Δ=0.348s, 100.00%)
Training throughput: 1 batches in 0.347s; word units 100.0% of 8 words (letters-only 100.0% of 8).
Train Loss: output=0.0293, reconstruction=4.8296
Epoch [41/400]
batch = 0 (Δ=0.354s, 100.00%)
Training throughput: 1 batches in 0.353s; word units 100.0% of 8 words (letters-only 100.0% of 8).
Train Loss: output=0.0354, reconstruction=4.9646
Epoch [42/400]
batch = 0 (Δ=0.351s, 100.00%)
Training throughput: 1 batches in 0.350s; word units 100.0% of 8 words (letters-only 100.0% of 8).
Train Loss: output=0.0359, reconstruction=4.8391
Epoch [43/400]
batch = 0 (Δ=0.354s, 100.00%)
Training throughput: 1 batches in 0.354s; word units 100.0% of 8 words (letters-only 100.0% of 8).
Train Loss: output=0.0301, reconstruction=4.7020
Epoch [44/400]
batch = 0 (Δ=0.352s, 100.00%)
Training throughput: 1 batches in 0.352s; word units 100.0% of 8 words (letters-only 100.0% of 8).
Train Loss: output=0.0351, reconstruction=5.8366
Epoch [45/400]
batch = 0 (Δ=0.350s, 100.00%)
Training throughput: 1 batches in 0.350s; word units 100.0% of 8 words (letters-only 100.0% of 8).
Train Loss: output=0.0214, reconstruction=5.5452
Epoch [46/400]
batch = 0 (Δ=0.348s, 100.00%)
Training throughput: 1 batches in 0.347s; word units 100.0% of 8 words (letters-only 100.0% of 8).
Train Loss: output=0.0429, reconstruction=4.5896
Epoch [47/400]
batch = 0 (Δ=0.350s, 100.00%)
Training throughput: 1 batches in 0.350s; word units 100.0% of 8 words (letters-only 100.0% of 8).
Train Loss: output=0.0529, reconstruction=4.8185
Epoch [48/400]
batch = 0 (Δ=0.347s, 100.00%)
Training throughput: 1 batches in 0.347s; word units 100.0% of 8 words (letters-only 100.0% of 8).
Train Loss: output=0.0531, reconstruction=4.6638
Epoch [49/400]
batch = 0 (Δ=0.353s, 100.00%)
Training throughput: 1 batches in 0.353s; word units 100.0% of 8 words (letters-only 100.0% of 8).
Train Loss: output=0.0377, reconstruction=5.5321
Epoch [50/400]
batch = 0 (Δ=0.354s, 100.00%)
Training throughput: 1 batches in 0.353s; word units 100.0% of 8 words (letters-only 100.0% of 8).
Train Loss: output=0.0240, reconstruction=5.7978
Epoch [51/400]
batch = 0 (Δ=0.386s, 100.00%)
Training throughput: 1 batches in 0.385s; word units 100.0% of 8 words (letters-only 100.0% of 8).
Train Loss: output=0.0601, reconstruction=5.8691
Epoch [52/400]
batch = 0 (Δ=0.350s, 100.00%)
Training throughput: 1 batches in 0.349s; word units 100.0% of 8 words (letters-only 100.0% of 8).
Train Loss: output=0.0396, reconstruction=5.6639
Epoch [53/400]
batch = 0 (Δ=0.352s, 100.00%)
Training throughput: 1 batches in 0.351s; word units 100.0% of 8 words (letters-only 100.0% of 8).
Train Loss: output=0.0496, reconstruction=5.5780
Epoch [54/400]
batch = 0 (Δ=0.354s, 100.00%)
Training throughput: 1 batches in 0.353s; word units 100.0% of 8 words (letters-only 100.0% of 8).
Train Loss: output=0.0560, reconstruction=4.7502
Epoch [55/400]
batch = 0 (Δ=0.351s, 100.00%)
Training throughput: 1 batches in 0.350s; word units 100.0% of 8 words (letters-only 100.0% of 8).
Train Loss: output=0.0524, reconstruction=5.7510
Epoch [56/400]
batch = 0 (Δ=0.351s, 100.00%)
Training throughput: 1 batches in 0.350s; word units 100.0% of 8 words (letters-only 100.0% of 8).
Train Loss: output=0.0141, reconstruction=5.5311
Epoch [57/400]
batch = 0 (Δ=0.356s, 100.00%)
Training throughput: 1 batches in 0.355s; word units 100.0% of 8 words (letters-only 100.0% of 8).
Train Loss: output=0.0229, reconstruction=5.6960
Epoch [58/400]
batch = 0 (Δ=0.349s, 100.00%)
Training throughput: 1 batches in 0.349s; word units 100.0% of 8 words (letters-only 100.0% of 8).
Train Loss: output=0.0319, reconstruction=5.8220
Epoch [59/400]
batch = 0 (Δ=0.353s, 100.00%)
Training throughput: 1 batches in 0.353s; word units 100.0% of 8 words (letters-only 100.0% of 8).
Train Loss: output=0.0287, reconstruction=5.6974
Epoch [60/400]
batch = 0 (Δ=0.354s, 100.00%)
Training throughput: 1 batches in 0.353s; word units 100.0% of 8 words (letters-only 100.0% of 8).
Train Loss: output=0.0086, reconstruction=5.5243
Epoch [61/400]
batch = 0 (Δ=0.347s, 100.00%)
Training throughput: 1 batches in 0.347s; word units 100.0% of 8 words (letters-only 100.0% of 8).
Train Loss: output=0.0249, reconstruction=5.7211
Epoch [62/400]
batch = 0 (Δ=0.355s, 100.00%)
Training throughput: 1 batches in 0.354s; word units 100.0% of 8 words (letters-only 100.0% of 8).
Train Loss: output=0.0227, reconstruction=5.7602
Epoch [63/400]
batch = 0 (Δ=0.348s, 100.00%)
Training throughput: 1 batches in 0.348s; word units 100.0% of 8 words (letters-only 100.0% of 8).
Train Loss: output=0.0221, reconstruction=5.5717
Epoch [64/400]
batch = 0 (Δ=0.350s, 100.00%)
Training throughput: 1 batches in 0.350s; word units 100.0% of 8 words (letters-only 100.0% of 8).
Train Loss: output=0.0249, reconstruction=5.6209
Epoch [65/400]
batch = 0 (Δ=0.351s, 100.00%)
Training throughput: 1 batches in 0.350s; word units 100.0% of 8 words (letters-only 100.0% of 8).
Train Loss: output=0.0067, reconstruction=5.8425
Epoch [66/400]
batch = 0 (Δ=0.353s, 100.00%)
Training throughput: 1 batches in 0.352s; word units 100.0% of 8 words (letters-only 100.0% of 8).
Train Loss: output=0.0103, reconstruction=5.8880
Epoch [67/400]
batch = 0 (Δ=0.354s, 100.00%)
Training throughput: 1 batches in 0.354s; word units 100.0% of 8 words (letters-only 100.0% of 8).
Train Loss: output=0.0332, reconstruction=5.7207
Epoch [68/400]
batch = 0 (Δ=0.346s, 100.00%)
Training throughput: 1 batches in 0.345s; word units 100.0% of 8 words (letters-only 100.0% of 8).
Train Loss: output=0.0190, reconstruction=5.5206
Epoch [69/400]
batch = 0 (Δ=0.346s, 100.00%)
Training throughput: 1 batches in 0.345s; word units 100.0% of 8 words (letters-only 100.0% of 8).
Train Loss: output=0.0108, reconstruction=5.6441
Epoch [70/400]
batch = 0 (Δ=0.350s, 100.00%)
Training throughput: 1 batches in 0.349s; word units 100.0% of 8 words (letters-only 100.0% of 8).
Train Loss: output=0.0341, reconstruction=4.9056
Epoch [71/400]
batch = 0 (Δ=0.350s, 100.00%)
Training throughput: 1 batches in 0.350s; word units 100.0% of 8 words (letters-only 100.0% of 8).
Train Loss: output=0.0352, reconstruction=4.7826
Epoch [72/400]
batch = 0 (Δ=0.354s, 100.00%)
Training throughput: 1 batches in 0.353s; word units 100.0% of 8 words (letters-only 100.0% of 8).
Train Loss: output=0.0115, reconstruction=5.5969
Epoch [73/400]
batch = 0 (Δ=0.350s, 100.00%)
Training throughput: 1 batches in 0.350s; word units 100.0% of 8 words (letters-only 100.0% of 8).
Train Loss: output=0.0284, reconstruction=5.6686
Epoch [74/400]
batch = 0 (Δ=0.352s, 100.00%)
Training throughput: 1 batches in 0.352s; word units 100.0% of 8 words (letters-only 100.0% of 8).
Train Loss: output=0.0244, reconstruction=5.5782
Epoch [75/400]
batch = 0 (Δ=0.352s, 100.00%)
Training throughput: 1 batches in 0.352s; word units 100.0% of 8 words (letters-only 100.0% of 8).
Train Loss: output=0.0351, reconstruction=5.5341
Epoch [76/400]
batch = 0 (Δ=0.352s, 100.00%)
Training throughput: 1 batches in 0.352s; word units 100.0% of 8 words (letters-only 100.0% of 8).
Train Loss: output=0.0312, reconstruction=5.6434
Epoch [77/400]
batch = 0 (Δ=0.350s, 100.00%)
Training throughput: 1 batches in 0.349s; word units 100.0% of 8 words (letters-only 100.0% of 8).
Train Loss: output=0.0266, reconstruction=5.6204
Epoch [78/400]
batch = 0 (Δ=0.357s, 100.00%)
Training throughput: 1 batches in 0.356s; word units 100.0% of 8 words (letters-only 100.0% of 8).
Train Loss: output=0.0236, reconstruction=5.5193
Epoch [79/400]
batch = 0 (Δ=0.350s, 100.00%)
Training throughput: 1 batches in 0.350s; word units 100.0% of 8 words (letters-only 100.0% of 8).
Train Loss: output=0.0217, reconstruction=5.5974
Epoch [80/400]
batch = 0 (Δ=0.349s, 100.00%)
Training throughput: 1 batches in 0.348s; word units 100.0% of 8 words (letters-only 100.0% of 8).
Train Loss: output=0.0136, reconstruction=5.6868
Epoch [81/400]
batch = 0 (Δ=0.351s, 100.00%)
Training throughput: 1 batches in 0.351s; word units 100.0% of 8 words (letters-only 100.0% of 8).
Train Loss: output=0.0128, reconstruction=5.6387
Epoch [82/400]
batch = 0 (Δ=0.351s, 100.00%)
Training throughput: 1 batches in 0.350s; word units 100.0% of 8 words (letters-only 100.0% of 8).
Train Loss: output=0.0142, reconstruction=5.5188
Epoch [83/400]
batch = 0 (Δ=0.351s, 100.00%)
Training throughput: 1 batches in 0.350s; word units 100.0% of 8 words (letters-only 100.0% of 8).
Train Loss: output=0.0135, reconstruction=5.5912
Epoch [84/400]
batch = 0 (Δ=0.349s, 100.00%)
Training throughput: 1 batches in 0.349s; word units 100.0% of 8 words (letters-only 100.0% of 8).
Train Loss: output=0.0191, reconstruction=5.6196
Epoch [85/400]
batch = 0 (Δ=0.352s, 100.00%)
Training throughput: 1 batches in 0.352s; word units 100.0% of 8 words (letters-only 100.0% of 8).
Train Loss: output=0.0157, reconstruction=5.5333
Epoch [86/400]
batch = 0 (Δ=0.351s, 100.00%)
Training throughput: 1 batches in 0.350s; word units 100.0% of 8 words (letters-only 100.0% of 8).
Train Loss: output=0.0155, reconstruction=5.5547
Epoch [87/400]
batch = 0 (Δ=0.354s, 100.00%)
Training throughput: 1 batches in 0.353s; word units 100.0% of 8 words (letters-only 100.0% of 8).
Train Loss: output=0.1693, reconstruction=5.6291
Epoch [88/400]
batch = 0 (Δ=0.349s, 100.00%)
Training throughput: 1 batches in 0.348s; word units 100.0% of 8 words (letters-only 100.0% of 8).
Train Loss: output=0.1451, reconstruction=5.5810
Epoch [89/400]
batch = 0 (Δ=0.350s, 100.00%)
Training throughput: 1 batches in 0.349s; word units 100.0% of 8 words (letters-only 100.0% of 8).
Train Loss: output=0.1405, reconstruction=5.5165
Epoch [90/400]
batch = 0 (Δ=0.352s, 100.00%)
Training throughput: 1 batches in 0.351s; word units 100.0% of 8 words (letters-only 100.0% of 8).
Train Loss: output=0.0495, reconstruction=5.5799
Epoch [91/400]
batch = 0 (Δ=0.356s, 100.00%)
Training throughput: 1 batches in 0.356s; word units 100.0% of 8 words (letters-only 100.0% of 8).
Train Loss: output=0.1268, reconstruction=5.5918
Epoch [92/400]
batch = 0 (Δ=0.350s, 100.00%)
Training throughput: 1 batches in 0.350s; word units 100.0% of 8 words (letters-only 100.0% of 8).
Train Loss: output=0.0354, reconstruction=5.5220
Epoch [93/400]
batch = 0 (Δ=0.354s, 100.00%)
Training throughput: 1 batches in 0.354s; word units 100.0% of 8 words (letters-only 100.0% of 8).
Train Loss: output=0.0748, reconstruction=5.5663
Epoch [94/400]
batch = 0 (Δ=0.348s, 100.00%)
Training throughput: 1 batches in 0.348s; word units 100.0% of 8 words (letters-only 100.0% of 8).
Train Loss: output=0.0559, reconstruction=5.6373
Epoch [95/400]
batch = 0 (Δ=0.352s, 100.00%)
Training throughput: 1 batches in 0.352s; word units 100.0% of 8 words (letters-only 100.0% of 8).
Train Loss: output=0.0771, reconstruction=5.5860
Epoch [96/400]
batch = 0 (Δ=0.352s, 100.00%)
Training throughput: 1 batches in 0.351s; word units 100.0% of 8 words (letters-only 100.0% of 8).
Train Loss: output=0.0255, reconstruction=5.5178
Epoch [97/400]
batch = 0 (Δ=0.352s, 100.00%)
Training throughput: 1 batches in 0.352s; word units 100.0% of 8 words (letters-only 100.0% of 8).
Train Loss: output=0.0373, reconstruction=5.5952
Epoch [98/400]
batch = 0 (Δ=0.345s, 100.00%)
Training throughput: 1 batches in 0.344s; word units 100.0% of 8 words (letters-only 100.0% of 8).
Train Loss: output=0.0883, reconstruction=5.6012
Epoch [99/400]
batch = 0 (Δ=1.514s, 100.00%)
Training throughput: 1 batches in 1.513s; word units 100.0% of 8 words (letters-only 100.0% of 8).
Train Loss: output=0.0800, reconstruction=5.5237
Epoch [100/400]
batch = 0 (Δ=0.348s, 100.00%)
Training throughput: 1 batches in 0.348s; word units 100.0% of 8 words (letters-only 100.0% of 8).
Train Loss: output=0.0718, reconstruction=5.5715
Epoch [101/400]
batch = 0 (Δ=0.355s, 100.00%)
Training throughput: 1 batches in 0.355s; word units 100.0% of 8 words (letters-only 100.0% of 8).
Train Loss: output=0.0316, reconstruction=5.6335
Epoch [102/400]
batch = 0 (Δ=0.353s, 100.00%)
Training throughput: 1 batches in 0.352s; word units 100.0% of 8 words (letters-only 100.0% of 8).
Train Loss: output=0.0291, reconstruction=5.5736
Epoch [103/400]
batch = 0 (Δ=0.348s, 100.00%)
Training throughput: 1 batches in 0.348s; word units 100.0% of 8 words (letters-only 100.0% of 8).
Train Loss: output=0.0582, reconstruction=5.5266
Epoch [104/400]
batch = 0 (Δ=0.349s, 100.00%)
Training throughput: 1 batches in 0.348s; word units 100.0% of 8 words (letters-only 100.0% of 8).
Train Loss: output=0.0553, reconstruction=5.6109
Epoch [105/400]
batch = 0 (Δ=0.343s, 100.00%)
Training throughput: 1 batches in 0.342s; word units 100.0% of 8 words (letters-only 100.0% of 8).
Train Loss: output=0.0539, reconstruction=5.6088
Epoch [106/400]
batch = 0 (Δ=0.349s, 100.00%)
Training throughput: 1 batches in 0.348s; word units 100.0% of 8 words (letters-only 100.0% of 8).
Train Loss: output=0.0509, reconstruction=5.5286
Epoch [107/400]
batch = 0 (Δ=0.347s, 100.00%)
Training throughput: 1 batches in 0.346s; word units 100.0% of 8 words (letters-only 100.0% of 8).
Train Loss: output=0.0451, reconstruction=5.5805
Epoch [108/400]
batch = 0 (Δ=0.349s, 100.00%)
Training throughput: 1 batches in 0.349s; word units 100.0% of 8 words (letters-only 100.0% of 8).
Train Loss: output=0.0406, reconstruction=5.6329
Epoch [109/400]
batch = 0 (Δ=0.347s, 100.00%)
Training throughput: 1 batches in 0.346s; word units 100.0% of 8 words (letters-only 100.0% of 8).
Train Loss: output=0.0284, reconstruction=5.5681
Epoch [110/400]
batch = 0 (Δ=0.347s, 100.00%)
Training throughput: 1 batches in 0.346s; word units 100.0% of 8 words (letters-only 100.0% of 8).
Train Loss: output=0.0383, reconstruction=5.5395
Epoch [111/400]
batch = 0 (Δ=0.354s, 100.00%)
Training throughput: 1 batches in 0.353s; word units 100.0% of 8 words (letters-only 100.0% of 8).
Train Loss: output=0.0245, reconstruction=5.6177
Epoch [112/400]
batch = 0 (Δ=0.348s, 100.00%)
Training throughput: 1 batches in 0.347s; word units 100.0% of 8 words (letters-only 100.0% of 8).
Train Loss: output=0.0433, reconstruction=5.5930
Epoch [113/400]
batch = 0 (Δ=0.376s, 100.00%)
Training throughput: 1 batches in 0.376s; word units 100.0% of 8 words (letters-only 100.0% of 8).
Train Loss: output=0.0332, reconstruction=5.5272
Epoch [114/400]
batch = 0 (Δ=0.351s, 100.00%)
Training throughput: 1 batches in 0.350s; word units 100.0% of 8 words (letters-only 100.0% of 8).
Train Loss: output=0.0414, reconstruction=5.5929
Epoch [115/400]
batch = 0 (Δ=0.353s, 100.00%)
Training throughput: 1 batches in 0.352s; word units 100.0% of 8 words (letters-only 100.0% of 8).
Train Loss: output=0.0377, reconstruction=5.6175
Epoch [116/400]
batch = 0 (Δ=0.348s, 100.00%)
Training throughput: 1 batches in 0.347s; word units 100.0% of 8 words (letters-only 100.0% of 8).
Train Loss: output=0.0374, reconstruction=5.5455
Epoch [117/400]
batch = 0 (Δ=0.349s, 100.00%)
Training throughput: 1 batches in 0.349s; word units 100.0% of 8 words (letters-only 100.0% of 8).
Train Loss: output=0.0387, reconstruction=5.5559
Epoch [118/400]
batch = 0 (Δ=0.347s, 100.00%)
Training throughput: 1 batches in 0.346s; word units 100.0% of 8 words (letters-only 100.0% of 8).
Train Loss: output=0.0375, reconstruction=5.6199
Epoch [119/400]
batch = 0 (Δ=0.348s, 100.00%)
Training throughput: 1 batches in 0.348s; word units 100.0% of 8 words (letters-only 100.0% of 8).
Train Loss: output=0.0247, reconstruction=5.5736
Epoch [120/400]
batch = 0 (Δ=0.347s, 100.00%)
Training throughput: 1 batches in 0.347s; word units 100.0% of 8 words (letters-only 100.0% of 8).
Train Loss: output=0.0357, reconstruction=4.9856
Epoch [121/400]
batch = 0 (Δ=0.352s, 100.00%)
Training throughput: 1 batches in 0.351s; word units 100.0% of 8 words (letters-only 100.0% of 8).
Train Loss: output=0.0268, reconstruction=5.5984
Epoch [122/400]
batch = 0 (Δ=0.348s, 100.00%)
Training throughput: 1 batches in 0.348s; word units 100.0% of 8 words (letters-only 100.0% of 8).
Train Loss: output=0.0256, reconstruction=5.5855
Epoch [123/400]
batch = 0 (Δ=0.349s, 100.00%)
Training throughput: 1 batches in 0.348s; word units 100.0% of 8 words (letters-only 100.0% of 8).
Train Loss: output=0.0283, reconstruction=6.6896
Epoch [124/400]
batch = 0 (Δ=0.348s, 100.00%)
Training throughput: 1 batches in 0.347s; word units 100.0% of 8 words (letters-only 100.0% of 8).
Train Loss: output=0.0185, reconstruction=5.5648
Epoch [125/400]
batch = 0 (Δ=0.343s, 100.00%)
Training throughput: 1 batches in 0.342s; word units 100.0% of 8 words (letters-only 100.0% of 8).
Train Loss: output=0.0256, reconstruction=6.7174
Epoch [126/400]
batch = 0 (Δ=0.351s, 100.00%)
Training throughput: 1 batches in 0.351s; word units 100.0% of 8 words (letters-only 100.0% of 8).
Train Loss: output=0.1042, reconstruction=4.3409
Epoch [127/400]
batch = 0 (Δ=0.349s, 100.00%)
Training throughput: 1 batches in 0.348s; word units 100.0% of 8 words (letters-only 100.0% of 8).
Train Loss: output=0.0771, reconstruction=5.4610
Epoch [128/400]
batch = 0 (Δ=0.349s, 100.00%)
Training throughput: 1 batches in 0.349s; word units 100.0% of 8 words (letters-only 100.0% of 8).
Train Loss: output=0.1272, reconstruction=5.4875
Epoch [129/400]
batch = 0 (Δ=0.351s, 100.00%)
Training throughput: 1 batches in 0.350s; word units 100.0% of 8 words (letters-only 100.0% of 8).
Train Loss: output=0.1242, reconstruction=5.4243
Epoch [130/400]
batch = 0 (Δ=0.364s, 100.00%)
Training throughput: 1 batches in 0.363s; word units 100.0% of 8 words (letters-only 100.0% of 8).
Train Loss: output=0.1105, reconstruction=5.3813
Epoch [131/400]
batch = 0 (Δ=0.351s, 100.00%)
Training throughput: 1 batches in 0.351s; word units 100.0% of 8 words (letters-only 100.0% of 8).
Train Loss: output=0.0630, reconstruction=4.3614
Epoch [132/400]
batch = 0 (Δ=0.351s, 100.00%)
Training throughput: 1 batches in 0.351s; word units 100.0% of 8 words (letters-only 100.0% of 8).
Train Loss: output=0.0717, reconstruction=4.3228
Epoch [133/400]
batch = 0 (Δ=0.352s, 100.00%)
Training throughput: 1 batches in 0.351s; word units 100.0% of 8 words (letters-only 100.0% of 8).
Train Loss: output=0.0864, reconstruction=5.3206
Epoch [134/400]
batch = 0 (Δ=0.352s, 100.00%)
Training throughput: 1 batches in 0.352s; word units 100.0% of 8 words (letters-only 100.0% of 8).
Train Loss: output=0.1084, reconstruction=4.3330
Epoch [135/400]
batch = 0 (Δ=0.349s, 100.00%)
Training throughput: 1 batches in 0.348s; word units 100.0% of 8 words (letters-only 100.0% of 8).
Train Loss: output=0.0476, reconstruction=4.2868
Epoch [136/400]
batch = 0 (Δ=0.347s, 100.00%)
Training throughput: 1 batches in 0.347s; word units 100.0% of 8 words (letters-only 100.0% of 8).
Train Loss: output=0.0961, reconstruction=5.2884
Epoch [137/400]
batch = 0 (Δ=0.350s, 100.00%)
Training throughput: 1 batches in 0.350s; word units 100.0% of 8 words (letters-only 100.0% of 8).
Train Loss: output=0.0746, reconstruction=5.3626
Epoch [138/400]
batch = 0 (Δ=0.350s, 100.00%)
Training throughput: 1 batches in 0.349s; word units 100.0% of 8 words (letters-only 100.0% of 8).
Train Loss: output=0.0962, reconstruction=5.3506
Epoch [139/400]
batch = 0 (Δ=0.353s, 100.00%)
Training throughput: 1 batches in 0.352s; word units 100.0% of 8 words (letters-only 100.0% of 8).
Train Loss: output=0.0629, reconstruction=5.3107
Epoch [140/400]
batch = 0 (Δ=0.350s, 100.00%)
Training throughput: 1 batches in 0.349s; word units 100.0% of 8 words (letters-only 100.0% of 8).
Train Loss: output=0.0615, reconstruction=5.4020
Epoch [141/400]
batch = 0 (Δ=0.350s, 100.00%)
Training throughput: 1 batches in 0.349s; word units 100.0% of 8 words (letters-only 100.0% of 8).
Train Loss: output=0.0791, reconstruction=5.3960
Epoch [142/400]
batch = 0 (Δ=0.351s, 100.00%)
Training throughput: 1 batches in 0.351s; word units 100.0% of 8 words (letters-only 100.0% of 8).
Train Loss: output=0.0731, reconstruction=5.3113
Epoch [143/400]
batch = 0 (Δ=0.346s, 100.00%)
Training throughput: 1 batches in 0.346s; word units 100.0% of 8 words (letters-only 100.0% of 8).
Train Loss: output=0.1537, reconstruction=5.3762
Epoch [144/400]
batch = 0 (Δ=0.352s, 100.00%)
Training throughput: 1 batches in 0.352s; word units 100.0% of 8 words (letters-only 100.0% of 8).
Train Loss: output=0.0808, reconstruction=4.2294
Epoch [145/400]
batch = 0 (Δ=0.353s, 100.00%)
Training throughput: 1 batches in 0.353s; word units 100.0% of 8 words (letters-only 100.0% of 8).
Train Loss: output=0.0349, reconstruction=4.1917
Epoch [146/400]
batch = 0 (Δ=0.352s, 100.00%)
Training throughput: 1 batches in 0.351s; word units 100.0% of 8 words (letters-only 100.0% of 8).
Train Loss: output=0.0727, reconstruction=5.3179
Epoch [147/400]
batch = 0 (Δ=0.354s, 100.00%)
Training throughput: 1 batches in 0.353s; word units 100.0% of 8 words (letters-only 100.0% of 8).
Train Loss: output=0.1001, reconstruction=4.3096
Epoch [148/400]
batch = 0 (Δ=0.359s, 100.00%)
Training throughput: 1 batches in 0.359s; word units 100.0% of 8 words (letters-only 100.0% of 8).
Train Loss: output=0.1096, reconstruction=4.2257
Epoch [149/400]
batch = 0 (Δ=0.351s, 100.00%)
Training throughput: 1 batches in 0.350s; word units 100.0% of 8 words (letters-only 100.0% of 8).
Train Loss: output=0.0837, reconstruction=5.2491
Epoch [150/400]
batch = 0 (Δ=0.365s, 100.00%)
Training throughput: 1 batches in 0.365s; word units 100.0% of 8 words (letters-only 100.0% of 8).
Train Loss: output=0.2510, reconstruction=4.3038
Epoch [151/400]
batch = 0 (Δ=0.352s, 100.00%)
Training throughput: 1 batches in 0.351s; word units 100.0% of 8 words (letters-only 100.0% of 8).
Train Loss: output=0.0621, reconstruction=5.2662
Epoch [152/400]
batch = 0 (Δ=0.382s, 100.00%)
Training throughput: 1 batches in 0.381s; word units 100.0% of 8 words (letters-only 100.0% of 8).
Train Loss: output=0.1732, reconstruction=5.1823
Epoch [153/400]
batch = 0 (Δ=0.351s, 100.00%)
Training throughput: 1 batches in 0.350s; word units 100.0% of 8 words (letters-only 100.0% of 8).
Train Loss: output=0.0451, reconstruction=4.2922
Epoch [154/400]
batch = 0 (Δ=0.352s, 100.00%)
Training throughput: 1 batches in 0.352s; word units 100.0% of 8 words (letters-only 100.0% of 8).
Train Loss: output=0.1087, reconstruction=5.2550
Epoch [155/400]
batch = 0 (Δ=0.351s, 100.00%)
Training throughput: 1 batches in 0.351s; word units 100.0% of 8 words (letters-only 100.0% of 8).
Train Loss: output=0.1672, reconstruction=5.1443
Epoch [156/400]
batch = 0 (Δ=0.350s, 100.00%)
Training throughput: 1 batches in 0.349s; word units 100.0% of 8 words (letters-only 100.0% of 8).
Train Loss: output=0.1202, reconstruction=5.1986
Epoch [157/400]
batch = 0 (Δ=0.348s, 100.00%)
Training throughput: 1 batches in 0.347s; word units 100.0% of 8 words (letters-only 100.0% of 8).
Train Loss: output=0.0784, reconstruction=4.2921
Epoch [158/400]
batch = 0 (Δ=0.351s, 100.00%)
Training throughput: 1 batches in 0.350s; word units 100.0% of 8 words (letters-only 100.0% of 8).
Train Loss: output=0.1130, reconstruction=5.1286
Epoch [159/400]
batch = 0 (Δ=0.352s, 100.00%)
Training throughput: 1 batches in 0.351s; word units 100.0% of 8 words (letters-only 100.0% of 8).
Train Loss: output=0.1757, reconstruction=5.1291
Epoch [160/400]
batch = 0 (Δ=0.352s, 100.00%)
Training throughput: 1 batches in 0.352s; word units 100.0% of 8 words (letters-only 100.0% of 8).
Train Loss: output=0.1623, reconstruction=5.1986
Epoch [161/400]
batch = 0 (Δ=0.349s, 100.00%)
Training throughput: 1 batches in 0.348s; word units 100.0% of 8 words (letters-only 100.0% of 8).
Train Loss: output=0.1515, reconstruction=5.1298
Epoch [162/400]
batch = 0 (Δ=0.357s, 100.00%)
Training throughput: 1 batches in 0.356s; word units 100.0% of 8 words (letters-only 100.0% of 8).
Train Loss: output=0.0550, reconstruction=4.1836
Epoch [163/400]
batch = 0 (Δ=0.353s, 100.00%)
Training throughput: 1 batches in 0.353s; word units 100.0% of 8 words (letters-only 100.0% of 8).
Train Loss: output=0.1222, reconstruction=5.1390
Epoch [164/400]
batch = 0 (Δ=0.348s, 100.00%)
Training throughput: 1 batches in 0.348s; word units 100.0% of 8 words (letters-only 100.0% of 8).
Train Loss: output=0.0970, reconstruction=4.2793
Epoch [165/400]
batch = 0 (Δ=0.353s, 100.00%)
Training throughput: 1 batches in 0.352s; word units 100.0% of 8 words (letters-only 100.0% of 8).
Train Loss: output=0.1394, reconstruction=5.0083
Epoch [166/400]
batch = 0 (Δ=0.351s, 100.00%)
Training throughput: 1 batches in 0.350s; word units 100.0% of 8 words (letters-only 100.0% of 8).
Train Loss: output=0.1129, reconstruction=5.0645
Epoch [167/400]
batch = 0 (Δ=0.351s, 100.00%)
Training throughput: 1 batches in 0.351s; word units 100.0% of 8 words (letters-only 100.0% of 8).
Train Loss: output=0.0725, reconstruction=2.0127
Epoch [168/400]
batch = 0 (Δ=0.349s, 100.00%)
Training throughput: 1 batches in 0.349s; word units 100.0% of 8 words (letters-only 100.0% of 8).
Train Loss: output=0.0539, reconstruction=1.9224
Epoch [169/400]
batch = 0 (Δ=0.352s, 100.00%)
Training throughput: 1 batches in 0.351s; word units 100.0% of 8 words (letters-only 100.0% of 8).
Train Loss: output=0.0877, reconstruction=4.9797
Epoch [170/400]
batch = 0 (Δ=0.355s, 100.00%)
Training throughput: 1 batches in 0.355s; word units 100.0% of 8 words (letters-only 100.0% of 8).
Train Loss: output=0.1573, reconstruction=5.0695
Epoch [171/400]
batch = 0 (Δ=0.348s, 100.00%)
Training throughput: 1 batches in 0.348s; word units 100.0% of 8 words (letters-only 100.0% of 8).
Train Loss: output=0.1341, reconstruction=5.0116
Epoch [172/400]
batch = 0 (Δ=0.356s, 100.00%)
Training throughput: 1 batches in 0.355s; word units 100.0% of 8 words (letters-only 100.0% of 8).
Train Loss: output=0.1582, reconstruction=4.9234
Epoch [173/400]
batch = 0 (Δ=0.351s, 100.00%)
Training throughput: 1 batches in 0.350s; word units 100.0% of 8 words (letters-only 100.0% of 8).
Train Loss: output=0.1254, reconstruction=5.0110
Epoch [174/400]
batch = 0 (Δ=0.355s, 100.00%)
Training throughput: 1 batches in 0.354s; word units 100.0% of 8 words (letters-only 100.0% of 8).
Train Loss: output=0.1424, reconstruction=5.0166
Epoch [175/400]
batch = 0 (Δ=0.352s, 100.00%)
Training throughput: 1 batches in 0.352s; word units 100.0% of 8 words (letters-only 100.0% of 8).
Train Loss: output=0.1256, reconstruction=4.9037
Epoch [176/400]
batch = 0 (Δ=0.349s, 100.00%)
Training throughput: 1 batches in 0.348s; word units 100.0% of 8 words (letters-only 100.0% of 8).
Train Loss: output=0.1231, reconstruction=4.9273
Epoch [177/400]
batch = 0 (Δ=0.354s, 100.00%)
Training throughput: 1 batches in 0.354s; word units 100.0% of 8 words (letters-only 100.0% of 8).
Train Loss: output=0.1388, reconstruction=4.9930
Epoch [178/400]
batch = 0 (Δ=0.348s, 100.00%)
Training throughput: 1 batches in 0.347s; word units 100.0% of 8 words (letters-only 100.0% of 8).
Train Loss: output=0.1323, reconstruction=4.9045
Epoch [179/400]
batch = 0 (Δ=0.354s, 100.00%)
Training throughput: 1 batches in 0.353s; word units 100.0% of 8 words (letters-only 100.0% of 8).
Train Loss: output=0.1275, reconstruction=4.8483
Epoch [180/400]
batch = 0 (Δ=0.351s, 100.00%)
Training throughput: 1 batches in 0.350s; word units 100.0% of 8 words (letters-only 100.0% of 8).
Train Loss: output=0.1458, reconstruction=4.9399
Epoch [181/400]
batch = 0 (Δ=0.348s, 100.00%)
Training throughput: 1 batches in 0.347s; word units 100.0% of 8 words (letters-only 100.0% of 8).
Train Loss: output=0.1241, reconstruction=4.2914
Epoch [182/400]
batch = 0 (Δ=0.357s, 100.00%)
Training throughput: 1 batches in 0.356s; word units 100.0% of 8 words (letters-only 100.0% of 8).
Train Loss: output=0.0550, reconstruction=1.8858
Epoch [183/400]
batch = 0 (Δ=0.351s, 100.00%)
Training throughput: 1 batches in 0.350s; word units 100.0% of 8 words (letters-only 100.0% of 8).
Train Loss: output=0.0529, reconstruction=1.9586
Epoch [184/400]
batch = 0 (Δ=0.349s, 100.00%)
Training throughput: 1 batches in 0.348s; word units 100.0% of 8 words (letters-only 100.0% of 8).
Train Loss: output=0.0739, reconstruction=2.0111
Epoch [185/400]
batch = 0 (Δ=0.356s, 100.00%)
Training throughput: 1 batches in 0.355s; word units 100.0% of 8 words (letters-only 100.0% of 8).
Train Loss: output=0.0425, reconstruction=1.9193
Epoch [186/400]
batch = 0 (Δ=0.349s, 100.00%)
Training throughput: 1 batches in 0.349s; word units 100.0% of 8 words (letters-only 100.0% of 8).
Train Loss: output=0.1495, reconstruction=4.7998
Epoch [187/400]
batch = 0 (Δ=0.352s, 100.00%)
Training throughput: 1 batches in 0.352s; word units 100.0% of 8 words (letters-only 100.0% of 8).
Train Loss: output=0.0827, reconstruction=4.8886
Epoch [188/400]
batch = 0 (Δ=0.354s, 100.00%)
Training throughput: 1 batches in 0.353s; word units 100.0% of 8 words (letters-only 100.0% of 8).
Train Loss: output=0.1632, reconstruction=4.8408
Epoch [189/400]
batch = 0 (Δ=0.348s, 100.00%)
Training throughput: 1 batches in 0.348s; word units 100.0% of 8 words (letters-only 100.0% of 8).
Train Loss: output=0.1411, reconstruction=4.7505
Epoch [190/400]
batch = 0 (Δ=0.351s, 100.00%)
Training throughput: 1 batches in 0.351s; word units 100.0% of 8 words (letters-only 100.0% of 8).
Train Loss: output=0.1329, reconstruction=4.8360
Epoch [191/400]
batch = 0 (Δ=0.353s, 100.00%)
Training throughput: 1 batches in 0.353s; word units 100.0% of 8 words (letters-only 100.0% of 8).
Train Loss: output=0.0678, reconstruction=2.0010
Epoch [192/400]
batch = 0 (Δ=0.350s, 100.00%)
Training throughput: 1 batches in 0.349s; word units 100.0% of 8 words (letters-only 100.0% of 8).
Train Loss: output=0.0593, reconstruction=1.9013
Epoch [193/400]
batch = 0 (Δ=0.351s, 100.00%)
Training throughput: 1 batches in 0.350s; word units 100.0% of 8 words (letters-only 100.0% of 8).
Train Loss: output=0.0934, reconstruction=4.7679
Epoch [194/400]
batch = 0 (Δ=0.354s, 100.00%)
Training throughput: 1 batches in 0.354s; word units 100.0% of 8 words (letters-only 100.0% of 8).
Train Loss: output=0.1459, reconstruction=4.8415
Epoch [195/400]
batch = 0 (Δ=0.350s, 100.00%)
Training throughput: 1 batches in 0.350s; word units 100.0% of 8 words (letters-only 100.0% of 8).
Train Loss: output=0.1545, reconstruction=4.7712
Epoch [196/400]
batch = 0 (Δ=0.351s, 100.00%)
Training throughput: 1 batches in 0.351s; word units 100.0% of 8 words (letters-only 100.0% of 8).
Train Loss: output=0.0487, reconstruction=1.8910
Epoch [197/400]
batch = 0 (Δ=0.352s, 100.00%)
Training throughput: 1 batches in 0.352s; word units 100.0% of 8 words (letters-only 100.0% of 8).
Train Loss: output=0.0775, reconstruction=1.9947
Epoch [198/400]
batch = 0 (Δ=0.350s, 100.00%)
Training throughput: 1 batches in 0.350s; word units 100.0% of 8 words (letters-only 100.0% of 8).
Train Loss: output=0.1082, reconstruction=4.3042
Epoch [199/400]
batch = 0 (Δ=0.347s, 100.00%)
Training throughput: 1 batches in 0.346s; word units 100.0% of 8 words (letters-only 100.0% of 8).
Train Loss: output=0.2162, reconstruction=1.8972
Epoch [200/400]
batch = 0 (Δ=0.349s, 100.00%)
Training throughput: 1 batches in 0.349s; word units 100.0% of 8 words (letters-only 100.0% of 8).
Train Loss: output=0.1192, reconstruction=4.7374
Epoch [201/400]
batch = 0 (Δ=0.353s, 100.00%)
Training throughput: 1 batches in 0.352s; word units 100.0% of 8 words (letters-only 100.0% of 8).
Train Loss: output=0.1702, reconstruction=4.3225
Epoch [202/400]
batch = 0 (Δ=0.351s, 100.00%)
Training throughput: 1 batches in 0.350s; word units 100.0% of 8 words (letters-only 100.0% of 8).
Train Loss: output=0.1610, reconstruction=4.7159
Epoch [203/400]
batch = 0 (Δ=0.355s, 100.00%)
Training throughput: 1 batches in 0.355s; word units 100.0% of 8 words (letters-only 100.0% of 8).
Train Loss: output=0.1670, reconstruction=4.2061
Epoch [204/400]
batch = 0 (Δ=0.354s, 100.00%)
Training throughput: 1 batches in 0.354s; word units 100.0% of 8 words (letters-only 100.0% of 8).
Train Loss: output=0.1624, reconstruction=4.7719
Epoch [205/400]
batch = 0 (Δ=0.356s, 100.00%)
Training throughput: 1 batches in 0.355s; word units 100.0% of 8 words (letters-only 100.0% of 8).
Train Loss: output=0.0913, reconstruction=4.2781
Epoch [206/400]
batch = 0 (Δ=0.350s, 100.00%)
Training throughput: 1 batches in 0.349s; word units 100.0% of 8 words (letters-only 100.0% of 8).
Train Loss: output=0.1062, reconstruction=4.1935
Epoch [207/400]
batch = 0 (Δ=0.352s, 100.00%)
Training throughput: 1 batches in 0.351s; word units 100.0% of 8 words (letters-only 100.0% of 8).
Train Loss: output=0.0754, reconstruction=4.2722
Epoch [208/400]
batch = 0 (Δ=0.355s, 100.00%)
Training throughput: 1 batches in 0.354s; word units 100.0% of 8 words (letters-only 100.0% of 8).
Train Loss: output=0.1449, reconstruction=4.7190
Epoch [209/400]
batch = 0 (Δ=0.353s, 100.00%)
Training throughput: 1 batches in 0.353s; word units 100.0% of 8 words (letters-only 100.0% of 8).
Train Loss: output=0.1550, reconstruction=4.6703
Epoch [210/400]
batch = 0 (Δ=0.352s, 100.00%)
Training throughput: 1 batches in 0.351s; word units 100.0% of 8 words (letters-only 100.0% of 8).
Train Loss: output=0.1370, reconstruction=4.6612
Epoch [211/400]
batch = 0 (Δ=0.351s, 100.00%)
Training throughput: 1 batches in 0.351s; word units 100.0% of 8 words (letters-only 100.0% of 8).
Train Loss: output=0.1150, reconstruction=4.7413
Epoch [212/400]
batch = 0 (Δ=0.351s, 100.00%)
Training throughput: 1 batches in 0.350s; word units 100.0% of 8 words (letters-only 100.0% of 8).
Train Loss: output=0.1129, reconstruction=4.6549
Epoch [213/400]
batch = 0 (Δ=0.352s, 100.00%)
Training throughput: 1 batches in 0.352s; word units 100.0% of 8 words (letters-only 100.0% of 8).
Train Loss: output=0.1779, reconstruction=4.6202
Epoch [214/400]
batch = 0 (Δ=0.352s, 100.00%)
Training throughput: 1 batches in 0.352s; word units 100.0% of 8 words (letters-only 100.0% of 8).
Train Loss: output=0.1152, reconstruction=4.7034
Epoch [215/400]
batch = 0 (Δ=0.376s, 100.00%)
Training throughput: 1 batches in 0.375s; word units 100.0% of 8 words (letters-only 100.0% of 8).
Train Loss: output=0.0601, reconstruction=4.3038
Epoch [216/400]
batch = 0 (Δ=1.206s, 100.00%)
Training throughput: 1 batches in 1.205s; word units 100.0% of 8 words (letters-only 100.0% of 8).
Train Loss: output=0.1111, reconstruction=1.9081
Epoch [217/400]
batch = 0 (Δ=0.351s, 100.00%)
Training throughput: 1 batches in 0.351s; word units 100.0% of 8 words (letters-only 100.0% of 8).
Train Loss: output=0.0921, reconstruction=4.6456
Epoch [218/400]
batch = 0 (Δ=0.356s, 100.00%)
Training throughput: 1 batches in 0.356s; word units 100.0% of 8 words (letters-only 100.0% of 8).
Train Loss: output=0.1900, reconstruction=4.7108
Epoch [219/400]
batch = 0 (Δ=0.353s, 100.00%)
Training throughput: 1 batches in 0.352s; word units 100.0% of 8 words (letters-only 100.0% of 8).
Train Loss: output=0.0934, reconstruction=1.9058
Epoch [220/400]
batch = 0 (Δ=0.353s, 100.00%)
Training throughput: 1 batches in 0.353s; word units 100.0% of 8 words (letters-only 100.0% of 8).
Train Loss: output=0.2060, reconstruction=4.5984
Epoch [221/400]
batch = 0 (Δ=0.358s, 100.00%)
Training throughput: 1 batches in 0.357s; word units 100.0% of 8 words (letters-only 100.0% of 8).
Train Loss: output=0.0558, reconstruction=2.0073
Epoch [222/400]
batch = 0 (Δ=0.347s, 100.00%)
Training throughput: 1 batches in 0.346s; word units 100.0% of 8 words (letters-only 100.0% of 8).
Train Loss: output=0.1356, reconstruction=4.6298
Epoch [223/400]
batch = 0 (Δ=0.355s, 100.00%)
Training throughput: 1 batches in 0.355s; word units 100.0% of 8 words (letters-only 100.0% of 8).
Train Loss: output=0.1431, reconstruction=4.5736
Epoch [224/400]
batch = 0 (Δ=0.351s, 100.00%)
Training throughput: 1 batches in 0.350s; word units 100.0% of 8 words (letters-only 100.0% of 8).
Train Loss: output=0.1359, reconstruction=4.6094
Epoch [225/400]
batch = 0 (Δ=0.350s, 100.00%)
Training throughput: 1 batches in 0.349s; word units 100.0% of 8 words (letters-only 100.0% of 8).
Train Loss: output=0.1211, reconstruction=4.6790
Epoch [226/400]
batch = 0 (Δ=0.352s, 100.00%)
Training throughput: 1 batches in 0.351s; word units 100.0% of 8 words (letters-only 100.0% of 8).
Train Loss: output=0.0997, reconstruction=4.2236
Epoch [227/400]
batch = 0 (Δ=0.350s, 100.00%)
Training throughput: 1 batches in 0.350s; word units 100.0% of 8 words (letters-only 100.0% of 8).
Train Loss: output=0.1197, reconstruction=4.5924
Epoch [228/400]
batch = 0 (Δ=0.350s, 100.00%)
Training throughput: 1 batches in 0.350s; word units 100.0% of 8 words (letters-only 100.0% of 8).
Train Loss: output=0.0627, reconstruction=2.0228
Epoch [229/400]
batch = 0 (Δ=0.350s, 100.00%)
Training throughput: 1 batches in 0.349s; word units 100.0% of 8 words (letters-only 100.0% of 8).
Train Loss: output=0.1219, reconstruction=4.5806
Epoch [230/400]
batch = 0 (Δ=0.351s, 100.00%)
Training throughput: 1 batches in 0.350s; word units 100.0% of 8 words (letters-only 100.0% of 8).
Train Loss: output=0.1089, reconstruction=4.4356
Epoch [231/400]
batch = 0 (Δ=0.349s, 100.00%)
Training throughput: 1 batches in 0.349s; word units 100.0% of 8 words (letters-only 100.0% of 8).
Train Loss: output=0.1206, reconstruction=2.0344
Epoch [232/400]
batch = 0 (Δ=0.350s, 100.00%)
Training throughput: 1 batches in 0.350s; word units 100.0% of 8 words (letters-only 100.0% of 8).
Train Loss: output=0.0942, reconstruction=3.3269
Epoch [233/400]
batch = 0 (Δ=0.349s, 100.00%)
Training throughput: 1 batches in 0.348s; word units 100.0% of 8 words (letters-only 100.0% of 8).
Train Loss: output=0.1084, reconstruction=3.1865
Epoch [234/400]
batch = 0 (Δ=0.351s, 100.00%)
Training throughput: 1 batches in 0.351s; word units 100.0% of 8 words (letters-only 100.0% of 8).
Train Loss: output=0.1294, reconstruction=3.1343
Epoch [235/400]
batch = 0 (Δ=0.353s, 100.00%)
Training throughput: 1 batches in 0.353s; word units 100.0% of 8 words (letters-only 100.0% of 8).
Train Loss: output=0.1571, reconstruction=3.3748
Epoch [236/400]
batch = 0 (Δ=0.350s, 100.00%)
Training throughput: 1 batches in 0.350s; word units 100.0% of 8 words (letters-only 100.0% of 8).
Train Loss: output=0.1557, reconstruction=3.2943
Epoch [237/400]
batch = 0 (Δ=0.352s, 100.00%)
Training throughput: 1 batches in 0.352s; word units 100.0% of 8 words (letters-only 100.0% of 8).
Train Loss: output=0.0999, reconstruction=3.1944
Epoch [238/400]
batch = 0 (Δ=0.356s, 100.00%)
Training throughput: 1 batches in 0.355s; word units 100.0% of 8 words (letters-only 100.0% of 8).
Train Loss: output=0.1470, reconstruction=3.3323
Epoch [239/400]
batch = 0 (Δ=0.352s, 100.00%)
Training throughput: 1 batches in 0.351s; word units 100.0% of 8 words (letters-only 100.0% of 8).
Train Loss: output=0.1475, reconstruction=3.2878
Epoch [240/400]
batch = 0 (Δ=0.353s, 100.00%)
Training throughput: 1 batches in 0.353s; word units 100.0% of 8 words (letters-only 100.0% of 8).
Train Loss: output=0.1331, reconstruction=3.1485
Epoch [241/400]
batch = 0 (Δ=0.354s, 100.00%)
Training throughput: 1 batches in 0.354s; word units 100.0% of 8 words (letters-only 100.0% of 8).
Train Loss: output=0.1000, reconstruction=3.2740
Epoch [242/400]
batch = 0 (Δ=0.352s, 100.00%)
Training throughput: 1 batches in 0.352s; word units 100.0% of 8 words (letters-only 100.0% of 8).
Train Loss: output=0.1569, reconstruction=3.3635
Epoch [243/400]
batch = 0 (Δ=0.352s, 100.00%)
Training throughput: 1 batches in 0.351s; word units 100.0% of 8 words (letters-only 100.0% of 8).
Train Loss: output=0.1053, reconstruction=3.2118
Epoch [244/400]
batch = 0 (Δ=0.352s, 100.00%)
Training throughput: 1 batches in 0.351s; word units 100.0% of 8 words (letters-only 100.0% of 8).
Train Loss: output=0.0995, reconstruction=3.1515
Epoch [245/400]
batch = 0 (Δ=0.350s, 100.00%)
Training throughput: 1 batches in 0.349s; word units 100.0% of 8 words (letters-only 100.0% of 8).
Train Loss: output=0.1101, reconstruction=3.3366
Epoch [246/400]
batch = 0 (Δ=0.349s, 100.00%)
Training throughput: 1 batches in 0.349s; word units 100.0% of 8 words (letters-only 100.0% of 8).
Train Loss: output=0.1354, reconstruction=3.2625
Epoch [247/400]
batch = 0 (Δ=0.352s, 100.00%)
Training throughput: 1 batches in 0.351s; word units 100.0% of 8 words (letters-only 100.0% of 8).
Train Loss: output=0.1572, reconstruction=3.1836
Epoch [248/400]
batch = 0 (Δ=0.351s, 100.00%)
Training throughput: 1 batches in 0.350s; word units 100.0% of 8 words (letters-only 100.0% of 8).
Train Loss: output=0.1039, reconstruction=3.2313
Epoch [249/400]
batch = 0 (Δ=0.347s, 100.00%)
Training throughput: 1 batches in 0.346s; word units 100.0% of 8 words (letters-only 100.0% of 8).
Train Loss: output=0.0907, reconstruction=3.2936
Epoch [250/400]
batch = 0 (Δ=0.352s, 100.00%)
Training throughput: 1 batches in 0.352s; word units 100.0% of 8 words (letters-only 100.0% of 8).
Train Loss: output=0.1089, reconstruction=3.2357
Epoch [251/400]
batch = 0 (Δ=0.344s, 100.00%)
Training throughput: 1 batches in 0.343s; word units 100.0% of 8 words (letters-only 100.0% of 8).
Train Loss: output=0.0713, reconstruction=3.1559
Epoch [252/400]
batch = 0 (Δ=0.348s, 100.00%)
Training throughput: 1 batches in 0.347s; word units 100.0% of 8 words (letters-only 100.0% of 8).
Train Loss: output=0.0650, reconstruction=3.1813
Epoch [253/400]
batch = 0 (Δ=0.350s, 100.00%)
Training throughput: 1 batches in 0.350s; word units 100.0% of 8 words (letters-only 100.0% of 8).
Train Loss: output=0.1534, reconstruction=3.2923
Epoch [254/400]
batch = 0 (Δ=0.348s, 100.00%)
Training throughput: 1 batches in 0.347s; word units 100.0% of 8 words (letters-only 100.0% of 8).
Train Loss: output=0.1290, reconstruction=3.1221
Epoch [255/400]
batch = 0 (Δ=0.351s, 100.00%)
Training throughput: 1 batches in 0.351s; word units 100.0% of 8 words (letters-only 100.0% of 8).
Train Loss: output=0.0859, reconstruction=3.2277
Epoch [256/400]
batch = 0 (Δ=0.350s, 100.00%)
Training throughput: 1 batches in 0.349s; word units 100.0% of 8 words (letters-only 100.0% of 8).
Train Loss: output=0.1782, reconstruction=3.3311
Epoch [257/400]
batch = 0 (Δ=0.349s, 100.00%)
Training throughput: 1 batches in 0.349s; word units 100.0% of 8 words (letters-only 100.0% of 8).
Train Loss: output=0.1098, reconstruction=3.1610
Epoch [258/400]
batch = 0 (Δ=0.347s, 100.00%)
Training throughput: 1 batches in 0.347s; word units 100.0% of 8 words (letters-only 100.0% of 8).
Train Loss: output=0.1310, reconstruction=3.2149
Epoch [259/400]
batch = 0 (Δ=0.347s, 100.00%)
Training throughput: 1 batches in 0.347s; word units 100.0% of 8 words (letters-only 100.0% of 8).
Train Loss: output=0.1433, reconstruction=3.3261
Epoch [260/400]
batch = 0 (Δ=0.351s, 100.00%)
Training throughput: 1 batches in 0.350s; word units 100.0% of 8 words (letters-only 100.0% of 8).
Train Loss: output=0.1219, reconstruction=3.1861
Epoch [261/400]
batch = 0 (Δ=0.354s, 100.00%)
Training throughput: 1 batches in 0.353s; word units 100.0% of 8 words (letters-only 100.0% of 8).
Train Loss: output=0.1579, reconstruction=3.1779
Epoch [262/400]
batch = 0 (Δ=0.344s, 100.00%)
Training throughput: 1 batches in 0.344s; word units 100.0% of 8 words (letters-only 100.0% of 8).
Train Loss: output=0.0982, reconstruction=3.2226
Epoch [263/400]
batch = 0 (Δ=0.382s, 100.00%)
Training throughput: 1 batches in 0.381s; word units 100.0% of 8 words (letters-only 100.0% of 8).
Train Loss: output=0.1471, reconstruction=3.2283
Epoch [264/400]
batch = 0 (Δ=0.349s, 100.00%)
Training throughput: 1 batches in 0.349s; word units 100.0% of 8 words (letters-only 100.0% of 8).
Train Loss: output=0.1888, reconstruction=3.2069
Epoch [265/400]
batch = 0 (Δ=0.345s, 100.00%)
Training throughput: 1 batches in 0.345s; word units 100.0% of 8 words (letters-only 100.0% of 8).
Train Loss: output=0.1648, reconstruction=3.2197
Epoch [266/400]
batch = 0 (Δ=0.348s, 100.00%)
Training throughput: 1 batches in 0.348s; word units 100.0% of 8 words (letters-only 100.0% of 8).
Train Loss: output=0.1810, reconstruction=3.3185
Epoch [267/400]
batch = 0 (Δ=0.350s, 100.00%)
Training throughput: 1 batches in 0.349s; word units 100.0% of 8 words (letters-only 100.0% of 8).
Train Loss: output=0.1177, reconstruction=3.2603
Epoch [268/400]
batch = 0 (Δ=0.343s, 100.00%)
Training throughput: 1 batches in 0.343s; word units 100.0% of 8 words (letters-only 100.0% of 8).
Train Loss: output=0.1170, reconstruction=3.1787
Epoch [269/400]
batch = 0 (Δ=0.354s, 100.00%)
Training throughput: 1 batches in 0.353s; word units 100.0% of 8 words (letters-only 100.0% of 8).
Train Loss: output=0.1289, reconstruction=3.2830
Epoch [270/400]
batch = 0 (Δ=0.348s, 100.00%)
Training throughput: 1 batches in 0.348s; word units 100.0% of 8 words (letters-only 100.0% of 8).
Train Loss: output=0.1604, reconstruction=3.3017
Epoch [271/400]
batch = 0 (Δ=0.346s, 100.00%)
Training throughput: 1 batches in 0.346s; word units 100.0% of 8 words (letters-only 100.0% of 8).
Train Loss: output=0.1230, reconstruction=3.1971
Epoch [272/400]
batch = 0 (Δ=0.350s, 100.00%)
Training throughput: 1 batches in 0.349s; word units 100.0% of 8 words (letters-only 100.0% of 8).
Train Loss: output=0.0869, reconstruction=3.2246
Epoch [273/400]
batch = 0 (Δ=0.345s, 100.00%)
Training throughput: 1 batches in 0.345s; word units 100.0% of 8 words (letters-only 100.0% of 8).
Train Loss: output=0.1272, reconstruction=3.3107
Epoch [274/400]
batch = 0 (Δ=0.347s, 100.00%)
Training throughput: 1 batches in 0.347s; word units 100.0% of 8 words (letters-only 100.0% of 8).
Train Loss: output=0.1199, reconstruction=3.2018
Epoch [275/400]
batch = 0 (Δ=0.350s, 100.00%)
Training throughput: 1 batches in 0.349s; word units 100.0% of 8 words (letters-only 100.0% of 8).
Train Loss: output=0.1119, reconstruction=3.1419
Epoch [276/400]
batch = 0 (Δ=0.348s, 100.00%)
Training throughput: 1 batches in 0.347s; word units 100.0% of 8 words (letters-only 100.0% of 8).
Train Loss: output=0.0974, reconstruction=3.2854
Epoch [277/400]
batch = 0 (Δ=0.349s, 100.00%)
Training throughput: 1 batches in 0.349s; word units 100.0% of 8 words (letters-only 100.0% of 8).
Train Loss: output=0.1586, reconstruction=3.2861
Epoch [278/400]
batch = 0 (Δ=0.348s, 100.00%)
Training throughput: 1 batches in 0.347s; word units 100.0% of 8 words (letters-only 100.0% of 8).
Train Loss: output=0.1321, reconstruction=3.1857
Epoch [279/400]
batch = 0 (Δ=0.349s, 100.00%)
Training throughput: 1 batches in 0.348s; word units 100.0% of 8 words (letters-only 100.0% of 8).
Train Loss: output=0.0663, reconstruction=3.2378
Epoch [280/400]
batch = 0 (Δ=0.349s, 100.00%)
Training throughput: 1 batches in 0.349s; word units 100.0% of 8 words (letters-only 100.0% of 8).
Train Loss: output=0.0986, reconstruction=3.3043
Epoch [281/400]
batch = 0 (Δ=0.350s, 100.00%)
Training throughput: 1 batches in 0.349s; word units 100.0% of 8 words (letters-only 100.0% of 8).
Train Loss: output=0.2273, reconstruction=3.2248
Epoch [282/400]
batch = 0 (Δ=0.352s, 100.00%)
Training throughput: 1 batches in 0.352s; word units 100.0% of 8 words (letters-only 100.0% of 8).
Train Loss: output=0.0992, reconstruction=3.1580
Epoch [283/400]
batch = 0 (Δ=0.347s, 100.00%)
Training throughput: 1 batches in 0.346s; word units 100.0% of 8 words (letters-only 100.0% of 8).
Train Loss: output=0.0745, reconstruction=3.2908
Epoch [284/400]
batch = 0 (Δ=0.350s, 100.00%)
Training throughput: 1 batches in 0.349s; word units 100.0% of 8 words (letters-only 100.0% of 8).
Train Loss: output=0.1411, reconstruction=3.2350
Epoch [285/400]
batch = 0 (Δ=0.348s, 100.00%)
Training throughput: 1 batches in 0.347s; word units 100.0% of 8 words (letters-only 100.0% of 8).
Train Loss: output=0.1582, reconstruction=3.1789
Epoch [286/400]
batch = 0 (Δ=0.350s, 100.00%)
Training throughput: 1 batches in 0.349s; word units 100.0% of 8 words (letters-only 100.0% of 8).
Train Loss: output=0.2280, reconstruction=3.1646
Epoch [287/400]
batch = 0 (Δ=0.345s, 100.00%)
Training throughput: 1 batches in 0.344s; word units 100.0% of 8 words (letters-only 100.0% of 8).
Train Loss: output=0.1693, reconstruction=3.2634
Epoch [288/400]
batch = 0 (Δ=0.344s, 100.00%)
Training throughput: 1 batches in 0.344s; word units 100.0% of 8 words (letters-only 100.0% of 8).
Train Loss: output=0.0560, reconstruction=3.2055
Epoch [289/400]
batch = 0 (Δ=0.348s, 100.00%)
Training throughput: 1 batches in 0.347s; word units 100.0% of 8 words (letters-only 100.0% of 8).
Train Loss: output=0.1485, reconstruction=3.2226
Epoch [290/400]
batch = 0 (Δ=0.349s, 100.00%)
Training throughput: 1 batches in 0.348s; word units 100.0% of 8 words (letters-only 100.0% of 8).
Train Loss: output=0.0967, reconstruction=3.3353
Epoch [291/400]
batch = 0 (Δ=0.351s, 100.00%)
Training throughput: 1 batches in 0.350s; word units 100.0% of 8 words (letters-only 100.0% of 8).
Train Loss: output=0.0988, reconstruction=3.3036
Epoch [292/400]
batch = 0 (Δ=0.351s, 100.00%)
Training throughput: 1 batches in 0.350s; word units 100.0% of 8 words (letters-only 100.0% of 8).
Train Loss: output=0.1233, reconstruction=3.2293
Epoch [293/400]
batch = 0 (Δ=0.386s, 100.00%)
Training throughput: 1 batches in 0.385s; word units 100.0% of 8 words (letters-only 100.0% of 8).
Train Loss: output=0.1699, reconstruction=3.2040
Epoch [294/400]
batch = 0 (Δ=0.350s, 100.00%)
Training throughput: 1 batches in 0.349s; word units 100.0% of 8 words (letters-only 100.0% of 8).
Train Loss: output=0.1598, reconstruction=3.3206
Epoch [295/400]
batch = 0 (Δ=0.346s, 100.00%)
Training throughput: 1 batches in 0.346s; word units 100.0% of 8 words (letters-only 100.0% of 8).
Train Loss: output=0.1096, reconstruction=3.2595
Epoch [296/400]
batch = 0 (Δ=0.355s, 100.00%)
Training throughput: 1 batches in 0.354s; word units 100.0% of 8 words (letters-only 100.0% of 8).
Train Loss: output=0.1358, reconstruction=3.1796
Epoch [297/400]
batch = 0 (Δ=0.350s, 100.00%)
Training throughput: 1 batches in 0.349s; word units 100.0% of 8 words (letters-only 100.0% of 8).
Train Loss: output=0.1030, reconstruction=3.2394
Epoch [298/400]
batch = 0 (Δ=0.349s, 100.00%)
Training throughput: 1 batches in 0.349s; word units 100.0% of 8 words (letters-only 100.0% of 8).
Train Loss: output=0.1356, reconstruction=3.3309
Epoch [299/400]
batch = 0 (Δ=0.350s, 100.00%)
Training throughput: 1 batches in 0.349s; word units 100.0% of 8 words (letters-only 100.0% of 8).
Train Loss: output=0.1457, reconstruction=3.2384
Epoch [300/400]
batch = 0 (Δ=0.347s, 100.00%)
Training throughput: 1 batches in 0.346s; word units 100.0% of 8 words (letters-only 100.0% of 8).
Train Loss: output=0.1412, reconstruction=3.1928
Epoch [301/400]
batch = 0 (Δ=0.349s, 100.00%)
Training throughput: 1 batches in 0.349s; word units 100.0% of 8 words (letters-only 100.0% of 8).
Train Loss: output=0.0900, reconstruction=3.3059
Epoch [302/400]
batch = 0 (Δ=0.346s, 100.00%)
Training throughput: 1 batches in 0.346s; word units 100.0% of 8 words (letters-only 100.0% of 8).
Train Loss: output=0.1491, reconstruction=3.2591
Epoch [303/400]
batch = 0 (Δ=0.352s, 100.00%)
Training throughput: 1 batches in 0.351s; word units 100.0% of 8 words (letters-only 100.0% of 8).
Train Loss: output=0.1094, reconstruction=3.1505
Epoch [304/400]
batch = 0 (Δ=0.350s, 100.00%)
Training throughput: 1 batches in 0.349s; word units 100.0% of 8 words (letters-only 100.0% of 8).
Train Loss: output=0.1266, reconstruction=3.2346
Epoch [305/400]
batch = 0 (Δ=0.345s, 100.00%)
Training throughput: 1 batches in 0.344s; word units 100.0% of 8 words (letters-only 100.0% of 8).
Train Loss: output=0.1301, reconstruction=3.3616
Epoch [306/400]
batch = 0 (Δ=0.347s, 100.00%)
Training throughput: 1 batches in 0.347s; word units 100.0% of 8 words (letters-only 100.0% of 8).
Train Loss: output=0.0907, reconstruction=3.2860
Epoch [307/400]
batch = 0 (Δ=0.345s, 100.00%)
Training throughput: 1 batches in 0.344s; word units 100.0% of 8 words (letters-only 100.0% of 8).
Train Loss: output=0.1208, reconstruction=3.1434
Epoch [308/400]
batch = 0 (Δ=0.346s, 100.00%)
Training throughput: 1 batches in 0.346s; word units 100.0% of 8 words (letters-only 100.0% of 8).
Train Loss: output=0.1677, reconstruction=3.2895
Epoch [309/400]
batch = 0 (Δ=0.353s, 100.00%)
Training throughput: 1 batches in 0.353s; word units 100.0% of 8 words (letters-only 100.0% of 8).
Train Loss: output=0.1234, reconstruction=3.3280
Epoch [310/400]
batch = 0 (Δ=0.345s, 100.00%)
Training throughput: 1 batches in 0.345s; word units 100.0% of 8 words (letters-only 100.0% of 8).
Train Loss: output=0.1378, reconstruction=3.2149
Epoch [311/400]
batch = 0 (Δ=0.349s, 100.00%)
Training throughput: 1 batches in 0.349s; word units 100.0% of 8 words (letters-only 100.0% of 8).
Train Loss: output=0.1514, reconstruction=3.1847
Epoch [312/400]
batch = 0 (Δ=0.349s, 100.00%)
Training throughput: 1 batches in 0.348s; word units 100.0% of 8 words (letters-only 100.0% of 8).
Train Loss: output=0.0961, reconstruction=3.3429
Epoch [313/400]
batch = 0 (Δ=0.346s, 100.00%)
Training throughput: 1 batches in 0.346s; word units 100.0% of 8 words (letters-only 100.0% of 8).
Train Loss: output=0.1186, reconstruction=3.3185
Epoch [314/400]
batch = 0 (Δ=0.346s, 100.00%)
Training throughput: 1 batches in 0.345s; word units 100.0% of 8 words (letters-only 100.0% of 8).
Train Loss: output=0.1027, reconstruction=3.2507
Epoch [315/400]
batch = 0 (Δ=0.349s, 100.00%)
Training throughput: 1 batches in 0.348s; word units 100.0% of 8 words (letters-only 100.0% of 8).
Train Loss: output=0.0892, reconstruction=3.1896
Epoch [316/400]
batch = 0 (Δ=0.347s, 100.00%)
Training throughput: 1 batches in 0.346s; word units 100.0% of 8 words (letters-only 100.0% of 8).
Train Loss: output=0.1559, reconstruction=3.3144
Epoch [317/400]
batch = 0 (Δ=0.351s, 100.00%)
Training throughput: 1 batches in 0.350s; word units 100.0% of 8 words (letters-only 100.0% of 8).
Train Loss: output=0.1373, reconstruction=3.2790
Epoch [318/400]
batch = 0 (Δ=0.351s, 100.00%)
Training throughput: 1 batches in 0.350s; word units 100.0% of 8 words (letters-only 100.0% of 8).
Train Loss: output=0.0646, reconstruction=3.1142
Epoch [319/400]
batch = 0 (Δ=0.348s, 100.00%)
Training throughput: 1 batches in 0.347s; word units 100.0% of 8 words (letters-only 100.0% of 8).
Train Loss: output=0.1414, reconstruction=3.1954
Epoch [320/400]
batch = 0 (Δ=0.353s, 100.00%)
Training throughput: 1 batches in 0.353s; word units 100.0% of 8 words (letters-only 100.0% of 8).
Train Loss: output=0.0866, reconstruction=3.3641
Epoch [321/400]
batch = 0 (Δ=0.350s, 100.00%)
Training throughput: 1 batches in 0.349s; word units 100.0% of 8 words (letters-only 100.0% of 8).
Train Loss: output=0.1312, reconstruction=3.3651
Epoch [322/400]
batch = 0 (Δ=0.349s, 100.00%)
Training throughput: 1 batches in 0.348s; word units 100.0% of 8 words (letters-only 100.0% of 8).
Train Loss: output=0.1257, reconstruction=3.1843
Epoch [323/400]
batch = 0 (Δ=0.348s, 100.00%)
Training throughput: 1 batches in 0.347s; word units 100.0% of 8 words (letters-only 100.0% of 8).
Train Loss: output=0.1996, reconstruction=3.2206
Epoch [324/400]
batch = 0 (Δ=0.343s, 100.00%)
Training throughput: 1 batches in 0.343s; word units 100.0% of 8 words (letters-only 100.0% of 8).
Train Loss: output=0.1224, reconstruction=3.2707
Epoch [325/400]
batch = 0 (Δ=0.348s, 100.00%)
Training throughput: 1 batches in 0.347s; word units 100.0% of 8 words (letters-only 100.0% of 8).
Train Loss: output=0.1345, reconstruction=3.2755
Epoch [326/400]
batch = 0 (Δ=0.351s, 100.00%)
Training throughput: 1 batches in 0.350s; word units 100.0% of 8 words (letters-only 100.0% of 8).
Train Loss: output=0.1159, reconstruction=3.1420
Epoch [327/400]
batch = 0 (Δ=0.350s, 100.00%)
Training throughput: 1 batches in 0.349s; word units 100.0% of 8 words (letters-only 100.0% of 8).
Train Loss: output=0.1401, reconstruction=3.2667
Epoch [328/400]
batch = 0 (Δ=0.348s, 100.00%)
Training throughput: 1 batches in 0.347s; word units 100.0% of 8 words (letters-only 100.0% of 8).
Train Loss: output=0.0825, reconstruction=3.2746
Epoch [329/400]
batch = 0 (Δ=0.353s, 100.00%)
Training throughput: 1 batches in 0.352s; word units 100.0% of 8 words (letters-only 100.0% of 8).
Train Loss: output=0.1005, reconstruction=3.2766
Epoch [330/400]
batch = 0 (Δ=0.352s, 100.00%)
Training throughput: 1 batches in 0.351s; word units 100.0% of 8 words (letters-only 100.0% of 8).
Train Loss: output=0.1518, reconstruction=3.1375
Epoch [331/400]
batch = 0 (Δ=0.353s, 100.00%)
Training throughput: 1 batches in 0.352s; word units 100.0% of 8 words (letters-only 100.0% of 8).
Train Loss: output=0.1479, reconstruction=3.2203
Epoch [332/400]
batch = 0 (Δ=0.347s, 100.00%)
Training throughput: 1 batches in 0.347s; word units 100.0% of 8 words (letters-only 100.0% of 8).
Train Loss: output=0.1207, reconstruction=3.2600
Epoch [333/400]
batch = 0 (Δ=0.350s, 100.00%)
Training throughput: 1 batches in 0.349s; word units 100.0% of 8 words (letters-only 100.0% of 8).
Train Loss: output=0.1207, reconstruction=3.1552
Epoch [334/400]
batch = 0 (Δ=0.353s, 100.00%)
Training throughput: 1 batches in 0.352s; word units 100.0% of 8 words (letters-only 100.0% of 8).
Train Loss: output=0.1252, reconstruction=3.1549
Epoch [335/400]
batch = 0 (Δ=0.354s, 100.00%)
Training throughput: 1 batches in 0.353s; word units 100.0% of 8 words (letters-only 100.0% of 8).
Train Loss: output=0.1231, reconstruction=3.2199
Epoch [336/400]
batch = 0 (Δ=1.137s, 100.00%)
Training throughput: 1 batches in 1.136s; word units 100.0% of 8 words (letters-only 100.0% of 8).
Train Loss: output=0.1261, reconstruction=3.1877
Epoch [337/400]
batch = 0 (Δ=0.351s, 100.00%)
Training throughput: 1 batches in 0.350s; word units 100.0% of 8 words (letters-only 100.0% of 8).
Train Loss: output=0.1297, reconstruction=3.1311
Epoch [338/400]
batch = 0 (Δ=0.357s, 100.00%)
Training throughput: 1 batches in 0.357s; word units 100.0% of 8 words (letters-only 100.0% of 8).
Train Loss: output=0.1161, reconstruction=3.1174
Epoch [339/400]
batch = 0 (Δ=0.352s, 100.00%)
Training throughput: 1 batches in 0.352s; word units 100.0% of 8 words (letters-only 100.0% of 8).
Train Loss: output=0.1258, reconstruction=3.2561
Epoch [340/400]
batch = 0 (Δ=0.356s, 100.00%)
Training throughput: 1 batches in 0.356s; word units 100.0% of 8 words (letters-only 100.0% of 8).
Train Loss: output=0.1125, reconstruction=3.1863
Epoch [341/400]
batch = 0 (Δ=0.355s, 100.00%)
Training throughput: 1 batches in 0.355s; word units 100.0% of 8 words (letters-only 100.0% of 8).
Train Loss: output=0.1152, reconstruction=3.2076
Epoch [342/400]
batch = 0 (Δ=0.360s, 100.00%)
Training throughput: 1 batches in 0.360s; word units 100.0% of 8 words (letters-only 100.0% of 8).
Train Loss: output=0.1259, reconstruction=3.2418
Epoch [343/400]
batch = 0 (Δ=0.354s, 100.00%)
Training throughput: 1 batches in 0.354s; word units 100.0% of 8 words (letters-only 100.0% of 8).
Train Loss: output=0.1016, reconstruction=3.1990
Epoch [344/400]
batch = 0 (Δ=0.349s, 100.00%)
Training throughput: 1 batches in 0.348s; word units 100.0% of 8 words (letters-only 100.0% of 8).
Train Loss: output=0.1056, reconstruction=3.2433
Epoch [345/400]
batch = 0 (Δ=0.350s, 100.00%)
Training throughput: 1 batches in 0.350s; word units 100.0% of 8 words (letters-only 100.0% of 8).
Train Loss: output=0.0964, reconstruction=3.1281
Epoch [346/400]
batch = 0 (Δ=0.349s, 100.00%)
Training throughput: 1 batches in 0.348s; word units 100.0% of 8 words (letters-only 100.0% of 8).
Train Loss: output=0.0753, reconstruction=3.2837
Epoch [347/400]
batch = 0 (Δ=0.349s, 100.00%)
Training throughput: 1 batches in 0.348s; word units 100.0% of 8 words (letters-only 100.0% of 8).
Train Loss: output=0.1576, reconstruction=3.2930
Epoch [348/400]
batch = 0 (Δ=0.347s, 100.00%)
Training throughput: 1 batches in 0.347s; word units 100.0% of 8 words (letters-only 100.0% of 8).
Train Loss: output=0.0942, reconstruction=3.1374
Epoch [349/400]
batch = 0 (Δ=0.351s, 100.00%)
Training throughput: 1 batches in 0.350s; word units 100.0% of 8 words (letters-only 100.0% of 8).
Train Loss: output=0.0691, reconstruction=3.1508
Epoch [350/400]
batch = 0 (Δ=0.345s, 100.00%)
Training throughput: 1 batches in 0.345s; word units 100.0% of 8 words (letters-only 100.0% of 8).
Train Loss: output=0.1041, reconstruction=3.2449
Epoch [351/400]
batch = 0 (Δ=0.347s, 100.00%)
Training throughput: 1 batches in 0.346s; word units 100.0% of 8 words (letters-only 100.0% of 8).
Train Loss: output=0.0715, reconstruction=3.2304
Epoch [352/400]
batch = 0 (Δ=0.350s, 100.00%)
Training throughput: 1 batches in 0.349s; word units 100.0% of 8 words (letters-only 100.0% of 8).
Train Loss: output=0.0435, reconstruction=3.1984
Epoch [353/400]
batch = 0 (Δ=0.351s, 100.00%)
Training throughput: 1 batches in 0.350s; word units 100.0% of 8 words (letters-only 100.0% of 8).
Train Loss: output=0.0914, reconstruction=3.0806
Epoch [354/400]
batch = 0 (Δ=0.348s, 100.00%)
Training throughput: 1 batches in 0.348s; word units 100.0% of 8 words (letters-only 100.0% of 8).
Train Loss: output=0.0949, reconstruction=3.2859
Epoch [355/400]
batch = 0 (Δ=0.350s, 100.00%)
Training throughput: 1 batches in 0.349s; word units 100.0% of 8 words (letters-only 100.0% of 8).
Train Loss: output=0.0663, reconstruction=3.2410
Epoch [356/400]
batch = 0 (Δ=0.354s, 100.00%)
Training throughput: 1 batches in 0.353s; word units 100.0% of 8 words (letters-only 100.0% of 8).
Train Loss: output=0.1274, reconstruction=3.1215
Epoch [357/400]
batch = 0 (Δ=0.347s, 100.00%)
Training throughput: 1 batches in 0.347s; word units 100.0% of 8 words (letters-only 100.0% of 8).
Train Loss: output=0.1173, reconstruction=3.2240
Epoch [358/400]
batch = 0 (Δ=0.350s, 100.00%)
Training throughput: 1 batches in 0.349s; word units 100.0% of 8 words (letters-only 100.0% of 8).
Train Loss: output=0.1640, reconstruction=3.3743
Epoch [359/400]
batch = 0 (Δ=0.347s, 100.00%)
Training throughput: 1 batches in 0.347s; word units 100.0% of 8 words (letters-only 100.0% of 8).
Train Loss: output=0.1262, reconstruction=3.2795
Epoch [360/400]
batch = 0 (Δ=0.348s, 100.00%)
Training throughput: 1 batches in 0.348s; word units 100.0% of 8 words (letters-only 100.0% of 8).
Train Loss: output=0.1252, reconstruction=3.1923
Epoch [361/400]
batch = 0 (Δ=0.353s, 100.00%)
Training throughput: 1 batches in 0.353s; word units 100.0% of 8 words (letters-only 100.0% of 8).
Train Loss: output=0.1637, reconstruction=3.2250
Epoch [362/400]
batch = 0 (Δ=0.347s, 100.00%)
Training throughput: 1 batches in 0.346s; word units 100.0% of 8 words (letters-only 100.0% of 8).
Train Loss: output=0.1271, reconstruction=3.2608
Epoch [363/400]
batch = 0 (Δ=0.347s, 100.00%)
Training throughput: 1 batches in 0.347s; word units 100.0% of 8 words (letters-only 100.0% of 8).
Train Loss: output=0.1274, reconstruction=3.1806
Epoch [364/400]
batch = 0 (Δ=0.350s, 100.00%)
Training throughput: 1 batches in 0.350s; word units 100.0% of 8 words (letters-only 100.0% of 8).
Train Loss: output=0.1296, reconstruction=3.1909
Epoch [365/400]
batch = 0 (Δ=0.349s, 100.00%)
Training throughput: 1 batches in 0.349s; word units 100.0% of 8 words (letters-only 100.0% of 8).
Train Loss: output=0.1340, reconstruction=3.2891
Epoch [366/400]
batch = 0 (Δ=0.349s, 100.00%)
Training throughput: 1 batches in 0.348s; word units 100.0% of 8 words (letters-only 100.0% of 8).
Train Loss: output=0.1084, reconstruction=3.2270
Epoch [367/400]
batch = 0 (Δ=0.350s, 100.00%)
Training throughput: 1 batches in 0.349s; word units 100.0% of 8 words (letters-only 100.0% of 8).
Train Loss: output=0.1118, reconstruction=3.1855
Epoch [368/400]
batch = 0 (Δ=0.351s, 100.00%)
Training throughput: 1 batches in 0.351s; word units 100.0% of 8 words (letters-only 100.0% of 8).
Train Loss: output=0.1006, reconstruction=3.1742
Epoch [369/400]
batch = 0 (Δ=0.351s, 100.00%)
Training throughput: 1 batches in 0.351s; word units 100.0% of 8 words (letters-only 100.0% of 8).
Train Loss: output=0.0944, reconstruction=3.2971
Epoch [370/400]
batch = 0 (Δ=0.350s, 100.00%)
Training throughput: 1 batches in 0.350s; word units 100.0% of 8 words (letters-only 100.0% of 8).
Train Loss: output=0.0814, reconstruction=3.2356
Epoch [371/400]
batch = 0 (Δ=0.347s, 100.00%)
Training throughput: 1 batches in 0.347s; word units 100.0% of 8 words (letters-only 100.0% of 8).
Train Loss: output=0.0916, reconstruction=3.0733
Epoch [372/400]
batch = 0 (Δ=0.353s, 100.00%)
Training throughput: 1 batches in 0.352s; word units 100.0% of 8 words (letters-only 100.0% of 8).
Train Loss: output=0.1302, reconstruction=3.2890
Epoch [373/400]
batch = 0 (Δ=0.346s, 100.00%)
Training throughput: 1 batches in 0.346s; word units 100.0% of 8 words (letters-only 100.0% of 8).
Train Loss: output=0.1092, reconstruction=3.2880
Epoch [374/400]
batch = 0 (Δ=0.348s, 100.00%)
Training throughput: 1 batches in 0.347s; word units 100.0% of 8 words (letters-only 100.0% of 8).
Train Loss: output=0.0831, reconstruction=3.1933
Epoch [375/400]
batch = 0 (Δ=0.351s, 100.00%)
Training throughput: 1 batches in 0.350s; word units 100.0% of 8 words (letters-only 100.0% of 8).
Train Loss: output=0.1398, reconstruction=3.1858
Epoch [376/400]
batch = 0 (Δ=0.345s, 100.00%)
Training throughput: 1 batches in 0.344s; word units 100.0% of 8 words (letters-only 100.0% of 8).
Train Loss: output=0.0926, reconstruction=3.2985
Epoch [377/400]
batch = 0 (Δ=0.346s, 100.00%)
Training throughput: 1 batches in 0.346s; word units 100.0% of 8 words (letters-only 100.0% of 8).
Train Loss: output=0.1596, reconstruction=3.2171
Epoch [378/400]
batch = 0 (Δ=0.350s, 100.00%)
Training throughput: 1 batches in 0.349s; word units 100.0% of 8 words (letters-only 100.0% of 8).
Train Loss: output=0.1091, reconstruction=3.1452
Epoch [379/400]
batch = 0 (Δ=0.347s, 100.00%)
Training throughput: 1 batches in 0.346s; word units 100.0% of 8 words (letters-only 100.0% of 8).
Train Loss: output=0.1520, reconstruction=3.2267
Epoch [380/400]
batch = 0 (Δ=0.350s, 100.00%)
Training throughput: 1 batches in 0.350s; word units 100.0% of 8 words (letters-only 100.0% of 8).
Train Loss: output=0.1186, reconstruction=3.3155
Epoch [381/400]
batch = 0 (Δ=0.380s, 100.00%)
Training throughput: 1 batches in 0.379s; word units 100.0% of 8 words (letters-only 100.0% of 8).
Train Loss: output=0.1470, reconstruction=3.2693
Epoch [382/400]
batch = 0 (Δ=0.346s, 100.00%)
Training throughput: 1 batches in 0.345s; word units 100.0% of 8 words (letters-only 100.0% of 8).
Train Loss: output=0.1434, reconstruction=3.1362
Epoch [383/400]
batch = 0 (Δ=0.346s, 100.00%)
Training throughput: 1 batches in 0.346s; word units 100.0% of 8 words (letters-only 100.0% of 8).
Train Loss: output=0.1254, reconstruction=3.1365
Epoch [384/400]
batch = 0 (Δ=0.352s, 100.00%)
Training throughput: 1 batches in 0.352s; word units 100.0% of 8 words (letters-only 100.0% of 8).
Train Loss: output=0.1449, reconstruction=3.2371
Epoch [385/400]
batch = 0 (Δ=0.346s, 100.00%)
Training throughput: 1 batches in 0.345s; word units 100.0% of 8 words (letters-only 100.0% of 8).
Train Loss: output=0.1506, reconstruction=3.1436
Epoch [386/400]
batch = 0 (Δ=0.345s, 100.00%)
Training throughput: 1 batches in 0.344s; word units 100.0% of 8 words (letters-only 100.0% of 8).
Train Loss: output=0.1445, reconstruction=3.1488
Epoch [387/400]
batch = 0 (Δ=0.350s, 100.00%)
Training throughput: 1 batches in 0.350s; word units 100.0% of 8 words (letters-only 100.0% of 8).
Train Loss: output=0.1241, reconstruction=3.2884
Epoch [388/400]
batch = 0 (Δ=0.348s, 100.00%)
Training throughput: 1 batches in 0.348s; word units 100.0% of 8 words (letters-only 100.0% of 8).
Train Loss: output=0.1160, reconstruction=3.2477
Epoch [389/400]
batch = 0 (Δ=0.343s, 100.00%)
Training throughput: 1 batches in 0.342s; word units 100.0% of 8 words (letters-only 100.0% of 8).
Train Loss: output=0.1499, reconstruction=3.1346
Epoch [390/400]
batch = 0 (Δ=0.351s, 100.00%)
Training throughput: 1 batches in 0.351s; word units 100.0% of 8 words (letters-only 100.0% of 8).
Train Loss: output=0.1215, reconstruction=3.1956
Epoch [391/400]
batch = 0 (Δ=0.349s, 100.00%)
Training throughput: 1 batches in 0.349s; word units 100.0% of 8 words (letters-only 100.0% of 8).
Train Loss: output=0.1308, reconstruction=3.2393
Epoch [392/400]
batch = 0 (Δ=0.350s, 100.00%)
Training throughput: 1 batches in 0.350s; word units 100.0% of 8 words (letters-only 100.0% of 8).
Train Loss: output=0.1286, reconstruction=3.1526
Epoch [393/400]
batch = 0 (Δ=0.351s, 100.00%)
Training throughput: 1 batches in 0.350s; word units 100.0% of 8 words (letters-only 100.0% of 8).
Train Loss: output=0.1806, reconstruction=3.1172
Epoch [394/400]
batch = 0 (Δ=0.346s, 100.00%)
Training throughput: 1 batches in 0.345s; word units 100.0% of 8 words (letters-only 100.0% of 8).
Train Loss: output=0.1659, reconstruction=3.1681
Epoch [395/400]
batch = 0 (Δ=0.342s, 100.00%)
Training throughput: 1 batches in 0.341s; word units 100.0% of 8 words (letters-only 100.0% of 8).
Train Loss: output=0.1647, reconstruction=3.1638
Epoch [396/400]
batch = 0 (Δ=0.345s, 100.00%)
Training throughput: 1 batches in 0.345s; word units 100.0% of 8 words (letters-only 100.0% of 8).
Train Loss: output=0.1451, reconstruction=3.1774
Epoch [397/400]
batch = 0 (Δ=0.343s, 100.00%)
Training throughput: 1 batches in 0.343s; word units 100.0% of 8 words (letters-only 100.0% of 8).
Train Loss: output=0.1404, reconstruction=3.2117
Epoch [398/400]
batch = 0 (Δ=0.344s, 100.00%)
Training throughput: 1 batches in 0.344s; word units 100.0% of 8 words (letters-only 100.0% of 8).
Train Loss: output=0.1706, reconstruction=3.2385
Epoch [399/400]
batch = 0 (Δ=0.344s, 100.00%)
Training throughput: 1 batches in 0.344s; word units 100.0% of 8 words (letters-only 100.0% of 8).
Train Loss: output=0.1223, reconstruction=3.1286
Epoch [400/400]
batch = 0 (Δ=0.341s, 100.00%)
Training throughput: 1 batches in 0.341s; word units 100.0% of 8 words (letters-only 100.0% of 8).
Train Loss: output=0.1293, reconstruction=3.1918
Final Stats:
=== Selected operation grammar ===
batch = 0 (Δ=51.143s, 100.00%)
Training throughput: 1 batches in 51.087s; word units 100.0% of 8 words (letters-only 100.0% of 8).
=== Input Reconstruction (test) ===
  row[0] input='hello world' -> reconstructed='there ' label=0.0000 predicted=0.3690 MISMATCH
  row[1] input='hello there' -> reconstructed='hello ' label=1.0000 predicted=0.5466 MISMATCH
  row[2] input='loving world' -> reconstructed='loving ' label=1.0000 predicted=0.4600 MISMATCH
  row[3] input='loving there' -> reconstructed='loving ' label=0.0000 predicted=0.5534 MISMATCH
------------------------------ Captured log call -------------------------------
DEBUG    torch.__trace:utils.py:2363 
DEBUG    torch.__trace:utils.py:2363 
DEBUG    torch.__trace:structured.py:28 
DEBUG    torch.__trace:structured.py:28 
DEBUG    torch.__trace:structured.py:28 
DEBUG    torch.__trace:structured.py:28 
DEBUG    torch.__trace:structured.py:28 
DEBUG    torch.__trace:structured.py:28 
DEBUG    torch.__trace:structured.py:28 
DEBUG    torch.__trace:structured.py:28 
DEBUG    torch.__trace:structured.py:28 
DEBUG    torch.__trace:structured.py:28 
DEBUG    torch.__trace:structured.py:28 
DEBUG    torch.__trace:structured.py:28 
DEBUG    torch.__trace:structured.py:28 
DEBUG    torch.__trace:structured.py:28 
DEBUG    torch.__trace:structured.py:28 
DEBUG    torch.__trace:convert_frame.py:304 
DEBUG    torch.__trace:utils.py:2363 
DEBUG    torch.__trace:utils.py:2363 
DEBUG    torch.__trace:meta_utils.py:298 
DEBUG    torch.__trace:meta_utils.py:537 
DEBUG    torch.__trace:meta_utils.py:2385 
DEBUG    torch.__trace:meta_utils.py:298 
DEBUG    torch.__trace:meta_utils.py:537 
DEBUG    torch.__trace:meta_utils.py:2385 
DEBUG    torch.__trace:meta_utils.py:298 
DEBUG    torch.__trace:meta_utils.py:537 
DEBUG    torch.__trace:meta_utils.py:2385 
DEBUG    torch.__trace:meta_utils.py:298 
DEBUG    torch.__trace:meta_utils.py:537 
DEBUG    torch.__trace:meta_utils.py:2385 
DEBUG    torch.__trace:meta_utils.py:298 
DEBUG    torch.__trace:meta_utils.py:537 
DEBUG    torch.__trace:meta_utils.py:2385 
DEBUG    torch.__trace:meta_utils.py:298 
DEBUG    torch.__trace:meta_utils.py:537 
DEBUG    torch.__trace:meta_utils.py:2385 
DEBUG    torch.__trace:meta_utils.py:298 
DEBUG    torch.__trace:meta_utils.py:537 
DEBUG    torch.__trace:meta_utils.py:2385 
DEBUG    torch.__trace:meta_utils.py:298 
DEBUG    torch.__trace:meta_utils.py:537 
DEBUG    torch.__trace:meta_utils.py:2385 
DEBUG    torch.__trace:meta_utils.py:298 
DEBUG    torch.__trace:meta_utils.py:537 
DEBUG    torch.__trace:meta_utils.py:2385 
DEBUG    torch.__trace:structured.py:28 
DEBUG    torch.__trace:structured.py:28 
DEBUG    torch.__trace:structured.py:28 
DEBUG    torch.__trace:structured.py:28 
DEBUG    torch.__trace:structured.py:28 
DEBUG    torch.__trace:structured.py:28 
DEBUG    torch.__trace:structured.py:28 
DEBUG    torch.__trace:structured.py:28 
DEBUG    torch.__trace:structured.py:28 
DEBUG    torch.__trace:structured.py:28 
DEBUG    torch.__trace:structured.py:28 
DEBUG    torch.__trace:structured.py:28 
DEBUG    torch.__trace:symbolic_shapes.py:5971 
DEBUG    torch.__trace:meta_utils.py:298 
DEBUG    torch.__trace:meta_utils.py:537 
DEBUG    torch.__trace:meta_utils.py:2385 
DEBUG    torch.__trace:meta_utils.py:298 
DEBUG    torch.__trace:meta_utils.py:537 
DEBUG    torch.__trace:meta_utils.py:2385 
DEBUG    torch.__trace:meta_utils.py:298 
DEBUG    torch.__trace:meta_utils.py:537 
DEBUG    torch.__trace:meta_utils.py:2385 
DEBUG    torch.__trace:meta_utils.py:298 
DEBUG    torch.__trace:meta_utils.py:537 
DEBUG    torch.__trace:meta_utils.py:2385 
DEBUG    torch.__trace:meta_utils.py:298 
DEBUG    torch.__trace:meta_utils.py:537 
DEBUG    torch.__trace:meta_utils.py:2385 
DEBUG    torch.__trace:meta_utils.py:298 
DEBUG    torch.__trace:meta_utils.py:537 
DEBUG    torch.__trace:meta_utils.py:2385 
DEBUG    torch.__trace:structured.py:28 
DEBUG    torch.__trace:structured.py:28 
DEBUG    torch.__trace:structured.py:28 
DEBUG    torch.__trace:symbolic_shapes.py:5971 
DEBUG    torch.__trace:meta_utils.py:298 
DEBUG    torch.__trace:meta_utils.py:537 
DEBUG    torch.__trace:meta_utils.py:2385 
DEBUG    torch.__trace:symbolic_shapes.py:5971 
DEBUG    torch.__trace:structured.py:28 
DEBUG    torch.__trace:structured.py:28 
DEBUG    torch.__trace:symbolic_shapes.py:8465 
DEBUG    torch.__trace:meta_utils.py:298 
DEBUG    torch.__trace:meta_utils.py:537 
DEBUG    torch.__trace:meta_utils.py:2385 
DEBUG    torch.__trace:meta_utils.py:298 
DEBUG    torch.__trace:meta_utils.py:537 
DEBUG    torch.__trace:meta_utils.py:2385 
DEBUG    torch.__trace:meta_utils.py:298 
DEBUG    torch.__trace:meta_utils.py:537 
DEBUG    torch.__trace:meta_utils.py:2385 
DEBUG    torch.__trace:meta_utils.py:298 
DEBUG    torch.__trace:meta_utils.py:537 
DEBUG    torch.__trace:meta_utils.py:2385 
DEBUG    torch.__trace:meta_utils.py:298 
DEBUG    torch.__trace:meta_utils.py:537 
DEBUG    torch.__trace:meta_utils.py:2385 
DEBUG    torch.__trace:meta_utils.py:298 
DEBUG    torch.__trace:meta_utils.py:537 
DEBUG    torch.__trace:meta_utils.py:2385 
DEBUG    torch.__trace:structured.py:28 
DEBUG    torch.__trace:structured.py:28 
DEBUG    torch.__trace:structured.py:28 
DEBUG    torch.__trace:structured.py:28 
DEBUG    torch.__trace:symbolic_shapes.py:5521 
DEBUG    torch.__trace:structured.py:28 
DEBUG    torch.__trace:structured.py:28 
DEBUG    torch.__trace:structured.py:28 
DEBUG    torch.__trace:structured.py:28 
DEBUG    torch.__trace:structured.py:28 
DEBUG    torch.__trace:symbolic_shapes.py:8465 
DEBUG    torch.__trace:symbolic_shapes.py:8465 
DEBUG    torch.__trace:meta_utils.py:298 
DEBUG    torch.__trace:meta_utils.py:537 
DEBUG    torch.__trace:meta_utils.py:2385 
DEBUG    torch.__trace:meta_utils.py:298 
DEBUG    torch.__trace:meta_utils.py:537 
DEBUG    torch.__trace:meta_utils.py:2385 
DEBUG    torch.__trace:symbolic_shapes.py:5521 
DEBUG    torch.__trace:symbolic_shapes.py:8465 
DEBUG    torch.__trace:symbolic_shapes.py:8465 
DEBUG    torch.__trace:meta_utils.py:298 
DEBUG    torch.__trace:meta_utils.py:537 
DEBUG    torch.__trace:meta_utils.py:2385 
DEBUG    torch.__trace:utils.py:2363 
DEBUG    torch.__trace:utils.py:2363 
DEBUG    torch.__trace:utils.py:2363 
DEBUG    torch.__trace:output_graph.py:2942 
DEBUG    torch.__trace:utils.py:2363 
DEBUG    torch.__trace:utils.py:2363 
DEBUG    torch.__trace:utils.py:2363 
DEBUG    torch.__trace:structured.py:28 
DEBUG    torch.__trace:structured.py:28 
DEBUG    torch.__trace:structured.py:28 
DEBUG    torch.__trace:structured.py:28 
DEBUG    torch.__trace:structured.py:28 
DEBUG    torch.__trace:structured.py:28 
DEBUG    torch.__trace:structured.py:28 
DEBUG    torch.__trace:symbolic_shapes.py:5521 
DEBUG    torch.__trace:structured.py:28 
DEBUG    torch.__trace:symbolic_shapes.py:8465 
DEBUG    torch.__trace:symbolic_shapes.py:8465 
DEBUG    torch.__trace:symbolic_shapes.py:5521 
DEBUG    torch.__trace:symbolic_shapes.py:8465 
DEBUG    torch.__trace:symbolic_shapes.py:8465 
DEBUG    torch.__trace:utils.py:2363 
DEBUG    torch.__trace:utils.py:2363 
DEBUG    torch.__trace:structured.py:28 
DEBUG    torch.__trace:structured.py:28 
DEBUG    torch.__trace:structured.py:28 
DEBUG    torch.__trace:structured.py:28 
DEBUG    torch.__trace:symbolic_shapes.py:5521 
DEBUG    torch.__trace:structured.py:28 
DEBUG    torch.__trace:structured.py:28 
DEBUG    torch.__trace:symbolic_shapes.py:8465 
DEBUG    torch.__trace:symbolic_shapes.py:8465 
DEBUG    torch.__trace:symbolic_shapes.py:5521 
DEBUG    torch.__trace:symbolic_shapes.py:8465 
DEBUG    torch.__trace:symbolic_shapes.py:8465 
DEBUG    torch.__trace:structured.py:28 
DEBUG    torch.__trace:structured.py:28 
DEBUG    torch.__trace:structured.py:28 
DEBUG    torch.__trace:structured.py:28 
DEBUG    torch.__trace:structured.py:28 
DEBUG    torch.__trace:symbolic_shapes.py:5521 
DEBUG    torch.__trace:symbolic_shapes.py:5521 
DEBUG    torch.__trace:symbolic_shapes.py:5521 
DEBUG    torch.__trace:symbolic_shapes.py:5521 
DEBUG    torch.__trace:symbolic_shapes.py:5521 
DEBUG    torch.__trace:symbolic_shapes.py:5521 
DEBUG    torch.__trace:symbolic_shapes.py:5521 
DEBUG    torch.__trace:symbolic_shapes.py:5521 
DEBUG    torch.__trace:symbolic_shapes.py:5521 
DEBUG    torch.__trace:structured.py:28 
DEBUG    torch.__trace:structured.py:28 
DEBUG    torch.__trace:structured.py:28 
DEBUG    torch.__trace:symbolic_shapes.py:5521 
DEBUG    torch.__trace:symbolic_shapes.py:5521 
DEBUG    torch.__trace:symbolic_shapes.py:5521 
DEBUG    torch.__trace:symbolic_shapes.py:5521 
DEBUG    torch.__trace:symbolic_shapes.py:5521 
DEBUG    torch.__trace:symbolic_shapes.py:5521 
DEBUG    torch.__trace:symbolic_shapes.py:5521 
DEBUG    torch.__trace:symbolic_shapes.py:5521 
DEBUG    torch.__trace:symbolic_shapes.py:5521 
DEBUG    torch.__trace:structured.py:28 
DEBUG    torch.__trace:symbolic_shapes.py:5521 
DEBUG    torch.__trace:symbolic_shapes.py:5521 
DEBUG    torch.__trace:symbolic_shapes.py:5521 
DEBUG    torch.__trace:symbolic_shapes.py:5521 
DEBUG    torch.__trace:symbolic_shapes.py:5521 
DEBUG    torch.__trace:symbolic_shapes.py:5521 
DEBUG    torch.__trace:symbolic_shapes.py:5521 
DEBUG    torch.__trace:symbolic_shapes.py:5521 
DEBUG    torch.__trace:symbolic_shapes.py:5521 
DEBUG    torch.__trace:symbolic_shapes.py:5521 
DEBUG    torch.__trace:symbolic_shapes.py:5521 
DEBUG    torch.__trace:symbolic_shapes.py:5521 
DEBUG    torch.__trace:symbolic_shapes.py:5521 
DEBUG    torch.__trace:symbolic_shapes.py:5521 
DEBUG    torch.__trace:symbolic_shapes.py:5521 
DEBUG    torch.__trace:symbolic_shapes.py:5521 
DEBUG    torch.__trace:symbolic_shapes.py:5521 
DEBUG    torch.__trace:symbolic_shapes.py:5521 
DEBUG    torch.__trace:symbolic_shapes.py:5521 
DEBUG    torch.__trace:symbolic_shapes.py:5521 
DEBUG    torch.__trace:symbolic_shapes.py:5521 
DEBUG    torch.__trace:symbolic_shapes.py:5521 
DEBUG    torch.__trace:symbolic_shapes.py:5521 
DEBUG    torch.__trace:symbolic_shapes.py:5521 
DEBUG    torch.__trace:symbolic_shapes.py:5521 
DEBUG    torch.__trace:symbolic_shapes.py:5521 
DEBUG    torch.__trace:symbolic_shapes.py:5521 
DEBUG    torch.__trace:symbolic_shapes.py:5521 
DEBUG    torch.__trace:symbolic_shapes.py:5521 
DEBUG    torch.__trace:symbolic_shapes.py:5521 
DEBUG    torch.__trace:symbolic_shapes.py:5521 
DEBUG    torch.__trace:symbolic_shapes.py:5521 
DEBUG    torch.__trace:symbolic_shapes.py:5521 
DEBUG    torch.__trace:symbolic_shapes.py:5521 
DEBUG    torch.__trace:symbolic_shapes.py:5521 
DEBUG    torch.__trace:symbolic_shapes.py:5521 
DEBUG    torch.__trace:symbolic_shapes.py:5521 
DEBUG    torch.__trace:symbolic_shapes.py:5521 
DEBUG    torch.__trace:utils.py:2363 
DEBUG    torch.__trace:graph_compile.py:1820 
DEBUG    torch.__trace:graph_compile.py:1841 
DEBUG    torch.__trace:graph_compile.py:1891 
DEBUG    torch.__trace:graph_compile.py:1909 
DEBUG    torch.__trace:graph_compile.py:1913 
DEBUG    torch.__trace:codegen.py:200 
DEBUG    torch.__trace:codegen.py:200 
DEBUG    torch.__trace:codegen.py:200 
DEBUG    torch.__trace:codegen.py:200 
DEBUG    torch.__trace:codegen.py:200 
DEBUG    torch.__trace:codegen.py:200 
DEBUG    torch.__trace:utils.py:2363 
DEBUG    torch.__trace:utils.py:2363 
DEBUG    torch.__trace:utils.py:2363 
DEBUG    torch.__trace:utils.py:2363 
DEBUG    torch.__trace:guards.py:4769 
DEBUG    torch.__trace:utils.py:2363 
DEBUG    torch.__trace:utils.py:2363 
DEBUG    torch.__trace:utils.py:2363 
DEBUG    torch.__trace:utils.py:2363 
DEBUG    torch.__trace:utils.py:2363 
DEBUG    torch.__trace:utils.py:2363 
DEBUG    torch.__trace:utils.py:2022 
DEBUG    torch.__trace:utils.py:2363 
DEBUG    torch.__trace:utils.py:2363 
DEBUG    torch.__trace:utils.py:2363 
DEBUG    torch.__trace:guards.py:5625 
DEBUG    torch.__trace:convert_frame.py:304 
DEBUG    torch.__trace:utils.py:2363 
DEBUG    torch.__trace:utils.py:2363 
DEBUG    torch.__trace:meta_utils.py:298 
DEBUG    torch.__trace:meta_utils.py:537 
DEBUG    torch.__trace:meta_utils.py:2385 
DEBUG    torch.__trace:meta_utils.py:298 
DEBUG    torch.__trace:meta_utils.py:537 
DEBUG    torch.__trace:meta_utils.py:2385 
DEBUG    torch.__trace:meta_utils.py:298 
DEBUG    torch.__trace:meta_utils.py:537 
DEBUG    torch.__trace:meta_utils.py:2385 
DEBUG    torch.__trace:meta_utils.py:298 
DEBUG    torch.__trace:meta_utils.py:537 
DEBUG    torch.__trace:meta_utils.py:2385 
DEBUG    torch.__trace:meta_utils.py:298 
DEBUG    torch.__trace:meta_utils.py:537 
DEBUG    torch.__trace:meta_utils.py:2385 
DEBUG    torch.__trace:meta_utils.py:298 
DEBUG    torch.__trace:meta_utils.py:537 
DEBUG    torch.__trace:meta_utils.py:2385 
DEBUG    torch.__trace:meta_utils.py:298 
DEBUG    torch.__trace:meta_utils.py:537 
DEBUG    torch.__trace:meta_utils.py:2385 
DEBUG    torch.__trace:meta_utils.py:298 
DEBUG    torch.__trace:meta_utils.py:537 
DEBUG    torch.__trace:meta_utils.py:2385 
DEBUG    torch.__trace:meta_utils.py:298 
DEBUG    torch.__trace:meta_utils.py:537 
DEBUG    torch.__trace:meta_utils.py:2385 
DEBUG    torch.__trace:symbolic_shapes.py:5971 
DEBUG    torch.__trace:meta_utils.py:298 
DEBUG    torch.__trace:meta_utils.py:537 
DEBUG    torch.__trace:meta_utils.py:2385 
DEBUG    torch.__trace:meta_utils.py:298 
DEBUG    torch.__trace:meta_utils.py:537 
DEBUG    torch.__trace:meta_utils.py:2385 
DEBUG    torch.__trace:meta_utils.py:298 
DEBUG    torch.__trace:meta_utils.py:537 
DEBUG    torch.__trace:meta_utils.py:2385 
DEBUG    torch.__trace:meta_utils.py:298 
DEBUG    torch.__trace:meta_utils.py:537 
DEBUG    torch.__trace:meta_utils.py:2385 
DEBUG    torch.__trace:meta_utils.py:298 
DEBUG    torch.__trace:meta_utils.py:537 
DEBUG    torch.__trace:meta_utils.py:2385 
DEBUG    torch.__trace:meta_utils.py:298 
DEBUG    torch.__trace:meta_utils.py:537 
DEBUG    torch.__trace:meta_utils.py:2385 
DEBUG    torch.__trace:symbolic_shapes.py:5971 
DEBUG    torch.__trace:meta_utils.py:298 
DEBUG    torch.__trace:meta_utils.py:537 
DEBUG    torch.__trace:meta_utils.py:2385 
DEBUG    torch.__trace:symbolic_shapes.py:5971 
DEBUG    torch.__trace:symbolic_shapes.py:8465 
DEBUG    torch.__trace:meta_utils.py:298 
DEBUG    torch.__trace:meta_utils.py:537 
DEBUG    torch.__trace:meta_utils.py:2385 
DEBUG    torch.__trace:meta_utils.py:298 
DEBUG    torch.__trace:meta_utils.py:537 
DEBUG    torch.__trace:meta_utils.py:2385 
DEBUG    torch.__trace:meta_utils.py:298 
DEBUG    torch.__trace:meta_utils.py:537 
DEBUG    torch.__trace:meta_utils.py:2385 
DEBUG    torch.__trace:meta_utils.py:298 
DEBUG    torch.__trace:meta_utils.py:537 
DEBUG    torch.__trace:meta_utils.py:2385 
DEBUG    torch.__trace:meta_utils.py:298 
DEBUG    torch.__trace:meta_utils.py:537 
DEBUG    torch.__trace:meta_utils.py:2385 
DEBUG    torch.__trace:meta_utils.py:298 
DEBUG    torch.__trace:meta_utils.py:537 
DEBUG    torch.__trace:meta_utils.py:2385 
DEBUG    torch.__trace:symbolic_shapes.py:5521 
DEBUG    torch.__trace:symbolic_shapes.py:8465 
DEBUG    torch.__trace:symbolic_shapes.py:8465 
DEBUG    torch.__trace:meta_utils.py:298 
DEBUG    torch.__trace:meta_utils.py:537 
DEBUG    torch.__trace:meta_utils.py:2385 
DEBUG    torch.__trace:meta_utils.py:298 
DEBUG    torch.__trace:meta_utils.py:537 
DEBUG    torch.__trace:meta_utils.py:2385 
DEBUG    torch.__trace:meta_utils.py:298 
DEBUG    torch.__trace:meta_utils.py:537 
DEBUG    torch.__trace:meta_utils.py:2385 
DEBUG    torch.__trace:symbolic_shapes.py:5521 
DEBUG    torch.__trace:symbolic_shapes.py:8465 
DEBUG    torch.__trace:symbolic_shapes.py:8465 
DEBUG    torch.__trace:meta_utils.py:298 
DEBUG    torch.__trace:meta_utils.py:537 
DEBUG    torch.__trace:meta_utils.py:2385 
DEBUG    torch.__trace:utils.py:2363 
DEBUG    torch.__trace:utils.py:2363 
DEBUG    torch.__trace:utils.py:2363 
DEBUG    torch.__trace:output_graph.py:2942 
DEBUG    torch.__trace:utils.py:2363 
DEBUG    torch.__trace:utils.py:2363 
DEBUG    torch.__trace:utils.py:2363 
DEBUG    torch.__trace:symbolic_shapes.py:5521 
DEBUG    torch.__trace:symbolic_shapes.py:8465 
DEBUG    torch.__trace:symbolic_shapes.py:8465 
DEBUG    torch.__trace:symbolic_shapes.py:5521 
DEBUG    torch.__trace:symbolic_shapes.py:8465 
DEBUG    torch.__trace:symbolic_shapes.py:8465 
DEBUG    torch.__trace:utils.py:2363 
DEBUG    torch.__trace:utils.py:2363 
DEBUG    torch.__trace:symbolic_shapes.py:5521 
DEBUG    torch.__trace:symbolic_shapes.py:8465 
DEBUG    torch.__trace:symbolic_shapes.py:8465 
DEBUG    torch.__trace:symbolic_shapes.py:5521 
DEBUG    torch.__trace:symbolic_shapes.py:8465 
DEBUG    torch.__trace:symbolic_shapes.py:8465 
DEBUG    torch.__trace:symbolic_shapes.py:5521 
DEBUG    torch.__trace:symbolic_shapes.py:5521 
DEBUG    torch.__trace:symbolic_shapes.py:5521 
DEBUG    torch.__trace:symbolic_shapes.py:5521 
DEBUG    torch.__trace:symbolic_shapes.py:5521 
DEBUG    torch.__trace:symbolic_shapes.py:5521 
DEBUG    torch.__trace:symbolic_shapes.py:5521 
DEBUG    torch.__trace:symbolic_shapes.py:5521 
DEBUG    torch.__trace:symbolic_shapes.py:5521 
DEBUG    torch.__trace:symbolic_shapes.py:5521 
DEBUG    torch.__trace:symbolic_shapes.py:5521 
DEBUG    torch.__trace:symbolic_shapes.py:5521 
DEBUG    torch.__trace:symbolic_shapes.py:5521 
DEBUG    torch.__trace:symbolic_shapes.py:5521 
DEBUG    torch.__trace:symbolic_shapes.py:5521 
DEBUG    torch.__trace:symbolic_shapes.py:5521 
DEBUG    torch.__trace:symbolic_shapes.py:5521 
DEBUG    torch.__trace:symbolic_shapes.py:5521 
DEBUG    torch.__trace:symbolic_shapes.py:5521 
DEBUG    torch.__trace:symbolic_shapes.py:5521 
DEBUG    torch.__trace:symbolic_shapes.py:5521 
DEBUG    torch.__trace:symbolic_shapes.py:5521 
DEBUG    torch.__trace:symbolic_shapes.py:5521 
DEBUG    torch.__trace:symbolic_shapes.py:5521 
DEBUG    torch.__trace:symbolic_shapes.py:5521 
DEBUG    torch.__trace:symbolic_shapes.py:5521 
DEBUG    torch.__trace:symbolic_shapes.py:5521 
DEBUG    torch.__trace:symbolic_shapes.py:5521 
DEBUG    torch.__trace:symbolic_shapes.py:5521 
DEBUG    torch.__trace:symbolic_shapes.py:5521 
DEBUG    torch.__trace:symbolic_shapes.py:5521 
DEBUG    torch.__trace:symbolic_shapes.py:5521 
DEBUG    torch.__trace:symbolic_shapes.py:5521 
DEBUG    torch.__trace:symbolic_shapes.py:5521 
DEBUG    torch.__trace:symbolic_shapes.py:5521 
DEBUG    torch.__trace:symbolic_shapes.py:5521 
DEBUG    torch.__trace:symbolic_shapes.py:5521 
DEBUG    torch.__trace:symbolic_shapes.py:5521 
DEBUG    torch.__trace:symbolic_shapes.py:5521 
DEBUG    torch.__trace:symbolic_shapes.py:5521 
DEBUG    torch.__trace:symbolic_shapes.py:5521 
DEBUG    torch.__trace:symbolic_shapes.py:5521 
DEBUG    torch.__trace:symbolic_shapes.py:5521 
DEBUG    torch.__trace:symbolic_shapes.py:5521 
DEBUG    torch.__trace:symbolic_shapes.py:5521 
DEBUG    torch.__trace:symbolic_shapes.py:5521 
DEBUG    torch.__trace:symbolic_shapes.py:5521 
DEBUG    torch.__trace:symbolic_shapes.py:5521 
DEBUG    torch.__trace:symbolic_shapes.py:5521 
DEBUG    torch.__trace:symbolic_shapes.py:5521 
DEBUG    torch.__trace:symbolic_shapes.py:5521 
DEBUG    torch.__trace:symbolic_shapes.py:5521 
DEBUG    torch.__trace:symbolic_shapes.py:5521 
DEBUG    torch.__trace:symbolic_shapes.py:5521 
DEBUG    torch.__trace:symbolic_shapes.py:5521 
DEBUG    torch.__trace:symbolic_shapes.py:5521 
DEBUG    torch.__trace:utils.py:2363 
DEBUG    torch.__trace:graph_compile.py:1820 
DEBUG    torch.__trace:graph_compile.py:1841 
DEBUG    torch.__trace:graph_compile.py:1891 
DEBUG    torch.__trace:graph_compile.py:1909 
DEBUG    torch.__trace:graph_compile.py:1913 
DEBUG    torch.__trace:codegen.py:200 
DEBUG    torch.__trace:codegen.py:200 
DEBUG    torch.__trace:codegen.py:200 
DEBUG    torch.__trace:codegen.py:200 
DEBUG    torch.__trace:codegen.py:200 
DEBUG    torch.__trace:codegen.py:200 
DEBUG    torch.__trace:utils.py:2363 
DEBUG    torch.__trace:utils.py:2363 
DEBUG    torch.__trace:utils.py:2363 
DEBUG    torch.__trace:utils.py:2363 
DEBUG    torch.__trace:guards.py:4769 
DEBUG    torch.__trace:utils.py:2363 
DEBUG    torch.__trace:utils.py:2363 
DEBUG    torch.__trace:utils.py:2363 
DEBUG    torch.__trace:utils.py:2363 
DEBUG    torch.__trace:utils.py:2363 
DEBUG    torch.__trace:utils.py:2363 
DEBUG    torch.__trace:utils.py:2022 
DEBUG    torch.__trace:utils.py:2363 
DEBUG    torch.__trace:utils.py:2363 
DEBUG    torch.__trace:utils.py:2363 
DEBUG    torch.__trace:guards.py:5625 
DEBUG    torch.__trace:convert_frame.py:304 
DEBUG    torch.__trace:utils.py:2363 
DEBUG    torch.__trace:utils.py:2363 
DEBUG    torch.__trace:meta_utils.py:298 
DEBUG    torch.__trace:meta_utils.py:537 
DEBUG    torch.__trace:meta_utils.py:2385 
DEBUG    torch.__trace:meta_utils.py:298 
DEBUG    torch.__trace:meta_utils.py:537 
DEBUG    torch.__trace:meta_utils.py:2385 
DEBUG    torch.__trace:meta_utils.py:298 
DEBUG    torch.__trace:meta_utils.py:537 
DEBUG    torch.__trace:meta_utils.py:2385 
DEBUG    torch.__trace:meta_utils.py:298 
DEBUG    torch.__trace:meta_utils.py:537 
DEBUG    torch.__trace:meta_utils.py:2385 
DEBUG    torch.__trace:meta_utils.py:298 
DEBUG    torch.__trace:meta_utils.py:537 
DEBUG    torch.__trace:meta_utils.py:2385 
DEBUG    torch.__trace:meta_utils.py:298 
DEBUG    torch.__trace:meta_utils.py:537 
DEBUG    torch.__trace:meta_utils.py:2385 
DEBUG    torch.__trace:meta_utils.py:298 
DEBUG    torch.__trace:meta_utils.py:537 
DEBUG    torch.__trace:meta_utils.py:2385 
DEBUG    torch.__trace:meta_utils.py:298 
DEBUG    torch.__trace:meta_utils.py:537 
DEBUG    torch.__trace:meta_utils.py:2385 
DEBUG    torch.__trace:meta_utils.py:298 
DEBUG    torch.__trace:meta_utils.py:537 
DEBUG    torch.__trace:meta_utils.py:2385 
DEBUG    torch.__trace:symbolic_shapes.py:5971 
DEBUG    torch.__trace:meta_utils.py:298 
DEBUG    torch.__trace:meta_utils.py:537 
DEBUG    torch.__trace:meta_utils.py:2385 
DEBUG    torch.__trace:meta_utils.py:298 
DEBUG    torch.__trace:meta_utils.py:537 
DEBUG    torch.__trace:meta_utils.py:2385 
DEBUG    torch.__trace:meta_utils.py:298 
DEBUG    torch.__trace:meta_utils.py:537 
DEBUG    torch.__trace:meta_utils.py:2385 
DEBUG    torch.__trace:meta_utils.py:298 
DEBUG    torch.__trace:meta_utils.py:537 
DEBUG    torch.__trace:meta_utils.py:2385 
DEBUG    torch.__trace:meta_utils.py:298 
DEBUG    torch.__trace:meta_utils.py:537 
DEBUG    torch.__trace:meta_utils.py:2385 
DEBUG    torch.__trace:meta_utils.py:298 
DEBUG    torch.__trace:meta_utils.py:537 
DEBUG    torch.__trace:meta_utils.py:2385 
DEBUG    torch.__trace:symbolic_shapes.py:5971 
DEBUG    torch.__trace:meta_utils.py:298 
DEBUG    torch.__trace:meta_utils.py:537 
DEBUG    torch.__trace:meta_utils.py:2385 
DEBUG    torch.__trace:symbolic_shapes.py:5971 
DEBUG    torch.__trace:symbolic_shapes.py:8465 
DEBUG    torch.__trace:meta_utils.py:298 
DEBUG    torch.__trace:meta_utils.py:537 
DEBUG    torch.__trace:meta_utils.py:2385 
DEBUG    torch.__trace:meta_utils.py:298 
DEBUG    torch.__trace:meta_utils.py:537 
DEBUG    torch.__trace:meta_utils.py:2385 
DEBUG    torch.__trace:meta_utils.py:298 
DEBUG    torch.__trace:meta_utils.py:537 
DEBUG    torch.__trace:meta_utils.py:2385 
DEBUG    torch.__trace:meta_utils.py:298 
DEBUG    torch.__trace:meta_utils.py:537 
DEBUG    torch.__trace:meta_utils.py:2385 
DEBUG    torch.__trace:meta_utils.py:298 
DEBUG    torch.__trace:meta_utils.py:537 
DEBUG    torch.__trace:meta_utils.py:2385 
DEBUG    torch.__trace:meta_utils.py:298 
DEBUG    torch.__trace:meta_utils.py:537 
DEBUG    torch.__trace:meta_utils.py:2385 
DEBUG    torch.__trace:meta_utils.py:298 
DEBUG    torch.__trace:meta_utils.py:537 
DEBUG    torch.__trace:meta_utils.py:2385 
DEBUG    torch.__trace:meta_utils.py:298 
DEBUG    torch.__trace:meta_utils.py:537 
DEBUG    torch.__trace:meta_utils.py:2385 
DEBUG    torch.__trace:utils.py:2363 
DEBUG    torch.__trace:utils.py:2363 
DEBUG    torch.__trace:utils.py:2363 
DEBUG    torch.__trace:output_graph.py:2942 
DEBUG    torch.__trace:utils.py:2363 
DEBUG    torch.__trace:utils.py:2363 
DEBUG    torch.__trace:utils.py:2363 
DEBUG    torch.__trace:utils.py:2363 
DEBUG    torch.__trace:graph_capture.py:428 
DEBUG    torch.__trace:graph_capture.py:446 
DEBUG    torch.__trace:graph_compile.py:382 
DEBUG    torch.__trace:codegen.py:200 
DEBUG    torch.__trace:utils.py:2363 
DEBUG    torch.__trace:utils.py:2363 
DEBUG    torch.__trace:utils.py:2363 
DEBUG    torch.__trace:utils.py:2363 
DEBUG    torch.__trace:guards.py:4769 
DEBUG    torch.__trace:utils.py:2363 
DEBUG    torch.__trace:utils.py:2363 
DEBUG    torch.__trace:utils.py:2363 
DEBUG    torch.__trace:utils.py:2363 
DEBUG    torch.__trace:utils.py:2363 
DEBUG    torch.__trace:utils.py:2363 
DEBUG    torch.__trace:utils.py:2022 
DEBUG    torch.__trace:utils.py:2363 
DEBUG    torch.__trace:utils.py:2363 
DEBUG    torch.__trace:utils.py:2363 
DEBUG    torch.__trace:guards.py:5625 
DEBUG    torch.__trace:convert_frame.py:304 
DEBUG    torch.__trace:utils.py:2363 
DEBUG    torch.__trace:utils.py:2363 
DEBUG    torch.__trace:meta_utils.py:298 
DEBUG    torch.__trace:meta_utils.py:537 
DEBUG    torch.__trace:meta_utils.py:2385 
DEBUG    torch.__trace:meta_utils.py:298 
DEBUG    torch.__trace:meta_utils.py:537 
DEBUG    torch.__trace:meta_utils.py:2385 
DEBUG    torch.__trace:meta_utils.py:298 
DEBUG    torch.__trace:meta_utils.py:537 
DEBUG    torch.__trace:meta_utils.py:2385 
DEBUG    torch.__trace:meta_utils.py:298 
DEBUG    torch.__trace:meta_utils.py:537 
DEBUG    torch.__trace:meta_utils.py:2385 
DEBUG    torch.__trace:meta_utils.py:298 
DEBUG    torch.__trace:meta_utils.py:537 
DEBUG    torch.__trace:meta_utils.py:2385 
DEBUG    torch.__trace:meta_utils.py:298 
DEBUG    torch.__trace:meta_utils.py:537 
DEBUG    torch.__trace:meta_utils.py:2385 
DEBUG    torch.__trace:meta_utils.py:298 
DEBUG    torch.__trace:meta_utils.py:537 
DEBUG    torch.__trace:meta_utils.py:2385 
DEBUG    torch.__trace:meta_utils.py:298 
DEBUG    torch.__trace:meta_utils.py:537 
DEBUG    torch.__trace:meta_utils.py:2385 
DEBUG    torch.__trace:meta_utils.py:298 
DEBUG    torch.__trace:meta_utils.py:537 
DEBUG    torch.__trace:meta_utils.py:2385 
DEBUG    torch.__trace:symbolic_shapes.py:5971 
DEBUG    torch.__trace:meta_utils.py:298 
DEBUG    torch.__trace:meta_utils.py:537 
DEBUG    torch.__trace:meta_utils.py:2385 
DEBUG    torch.__trace:meta_utils.py:298 
DEBUG    torch.__trace:meta_utils.py:537 
DEBUG    torch.__trace:meta_utils.py:2385 
DEBUG    torch.__trace:meta_utils.py:298 
DEBUG    torch.__trace:meta_utils.py:537 
DEBUG    torch.__trace:meta_utils.py:2385 
DEBUG    torch.__trace:meta_utils.py:298 
DEBUG    torch.__trace:meta_utils.py:537 
DEBUG    torch.__trace:meta_utils.py:2385 
DEBUG    torch.__trace:meta_utils.py:298 
DEBUG    torch.__trace:meta_utils.py:537 
DEBUG    torch.__trace:meta_utils.py:2385 
DEBUG    torch.__trace:meta_utils.py:298 
DEBUG    torch.__trace:meta_utils.py:537 
DEBUG    torch.__trace:meta_utils.py:2385 
DEBUG    torch.__trace:symbolic_shapes.py:5971 
DEBUG    torch.__trace:meta_utils.py:298 
DEBUG    torch.__trace:meta_utils.py:537 
DEBUG    torch.__trace:meta_utils.py:2385 
DEBUG    torch.__trace:symbolic_shapes.py:5971 
DEBUG    torch.__trace:symbolic_shapes.py:8465 
DEBUG    torch.__trace:meta_utils.py:298 
DEBUG    torch.__trace:meta_utils.py:537 
DEBUG    torch.__trace:meta_utils.py:2385 
DEBUG    torch.__trace:meta_utils.py:298 
DEBUG    torch.__trace:meta_utils.py:537 
DEBUG    torch.__trace:meta_utils.py:2385 
DEBUG    torch.__trace:meta_utils.py:298 
DEBUG    torch.__trace:meta_utils.py:537 
DEBUG    torch.__trace:meta_utils.py:2385 
DEBUG    torch.__trace:meta_utils.py:298 
DEBUG    torch.__trace:meta_utils.py:537 
DEBUG    torch.__trace:meta_utils.py:2385 
DEBUG    torch.__trace:meta_utils.py:298 
DEBUG    torch.__trace:meta_utils.py:537 
DEBUG    torch.__trace:meta_utils.py:2385 
DEBUG    torch.__trace:meta_utils.py:298 
DEBUG    torch.__trace:meta_utils.py:537 
DEBUG    torch.__trace:meta_utils.py:2385 
DEBUG    torch.__trace:meta_utils.py:298 
DEBUG    torch.__trace:meta_utils.py:537 
DEBUG    torch.__trace:meta_utils.py:2385 
DEBUG    torch.__trace:meta_utils.py:298 
DEBUG    torch.__trace:meta_utils.py:537 
DEBUG    torch.__trace:meta_utils.py:2385 
DEBUG    torch.__trace:meta_utils.py:298 
DEBUG    torch.__trace:meta_utils.py:537 
DEBUG    torch.__trace:meta_utils.py:2385 
DEBUG    torch.__trace:utils.py:2363 
DEBUG    torch.__trace:utils.py:2363 
DEBUG    torch.__trace:utils.py:2363 
DEBUG    torch.__trace:output_graph.py:2942 
DEBUG    torch.__trace:utils.py:2363 
DEBUG    torch.__trace:utils.py:2363 
DEBUG    torch.__trace:utils.py:2363 
DEBUG    torch.__trace:utils.py:2363 
DEBUG    torch.__trace:graph_capture.py:428 
DEBUG    torch.__trace:graph_capture.py:446 
DEBUG    torch.__trace:graph_compile.py:382 
DEBUG    torch.__trace:codegen.py:200 
DEBUG    torch.__trace:utils.py:2363 
DEBUG    torch.__trace:utils.py:2363 
DEBUG    torch.__trace:utils.py:2363 
DEBUG    torch.__trace:utils.py:2363 
DEBUG    torch.__trace:guards.py:4769 
DEBUG    torch.__trace:utils.py:2363 
DEBUG    torch.__trace:utils.py:2363 
DEBUG    torch.__trace:utils.py:2363 
DEBUG    torch.__trace:utils.py:2363 
DEBUG    torch.__trace:utils.py:2363 
DEBUG    torch.__trace:utils.py:2363 
DEBUG    torch.__trace:utils.py:2022 
DEBUG    torch.__trace:utils.py:2363 
DEBUG    torch.__trace:utils.py:2363 
DEBUG    torch.__trace:utils.py:2363 
DEBUG    torch.__trace:convert_frame.py:304 
DEBUG    torch.__trace:utils.py:2363 
DEBUG    torch.__trace:utils.py:2363 
DEBUG    torch.__trace:meta_utils.py:298 
DEBUG    torch.__trace:meta_utils.py:537 
DEBUG    torch.__trace:meta_utils.py:2385 
DEBUG    torch.__trace:structured.py:28 
DEBUG    torch.__trace:symbolic_shapes.py:5971 
DEBUG    torch.__trace:meta_utils.py:298 
DEBUG    torch.__trace:meta_utils.py:537 
DEBUG    torch.__trace:meta_utils.py:2385 
DEBUG    torch.__trace:meta_utils.py:298 
DEBUG    torch.__trace:meta_utils.py:537 
DEBUG    torch.__trace:meta_utils.py:2385 
DEBUG    torch.__trace:meta_utils.py:298 
DEBUG    torch.__trace:meta_utils.py:537 
DEBUG    torch.__trace:meta_utils.py:2385 
DEBUG    torch.__trace:meta_utils.py:298 
DEBUG    torch.__trace:meta_utils.py:537 
DEBUG    torch.__trace:meta_utils.py:2385 
DEBUG    torch.__trace:meta_utils.py:298 
DEBUG    torch.__trace:meta_utils.py:537 
DEBUG    torch.__trace:meta_utils.py:2385 
DEBUG    torch.__trace:meta_utils.py:298 
DEBUG    torch.__trace:meta_utils.py:537 
DEBUG    torch.__trace:meta_utils.py:2385 
DEBUG    torch.__trace:symbolic_shapes.py:5971 
DEBUG    torch.__trace:meta_utils.py:298 
DEBUG    torch.__trace:meta_utils.py:537 
DEBUG    torch.__trace:meta_utils.py:2385 
DEBUG    torch.__trace:meta_utils.py:298 
DEBUG    torch.__trace:meta_utils.py:537 
DEBUG    torch.__trace:meta_utils.py:2385 
DEBUG    torch.__trace:meta_utils.py:298 
DEBUG    torch.__trace:meta_utils.py:537 
DEBUG    torch.__trace:meta_utils.py:2385 
DEBUG    torch.__trace:meta_utils.py:298 
DEBUG    torch.__trace:meta_utils.py:537 
DEBUG    torch.__trace:meta_utils.py:2385 
DEBUG    torch.__trace:meta_utils.py:298 
DEBUG    torch.__trace:meta_utils.py:537 
DEBUG    torch.__trace:meta_utils.py:2385 
DEBUG    torch.__trace:meta_utils.py:298 
DEBUG    torch.__trace:meta_utils.py:537 
DEBUG    torch.__trace:meta_utils.py:2385 
DEBUG    torch.__trace:meta_utils.py:298 
DEBUG    torch.__trace:meta_utils.py:537 
DEBUG    torch.__trace:meta_utils.py:2385 
DEBUG    torch.__trace:meta_utils.py:298 
DEBUG    torch.__trace:meta_utils.py:537 
DEBUG    torch.__trace:meta_utils.py:2385 
DEBUG    torch.__trace:meta_utils.py:298 
DEBUG    torch.__trace:meta_utils.py:537 
DEBUG    torch.__trace:meta_utils.py:2385 
DEBUG    torch.__trace:meta_utils.py:298 
DEBUG    torch.__trace:meta_utils.py:537 
DEBUG    torch.__trace:meta_utils.py:2385 
DEBUG    torch.__trace:meta_utils.py:298 
DEBUG    torch.__trace:meta_utils.py:537 
DEBUG    torch.__trace:meta_utils.py:2385 
DEBUG    torch.__trace:meta_utils.py:298 
DEBUG    torch.__trace:meta_utils.py:537 
DEBUG    torch.__trace:meta_utils.py:2385 
DEBUG    torch.__trace:meta_utils.py:298 
DEBUG    torch.__trace:meta_utils.py:537 
DEBUG    torch.__trace:meta_utils.py:2385 
DEBUG    torch.__trace:utils.py:2363 
DEBUG    torch.__trace:utils.py:2363 
DEBUG    torch.__trace:utils.py:2363 
DEBUG    torch.__trace:output_graph.py:2942 
DEBUG    torch.__trace:utils.py:2363 
DEBUG    torch.__trace:utils.py:2363 
DEBUG    torch.__trace:utils.py:2363 
DEBUG    torch.__trace:utils.py:2363 
DEBUG    torch.__trace:guards.py:4769 
DEBUG    torch.__trace:utils.py:2363 
DEBUG    torch.__trace:utils.py:2363 
DEBUG    torch.__trace:utils.py:2363 
DEBUG    torch.__trace:utils.py:2363 
DEBUG    torch.__trace:utils.py:2022 
DEBUG    torch.__trace:utils.py:2363 
DEBUG    torch.__trace:utils.py:2363 
DEBUG    torch.__trace:utils.py:2363 
DEBUG    torch.__trace:guards.py:5625 
DEBUG    torch.__trace:convert_frame.py:304 
DEBUG    torch.__trace:utils.py:2363 
DEBUG    torch.__trace:utils.py:2363 
DEBUG    torch.__trace:meta_utils.py:298 
DEBUG    torch.__trace:meta_utils.py:537 
DEBUG    torch.__trace:meta_utils.py:2385 
DEBUG    torch.__trace:symbolic_shapes.py:5971 
DEBUG    torch.__trace:utils.py:2402 
DEBUG    torch.__trace:utils.py:2402 
DEBUG    torch.__trace:meta_utils.py:298 
DEBUG    torch.__trace:meta_utils.py:537 
DEBUG    torch.__trace:meta_utils.py:2385 
DEBUG    torch.__trace:symbolic_shapes.py:5971 
DEBUG    torch.__trace:symbolic_shapes.py:5971 
DEBUG    torch.__trace:symbolic_shapes.py:5971 
DEBUG    torch.__trace:utils.py:2402 
DEBUG    torch.__trace:utils.py:2402 
DEBUG    torch.__trace:meta_utils.py:298 
DEBUG    torch.__trace:meta_utils.py:537 
DEBUG    torch.__trace:meta_utils.py:2385 
DEBUG    torch.__trace:symbolic_shapes.py:5971 
DEBUG    torch.__trace:utils.py:2402 
DEBUG    torch.__trace:meta_utils.py:298 
DEBUG    torch.__trace:meta_utils.py:537 
DEBUG    torch.__trace:meta_utils.py:2385 
DEBUG    torch.__trace:utils.py:2402 
DEBUG    torch.__trace:structured.py:28 
DEBUG    torch.__trace:symbolic_shapes.py:5971 
DEBUG    torch.__trace:symbolic_shapes.py:8465 
DEBUG    torch.__trace:symbolic_shapes.py:8056 
DEBUG    torch.__trace:utils.py:2402 
DEBUG    torch.__trace:symbolic_shapes.py:5971 
DEBUG    torch.__trace:symbolic_shapes.py:8465 
DEBUG    torch.__trace:utils.py:2402 
DEBUG    torch.__trace:structured.py:28 
DEBUG    torch.__trace:structured.py:28 
DEBUG    torch.__trace:structured.py:28 
DEBUG    torch.__trace:symbolic_shapes.py:5971 
DEBUG    torch.__trace:symbolic_shapes.py:8465 
DEBUG    torch.__trace:symbolic_shapes.py:8056 
DEBUG    torch.__trace:utils.py:2402 
DEBUG    torch.__trace:symbolic_shapes.py:5971 
DEBUG    torch.__trace:symbolic_shapes.py:8465 
DEBUG    torch.__trace:meta_utils.py:298 
DEBUG    torch.__trace:meta_utils.py:537 
DEBUG    torch.__trace:meta_utils.py:2385 
DEBUG    torch.__trace:symbolic_shapes.py:5971 
DEBUG    torch.__trace:utils.py:2402 
DEBUG    torch.__trace:symbolic_shapes.py:5971 
DEBUG    torch.__trace:symbolic_shapes.py:8465 
DEBUG    torch.__trace:symbolic_shapes.py:8056 
DEBUG    torch.__trace:utils.py:2402 
DEBUG    torch.__trace:symbolic_shapes.py:5971 
DEBUG    torch.__trace:symbolic_shapes.py:8465 
DEBUG    torch.__trace:utils.py:2402 
DEBUG    torch.__trace:symbolic_shapes.py:5971 
DEBUG    torch.__trace:symbolic_shapes.py:8465 
DEBUG    torch.__trace:symbolic_shapes.py:8056 
DEBUG    torch.__trace:utils.py:2402 
DEBUG    torch.__trace:symbolic_shapes.py:5971 
DEBUG    torch.__trace:symbolic_shapes.py:8465 
DEBUG    torch.__trace:utils.py:2402 
DEBUG    torch.__trace:utils.py:2402 
DEBUG    torch.__trace:meta_utils.py:298 
DEBUG    torch.__trace:meta_utils.py:537 
DEBUG    torch.__trace:meta_utils.py:2385 
DEBUG    torch.__trace:symbolic_shapes.py:5971 
DEBUG    torch.__trace:symbolic_shapes.py:5971 
DEBUG    torch.__trace:utils.py:2402 
DEBUG    torch.__trace:meta_utils.py:298 
DEBUG    torch.__trace:meta_utils.py:537 
DEBUG    torch.__trace:meta_utils.py:2385 
DEBUG    torch.__trace:symbolic_shapes.py:5971 
DEBUG    torch.__trace:symbolic_shapes.py:5971 
DEBUG    torch.__trace:structured.py:28 
DEBUG    torch.__trace:structured.py:28 
DEBUG    torch.__trace:symbolic_shapes.py:8465 
DEBUG    torch.__trace:symbolic_shapes.py:8465 
DEBUG    torch.__trace:utils.py:2402 
DEBUG    torch.__trace:meta_utils.py:298 
DEBUG    torch.__trace:meta_utils.py:537 
DEBUG    torch.__trace:meta_utils.py:537 
DEBUG    torch.__trace:meta_utils.py:2385 
DEBUG    torch.__trace:symbolic_shapes.py:5971 
DEBUG    torch.__trace:symbolic_shapes.py:8465 
DEBUG    torch.__trace:symbolic_shapes.py:8465 
DEBUG    torch.__trace:utils.py:2402 
DEBUG    torch.__trace:utils.py:2402 
DEBUG    torch.__trace:meta_utils.py:298 
DEBUG    torch.__trace:meta_utils.py:537 
DEBUG    torch.__trace:meta_utils.py:2385 
DEBUG    torch.__trace:symbolic_shapes.py:5971 
DEBUG    torch.__trace:symbolic_shapes.py:8465 
DEBUG    torch.__trace:utils.py:2402 
DEBUG    torch.__trace:meta_utils.py:298 
DEBUG    torch.__trace:meta_utils.py:537 
DEBUG    torch.__trace:meta_utils.py:2385 
DEBUG    torch.__trace:symbolic_shapes.py:5971 
DEBUG    torch.__trace:symbolic_shapes.py:5971 
DEBUG    torch.__trace:utils.py:2402 
DEBUG    torch.__trace:structured.py:28 
DEBUG    torch.__trace:symbolic_shapes.py:5971 
DEBUG    torch.__trace:symbolic_shapes.py:8465 
DEBUG    torch.__trace:symbolic_shapes.py:8465 
DEBUG    torch.__trace:structured.py:28 
DEBUG    torch.__trace:symbolic_shapes.py:8465 
DEBUG    torch.__trace:symbolic_shapes.py:8465 
DEBUG    torch.__trace:symbolic_shapes.py:8465 
DEBUG    torch.__trace:symbolic_shapes.py:8465 
DEBUG    torch.__trace:symbolic_shapes.py:8465 
DEBUG    torch.__trace:symbolic_shapes.py:8465 
DEBUG    torch.__trace:symbolic_shapes.py:8465 
DEBUG    torch.__trace:symbolic_shapes.py:8465 
DEBUG    torch.__trace:symbolic_shapes.py:8465 
DEBUG    torch.__trace:symbolic_shapes.py:8465 
DEBUG    torch.__trace:structured.py:28 
DEBUG    torch.__trace:symbolic_shapes.py:8465 
DEBUG    torch.__trace:symbolic_shapes.py:8465 
DEBUG    torch.__trace:symbolic_shapes.py:8465 
DEBUG    torch.__trace:symbolic_shapes.py:8465 
DEBUG    torch.__trace:meta_utils.py:298 
DEBUG    torch.__trace:meta_utils.py:537 
DEBUG    torch.__trace:meta_utils.py:2385 
DEBUG    torch.__trace:symbolic_shapes.py:8465 
DEBUG    torch.__trace:symbolic_shapes.py:8056 
DEBUG    torch.__trace:symbolic_shapes.py:8056 
DEBUG    torch.__trace:utils.py:2402 
DEBUG    torch.__trace:utils.py:2402 
DEBUG    torch.__trace:meta_utils.py:298 
DEBUG    torch.__trace:meta_utils.py:537 
DEBUG    torch.__trace:meta_utils.py:2385 
DEBUG    torch.__trace:symbolic_shapes.py:5971 
DEBUG    torch.__trace:symbolic_shapes.py:5971 
DEBUG    torch.__trace:symbolic_shapes.py:5971 
DEBUG    torch.__trace:symbolic_shapes.py:8465 
DEBUG    torch.__trace:symbolic_shapes.py:8056 
DEBUG    torch.__trace:symbolic_shapes.py:8465 
DEBUG    torch.__trace:symbolic_shapes.py:8465 
DEBUG    torch.__trace:symbolic_shapes.py:8056 
DEBUG    torch.__trace:utils.py:2402 
DEBUG    torch.__trace:utils.py:2402 
DEBUG    torch.__trace:meta_utils.py:298 
DEBUG    torch.__trace:meta_utils.py:537 
DEBUG    torch.__trace:meta_utils.py:2385 
DEBUG    torch.__trace:symbolic_shapes.py:5971 
DEBUG    torch.__trace:symbolic_shapes.py:8465 
DEBUG    torch.__trace:symbolic_shapes.py:8056 
DEBUG    torch.__trace:utils.py:2402 
DEBUG    torch.__trace:utils.py:2402 
DEBUG    torch.__trace:symbolic_shapes.py:5971 
DEBUG    torch.__trace:utils.py:2402 
DEBUG    torch.__trace:utils.py:2402 
DEBUG    torch.__trace:symbolic_shapes.py:5971 
DEBUG    torch.__trace:meta_utils.py:298 
DEBUG    torch.__trace:meta_utils.py:537 
DEBUG    torch.__trace:meta_utils.py:2385 
DEBUG    torch.__trace:utils.py:2402 
DEBUG    torch.__trace:symbolic_shapes.py:5971 
DEBUG    torch.__trace:symbolic_shapes.py:8465 
DEBUG    torch.__trace:symbolic_shapes.py:8465 
DEBUG    torch.__trace:symbolic_shapes.py:8465 
DEBUG    torch.__trace:symbolic_shapes.py:8465 
DEBUG    torch.__trace:symbolic_shapes.py:8465 
DEBUG    torch.__trace:symbolic_shapes.py:8465 
DEBUG    torch.__trace:symbolic_shapes.py:8465 
DEBUG    torch.__trace:symbolic_shapes.py:8465 
DEBUG    torch.__trace:symbolic_shapes.py:8465 
DEBUG    torch.__trace:symbolic_shapes.py:8056 
DEBUG    torch.__trace:meta_utils.py:298 
DEBUG    torch.__trace:meta_utils.py:537 
DEBUG    torch.__trace:meta_utils.py:2385 
DEBUG    torch.__trace:symbolic_shapes.py:8465 
DEBUG    torch.__trace:meta_utils.py:298 
DEBUG    torch.__trace:meta_utils.py:537 
DEBUG    torch.__trace:meta_utils.py:2385 
DEBUG    torch.__trace:meta_utils.py:298 
DEBUG    torch.__trace:meta_utils.py:537 
DEBUG    torch.__trace:meta_utils.py:2385 
DEBUG    torch.__trace:meta_utils.py:298 
DEBUG    torch.__trace:meta_utils.py:537 
DEBUG    torch.__trace:meta_utils.py:2385 
DEBUG    torch.__trace:meta_utils.py:298 
DEBUG    torch.__trace:meta_utils.py:537 
DEBUG    torch.__trace:meta_utils.py:2385 
DEBUG    torch.__trace:meta_utils.py:298 
DEBUG    torch.__trace:meta_utils.py:537 
DEBUG    torch.__trace:meta_utils.py:2385 
DEBUG    torch.__trace:meta_utils.py:298 
DEBUG    torch.__trace:meta_utils.py:537 
DEBUG    torch.__trace:meta_utils.py:2385 
DEBUG    torch.__trace:structured.py:28 
DEBUG    torch.__trace:structured.py:28 
DEBUG    torch.__trace:structured.py:28 
DEBUG    torch.__trace:symbolic_shapes.py:8465 
DEBUG    torch.__trace:symbolic_shapes.py:8056 
DEBUG    torch.__trace:meta_utils.py:298 
DEBUG    torch.__trace:meta_utils.py:537 
DEBUG    torch.__trace:meta_utils.py:2385 
DEBUG    torch.__trace:symbolic_shapes.py:8465 
DEBUG    torch.__trace:symbolic_shapes.py:8465 
DEBUG    torch.__trace:symbolic_shapes.py:8465 
DEBUG    torch.__trace:symbolic_shapes.py:8465 
DEBUG    torch.__trace:symbolic_shapes.py:8465 
DEBUG    torch.__trace:symbolic_shapes.py:8465 
DEBUG    torch.__trace:symbolic_shapes.py:8465 
DEBUG    torch.__trace:symbolic_shapes.py:8465 
DEBUG    torch.__trace:symbolic_shapes.py:8465 
DEBUG    torch.__trace:symbolic_shapes.py:8465 
DEBUG    torch.__trace:symbolic_shapes.py:8465 
DEBUG    torch.__trace:meta_utils.py:298 
DEBUG    torch.__trace:meta_utils.py:537 
DEBUG    torch.__trace:meta_utils.py:2385 
DEBUG    torch.__trace:meta_utils.py:298 
DEBUG    torch.__trace:meta_utils.py:537 
DEBUG    torch.__trace:meta_utils.py:2385 
DEBUG    torch.__trace:symbolic_shapes.py:8465 
DEBUG    torch.__trace:meta_utils.py:298 
DEBUG    torch.__trace:meta_utils.py:537 
DEBUG    torch.__trace:meta_utils.py:537 
DEBUG    torch.__trace:meta_utils.py:2385 
DEBUG    torch.__trace:symbolic_shapes.py:8465 
DEBUG    torch.__trace:symbolic_shapes.py:8056 
DEBUG    torch.__trace:symbolic_shapes.py:8465 
DEBUG    torch.__trace:symbolic_shapes.py:8465 
DEBUG    torch.__trace:symbolic_shapes.py:8056 
DEBUG    torch.__trace:symbolic_shapes.py:8465 
DEBUG    torch.__trace:symbolic_shapes.py:8056 
DEBUG    torch.__trace:structured.py:28 
DEBUG    torch.__trace:structured.py:28 
DEBUG    torch.__trace:symbolic_shapes.py:8056 
DEBUG    torch.__trace:symbolic_shapes.py:8465 
DEBUG    torch.__trace:symbolic_shapes.py:8056 
DEBUG    torch.__trace:symbolic_shapes.py:8465 
DEBUG    torch.__trace:symbolic_shapes.py:8465 
DEBUG    torch.__trace:utils.py:2363 
DEBUG    torch.__trace:utils.py:2363 
DEBUG    torch.__trace:utils.py:2363 
DEBUG    torch.__trace:output_graph.py:2942 
DEBUG    torch.__trace:utils.py:2363 
DEBUG    torch.__trace:utils.py:2363 
DEBUG    torch.__trace:utils.py:2363 
DEBUG    torch.__trace:utils.py:2363 
DEBUG    torch.__trace:guards.py:4769 
DEBUG    torch.__trace:utils.py:2363 
DEBUG    torch.__trace:utils.py:2363 
DEBUG    torch.__trace:utils.py:2363 
DEBUG    torch.__trace:utils.py:2363 
DEBUG    torch.__trace:utils.py:2363 
DEBUG    torch.__trace:utils.py:2363 
DEBUG    torch.__trace:utils.py:2022 
DEBUG    torch.__trace:utils.py:2363 
DEBUG    torch.__trace:utils.py:2363 
DEBUG    torch.__trace:utils.py:2363 
DEBUG    torch.__trace:guards.py:5625 
DEBUG    torch.__trace:convert_frame.py:304 
DEBUG    torch.__trace:utils.py:2363 
DEBUG    torch.__trace:utils.py:2363 
DEBUG    torch.__trace:meta_utils.py:298 
DEBUG    torch.__trace:meta_utils.py:537 
DEBUG    torch.__trace:meta_utils.py:2385 
DEBUG    torch.__trace:symbolic_shapes.py:5971 
DEBUG    torch.__trace:meta_utils.py:298 
DEBUG    torch.__trace:meta_utils.py:537 
DEBUG    torch.__trace:meta_utils.py:2385 
DEBUG    torch.__trace:symbolic_shapes.py:5971 
DEBUG    torch.__trace:symbolic_shapes.py:5971 
DEBUG    torch.__trace:symbolic_shapes.py:5971 
DEBUG    torch.__trace:meta_utils.py:298 
DEBUG    torch.__trace:meta_utils.py:537 
DEBUG    torch.__trace:meta_utils.py:2385 
DEBUG    torch.__trace:symbolic_shapes.py:5971 
DEBUG    torch.__trace:meta_utils.py:298 
DEBUG    torch.__trace:meta_utils.py:537 
DEBUG    torch.__trace:meta_utils.py:2385 
DEBUG    torch.__trace:utils.py:2402 
DEBUG    torch.__trace:meta_utils.py:298 
DEBUG    torch.__trace:meta_utils.py:537 
DEBUG    torch.__trace:meta_utils.py:2385 
DEBUG    torch.__trace:utils.py:2402 
DEBUG    torch.__trace:utils.py:2402 
DEBUG    torch.__trace:meta_utils.py:298 
DEBUG    torch.__trace:meta_utils.py:537 
DEBUG    torch.__trace:meta_utils.py:2385 
DEBUG    torch.__trace:symbolic_shapes.py:5971 
DEBUG    torch.__trace:meta_utils.py:298 
DEBUG    torch.__trace:meta_utils.py:537 
DEBUG    torch.__trace:meta_utils.py:2385 
DEBUG    torch.__trace:meta_utils.py:298 
DEBUG    torch.__trace:meta_utils.py:537 
DEBUG    torch.__trace:meta_utils.py:2385 
DEBUG    torch.__trace:symbolic_shapes.py:5971 
DEBUG    torch.__trace:symbolic_shapes.py:8465 
DEBUG    torch.__trace:symbolic_shapes.py:8056 
DEBUG    torch.__trace:symbolic_shapes.py:5971 
DEBUG    torch.__trace:symbolic_shapes.py:8465 
DEBUG    torch.__trace:symbolic_shapes.py:5971 
DEBUG    torch.__trace:symbolic_shapes.py:8465 
DEBUG    torch.__trace:symbolic_shapes.py:8056 
DEBUG    torch.__trace:symbolic_shapes.py:5971 
DEBUG    torch.__trace:symbolic_shapes.py:8465 
DEBUG    torch.__trace:meta_utils.py:298 
DEBUG    torch.__trace:meta_utils.py:537 
DEBUG    torch.__trace:meta_utils.py:2385 
DEBUG    torch.__trace:symbolic_shapes.py:5971 
DEBUG    torch.__trace:symbolic_shapes.py:5971 
DEBUG    torch.__trace:symbolic_shapes.py:8465 
DEBUG    torch.__trace:symbolic_shapes.py:8056 
DEBUG    torch.__trace:symbolic_shapes.py:5971 
DEBUG    torch.__trace:symbolic_shapes.py:8465 
DEBUG    torch.__trace:symbolic_shapes.py:5971 
DEBUG    torch.__trace:symbolic_shapes.py:8465 
DEBUG    torch.__trace:symbolic_shapes.py:8056 
DEBUG    torch.__trace:symbolic_shapes.py:5971 
DEBUG    torch.__trace:symbolic_shapes.py:8465 
DEBUG    torch.__trace:meta_utils.py:298 
DEBUG    torch.__trace:meta_utils.py:537 
DEBUG    torch.__trace:meta_utils.py:2385 
DEBUG    torch.__trace:meta_utils.py:298 
DEBUG    torch.__trace:meta_utils.py:537 
DEBUG    torch.__trace:meta_utils.py:2385 
DEBUG    torch.__trace:meta_utils.py:298 
DEBUG    torch.__trace:meta_utils.py:537 
DEBUG    torch.__trace:meta_utils.py:2385 
DEBUG    torch.__trace:symbolic_shapes.py:5971 
DEBUG    torch.__trace:symbolic_shapes.py:5971 
DEBUG    torch.__trace:symbolic_shapes.py:8465 
DEBUG    torch.__trace:utils.py:2402 
DEBUG    torch.__trace:meta_utils.py:298 
DEBUG    torch.__trace:meta_utils.py:537 
DEBUG    torch.__trace:meta_utils.py:2385 
DEBUG    torch.__trace:symbolic_shapes.py:5971 
DEBUG    torch.__trace:symbolic_shapes.py:5971 
DEBUG    torch.__trace:symbolic_shapes.py:8465 
DEBUG    torch.__trace:meta_utils.py:298 
DEBUG    torch.__trace:meta_utils.py:537 
DEBUG    torch.__trace:meta_utils.py:2385 
DEBUG    torch.__trace:symbolic_shapes.py:5971 
DEBUG    torch.__trace:symbolic_shapes.py:5971 
DEBUG    torch.__trace:symbolic_shapes.py:8465 
DEBUG    torch.__trace:symbolic_shapes.py:8465 
DEBUG    torch.__trace:symbolic_shapes.py:8465 
DEBUG    torch.__trace:symbolic_shapes.py:8465 
DEBUG    torch.__trace:symbolic_shapes.py:8465 
DEBUG    torch.__trace:symbolic_shapes.py:8465 
DEBUG    torch.__trace:symbolic_shapes.py:8465 
DEBUG    torch.__trace:symbolic_shapes.py:8465 
DEBUG    torch.__trace:symbolic_shapes.py:8465 
DEBUG    torch.__trace:symbolic_shapes.py:8465 
DEBUG    torch.__trace:symbolic_shapes.py:8465 
DEBUG    torch.__trace:symbolic_shapes.py:8465 
DEBUG    torch.__trace:symbolic_shapes.py:8465 
DEBUG    torch.__trace:symbolic_shapes.py:8465 
DEBUG    torch.__trace:symbolic_shapes.py:8465 
DEBUG    torch.__trace:symbolic_shapes.py:8465 
DEBUG    torch.__trace:symbolic_shapes.py:8465 
DEBUG    torch.__trace:symbolic_shapes.py:8465 
DEBUG    torch.__trace:symbolic_shapes.py:8465 
DEBUG    torch.__trace:symbolic_shapes.py:8465 
DEBUG    torch.__trace:symbolic_shapes.py:8465 
DEBUG    torch.__trace:symbolic_shapes.py:8465 
DEBUG    torch.__trace:symbolic_shapes.py:8465 
DEBUG    torch.__trace:meta_utils.py:298 
DEBUG    torch.__trace:meta_utils.py:537 
DEBUG    torch.__trace:meta_utils.py:2385 
DEBUG    torch.__trace:symbolic_shapes.py:8465 
DEBUG    torch.__trace:symbolic_shapes.py:8465 
DEBUG    torch.__trace:symbolic_shapes.py:8465 
DEBUG    torch.__trace:symbolic_shapes.py:8056 
DEBUG    torch.__trace:symbolic_shapes.py:8465 
DEBUG    torch.__trace:symbolic_shapes.py:8056 
DEBUG    torch.__trace:meta_utils.py:298 
DEBUG    torch.__trace:meta_utils.py:537 
DEBUG    torch.__trace:meta_utils.py:2385 
DEBUG    torch.__trace:meta_utils.py:298 
DEBUG    torch.__trace:meta_utils.py:537 
DEBUG    torch.__trace:meta_utils.py:2385 
DEBUG    torch.__trace:meta_utils.py:298 
DEBUG    torch.__trace:meta_utils.py:537 
DEBUG    torch.__trace:meta_utils.py:2385 
DEBUG    torch.__trace:meta_utils.py:298 
DEBUG    torch.__trace:meta_utils.py:537 
DEBUG    torch.__trace:meta_utils.py:2385 
DEBUG    torch.__trace:meta_utils.py:298 
DEBUG    torch.__trace:meta_utils.py:537 
DEBUG    torch.__trace:meta_utils.py:2385 
DEBUG    torch.__trace:meta_utils.py:298 
DEBUG    torch.__trace:meta_utils.py:537 
DEBUG    torch.__trace:meta_utils.py:2385 
DEBUG    torch.__trace:symbolic_shapes.py:5971 
DEBUG    torch.__trace:symbolic_shapes.py:5971 
DEBUG    torch.__trace:symbolic_shapes.py:8465 
DEBUG    torch.__trace:symbolic_shapes.py:8056 
DEBUG    torch.__trace:meta_utils.py:298 
DEBUG    torch.__trace:meta_utils.py:537 
DEBUG    torch.__trace:meta_utils.py:2385 
DEBUG    torch.__trace:symbolic_shapes.py:8465 
DEBUG    torch.__trace:symbolic_shapes.py:8056 
DEBUG    torch.__trace:symbolic_shapes.py:8465 
DEBUG    torch.__trace:symbolic_shapes.py:8056 
DEBUG    torch.__trace:meta_utils.py:298 
DEBUG    torch.__trace:meta_utils.py:537 
DEBUG    torch.__trace:meta_utils.py:2385 
DEBUG    torch.__trace:symbolic_shapes.py:8465 
DEBUG    torch.__trace:symbolic_shapes.py:8465 
DEBUG    torch.__trace:symbolic_shapes.py:8465 
DEBUG    torch.__trace:symbolic_shapes.py:8465 
DEBUG    torch.__trace:symbolic_shapes.py:8465 
DEBUG    torch.__trace:symbolic_shapes.py:8465 
DEBUG    torch.__trace:symbolic_shapes.py:8465 
DEBUG    torch.__trace:meta_utils.py:298 
DEBUG    torch.__trace:meta_utils.py:537 
DEBUG    torch.__trace:meta_utils.py:2385 
DEBUG    torch.__trace:meta_utils.py:298 
DEBUG    torch.__trace:meta_utils.py:537 
DEBUG    torch.__trace:meta_utils.py:2385 
DEBUG    torch.__trace:meta_utils.py:298 
DEBUG    torch.__trace:meta_utils.py:537 
DEBUG    torch.__trace:meta_utils.py:2385 
DEBUG    torch.__trace:meta_utils.py:298 
DEBUG    torch.__trace:meta_utils.py:537 
DEBUG    torch.__trace:meta_utils.py:2385 
DEBUG    torch.__trace:symbolic_shapes.py:5971 
DEBUG    torch.__trace:symbolic_shapes.py:5971 
DEBUG    torch.__trace:symbolic_shapes.py:5971 
DEBUG    torch.__trace:symbolic_shapes.py:8465 
DEBUG    torch.__trace:symbolic_shapes.py:8056 
DEBUG    torch.__trace:symbolic_shapes.py:8465 
DEBUG    torch.__trace:symbolic_shapes.py:8056 
DEBUG    torch.__trace:meta_utils.py:298 
DEBUG    torch.__trace:meta_utils.py:537 
DEBUG    torch.__trace:meta_utils.py:2385 
DEBUG    torch.__trace:symbolic_shapes.py:5971 
DEBUG    torch.__trace:symbolic_shapes.py:5971 
DEBUG    torch.__trace:symbolic_shapes.py:5971 
DEBUG    torch.__trace:utils.py:2402 
DEBUG    torch.__trace:utils.py:2402 
DEBUG    torch.__trace:meta_utils.py:298 
DEBUG    torch.__trace:meta_utils.py:537 
DEBUG    torch.__trace:meta_utils.py:2385 
DEBUG    torch.__trace:symbolic_shapes.py:5971 
DEBUG    torch.__trace:symbolic_shapes.py:5971 
DEBUG    torch.__trace:symbolic_shapes.py:5971 
DEBUG    torch.__trace:symbolic_shapes.py:8465 
DEBUG    torch.__trace:symbolic_shapes.py:8056 
DEBUG    torch.__trace:symbolic_shapes.py:8465 
DEBUG    torch.__trace:symbolic_shapes.py:8056 
DEBUG    torch.__trace:utils.py:2402 
DEBUG    torch.__trace:meta_utils.py:298 
DEBUG    torch.__trace:meta_utils.py:537 
DEBUG    torch.__trace:meta_utils.py:2385 
DEBUG    torch.__trace:symbolic_shapes.py:5971 
DEBUG    torch.__trace:symbolic_shapes.py:5971 
DEBUG    torch.__trace:symbolic_shapes.py:8465 
DEBUG    torch.__trace:symbolic_shapes.py:8465 
DEBUG    torch.__trace:symbolic_shapes.py:8465 
DEBUG    torch.__trace:meta_utils.py:298 
DEBUG    torch.__trace:meta_utils.py:537 
DEBUG    torch.__trace:meta_utils.py:2385 
DEBUG    torch.__trace:symbolic_shapes.py:5971 
DEBUG    torch.__trace:symbolic_shapes.py:8465 
DEBUG    torch.__trace:symbolic_shapes.py:8465 
DEBUG    torch.__trace:symbolic_shapes.py:8465 
DEBUG    torch.__trace:symbolic_shapes.py:8465 
DEBUG    torch.__trace:symbolic_shapes.py:8056 
DEBUG    torch.__trace:utils.py:2363 
DEBUG    torch.__trace:utils.py:2363 
DEBUG    torch.__trace:utils.py:2363 
DEBUG    torch.__trace:output_graph.py:2942 
DEBUG    torch.__trace:utils.py:2363 
DEBUG    torch.__trace:utils.py:2363 
DEBUG    torch.__trace:utils.py:2363 
DEBUG    torch.__trace:utils.py:2363 
DEBUG    torch.__trace:guards.py:4769 
DEBUG    torch.__trace:utils.py:2363 
DEBUG    torch.__trace:utils.py:2363 
DEBUG    torch.__trace:utils.py:2363 
DEBUG    torch.__trace:utils.py:2363 
DEBUG    torch.__trace:utils.py:2363 
DEBUG    torch.__trace:utils.py:2363 
DEBUG    torch.__trace:utils.py:2022 
DEBUG    torch.__trace:utils.py:2363
=============================== warnings summary ===============================
test/test_explicit_dimensions.py::TestXorGrammarLearnsXor::test_xor_class_accuracy
  /Users/arogers/github/WikiOracle/basicmodel/.venv/lib/python3.12/site-packages/torch/utils/_device.py:122: UserWarning: Sparse invariant checks are implicitly disabled. Memory errors (e.g. SEGFAULT) will occur when operating on a sparse tensor which violates the invariants, but checks incur performance overhead. To silence this warning, explicitly opt in or out. See `torch.sparse.check_sparse_tensor_invariants.__doc__` for guidance.  (Triggered internally at /Users/runner/work/pytorch/pytorch/aten/src/ATen/Context.cpp:855.)
    return func(*args, **kwargs)

-- Docs: https://docs.pytest.org/en/stable/how-to/capture-warnings.html
=========================== short test summary info ============================
FAILED test/test_explicit_dimensions.py::TestXorGrammarLearnsXor::test_xor_class_accuracy
1 failed, 1 warning in 303.87s (0:05:03)
